solid Base
facet normal 0.9922 0 -0.124659
 outer loop
  vertex -99.4128 -12.0872 16.2148
  vertex -98.5 -13 21
  vertex -98.5 -50 21
 endloop
endfacet
facet normal 0.955023 0 -0.296533
 outer loop
  vertex -100.242 -50 14.5
  vertex -99.4128 -12.0872 16.2148
  vertex -98.5 -50 21
 endloop
endfacet
facet normal 0.846341 0 -0.532641
 outer loop
  vertex -100.242 -50 14.5
  vertex -102.308 -9.19239 11.8076
  vertex -99.4128 -12.0872 16.2148
 endloop
endfacet
facet normal 0.707107 0 -0.707107
 outer loop
  vertex -100.242 -50 14.5
  vertex -105 -50 9.74167
  vertex -102.308 -9.19239 11.8076
 endloop
endfacet
facet normal 0.532641 0 -0.846341
 outer loop
  vertex -102.308 -9.19239 11.8076
  vertex -105 -50 9.74167
  vertex -106.715 -4.78523 8.91275
 endloop
endfacet
facet normal 0.296533 0 -0.955023
 outer loop
  vertex -106.715 -4.78523 8.91275
  vertex -105 -50 9.74167
  vertex -111.5 -50 8
 endloop
endfacet
facet normal 0.124659 0 -0.9922
 outer loop
  vertex -111.5 1.64426E-15 8
  vertex -106.715 -4.78523 8.91275
  vertex -111.5 -50 8
 endloop
endfacet
facet normal 0.124659 0 0.9922
 outer loop
  vertex -111.5 0 34
  vertex -111.5 -50 34
  vertex -106.715 -4.78523 33.0872
 endloop
endfacet
facet normal 0.296533 0 0.955023
 outer loop
  vertex -106.715 -4.78523 33.0872
  vertex -111.5 -50 34
  vertex -105 -50 32.2583
 endloop
endfacet
facet normal 0.707107 0 0.707107
 outer loop
  vertex -102.308 -9.19239 30.1924
  vertex -105 -50 32.2583
  vertex -100.242 -50 27.5
 endloop
endfacet
facet normal 0.955023 0 0.296533
 outer loop
  vertex -99.4128 -12.0872 25.7852
  vertex -100.242 -50 27.5
  vertex -98.5 -50 21
 endloop
endfacet
facet normal 0.9922 0 0.124659
 outer loop
  vertex -98.5 -13 21
  vertex -99.4128 -12.0872 25.7852
  vertex -98.5 -50 21
 endloop
endfacet
facet normal 0.532641 0 0.846341
 outer loop
  vertex -102.308 -9.19239 30.1924
  vertex -106.715 -4.78523 33.0872
  vertex -105 -50 32.2583
 endloop
endfacet
facet normal 0.846341 0 0.532641
 outer loop
  vertex -100.242 -50 27.5
  vertex -99.4128 -12.0872 25.7852
  vertex -102.308 -9.19239 30.1924
 endloop
endfacet
facet normal 2.69382E-18 -0.0548039 0.998497
 outer loop
  vertex -91.458 -7.9433 33.7751
  vertex -94.2 -7.94332 33.7751
  vertex -91.3602 -8.01116 33.7697
 endloop
endfacet
facet normal 2.70964E-18 -0.15661 0.98766
 outer loop
  vertex -91.3602 -8.01116 33.7697
  vertex -94.2 -7.94332 33.7751
  vertex -94.2 -8.09432 33.7503
 endloop
endfacet
facet normal 2.21768E-17 -0.532893 0.846183
 outer loop
  vertex -90.9441 -8.27682 33.6427
  vertex -94.2 -8.09432 33.7503
  vertex -94.2 -8.23074 33.6809
 endloop
endfacet
facet normal 5.40101E-17 -0.693484 0.720472
 outer loop
  vertex -94.2 -8.33979 33.5735
  vertex -90.9441 -8.27682 33.6427
  vertex -94.2 -8.23074 33.6809
 endloop
endfacet
facet normal 3.18837E-17 -0.763545 0.645754
 outer loop
  vertex -94.2 -8.33979 33.5735
  vertex -90.815 -8.33931 33.5734
  vertex -90.9441 -8.27682 33.6427
 endloop
endfacet
facet normal 2.77538E-18 -0.390176 0.92074
 outer loop
  vertex -90.9441 -8.27682 33.6427
  vertex -91.3602 -8.01116 33.7697
  vertex -94.2 -8.09432 33.7503
 endloop
endfacet
facet normal -1.26608E-16 0.988622 0.150424
 outer loop
  vertex -88.5 14.05 32.3
  vertex -91.5 14.05 32.3
  vertex -88.5 13.7683 33.5124
 endloop
endfacet
facet normal -1.23087E-16 0.946641 0.32229
 outer loop
  vertex -88.5 13.7683 33.5124
  vertex -91.5 14.05 32.3
  vertex -91.5 13.6816 33.675
 endloop
endfacet
facet normal -9.31307E-17 0.67565 0.737223
 outer loop
  vertex -88.5 12.9809 34.4765
  vertex -91.5 13.6816 33.675
  vertex -91.5 12.675 34.6816
 endloop
endfacet
facet normal -4.03055E-17 0.238755 0.97108
 outer loop
  vertex -88.5 11.8492 34.9946
  vertex -91.5 12.675 34.6816
  vertex -91.5 11.3 35.05
 endloop
endfacet
facet normal 1.49458E-17 -0.256751 0.966478
 outer loop
  vertex -88.5 10.6049 34.9607
  vertex -91.5 11.3 35.05
  vertex -91.5 9.925 34.6816
 endloop
endfacet
facet normal 1.07972E-16 -0.684717 0.728809
 outer loop
  vertex -88.5 9.54116 34.414
  vertex -91.5 9.925 34.6816
  vertex -91.5 8.91843 33.675
 endloop
endfacet
facet normal 1.32981E-16 -0.948612 0.316443
 outer loop
  vertex -88.5 8.81009 33.4674
  vertex -91.5 8.91843 33.675
  vertex -91.5 8.55 32.3
 endloop
endfacet
facet normal 1.50492E-16 -0.989494 0.144576
 outer loop
  vertex -88.5 8.55 32.3
  vertex -88.5 8.81009 33.4674
  vertex -91.5 8.55 32.3
 endloop
endfacet
facet normal 1.42467E-16 -0.81835 0.57472
 outer loop
  vertex -88.5 8.81009 33.4674
  vertex -88.5 9.54116 34.414
  vertex -91.5 8.91843 33.675
 endloop
endfacet
facet normal 7.18076E-17 -0.47176 0.881727
 outer loop
  vertex -88.5 9.54116 34.414
  vertex -88.5 10.6049 34.9607
  vertex -91.5 9.925 34.6816
 endloop
endfacet
facet normal -1.55591E-17 -0.0179954 0.999838
 outer loop
  vertex -88.5 10.6049 34.9607
  vertex -88.5 11.8492 34.9946
  vertex -91.5 11.3 35.05
 endloop
endfacet
facet normal -6.56198E-17 0.445119 0.895472
 outer loop
  vertex -88.5 11.8492 34.9946
  vertex -88.5 12.9809 34.4765
  vertex -91.5 12.675 34.6816
 endloop
endfacet
facet normal -1.08318E-16 0.807899 0.58932
 outer loop
  vertex -88.5 12.9809 34.4765
  vertex -88.5 13.7683 33.5124
  vertex -91.5 13.6816 33.675
 endloop
endfacet
facet normal 1.33234E-16 -0.943935 0.330131
 outer loop
  vertex -91.5 8.55 9.7
  vertex -88.5 8.86205 10.9724
  vertex -91.5 8.91843 11.075
 endloop
endfacet
facet normal 1.51156E-16 -0.987396 0.158268
 outer loop
  vertex -91.5 8.55 9.7
  vertex -88.5 8.55 9.7
  vertex -88.5 8.86205 10.9724
 endloop
endfacet
facet normal 5.42717E-17 -0.6633 0.748353
 outer loop
  vertex -91.5 8.91843 11.075
  vertex -88.5 9.72738 11.956
  vertex -91.5 9.925 12.0816
 endloop
endfacet
facet normal 8.94462E-17 -0.793446 0.608641
 outer loop
  vertex -91.5 8.91843 11.075
  vertex -88.5 8.86205 10.9724
  vertex -88.5 9.72738 11.956
 endloop
endfacet
facet normal 1.4976E-17 -0.214432 0.976739
 outer loop
  vertex -91.5 9.925 12.0816
  vertex -88.5 10.9496 12.4276
  vertex -91.5 11.3 12.45
 endloop
endfacet
facet normal 1.84793E-17 -0.408685 0.912676
 outer loop
  vertex -91.5 9.925 12.0816
  vertex -88.5 9.72738 11.956
  vertex -88.5 10.9496 12.4276
 endloop
endfacet
facet normal -2.1758E-17 0.0743758 0.99723
 outer loop
  vertex -88.5 10.9496 12.4276
  vertex -88.5 12.2514 12.2802
  vertex -91.5 11.3 12.45
 endloop
endfacet
facet normal -4.64939E-17 0.288809 0.957387
 outer loop
  vertex -91.5 11.3 12.45
  vertex -88.5 12.2514 12.2802
  vertex -91.5 12.675 12.0816
 endloop
endfacet
facet normal -9.63948E-17 0.539562 0.841946
 outer loop
  vertex -91.5 12.675 12.0816
  vertex -88.5 12.2514 12.2802
  vertex -88.5 13.3372 11.5472
 endloop
endfacet
facet normal -1.35086E-16 0.874981 0.484156
 outer loop
  vertex -91.5 13.6816 11.075
  vertex -88.5 13.3372 11.5472
  vertex -88.5 13.9607 10.3951
 endloop
endfacet
facet normal -1.26682E-16 0.98993 0.141557
 outer loop
  vertex -91.5 14.05 9.7
  vertex -88.5 13.9607 10.3951
  vertex -88.5 14.0102 10.1662
 endloop
endfacet
facet normal -1.37198E-16 0.996375 0.0850717
 outer loop
  vertex -88.5 14.04 9.93395
  vertex -91.5 14.05 9.7
  vertex -88.5 14.0102 10.1662
 endloop
endfacet
facet normal -1.47414E-16 0.999597 0.0283801
 outer loop
  vertex -88.5 14.04 9.93395
  vertex -88.5 14.05 9.7
  vertex -91.5 14.05 9.7
 endloop
endfacet
facet normal -1.17601E-16 0.718792 0.695225
 outer loop
  vertex -91.5 12.675 12.0816
  vertex -88.5 13.3372 11.5472
  vertex -91.5 13.6816 11.075
 endloop
endfacet
facet normal -1.24914E-16 0.966478 0.256751
 outer loop
  vertex -88.5 13.9607 10.3951
  vertex -91.5 14.05 9.7
  vertex -91.5 13.6816 11.075
 endloop
endfacet
facet normal -1.26535E-16 0.987396 0.158268
 outer loop
  vertex -88.5 -8.55 9.7
  vertex -91.5 -8.55 9.7
  vertex -88.5 -8.86205 10.9724
 endloop
endfacet
facet normal -1.22827E-16 0.943935 0.330131
 outer loop
  vertex -88.5 -8.86205 10.9724
  vertex -91.5 -8.55 9.7
  vertex -91.5 -8.91843 11.075
 endloop
endfacet
facet normal -9.16846E-17 0.6633 0.748353
 outer loop
  vertex -88.5 -9.72738 11.956
  vertex -91.5 -8.91843 11.075
  vertex -91.5 -9.925 12.0816
 endloop
endfacet
facet normal -3.7288E-17 0.214432 0.976739
 outer loop
  vertex -88.5 -10.9496 12.4276
  vertex -91.5 -9.925 12.0816
  vertex -91.5 -11.3 12.45
 endloop
endfacet
facet normal 2.65642E-17 -0.288809 0.957387
 outer loop
  vertex -88.5 -12.2514 12.2802
  vertex -91.5 -11.3 12.45
  vertex -91.5 -12.675 12.0816
 endloop
endfacet
facet normal 8.3678E-17 -0.718792 0.695225
 outer loop
  vertex -88.5 -13.3372 11.5472
  vertex -91.5 -12.675 12.0816
  vertex -91.5 -13.6816 11.075
 endloop
endfacet
facet normal 1.32516E-16 -0.966478 0.256751
 outer loop
  vertex -88.5 -13.9607 10.3951
  vertex -91.5 -13.6816 11.075
  vertex -91.5 -14.05 9.7
 endloop
endfacet
facet normal 1.47652E-16 -0.996375 0.0850717
 outer loop
  vertex -88.5 -14.0102 10.1662
  vertex -91.5 -14.05 9.7
  vertex -88.5 -14.04 9.93395
 endloop
endfacet
facet normal 1.4813E-16 -0.98993 0.141557
 outer loop
  vertex -88.5 -14.0102 10.1662
  vertex -88.5 -13.9607 10.3951
  vertex -91.5 -14.05 9.7
 endloop
endfacet
facet normal 1.47414E-16 -0.999597 0.0283801
 outer loop
  vertex -91.5 -14.05 9.7
  vertex -88.5 -14.05 9.7
  vertex -88.5 -14.04 9.93395
 endloop
endfacet
facet normal 1.18531E-16 -0.874981 0.484156
 outer loop
  vertex -88.5 -13.9607 10.3951
  vertex -88.5 -13.3372 11.5472
  vertex -91.5 -13.6816 11.075
 endloop
endfacet
facet normal 5.94815E-17 -0.539562 0.841946
 outer loop
  vertex -88.5 -13.3372 11.5472
  vertex -88.5 -12.2514 12.2802
  vertex -91.5 -12.675 12.0816
 endloop
endfacet
facet normal -9.72326E-19 -0.0743758 0.99723
 outer loop
  vertex -88.5 -12.2514 12.2802
  vertex -88.5 -10.9496 12.4276
  vertex -91.5 -11.3 12.45
 endloop
endfacet
facet normal -6.11907E-17 0.408685 0.912676
 outer loop
  vertex -88.5 -10.9496 12.4276
  vertex -88.5 -9.72738 11.956
  vertex -91.5 -9.925 12.0816
 endloop
endfacet
facet normal -1.06691E-16 0.793446 0.608641
 outer loop
  vertex -88.5 -9.72738 11.956
  vertex -88.5 -8.86205 10.9724
  vertex -91.5 -8.91843 11.075
 endloop
endfacet
facet normal -1.26658E-16 0.989494 0.144576
 outer loop
  vertex -88.5 -8.55 32.3
  vertex -91.5 -8.55 32.3
  vertex -88.5 -8.81009 33.4674
 endloop
endfacet
facet normal -1.23276E-16 0.948612 0.316443
 outer loop
  vertex -88.5 -8.81009 33.4674
  vertex -91.5 -8.55 32.3
  vertex -91.5 -8.91843 33.675
 endloop
endfacet
facet normal -9.419E-17 0.684717 0.728809
 outer loop
  vertex -88.5 -9.54116 34.414
  vertex -91.5 -8.91843 33.675
  vertex -91.5 -9.925 34.6816
 endloop
endfacet
facet normal -4.25338E-17 0.256751 0.966478
 outer loop
  vertex -88.5 -10.6049 34.9607
  vertex -91.5 -9.925 34.6816
  vertex -91.5 -11.3 35.05
 endloop
endfacet
facet normal 1.49519E-17 -0.238755 0.97108
 outer loop
  vertex -88.5 -11.8492 34.9946
  vertex -91.5 -11.3 35.05
  vertex -91.5 -12.675 34.6816
 endloop
endfacet
facet normal 5.4181E-17 -0.67565 0.737223
 outer loop
  vertex -88.5 -12.9809 34.4765
  vertex -91.5 -12.675 34.6816
  vertex -91.5 -13.6816 33.675
 endloop
endfacet
facet normal 1.33082E-16 -0.946641 0.32229
 outer loop
  vertex -88.5 -13.7683 33.5124
  vertex -91.5 -13.6816 33.675
  vertex -91.5 -14.05 32.3
 endloop
endfacet
facet normal 1.50767E-16 -0.988622 0.150424
 outer loop
  vertex -88.5 -14.05 32.3
  vertex -88.5 -13.7683 33.5124
  vertex -91.5 -14.05 32.3
 endloop
endfacet
facet normal 8.91418E-17 -0.807899 0.58932
 outer loop
  vertex -88.5 -13.7683 33.5124
  vertex -88.5 -12.9809 34.4765
  vertex -91.5 -13.6816 33.675
 endloop
endfacet
facet normal 1.84122E-17 -0.445119 0.895472
 outer loop
  vertex -88.5 -12.9809 34.4765
  vertex -88.5 -11.8492 34.9946
  vertex -91.5 -12.675 34.6816
 endloop
endfacet
facet normal -1.77916E-17 0.0179954 0.999838
 outer loop
  vertex -88.5 -11.8492 34.9946
  vertex -88.5 -10.6049 34.9607
  vertex -91.5 -11.3 35.05
 endloop
endfacet
facet normal -6.88464E-17 0.47176 0.881727
 outer loop
  vertex -88.5 -10.6049 34.9607
  vertex -88.5 -9.54116 34.414
  vertex -91.5 -9.925 34.6816
 endloop
endfacet
facet normal -1.09488E-16 0.81835 0.57472
 outer loop
  vertex -88.5 -9.54116 34.414
  vertex -88.5 -8.81009 33.4674
  vertex -91.5 -8.91843 33.675
 endloop
endfacet
facet normal 0.874141 -0.485672 0
 outer loop
  vertex -58.989 -71.9675 8
  vertex -59.5432 -73.17 8
  vertex -58.989 -71.9675 1.11022E-13
 endloop
endfacet
facet normal 0.937098 -0.349067 0
 outer loop
  vertex -58.989 -71.9675 1.11022E-13
  vertex -59.5432 -73.17 8
  vertex -59.5432 -73.17 0
 endloop
endfacet
facet normal 0.998072 -0.062059 0
 outer loop
  vertex -59.5432 -73.17 0
  vertex -59.5432 -73.17 8
  vertex -59.5257 -74.494 8
 endloop
endfacet
facet normal 0.927572 0.373644 0
 outer loop
  vertex -59.5257 -74.494 0
  vertex -59.5257 -74.494 8
  vertex -58.94 -75.6815 8
 endloop
endfacet
facet normal 0.676374 0.736558 0
 outer loop
  vertex -58.94 -75.6815 0
  vertex -58.94 -75.6815 8
  vertex -57.9001 -76.5012 8
 endloop
endfacet
facet normal 0.293413 0.955986 0
 outer loop
  vertex -57.9001 -76.5012 0
  vertex -57.9001 -76.5012 8
  vertex -56.6087 -76.7934 8
 endloop
endfacet
facet normal 0.146707 0.98918 0
 outer loop
  vertex -56.6087 -76.7934 0
  vertex -57.9001 -76.5012 0
  vertex -56.6087 -76.7934 8
 endloop
endfacet
facet normal 0.558247 0.829675 0
 outer loop
  vertex -57.9001 -76.5012 0
  vertex -58.94 -75.6815 0
  vertex -57.9001 -76.5012 8
 endloop
endfacet
facet normal 0.861037 0.508543 0
 outer loop
  vertex -58.94 -75.6815 0
  vertex -59.5257 -74.494 0
  vertex -58.94 -75.6815 8
 endloop
endfacet
facet normal 0.99609 0.088343 0
 outer loop
  vertex -59.5257 -74.494 0
  vertex -59.5432 -73.17 0
  vertex -59.5257 -74.494 8
 endloop
endfacet
facet normal -0.171862 0.985121 0
 outer loop
  vertex -67.5 61.5 18
  vertex -64.5 62.3038 18
  vertex -67.5 61.5 0
 endloop
endfacet
facet normal -0.343724 0.939071 0
 outer loop
  vertex -67.5 61.5 0
  vertex -64.5 62.3038 18
  vertex -64.5 62.3038 0
 endloop
endfacet
facet normal -0.641397 0.767209 0
 outer loop
  vertex -64.5 62.3038 0
  vertex -64.5 62.3038 18
  vertex -62.3038 64.5 18
 endloop
endfacet
facet normal -0.939071 0.343724 0
 outer loop
  vertex -62.3038 64.5 0
  vertex -62.3038 64.5 18
  vertex -61.5 67.5 18
 endloop
endfacet
facet normal -0.985121 -0.171862 -0
 outer loop
  vertex -61.5 67.5 0
  vertex -61.5 67.5 18
  vertex -62.3038 70.5 18
 endloop
endfacet
facet normal -0.767209 -0.641397 -0
 outer loop
  vertex -62.3038 70.5 0
  vertex -62.3038 70.5 18
  vertex -64.5 72.6962 18
 endloop
endfacet
facet normal -0.343724 -0.939071 -0
 outer loop
  vertex -64.5 72.6962 0
  vertex -64.5 72.6962 18
  vertex -67.5 73.5 18
 endloop
endfacet
facet normal -0.171862 -0.985121 -0
 outer loop
  vertex -67.5 73.5 0
  vertex -64.5 72.6962 0
  vertex -67.5 73.5 18
 endloop
endfacet
facet normal -0.641397 -0.767209 -0
 outer loop
  vertex -64.5 72.6962 0
  vertex -62.3038 70.5 0
  vertex -64.5 72.6962 18
 endloop
endfacet
facet normal -0.939071 -0.343724 -0
 outer loop
  vertex -62.3038 70.5 0
  vertex -61.5 67.5 0
  vertex -62.3038 70.5 18
 endloop
endfacet
facet normal -0.985121 0.171862 0
 outer loop
  vertex -61.5 67.5 0
  vertex -62.3038 64.5 0
  vertex -61.5 67.5 18
 endloop
endfacet
facet normal -0.767209 0.641397 0
 outer loop
  vertex -62.3038 64.5 0
  vertex -64.5 62.3038 0
  vertex -62.3038 64.5 18
 endloop
endfacet
facet normal -0.171862 0.985121 0
 outer loop
  vertex 67.5 -73.5 18
  vertex 70.5 -72.6962 18
  vertex 67.5 -73.5 0
 endloop
endfacet
facet normal -0.343724 0.939071 0
 outer loop
  vertex 67.5 -73.5 0
  vertex 70.5 -72.6962 18
  vertex 70.5 -72.6962 0
 endloop
endfacet
facet normal -0.641397 0.767209 0
 outer loop
  vertex 70.5 -72.6962 0
  vertex 70.5 -72.6962 18
  vertex 72.6962 -70.5 18
 endloop
endfacet
facet normal -0.939071 0.343724 0
 outer loop
  vertex 72.6962 -70.5 0
  vertex 72.6962 -70.5 18
  vertex 73.5 -67.5 18
 endloop
endfacet
facet normal -0.985121 -0.171862 -0
 outer loop
  vertex 73.5 -67.5 0
  vertex 73.5 -67.5 18
  vertex 72.6962 -64.5 18
 endloop
endfacet
facet normal -0.767209 -0.641397 -0
 outer loop
  vertex 72.6962 -64.5 0
  vertex 72.6962 -64.5 18
  vertex 70.5 -62.3038 18
 endloop
endfacet
facet normal -0.343724 -0.939071 -0
 outer loop
  vertex 70.5 -62.3038 0
  vertex 70.5 -62.3038 18
  vertex 67.5 -61.5 18
 endloop
endfacet
facet normal -0.171862 -0.985121 -0
 outer loop
  vertex 67.5 -61.5 0
  vertex 70.5 -62.3038 0
  vertex 67.5 -61.5 18
 endloop
endfacet
facet normal -0.641397 -0.767209 -0
 outer loop
  vertex 70.5 -62.3038 0
  vertex 72.6962 -64.5 0
  vertex 70.5 -62.3038 18
 endloop
endfacet
facet normal -0.939071 -0.343724 -0
 outer loop
  vertex 72.6962 -64.5 0
  vertex 73.5 -67.5 0
  vertex 72.6962 -64.5 18
 endloop
endfacet
facet normal -0.985121 0.171862 0
 outer loop
  vertex 73.5 -67.5 0
  vertex 72.6962 -70.5 0
  vertex 73.5 -67.5 18
 endloop
endfacet
facet normal -0.767209 0.641397 0
 outer loop
  vertex 72.6962 -70.5 0
  vertex 70.5 -72.6962 0
  vertex 72.6962 -70.5 18
 endloop
endfacet
facet normal -0.171862 0.985121 0
 outer loop
  vertex -67.5 -73.5 18
  vertex -64.5 -72.6962 18
  vertex -67.5 -73.5 0
 endloop
endfacet
facet normal -0.343724 0.939071 0
 outer loop
  vertex -67.5 -73.5 0
  vertex -64.5 -72.6962 18
  vertex -64.5 -72.6962 0
 endloop
endfacet
facet normal -0.641397 0.767209 0
 outer loop
  vertex -64.5 -72.6962 0
  vertex -64.5 -72.6962 18
  vertex -62.3038 -70.5 18
 endloop
endfacet
facet normal -0.939071 0.343724 0
 outer loop
  vertex -62.3038 -70.5 0
  vertex -62.3038 -70.5 18
  vertex -61.5 -67.5 18
 endloop
endfacet
facet normal -0.985121 -0.171862 -0
 outer loop
  vertex -61.5 -67.5 0
  vertex -61.5 -67.5 18
  vertex -62.3038 -64.5 18
 endloop
endfacet
facet normal -0.767209 -0.641397 -0
 outer loop
  vertex -62.3038 -64.5 0
  vertex -62.3038 -64.5 18
  vertex -64.5 -62.3038 18
 endloop
endfacet
facet normal -0.343724 -0.939071 -0
 outer loop
  vertex -64.5 -62.3038 0
  vertex -64.5 -62.3038 18
  vertex -67.5 -61.5 18
 endloop
endfacet
facet normal -0.171862 -0.985121 -0
 outer loop
  vertex -67.5 -61.5 0
  vertex -64.5 -62.3038 0
  vertex -67.5 -61.5 18
 endloop
endfacet
facet normal -0.641397 -0.767209 -0
 outer loop
  vertex -64.5 -62.3038 0
  vertex -62.3038 -64.5 0
  vertex -64.5 -62.3038 18
 endloop
endfacet
facet normal -0.939071 -0.343724 -0
 outer loop
  vertex -62.3038 -64.5 0
  vertex -61.5 -67.5 0
  vertex -62.3038 -64.5 18
 endloop
endfacet
facet normal -0.985121 0.171862 0
 outer loop
  vertex -61.5 -67.5 0
  vertex -62.3038 -70.5 0
  vertex -61.5 -67.5 18
 endloop
endfacet
facet normal -0.767209 0.641397 0
 outer loop
  vertex -62.3038 -70.5 0
  vertex -64.5 -72.6962 0
  vertex -62.3038 -70.5 18
 endloop
endfacet
facet normal -0.171862 0.985121 0
 outer loop
  vertex 67.5 61.5 18
  vertex 70.5 62.3038 18
  vertex 67.5 61.5 0
 endloop
endfacet
facet normal -0.343724 0.939071 0
 outer loop
  vertex 67.5 61.5 0
  vertex 70.5 62.3038 18
  vertex 70.5 62.3038 0
 endloop
endfacet
facet normal -0.641397 0.767209 0
 outer loop
  vertex 70.5 62.3038 0
  vertex 70.5 62.3038 18
  vertex 72.6962 64.5 18
 endloop
endfacet
facet normal -0.939071 0.343724 0
 outer loop
  vertex 72.6962 64.5 0
  vertex 72.6962 64.5 18
  vertex 73.5 67.5 18
 endloop
endfacet
facet normal -0.985121 -0.171862 -0
 outer loop
  vertex 73.5 67.5 0
  vertex 73.5 67.5 18
  vertex 72.6962 70.5 18
 endloop
endfacet
facet normal -0.767209 -0.641397 -0
 outer loop
  vertex 72.6962 70.5 0
  vertex 72.6962 70.5 18
  vertex 70.5 72.6962 18
 endloop
endfacet
facet normal -0.343724 -0.939071 -0
 outer loop
  vertex 70.5 72.6962 0
  vertex 70.5 72.6962 18
  vertex 67.5 73.5 18
 endloop
endfacet
facet normal -0.171862 -0.985121 -0
 outer loop
  vertex 67.5 73.5 0
  vertex 70.5 72.6962 0
  vertex 67.5 73.5 18
 endloop
endfacet
facet normal -0.641397 -0.767209 -0
 outer loop
  vertex 70.5 72.6962 0
  vertex 72.6962 70.5 0
  vertex 70.5 72.6962 18
 endloop
endfacet
facet normal -0.939071 -0.343724 -0
 outer loop
  vertex 72.6962 70.5 0
  vertex 73.5 67.5 0
  vertex 72.6962 70.5 18
 endloop
endfacet
facet normal -0.985121 0.171862 0
 outer loop
  vertex 73.5 67.5 0
  vertex 72.6962 64.5 0
  vertex 73.5 67.5 18
 endloop
endfacet
facet normal -0.767209 0.641397 0
 outer loop
  vertex 72.6962 64.5 0
  vertex 70.5 62.3038 0
  vertex 72.6962 64.5 18
 endloop
endfacet
facet normal 0.684478 -0.729034 0
 outer loop
  vertex 24.8753 79.2315 4
  vertex 24.8753 79.2315 0
  vertex 25.7323 79.9629 4
 endloop
endfacet
facet normal 0.612426 -0.790528 0
 outer loop
  vertex 25.7323 79.9629 4
  vertex 24.8753 79.2315 0
  vertex 25.7323 79.9629 0
 endloop
endfacet
facet normal 0.367689 -0.929949 0
 outer loop
  vertex 26.7592 80.4263 4
  vertex 25.7323 79.9629 0
  vertex 26.7592 80.4263 0
 endloop
endfacet
facet normal 0.0937823 -0.995593 0
 outer loop
  vertex 27.8746 80.5849 4
  vertex 26.7592 80.4263 0
  vertex 27.8746 80.5849 0
 endloop
endfacet
facet normal 0.187565 -0.982252 0
 outer loop
  vertex 27.8746 80.5849 4
  vertex 26.7592 80.4263 4
  vertex 26.7592 80.4263 0
 endloop
endfacet
facet normal 0.454031 -0.890986 0
 outer loop
  vertex 26.7592 80.4263 4
  vertex 25.7323 79.9629 4
  vertex 25.7323 79.9629 0
 endloop
endfacet
facet normal 0.230001 -0.97319 0
 outer loop
  vertex -20.8435 78.0135 4
  vertex -20.8435 78.0135 0
  vertex -13.9839 79.5299 4
 endloop
endfacet
facet normal 0.201661 -0.979455 0
 outer loop
  vertex -13.9839 79.5299 4
  vertex -20.8435 78.0135 0
  vertex -13.9839 79.5299 0
 endloop
endfacet
facet normal 0.144544 -0.989498 0
 outer loop
  vertex -7.01853 80.4444 0
  vertex -13.9839 79.5299 4
  vertex -13.9839 79.5299 0
 endloop
endfacet
facet normal 0.115767 -0.993276 0
 outer loop
  vertex -7.01853 80.4444 0
  vertex -7.01853 80.4444 4
  vertex -13.9839 79.5299 4
 endloop
endfacet
facet normal 0.0579933 -0.998317 0
 outer loop
  vertex -7.01853 80.4444 0
  vertex 0 80.75 4
  vertex -7.01853 80.4444 4
 endloop
endfacet
facet normal 0.0289966 -0.99958 0
 outer loop
  vertex -7.01853 80.4444 0
  vertex 0 80.75 0
  vertex 0 80.75 4
 endloop
endfacet
facet normal 0.230001 -0.97319 0
 outer loop
  vertex -20.8435 78.0135 0
  vertex -20.8435 78.0135 4
  vertex -21.1833 77.9384 0
 endloop
endfacet
facet normal 0.201661 -0.979455 0
 outer loop
  vertex -21.1833 77.9384 0
  vertex -20.8435 78.0135 4
  vertex -21.1833 77.9384 4
 endloop
endfacet
facet normal 0.115767 -0.993276 0
 outer loop
  vertex -21.5283 77.8931 0
  vertex -21.1833 77.9384 4
  vertex -21.5283 77.8931 4
 endloop
endfacet
facet normal 0.0289966 -0.99958 0
 outer loop
  vertex -21.876 77.878 0
  vertex -21.5283 77.8931 4
  vertex -21.876 77.878 4
 endloop
endfacet
facet normal 0.0579933 -0.998317 0
 outer loop
  vertex -21.876 77.878 0
  vertex -21.5283 77.8931 0
  vertex -21.5283 77.8931 4
 endloop
endfacet
facet normal 0.144544 -0.989498 0
 outer loop
  vertex -21.5283 77.8931 0
  vertex -21.1833 77.9384 0
  vertex -21.1833 77.9384 4
 endloop
endfacet
facet normal 0.981067 -0.193669 0
 outer loop
  vertex -31.8734 76.6844 0
  vertex -31.3051 78.6421 0
  vertex -31.8734 76.6844 4
 endloop
endfacet
facet normal 0.932281 -0.361734 0
 outer loop
  vertex -31.8734 76.6844 4
  vertex -31.3051 78.6421 0
  vertex -31.3051 78.6421 4
 endloop
endfacet
facet normal 0.758223 -0.651996 0
 outer loop
  vertex -31.3051 78.6421 4
  vertex -31.3051 78.6421 0
  vertex -29.8459 80.0655 0
 endloop
endfacet
facet normal 0.33845 -0.940984 0
 outer loop
  vertex -29.8459 80.0655 4
  vertex -29.8459 80.0655 0
  vertex -27.8746 80.5849 0
 endloop
endfacet
facet normal 0.169225 -0.985577 0
 outer loop
  vertex -27.8746 80.5849 4
  vertex -29.8459 80.0655 4
  vertex -27.8746 80.5849 0
 endloop
endfacet
facet normal 0.632949 -0.774193 0
 outer loop
  vertex -29.8459 80.0655 4
  vertex -31.3051 78.6421 4
  vertex -29.8459 80.0655 0
 endloop
endfacet
facet normal 0.230001 0.97319 0
 outer loop
  vertex -20.8435 -78.0135 4
  vertex -20.8435 -78.0135 0
  vertex -21.1833 -77.9384 4
 endloop
endfacet
facet normal 0.201661 0.979455 0
 outer loop
  vertex -21.1833 -77.9384 4
  vertex -20.8435 -78.0135 0
  vertex -21.1833 -77.9384 0
 endloop
endfacet
facet normal 0.115767 0.993276 0
 outer loop
  vertex -21.5283 -77.8931 4
  vertex -21.1833 -77.9384 0
  vertex -21.5283 -77.8931 0
 endloop
endfacet
facet normal 0.0289966 0.99958 0
 outer loop
  vertex -21.876 -77.878 4
  vertex -21.5283 -77.8931 0
  vertex -21.876 -77.878 0
 endloop
endfacet
facet normal 0.0579933 0.998317 0
 outer loop
  vertex -21.876 -77.878 4
  vertex -21.5283 -77.8931 4
  vertex -21.5283 -77.8931 0
 endloop
endfacet
facet normal 0.144544 0.989498 0
 outer loop
  vertex -21.5283 -77.8931 4
  vertex -21.1833 -77.9384 4
  vertex -21.1833 -77.9384 0
 endloop
endfacet
facet normal -0.171862 0.985121 0
 outer loop
  vertex 56 70 8
  vertex 57.5 70.4019 8
  vertex 56 70 0
 endloop
endfacet
facet normal -0.343724 0.939071 0
 outer loop
  vertex 56 70 0
  vertex 57.5 70.4019 8
  vertex 57.5 70.4019 0
 endloop
endfacet
facet normal -0.641397 0.767209 0
 outer loop
  vertex 57.5 70.4019 0
  vertex 57.5 70.4019 8
  vertex 58.5981 71.5 8
 endloop
endfacet
facet normal -0.939071 0.343724 0
 outer loop
  vertex 58.5981 71.5 0
  vertex 58.5981 71.5 8
  vertex 59 73 8
 endloop
endfacet
facet normal -0.985121 -0.171862 -0
 outer loop
  vertex 59 73 0
  vertex 59 73 8
  vertex 58.5981 74.5 8
 endloop
endfacet
facet normal -0.767209 -0.641397 -0
 outer loop
  vertex 58.5981 74.5 0
  vertex 58.5981 74.5 8
  vertex 57.5 75.5981 8
 endloop
endfacet
facet normal -0.343724 -0.939071 -0
 outer loop
  vertex 57.5 75.5981 0
  vertex 57.5 75.5981 8
  vertex 56 76 8
 endloop
endfacet
facet normal -0.171862 -0.985121 -0
 outer loop
  vertex 56 76 0
  vertex 57.5 75.5981 0
  vertex 56 76 8
 endloop
endfacet
facet normal -0.641397 -0.767209 -0
 outer loop
  vertex 57.5 75.5981 0
  vertex 58.5981 74.5 0
  vertex 57.5 75.5981 8
 endloop
endfacet
facet normal -0.939071 -0.343724 -0
 outer loop
  vertex 58.5981 74.5 0
  vertex 59 73 0
  vertex 58.5981 74.5 8
 endloop
endfacet
facet normal -0.985121 0.171862 0
 outer loop
  vertex 59 73 0
  vertex 58.5981 71.5 0
  vertex 59 73 8
 endloop
endfacet
facet normal -0.767209 0.641397 0
 outer loop
  vertex 58.5981 71.5 0
  vertex 57.5 70.4019 0
  vertex 58.5981 71.5 8
 endloop
endfacet
facet normal 0.131281 -0.980962 0.143102
 outer loop
  vertex 72.0824 -82.079 16.0785
  vertex 75.9078 -81.3175 16.1026
  vertex 72.0824 -81.8829 17.0694
 endloop
endfacet
facet normal 0.2534 -0.932257 0.258236
 outer loop
  vertex 72.0824 -81.8829 17.0694
  vertex 75.9078 -81.3175 16.1026
  vertex 75.8304 -81.1307 17.0874
 endloop
endfacet
facet normal 0.219423 -0.784673 0.579778
 outer loop
  vertex 72.0824 -81.3161 18
  vertex 75.8304 -81.1307 17.0874
  vertex 75.6162 -80.6133 18
 endloop
endfacet
facet normal 0.122296 -0.871348 0.475181
 outer loop
  vertex 72.0824 -81.3161 18
  vertex 72.0824 -81.8829 17.0694
  vertex 75.8304 -81.1307 17.0874
 endloop
endfacet
facet normal 0.49633 -0.855271 0.148887
 outer loop
  vertex 75.9078 -81.3175 16.1026
  vertex 79.1506 -79.1506 16.111
  vertex 75.8304 -81.1307 17.0874
 endloop
endfacet
facet normal 0.590402 -0.763402 0.261998
 outer loop
  vertex 75.8304 -81.1307 17.0874
  vertex 79.1506 -79.1506 16.111
  vertex 79.0061 -79.0061 17.0936
 endloop
endfacet
facet normal 0.502724 -0.640636 0.580391
 outer loop
  vertex 75.6162 -80.6133 18
  vertex 79.0061 -79.0061 17.0936
  vertex 78.6119 -78.6119 18
 endloop
endfacet
facet normal 0.445742 -0.756998 0.477774
 outer loop
  vertex 75.6162 -80.6133 18
  vertex 75.8304 -81.1307 17.0874
  vertex 79.0061 -79.0061 17.0936
 endloop
endfacet
facet normal -0.980962 -0.131281 0.143102
 outer loop
  vertex -82.079 -72.0824 16.0785
  vertex -81.3175 -75.9078 16.1026
  vertex -81.8829 -72.0824 17.0694
 endloop
endfacet
facet normal -0.932257 -0.2534 0.258236
 outer loop
  vertex -81.8829 -72.0824 17.0694
  vertex -81.3175 -75.9078 16.1026
  vertex -81.1307 -75.8304 17.0874
 endloop
endfacet
facet normal -0.784673 -0.219423 0.579778
 outer loop
  vertex -81.3161 -72.0824 18
  vertex -81.1307 -75.8304 17.0874
  vertex -80.6133 -75.6162 18
 endloop
endfacet
facet normal -0.871348 -0.122296 0.475181
 outer loop
  vertex -81.3161 -72.0824 18
  vertex -81.8829 -72.0824 17.0694
  vertex -81.1307 -75.8304 17.0874
 endloop
endfacet
facet normal -0.855271 -0.49633 0.148887
 outer loop
  vertex -81.3175 -75.9078 16.1026
  vertex -79.1506 -79.1506 16.111
  vertex -81.1307 -75.8304 17.0874
 endloop
endfacet
facet normal -0.763402 -0.590402 0.261998
 outer loop
  vertex -81.1307 -75.8304 17.0874
  vertex -79.1506 -79.1506 16.111
  vertex -79.0061 -79.0061 17.0936
 endloop
endfacet
facet normal -0.640636 -0.502724 0.580391
 outer loop
  vertex -80.6133 -75.6162 18
  vertex -79.0061 -79.0061 17.0936
  vertex -78.6119 -78.6119 18
 endloop
endfacet
facet normal -0.756998 -0.445742 0.477774
 outer loop
  vertex -80.6133 -75.6162 18
  vertex -81.1307 -75.8304 17.0874
  vertex -79.0061 -79.0061 17.0936
 endloop
endfacet
facet normal -0.131281 0.980962 0.143102
 outer loop
  vertex -72.0824 82.079 16.0785
  vertex -75.9078 81.3175 16.1026
  vertex -72.0824 81.8829 17.0694
 endloop
endfacet
facet normal -0.2534 0.932257 0.258236
 outer loop
  vertex -72.0824 81.8829 17.0694
  vertex -75.9078 81.3175 16.1026
  vertex -75.8304 81.1307 17.0874
 endloop
endfacet
facet normal -0.219423 0.784673 0.579778
 outer loop
  vertex -72.0824 81.3161 18
  vertex -75.8304 81.1307 17.0874
  vertex -75.6162 80.6133 18
 endloop
endfacet
facet normal -0.122296 0.871348 0.475181
 outer loop
  vertex -72.0824 81.3161 18
  vertex -72.0824 81.8829 17.0694
  vertex -75.8304 81.1307 17.0874
 endloop
endfacet
facet normal -0.49633 0.855271 0.148887
 outer loop
  vertex -75.9078 81.3175 16.1026
  vertex -79.1506 79.1506 16.111
  vertex -75.8304 81.1307 17.0874
 endloop
endfacet
facet normal -0.590402 0.763402 0.261998
 outer loop
  vertex -75.8304 81.1307 17.0874
  vertex -79.1506 79.1506 16.111
  vertex -79.0061 79.0061 17.0936
 endloop
endfacet
facet normal -0.502724 0.640636 0.580391
 outer loop
  vertex -75.6162 80.6133 18
  vertex -79.0061 79.0061 17.0936
  vertex -78.6119 78.6119 18
 endloop
endfacet
facet normal -0.445742 0.756998 0.477774
 outer loop
  vertex -75.6162 80.6133 18
  vertex -75.8304 81.1307 17.0874
  vertex -79.0061 79.0061 17.0936
 endloop
endfacet
facet normal 0.980962 0.131281 0.143102
 outer loop
  vertex 82.079 72.0824 16.0785
  vertex 81.3175 75.9078 16.1026
  vertex 81.8829 72.0824 17.0694
 endloop
endfacet
facet normal 0.932257 0.2534 0.258236
 outer loop
  vertex 81.8829 72.0824 17.0694
  vertex 81.3175 75.9078 16.1026
  vertex 81.1307 75.8304 17.0874
 endloop
endfacet
facet normal 0.784673 0.219423 0.579778
 outer loop
  vertex 81.3161 72.0824 18
  vertex 81.1307 75.8304 17.0874
  vertex 80.6133 75.6162 18
 endloop
endfacet
facet normal 0.871348 0.122296 0.475181
 outer loop
  vertex 81.3161 72.0824 18
  vertex 81.8829 72.0824 17.0694
  vertex 81.1307 75.8304 17.0874
 endloop
endfacet
facet normal 0.855271 0.49633 0.148887
 outer loop
  vertex 81.3175 75.9078 16.1026
  vertex 79.1506 79.1506 16.111
  vertex 81.1307 75.8304 17.0874
 endloop
endfacet
facet normal 0.763402 0.590402 0.261998
 outer loop
  vertex 81.1307 75.8304 17.0874
  vertex 79.1506 79.1506 16.111
  vertex 79.0061 79.0061 17.0936
 endloop
endfacet
facet normal 0.640636 0.502724 0.580391
 outer loop
  vertex 80.6133 75.6162 18
  vertex 79.0061 79.0061 17.0936
  vertex 78.6119 78.6119 18
 endloop
endfacet
facet normal 0.756998 0.445742 0.477774
 outer loop
  vertex 80.6133 75.6162 18
  vertex 81.1307 75.8304 17.0874
  vertex 79.0061 79.0061 17.0936
 endloop
endfacet
facet normal -0.375617 -0.926117 0.0349156
 outer loop
  vertex -32.6089 -72.139 23.8626
  vertex -27.1902 -74.3509 23.8626
  vertex -27.7665 -69.3574 151.517
 endloop
endfacet
facet normal -0.442597 -0.896037 0.0350153
 outer loop
  vertex -40.3907 -62.8491 151.517
  vertex -32.6089 -72.139 23.8626
  vertex -27.7665 -69.3574 151.517
 endloop
endfacet
facet normal -0.505291 -0.862239 0.0349982
 outer loop
  vertex -40.3907 -62.8491 151.517
  vertex -44.3314 -65.5904 23.8626
  vertex -32.6089 -72.139 23.8626
 endloop
endfacet
facet normal -0.598684 -0.800219 0.0350252
 outer loop
  vertex -40.3907 -62.8491 151.517
  vertex -51.5551 -54.0694 151.517
  vertex -44.3314 -65.5904 23.8626
 endloop
endfacet
facet normal -0.648981 -0.759999 0.0350098
 outer loop
  vertex -44.3314 -65.5904 23.8626
  vertex -51.5551 -54.0694 151.517
  vertex -54.7785 -57.1549 23.8626
 endloop
endfacet
facet normal -0.734665 -0.677524 0.0350384
 outer loop
  vertex -54.7785 -57.1549 23.8626
  vertex -51.5551 -54.0694 151.517
  vertex -60.8561 -43.3354 151.517
 endloop
endfacet
facet normal -0.839085 -0.542873 0.0350008
 outer loop
  vertex -63.6498 -47.0751 23.8626
  vertex -60.8561 -43.3354 151.517
  vertex -70.69 -35.6411 23.8626
 endloop
endfacet
facet normal -0.772461 -0.634096 0.0350246
 outer loop
  vertex -63.6498 -47.0751 23.8626
  vertex -54.7785 -57.1549 23.8626
  vertex -60.8561 -43.3354 151.517
 endloop
endfacet
facet normal -0.273443 -0.961251 0.0350075
 outer loop
  vertex -27.7665 -69.3574 151.517
  vertex -20.3707 -76.4794 24.4592
  vertex -14.1388 -73.3588 151.517
 endloop
endfacet
facet normal -0.324393 -0.945277 0.0349452
 outer loop
  vertex -27.7665 -69.3574 151.517
  vertex -27.1902 -74.3509 23.8626
  vertex -20.3707 -76.4794 24.4592
 endloop
endfacet
facet normal -0.874795 -0.483227 0.0350175
 outer loop
  vertex -60.8561 -43.3354 151.517
  vertex -67.9576 -31.0352 151.517
  vertex -70.69 -35.6411 23.8626
 endloop
endfacet
facet normal -0.914422 -0.403251 0.0349404
 outer loop
  vertex -70.69 -35.6411 23.8626
  vertex -67.9576 -31.0352 151.517
  vertex -74.3509 -27.1902 23.8626
 endloop
endfacet
facet normal -0.942505 -0.332354 0.0350062
 outer loop
  vertex -74.3509 -27.1902 23.8626
  vertex -67.9576 -31.0352 151.517
  vertex -72.603 -17.6133 151.517
 endloop
endfacet
facet normal -0.970134 -0.240048 0.0348998
 outer loop
  vertex -76.3639 -19.3344 35.1222
  vertex -72.603 -17.6133 151.517
  vertex -76.407 -18.8375 37.3745
 endloop
endfacet
facet normal -0.960788 -0.275074 0.0349447
 outer loop
  vertex -76.3639 -19.3344 35.1222
  vertex -74.3509 -27.1902 23.8626
  vertex -72.603 -17.6133 151.517
 endloop
endfacet
facet normal -0.959643 -0.279042 0.0349394
 outer loop
  vertex -76.3639 -19.3344 35.1222
  vertex -76.677 -19.6107 24.4829
  vertex -74.3509 -27.1902 23.8626
 endloop
endfacet
facet normal -0.98822 0.149008 0.0349039
 outer loop
  vertex -77.4164 13.4112 40.9651
  vertex -77.8584 10.5466 40.9651
  vertex -73.9485 10.6322 151.517
 endloop
endfacet
facet normal -0.981523 0.18813 0.0349202
 outer loop
  vertex -77.0128 15.6399 40.5244
  vertex -73.9485 10.6322 151.517
  vertex -76.6475 17.5393 39.2691
 endloop
endfacet
facet normal -0.984719 0.170618 0.0349091
 outer loop
  vertex -77.0128 15.6399 40.5244
  vertex -77.4164 13.4112 40.9651
  vertex -73.9485 10.6322 151.517
 endloop
endfacet
facet normal -0.999247 0.0166787 0.0350383
 outer loop
  vertex -73.9485 10.6322 151.517
  vertex -78.4904 -3.52501 40.9651
  vertex -74.6243 -3.55479 151.517
 endloop
endfacet
facet normal -0.996379 0.0774707 0.0350306
 outer loop
  vertex -73.9485 10.6322 151.517
  vertex -77.8584 10.5466 40.9651
  vertex -78.4904 -3.52501 40.9651
 endloop
endfacet
facet normal -0.972234 0.231377 0.0350057
 outer loop
  vertex -73.9485 10.6322 151.517
  vertex -70.6 24.4349 151.517
  vertex -76.6475 17.5393 39.2691
 endloop
endfacet
facet normal -0.964082 0.263298 0.034939
 outer loop
  vertex -76.6475 17.5393 39.2691
  vertex -70.6 24.4349 151.517
  vertex -76.4073 18.8356 37.3789
 endloop
endfacet
facet normal -0.962032 0.270691 0.0349299
 outer loop
  vertex -76.4073 18.8356 37.3789
  vertex -70.6 24.4349 151.517
  vertex -76.3639 19.3344 35.1222
 endloop
endfacet
facet normal -0.951569 0.305443 0.0349346
 outer loop
  vertex -76.3639 19.3344 35.1222
  vertex -70.6 24.4349 151.517
  vertex -74.3509 27.1902 23.8626
 endloop
endfacet
facet normal -0.959643 0.279042 0.0349394
 outer loop
  vertex -76.677 19.6107 24.4827
  vertex -76.3639 19.3344 35.1222
  vertex -74.3509 27.1902 23.8626
 endloop
endfacet
facet normal -0.936974 0.347652 0.0349066
 outer loop
  vertex -74.3509 27.1902 23.8626
  vertex -70.6 24.4349 151.517
  vertex -73.4579 29.5178 23.8626
 endloop
endfacet
facet normal -0.915393 0.401036 0.0350134
 outer loop
  vertex -73.4579 29.5178 23.8626
  vertex -70.6 24.4349 151.517
  vertex -64.6998 37.3545 151.517
 endloop
endfacet
facet normal -0.826835 0.561353 0.0350225
 outer loop
  vertex -67.4128 41.5077 23.8626
  vertex -64.6998 37.3545 151.517
  vertex -56.4612 48.9239 151.517
 endloop
endfacet
facet normal -0.710507 0.702818 0.0350348
 outer loop
  vertex -59.4282 52.3034 23.8626
  vertex -56.4612 48.9239 151.517
  vertex -46.182 58.7252 151.517
 endloop
endfacet
facet normal -0.579396 0.814294 0.0350036
 outer loop
  vertex -49.7341 61.5945 23.8626
  vertex -46.182 58.7252 151.517
  vertex -38.6092 69.1136 23.8626
 endloop
endfacet
facet normal -0.667587 0.743708 0.0350206
 outer loop
  vertex -49.7341 61.5945 23.8626
  vertex -59.4282 52.3034 23.8626
  vertex -46.182 58.7252 151.517
 endloop
endfacet
facet normal -0.52284 0.851711 0.0350199
 outer loop
  vertex -46.182 58.7252 151.517
  vertex -34.2336 66.4039 151.517
  vertex -38.6092 69.1136 23.8626
 endloop
endfacet
facet normal -0.430535 0.901896 0.0349811
 outer loop
  vertex -38.6092 69.1136 23.8626
  vertex -34.2336 66.4039 151.517
  vertex -27.1902 74.3509 23.8626
 endloop
endfacet
facet normal -0.362046 0.931503 0.0350086
 outer loop
  vertex -27.1902 74.3509 23.8626
  vertex -34.2336 66.4039 151.517
  vertex -21.0479 71.6827 151.517
 endloop
endfacet
facet normal -0.192225 0.980726 0.0350054
 outer loop
  vertex -15.7094 77.5686 24.5321
  vertex -21.0479 71.6827 151.517
  vertex -7.10153 74.3706 151.517
 endloop
endfacet
facet normal -0.0884907 0.995462 0.0349847
 outer loop
  vertex -13.449 77.9928 24.5157
  vertex -7.10153 74.3706 151.517
  vertex 2.12102E-12 79.1479 24.4019
 endloop
endfacet
facet normal -0.154549 0.987367 0.0349334
 outer loop
  vertex -13.449 77.9928 24.5157
  vertex -15.7094 77.5686 24.5321
  vertex -7.10153 74.3706 151.517
 endloop
endfacet
facet normal -0.0316979 0.998887 0.0349346
 outer loop
  vertex -7.10153 74.3706 151.517
  vertex 0 74.7089 151.517
  vertex 2.12102E-12 79.1479 24.4019
 endloop
endfacet
facet normal -0.274916 0.960832 0.034966
 outer loop
  vertex -15.7094 77.5686 24.5321
  vertex -27.1902 74.3509 23.8626
  vertex -21.0479 71.6827 151.517
 endloop
endfacet
facet normal -0.787915 0.614788 0.0350066
 outer loop
  vertex -59.4282 52.3034 23.8626
  vertex -67.4128 41.5077 23.8626
  vertex -56.4612 48.9239 151.517
 endloop
endfacet
facet normal -0.883711 0.466723 0.0349959
 outer loop
  vertex -67.4128 41.5077 23.8626
  vertex -73.4579 29.5178 23.8626
  vertex -64.6998 37.3545 151.517
 endloop
endfacet
facet normal -0.995523 -0.0878125 0.0349604
 outer loop
  vertex -78.4904 -3.52501 40.9651
  vertex -77.4164 -13.4112 40.9651
  vertex -74.6243 -3.55479 151.517
 endloop
endfacet
facet normal -0.987803 -0.151723 0.0350082
 outer loop
  vertex -74.6243 -3.55479 151.517
  vertex -77.4164 -13.4112 40.9651
  vertex -72.603 -17.6133 151.517
 endloop
endfacet
facet normal -0.978805 -0.201795 0.0349124
 outer loop
  vertex -72.603 -17.6133 151.517
  vertex -77.4164 -13.4112 40.9651
  vertex -77.0119 -15.6446 40.5225
 endloop
endfacet
facet normal -0.975054 -0.219205 0.0349037
 outer loop
  vertex -76.647 -17.542 39.2664
  vertex -72.603 -17.6133 151.517
  vertex -77.0119 -15.6446 40.5225
 endloop
endfacet
facet normal -0.971944 -0.232608 0.0349004
 outer loop
  vertex -76.647 -17.542 39.2664
  vertex -76.407 -18.8375 37.3745
  vertex -72.603 -17.6133 151.517
 endloop
endfacet
facet normal -0.205799 -0.977971 0.0349249
 outer loop
  vertex -20.3707 -76.4794 24.4592
  vertex -13.5091 -77.9824 24.5163
  vertex -14.1388 -73.3588 151.517
 endloop
endfacet
facet normal -0.120348 -0.992114 0.0350277
 outer loop
  vertex -14.1388 -73.3588 151.517
  vertex -13.5091 -77.9824 24.5163
  vertex -9.1492E-15 -74.7089 151.517
 endloop
endfacet
facet normal -0.0572492 -0.997746 0.0350133
 outer loop
  vertex -9.1492E-15 -74.7089 151.517
  vertex -13.5091 -77.9824 24.5163
  vertex -0.0476965 -79.1479 24.4019
 endloop
endfacet
facet normal -0.000200761 -0.999391 0.0348995
 outer loop
  vertex -1.85484E-06 -79.1479 24.4019
  vertex -9.1492E-15 -74.7089 151.517
  vertex -0.0476965 -79.1479 24.4019
 endloop
endfacet
facet normal 0.874141 -0.485672 0
 outer loop
  vertex -59.1476 -71.8457 18
  vertex -59.7388 -73.1284 18
  vertex -59.1476 -71.8457 8
 endloop
endfacet
facet normal 0.937098 -0.349067 0
 outer loop
  vertex -59.1476 -71.8457 8
  vertex -59.7388 -73.1284 18
  vertex -59.7388 -73.1284 8
 endloop
endfacet
facet normal 0.998072 -0.062059 0
 outer loop
  vertex -59.7388 -73.1284 8
  vertex -59.7388 -73.1284 18
  vertex -59.7202 -74.5407 18
 endloop
endfacet
facet normal 0.927572 0.373644 0
 outer loop
  vertex -59.7202 -74.5407 8
  vertex -59.7202 -74.5407 18
  vertex -59.0954 -75.8074 18
 endloop
endfacet
facet normal 0.676374 0.736558 0
 outer loop
  vertex -59.0954 -75.8074 8
  vertex -59.0954 -75.8074 18
  vertex -57.9862 -76.6817 18
 endloop
endfacet
facet normal 0.293413 0.955986 0
 outer loop
  vertex -57.9862 -76.6817 8
  vertex -57.9862 -76.6817 18
  vertex -56.6087 -76.9934 18
 endloop
endfacet
facet normal 0.146707 0.98918 0
 outer loop
  vertex -56.6087 -76.9934 8
  vertex -57.9862 -76.6817 8
  vertex -56.6087 -76.9934 18
 endloop
endfacet
facet normal 0.558247 0.829675 0
 outer loop
  vertex -57.9862 -76.6817 8
  vertex -59.0954 -75.8074 8
  vertex -57.9862 -76.6817 18
 endloop
endfacet
facet normal 0.861037 0.508543 0
 outer loop
  vertex -59.0954 -75.8074 8
  vertex -59.7202 -74.5407 8
  vertex -59.0954 -75.8074 18
 endloop
endfacet
facet normal 0.99609 0.088343 0
 outer loop
  vertex -59.7202 -74.5407 8
  vertex -59.7388 -73.1284 8
  vertex -59.7202 -74.5407 18
 endloop
endfacet
facet normal -0.171862 0.985121 0
 outer loop
  vertex 56 69.8 18
  vertex 57.6 70.2287 18
  vertex 56 69.8 8
 endloop
endfacet
facet normal -0.343724 0.939071 0
 outer loop
  vertex 56 69.8 8
  vertex 57.6 70.2287 18
  vertex 57.6 70.2287 8
 endloop
endfacet
facet normal -0.641397 0.767209 0
 outer loop
  vertex 57.6 70.2287 8
  vertex 57.6 70.2287 18
  vertex 58.7713 71.4 18
 endloop
endfacet
facet normal -0.939071 0.343724 0
 outer loop
  vertex 58.7713 71.4 8
  vertex 58.7713 71.4 18
  vertex 59.2 73 18
 endloop
endfacet
facet normal -0.985121 -0.171862 -0
 outer loop
  vertex 59.2 73 8
  vertex 59.2 73 18
  vertex 58.7713 74.6 18
 endloop
endfacet
facet normal -0.767209 -0.641397 -0
 outer loop
  vertex 58.7713 74.6 8
  vertex 58.7713 74.6 18
  vertex 57.6 75.7713 18
 endloop
endfacet
facet normal -0.343724 -0.939071 -0
 outer loop
  vertex 57.6 75.7713 8
  vertex 57.6 75.7713 18
  vertex 56 76.2 18
 endloop
endfacet
facet normal -0.171862 -0.985121 -0
 outer loop
  vertex 56 76.2 8
  vertex 57.6 75.7713 8
  vertex 56 76.2 18
 endloop
endfacet
facet normal -0.641397 -0.767209 -0
 outer loop
  vertex 57.6 75.7713 8
  vertex 58.7713 74.6 8
  vertex 57.6 75.7713 18
 endloop
endfacet
facet normal -0.939071 -0.343724 -0
 outer loop
  vertex 58.7713 74.6 8
  vertex 59.2 73 8
  vertex 58.7713 74.6 18
 endloop
endfacet
facet normal -0.985121 0.171862 0
 outer loop
  vertex 59.2 73 8
  vertex 58.7713 71.4 8
  vertex 59.2 73 18
 endloop
endfacet
facet normal -0.767209 0.641397 0
 outer loop
  vertex 58.7713 71.4 8
  vertex 57.6 70.2287 8
  vertex 58.7713 71.4 18
 endloop
endfacet
facet normal 0.463447 0.0141323 -0.886012
 outer loop
  vertex 56.6862 -6.76873E-16 2.95163
  vertex 56.1436 -7.61381E-15 2.66025
  vertex 56.4295 5.38837 2.95163
 endloop
endfacet
facet normal 0.211249 0.0261094 -0.977083
 outer loop
  vertex 59.9482 5.72436 3.95734
  vertex 56.4295 5.38837 2.95163
  vertex 57.7815 16.9662 3.95734
 endloop
endfacet
facet normal 0.0295383 0.00867323 -0.999526
 outer loop
  vertex 58.6668 17.2261 4
  vertex 57.7815 16.9662 3.95734
  vertex 54.3466 28.0176 4
 endloop
endfacet
facet normal 0.0601852 0.0115998 -0.99812
 outer loop
  vertex 58.6668 17.2261 4
  vertex 59.9482 5.72436 3.95734
  vertex 57.7815 16.9662 3.95734
 endloop
endfacet
facet normal 0.0306459 0.00292633 -0.999526
 outer loop
  vertex 58.6668 17.2261 4
  vertex 60.8667 5.81207 4
  vertex 59.9482 5.72436 3.95734
 endloop
endfacet
facet normal 0.0614315 0.00292634 -0.998107
 outer loop
  vertex 59.9482 5.72436 3.95734
  vertex 60.8667 5.81207 4
  vertex 60.2209 -4.53561E-16 3.95734
 endloop
endfacet
facet normal 0.213181 0.00296852 -0.977008
 outer loop
  vertex 56.6862 -6.76873E-16 2.95163
  vertex 59.9482 5.72436 3.95734
  vertex 60.2209 -4.53561E-16 3.95734
 endloop
endfacet
facet normal 0.332166 0.0173108 -0.943062
 outer loop
  vertex 56.6862 -6.76873E-16 2.95163
  vertex 56.4295 5.38837 2.95163
  vertex 59.9482 5.72436 3.95734
 endloop
endfacet
facet normal -0.479559 0.0315852 -0.876941
 outer loop
  vertex -56.1436 -6.66134E-16 2.66025
  vertex -56.6862 -7.61893E-15 2.95163
  vertex -55.129 10.6252 2.66025
 endloop
endfacet
facet normal -0.458711 0.0597365 -0.886575
 outer loop
  vertex -55.129 10.6252 2.66025
  vertex -56.6862 -7.61893E-15 2.95163
  vertex -55.6618 10.7279 2.95163
 endloop
endfacet
facet normal -0.439116 0.145469 -0.886575
 outer loop
  vertex -52.1219 20.8665 2.66025
  vertex -55.6618 10.7279 2.95163
  vertex -52.6257 21.0681 2.95163
 endloop
endfacet
facet normal -0.40365 0.225943 -0.886575
 outer loop
  vertex -47.231 30.3535 2.66025
  vertex -52.6257 21.0681 2.95163
  vertex -47.6875 30.6469 2.95163
 endloop
endfacet
facet normal -0.353596 0.298251 -0.886575
 outer loop
  vertex -40.633 38.7435 2.66025
  vertex -47.6875 30.6469 2.95163
  vertex -41.0257 39.118 2.95163
 endloop
endfacet
facet normal -0.290762 0.35978 -0.886575
 outer loop
  vertex -32.5665 45.7332 2.66025
  vertex -41.0257 39.118 2.95163
  vertex -32.8812 46.1752 2.95163
 endloop
endfacet
facet normal -0.217418 0.408305 -0.886575
 outer loop
  vertex -23.3229 51.07 2.66025
  vertex -32.8812 46.1752 2.95163
  vertex -23.5483 51.5636 2.95163
 endloop
endfacet
facet normal -0.136217 0.442073 -0.886575
 outer loop
  vertex -13.2364 54.561 2.66025
  vertex -23.5483 51.5636 2.95163
  vertex -13.3643 55.0883 2.95163
 endloop
endfacet
facet normal -0.0500925 0.459864 -0.886575
 outer loop
  vertex -2.67142 56.08 2.66025
  vertex -13.3643 55.0883 2.95163
  vertex -2.69724 56.622 2.95163
 endloop
endfacet
facet normal 0.0378425 0.461033 -0.886575
 outer loop
  vertex 7.99007 55.5721 2.66025
  vertex -2.69724 56.622 2.95163
  vertex 8.06729 56.1092 2.95163
 endloop
endfacet
facet normal 0.12441 0.44554 -0.886575
 outer loop
  vertex 18.3628 53.0557 2.66025
  vertex 8.06729 56.1092 2.95163
  vertex 18.5402 53.5685 2.95163
 endloop
endfacet
facet normal 0.206481 0.413944 -0.886575
 outer loop
  vertex 28.0718 48.6218 2.66025
  vertex 18.5402 53.5685 2.95163
  vertex 28.3431 49.0917 2.95163
 endloop
endfacet
facet normal 0.281089 0.367387 -0.886575
 outer loop
  vertex 36.7662 42.4305 2.66025
  vertex 28.3431 49.0917 2.95163
  vertex 37.1216 42.8406 2.95163
 endloop
endfacet
facet normal 0.345537 0.307551 -0.886575
 outer loop
  vertex 44.1318 34.7057 2.66025
  vertex 37.1216 42.8406 2.95163
  vertex 44.5584 35.0411 2.95163
 endloop
endfacet
facet normal 0.397498 0.2366 -0.886575
 outer loop
  vertex 49.9024 25.7265 2.66025
  vertex 44.5584 35.0411 2.95163
  vertex 50.3847 25.9751 2.95163
 endloop
endfacet
facet normal 0.435091 0.157097 -0.886575
 outer loop
  vertex 53.8694 15.8175 2.66025
  vertex 50.3847 25.9751 2.95163
  vertex 54.39 15.9704 2.95163
 endloop
endfacet
facet normal 0.456959 0.071917 -0.886575
 outer loop
  vertex 55.8894 5.33679 2.66025
  vertex 54.39 15.9704 2.95163
  vertex 56.4295 5.38837 2.95163
 endloop
endfacet
facet normal 0.480802 0.0299858 -0.876316
 outer loop
  vertex 56.1436 -7.61381E-15 2.66025
  vertex 55.8894 5.33679 2.66025
  vertex 56.4295 5.38837 2.95163
 endloop
endfacet
facet normal 0.440722 0.191673 -0.876941
 outer loop
  vertex 53.8694 15.8175 2.66025
  vertex 49.9024 25.7265 2.66025
  vertex 50.3847 25.9751 2.95163
 endloop
endfacet
facet normal 0.396483 0.271616 -0.876941
 outer loop
  vertex 49.9024 25.7265 2.66025
  vertex 44.1318 34.7057 2.66025
  vertex 44.5584 35.0411 2.95163
 endloop
endfacet
facet normal 0.337915 0.341742 -0.876941
 outer loop
  vertex 44.1318 34.7057 2.66025
  vertex 36.7662 42.4305 2.66025
  vertex 37.1216 42.8406 2.95163
 endloop
endfacet
facet normal 0.267133 0.399518 -0.876941
 outer loop
  vertex 36.7662 42.4305 2.66025
  vertex 28.0718 48.6218 2.66025
  vertex 28.3431 49.0917 2.95163
 endloop
endfacet
facet normal 0.186696 0.442853 -0.876941
 outer loop
  vertex 28.0718 48.6218 2.66025
  vertex 18.3628 53.0557 2.66025
  vertex 18.5402 53.5685 2.95163
 endloop
endfacet
facet normal 0.0995121 0.470183 -0.876941
 outer loop
  vertex 18.3628 53.0557 2.66025
  vertex 7.99007 55.5721 2.66025
  vertex 8.06729 56.1092 2.95163
 endloop
endfacet
facet normal 0.0087311 0.480519 -0.876941
 outer loop
  vertex 7.99007 55.5721 2.66025
  vertex -2.67142 56.08 2.66025
  vertex -2.69724 56.622 2.95163
 endloop
endfacet
facet normal -0.0823654 0.473487 -0.876941
 outer loop
  vertex -2.67142 56.08 2.66025
  vertex -13.2364 54.561 2.66025
  vertex -13.3643 55.0883 2.95163
 endloop
endfacet
facet normal -0.170485 0.449343 -0.876941
 outer loop
  vertex -13.2364 54.561 2.66025
  vertex -23.3229 51.07 2.66025
  vertex -23.5483 51.5636 2.95163
 endloop
endfacet
facet normal -0.252443 0.408958 -0.876941
 outer loop
  vertex -23.3229 51.07 2.66025
  vertex -32.5665 45.7332 2.66025
  vertex -32.8812 46.1752 2.95163
 endloop
endfacet
facet normal -0.325277 0.353793 -0.876941
 outer loop
  vertex -32.5665 45.7332 2.66025
  vertex -40.633 38.7435 2.66025
  vertex -41.0257 39.118 2.95163
 endloop
endfacet
facet normal -0.386354 0.28584 -0.876941
 outer loop
  vertex -40.633 38.7435 2.66025
  vertex -47.231 30.3535 2.66025
  vertex -47.6875 30.6469 2.95163
 endloop
endfacet
facet normal -0.433468 0.207557 -0.876941
 outer loop
  vertex -47.231 30.3535 2.66025
  vertex -52.1219 20.8665 2.66025
  vertex -52.6257 21.0681 2.95163
 endloop
endfacet
facet normal -0.464915 0.121772 -0.876941
 outer loop
  vertex -52.1219 20.8665 2.66025
  vertex -55.129 10.6252 2.66025
  vertex -55.6618 10.7279 2.95163
 endloop
endfacet
facet normal -0.330387 0.0285647 -0.943413
 outer loop
  vertex -56.6862 -7.61893E-15 2.95163
  vertex -60.2209 -7.8285E-15 3.95734
  vertex -55.6618 10.7279 2.95163
 endloop
endfacet
facet normal -0.210048 0.0344641 -0.977083
 outer loop
  vertex -55.6618 10.7279 2.95163
  vertex -60.2209 -7.8285E-15 3.95734
  vertex -59.1326 11.3969 3.95734
 endloop
endfacet
facet normal -0.19973 0.0735931 -0.977083
 outer loop
  vertex -52.6257 21.0681 2.95163
  vertex -59.1326 11.3969 3.95734
  vertex -55.9072 22.3819 3.95734
 endloop
endfacet
facet normal -0.182193 0.110062 -0.977083
 outer loop
  vertex -47.6875 30.6469 2.95163
  vertex -55.9072 22.3819 3.95734
  vertex -50.6611 32.5579 3.95734
 endloop
endfacet
facet normal -0.158071 0.142554 -0.977083
 outer loop
  vertex -41.0257 39.118 2.95163
  vertex -50.6611 32.5579 3.95734
  vertex -43.5839 41.5572 3.95734
 endloop
endfacet
facet normal -0.128236 0.169893 -0.977083
 outer loop
  vertex -32.8812 46.1752 2.95163
  vertex -43.5839 41.5572 3.95734
  vertex -34.9316 49.0545 3.95734
 endloop
endfacet
facet normal -0.0937663 0.191091 -0.977083
 outer loop
  vertex -23.5483 51.5636 2.95163
  vertex -34.9316 49.0545 3.95734
  vertex -25.0167 54.7789 3.95734
 endloop
endfacet
facet normal -0.0559075 0.205383 -0.977083
 outer loop
  vertex -13.3643 55.0883 2.95163
  vertex -25.0167 54.7789 3.95734
  vertex -14.1976 58.5234 3.95734
 endloop
endfacet
facet normal -0.0160281 0.212252 -0.977083
 outer loop
  vertex -2.69724 56.622 2.95163
  vertex -14.1976 58.5234 3.95734
  vertex -2.86543 60.1527 3.95734
 endloop
endfacet
facet normal 0.0244306 0.21145 -0.977083
 outer loop
  vertex 8.06729 56.1092 2.95163
  vertex -2.86543 60.1527 3.95734
  vertex 8.57033 59.6079 3.95734
 endloop
endfacet
facet normal 0.0640063 0.203005 -0.977083
 outer loop
  vertex 18.5402 53.5685 2.95163
  vertex 8.57033 59.6079 3.95734
  vertex 19.6963 56.9088 3.95734
 endloop
endfacet
facet normal 0.101269 0.187224 -0.977083
 outer loop
  vertex 28.3431 49.0917 2.95163
  vertex 19.6963 56.9088 3.95734
  vertex 30.1105 52.1528 3.95734
 endloop
endfacet
facet normal 0.134871 0.164675 -0.977083
 outer loop
  vertex 37.1216 42.8406 2.95163
  vertex 30.1105 52.1528 3.95734
  vertex 39.4363 45.5119 3.95734
 endloop
endfacet
facet normal 0.163598 0.136175 -0.977083
 outer loop
  vertex 44.5584 35.0411 2.95163
  vertex 39.4363 45.5119 3.95734
  vertex 47.3368 37.2261 3.95734
 endloop
endfacet
facet normal 0.186413 0.102753 -0.977083
 outer loop
  vertex 50.3847 25.9751 2.95163
  vertex 47.3368 37.2261 3.95734
  vertex 53.5265 27.5948 3.95734
 endloop
endfacet
facet normal 0.202491 0.0656167 -0.977083
 outer loop
  vertex 54.39 15.9704 2.95163
  vertex 53.5265 27.5948 3.95734
  vertex 57.7815 16.9662 3.95734
 endloop
endfacet
facet normal 0.325052 0.0656732 -0.943413
 outer loop
  vertex 56.4295 5.38837 2.95163
  vertex 54.39 15.9704 2.95163
  vertex 57.7815 16.9662 3.95734
 endloop
endfacet
facet normal -0.0610154 0.00582626 -0.99812
 outer loop
  vertex -60.2209 -7.8285E-15 3.95734
  vertex -61.1436 -7.93202E-15 4
  vertex -59.1326 11.3969 3.95734
 endloop
endfacet
facet normal -0.030229 0.00582616 -0.999526
 outer loop
  vertex -59.1326 11.3969 3.95734
  vertex -61.1436 -7.93202E-15 4
  vertex -60.0387 11.5715 4
 endloop
endfacet
facet normal -0.0285801 0.0114417 -0.999526
 outer loop
  vertex -55.9072 22.3819 3.95734
  vertex -60.0387 11.5715 4
  vertex -56.7638 22.7248 4
 endloop
endfacet
facet normal -0.0258983 0.0166438 -0.999526
 outer loop
  vertex -50.6611 32.5579 3.95734
  vertex -56.7638 22.7248 4
  vertex -51.4373 33.0567 4
 endloop
endfacet
facet normal -0.0222804 0.0212443 -0.999526
 outer loop
  vertex -43.5839 41.5572 3.95734
  vertex -51.4373 33.0567 4
  vertex -44.2517 42.1939 4
 endloop
endfacet
facet normal -0.0178572 0.025077 -0.999526
 outer loop
  vertex -34.9316 49.0545 3.95734
  vertex -44.2517 42.1939 4
  vertex -35.4668 49.8061 4
 endloop
endfacet
facet normal -0.0127887 0.0280033 -0.999526
 outer loop
  vertex -25.0167 54.7789 3.95734
  vertex -35.4668 49.8061 4
  vertex -25.4 55.6182 4
 endloop
endfacet
facet normal -0.00725791 0.0299175 -0.999526
 outer loop
  vertex -14.1976 58.5234 3.95734
  vertex -25.4 55.6182 4
  vertex -14.4151 59.4201 4
 endloop
endfacet
facet normal -0.00146482 0.0307504 -0.999526
 outer loop
  vertex -2.86543 60.1527 3.95734
  vertex -14.4151 59.4201 4
  vertex -2.90933 61.0743 4
 endloop
endfacet
facet normal 0.00438121 0.030472 -0.999526
 outer loop
  vertex 8.57033 59.6079 3.95734
  vertex -2.90933 61.0743 4
  vertex 8.70164 60.5212 4
 endloop
endfacet
facet normal 0.0100689 0.0290922 -0.999526
 outer loop
  vertex 19.6963 56.9088 3.95734
  vertex 8.70164 60.5212 4
  vertex 19.9981 57.7807 4
 endloop
endfacet
facet normal 0.0153927 0.0266609 -0.999526
 outer loop
  vertex 30.1105 52.1528 3.95734
  vertex 19.9981 57.7807 4
  vertex 30.5718 52.9519 4
 endloop
endfacet
facet normal 0.0201601 0.023266 -0.999526
 outer loop
  vertex 39.4363 45.5119 3.95734
  vertex 30.5718 52.9519 4
  vertex 40.0405 46.2092 4
 endloop
endfacet
facet normal 0.0241989 0.0190302 -0.999526
 outer loop
  vertex 47.3368 37.2261 3.95734
  vertex 40.0405 46.2092 4
  vertex 48.0621 37.7965 4
 endloop
endfacet
facet normal 0.0273631 0.0141066 -0.999526
 outer loop
  vertex 53.5265 27.5948 3.95734
  vertex 48.0621 37.7965 4
  vertex 54.3466 28.0176 4
 endloop
endfacet
facet normal 0.0569024 0.0227803 -0.99812
 outer loop
  vertex 57.7815 16.9662 3.95734
  vertex 53.5265 27.5948 3.95734
  vertex 54.3466 28.0176 4
 endloop
endfacet
facet normal 0.0307853 -2.05733E-16 -0.999526
 outer loop
  vertex 60.8667 5.81207 4
  vertex 61.1436 -4.44089E-16 4
  vertex 60.2209 -4.53561E-16 3.95734
 endloop
endfacet
facet normal 0.469032 0.104802 -0.876941
 outer loop
  vertex 53.8694 15.8175 2.66025
  vertex 54.39 15.9704 2.95163
  vertex 55.8894 5.33679 2.66025
 endloop
endfacet
facet normal 0.306749 0.126003 -0.943413
 outer loop
  vertex 50.3847 25.9751 2.95163
  vertex 53.5265 27.5948 3.95734
  vertex 54.39 15.9704 2.95163
 endloop
endfacet
facet normal 0.277359 0.181778 -0.943413
 outer loop
  vertex 44.5584 35.0411 2.95163
  vertex 47.3368 37.2261 3.95734
  vertex 50.3847 25.9751 2.95163
 endloop
endfacet
facet normal 0.0515629 0.0331374 -0.99812
 outer loop
  vertex 47.3368 37.2261 3.95734
  vertex 48.0621 37.7965 4
  vertex 53.5265 27.5948 3.95734
 endloop
endfacet
facet normal 0.237945 0.230984 -0.943413
 outer loop
  vertex 37.1216 42.8406 2.95163
  vertex 39.4363 45.5119 3.95734
  vertex 44.5584 35.0411 2.95163
 endloop
endfacet
facet normal 0.0443597 0.0422969 -0.99812
 outer loop
  vertex 39.4363 45.5119 3.95734
  vertex 40.0405 46.2092 4
  vertex 47.3368 37.2261 3.95734
 endloop
endfacet
facet normal 0.189931 0.271841 -0.943413
 outer loop
  vertex 28.3431 49.0917 2.95163
  vertex 30.1105 52.1528 3.95734
  vertex 37.1216 42.8406 2.95163
 endloop
endfacet
facet normal 0.0355534 0.0499277 -0.99812
 outer loop
  vertex 30.1105 52.1528 3.95734
  vertex 30.5718 52.9519 4
  vertex 39.4363 45.5119 3.95734
 endloop
endfacet
facet normal 0.135053 0.302874 -0.943413
 outer loop
  vertex 18.5402 53.5685 2.95163
  vertex 19.6963 56.9088 3.95734
  vertex 28.3431 49.0917 2.95163
 endloop
endfacet
facet normal 0.025462 0.055754 -0.99812
 outer loop
  vertex 19.6963 56.9088 3.95734
  vertex 19.9981 57.7807 4
  vertex 30.1105 52.1528 3.95734
 endloop
endfacet
facet normal 0.075293 0.322959 -0.943413
 outer loop
  vertex 8.06729 56.1092 2.95163
  vertex 8.57033 59.6079 3.95734
  vertex 18.5402 53.5685 2.95163
 endloop
endfacet
facet normal 0.0144503 0.0595651 -0.99812
 outer loop
  vertex 8.57033 59.6079 3.95734
  vertex 8.70164 60.5212 4
  vertex 19.6963 56.9088 3.95734
 endloop
endfacet
facet normal 0.0128119 0.331372 -0.943413
 outer loop
  vertex -2.69724 56.622 2.95163
  vertex -2.86543 60.1527 3.95734
  vertex 8.06729 56.1092 2.95163
 endloop
endfacet
facet normal 0.00291643 0.0612235 -0.99812
 outer loop
  vertex -2.86543 60.1527 3.95734
  vertex -2.90933 61.0743 4
  vertex 8.57033 59.6079 3.95734
 endloop
endfacet
facet normal -0.0501322 0.327808 -0.943413
 outer loop
  vertex -13.3643 55.0883 2.95163
  vertex -14.1976 58.5234 3.95734
  vertex -2.69724 56.622 2.95163
 endloop
endfacet
facet normal -0.00872289 0.060669 -0.99812
 outer loop
  vertex -14.1976 58.5234 3.95734
  vertex -14.4151 59.4201 4
  vertex -2.86543 60.1527 3.95734
 endloop
endfacet
facet normal -0.111264 0.312397 -0.943413
 outer loop
  vertex -23.5483 51.5636 2.95163
  vertex -25.0167 54.7789 3.95734
  vertex -13.3643 55.0883 2.95163
 endloop
endfacet
facet normal -0.0200469 0.0579218 -0.99812
 outer loop
  vertex -25.0167 54.7789 3.95734
  vertex -25.4 55.6182 4
  vertex -14.1976 58.5234 3.95734
 endloop
endfacet
facet normal -0.168375 0.285695 -0.943413
 outer loop
  vertex -32.8812 46.1752 2.95163
  vertex -34.9316 49.0545 3.95734
  vertex -23.5483 51.5636 2.95163
 endloop
endfacet
facet normal -0.0306464 0.0530812 -0.99812
 outer loop
  vertex -34.9316 49.0545 3.95734
  vertex -35.4668 49.8061 4
  vertex -25.0167 54.7789 3.95734
 endloop
endfacet
facet normal -0.219401 0.248667 -0.943413
 outer loop
  vertex -41.0257 39.118 2.95163
  vertex -43.5839 41.5572 3.95734
  vertex -32.8812 46.1752 2.95163
 endloop
endfacet
facet normal -0.0401383 0.0463221 -0.99812
 outer loop
  vertex -43.5839 41.5572 3.95734
  vertex -44.2517 42.1939 4
  vertex -34.9316 49.0545 3.95734
 endloop
endfacet
facet normal -0.262496 0.202651 -0.943413
 outer loop
  vertex -47.6875 30.6469 2.95163
  vertex -50.6611 32.5579 3.95734
  vertex -41.0257 39.118 2.95163
 endloop
endfacet
facet normal -0.0481795 0.0378888 -0.99812
 outer loop
  vertex -50.6611 32.5579 3.95734
  vertex -51.4373 33.0567 4
  vertex -43.5839 41.5572 3.95734
 endloop
endfacet
facet normal -0.296104 0.149311 -0.943413
 outer loop
  vertex -52.6257 21.0681 2.95163
  vertex -55.9072 22.3819 3.95734
  vertex -47.6875 30.6469 2.95163
 endloop
endfacet
facet normal -0.0544793 0.028086 -0.99812
 outer loop
  vertex -55.9072 22.3819 3.95734
  vertex -56.7638 22.7248 4
  vertex -50.6611 32.5579 3.95734
 endloop
endfacet
facet normal -0.319011 0.0905747 -0.943413
 outer loop
  vertex -55.6618 10.7279 2.95163
  vertex -59.1326 11.3969 3.95734
  vertex -52.6257 21.0681 2.95163
 endloop
endfacet
facet normal -0.0588101 0.0172682 -0.99812
 outer loop
  vertex -59.1326 11.3969 3.95734
  vertex -60.0387 11.5715 4
  vertex -55.9072 22.3819 3.95734
 endloop
endfacet
facet normal -0.0314085 0.993294 0.111268
 outer loop
  vertex 0 74.4132 154.713
  vertex 0 74.7089 151.517
  vertex -7.07343 74.0763 154.713
 endloop
endfacet
facet normal -0.146449 0.927652 0.343533
 outer loop
  vertex -6.83958 71.6273 162.688
  vertex -7.07343 74.0763 154.713
  vertex -20.2715 69.0385 162.688
 endloop
endfacet
facet normal -0.26874 0.749052 0.605558
 outer loop
  vertex -18.9469 64.5273 169.584
  vertex -20.2715 69.0385 162.688
  vertex -30.8164 59.7755 169.584
 endloop
endfacet
facet normal -0.315538 0.625598 0.713487
 outer loop
  vertex -28.5828 59.3529 170.966
  vertex -30.8164 59.7755 169.584
  vertex -30.1864 58.5535 170.966
 endloop
endfacet
facet normal -0.280396 0.658616 0.698286
 outer loop
  vertex -28.5828 59.3529 170.966
  vertex -18.9469 64.5273 169.584
  vertex -30.8164 59.7755 169.584
 endloop
endfacet
facet normal -0.232449 0.659911 0.714483
 outer loop
  vertex -28.5828 59.3529 170.966
  vertex -18.5596 63.2082 170.966
  vertex -18.9469 64.5273 169.584
 endloop
endfacet
facet normal -0.193832 0.673344 0.713469
 outer loop
  vertex -18.9469 64.5273 169.584
  vertex -18.5596 63.2082 170.966
  vertex -17.5256 63.5027 170.966
 endloop
endfacet
facet normal -0.10578 0.691465 0.714624
 outer loop
  vertex -6.39265 66.9469 169.584
  vertex -17.5256 63.5027 170.966
  vertex -6.26198 65.5784 170.966
 endloop
endfacet
facet normal -0.06537 0.697641 0.71346
 outer loop
  vertex -5.90514 65.6115 170.966
  vertex -6.39265 66.9469 169.584
  vertex -6.26198 65.5784 170.966
 endloop
endfacet
facet normal -0.0437086 0.715402 0.697345
 outer loop
  vertex -5.90514 65.6115 170.966
  vertex 0 67.2514 169.584
  vertex -6.39265 66.9469 169.584
 endloop
endfacet
facet normal -0.0204563 0.700083 0.713768
 outer loop
  vertex -5.90514 65.6115 170.966
  vertex 0 65.8767 170.966
  vertex 0 67.2514 169.584
 endloop
endfacet
facet normal -0.0633917 -0.99529 0.0733479
 outer loop
  vertex -9.1492E-15 -74.7089 151.517
  vertex -9.11299E-15 -74.4132 154.713
  vertex -14.1388 -73.3588 151.517
 endloop
endfacet
facet normal -0.126108 -0.985719 0.1116
 outer loop
  vertex -14.1388 -73.3588 151.517
  vertex -9.11299E-15 -74.4132 154.713
  vertex -14.0828 -73.0685 154.713
 endloop
endfacet
facet normal -0.310378 -0.94404 0.1116
 outer loop
  vertex -27.7665 -69.3574 151.517
  vertex -14.0828 -73.0685 154.713
  vertex -27.6566 -69.0829 154.713
 endloop
endfacet
facet normal -0.48343 -0.86824 0.1116
 outer loop
  vertex -40.3907 -62.8491 151.517
  vertex -27.6566 -69.0829 154.713
  vertex -40.2308 -62.6004 154.713
 endloop
endfacet
facet normal -0.639009 -0.76106 0.1116
 outer loop
  vertex -51.5551 -54.0694 151.517
  vertex -40.2308 -62.6004 154.713
  vertex -51.351 -53.8554 154.713
 endloop
endfacet
facet normal -0.771493 -0.626374 0.1116
 outer loop
  vertex -60.8561 -43.3354 151.517
  vertex -51.351 -53.8554 154.713
  vertex -60.6152 -43.1639 154.713
 endloop
endfacet
facet normal -0.876093 -0.469048 0.1116
 outer loop
  vertex -67.9576 -31.0352 151.517
  vertex -60.6152 -43.1639 154.713
  vertex -67.6887 -30.9124 154.713
 endloop
endfacet
facet normal -0.949029 -0.29477 0.1116
 outer loop
  vertex -72.603 -17.6133 151.517
  vertex -67.6887 -30.9124 154.713
  vertex -72.3156 -17.5436 154.713
 endloop
endfacet
facet normal -0.987664 -0.109839 0.1116
 outer loop
  vertex -74.6243 -3.55479 151.517
  vertex -72.3156 -17.5436 154.713
  vertex -74.3289 -3.54072 154.713
 endloop
endfacet
facet normal -0.990603 0.079063 0.1116
 outer loop
  vertex -73.9485 10.6322 151.517
  vertex -74.3289 -3.54072 154.713
  vertex -73.6558 10.5901 154.713
 endloop
endfacet
facet normal -0.957739 0.265107 0.1116
 outer loop
  vertex -70.6 24.4349 151.517
  vertex -73.6558 10.5901 154.713
  vertex -70.3206 24.3382 154.713
 endloop
endfacet
facet normal -0.890259 0.44157 0.1116
 outer loop
  vertex -64.6998 37.3545 151.517
  vertex -70.3206 24.3382 154.713
  vertex -64.4438 37.2066 154.713
 endloop
endfacet
facet normal -0.790604 0.602073 0.1116
 outer loop
  vertex -56.4612 48.9239 151.517
  vertex -64.4438 37.2066 154.713
  vertex -56.2378 48.7303 154.713
 endloop
endfacet
facet normal -0.662373 0.740815 0.1116
 outer loop
  vertex -46.182 58.7252 151.517
  vertex -56.2378 48.7303 154.713
  vertex -45.9992 58.4928 154.713
 endloop
endfacet
facet normal -0.510203 0.852783 0.1116
 outer loop
  vertex -34.2336 66.4039 151.517
  vertex -45.9992 58.4928 154.713
  vertex -34.0981 66.1411 154.713
 endloop
endfacet
facet normal -0.339593 0.933928 0.1116
 outer loop
  vertex -21.0479 71.6827 151.517
  vertex -34.0981 66.1411 154.713
  vertex -20.9646 71.399 154.713
 endloop
endfacet
facet normal -0.156709 0.981319 0.1116
 outer loop
  vertex -7.10153 74.3706 151.517
  vertex -20.9646 71.399 154.713
  vertex -7.07343 74.0763 154.713
 endloop
endfacet
facet normal -0.063153 0.995321 0.0731272
 outer loop
  vertex 0 74.7089 151.517
  vertex -7.10153 74.3706 151.517
  vertex -7.07343 74.0763 154.713
 endloop
endfacet
facet normal -0.399723 0.913697 0.0733479
 outer loop
  vertex -21.0479 71.6827 151.517
  vertex -34.2336 66.4039 151.517
  vertex -34.0981 66.1411 154.713
 endloop
endfacet
facet normal -0.565418 0.821537 0.0733479
 outer loop
  vertex -34.2336 66.4039 151.517
  vertex -46.182 58.7252 151.517
  vertex -45.9992 58.4928 154.713
 endloop
endfacet
facet normal -0.710677 0.699684 0.0733479
 outer loop
  vertex -46.182 58.7252 151.517
  vertex -56.4612 48.9239 151.517
  vertex -56.2378 48.7303 154.713
 endloop
endfacet
facet normal -0.83025 0.552544 0.0733479
 outer loop
  vertex -56.4612 48.9239 151.517
  vertex -64.6998 37.3545 151.517
  vertex -64.4438 37.2066 154.713
 endloop
endfacet
facet normal -0.919816 0.385433 0.0733479
 outer loop
  vertex -64.6998 37.3545 151.517
  vertex -70.6 24.4349 151.517
  vertex -70.3206 24.3382 154.713
 endloop
endfacet
facet normal -0.976137 0.204391 0.0733479
 outer loop
  vertex -70.6 24.4349 151.517
  vertex -73.9485 10.6322 151.517
  vertex -73.6558 10.5901 154.713
 endloop
endfacet
facet normal -0.997179 0.0159621 0.0733479
 outer loop
  vertex -73.9485 10.6322 151.517
  vertex -74.6243 -3.55479 151.517
  vertex -74.3289 -3.54072 154.713
 endloop
endfacet
facet normal -0.982179 -0.173044 0.0733479
 outer loop
  vertex -74.6243 -3.55479 151.517
  vertex -72.603 -17.6133 151.517
  vertex -72.3156 -17.5436 154.713
 endloop
endfacet
facet normal -0.931681 -0.355795 0.0733479
 outer loop
  vertex -72.603 -17.6133 151.517
  vertex -67.9576 -31.0352 151.517
  vertex -67.6887 -30.9124 154.713
 endloop
endfacet
facet normal -0.84751 -0.525687 0.0733479
 outer loop
  vertex -67.9576 -31.0352 151.517
  vertex -60.8561 -43.3354 151.517
  vertex -60.6152 -43.1639 154.713
 endloop
endfacet
facet normal -0.732707 -0.67658 0.0733479
 outer loop
  vertex -60.8561 -43.3354 151.517
  vertex -51.5551 -54.0694 151.517
  vertex -51.351 -53.8554 154.713
 endloop
endfacet
facet normal -0.591423 -0.803019 0.0733479
 outer loop
  vertex -51.5551 -54.0694 151.517
  vertex -40.3907 -62.8491 151.517
  vertex -40.2308 -62.6004 154.713
 endloop
endfacet
facet normal -0.428763 -0.900435 0.0733479
 outer loop
  vertex -40.3907 -62.8491 151.517
  vertex -27.7665 -69.3574 151.517
  vertex -27.6566 -69.0829 154.713
 endloop
endfacet
facet normal -0.250606 -0.965307 0.0733479
 outer loop
  vertex -27.7665 -69.3574 151.517
  vertex -14.1388 -73.3588 151.517
  vertex -14.0828 -73.0685 154.713
 endloop
endfacet
facet normal -0.0632468 -0.966851 0.247383
 outer loop
  vertex -9.11299E-15 -74.4132 154.713
  vertex -8.81171E-15 -71.9531 162.688
  vertex -14.0828 -73.0685 154.713
 endloop
endfacet
facet normal -0.120833 -0.931335 0.343533
 outer loop
  vertex -14.0828 -73.0685 154.713
  vertex -8.81171E-15 -71.9531 162.688
  vertex -13.6172 -70.6528 162.688
 endloop
endfacet
facet normal -0.294905 -0.891637 0.343533
 outer loop
  vertex -27.6566 -69.0829 154.713
  vertex -13.6172 -70.6528 162.688
  vertex -26.7423 -66.799 162.688
 endloop
endfacet
facet normal -0.458319 -0.819712 0.343533
 outer loop
  vertex -40.2308 -62.6004 154.713
  vertex -26.7423 -66.799 162.688
  vertex -38.9008 -60.5308 162.688
 endloop
endfacet
facet normal -0.605168 -0.718162 0.343533
 outer loop
  vertex -51.351 -53.8554 154.713
  vertex -38.9008 -60.5308 162.688
  vertex -49.6533 -52.0749 162.688
 endloop
endfacet
facet normal -0.730145 -0.590655 0.343533
 outer loop
  vertex -60.6152 -43.1639 154.713
  vertex -49.6533 -52.0749 162.688
  vertex -58.6113 -41.7369 162.688
 endloop
endfacet
facet normal -0.828733 -0.4418 0.343533
 outer loop
  vertex -67.6887 -30.9124 154.713
  vertex -58.6113 -41.7369 162.688
  vertex -65.4508 -29.8904 162.688
 endloop
endfacet
facet normal -0.897367 -0.276977 0.343533
 outer loop
  vertex -72.3156 -17.5436 154.713
  vertex -65.4508 -29.8904 162.688
  vertex -69.9249 -16.9636 162.688
 endloop
endfacet
facet normal -0.933569 -0.102144 0.343533
 outer loop
  vertex -74.3289 -3.54072 154.713
  vertex -69.9249 -16.9636 162.688
  vertex -71.8716 -3.42367 162.688
 endloop
endfacet
facet normal -0.936029 0.076381 0.343533
 outer loop
  vertex -73.6558 10.5901 154.713
  vertex -71.8716 -3.42367 162.688
  vertex -71.2207 10.24 162.688
 endloop
endfacet
facet normal -0.904659 0.252145 0.343533
 outer loop
  vertex -70.3206 24.3382 154.713
  vertex -71.2207 10.24 162.688
  vertex -67.9957 23.5336 162.688
 endloop
endfacet
facet normal -0.840592 0.418797 0.343533
 outer loop
  vertex -64.4438 37.2066 154.713
  vertex -67.9957 23.5336 162.688
  vertex -62.3132 35.9766 162.688
 endloop
endfacet
facet normal -0.746143 0.570311 0.343533
 outer loop
  vertex -56.2378 48.7303 154.713
  vertex -62.3132 35.9766 162.688
  vertex -54.3785 47.1193 162.688
 endloop
endfacet
facet normal -0.624727 0.701214 0.343533
 outer loop
  vertex -45.9992 58.4928 154.713
  vertex -54.3785 47.1193 162.688
  vertex -44.4785 56.559 162.688
 endloop
endfacet
facet normal -0.480732 0.806772 0.343533
 outer loop
  vertex -34.0981 66.1411 154.713
  vertex -44.4785 56.559 162.688
  vertex -32.9708 63.9545 162.688
 endloop
endfacet
facet normal -0.319362 0.883172 0.343533
 outer loop
  vertex -20.9646 71.399 154.713
  vertex -32.9708 63.9545 162.688
  vertex -20.2715 69.0385 162.688
 endloop
endfacet
facet normal -0.211709 0.945506 0.247383
 outer loop
  vertex -7.07343 74.0763 154.713
  vertex -20.9646 71.399 154.713
  vertex -20.2715 69.0385 162.688
 endloop
endfacet
facet normal -0.05758 -0.850552 0.52273
 outer loop
  vertex -8.81171E-15 -71.9531 162.688
  vertex -8.23592E-15 -67.2514 169.584
  vertex -13.6172 -70.6528 162.688
 endloop
endfacet
facet normal -0.10437 -0.788928 0.605558
 outer loop
  vertex -13.6172 -70.6528 162.688
  vertex -8.23592E-15 -67.2514 169.584
  vertex -12.7274 -66.0361 169.584
 endloop
endfacet
facet normal -0.251789 -0.754919 0.605558
 outer loop
  vertex -26.7423 -66.799 162.688
  vertex -12.7274 -66.0361 169.584
  vertex -24.9948 -62.4341 169.584
 endloop
endfacet
facet normal -0.390108 -0.693625 0.605558
 outer loop
  vertex -38.9008 -60.5308 162.688
  vertex -24.9948 -62.4341 169.584
  vertex -36.3589 -56.5755 169.584
 endloop
endfacet
facet normal -0.514328 -0.607262 0.605558
 outer loop
  vertex -49.6533 -52.0749 162.688
  vertex -36.3589 -56.5755 169.584
  vertex -46.4088 -48.6721 169.584
 endloop
endfacet
facet normal -0.619958 -0.498951 0.605558
 outer loop
  vertex -58.6113 -41.7369 162.688
  vertex -46.4088 -48.6721 169.584
  vertex -54.7814 -39.0097 169.584
 endloop
endfacet
facet normal -0.703182 -0.372606 0.605558
 outer loop
  vertex -65.4508 -29.8904 162.688
  vertex -54.7814 -39.0097 169.584
  vertex -61.174 -27.9373 169.584
 endloop
endfacet
facet normal -0.760991 -0.232795 0.605558
 outer loop
  vertex -69.9249 -16.9636 162.688
  vertex -61.174 -27.9373 169.584
  vertex -65.3557 -15.8551 169.584
 endloop
endfacet
facet normal -0.791295 -0.0845692 0.605558
 outer loop
  vertex -71.8716 -3.42367 162.688
  vertex -65.3557 -15.8551 169.584
  vertex -67.1753 -3.19995 169.584
 endloop
endfacet
facet normal -0.793 0.0667126 0.605558
 outer loop
  vertex -71.2207 10.24 162.688
  vertex -67.1753 -3.19995 169.584
  vertex -66.5669 9.57088 169.584
 endloop
endfacet
facet normal -0.766044 0.215583 0.605558
 outer loop
  vertex -67.9957 23.5336 162.688
  vertex -66.5669 9.57088 169.584
  vertex -63.5527 21.9958 169.584
 endloop
endfacet
facet normal -0.711401 0.356662 0.605558
 outer loop
  vertex -62.3132 35.9766 162.688
  vertex -63.5527 21.9958 169.584
  vertex -58.2414 33.6257 169.584
 endloop
endfacet
facet normal -0.631047 0.484851 0.605558
 outer loop
  vertex -54.3785 47.1193 162.688
  vertex -58.2414 33.6257 169.584
  vertex -50.8252 44.0403 169.584
 endloop
endfacet
facet normal -0.527884 0.595515 0.605558
 outer loop
  vertex -44.4785 56.559 162.688
  vertex -50.8252 44.0403 169.584
  vertex -41.5721 52.8632 169.584
 endloop
endfacet
facet normal -0.405643 0.684656 0.605558
 outer loop
  vertex -32.9708 63.9545 162.688
  vertex -41.5721 52.8632 169.584
  vertex -30.8164 59.7755 169.584
 endloop
endfacet
facet normal -0.338566 0.782385 0.52273
 outer loop
  vertex -20.2715 69.0385 162.688
  vertex -32.9708 63.9545 162.688
  vertex -30.8164 59.7755 169.584
 endloop
endfacet
facet normal -0.0408009 -0.698243 0.714698
 outer loop
  vertex -8.06757E-15 -65.8767 170.966
  vertex -11.7627 -64.818 170.966
  vertex -8.23592E-15 -67.2514 169.584
 endloop
endfacet
facet normal -0.0871715 -0.710396 0.698383
 outer loop
  vertex -8.23592E-15 -67.2514 169.584
  vertex -11.7627 -64.818 170.966
  vertex -12.7274 -66.0361 169.584
 endloop
endfacet
facet normal -0.130169 -0.688496 0.713463
 outer loop
  vertex -12.7274 -66.0361 169.584
  vertex -11.7627 -64.818 170.966
  vertex -12.4672 -64.6862 170.966
 endloop
endfacet
facet normal -0.169849 -0.678651 0.714552
 outer loop
  vertex -23.1474 -61.6761 170.966
  vertex -12.7274 -66.0361 169.584
  vertex -12.4672 -64.6862 170.966
 endloop
endfacet
facet normal -0.217695 -0.681882 0.698316
 outer loop
  vertex -23.1474 -61.6761 170.966
  vertex -24.9948 -62.4341 169.584
  vertex -12.7274 -66.0361 169.584
 endloop
endfacet
facet normal -0.255802 -0.652316 0.713477
 outer loop
  vertex -23.1474 -61.6761 170.966
  vertex -24.4839 -61.1578 170.966
  vertex -24.9948 -62.4341 169.584
 endloop
endfacet
facet normal -0.293033 -0.635407 0.714415
 outer loop
  vertex -24.9948 -62.4341 169.584
  vertex -24.4839 -61.1578 170.966
  vertex -33.7881 -56.5518 170.966
 endloop
endfacet
facet normal -0.372519 -0.593421 0.713499
 outer loop
  vertex -36.3589 -56.5755 169.584
  vertex -33.7881 -56.5518 170.966
  vertex -35.6156 -55.419 170.966
 endloop
endfacet
facet normal -0.406054 -0.570011 0.714288
 outer loop
  vertex -43.3428 -49.6099 170.966
  vertex -36.3589 -56.5755 169.584
  vertex -35.6156 -55.419 170.966
 endloop
endfacet
facet normal -0.451754 -0.555357 0.69821
 outer loop
  vertex -43.3428 -49.6099 170.966
  vertex -46.4088 -48.6721 169.584
  vertex -36.3589 -56.5755 169.584
 endloop
endfacet
facet normal -0.476254 -0.513863 0.713531
 outer loop
  vertex -43.3428 -49.6099 170.966
  vertex -45.4601 -47.6772 170.966
  vertex -46.4088 -48.6721 169.584
 endloop
endfacet
facet normal -0.504969 -0.484735 0.71417
 outer loop
  vertex -46.4088 -48.6721 169.584
  vertex -45.4601 -47.6772 170.966
  vertex -51.5045 -41.0734 170.966
 endloop
endfacet
facet normal -0.563392 -0.416418 0.713572
 outer loop
  vertex -54.7814 -39.0097 169.584
  vertex -51.5045 -41.0734 170.966
  vertex -53.6616 -38.2122 170.966
 endloop
endfacet
facet normal -0.586325 -0.382545 0.71406
 outer loop
  vertex -58.0107 -31.2169 170.966
  vertex -54.7814 -39.0097 169.584
  vertex -53.6616 -38.2122 170.966
 endloop
endfacet
facet normal -0.623429 -0.352044 0.698141
 outer loop
  vertex -58.0107 -31.2169 170.966
  vertex -61.174 -27.9373 169.584
  vertex -54.7814 -39.0097 169.584
 endloop
endfacet
facet normal -0.630898 -0.304484 0.713622
 outer loop
  vertex -58.0107 -31.2169 170.966
  vertex -59.9235 -27.3662 170.966
  vertex -61.174 -27.9373 169.584
 endloop
endfacet
facet normal -0.647281 -0.266998 0.71396
 outer loop
  vertex -61.174 -27.9373 169.584
  vertex -59.9235 -27.3662 170.966
  vertex -62.6525 -20.357 170.966
 endloop
endfacet
facet normal -0.676423 -0.181963 0.713681
 outer loop
  vertex -65.3557 -15.8551 169.584
  vertex -62.6525 -20.357 170.966
  vertex -64.0197 -15.531 170.966
 endloop
endfacet
facet normal -0.685706 -0.142119 0.713869
 outer loop
  vertex -65.2805 -8.84284 170.966
  vertex -65.3557 -15.8551 169.584
  vertex -64.0197 -15.531 170.966
 endloop
endfacet
facet normal -0.708967 -0.100051 0.698109
 outer loop
  vertex -65.2805 -8.84284 170.966
  vertex -67.1753 -3.19995 169.584
  vertex -65.3557 -15.8551 169.584
 endloop
endfacet
facet normal -0.698383 -0.0531281 0.71375
 outer loop
  vertex -65.2805 -8.84284 170.966
  vertex -65.8021 -3.13454 170.966
  vertex -67.1753 -3.19995 169.584
 endloop
endfacet
facet normal -0.700255 -0.0122584 0.713787
 outer loop
  vertex -67.1753 -3.19995 169.584
  vertex -65.8021 -3.13454 170.966
  vertex -65.8104 2.95555 170.966
 endloop
endfacet
facet normal -0.696017 0.0775306 0.713827
 outer loop
  vertex -66.5669 9.57088 169.584
  vertex -65.8104 2.95555 170.966
  vertex -65.2062 9.37523 170.966
 endloop
endfacet
facet normal -0.690416 0.118058 0.713714
 outer loop
  vertex -64.225 14.6589 170.966
  vertex -66.5669 9.57088 169.584
  vertex -65.2062 9.37523 170.966
 endloop
endfacet
facet normal -0.69653 0.165779 0.698114
 outer loop
  vertex -64.225 14.6589 170.966
  vertex -63.5527 21.9958 169.584
  vertex -66.5669 9.57088 169.584
 endloop
endfacet
facet normal -0.669413 0.205459 0.713914
 outer loop
  vertex -64.225 14.6589 170.966
  vertex -62.2535 21.5462 170.966
  vertex -63.5527 21.9958 169.584
 endloop
endfacet
facet normal -0.656526 0.244287 0.713651
 outer loop
  vertex -63.5527 21.9958 169.584
  vertex -62.2535 21.5462 170.966
  vertex -60.5755 25.8912 170.966
 endloop
endfacet
facet normal -0.619504 0.326199 0.714009
 outer loop
  vertex -58.2414 33.6257 169.584
  vertex -60.5755 25.8912 170.966
  vertex -57.0509 32.9383 170.966
 endloop
endfacet
facet normal -0.599763 0.362029 0.713596
 outer loop
  vertex -54.9789 36.2913 170.966
  vertex -58.2414 33.6257 169.584
  vertex -57.0509 32.9383 170.966
 endloop
endfacet
facet normal -0.587841 0.408684 0.698155
 outer loop
  vertex -54.9789 36.2913 170.966
  vertex -50.8252 44.0403 169.584
  vertex -58.2414 33.6257 169.584
 endloop
endfacet
facet normal -0.548035 0.435544 0.714114
 outer loop
  vertex -54.9789 36.2913 170.966
  vertex -49.7863 43.1401 170.966
  vertex -50.8252 44.0403 169.584
 endloop
endfacet
facet normal -0.522102 0.467178 0.713551
 outer loop
  vertex -50.8252 44.0403 169.584
  vertex -49.7863 43.1401 170.966
  vertex -47.6153 45.5249 170.966
 endloop
endfacet
facet normal -0.457504 0.529688 0.714228
 outer loop
  vertex -41.5721 52.8632 169.584
  vertex -47.6153 45.5249 170.966
  vertex -40.7223 51.7826 170.966
 endloop
endfacet
facet normal -0.426247 0.556067 0.713514
 outer loop
  vertex -38.7214 53.2954 170.966
  vertex -41.5721 52.8632 169.584
  vertex -40.7223 51.7826 170.966
 endloop
endfacet
facet normal -0.397939 0.595076 0.698233
 outer loop
  vertex -38.7214 53.2954 170.966
  vertex -30.8164 59.7755 169.584
  vertex -41.5721 52.8632 169.584
 endloop
endfacet
facet normal -0.35107 0.605354 0.714351
 outer loop
  vertex -38.7214 53.2954 170.966
  vertex -30.1864 58.5535 170.966
  vertex -30.8164 59.7755 169.584
 endloop
endfacet
facet normal -0.0234742 0.796303 0.604442
 outer loop
  vertex 0 67.2514 169.584
  vertex 0 71.9531 162.688
  vertex -6.39265 66.9469 169.584
 endloop
endfacet
facet normal -0.0523329 0.851617 0.521545
 outer loop
  vertex -6.39265 66.9469 169.584
  vertex 0 71.9531 162.688
  vertex -6.83958 71.6273 162.688
 endloop
endfacet
facet normal -0.184381 0.832321 0.52273
 outer loop
  vertex -18.9469 64.5273 169.584
  vertex -6.83958 71.6273 162.688
  vertex -20.2715 69.0385 162.688
 endloop
endfacet
facet normal -0.122125 0.786375 0.605558
 outer loop
  vertex -18.9469 64.5273 169.584
  vertex -6.39265 66.9469 169.584
  vertex -6.83958 71.6273 162.688
 endloop
endfacet
facet normal -0.153099 0.699193 0.698348
 outer loop
  vertex -18.9469 64.5273 169.584
  vertex -17.5256 63.5027 170.966
  vertex -6.39265 66.9469 169.584
 endloop
endfacet
facet normal -0.0288588 0.939026 0.342633
 outer loop
  vertex 0 71.9531 162.688
  vertex 0 74.4132 154.713
  vertex -6.83958 71.6273 162.688
 endloop
endfacet
facet normal -0.0605371 0.967207 0.246671
 outer loop
  vertex -6.83958 71.6273 162.688
  vertex 0 74.4132 154.713
  vertex -7.07343 74.0763 154.713
 endloop
endfacet
facet normal -0.219582 0.972833 0.0733479
 outer loop
  vertex -21.0479 71.6827 151.517
  vertex -20.9646 71.399 154.713
  vertex -7.10153 74.3706 151.517
 endloop
endfacet
facet normal -0.386821 0.888353 0.247383
 outer loop
  vertex -34.0981 66.1411 154.713
  vertex -32.9708 63.9545 162.688
  vertex -20.9646 71.399 154.713
 endloop
endfacet
facet normal -0.547952 0.799093 0.247383
 outer loop
  vertex -45.9992 58.4928 154.713
  vertex -44.4785 56.559 162.688
  vertex -34.0981 66.1411 154.713
 endloop
endfacet
facet normal -0.480515 0.704172 0.52273
 outer loop
  vertex -44.4785 56.559 162.688
  vertex -41.5721 52.8632 169.584
  vertex -32.9708 63.9545 162.688
 endloop
endfacet
facet normal -0.68928 0.680952 0.247383
 outer loop
  vertex -56.2378 48.7303 154.713
  vertex -54.3785 47.1193 162.688
  vertex -45.9992 58.4928 154.713
 endloop
endfacet
facet normal -0.605097 0.600509 0.52273
 outer loop
  vertex -54.3785 47.1193 162.688
  vertex -50.8252 44.0403 169.584
  vertex -44.4785 56.559 162.688
 endloop
endfacet
facet normal -0.501627 0.510786 0.698189
 outer loop
  vertex -41.5721 52.8632 169.584
  vertex -50.8252 44.0403 169.584
  vertex -47.6153 45.5249 170.966
 endloop
endfacet
facet normal -0.805694 0.538199 0.247383
 outer loop
  vertex -64.4438 37.2066 154.713
  vertex -62.3132 35.9766 162.688
  vertex -56.2378 48.7303 154.713
 endloop
endfacet
facet normal -0.707809 0.475142 0.52273
 outer loop
  vertex -62.3132 35.9766 162.688
  vertex -58.2414 33.6257 169.584
  vertex -54.3785 47.1193 162.688
 endloop
endfacet
facet normal -0.892989 0.375994 0.247383
 outer loop
  vertex -70.3206 24.3382 154.713
  vertex -67.9957 23.5336 162.688
  vertex -64.4438 37.2066 154.713
 endloop
endfacet
facet normal -0.78494 0.332601 0.52273
 outer loop
  vertex -67.9957 23.5336 162.688
  vertex -63.5527 21.9958 169.584
  vertex -62.3132 35.9766 162.688
 endloop
endfacet
facet normal -0.653574 0.292329 0.69813
 outer loop
  vertex -58.2414 33.6257 169.584
  vertex -63.5527 21.9958 169.584
  vertex -60.5755 25.8912 170.966
 endloop
endfacet
facet normal -0.948009 0.2002 0.247383
 outer loop
  vertex -73.6558 10.5901 154.713
  vertex -71.2207 10.24 162.688
  vertex -70.3206 24.3382 154.713
 endloop
endfacet
facet normal -0.8337 0.17804 0.52273
 outer loop
  vertex -71.2207 10.24 162.688
  vertex -66.5669 9.57088 169.584
  vertex -67.9957 23.5336 162.688
 endloop
endfacet
facet normal -0.968766 0.0171706 0.247383
 outer loop
  vertex -74.3289 -3.54072 154.713
  vertex -71.8716 -3.42367 162.688
  vertex -73.6558 10.5901 154.713
 endloop
endfacet
facet normal -0.852328 0.0170439 0.52273
 outer loop
  vertex -71.8716 -3.42367 162.688
  vertex -67.1753 -3.19995 169.584
  vertex -71.2207 10.24 162.688
 endloop
endfacet
facet normal -0.715212 0.0334476 0.698107
 outer loop
  vertex -66.5669 9.57088 169.584
  vertex -67.1753 -3.19995 169.584
  vertex -65.8104 2.95555 170.966
 endloop
endfacet
facet normal -0.954508 -0.16648 0.247383
 outer loop
  vertex -72.3156 -17.5436 154.713
  vertex -69.9249 -16.9636 162.688
  vertex -74.3289 -3.54072 154.713
 endloop
endfacet
facet normal -0.840151 -0.144568 0.52273
 outer loop
  vertex -69.9249 -16.9636 162.688
  vertex -65.3557 -15.8551 169.584
  vertex -71.8716 -3.42367 162.688
 endloop
endfacet
facet normal -0.905753 -0.344113 0.247383
 outer loop
  vertex -67.6887 -30.9124 154.713
  vertex -65.4508 -29.8904 162.688
  vertex -72.3156 -17.5436 154.713
 endloop
endfacet
facet normal -0.797609 -0.300955 0.52273
 outer loop
  vertex -65.4508 -29.8904 162.688
  vertex -61.174 -27.9373 169.584
  vertex -69.9249 -16.9636 162.688
 endloop
endfacet
facet normal -0.678012 -0.230059 0.69812
 outer loop
  vertex -65.3557 -15.8551 169.584
  vertex -61.174 -27.9373 169.584
  vertex -62.6525 -20.357 170.966
 endloop
endfacet
facet normal -0.824261 -0.509309 0.247383
 outer loop
  vertex -60.6152 -43.1639 154.713
  vertex -58.6113 -41.7369 162.688
  vertex -67.6887 -30.9124 154.713
 endloop
endfacet
facet normal -0.726239 -0.446465 0.52273
 outer loop
  vertex -58.6113 -41.7369 162.688
  vertex -54.7814 -39.0097 169.584
  vertex -65.4508 -29.8904 162.688
 endloop
endfacet
facet normal -0.712978 -0.656098 0.247383
 outer loop
  vertex -51.351 -53.8554 154.713
  vertex -49.6533 -52.0749 162.688
  vertex -60.6152 -43.1639 154.713
 endloop
endfacet
facet normal -0.628621 -0.575839 0.52273
 outer loop
  vertex -49.6533 -52.0749 162.688
  vertex -46.4088 -48.6721 169.584
  vertex -58.6113 -41.7369 162.688
 endloop
endfacet
facet normal -0.547122 -0.461752 0.698171
 outer loop
  vertex -54.7814 -39.0097 169.584
  vertex -46.4088 -48.6721 169.584
  vertex -51.5045 -41.0734 170.966
 endloop
endfacet
facet normal -0.575926 -0.779173 0.247383
 outer loop
  vertex -40.2308 -62.6004 154.713
  vertex -38.9008 -60.5308 162.688
  vertex -51.351 -53.8554 154.713
 endloop
endfacet
facet normal -0.508282 -0.6844 0.52273
 outer loop
  vertex -38.9008 -60.5308 162.688
  vertex -36.3589 -56.5755 169.584
  vertex -49.6533 -52.0749 162.688
 endloop
endfacet
facet normal -0.418059 -0.874087 0.247383
 outer loop
  vertex -27.6566 -69.0829 154.713
  vertex -26.7423 -66.799 162.688
  vertex -40.2308 -62.6004 154.713
 endloop
endfacet
facet normal -0.369574 -0.768225 0.52273
 outer loop
  vertex -26.7423 -66.799 162.688
  vertex -24.9948 -62.4341 169.584
  vertex -38.9008 -60.5308 162.688
 endloop
endfacet
facet normal -0.340653 -0.629596 0.698259
 outer loop
  vertex -36.3589 -56.5755 169.584
  vertex -24.9948 -62.4341 169.584
  vertex -33.7881 -56.5518 170.966
 endloop
endfacet
facet normal -0.245082 -0.937409 0.247383
 outer loop
  vertex -14.0828 -73.0685 154.713
  vertex -13.6172 -70.6528 162.688
  vertex -27.6566 -69.0829 154.713
 endloop
endfacet
facet normal -0.217507 -0.824284 0.52273
 outer loop
  vertex -13.6172 -70.6528 162.688
  vertex -12.7274 -66.0361 169.584
  vertex -26.7423 -66.799 162.688
 endloop
endfacet
facet normal 0.994068 -7.10786E-09 0.108758
 outer loop
  vertex 88.0708 1.73472E-15 17.7019
  vertex 88.0696 0.694228 17.7482
  vertex 88.0522 1.73472E-15 17.8247
 endloop
endfacet
facet normal 0.981722 -0.0161518 0.189633
 outer loop
  vertex 88.0522 1.73472E-15 17.8247
  vertex 88.0696 0.694228 17.7482
  vertex 88.0496 0.996218 17.9232
 endloop
endfacet
facet normal 0.902593 -0.0479854 0.427813
 outer loop
  vertex 88.0018 1.73472E-15 17.9426
  vertex 88.0496 0.996218 17.9232
  vertex 87.9992 0.972941 18.0389
 endloop
endfacet
facet normal 0.763658 -0.0772596 0.640981
 outer loop
  vertex 87.9231 1.73472E-15 18.0439
  vertex 87.9992 0.972941 18.0389
  vertex 87.9205 0.952782 18.1381
 endloop
endfacet
facet normal 0.578687 -0.101174 0.80925
 outer loop
  vertex 87.8247 1.73472E-15 18.1197
  vertex 87.9205 0.952782 18.1381
  vertex 87.8221 0.941724 18.213
 endloop
endfacet
facet normal 0.644556 -0.0454154 0.763207
 outer loop
  vertex 87.8247 1.73472E-15 18.1197
  vertex 87.9231 1.73472E-15 18.0439
  vertex 87.9205 0.952782 18.1381
 endloop
endfacet
facet normal 0.994105 -0.0161497 0.107208
 outer loop
  vertex 88.0696 0.694228 17.7482
  vertex 88.0653 1.46436 17.9112
  vertex 88.0496 0.996218 17.9232
 endloop
endfacet
facet normal 0.981858 -0.0478748 0.183475
 outer loop
  vertex 88.0496 0.996218 17.9232
  vertex 88.0653 1.46436 17.9112
  vertex 88.0419 1.95413 18.2137
 endloop
endfacet
facet normal 0.936598 -0.140394 0.32105
 outer loop
  vertex 87.9916 1.90841 18.3227
  vertex 88.0419 1.95413 18.2137
  vertex 88.0295 2.83662 18.6861
 endloop
endfacet
facet normal 0.93717 -0.196021 0.288596
 outer loop
  vertex 87.9792 2.77012 18.7843
  vertex 88.0295 2.83662 18.6861
  vertex 88.0128 3.61031 19.3212
 endloop
endfacet
facet normal 0.937928 -0.244522 0.245969
 outer loop
  vertex 87.9626 3.52545 19.4047
  vertex 88.0128 3.61031 19.3212
  vertex 87.9924 4.24464 20.0954
 endloop
endfacet
facet normal 0.938834 -0.284074 0.194662
 outer loop
  vertex 87.9423 4.14453 20.161
  vertex 87.9924 4.24464 20.0954
  vertex 87.9691 4.71622 20.9782
 endloop
endfacet
facet normal 0.939868 -0.313092 0.136461
 outer loop
  vertex 87.9192 4.60456 21.0231
  vertex 87.9691 4.71622 20.9782
  vertex 87.9439 5.00586 21.9361
 endloop
endfacet
facet normal 0.940982 -0.330383 0.0734842
 outer loop
  vertex 87.8941 4.88684 21.9585
  vertex 87.9439 5.00586 21.9361
  vertex 87.9177 5.10367 22.932
 endloop
endfacet
facet normal 0.942146 -0.335106 0.00804959
 outer loop
  vertex 87.868 4.98178 22.9307
  vertex 87.9177 5.10367 22.932
  vertex 87.8914 5.00472 23.9276
 endloop
endfacet
facet normal 0.943305 -0.326937 -0.0573465
 outer loop
  vertex 87.8419 4.88467 23.9024
  vertex 87.8914 5.00472 23.9276
  vertex 87.8662 4.7141 24.8849
 endloop
endfacet
facet normal 0.944424 -0.305987 -0.120149
 outer loop
  vertex 87.8168 4.60054 24.8366
  vertex 87.8662 4.7141 24.8849
  vertex 87.843 4.24188 25.7667
 endloop
endfacet
facet normal 0.945447 -0.272951 -0.177843
 outer loop
  vertex 87.7937 4.13929 25.6969
  vertex 87.843 4.24188 25.7667
  vertex 87.8226 3.60731 26.5398
 endloop
endfacet
facet normal 0.946343 -0.228976 -0.228046
 outer loop
  vertex 87.7735 3.51976 26.451
  vertex 87.8226 3.60731 26.5398
  vertex 87.8059 2.83386 27.1737
 endloop
endfacet
facet normal 0.947063 -0.175757 -0.268666
 outer loop
  vertex 87.7569 2.76489 27.0692
  vertex 87.8059 2.83386 27.1737
  vertex 87.7935 1.952 27.6452
 endloop
endfacet
facet normal 0.947587 -0.115361 -0.297944
 outer loop
  vertex 87.7445 1.90439 27.529
  vertex 87.7935 1.952 27.6452
  vertex 87.7859 0.995073 27.935
 endloop
endfacet
facet normal 0.915371 -0.0502656 -0.399462
 outer loop
  vertex 87.7369 0.970772 27.8116
  vertex 87.7859 0.995073 27.935
  vertex 87.7344 2.3441E-15 27.9074
 endloop
endfacet
facet normal 0.828543 -0.0333249 -0.558933
 outer loop
  vertex 87.6535 2.33111E-15 27.7992
  vertex 87.7369 0.970772 27.8116
  vertex 87.7344 2.3441E-15 27.9074
 endloop
endfacet
facet normal 0.774538 -0.0806228 -0.627368
 outer loop
  vertex 87.6535 2.33111E-15 27.7992
  vertex 87.6561 0.950077 27.7054
  vertex 87.7369 0.970772 27.8116
 endloop
endfacet
facet normal 0.650979 -0.104742 -0.751835
 outer loop
  vertex 87.6535 2.33111E-15 27.7992
  vertex 87.5534 0.933579 27.6273
  vertex 87.6561 0.950077 27.7054
 endloop
endfacet
facet normal 0.582165 -0.0574951 -0.811035
 outer loop
  vertex 87.6535 2.33111E-15 27.7992
  vertex 87.5508 2.2355E-12 27.719
  vertex 87.5534 0.933579 27.6273
 endloop
endfacet
facet normal 0.994217 -0.0317189 0.102602
 outer loop
  vertex 88.0653 1.46436 17.9112
  vertex 88.057 2.29173 18.2309
  vertex 88.0419 1.95413 18.2137
 endloop
endfacet
facet normal 0.982124 -0.0778798 0.171366
 outer loop
  vertex 88.0419 1.95413 18.2137
  vertex 88.057 2.29173 18.2309
  vertex 88.0295 2.83662 18.6861
 endloop
endfacet
facet normal 0.994397 -0.0461508 0.0951006
 outer loop
  vertex 88.0295 2.83662 18.6861
  vertex 88.057 2.29173 18.2309
  vertex 88.0434 3.13791 18.748
 endloop
endfacet
facet normal 0.994642 -0.05891 0.0849486
 outer loop
  vertex 88.0128 3.61031 19.3212
  vertex 88.0434 3.13791 18.748
  vertex 88.0239 3.9403 19.4932
 endloop
endfacet
facet normal 0.994942 -0.0695234 0.072502
 outer loop
  vertex 87.9924 4.24464 20.0954
  vertex 88.0239 3.9403 19.4932
  vertex 87.9983 4.61457 20.471
 endloop
endfacet
facet normal 0.995288 -0.0775663 0.0581877
 outer loop
  vertex 87.9691 4.71622 20.9782
  vertex 87.9983 4.61457 20.471
  vertex 87.9676 5.06893 21.6449
 endloop
endfacet
facet normal 0.995665 -0.0827191 0.0425243
 outer loop
  vertex 87.9439 5.00586 21.9361
  vertex 87.9676 5.06893 21.6449
  vertex 87.9338 5.22985 22.9324
 endloop
endfacet
facet normal 0.9857 -0.168259 0.009202
 outer loop
  vertex 87.9177 5.10367 22.932
  vertex 87.9338 5.22985 22.9324
  vertex 87.8914 5.00472 23.9276
 endloop
endfacet
facet normal 0.984971 -0.167474 0.0422471
 outer loop
  vertex 87.9177 5.10367 22.932
  vertex 87.9439 5.00586 21.9361
  vertex 87.9338 5.22985 22.9324
 endloop
endfacet
facet normal 0.996462 -0.0835029 0.00948554
 outer loop
  vertex 87.9338 5.22985 22.9324
  vertex 87.9001 5.06893 24.2199
  vertex 87.8914 5.00472 23.9276
 endloop
endfacet
facet normal 0.986422 -0.162538 -0.023508
 outer loop
  vertex 87.8914 5.00472 23.9276
  vertex 87.9001 5.06893 24.2199
  vertex 87.8662 4.7141 24.8849
 endloop
endfacet
facet normal 0.996852 -0.0790126 -0.00662074
 outer loop
  vertex 87.8662 4.7141 24.8849
  vertex 87.9001 5.06893 24.2199
  vertex 87.8694 4.61457 25.3938
 endloop
endfacet
facet normal 0.997213 -0.071416 -0.0216
 outer loop
  vertex 87.843 4.24188 25.7667
  vertex 87.8694 4.61457 25.3938
  vertex 87.8438 3.9403 26.3716
 endloop
endfacet
facet normal 0.997533 -0.060956 -0.0348274
 outer loop
  vertex 87.8226 3.60731 26.5398
  vertex 87.8438 3.9403 26.3716
  vertex 87.8243 3.13791 27.1168
 endloop
endfacet
facet normal 0.997796 -0.0480439 -0.0457659
 outer loop
  vertex 87.8059 2.83386 27.1737
  vertex 87.8243 3.13791 27.1168
  vertex 87.8107 2.29173 27.634
 endloop
endfacet
facet normal 0.997994 -0.033166 -0.0539269
 outer loop
  vertex 87.7935 1.952 27.6452
  vertex 87.8107 2.29173 27.634
  vertex 87.8024 1.46436 27.9537
 endloop
endfacet
facet normal 0.998115 -0.016934 -0.0589821
 outer loop
  vertex 87.7859 0.995073 27.935
  vertex 87.8024 1.46436 27.9537
  vertex 87.7981 0.694228 28.1166
 endloop
endfacet
facet normal 0.998157 1.06703E-08 -0.0606825
 outer loop
  vertex 87.7833 2.35937E-15 28.0333
  vertex 87.7981 0.694228 28.1166
  vertex 87.7969 2.37519E-15 28.1629
 endloop
endfacet
facet normal 0.98913 -0.0169364 -0.146062
 outer loop
  vertex 87.7833 2.35937E-15 28.0333
  vertex 87.7859 0.995073 27.935
  vertex 87.7981 0.694228 28.1166
 endloop
endfacet
facet normal 0.947943 -0.016951 -0.317989
 outer loop
  vertex 87.7833 2.35937E-15 28.0333
  vertex 87.7344 2.3441E-15 27.9074
  vertex 87.7859 0.995073 27.935
 endloop
endfacet
facet normal 0.582109 -0.217467 -0.783491
 outer loop
  vertex 87.5534 0.933579 27.6273
  vertex 87.5612 1.83496 27.3543
  vertex 87.6561 0.950077 27.7054
 endloop
endfacet
facet normal 0.650825 -0.252508 -0.716007
 outer loop
  vertex 87.6561 0.950077 27.7054
  vertex 87.5612 1.83496 27.3543
  vertex 87.6638 1.86383 27.4289
 endloop
endfacet
facet normal 0.828196 -0.191164 -0.526828
 outer loop
  vertex 87.7369 0.970772 27.8116
  vertex 87.6638 1.86383 27.4289
  vertex 87.7445 1.90439 27.529
 endloop
endfacet
facet normal 0.915166 -0.115504 -0.386173
 outer loop
  vertex 87.7859 0.995073 27.935
  vertex 87.7369 0.970772 27.8116
  vertex 87.7445 1.90439 27.529
 endloop
endfacet
facet normal 0.650646 -0.339474 -0.679277
 outer loop
  vertex 87.6638 1.86383 27.4289
  vertex 87.5612 1.83496 27.3543
  vertex 87.6762 2.70608 26.9791
 endloop
endfacet
facet normal 0.82766 -0.293953 -0.47809
 outer loop
  vertex 87.7445 1.90439 27.529
  vertex 87.6762 2.70608 26.9791
  vertex 87.7569 2.76489 27.0692
 endloop
endfacet
facet normal 0.914688 -0.192959 -0.355124
 outer loop
  vertex 87.7935 1.952 27.6452
  vertex 87.7445 1.90439 27.529
  vertex 87.7569 2.76489 27.0692
 endloop
endfacet
facet normal 0.580805 -0.789143 -0.199799
 outer loop
  vertex 87.6611 4.70609 23.8597
  vertex 87.7619 4.78173 23.8799
  vertex 87.6354 4.43162 24.7613
 endloop
endfacet
facet normal 0.580375 -0.809072 -0.092563
 outer loop
  vertex 87.6611 4.70609 23.8597
  vertex 87.6857 4.79841 23
  vertex 87.7619 4.78173 23.8799
 endloop
endfacet
facet normal 0.647807 -0.761044 -0.0340478
 outer loop
  vertex 87.7619 4.78173 23.8799
  vertex 87.6857 4.79841 23
  vertex 87.7882 4.87709 22.9286
 endloop
endfacet
facet normal 0.822561 -0.568567 -0.0111586
 outer loop
  vertex 87.8419 4.88467 23.9024
  vertex 87.7882 4.87709 22.9286
  vertex 87.868 4.98178 22.9307
 endloop
endfacet
facet normal 0.90958 -0.414745 -0.0254952
 outer loop
  vertex 87.8914 5.00472 23.9276
  vertex 87.8419 4.88467 23.9024
  vertex 87.868 4.98178 22.9307
 endloop
endfacet
facet normal 0.581141 -0.734348 -0.350726
 outer loop
  vertex 87.6354 4.43162 24.7613
  vertex 87.7367 4.50332 24.7942
  vertex 87.6118 3.9892 25.5875
 endloop
endfacet
facet normal 0.648726 -0.724556 -0.23275
 outer loop
  vertex 87.6354 4.43162 24.7613
  vertex 87.7619 4.78173 23.8799
  vertex 87.7367 4.50332 24.7942
 endloop
endfacet
facet normal 0.770715 -0.610532 -0.182344
 outer loop
  vertex 87.7367 4.50332 24.7942
  vertex 87.7619 4.78173 23.8799
  vertex 87.8168 4.60054 24.8366
 endloop
endfacet
facet normal 0.912004 -0.36751 -0.182167
 outer loop
  vertex 87.7937 4.13929 25.6969
  vertex 87.8168 4.60054 24.8366
  vertex 87.843 4.24188 25.7667
 endloop
endfacet
facet normal 0.824931 -0.517096 -0.228256
 outer loop
  vertex 87.7937 4.13929 25.6969
  vertex 87.7367 4.50332 24.7942
  vertex 87.8168 4.60054 24.8366
 endloop
endfacet
facet normal 0.771712 -0.561438 -0.298743
 outer loop
  vertex 87.7937 4.13929 25.6969
  vertex 87.7134 4.0516 25.6362
  vertex 87.7367 4.50332 24.7942
 endloop
endfacet
facet normal 0.825991 -0.460139 -0.325593
 outer loop
  vertex 87.7937 4.13929 25.6969
  vertex 87.7735 3.51976 26.451
  vertex 87.7134 4.0516 25.6362
 endloop
endfacet
facet normal 0.913072 -0.321475 -0.250905
 outer loop
  vertex 87.7937 4.13929 25.6969
  vertex 87.8226 3.60731 26.5398
  vertex 87.7735 3.51976 26.451
 endloop
endfacet
facet normal 0.57871 -0.815464 0.0106416
 outer loop
  vertex 87.6857 4.79841 23
  vertex 87.6878 4.79908 22.9256
  vertex 87.7882 4.87709 22.9286
 endloop
endfacet
facet normal 0.580291 -0.811255 0.0716097
 outer loop
  vertex 87.7882 4.87709 22.9286
  vertex 87.6878 4.79908 22.9256
  vertex 87.7145 4.70809 21.9891
 endloop
endfacet
facet normal 0.646845 -0.733242 0.209639
 outer loop
  vertex 87.8145 4.78443 21.9768
  vertex 87.7145 4.70809 21.9891
  vertex 87.8398 4.50833 21.0609
 endloop
endfacet
facet normal 0.820184 -0.533239 0.207255
 outer loop
  vertex 87.8941 4.88684 21.9585
  vertex 87.8398 4.50833 21.0609
  vertex 87.9192 4.60456 21.0231
 endloop
endfacet
facet normal 0.907089 -0.398408 0.135873
 outer loop
  vertex 87.9439 5.00586 21.9361
  vertex 87.8941 4.88684 21.9585
  vertex 87.9192 4.60456 21.0231
 endloop
endfacet
facet normal 0.579807 -0.76795 0.27217
 outer loop
  vertex 87.7145 4.70809 21.9891
  vertex 87.7402 4.43566 21.0871
  vertex 87.8398 4.50833 21.0609
 endloop
endfacet
facet normal 0.579639 -0.723235 0.375433
 outer loop
  vertex 87.8398 4.50833 21.0609
  vertex 87.7402 4.43566 21.0871
  vertex 87.7638 3.99453 20.2591
 endloop
endfacet
facet normal 0.579345 -0.637242 0.508215
 outer loop
  vertex 87.8631 4.05812 20.2166
  vertex 87.7638 3.99453 20.2591
  vertex 87.7846 3.39707 19.5291
 endloop
endfacet
facet normal 0.57911 -0.5275 0.621591
 outer loop
  vertex 87.8836 3.45211 19.476
  vertex 87.7846 3.39707 19.5291
  vertex 87.8016 2.6726 18.9328
 endloop
endfacet
facet normal 0.578904 -0.398263 0.711517
 outer loop
  vertex 87.9003 2.7126 18.8683
  vertex 87.8016 2.6726 18.9328
  vertex 87.8143 1.84201 18.4873
 endloop
endfacet
facet normal 0.578777 -0.254371 0.774799
 outer loop
  vertex 87.9128 1.86884 18.4162
  vertex 87.8143 1.84201 18.4873
  vertex 87.8221 0.941724 18.213
 endloop
endfacet
facet normal 0.644638 -0.190296 0.740425
 outer loop
  vertex 87.9205 0.952782 18.1381
  vertex 87.9128 1.86884 18.4162
  vertex 87.8221 0.941724 18.213
 endloop
endfacet
facet normal 0.763891 -0.197129 0.614501
 outer loop
  vertex 87.9205 0.952782 18.1381
  vertex 87.9916 1.90841 18.3227
  vertex 87.9128 1.86884 18.4162
 endloop
endfacet
facet normal 0.816341 -0.13973 0.560414
 outer loop
  vertex 87.9205 0.952782 18.1381
  vertex 87.9992 0.972941 18.0389
  vertex 87.9916 1.90841 18.3227
 endloop
endfacet
facet normal 0.902777 -0.110472 0.41568
 outer loop
  vertex 87.9916 1.90841 18.3227
  vertex 87.9992 0.972941 18.0389
  vertex 88.0496 0.996218 17.9232
 endloop
endfacet
facet normal 0.936381 -0.110372 0.333181
 outer loop
  vertex 88.0419 1.95413 18.2137
  vertex 87.9916 1.90841 18.3227
  vertex 88.0496 0.996218 17.9232
 endloop
endfacet
facet normal 0.816169 -0.0318305 0.576936
 outer loop
  vertex 87.9231 1.73472E-15 18.0439
  vertex 88.0018 1.73472E-15 17.9426
  vertex 87.9992 0.972941 18.0389
 endloop
endfacet
facet normal 0.936059 -0.0161634 0.351471
 outer loop
  vertex 88.0018 1.73472E-15 17.9426
  vertex 88.0522 1.73472E-15 17.8247
  vertex 88.0496 0.996218 17.9232
 endloop
endfacet
facet normal 0.988981 -0.0501074 -0.139305
 outer loop
  vertex 87.7859 0.995073 27.935
  vertex 87.7935 1.952 27.6452
  vertex 87.8024 1.46436 27.9537
 endloop
endfacet
facet normal 0.988689 -0.0812218 -0.126086
 outer loop
  vertex 87.7935 1.952 27.6452
  vertex 87.8059 2.83386 27.1737
  vertex 87.8107 2.29173 27.634
 endloop
endfacet
facet normal 0.988266 -0.109016 -0.106983
 outer loop
  vertex 87.8059 2.83386 27.1737
  vertex 87.8226 3.60731 26.5398
  vertex 87.8243 3.13791 27.1168
 endloop
endfacet
facet normal 0.987732 -0.132391 -0.0828121
 outer loop
  vertex 87.8226 3.60731 26.5398
  vertex 87.843 4.24188 25.7667
  vertex 87.8438 3.9403 26.3716
 endloop
endfacet
facet normal 0.987109 -0.15045 -0.0545997
 outer loop
  vertex 87.843 4.24188 25.7667
  vertex 87.8662 4.7141 24.8849
  vertex 87.8694 4.61457 25.3938
 endloop
endfacet
facet normal 0.984262 -0.160307 0.074358
 outer loop
  vertex 87.9439 5.00586 21.9361
  vertex 87.9691 4.71622 20.9782
  vertex 87.9676 5.06893 21.6449
 endloop
endfacet
facet normal 0.983601 -0.147109 0.104341
 outer loop
  vertex 87.9691 4.71622 20.9782
  vertex 87.9924 4.24464 20.0954
  vertex 87.9983 4.61457 20.471
 endloop
endfacet
facet normal 0.983011 -0.12845 0.131107
 outer loop
  vertex 87.9924 4.24464 20.0954
  vertex 88.0128 3.61031 19.3212
  vertex 88.0239 3.9403 19.4932
 endloop
endfacet
facet normal 0.982513 -0.105075 0.15371
 outer loop
  vertex 88.0128 3.61031 19.3212
  vertex 88.0295 2.83662 18.6861
  vertex 88.0434 3.13791 18.748
 endloop
endfacet
facet normal 0.913976 -0.26254 -0.309389
 outer loop
  vertex 87.8059 2.83386 27.1737
  vertex 87.7569 2.76489 27.0692
  vertex 87.7735 3.51976 26.451
 endloop
endfacet
facet normal 0.826918 -0.384797 -0.410045
 outer loop
  vertex 87.7735 3.51976 26.451
  vertex 87.7569 2.76489 27.0692
  vertex 87.693 3.44503 26.3741
 endloop
endfacet
facet normal 0.649845 -0.577508 -0.494151
 outer loop
  vertex 87.7134 4.0516 25.6362
  vertex 87.693 3.44503 26.3741
  vertex 87.591 3.39078 26.3159
 endloop
endfacet
facet normal 0.581433 -0.650723 -0.48836
 outer loop
  vertex 87.6118 3.9892 25.5875
  vertex 87.7134 4.0516 25.6362
  vertex 87.591 3.39078 26.3159
 endloop
endfacet
facet normal 0.649315 -0.66414 -0.370551
 outer loop
  vertex 87.6118 3.9892 25.5875
  vertex 87.7367 4.50332 24.7942
  vertex 87.7134 4.0516 25.6362
 endloop
endfacet
facet normal 0.910828 -0.398946 -0.105997
 outer loop
  vertex 87.8662 4.7141 24.8849
  vertex 87.8168 4.60054 24.8366
  vertex 87.8419 4.88467 23.9024
 endloop
endfacet
facet normal 0.823765 -0.553643 -0.122027
 outer loop
  vertex 87.8419 4.88467 23.9024
  vertex 87.8168 4.60054 24.8366
  vertex 87.7619 4.78173 23.8799
 endloop
endfacet
facet normal 0.76965 -0.635728 -0.059062
 outer loop
  vertex 87.7882 4.87709 22.9286
  vertex 87.8419 4.88467 23.9024
  vertex 87.7619 4.78173 23.8799
 endloop
endfacet
facet normal 0.908321 -0.414485 0.0561766
 outer loop
  vertex 87.9177 5.10367 22.932
  vertex 87.868 4.98178 22.9307
  vertex 87.8941 4.88684 21.9585
 endloop
endfacet
facet normal 0.821344 -0.561597 0.100018
 outer loop
  vertex 87.8941 4.88684 21.9585
  vertex 87.868 4.98178 22.9307
  vertex 87.8145 4.78443 21.9768
 endloop
endfacet
facet normal 0.767525 -0.612588 0.18879
 outer loop
  vertex 87.8398 4.50833 21.0609
  vertex 87.8941 4.88684 21.9585
  vertex 87.8145 4.78443 21.9768
 endloop
endfacet
facet normal 0.905938 -0.367309 0.210618
 outer loop
  vertex 87.9691 4.71622 20.9782
  vertex 87.9192 4.60456 21.0231
  vertex 87.9423 4.14453 20.161
 endloop
endfacet
facet normal 0.819097 -0.484858 0.306583
 outer loop
  vertex 87.9423 4.14453 20.161
  vertex 87.9192 4.60456 21.0231
  vertex 87.8631 4.05812 20.2166
 endloop
endfacet
facet normal 0.64561 -0.563423 0.515502
 outer loop
  vertex 87.8836 3.45211 19.476
  vertex 87.8631 4.05812 20.2166
  vertex 87.7846 3.39707 19.5291
 endloop
endfacet
facet normal 0.765654 -0.497724 0.407485
 outer loop
  vertex 87.8836 3.45211 19.476
  vertex 87.9423 4.14453 20.161
  vertex 87.8631 4.05812 20.2166
 endloop
endfacet
facet normal 0.818152 -0.418445 0.394375
 outer loop
  vertex 87.8836 3.45211 19.476
  vertex 87.9626 3.52545 19.4047
  vertex 87.9423 4.14453 20.161
 endloop
endfacet
facet normal 0.764906 -0.411326 0.495712
 outer loop
  vertex 87.8836 3.45211 19.476
  vertex 87.9003 2.7126 18.8683
  vertex 87.9626 3.52545 19.4047
 endloop
endfacet
facet normal 0.645175 -0.454187 0.61438
 outer loop
  vertex 87.8836 3.45211 19.476
  vertex 87.8016 2.6726 18.9328
  vertex 87.9003 2.7126 18.8683
 endloop
endfacet
facet normal 0.904903 -0.322551 0.277689
 outer loop
  vertex 87.9423 4.14453 20.161
  vertex 87.9626 3.52545 19.4047
  vertex 87.9924 4.24464 20.0954
 endloop
endfacet
facet normal 0.904027 -0.265917 0.334699
 outer loop
  vertex 88.0128 3.61031 19.3212
  vertex 87.9626 3.52545 19.4047
  vertex 87.9792 2.77012 18.7843
 endloop
endfacet
facet normal 0.817349 -0.336657 0.467549
 outer loop
  vertex 87.9792 2.77012 18.7843
  vertex 87.9626 3.52545 19.4047
  vertex 87.9003 2.7126 18.8683
 endloop
endfacet
facet normal 0.64487 -0.328236 0.69022
 outer loop
  vertex 87.9128 1.86884 18.4162
  vertex 87.9003 2.7126 18.8683
  vertex 87.8143 1.84201 18.4873
 endloop
endfacet
facet normal 0.764305 -0.309869 0.565526
 outer loop
  vertex 87.9128 1.86884 18.4162
  vertex 87.9792 2.77012 18.7843
  vertex 87.9003 2.7126 18.8683
 endloop
endfacet
facet normal 0.816751 -0.242582 0.523519
 outer loop
  vertex 87.9128 1.86884 18.4162
  vertex 87.9916 1.90841 18.3227
  vertex 87.9792 2.77012 18.7843
 endloop
endfacet
facet normal 0.903334 -0.199598 0.379669
 outer loop
  vertex 87.9792 2.77012 18.7843
  vertex 87.9916 1.90841 18.3227
  vertex 88.0295 2.83662 18.6861
 endloop
endfacet
facet normal 0.774381 -0.173242 -0.60854
 outer loop
  vertex 87.6561 0.950077 27.7054
  vertex 87.6638 1.86383 27.4289
  vertex 87.7369 0.970772 27.8116
 endloop
endfacet
facet normal 0.773985 -0.292135 -0.561787
 outer loop
  vertex 87.6638 1.86383 27.4289
  vertex 87.6762 2.70608 26.9791
  vertex 87.7445 1.90439 27.529
 endloop
endfacet
facet normal 0.773382 -0.399173 -0.492485
 outer loop
  vertex 87.7569 2.76489 27.0692
  vertex 87.6762 2.70608 26.9791
  vertex 87.693 3.44503 26.3741
 endloop
endfacet
facet normal 0.650299 -0.467875 -0.598502
 outer loop
  vertex 87.693 3.44503 26.3741
  vertex 87.6762 2.70608 26.9791
  vertex 87.5739 2.66489 26.911
 endloop
endfacet
facet normal 0.581701 -0.541316 -0.607125
 outer loop
  vertex 87.591 3.39078 26.3159
  vertex 87.693 3.44503 26.3741
  vertex 87.5739 2.66489 26.911
 endloop
endfacet
facet normal 0.77262 -0.490103 -0.403555
 outer loop
  vertex 87.693 3.44503 26.3741
  vertex 87.7134 4.0516 25.6362
  vertex 87.7735 3.51976 26.451
 endloop
endfacet
facet normal 0.647274 -0.752838 0.119463
 outer loop
  vertex 87.7145 4.70809 21.9891
  vertex 87.8145 4.78443 21.9768
  vertex 87.7882 4.87709 22.9286
 endloop
endfacet
facet normal 0.76858 -0.636314 0.0662584
 outer loop
  vertex 87.7882 4.87709 22.9286
  vertex 87.8145 4.78443 21.9768
  vertex 87.868 4.98178 22.9307
 endloop
endfacet
facet normal 0.646096 -0.651806 0.397125
 outer loop
  vertex 87.7638 3.99453 20.2591
  vertex 87.8631 4.05812 20.2166
  vertex 87.8398 4.50833 21.0609
 endloop
endfacet
facet normal 0.766544 -0.565713 0.303939
 outer loop
  vertex 87.8398 4.50833 21.0609
  vertex 87.8631 4.05812 20.2166
  vertex 87.9192 4.60456 21.0231
 endloop
endfacet
facet normal 0.581906 -0.410319 -0.702157
 outer loop
  vertex 87.5739 2.66489 26.911
  vertex 87.6762 2.70608 26.9791
  vertex 87.5612 1.83496 27.3543
 endloop
endfacet
facet normal 0.497488 -0.0315736 0.866896
 outer loop
  vertex -56.1436 -6.66134E-16 2.66025
  vertex -55.129 10.6252 2.66025
  vertex -57.3205 -7.61043E-15 3.33975
 endloop
endfacet
facet normal 0.494107 -0.0651616 0.866956
 outer loop
  vertex -57.3205 -7.61043E-15 3.33975
  vertex -55.129 10.6252 2.66025
  vertex -56.1472 11.5385 3.33975
 endloop
endfacet
facet normal 0.482093 -0.127155 0.866844
 outer loop
  vertex -56.1472 11.5385 3.33975
  vertex -55.129 10.6252 2.66025
  vertex -52.1219 20.8665 2.66025
 endloop
endfacet
facet normal 0.448497 -0.217971 0.866798
 outer loop
  vertex -52.6751 22.6047 3.33975
  vertex -52.1219 20.8665 2.66025
  vertex -47.231 30.3535 2.66025
 endloop
endfacet
facet normal 0.397963 -0.300586 0.86676
 outer loop
  vertex -47.0466 32.7454 3.33975
  vertex -47.231 30.3535 2.66025
  vertex -40.633 38.7435 2.66025
 endloop
endfacet
facet normal 0.332396 -0.371877 0.86673
 outer loop
  vertex -39.4919 41.5455 3.33975
  vertex -40.633 38.7435 2.66025
  vertex -32.5665 45.7332 2.66025
 endloop
endfacet
facet normal 0.254272 -0.429146 0.866706
 outer loop
  vertex -30.3205 48.6447 3.33975
  vertex -32.5665 45.7332 2.66025
  vertex -23.3229 51.07 2.66025
 endloop
endfacet
facet normal 0.166541 -0.470226 0.86669
 outer loop
  vertex -19.9077 53.7524 3.33975
  vertex -23.3229 51.07 2.66025
  vertex -13.2364 54.561 2.66025
 endloop
endfacet
facet normal 0.0725163 -0.493564 0.866681
 outer loop
  vertex -8.67992 56.6595 3.33975
  vertex -13.2364 54.561 2.66025
  vertex -2.67142 56.08 2.66025
 endloop
endfacet
facet normal -0.0242486 -0.498277 0.866679
 outer loop
  vertex 2.90324 57.2469 3.33975
  vertex -2.67142 56.08 2.66025
  vertex 7.99007 55.5721 2.66025
 endloop
endfacet
facet normal -0.120097 -0.484185 0.866684
 outer loop
  vertex 14.3675 55.4907 3.33975
  vertex 7.99007 55.5721 2.66025
  vertex 18.3628 53.0557 2.66025
 endloop
endfacet
facet normal -0.211408 -0.451822 0.866697
 outer loop
  vertex 25.2436 51.4626 3.33975
  vertex 18.3628 53.0557 2.66025
  vertex 28.0718 48.6218 2.66025
 endloop
endfacet
facet normal -0.29473 -0.402413 0.866717
 outer loop
  vertex 35.0862 45.3277 3.33975
  vertex 28.0718 48.6218 2.66025
  vertex 36.7662 42.4305 2.66025
 endloop
endfacet
facet normal -0.366916 -0.337827 0.866744
 outer loop
  vertex 43.4924 37.337 3.33975
  vertex 36.7662 42.4305 2.66025
  vertex 44.1318 34.7057 2.66025
 endloop
endfacet
facet normal -0.425242 -0.260508 0.866779
 outer loop
  vertex 50.118 27.8178 3.33975
  vertex 44.1318 34.7057 2.66025
  vertex 49.9024 25.7265 2.66025
 endloop
endfacet
facet normal -0.467507 -0.173379 0.86682
 outer loop
  vertex 54.6917 17.1596 3.33975
  vertex 49.9024 25.7265 2.66025
  vertex 53.8694 15.8175 2.66025
 endloop
endfacet
facet normal -0.492118 -0.0797371 0.866869
 outer loop
  vertex 57.0264 5.79902 3.33975
  vertex 53.8694 15.8175 2.66025
  vertex 55.8894 5.33679 2.66025
 endloop
endfacet
facet normal -0.499371 -0.0158467 0.866243
 outer loop
  vertex 57.3205 -5.90695E-16 3.33975
  vertex 55.8894 5.33679 2.66025
  vertex 56.1436 -7.61381E-15 2.66025
 endloop
endfacet
facet normal -0.498524 -0.0327129 0.866258
 outer loop
  vertex 57.3205 -5.90695E-16 3.33975
  vertex 57.0264 5.79902 3.33975
  vertex 55.8894 5.33679 2.66025
 endloop
endfacet
facet normal -0.485257 -0.11383 0.866931
 outer loop
  vertex 57.0264 5.79902 3.33975
  vertex 54.6917 17.1596 3.33975
  vertex 53.8694 15.8175 2.66025
 endloop
endfacet
facet normal -0.453337 -0.207354 0.866885
 outer loop
  vertex 54.6917 17.1596 3.33975
  vertex 50.118 27.8178 3.33975
  vertex 49.9024 25.7265 2.66025
 endloop
endfacet
facet normal -0.403576 -0.29275 0.866847
 outer loop
  vertex 50.118 27.8178 3.33975
  vertex 43.4924 37.337 3.33975
  vertex 44.1318 34.7057 2.66025
 endloop
endfacet
facet normal -0.337929 -0.366651 0.866817
 outer loop
  vertex 43.4924 37.337 3.33975
  vertex 35.0862 45.3277 3.33975
  vertex 36.7662 42.4305 2.66025
 endloop
endfacet
facet normal -0.258979 -0.426145 0.866793
 outer loop
  vertex 35.0862 45.3277 3.33975
  vertex 25.2436 51.4626 3.33975
  vertex 28.0718 48.6218 2.66025
 endloop
endfacet
facet normal -0.169833 -0.468887 0.866777
 outer loop
  vertex 25.2436 51.4626 3.33975
  vertex 14.3675 55.4907 3.33975
  vertex 18.3628 53.0557 2.66025
 endloop
endfacet
facet normal -0.0739995 -0.493192 0.866768
 outer loop
  vertex 14.3675 55.4907 3.33975
  vertex 2.90324 57.2469 3.33975
  vertex 7.99007 55.5721 2.66025
 endloop
endfacet
facet normal 0.0247479 -0.498101 0.866766
 outer loop
  vertex 2.90324 57.2469 3.33975
  vertex -8.67992 56.6595 3.33975
  vertex -2.67142 56.08 2.66025
 endloop
endfacet
facet normal 0.122521 -0.483421 0.866771
 outer loop
  vertex -8.67992 56.6595 3.33975
  vertex -19.9077 53.7524 3.33975
  vertex -13.2364 54.561 2.66025
 endloop
endfacet
facet normal 0.215469 -0.449732 0.866784
 outer loop
  vertex -19.9077 53.7524 3.33975
  vertex -30.3205 48.6447 3.33975
  vertex -23.3229 51.07 2.66025
 endloop
endfacet
facet normal 0.299934 -0.39836 0.866804
 outer loop
  vertex -30.3205 48.6447 3.33975
  vertex -39.4919 41.5455 3.33975
  vertex -32.5665 45.7332 2.66025
 endloop
endfacet
facet normal 0.37259 -0.331331 0.866831
 outer loop
  vertex -39.4919 41.5455 3.33975
  vertex -47.0466 32.7454 3.33975
  vertex -40.633 38.7435 2.66025
 endloop
endfacet
facet normal 0.43058 -0.251288 0.866865
 outer loop
  vertex -47.0466 32.7454 3.33975
  vertex -52.6751 22.6047 3.33975
  vertex -47.231 30.3535 2.66025
 endloop
endfacet
facet normal 0.471622 -0.161384 0.866907
 outer loop
  vertex -52.6751 22.6047 3.33975
  vertex -56.1472 11.5385 3.33975
  vertex -52.1219 20.8665 2.66025
 endloop
endfacet
facet normal 0.0282542 0.967036 0.253065
 outer loop
  vertex 0 63.8886 173.913
  vertex -7.75827E-15 63.3511 176.593
  vertex 5.72693 63.6314 173.913
 endloop
endfacet
facet normal 0.117518 0.806377 0.579608
 outer loop
  vertex 5.86566 65.1728 171.413
  vertex 5.72693 63.6314 173.913
  vertex 17.4085 63.0781 171.413
 endloop
endfacet
facet normal 0.148202 0.685771 0.712568
 outer loop
  vertex 6.26198 65.5784 170.966
  vertex 17.4085 63.0781 171.413
  vertex 17.5256 63.5027 170.966
 endloop
endfacet
facet normal 0.109562 0.711543 0.694048
 outer loop
  vertex 6.26198 65.5784 170.966
  vertex 5.86566 65.1728 171.413
  vertex 17.4085 63.0781 171.413
 endloop
endfacet
facet normal 0.0642331 0.699843 0.711402
 outer loop
  vertex 6.26198 65.5784 170.966
  vertex 5.90514 65.6115 170.966
  vertex 5.86566 65.1728 171.413
 endloop
endfacet
facet normal 0.0425669 0.719578 0.693105
 outer loop
  vertex 5.86566 65.1728 171.413
  vertex 5.90514 65.6115 170.966
  vertex 0 65.4363 171.413
 endloop
endfacet
facet normal 0.0224332 0.81529 0.578618
 outer loop
  vertex 0 63.8886 173.913
  vertex 5.86566 65.1728 171.413
  vertex 0 65.4363 171.413
 endloop
endfacet
facet normal 0.0507467 0.879665 0.472878
 outer loop
  vertex 0 63.8886 173.913
  vertex 5.72693 63.6314 173.913
  vertex 5.86566 65.1728 171.413
 endloop
endfacet
facet normal 0.0605006 -0.988275 0.140187
 outer loop
  vertex 0 -63.3511 176.593
  vertex -7.82409E-15 -63.8886 173.913
  vertex 11.3118 -62.333 176.593
 endloop
endfacet
facet normal 0.116907 -0.960193 0.253695
 outer loop
  vertex 11.3118 -62.333 176.593
  vertex -7.82409E-15 -63.8886 173.913
  vertex 11.4077 -62.8618 173.913
 endloop
endfacet
facet normal 0.286477 -0.923888 0.253695
 outer loop
  vertex 22.26 -59.3115 176.593
  vertex 11.4077 -62.8618 173.913
  vertex 22.4488 -59.8147 173.913
 endloop
endfacet
facet normal 0.44684 -0.857888 0.253695
 outer loop
  vertex 32.4927 -54.3837 176.593
  vertex 22.4488 -59.8147 173.913
  vertex 32.7684 -54.8451 173.913
 endloop
endfacet
facet normal 0.592841 -0.764315 0.253695
 outer loop
  vertex 41.6811 -47.7079 176.593
  vertex 32.7684 -54.8451 173.913
  vertex 42.0348 -48.1126 173.913
 endloop
endfacet
facet normal 0.719788 -0.646177 0.253695
 outer loop
  vertex 49.5299 -39.4987 176.593
  vertex 42.0348 -48.1126 173.913
  vertex 49.9501 -39.8339 173.913
 endloop
endfacet
facet normal 0.8236 -0.507269 0.253695
 outer loop
  vertex 55.7867 -30.0201 176.593
  vertex 49.9501 -39.8339 173.913
  vertex 56.26 -30.2748 173.913
 endloop
endfacet
facet normal 0.900941 -0.352058 0.253695
 outer loop
  vertex 60.2505 -19.5766 176.593
  vertex 56.26 -30.2748 173.913
  vertex 60.7616 -19.7426 173.913
 endloop
endfacet
facet normal 0.949324 -0.185531 0.253695
 outer loop
  vertex 62.7777 -8.50382 176.593
  vertex 60.7616 -19.7426 173.913
  vertex 63.3103 -8.57597 173.913
 endloop
endfacet
facet normal 0.967196 -0.013041 0.253695
 outer loop
  vertex 63.2873 2.84224 176.593
  vertex 63.3103 -8.57597 173.913
  vertex 63.8242 2.86635 173.913
 endloop
endfacet
facet normal 0.953982 0.159868 0.253695
 outer loop
  vertex 61.7627 14.0969 176.593
  vertex 63.8242 2.86635 173.913
  vertex 62.2867 14.2165 173.913
 endloop
endfacet
facet normal 0.910105 0.327639 0.253695
 outer loop
  vertex 58.2531 24.8986 176.593
  vertex 62.2867 14.2165 173.913
  vertex 58.7473 25.1098 173.913
 endloop
endfacet
facet normal 0.836977 0.484879 0.253695
 outer loop
  vertex 52.8711 34.8999 176.593
  vertex 58.7473 25.1098 173.913
  vertex 53.3197 35.196 173.913
 endloop
endfacet
facet normal 0.736948 0.626535 0.253695
 outer loop
  vertex 45.7898 43.7796 176.593
  vertex 53.3197 35.196 173.913
  vertex 46.1783 44.151 173.913
 endloop
endfacet
facet normal 0.613233 0.748054 0.253695
 outer loop
  vertex 37.2368 51.2521 176.593
  vertex 46.1783 44.151 173.913
  vertex 37.5527 51.6869 173.913
 endloop
endfacet
facet normal 0.469808 0.845529 0.253695
 outer loop
  vertex 27.487 57.0773 176.593
  vertex 37.5527 51.6869 173.913
  vertex 27.7202 57.5616 173.913
 endloop
endfacet
facet normal 0.311283 0.915828 0.253695
 outer loop
  vertex 16.8537 61.0681 176.593
  vertex 27.7202 57.5616 173.913
  vertex 16.9967 61.5862 173.913
 endloop
endfacet
facet normal 0.142753 0.956692 0.253695
 outer loop
  vertex 5.67875 63.096 176.593
  vertex 16.9967 61.5862 173.913
  vertex 5.72693 63.6314 173.913
 endloop
endfacet
facet normal 0.0585476 0.988445 0.139814
 outer loop
  vertex -7.75827E-15 63.3511 176.593
  vertex 5.67875 63.096 176.593
  vertex 5.72693 63.6314 173.913
 endloop
endfacet
facet normal 0.374287 0.916655 0.140187
 outer loop
  vertex 16.8537 61.0681 176.593
  vertex 27.487 57.0773 176.593
  vertex 27.7202 57.5616 173.913
 endloop
endfacet
facet normal 0.531947 0.835093 0.140187
 outer loop
  vertex 27.487 57.0773 176.593
  vertex 37.2368 51.2521 176.593
  vertex 37.5527 51.6869 173.913
 endloop
endfacet
facet normal 0.67251 0.726689 0.140187
 outer loop
  vertex 37.2368 51.2521 176.593
  vertex 45.7898 43.7796 176.593
  vertex 46.1783 44.151 173.913
 endloop
endfacet
facet normal 0.791458 0.59493 0.140187
 outer loop
  vertex 45.7898 43.7796 176.593
  vertex 52.8711 34.8999 176.593
  vertex 53.3197 35.196 173.913
 endloop
endfacet
facet normal 0.884968 0.444049 0.140187
 outer loop
  vertex 52.8711 34.8999 176.593
  vertex 58.2531 24.8986 176.593
  vertex 58.7473 25.1098 173.913
 endloop
endfacet
facet normal 0.950034 0.278896 0.140187
 outer loop
  vertex 58.2531 24.8986 176.593
  vertex 61.7627 14.0969 176.593
  vertex 62.2867 14.2165 173.913
 endloop
endfacet
facet normal 0.984565 0.104778 0.140187
 outer loop
  vertex 61.7627 14.0969 176.593
  vertex 63.2873 2.84224 176.593
  vertex 63.8242 2.86635 173.913
 endloop
endfacet
facet normal 0.987452 -0.0727064 0.140187
 outer loop
  vertex 63.2873 2.84224 176.593
  vertex 62.7777 -8.50382 176.593
  vertex 63.3103 -8.57597 173.913
 endloop
endfacet
facet normal 0.958601 -0.247854 0.140187
 outer loop
  vertex 62.7777 -8.50382 176.593
  vertex 60.2505 -19.5766 176.593
  vertex 60.7616 -19.7426 173.913
 endloop
endfacet
facet normal 0.89894 -0.415036 0.140187
 outer loop
  vertex 60.2505 -19.5766 176.593
  vertex 55.7867 -30.0201 176.593
  vertex 56.26 -30.2748 173.913
 endloop
endfacet
facet normal 0.810386 -0.568878 0.140187
 outer loop
  vertex 55.7867 -30.0201 176.593
  vertex 49.5299 -39.4987 176.593
  vertex 49.9501 -39.8339 173.913
 endloop
endfacet
facet normal 0.695786 -0.704436 0.140187
 outer loop
  vertex 49.5299 -39.4987 176.593
  vertex 41.6811 -47.7079 176.593
  vertex 42.0348 -48.1126 173.913
 endloop
endfacet
facet normal 0.558822 -0.817353 0.140187
 outer loop
  vertex 41.6811 -47.7079 176.593
  vertex 32.4927 -54.3837 176.593
  vertex 32.7684 -54.8451 173.913
 endloop
endfacet
facet normal 0.403898 -0.903999 0.140187
 outer loop
  vertex 32.4927 -54.3837 176.593
  vertex 22.26 -59.3115 176.593
  vertex 22.4488 -59.8147 173.913
 endloop
endfacet
facet normal 0.235992 -0.96159 0.140187
 outer loop
  vertex 22.26 -59.3115 176.593
  vertex 11.3118 -62.333 176.593
  vertex 11.4077 -62.8618 173.913
 endloop
endfacet
facet normal 0.0565142 -0.878763 0.4739
 outer loop
  vertex -7.82409E-15 -63.8886 173.913
  vertex -8.01363E-15 -65.4363 171.413
  vertex 11.4077 -62.8618 173.913
 endloop
endfacet
facet normal 0.101243 -0.808582 0.579608
 outer loop
  vertex 11.4077 -62.8618 173.913
  vertex -8.01363E-15 -65.4363 171.413
  vertex 11.6841 -64.3847 171.413
 endloop
endfacet
facet normal 0.243994 -0.77751 0.579608
 outer loop
  vertex 22.4488 -59.8147 173.913
  vertex 11.6841 -64.3847 171.413
  vertex 22.9927 -61.2637 171.413
 endloop
endfacet
facet normal 0.378902 -0.721448 0.579608
 outer loop
  vertex 32.7684 -54.8451 173.913
  vertex 22.9927 -61.2637 171.413
  vertex 33.5622 -56.1737 171.413
 endloop
endfacet
facet normal 0.501633 -0.642199 0.579608
 outer loop
  vertex 42.0348 -48.1126 173.913
  vertex 33.5622 -56.1737 171.413
  vertex 43.0531 -49.2782 171.413
 endloop
endfacet
facet normal 0.60824 -0.542309 0.579608
 outer loop
  vertex 49.9501 -39.8339 173.913
  vertex 43.0531 -49.2782 171.413
  vertex 51.1601 -40.7988 171.413
 endloop
endfacet
facet normal 0.695299 -0.424988 0.579608
 outer loop
  vertex 56.26 -30.2748 173.913
  vertex 51.1601 -40.7988 171.413
  vertex 57.6229 -31.0082 171.413
 endloop
endfacet
facet normal 0.760009 -0.294008 0.579608
 outer loop
  vertex 60.7616 -19.7426 173.913
  vertex 57.6229 -31.0082 171.413
  vertex 62.2336 -20.2209 171.413
 endloop
endfacet
facet normal 0.800293 -0.153578 0.579608
 outer loop
  vertex 63.3103 -8.57597 173.913
  vertex 62.2336 -20.2209 171.413
  vertex 64.844 -8.78372 171.413
 endloop
endfacet
facet normal 0.814854 -0.0082122 0.579608
 outer loop
  vertex 63.8242 2.86635 173.913
  vertex 64.844 -8.78372 171.413
  vertex 65.3704 2.93579 171.413
 endloop
endfacet
facet normal 0.803226 0.137418 0.579608
 outer loop
  vertex 62.2867 14.2165 173.913
  vertex 65.3704 2.93579 171.413
  vertex 63.7956 14.5609 171.413
 endloop
endfacet
facet normal 0.76578 0.278631 0.579608
 outer loop
  vertex 58.7473 25.1098 173.913
  vertex 63.7956 14.5609 171.413
  vertex 60.1705 25.7181 171.413
 endloop
endfacet
facet normal 0.703723 0.410888 0.579608
 outer loop
  vertex 53.3197 35.196 173.913
  vertex 60.1705 25.7181 171.413
  vertex 54.6114 36.0486 171.413
 endloop
endfacet
facet normal 0.619047 0.52994 0.579608
 outer loop
  vertex 46.1783 44.151 173.913
  vertex 54.6114 36.0486 171.413
  vertex 47.297 45.2206 171.413
 endloop
endfacet
facet normal 0.514474 0.631958 0.579608
 outer loop
  vertex 37.5527 51.6869 173.913
  vertex 47.297 45.2206 171.413
  vertex 38.4625 52.939 171.413
 endloop
endfacet
facet normal 0.393366 0.713665 0.579608
 outer loop
  vertex 27.7202 57.5616 173.913
  vertex 38.4625 52.939 171.413
  vertex 28.3917 58.956 171.413
 endloop
endfacet
facet normal 0.259614 0.772435 0.579608
 outer loop
  vertex 16.9967 61.5862 173.913
  vertex 28.3917 58.956 171.413
  vertex 17.4085 63.0781 171.413
 endloop
endfacet
facet normal 0.179306 0.86213 0.4739
 outer loop
  vertex 5.72693 63.6314 173.913
  vertex 16.9967 61.5862 173.913
  vertex 17.4085 63.0781 171.413
 endloop
endfacet
facet normal 0.0440981 -0.718541 0.694085
 outer loop
  vertex -8.01363E-15 -65.4363 171.413
  vertex -8.06757E-15 -65.8767 170.966
  vertex 11.6841 -64.3847 171.413
 endloop
endfacet
facet normal 0.0848991 -0.696371 0.712642
 outer loop
  vertex 11.6841 -64.3847 171.413
  vertex -8.06757E-15 -65.8767 170.966
  vertex 11.7627 -64.818 170.966
 endloop
endfacet
facet normal 0.127928 -0.69104 0.711406
 outer loop
  vertex 12.4672 -64.6862 170.966
  vertex 11.6841 -64.3847 171.413
  vertex 11.7627 -64.818 170.966
 endloop
endfacet
facet normal 0.174116 -0.69859 0.694014
 outer loop
  vertex 12.4672 -64.6862 170.966
  vertex 22.9927 -61.2637 171.413
  vertex 11.6841 -64.3847 171.413
 endloop
endfacet
facet normal 0.210278 -0.669427 0.712497
 outer loop
  vertex 12.4672 -64.6862 170.966
  vertex 23.1474 -61.6761 170.966
  vertex 22.9927 -61.2637 171.413
 endloop
endfacet
facet normal 0.251576 -0.656195 0.711419
 outer loop
  vertex 22.9927 -61.2637 171.413
  vertex 23.1474 -61.6761 170.966
  vertex 24.4839 -61.1578 170.966
 endloop
endfacet
facet normal 0.328679 -0.620092 0.71236
 outer loop
  vertex 33.5622 -56.1737 171.413
  vertex 24.4839 -61.1578 170.966
  vertex 33.7881 -56.5518 170.966
 endloop
endfacet
facet normal 0.366809 -0.599418 0.711442
 outer loop
  vertex 35.6156 -55.419 170.966
  vertex 33.5622 -56.1737 171.413
  vertex 33.7881 -56.5518 170.966
 endloop
endfacet
facet normal 0.412625 -0.590124 0.693898
 outer loop
  vertex 35.6156 -55.419 170.966
  vertex 43.0531 -49.2782 171.413
  vertex 33.5622 -56.1737 171.413
 endloop
endfacet
facet normal 0.436139 -0.550008 0.712232
 outer loop
  vertex 35.6156 -55.419 170.966
  vertex 43.3428 -49.6099 170.966
  vertex 43.0531 -49.2782 171.413
 endloop
endfacet
facet normal 0.469771 -0.522609 0.711474
 outer loop
  vertex 43.0531 -49.2782 171.413
  vertex 43.3428 -49.6099 170.966
  vertex 45.4601 -47.6772 170.966
 endloop
endfacet
facet normal 0.529057 -0.461511 0.712114
 outer loop
  vertex 51.1601 -40.7988 171.413
  vertex 45.4601 -47.6772 170.966
  vertex 51.5045 -41.0734 170.966
 endloop
endfacet
facet normal 0.55702 -0.42834 0.711515
 outer loop
  vertex 53.6616 -38.2122 170.966
  vertex 51.1601 -40.7988 171.413
  vertex 51.5045 -41.0734 170.966
 endloop
endfacet
facet normal 0.596529 -0.403444 0.69382
 outer loop
  vertex 53.6616 -38.2122 170.966
  vertex 57.6229 -31.0082 171.413
  vertex 51.1601 -40.7988 171.413
 endloop
endfacet
facet normal 0.60432 -0.357557 0.712004
 outer loop
  vertex 53.6616 -38.2122 170.966
  vertex 58.0107 -31.2169 170.966
  vertex 57.6229 -31.0082 171.413
 endloop
endfacet
facet normal 0.625639 -0.319766 0.711565
 outer loop
  vertex 57.6229 -31.0082 171.413
  vertex 58.0107 -31.2169 170.966
  vertex 59.9235 -27.3662 170.966
 endloop
endfacet
facet normal 0.659404 -0.241617 0.711904
 outer loop
  vertex 62.2336 -20.2209 171.413
  vertex 59.9235 -27.3662 170.966
  vertex 62.6525 -20.357 170.966
 endloop
endfacet
facet normal 0.673336 -0.200523 0.711625
 outer loop
  vertex 64.0197 -15.531 170.966
  vertex 62.2336 -20.2209 171.413
  vertex 62.6525 -20.357 170.966
 endloop
endfacet
facet normal 0.701434 -0.163285 0.693778
 outer loop
  vertex 64.0197 -15.531 170.966
  vertex 64.844 -8.78372 171.413
  vertex 62.2336 -20.2209 171.413
 endloop
endfacet
facet normal 0.69246 -0.117567 0.711813
 outer loop
  vertex 64.0197 -15.531 170.966
  vertex 65.2805 -8.84284 170.966
  vertex 64.844 -8.78372 171.413
 endloop
endfacet
facet normal 0.698518 -0.0745992 0.711693
 outer loop
  vertex 64.844 -8.78372 171.413
  vertex 65.2805 -8.84284 170.966
  vertex 65.8021 -3.13454 170.966
 endloop
endfacet
facet normal 0.702375 0.0104443 0.711731
 outer loop
  vertex 65.3704 2.93579 171.413
  vertex 65.8021 -3.13454 170.966
  vertex 65.8104 2.95555 170.966
 endloop
endfacet
facet normal 0.700349 0.0537906 0.71177
 outer loop
  vertex 65.2062 9.37523 170.966
  vertex 65.3704 2.93579 171.413
  vertex 65.8104 2.95555 170.966
 endloop
endfacet
facet normal 0.713423 0.098521 0.693774
 outer loop
  vertex 65.2062 9.37523 170.966
  vertex 63.7956 14.5609 171.413
  vertex 65.3704 2.93579 171.413
 endloop
endfacet
facet normal 0.688812 0.138136 0.711658
 outer loop
  vertex 65.2062 9.37523 170.966
  vertex 64.225 14.6589 170.966
  vertex 63.7956 14.5609 171.413
 endloop
endfacet
facet normal 0.678773 0.180352 0.711857
 outer loop
  vertex 63.7956 14.5609 171.413
  vertex 64.225 14.6589 170.966
  vertex 62.2535 21.5462 170.966
 endloop
endfacet
facet normal 0.652219 0.261236 0.711594
 outer loop
  vertex 60.1705 25.7181 171.413
  vertex 62.2535 21.5462 170.966
  vertex 60.5755 25.8912 170.966
 endloop
endfacet
facet normal 0.634517 0.300851 0.711953
 outer loop
  vertex 57.0509 32.9383 170.966
  vertex 60.1705 25.7181 171.413
  vertex 60.5755 25.8912 170.966
 endloop
endfacet
facet normal 0.630904 0.347266 0.693806
 outer loop
  vertex 57.0509 32.9383 170.966
  vertex 54.6114 36.0486 171.413
  vertex 60.1705 25.7181 171.413
 endloop
endfacet
facet normal 0.593817 0.375624 0.711539
 outer loop
  vertex 57.0509 32.9383 170.966
  vertex 54.9789 36.2913 170.966
  vertex 54.6114 36.0486 171.413
 endloop
endfacet
facet normal 0.569068 0.41126 0.712058
 outer loop
  vertex 54.6114 36.0486 171.413
  vertex 54.9789 36.2913 170.966
  vertex 49.7863 43.1401 170.966
 endloop
endfacet
facet normal 0.515555 0.477472 0.711494
 outer loop
  vertex 47.297 45.2206 171.413
  vertex 49.7863 43.1401 170.966
  vertex 47.6153 45.5249 170.966
 endloop
endfacet
facet normal 0.484623 0.50789 0.712172
 outer loop
  vertex 40.7223 51.7826 170.966
  vertex 47.297 45.2206 171.413
  vertex 47.6153 45.5249 170.966
 endloop
endfacet
facet normal 0.464826 0.549976 0.693875
 outer loop
  vertex 40.7223 51.7826 170.966
  vertex 38.4625 52.939 171.413
  vertex 47.297 45.2206 171.413
 endloop
endfacet
facet normal 0.42005 0.563371 0.711457
 outer loop
  vertex 40.7223 51.7826 170.966
  vertex 38.7214 53.2954 170.966
  vertex 38.4625 52.939 171.413
 endloop
endfacet
facet normal 0.384011 0.587513 0.712295
 outer loop
  vertex 38.4625 52.939 171.413
  vertex 38.7214 53.2954 170.966
  vertex 30.1864 58.5535 170.966
 endloop
endfacet
facet normal 0.310493 0.630446 0.71143
 outer loop
  vertex 28.3917 58.956 171.413
  vertex 30.1864 58.5535 170.966
  vertex 28.5828 59.3529 170.966
 endloop
endfacet
facet normal 0.270605 0.647472 0.712427
 outer loop
  vertex 18.5596 63.2082 170.966
  vertex 28.3917 58.956 171.413
  vertex 28.5828 59.3529 170.966
 endloop
endfacet
facet normal 0.237219 0.679792 0.693981
 outer loop
  vertex 18.5596 63.2082 170.966
  vertex 17.4085 63.0781 171.413
  vertex 28.3917 58.956 171.413
 endloop
endfacet
facet normal 0.190551 0.67645 0.711411
 outer loop
  vertex 18.5596 63.2082 170.966
  vertex 17.5256 63.5027 170.966
  vertex 17.4085 63.0781 171.413
 endloop
endfacet
facet normal 0.0204593 0.702174 0.711712
 outer loop
  vertex 5.90514 65.6115 170.966
  vertex 0 65.8767 170.966
  vertex 0 65.4363 171.413
 endloop
endfacet
facet normal 0.204597 0.968756 0.140187
 outer loop
  vertex 16.8537 61.0681 176.593
  vertex 16.9967 61.5862 173.913
  vertex 5.67875 63.096 176.593
 endloop
endfacet
facet normal 0.330364 0.816259 0.4739
 outer loop
  vertex 27.7202 57.5616 173.913
  vertex 28.3917 58.956 171.413
  vertex 16.9967 61.5862 173.913
 endloop
endfacet
facet normal 0.470803 0.744153 0.4739
 outer loop
  vertex 37.5527 51.6869 173.913
  vertex 38.4625 52.939 171.413
  vertex 27.7202 57.5616 173.913
 endloop
endfacet
facet normal 0.356975 0.625331 0.693924
 outer loop
  vertex 28.3917 58.956 171.413
  vertex 38.4625 52.939 171.413
  vertex 30.1864 58.5535 170.966
 endloop
endfacet
facet normal 0.596111 0.648129 0.4739
 outer loop
  vertex 46.1783 44.151 173.913
  vertex 47.297 45.2206 171.413
  vertex 37.5527 51.6869 173.913
 endloop
endfacet
facet normal 0.702259 0.531273 0.4739
 outer loop
  vertex 53.3197 35.196 173.913
  vertex 54.6114 36.0486 171.413
  vertex 46.1783 44.151 173.913
 endloop
endfacet
facet normal 0.557165 0.456245 0.693836
 outer loop
  vertex 47.297 45.2206 171.413
  vertex 54.6114 36.0486 171.413
  vertex 49.7863 43.1401 170.966
 endloop
endfacet
facet normal 0.785836 0.397342 0.4739
 outer loop
  vertex 58.7473 25.1098 173.913
  vertex 60.1705 25.7181 171.413
  vertex 53.3197 35.196 173.913
 endloop
endfacet
facet normal 0.844155 0.250641 0.4739
 outer loop
  vertex 62.2867 14.2165 173.913
  vertex 63.7956 14.5609 171.413
  vertex 58.7473 25.1098 173.913
 endloop
endfacet
facet normal 0.683577 0.226681 0.693785
 outer loop
  vertex 60.1705 25.7181 171.413
  vertex 63.7956 14.5609 171.413
  vertex 62.2535 21.5462 170.966
 endloop
endfacet
facet normal 0.875343 0.0958829 0.4739
 outer loop
  vertex 63.8242 2.86635 173.913
  vertex 65.3704 2.93579 171.413
  vertex 62.2867 14.2165 173.913
 endloop
endfacet
facet normal 0.878397 -0.0619565 0.4739
 outer loop
  vertex 63.3103 -8.57597 173.913
  vertex 64.844 -8.78372 171.413
  vertex 63.8242 2.86635 173.913
 endloop
endfacet
facet normal 0.719442 -0.0329322 0.693771
 outer loop
  vertex 65.3704 2.93579 171.413
  vertex 64.844 -8.78372 171.413
  vertex 65.8021 -3.13454 170.966
 endloop
endfacet
facet normal 0.853218 -0.217805 0.4739
 outer loop
  vertex 60.7616 -19.7426 173.913
  vertex 62.2336 -20.2209 171.413
  vertex 63.3103 -8.57597 173.913
 endloop
endfacet
facet normal 0.800616 -0.366652 0.4739
 outer loop
  vertex 56.26 -30.2748 173.913
  vertex 57.6229 -31.0082 171.413
  vertex 60.7616 -19.7426 173.913
 endloop
endfacet
facet normal 0.660001 -0.28818 0.693794
 outer loop
  vertex 62.2336 -20.2209 171.413
  vertex 57.6229 -31.0082 171.413
  vertex 59.9235 -27.3662 170.966
 endloop
endfacet
facet normal 0.722281 -0.503715 0.4739
 outer loop
  vertex 49.9501 -39.8339 173.913
  vertex 51.1601 -40.7988 171.413
  vertex 56.26 -30.2748 173.913
 endloop
endfacet
facet normal 0.620732 -0.624589 0.4739
 outer loop
  vertex 42.0348 -48.1126 173.913
  vertex 43.0531 -49.2782 171.413
  vertex 49.9501 -39.8339 173.913
 endloop
endfacet
facet normal 0.513141 -0.505225 0.693854
 outer loop
  vertex 51.1601 -40.7988 171.413
  vertex 43.0531 -49.2782 171.413
  vertex 45.4601 -47.6772 170.966
 endloop
endfacet
facet normal 0.499232 -0.725387 0.4739
 outer loop
  vertex 32.7684 -54.8451 173.913
  vertex 33.5622 -56.1737 171.413
  vertex 42.0348 -48.1126 173.913
 endloop
endfacet
facet normal 0.361686 -0.802871 0.4739
 outer loop
  vertex 22.4488 -59.8147 173.913
  vertex 22.9927 -61.2637 171.413
  vertex 32.7684 -54.8451 173.913
 endloop
endfacet
facet normal 0.298343 -0.655304 0.693951
 outer loop
  vertex 33.5622 -56.1737 171.413
  vertex 22.9927 -61.2637 171.413
  vertex 24.4839 -61.1578 170.966
 endloop
endfacet
facet normal 0.212515 -0.85455 0.4739
 outer loop
  vertex 11.4077 -62.8618 173.913
  vertex 11.6841 -64.3847 171.413
  vertex 22.4488 -59.8147 173.913
 endloop
endfacet
facet normal 0.507548 -0.861612 0.00445059
 outer loop
  vertex 87.6857 4.79841 23
  vertex 87.1977 4.51099 23
  vertex 87.6878 4.79908 22.9256
 endloop
endfacet
facet normal 0.510672 -0.855612 0.0845061
 outer loop
  vertex 87.6878 4.79908 22.9256
  vertex 87.1977 4.51099 23
  vertex 87.2306 4.35316 21.7454
 endloop
endfacet
facet normal 0.508776 -0.822519 0.254185
 outer loop
  vertex 87.7145 4.70809 21.9891
  vertex 87.2306 4.35316 21.7454
  vertex 87.7402 4.43566 21.0871
 endloop
endfacet
facet normal 0.509919 -0.847921 0.14496
 outer loop
  vertex 87.7145 4.70809 21.9891
  vertex 87.6878 4.79908 22.9256
  vertex 87.2306 4.35316 21.7454
 endloop
endfacet
facet normal 0.510424 -0.784062 0.353149
 outer loop
  vertex 87.2306 4.35316 21.7454
  vertex 87.2632 3.80051 20.4991
  vertex 87.7402 4.43566 21.0871
 endloop
endfacet
facet normal 0.508978 -0.742575 0.435343
 outer loop
  vertex 87.7402 4.43566 21.0871
  vertex 87.2632 3.80051 20.4991
  vertex 87.7638 3.99453 20.2591
 endloop
endfacet
facet normal 0.509303 -0.679992 0.527466
 outer loop
  vertex 87.7638 3.99453 20.2591
  vertex 87.2632 3.80051 20.4991
  vertex 87.7846 3.39707 19.5291
 endloop
endfacet
facet normal 0.510712 -0.62502 0.590358
 outer loop
  vertex 87.7846 3.39707 19.5291
  vertex 87.2632 3.80051 20.4991
  vertex 87.2908 2.86661 19.4462
 endloop
endfacet
facet normal 0.510577 -0.445803 0.735235
 outer loop
  vertex 87.8016 2.6726 18.9328
  vertex 87.2908 2.86661 19.4462
  vertex 87.3093 1.67482 18.7408
 endloop
endfacet
facet normal 0.509007 -0.269861 0.817366
 outer loop
  vertex 87.8143 1.84201 18.4873
  vertex 87.3093 1.67482 18.7408
  vertex 87.8221 0.941724 18.213
 endloop
endfacet
facet normal 0.509225 -0.372602 0.775794
 outer loop
  vertex 87.8143 1.84201 18.4873
  vertex 87.8016 2.6726 18.9328
  vertex 87.3093 1.67482 18.7408
 endloop
endfacet
facet normal 0.510161 -0.187121 0.839477
 outer loop
  vertex 87.3093 1.67482 18.7408
  vertex 87.3172 0.408624 18.4369
  vertex 87.8221 0.941724 18.213
 endloop
endfacet
facet normal 0.508727 -0.0812454 0.857086
 outer loop
  vertex 87.8221 0.941724 18.213
  vertex 87.3172 0.408624 18.4369
  vertex 87.8247 1.73472E-15 18.1197
 endloop
endfacet
facet normal 0.50994 0.0264073 0.859805
 outer loop
  vertex 87.8247 1.73472E-15 18.1197
  vertex 87.3172 0.408624 18.4369
  vertex 87.3157 -0.82771 18.4949
 endloop
endfacet
facet normal 0.509214 0.216187 0.833045
 outer loop
  vertex 87.8221 -0.936842 18.212
  vertex 87.3157 -0.82771 18.4949
  vertex 87.8143 -1.84006 18.4865
 endloop
endfacet
facet normal 0.509016 0.107363 0.854035
 outer loop
  vertex 87.8221 -0.936842 18.212
  vertex 87.8247 1.73472E-15 18.1197
  vertex 87.3157 -0.82771 18.4949
 endloop
endfacet
facet normal 0.510384 0.293185 0.808425
 outer loop
  vertex 87.3157 -0.82771 18.4949
  vertex 87.3043 -2.08973 18.9316
  vertex 87.8143 -1.84006 18.4865
 endloop
endfacet
facet normal 0.508714 0.398019 0.763407
 outer loop
  vertex 87.8143 -1.84006 18.4865
  vertex 87.3043 -2.08973 18.9316
  vertex 87.8017 -2.66797 18.9297
 endloop
endfacet
facet normal 0.510617 0.494086 0.703668
 outer loop
  vertex 87.8017 -2.66797 18.9297
  vertex 87.3043 -2.08973 18.9316
  vertex 87.2824 -3.21464 19.7646
 endloop
endfacet
facet normal 0.509058 0.641983 0.573339
 outer loop
  vertex 87.7846 -3.3975 19.5295
  vertex 87.2824 -3.21464 19.7646
  vertex 87.7639 -3.99278 20.2565
 endloop
endfacet
facet normal 0.509188 0.562623 0.651293
 outer loop
  vertex 87.7846 -3.3975 19.5295
  vertex 87.8017 -2.66797 18.9297
  vertex 87.2824 -3.21464 19.7646
 endloop
endfacet
facet normal 0.51284 0.713321 0.47767
 outer loop
  vertex 87.2824 -3.21464 19.7646
  vertex 87.2417 -4.21447 21.3202
  vertex 87.7639 -3.99278 20.2565
 endloop
endfacet
facet normal 0.509394 0.770084 0.384043
 outer loop
  vertex 87.7639 -3.99278 20.2565
  vertex 87.2417 -4.21447 21.3202
  vertex 87.7402 -4.43622 21.0885
 endloop
endfacet
facet normal 0.50895 0.813653 0.280959
 outer loop
  vertex 87.7402 -4.43622 21.0885
  vertex 87.2417 -4.21447 21.3202
  vertex 87.7145 -4.70845 21.9909
 endloop
endfacet
facet normal 0.512094 0.842335 0.168021
 outer loop
  vertex 87.7145 -4.70845 21.9909
  vertex 87.2417 -4.21447 21.3202
  vertex 87.1977 -4.51099 23
 endloop
endfacet
facet normal 0.507548 0.861612 0.00442094
 outer loop
  vertex 87.6878 -4.79909 22.9261
  vertex 87.1977 -4.51099 23
  vertex 87.6857 -4.79841 23
 endloop
endfacet
facet normal 0.509281 0.858155 0.0648291
 outer loop
  vertex 87.6878 -4.79909 22.9261
  vertex 87.7145 -4.70845 21.9909
  vertex 87.1977 -4.51099 23
 endloop
endfacet
facet normal 0.508713 -0.540186 0.670381
 outer loop
  vertex 87.8016 2.6726 18.9328
  vertex 87.7846 3.39707 19.5291
  vertex 87.2908 2.86661 19.4462
 endloop
endfacet
facet normal 0.351047 -0.00929238 -0.936312
 outer loop
  vertex 55.0571 -8.03414E-16 2.38174
  vertex 57.3205 -5.90695E-16 3.33975
  vertex 54.7747 -5.57004 2.38174
 endloop
endfacet
facet normal 0.0915328 -0.00930797 -0.995759
 outer loop
  vertex 52.0521 -5.29318 2
  vertex 54.7747 -5.57004 2.38174
  vertex 49.9211 -15.6628 2
 endloop
endfacet
facet normal 0.183546 -0.00930838 -0.982967
 outer loop
  vertex 52.0521 -5.29318 2
  vertex 55.0571 -8.03414E-16 2.38174
  vertex 54.7747 -5.57004 2.38174
 endloop
endfacet
facet normal 0.0920048 -2.33933E-16 -0.995759
 outer loop
  vertex 52.0521 -5.29318 2
  vertex 52.3205 -8.88178E-16 2
  vertex 55.0571 -8.03414E-16 2.38174
 endloop
endfacet
facet normal -0.424377 -0.0338074 -0.904854
 outer loop
  vertex -57.3205 -7.61043E-15 3.33975
  vertex -55.0571 -7.54597E-15 2.38174
  vertex -56.1472 -11.5385 3.33975
 endloop
endfacet
facet normal -0.34633 -0.0522899 -0.936654
 outer loop
  vertex -56.1472 -11.5385 3.33975
  vertex -55.0571 -7.54597E-15 2.38174
  vertex -53.9301 -11.0829 2.38174
 endloop
endfacet
facet normal -0.328715 -0.120935 -0.936654
 outer loop
  vertex -52.6751 -22.6047 3.33975
  vertex -53.9301 -11.0829 2.38174
  vertex -50.5952 -21.7121 2.38174
 endloop
endfacet
facet normal -0.297642 -0.184629 -0.936654
 outer loop
  vertex -47.0466 -32.7454 3.33975
  vertex -50.5952 -21.7121 2.38174
  vertex -45.1889 -31.4524 2.38174
 endloop
endfacet
facet normal -0.254383 -0.240765 -0.936654
 outer loop
  vertex -39.4919 -41.5455 3.33975
  vertex -45.1889 -31.4524 2.38174
  vertex -37.9325 -39.905 2.38174
 endloop
endfacet
facet normal -0.200711 -0.287043 -0.936654
 outer loop
  vertex -30.3205 -48.6447 3.33975
  vertex -37.9325 -39.905 2.38174
  vertex -29.1232 -46.7239 2.38174
 endloop
endfacet
facet normal -0.138821 -0.32157 -0.936654
 outer loop
  vertex -19.9077 -53.7524 3.33975
  vertex -29.1232 -46.7239 2.38174
  vertex -19.1216 -51.6299 2.38174
 endloop
endfacet
facet normal -0.0712472 -0.342932 -0.936654
 outer loop
  vertex -8.67992 -56.6595 3.33975
  vertex -19.1216 -51.6299 2.38174
  vertex -8.33718 -54.4222 2.38174
 endloop
endfacet
facet normal -0.000757062 -0.350254 -0.936654
 outer loop
  vertex 2.90324 -57.2469 3.33975
  vertex -8.33718 -54.4222 2.38174
  vertex 2.7886 -54.9865 2.38174
 endloop
endfacet
facet normal 0.0697641 -0.343237 -0.936654
 outer loop
  vertex 14.3675 -55.4907 3.33975
  vertex 2.7886 -54.9865 2.38174
  vertex 13.8002 -53.2996 2.38174
 endloop
endfacet
facet normal 0.137429 -0.322168 -0.936654
 outer loop
  vertex 25.2436 -51.4626 3.33975
  vertex 13.8002 -53.2996 2.38174
  vertex 24.2468 -49.4305 2.38174
 endloop
endfacet
facet normal 0.199468 -0.287908 -0.936654
 outer loop
  vertex 35.0862 -45.3277 3.33975
  vertex 24.2468 -49.4305 2.38174
  vertex 33.7008 -43.5378 2.38174
 endloop
endfacet
facet normal 0.25334 -0.241862 -0.936654
 outer loop
  vertex 43.4924 -37.337 3.33975
  vertex 33.7008 -43.5378 2.38174
  vertex 41.7751 -35.8627 2.38174
 endloop
endfacet
facet normal 0.296841 -0.185914 -0.936654
 outer loop
  vertex 50.118 -27.8178 3.33975
  vertex 41.7751 -35.8627 2.38174
  vertex 48.139 -26.7193 2.38174
 endloop
endfacet
facet normal 0.328189 -0.122355 -0.936654
 outer loop
  vertex 54.6917 -17.1596 3.33975
  vertex 48.139 -26.7193 2.38174
  vertex 52.5322 -16.4821 2.38174
 endloop
endfacet
facet normal 0.346101 -0.0537866 -0.936654
 outer loop
  vertex 57.0264 -5.79902 3.33975
  vertex 52.5322 -16.4821 2.38174
  vertex 54.7747 -5.57004 2.38174
 endloop
endfacet
facet normal 0.426196 -0.0262728 -0.904249
 outer loop
  vertex 57.3205 -5.90695E-16 3.33975
  vertex 57.0264 -5.79902 3.33975
  vertex 54.7747 -5.57004 2.38174
 endloop
endfacet
facet normal 0.387459 -0.176391 -0.904854
 outer loop
  vertex 54.6917 -17.1596 3.33975
  vertex 50.118 -27.8178 3.33975
  vertex 48.139 -26.7193 2.38174
 endloop
endfacet
facet normal 0.34402 -0.250776 -0.904854
 outer loop
  vertex 50.118 -27.8178 3.33975
  vertex 43.4924 -37.337 3.33975
  vertex 41.7751 -35.8627 2.38174
 endloop
endfacet
facet normal 0.286498 -0.314893 -0.904854
 outer loop
  vertex 43.4924 -37.337 3.33975
  vertex 35.0862 -45.3277 3.33975
  vertex 33.7008 -43.5378 2.38174
 endloop
endfacet
facet normal 0.217245 -0.366119 -0.904854
 outer loop
  vertex 35.0862 -45.3277 3.33975
  vertex 25.2436 -51.4626 3.33975
  vertex 24.2468 -49.4305 2.38174
 endloop
endfacet
facet normal 0.139099 -0.402355 -0.904854
 outer loop
  vertex 25.2436 -51.4626 3.33975
  vertex 14.3675 -55.4907 3.33975
  vertex 13.8002 -53.2996 2.38174
 endloop
endfacet
facet normal 0.0552583 -0.42212 -0.904854
 outer loop
  vertex 14.3675 -55.4907 3.33975
  vertex 2.90324 -57.2469 3.33975
  vertex 2.7886 -54.9865 2.38174
 endloop
endfacet
facet normal -0.0308449 -0.424602 -0.904854
 outer loop
  vertex 2.90324 -57.2469 3.33975
  vertex -8.67992 -56.6595 3.33975
  vertex -8.33718 -54.4222 2.38174
 endloop
endfacet
facet normal -0.115685 -0.409702 -0.904854
 outer loop
  vertex -8.67992 -56.6595 3.33975
  vertex -19.9077 -53.7524 3.33975
  vertex -19.1216 -51.6299 2.38174
 endloop
endfacet
facet normal -0.19579 -0.378028 -0.904854
 outer loop
  vertex -19.9077 -53.7524 3.33975
  vertex -30.3205 -48.6447 3.33975
  vertex -29.1232 -46.7239 2.38174
 endloop
endfacet
facet normal -0.267878 -0.330877 -0.904854
 outer loop
  vertex -30.3205 -48.6447 3.33975
  vertex -39.4919 -41.5455 3.33975
  vertex -37.9325 -39.905 2.38174
 endloop
endfacet
facet normal -0.329 -0.270181 -0.904854
 outer loop
  vertex -39.4919 -41.5455 3.33975
  vertex -47.0466 -32.7454 3.33975
  vertex -45.1889 -31.4524 2.38174
 endloop
endfacet
facet normal -0.376652 -0.198423 -0.904854
 outer loop
  vertex -47.0466 -32.7454 3.33975
  vertex -52.6751 -22.6047 3.33975
  vertex -50.5952 -21.7121 2.38174
 endloop
endfacet
facet normal -0.408884 -0.118542 -0.904854
 outer loop
  vertex -52.6751 -22.6047 3.33975
  vertex -56.1472 -11.5385 3.33975
  vertex -53.9301 -11.0829 2.38174
 endloop
endfacet
facet normal -0.182158 -0.0185236 -0.983095
 outer loop
  vertex -55.0571 -7.54597E-15 2.38174
  vertex -52.3205 -7.45301E-15 2
  vertex -53.9301 -11.0829 2.38174
 endloop
endfacet
facet normal -0.0901215 -0.0185204 -0.995759
 outer loop
  vertex -53.9301 -11.0829 2.38174
  vertex -52.3205 -7.45301E-15 2
  vertex -51.2495 -10.532 2
 endloop
endfacet
facet normal -0.0845486 -0.0362826 -0.995759
 outer loop
  vertex -50.5952 -21.7121 2.38174
  vertex -51.2495 -10.532 2
  vertex -48.0803 -20.6329 2
 endloop
endfacet
facet normal -0.0755142 -0.0525594 -0.995759
 outer loop
  vertex -45.1889 -31.4524 2.38174
  vertex -48.0803 -20.6329 2
  vertex -42.9428 -29.889 2
 endloop
endfacet
facet normal -0.0633883 -0.0666844 -0.995759
 outer loop
  vertex -37.9325 -39.905 2.38174
  vertex -42.9428 -29.889 2
  vertex -36.0471 -37.9215 2
 endloop
endfacet
facet normal -0.0486672 -0.0780794 -0.995759
 outer loop
  vertex -29.1232 -46.7239 2.38174
  vertex -36.0471 -37.9215 2
  vertex -27.6757 -44.4015 2
 endloop
endfacet
facet normal -0.0319538 -0.0862777 -0.995759
 outer loop
  vertex -19.1216 -51.6299 2.38174
  vertex -27.6757 -44.4015 2
  vertex -18.1712 -49.0637 2
 endloop
endfacet
facet normal -0.0139321 -0.0909439 -0.995759
 outer loop
  vertex -8.33718 -54.4222 2.38174
  vertex -18.1712 -49.0637 2
  vertex -7.92278 -51.7172 2
 endloop
endfacet
facet normal 0.00465997 -0.0918867 -0.995759
 outer loop
  vertex 2.7886 -54.9865 2.38174
  vertex -7.92278 -51.7172 2
  vertex 2.64999 -52.2534 2
 endloop
endfacet
facet normal 0.0230612 -0.0890678 -0.995759
 outer loop
  vertex 13.8002 -53.2996 2.38174
  vertex 2.64999 -52.2534 2
  vertex 13.1143 -50.6503 2
 endloop
endfacet
facet normal 0.0405184 -0.0826024 -0.995759
 outer loop
  vertex 24.2468 -49.4305 2.38174
  vertex 13.1143 -50.6503 2
  vertex 23.0416 -46.9736 2
 endloop
endfacet
facet normal 0.0563167 -0.0727552 -0.995759
 outer loop
  vertex 33.7008 -43.5378 2.38174
  vertex 23.0416 -46.9736 2
  vertex 32.0257 -41.3738 2
 endloop
endfacet
facet normal 0.0698094 -0.0599294 -0.995759
 outer loop
  vertex 41.7751 -35.8627 2.38174
  vertex 32.0257 -41.3738 2
  vertex 39.6986 -34.0801 2
 endloop
endfacet
facet normal 0.0804441 -0.0446501 -0.995759
 outer loop
  vertex 48.139 -26.7193 2.38174
  vertex 39.6986 -34.0801 2
  vertex 45.7463 -25.3912 2
 endloop
endfacet
facet normal 0.0877854 -0.0275429 -0.995759
 outer loop
  vertex 52.5322 -16.4821 2.38174
  vertex 45.7463 -25.3912 2
  vertex 49.9211 -15.6628 2
 endloop
endfacet
facet normal 0.179349 -0.0368572 -0.983095
 outer loop
  vertex 54.7747 -5.57004 2.38174
  vertex 52.5322 -16.4821 2.38174
  vertex 49.9211 -15.6628 2
 endloop
endfacet
facet normal 0.415035 -0.0947858 -0.904854
 outer loop
  vertex 54.6917 -17.1596 3.33975
  vertex 52.5322 -16.4821 2.38174
  vertex 57.0264 -5.79902 3.33975
 endloop
endfacet
facet normal 0.168259 -0.0722055 -0.983095
 outer loop
  vertex 48.139 -26.7193 2.38174
  vertex 45.7463 -25.3912 2
  vertex 52.5322 -16.4821 2.38174
 endloop
endfacet
facet normal 0.15028 -0.104598 -0.983095
 outer loop
  vertex 41.7751 -35.8627 2.38174
  vertex 39.6986 -34.0801 2
  vertex 48.139 -26.7193 2.38174
 endloop
endfacet
facet normal 0.126148 -0.132708 -0.983095
 outer loop
  vertex 33.7008 -43.5378 2.38174
  vertex 32.0257 -41.3738 2
  vertex 41.7751 -35.8627 2.38174
 endloop
endfacet
facet normal 0.0968519 -0.155384 -0.983095
 outer loop
  vertex 24.2468 -49.4305 2.38174
  vertex 23.0416 -46.9736 2
  vertex 33.7008 -43.5378 2.38174
 endloop
endfacet
facet normal 0.0635907 -0.1717 -0.983095
 outer loop
  vertex 13.8002 -53.2996 2.38174
  vertex 13.1143 -50.6503 2
  vertex 24.2468 -49.4305 2.38174
 endloop
endfacet
facet normal 0.027726 -0.180986 -0.983095
 outer loop
  vertex 2.7886 -54.9865 2.38174
  vertex 2.64999 -52.2534 2
  vertex 13.8002 -53.2996 2.38174
 endloop
endfacet
facet normal -0.00927373 -0.182862 -0.983095
 outer loop
  vertex -8.33718 -54.4222 2.38174
  vertex -7.92278 -51.7172 2
  vertex 2.7886 -54.9865 2.38174
 endloop
endfacet
facet normal -0.0458938 -0.177252 -0.983095
 outer loop
  vertex -19.1216 -51.6299 2.38174
  vertex -18.1712 -49.0637 2
  vertex -8.33718 -54.4222 2.38174
 endloop
endfacet
facet normal -0.080635 -0.164386 -0.983095
 outer loop
  vertex -29.1232 -46.7239 2.38174
  vertex -27.6757 -44.4015 2
  vertex -19.1216 -51.6299 2.38174
 endloop
endfacet
facet normal -0.112075 -0.144789 -0.983095
 outer loop
  vertex -37.9325 -39.905 2.38174
  vertex -36.0471 -37.9215 2
  vertex -29.1232 -46.7239 2.38174
 endloop
endfacet
facet normal -0.138927 -0.119265 -0.983095
 outer loop
  vertex -45.1889 -31.4524 2.38174
  vertex -42.9428 -29.889 2
  vertex -37.9325 -39.905 2.38174
 endloop
endfacet
facet normal -0.160091 -0.0888575 -0.983095
 outer loop
  vertex -50.5952 -21.7121 2.38174
  vertex -48.0803 -20.6329 2
  vertex -45.1889 -31.4524 2.38174
 endloop
endfacet
facet normal -0.1747 -0.0548126 -0.983095
 outer loop
  vertex -53.9301 -11.0829 2.38174
  vertex -51.2495 -10.532 2
  vertex -50.5952 -21.7121 2.38174
 endloop
endfacet
facet normal -0.0597121 -0.99787 0.0262709
 outer loop
  vertex 0 -63.3511 176.593
  vertex 0 -63.0655 187.5
  vertex -11.3118 -62.333 176.593
 endloop
endfacet
facet normal -0.154448 -0.987649 0.0263596
 outer loop
  vertex -11.3118 -62.333 176.593
  vertex 0 -63.0655 187.5
  vertex -17.7676 -60.5109 187.5
 endloop
endfacet
facet normal -0.393997 -0.918733 0.0263698
 outer loop
  vertex -22.26 -59.3115 176.593
  vertex -17.7676 -60.5109 187.5
  vertex -34.0958 -53.054 187.5
 endloop
endfacet
facet normal -0.572039 -0.819806 0.0262569
 outer loop
  vertex -32.4927 -54.3837 176.593
  vertex -34.0958 -53.054 187.5
  vertex -41.6811 -47.7079 176.593
 endloop
endfacet
facet normal -0.470186 -0.882176 0.0262911
 outer loop
  vertex -32.4927 -54.3837 176.593
  vertex -22.26 -59.3115 176.593
  vertex -34.0958 -53.054 187.5
 endloop
endfacet
facet normal -0.655667 -0.75459 0.0263557
 outer loop
  vertex -34.0958 -53.054 187.5
  vertex -47.6617 -41.2991 187.5
  vertex -41.6811 -47.7079 176.593
 endloop
endfacet
facet normal -0.733752 -0.67891 0.0262543
 outer loop
  vertex -41.6811 -47.7079 176.593
  vertex -47.6617 -41.2991 187.5
  vertex -49.5299 -39.4987 176.593
 endloop
endfacet
facet normal -0.809483 -0.586554 0.0262972
 outer loop
  vertex -49.5299 -39.4987 176.593
  vertex -47.6617 -41.2991 187.5
  vertex -55.7867 -30.0201 176.593
 endloop
endfacet
facet normal -0.854732 -0.518398 0.0263733
 outer loop
  vertex -55.7867 -30.0201 176.593
  vertex -47.6617 -41.2991 187.5
  vertex -57.3664 -26.1983 187.5
 endloop
endfacet
facet normal -0.956416 -0.290815 0.0263581
 outer loop
  vertex -60.2505 -19.5766 176.593
  vertex -57.3664 -26.1983 187.5
  vertex -62.4235 -8.97515 187.5
 endloop
endfacet
facet normal -0.995381 -0.0923488 0.0262331
 outer loop
  vertex -62.7777 -8.50382 176.593
  vertex -62.4235 -8.97515 187.5
  vertex -63.0655 -7.72329E-15 187.5
 endloop
endfacet
facet normal -0.997701 0.0624828 0.0262235
 outer loop
  vertex -63.2873 2.84224 176.593
  vertex -63.0655 -7.72329E-15 187.5
  vertex -62.4235 8.97515 187.5
 endloop
endfacet
facet normal -0.964741 0.261879 0.0263667
 outer loop
  vertex -61.7627 14.0969 176.593
  vertex -62.4235 8.97515 187.5
  vertex -57.3664 26.1983 187.5
 endloop
endfacet
facet normal -0.890416 0.45439 0.0262598
 outer loop
  vertex -58.2531 24.8986 176.593
  vertex -57.3664 26.1983 187.5
  vertex -52.8711 34.8999 176.593
 endloop
endfacet
facet normal -0.938249 0.34496 0.0262855
 outer loop
  vertex -58.2531 24.8986 176.593
  vertex -61.7627 14.0969 176.593
  vertex -57.3664 26.1983 187.5
 endloop
endfacet
facet normal -0.838734 0.543903 0.0263561
 outer loop
  vertex -57.3664 26.1983 187.5
  vertex -47.6617 41.2991 187.5
  vertex -52.8711 34.8999 176.593
 endloop
endfacet
facet normal -0.772991 0.633874 0.0262522
 outer loop
  vertex -52.8711 34.8999 176.593
  vertex -47.6617 41.2991 187.5
  vertex -45.7898 43.7796 176.593
 endloop
endfacet
facet normal -0.67809 0.734505 0.0263815
 outer loop
  vertex -45.7898 43.7796 176.593
  vertex -47.6617 41.2991 187.5
  vertex -34.0958 53.054 187.5
 endloop
endfacet
facet normal -0.522053 0.852509 0.0262505
 outer loop
  vertex -37.2368 51.2521 176.593
  vertex -34.0958 53.054 187.5
  vertex -27.487 57.0773 176.593
 endloop
endfacet
facet normal -0.620007 0.784155 0.0263104
 outer loop
  vertex -37.2368 51.2521 176.593
  vertex -45.7898 43.7796 176.593
  vertex -34.0958 53.054 187.5
 endloop
endfacet
facet normal -0.421486 0.906452 0.0263569
 outer loop
  vertex -34.0958 53.054 187.5
  vertex -17.7676 60.5109 187.5
  vertex -27.487 57.0773 176.593
 endloop
endfacet
facet normal -0.328182 0.944249 0.0262631
 outer loop
  vertex -27.487 57.0773 176.593
  vertex -17.7676 60.5109 187.5
  vertex -16.8537 61.0681 176.593
 endloop
endfacet
facet normal -0.213235 0.976648 0.0262802
 outer loop
  vertex -16.8537 61.0681 176.593
  vertex -17.7676 60.5109 187.5
  vertex -5.67875 63.096 176.593
 endloop
endfacet
facet normal -0.124632 0.991853 0.0263639
 outer loop
  vertex -5.67875 63.096 176.593
  vertex -17.7676 60.5109 187.5
  vertex -7.74078E-15 63.0655 187.5
 endloop
endfacet
facet normal -0.0298963 0.99921 0.0262004
 outer loop
  vertex -7.75827E-15 63.3511 176.593
  vertex -5.67875 63.096 176.593
  vertex -7.74078E-15 63.0655 187.5
 endloop
endfacet
facet normal -0.990239 0.136888 0.0262475
 outer loop
  vertex -61.7627 14.0969 176.593
  vertex -63.2873 2.84224 176.593
  vertex -62.4235 8.97515 187.5
 endloop
endfacet
facet normal -0.999209 -0.029866 0.0262532
 outer loop
  vertex -63.2873 2.84224 176.593
  vertex -62.7777 -8.50382 176.593
  vertex -63.0655 -7.72329E-15 187.5
 endloop
endfacet
facet normal -0.980294 -0.195791 0.0262668
 outer loop
  vertex -62.7777 -8.50382 176.593
  vertex -60.2505 -19.5766 176.593
  vertex -62.4235 -8.97515 187.5
 endloop
endfacet
facet normal -0.915966 -0.400397 0.0262491
 outer loop
  vertex -60.2505 -19.5766 176.593
  vertex -55.7867 -30.0201 176.593
  vertex -57.3664 -26.1983 187.5
 endloop
endfacet
facet normal -0.271197 -0.962166 0.0262481
 outer loop
  vertex -22.26 -59.3115 176.593
  vertex -11.3118 -62.333 176.593
  vertex -17.7676 -60.5109 187.5
 endloop
endfacet
facet normal 2.73594E-17 -0.707107 0.707107
 outer loop
  vertex -94.2 -9.26449 30.1197
  vertex -94.2 -9.11971 30.2645
  vertex -102.308 -9.19239 30.1924
 endloop
endfacet
facet normal 9.13441E-17 -0.77427 0.632856
 outer loop
  vertex -94.2 -9.40697 29.9727
  vertex -102.308 -9.19239 30.1924
  vertex -94.2 -11.3593 27.3219
 endloop
endfacet
facet normal 5.54748E-17 -0.714492 0.699643
 outer loop
  vertex -94.2 -9.40697 29.9727
  vertex -94.2 -9.26449 30.1197
  vertex -102.308 -9.19239 30.1924
 endloop
endfacet
facet normal 4.03562E-17 -0.59892 0.800809
 outer loop
  vertex -102.308 -9.19239 30.1924
  vertex -94.2 -8.97268 30.407
  vertex -106.715 -4.78523 33.0872
 endloop
endfacet
facet normal 2.73601E-17 -0.699643 0.714492
 outer loop
  vertex -102.308 -9.19239 30.1924
  vertex -94.2 -9.11971 30.2645
  vertex -94.2 -8.97268 30.407
 endloop
endfacet
facet normal 1.01907E-16 -0.849164 0.52813
 outer loop
  vertex -102.308 -9.19239 30.1924
  vertex -99.4128 -12.0872 25.7852
  vertex -94.2 -11.3593 27.3219
 endloop
endfacet
facet normal 7.34702E-17 -0.928824 0.370521
 outer loop
  vertex -94.2 -11.3593 27.3219
  vertex -99.4128 -12.0872 25.7852
  vertex -94.2 -12.5831 24.2657
 endloop
endfacet
facet normal 8.10796E-17 -0.977916 0.208999
 outer loop
  vertex -94.2 -12.5831 24.2657
  vertex -99.4128 -12.0872 25.7852
  vertex -98.5 -13 21
 endloop
endfacet
facet normal 4.24643E-17 -0.996437 0.084338
 outer loop
  vertex -94.2 -13 21
  vertex -94.2 -12.5831 24.2657
  vertex -98.5 -13 21
 endloop
endfacet
facet normal 1.9991E-17 -0.446896 0.894586
 outer loop
  vertex -94.2 -8.97268 30.407
  vertex -94.2 -3.26566 33.5831
  vertex -106.715 -4.78523 33.0872
 endloop
endfacet
facet normal 1.62562E-17 -0.208999 0.977916
 outer loop
  vertex -106.715 -4.78523 33.0872
  vertex -94.2 -3.26566 33.5831
  vertex -111.5 0 34
 endloop
endfacet
facet normal -1.04083E-17 5.61565E-15 1
 outer loop
  vertex -111.5 0 34
  vertex -94.2 -3.26566 33.5831
  vertex -94.2 3.26566 33.5831
 endloop
endfacet
facet normal -7.11674E-17 0.490979 0.871171
 outer loop
  vertex -124.5 6.5 32.2583
  vertex -94.2 3.26566 33.5831
  vertex -94.2 8.97268 30.407
 endloop
endfacet
facet normal -5.60727E-17 0.63485 0.772635
 outer loop
  vertex -94.2 9.11971 30.2645
  vertex -124.5 6.5 32.2583
  vertex -94.2 8.97268 30.407
 endloop
endfacet
facet normal -2.42699E-17 0.642957 0.765902
 outer loop
  vertex -94.2 9.11971 30.2645
  vertex -94.2 9.26449 30.1197
  vertex -124.5 6.5 32.2583
 endloop
endfacet
facet normal -6.37811E-17 0.709004 0.705205
 outer loop
  vertex -124.5 6.5 32.2583
  vertex -94.2 9.26449 30.1197
  vertex -124.5 11.2583 27.5
 endloop
endfacet
facet normal -3.85063E-17 0.772635 0.63485
 outer loop
  vertex -124.5 11.2583 27.5
  vertex -94.2 9.26449 30.1197
  vertex -94.2 9.40697 29.9727
 endloop
endfacet
facet normal -7.72944E-17 0.826712 0.562625
 outer loop
  vertex -94.2 11.3593 27.3219
  vertex -124.5 11.2583 27.5
  vertex -94.2 9.40697 29.9727
 endloop
endfacet
facet normal -7.73633E-17 0.909516 0.415669
 outer loop
  vertex -94.2 11.3593 27.3219
  vertex -94.2 12.5831 24.2657
  vertex -124.5 11.2583 27.5
 endloop
endfacet
facet normal -8.22771E-17 0.966618 0.256224
 outer loop
  vertex -124.5 11.2583 27.5
  vertex -94.2 12.5831 24.2657
  vertex -124.5 13 21
 endloop
endfacet
facet normal -4.24643E-17 0.996437 0.084338
 outer loop
  vertex -124.5 13 21
  vertex -94.2 12.5831 24.2657
  vertex -94.2 13 21
 endloop
endfacet
facet normal -4.24685E-17 0.256224 0.966618
 outer loop
  vertex -94.2 3.26566 33.5831
  vertex -124.5 6.5 32.2583
  vertex -111.5 0 34
 endloop
endfacet
facet normal -3.19909E-17 0.171862 0.985121
 outer loop
  vertex -111.5 0 34
  vertex -124.5 6.5 32.2583
  vertex -124.5 -2.12795E-13 34
 endloop
endfacet
facet normal 1.4968E-17 -0.296533 0.955023
 outer loop
  vertex -116.285 -4.78523 33.0872
  vertex -124.5 -2.12795E-13 34
  vertex -124.5 -6.5 32.2583
 endloop
endfacet
facet normal 8.82172E-17 -0.707107 0.707107
 outer loop
  vertex -120.692 -9.19239 30.1924
  vertex -124.5 -6.5 32.2583
  vertex -124.5 -11.2583 27.5
 endloop
endfacet
facet normal 1.18728E-16 -0.955023 0.296533
 outer loop
  vertex -123.587 -12.0872 25.7852
  vertex -124.5 -11.2583 27.5
  vertex -124.5 -13 21
 endloop
endfacet
facet normal 1.08602E-16 -0.846341 0.532641
 outer loop
  vertex -123.587 -12.0872 25.7852
  vertex -120.692 -9.19239 30.1924
  vertex -124.5 -11.2583 27.5
 endloop
endfacet
facet normal 5.21777E-17 -0.532641 0.846341
 outer loop
  vertex -120.692 -9.19239 30.1924
  vertex -116.285 -4.78523 33.0872
  vertex -124.5 -6.5 32.2583
 endloop
endfacet
facet normal -7.04976E-18 -0.124659 0.9922
 outer loop
  vertex -116.285 -4.78523 33.0872
  vertex -111.5 0 34
  vertex -124.5 -2.12795E-13 34
 endloop
endfacet
facet normal 0 -0.996437 -0.084338
 outer loop
  vertex -94.2 -13 21
  vertex -98.5 -13 21
  vertex -94.2 -12.5831 17.7343
 endloop
endfacet
facet normal 0 -0.977916 -0.208999
 outer loop
  vertex -94.2 -12.5831 17.7343
  vertex -98.5 -13 21
  vertex -99.4128 -12.0872 16.2148
 endloop
endfacet
facet normal 0 -0.849164 -0.52813
 outer loop
  vertex -94.2 -11.3593 14.6781
  vertex -99.4128 -12.0872 16.2148
  vertex -102.308 -9.19239 11.8076
 endloop
endfacet
facet normal 0 -0.714492 -0.699643
 outer loop
  vertex -94.2 -9.40697 12.0273
  vertex -102.308 -9.19239 11.8076
  vertex -94.2 -9.26449 11.8803
 endloop
endfacet
facet normal 0 -0.77427 -0.632856
 outer loop
  vertex -94.2 -9.40697 12.0273
  vertex -94.2 -11.3593 14.6781
  vertex -102.308 -9.19239 11.8076
 endloop
endfacet
facet normal -1.81983E-17 0.63485 -0.772635
 outer loop
  vertex -94.2 9.11971 11.7355
  vertex -94.2 8.97268 11.593
  vertex -124.5 6.5 9.74167
 endloop
endfacet
facet normal -5.4082E-17 0.705205 -0.709004
 outer loop
  vertex -124.5 11.2583 14.5
  vertex -94.2 9.11971 11.7355
  vertex -124.5 6.5 9.74167
 endloop
endfacet
facet normal -3.50445E-17 0.765902 -0.642957
 outer loop
  vertex -124.5 11.2583 14.5
  vertex -94.2 9.26449 11.8803
  vertex -94.2 9.11971 11.7355
 endloop
endfacet
facet normal -3.50133E-17 0.772635 -0.63485
 outer loop
  vertex -124.5 11.2583 14.5
  vertex -94.2 9.40697 12.0273
  vertex -94.2 9.26449 11.8803
 endloop
endfacet
facet normal -3.50133E-17 0.826712 -0.562625
 outer loop
  vertex -124.5 11.2583 14.5
  vertex -94.2 11.3593 14.6781
  vertex -94.2 9.40697 12.0273
 endloop
endfacet
facet normal -3.50445E-17 0.909516 -0.415669
 outer loop
  vertex -124.5 11.2583 14.5
  vertex -94.2 12.5831 17.7343
  vertex -94.2 11.3593 14.6781
 endloop
endfacet
facet normal -7.8727E-17 0.966618 -0.256224
 outer loop
  vertex -124.5 11.2583 14.5
  vertex -124.5 13 21
  vertex -94.2 12.5831 17.7343
 endloop
endfacet
facet normal -4.24643E-17 0.996437 -0.084338
 outer loop
  vertex -94.2 12.5831 17.7343
  vertex -124.5 13 21
  vertex -94.2 13 21
 endloop
endfacet
facet normal -2.23468E-17 0.256224 -0.966618
 outer loop
  vertex -124.5 6.5 9.74167
  vertex -94.2 3.26566 8.41686
  vertex -111.5 1.64426E-15 8
 endloop
endfacet
facet normal 7.04976E-18 -0.124659 -0.9922
 outer loop
  vertex -124.5 -2.12795E-13 8
  vertex -111.5 1.64426E-15 8
  vertex -116.285 -4.78523 8.91275
 endloop
endfacet
facet normal 5.71631E-17 -0.532641 -0.846341
 outer loop
  vertex -124.5 -6.5 9.74167
  vertex -116.285 -4.78523 8.91275
  vertex -120.692 -9.19239 11.8076
 endloop
endfacet
facet normal 1.12591E-16 -0.846341 -0.532641
 outer loop
  vertex -124.5 -11.2583 14.5
  vertex -120.692 -9.19239 11.8076
  vertex -123.587 -12.0872 16.2148
 endloop
endfacet
facet normal 1.23879E-16 -0.955023 -0.296533
 outer loop
  vertex -124.5 -13 21
  vertex -124.5 -11.2583 14.5
  vertex -123.587 -12.0872 16.2148
 endloop
endfacet
facet normal 9.6796E-17 -0.707107 -0.707107
 outer loop
  vertex -124.5 -11.2583 14.5
  vertex -124.5 -6.5 9.74167
  vertex -120.692 -9.19239 11.8076
 endloop
endfacet
facet normal 2.82369E-17 -0.296533 -0.955023
 outer loop
  vertex -124.5 -6.5 9.74167
  vertex -124.5 -2.12795E-13 8
  vertex -116.285 -4.78523 8.91275
 endloop
endfacet
facet normal -1.14839E-17 0.171862 -0.985121
 outer loop
  vertex -124.5 -2.12795E-13 8
  vertex -124.5 6.5 9.74167
  vertex -111.5 1.64426E-15 8
 endloop
endfacet
facet normal -2.5862E-17 0.490979 -0.871171
 outer loop
  vertex -94.2 8.97268 11.593
  vertex -94.2 3.26566 8.41686
  vertex -124.5 6.5 9.74167
 endloop
endfacet
facet normal -3.8455E-18 5.6176E-15 -1
 outer loop
  vertex -94.2 3.26566 8.41686
  vertex -94.2 -3.26566 8.41686
  vertex -111.5 1.64426E-15 8
 endloop
endfacet
facet normal 3.51258E-18 -0.208999 -0.977916
 outer loop
  vertex -111.5 1.64426E-15 8
  vertex -94.2 -3.26566 8.41686
  vertex -106.715 -4.78523 8.91275
 endloop
endfacet
facet normal 0 -0.446896 -0.894586
 outer loop
  vertex -106.715 -4.78523 8.91275
  vertex -94.2 -3.26566 8.41686
  vertex -94.2 -8.97268 11.593
 endloop
endfacet
facet normal 0 -0.699643 -0.714492
 outer loop
  vertex -102.308 -9.19239 11.8076
  vertex -94.2 -8.97268 11.593
  vertex -94.2 -9.11971 11.7355
 endloop
endfacet
facet normal 0 -0.707107 -0.707107
 outer loop
  vertex -94.2 -9.26449 11.8803
  vertex -102.308 -9.19239 11.8076
  vertex -94.2 -9.11971 11.7355
 endloop
endfacet
facet normal 0 -0.928824 -0.370521
 outer loop
  vertex -94.2 -11.3593 14.6781
  vertex -94.2 -12.5831 17.7343
  vertex -99.4128 -12.0872 16.2148
 endloop
endfacet
facet normal 0 -0.59892 -0.800809
 outer loop
  vertex -94.2 -8.97268 11.593
  vertex -102.308 -9.19239 11.8076
  vertex -106.715 -4.78523 8.91275
 endloop
endfacet
facet normal -1 -1.26482E-16 -1.04083E-17
 outer loop
  vertex -94.2 8.97268 30.407
  vertex -94.2 3.26566 33.5831
  vertex -94.2 8.82664 30.6022
 endloop
endfacet
facet normal -1 -1.26482E-16 -1.04083E-17
 outer loop
  vertex -94.2 8.82664 30.6022
  vertex -94.2 3.26566 33.5831
  vertex -94.2 8.69694 30.8087
 endloop
endfacet
facet normal -1 -1.26482E-16 -1.04083E-17
 outer loop
  vertex -94.2 8.69694 30.8087
  vertex -94.2 3.26566 33.5831
  vertex -94.2 6.30232 32.9386
 endloop
endfacet
facet normal -1 -1.26482E-16 -1.04083E-17
 outer loop
  vertex -94.2 8.58443 31.025
  vertex -94.2 6.30232 32.9386
  vertex -94.2004 7.87447 31.9657
 endloop
endfacet
facet normal -1 -1.26482E-16 -1.04083E-17
 outer loop
  vertex -94.2 8.45548 31.2756
  vertex -94.2004 7.87447 31.9657
  vertex -94.2 8.29423 31.5302
 endloop
endfacet
facet normal -1 -1.26482E-16 -1.04083E-17
 outer loop
  vertex -94.2 8.45548 31.2756
  vertex -94.2 8.58443 31.025
  vertex -94.2004 7.87447 31.9657
 endloop
endfacet
facet normal -1 -1.26482E-16 -1.04083E-17
 outer loop
  vertex -94.2 -4.33002 33.7868
  vertex -94.2 -3.58855 34.0143
  vertex -94.2 -3.26566 33.5831
 endloop
endfacet
facet normal -1 -1.26482E-16 -1.04083E-17
 outer loop
  vertex -94.2 -5.05719 33.517
  vertex -94.2 -3.26566 33.5831
  vertex -94.2 -8.49349 31.24
 endloop
endfacet
facet normal -1 -1.26482E-16 -1.04083E-17
 outer loop
  vertex -94.2 -8.30233 32.1819
  vertex -94.2 -5.05719 33.517
  vertex -94.2 -8.49349 31.24
 endloop
endfacet
facet normal -1 -1.26482E-16 -1.04083E-17
 outer loop
  vertex -94.2 -8.30233 32.1819
  vertex -94.2 -5.3084 33.8001
  vertex -94.2 -5.05719 33.517
 endloop
endfacet
facet normal -1 -1.26482E-16 -1.04083E-17
 outer loop
  vertex -94.2 -8.30233 32.1819
  vertex -94.2 -7.94332 33.7751
  vertex -94.2 -5.3084 33.8001
 endloop
endfacet
facet normal -1 -1.26482E-16 -1.04083E-17
 outer loop
  vertex -94.2 -8.30233 32.1819
  vertex -94.2 -8.4188 33.1359
  vertex -94.2 -7.94332 33.7751
 endloop
endfacet
facet normal -1 -1.26482E-16 -1.04083E-17
 outer loop
  vertex -94.2 -7.94332 33.7751
  vertex -94.2 -8.4188 33.1359
  vertex -94.2 -8.09432 33.7503
 endloop
endfacet
facet normal -1 -1.26482E-16 -1.04083E-17
 outer loop
  vertex -94.2 -8.09432 33.7503
  vertex -94.2 -8.4188 33.1359
  vertex -94.2 -8.23074 33.6809
 endloop
endfacet
facet normal -1 -1.26482E-16 -1.04083E-17
 outer loop
  vertex -94.2 -8.23074 33.6809
  vertex -94.2 -8.4188 33.1359
  vertex -94.2 -8.33979 33.5735
 endloop
endfacet
facet normal -1 -1.26482E-16 -1.04083E-17
 outer loop
  vertex -94.2 -8.33979 33.5735
  vertex -94.2 -8.4188 33.1359
  vertex -94.2 -8.41124 33.4382
 endloop
endfacet
facet normal -1 -1.26482E-16 -1.04083E-17
 outer loop
  vertex -94.2 -8.41124 33.4382
  vertex -94.2 -8.4188 33.1359
  vertex -94.2 -8.43843 33.2876
 endloop
endfacet
facet normal -1 -1.26482E-16 -1.04083E-17
 outer loop
  vertex -94.2 -3.26566 33.5831
  vertex -94.2 -8.97268 30.407
  vertex -94.2 -8.49349 31.24
 endloop
endfacet
facet normal -1 -1.26482E-16 -1.04083E-17
 outer loop
  vertex -94.2 -5.05719 33.517
  vertex -94.2 -5.3084 33.8001
  vertex -94.2 -5.12106 33.6751
 endloop
endfacet
facet normal -1 -1.26482E-16 -1.04083E-17
 outer loop
  vertex -94.2 -5.12106 33.6751
  vertex -94.2 -5.3084 33.8001
  vertex -94.2 -5.2306 33.7852
 endloop
endfacet
facet normal -1 -1.26482E-16 -1.04083E-17
 outer loop
  vertex -94.2 -5.1647 33.7412
  vertex -94.2 -5.12106 33.6751
  vertex -94.2 -5.2306 33.7852
 endloop
endfacet
facet normal -1 -1.26482E-16 -1.04083E-17
 outer loop
  vertex -94.2 -5.05719 33.517
  vertex -94.2 -4.33002 33.7868
  vertex -94.2 -3.26566 33.5831
 endloop
endfacet
facet normal -1 -1.26482E-16 -1.04083E-17
 outer loop
  vertex -94.2 -3.58855 34.0143
  vertex -94.2 -2.83524 34.1989
  vertex -94.2 -3.26566 33.5831
 endloop
endfacet
facet normal -1 -1.26482E-16 -1.04083E-17
 outer loop
  vertex -94.2 -3.26566 33.5831
  vertex -94.2 -2.83524 34.1989
  vertex -94.2 3.26566 33.5831
 endloop
endfacet
facet normal -1 -1.26482E-16 -1.04083E-17
 outer loop
  vertex -94.2 3.26566 33.5831
  vertex -94.2 -2.83524 34.1989
  vertex -94.2 2.83524 34.1989
 endloop
endfacet
facet normal -1 -1.26482E-16 -1.04083E-17
 outer loop
  vertex -94.2 4.61203 33.6878
  vertex -94.2 3.26566 33.5831
  vertex -94.2 2.83524 34.1989
 endloop
endfacet
facet normal -1 -1.26482E-16 -1.04083E-17
 outer loop
  vertex -94.2 4.61203 33.6878
  vertex -94.2 6.30232 32.9386
  vertex -94.2 3.26566 33.5831
 endloop
endfacet
facet normal -1 -1.26482E-16 -1.04083E-17
 outer loop
  vertex -94.2004 7.87447 31.9657
  vertex -94.2001 8.09878 31.7684
  vertex -94.2 8.29423 31.5302
 endloop
endfacet
facet normal -1 -1.26482E-16 -1.04083E-17
 outer loop
  vertex -94.2 8.58443 31.025
  vertex -94.2 8.69694 30.8087
  vertex -94.2 6.30232 32.9386
 endloop
endfacet
facet normal -1 -1.26482E-16 -1.04083E-17
 outer loop
  vertex -94.2001 10.9654 28.8753
  vertex -94.2 11.9384 27.3028
  vertex -94.2 11.3593 27.3219
 endloop
endfacet
facet normal -1 -1.26482E-16 -1.04083E-17
 outer loop
  vertex -94.2 10.5286 29.2952
  vertex -94.2 11.3593 27.3219
  vertex -94.2 10.2754 29.4556
 endloop
endfacet
facet normal -1 -1.26482E-16 -1.04083E-17
 outer loop
  vertex -94.2 10.5286 29.2952
  vertex -94.2001 10.9654 28.8753
  vertex -94.2 11.3593 27.3219
 endloop
endfacet
facet normal -1 -1.26482E-16 -1.04083E-17
 outer loop
  vertex -94.2 10.5286 29.2952
  vertex -94.2 10.7658 29.1011
  vertex -94.2001 10.9654 28.8753
 endloop
endfacet
facet normal -1 -1.26482E-16 -1.04083E-17
 outer loop
  vertex -94.2 11.3593 27.3219
  vertex -94.2 12.6877 25.6123
  vertex -94.2 12.5831 24.2657
 endloop
endfacet
facet normal -1 -1.26482E-16 -1.04083E-17
 outer loop
  vertex -94.2 11.3593 27.3219
  vertex -94.2 11.9384 27.3028
  vertex -94.2 12.6877 25.6123
 endloop
endfacet
facet normal -1 -1.26482E-16 -1.04083E-17
 outer loop
  vertex -94.2 9.40697 29.9727
  vertex -94.2 9.60221 29.8266
  vertex -94.2 11.3593 27.3219
 endloop
endfacet
facet normal -1 -1.26482E-16 -1.04083E-17
 outer loop
  vertex -94.2 11.3593 27.3219
  vertex -94.2 9.60221 29.8266
  vertex -94.2 9.80867 29.6969
 endloop
endfacet
facet normal -1 -1.26482E-16 -1.04083E-17
 outer loop
  vertex -94.2 10.025 29.5844
  vertex -94.2 11.3593 27.3219
  vertex -94.2 9.80867 29.6969
 endloop
endfacet
facet normal -1 -1.26482E-16 -1.04083E-17
 outer loop
  vertex -94.2 10.025 29.5844
  vertex -94.2 10.2754 29.4556
  vertex -94.2 11.3593 27.3219
 endloop
endfacet
facet normal -1 -1.26482E-16 -1.04083E-17
 outer loop
  vertex -94.2 12.6877 25.6123
  vertex -94.2 13.1989 23.8352
  vertex -94.2 12.5831 24.2657
 endloop
endfacet
facet normal -1 -1.26482E-16 -1.04083E-17
 outer loop
  vertex -94.2 12.5831 24.2657
  vertex -94.2 13.1989 23.8352
  vertex -94.2 13 21
 endloop
endfacet
facet normal -1 -1.26482E-16 -1.04083E-17
 outer loop
  vertex -94.2 13 21
  vertex -94.2 13.1989 23.8352
  vertex -94.2 13.1989 18.1648
 endloop
endfacet
facet normal -1 -1.26482E-16 -1.04083E-17
 outer loop
  vertex -94.2 12.5831 17.7343
  vertex -94.2 13.1989 18.1648
  vertex -94.2 12.6878 16.388
 endloop
endfacet
facet normal -1 -1.26482E-16 -1.04083E-17
 outer loop
  vertex -94.2 11.3593 14.6781
  vertex -94.2 12.6878 16.388
  vertex -94.2 11.9386 14.6977
 endloop
endfacet
facet normal -1 -1.26482E-16 -1.04083E-17
 outer loop
  vertex -94.2004 10.9657 13.1255
  vertex -94.2 11.3593 14.6781
  vertex -94.2 11.9386 14.6977
 endloop
endfacet
facet normal -1 -1.26482E-16 -1.04083E-17
 outer loop
  vertex -94.2004 10.9657 13.1255
  vertex -94.2 10.5302 12.7058
  vertex -94.2 11.3593 14.6781
 endloop
endfacet
facet normal -1 -1.26482E-16 -1.04083E-17
 outer loop
  vertex -94.2004 10.9657 13.1255
  vertex -94.2001 10.7684 12.9012
  vertex -94.2 10.5302 12.7058
 endloop
endfacet
facet normal -1 -1.26482E-16 -1.04083E-17
 outer loop
  vertex -94.2 10.5302 12.7058
  vertex -94.2 10.2756 12.5445
  vertex -94.2 11.3593 14.6781
 endloop
endfacet
facet normal -1 -1.26482E-16 -1.04083E-17
 outer loop
  vertex -94.2 11.3593 14.6781
  vertex -94.2 10.2756 12.5445
  vertex -94.2 10.025 12.4156
 endloop
endfacet
facet normal -1 -1.26482E-16 -1.04083E-17
 outer loop
  vertex -94.2 9.80867 12.3031
  vertex -94.2 11.3593 14.6781
  vertex -94.2 10.025 12.4156
 endloop
endfacet
facet normal -1 -1.26482E-16 -1.04083E-17
 outer loop
  vertex -94.2 9.80867 12.3031
  vertex -94.2 9.60221 12.1734
  vertex -94.2 11.3593 14.6781
 endloop
endfacet
facet normal -1 -1.26482E-16 -1.04083E-17
 outer loop
  vertex -94.2 11.3593 14.6781
  vertex -94.2 9.60221 12.1734
  vertex -94.2 9.40697 12.0273
 endloop
endfacet
facet normal -1 -1.26482E-16 -1.04083E-17
 outer loop
  vertex -94.2 11.3593 14.6781
  vertex -94.2 12.5831 17.7343
  vertex -94.2 12.6878 16.388
 endloop
endfacet
facet normal -1 -1.26482E-16 -1.04083E-17
 outer loop
  vertex -94.2 12.5831 17.7343
  vertex -94.2 13 21
  vertex -94.2 13.1989 18.1648
 endloop
endfacet
facet normal -1 -1.26482E-16 -1.04083E-17
 outer loop
  vertex -94.2 -8.97268 11.593
  vertex -94.2 -3.26566 8.41686
  vertex -94.2 -8.82664 11.3978
 endloop
endfacet
facet normal -1 -1.26482E-16 -1.04083E-17
 outer loop
  vertex -94.2 -8.82664 11.3978
  vertex -94.2 -3.26566 8.41686
  vertex -94.2 -8.69694 11.1913
 endloop
endfacet
facet normal -1 -1.26482E-16 -1.04083E-17
 outer loop
  vertex -94.2 -8.69694 11.1913
  vertex -94.2 -3.26566 8.41686
  vertex -94.2 -6.30205 9.06123
 endloop
endfacet
facet normal -1 -1.26482E-16 -1.04083E-17
 outer loop
  vertex -94.2 -8.58443 10.975
  vertex -94.2 -6.30205 9.06123
  vertex -94.2001 -7.87419 10.0339
 endloop
endfacet
facet normal -1 -1.26482E-16 -1.04083E-17
 outer loop
  vertex -94.2 -8.45547 10.7244
  vertex -94.2001 -7.87419 10.0339
  vertex -94.2 -8.29419 10.4697
 endloop
endfacet
facet normal -1 -1.26482E-16 -1.04083E-17
 outer loop
  vertex -94.2 -8.45547 10.7244
  vertex -94.2 -8.58443 10.975
  vertex -94.2001 -7.87419 10.0339
 endloop
endfacet
facet normal -1 -1.26482E-16 -1.04083E-17
 outer loop
  vertex -94.2 6.30269 9.06157
  vertex -94.2 4.61223 8.31232
  vertex -94.2 3.26566 8.41686
 endloop
endfacet
facet normal -1 -1.26482E-16 -1.04083E-17
 outer loop
  vertex -94.2 8.69694 11.1913
  vertex -94.2 3.26566 8.41686
  vertex -94.2 8.82664 11.3978
 endloop
endfacet
facet normal -1 -1.26482E-16 -1.04083E-17
 outer loop
  vertex -94.2 8.69694 11.1913
  vertex -94.2 6.30269 9.06157
  vertex -94.2 3.26566 8.41686
 endloop
endfacet
facet normal -1 -1.26482E-16 -1.04083E-17
 outer loop
  vertex -94.2 8.69694 11.1913
  vertex -94.2 8.58443 10.975
  vertex -94.2 6.30269 9.06157
 endloop
endfacet
facet normal -1 -1.26482E-16 -1.04083E-17
 outer loop
  vertex -94.2 6.30269 9.06157
  vertex -94.2 8.58443 10.975
  vertex -94.2001 7.87543 10.0341
 endloop
endfacet
facet normal -1 -1.26482E-16 -1.04083E-17
 outer loop
  vertex -94.2001 7.87543 10.0341
  vertex -94.2 8.58443 10.975
  vertex -94.2 8.45526 10.7241
 endloop
endfacet
facet normal -1 -1.26482E-16 -1.04083E-17
 outer loop
  vertex -94.2 8.29452 10.4703
  vertex -94.2001 7.87543 10.0341
  vertex -94.2 8.45526 10.7241
 endloop
endfacet
facet normal -1 -1.26482E-16 -1.04083E-17
 outer loop
  vertex -94.2 8.29452 10.4703
  vertex -94.2 8.09987 10.2326
  vertex -94.2001 7.87543 10.0341
 endloop
endfacet
facet normal -1 -1.26482E-16 -1.04083E-17
 outer loop
  vertex -94.2 3.26566 8.41686
  vertex -94.2 8.97268 11.593
  vertex -94.2 8.82664 11.3978
 endloop
endfacet
facet normal -1 -1.26482E-16 -1.04083E-17
 outer loop
  vertex -94.2 4.61223 8.31232
  vertex -94.2 2.83524 7.80108
  vertex -94.2 3.26566 8.41686
 endloop
endfacet
facet normal -1 -1.26482E-16 -1.04083E-17
 outer loop
  vertex -94.2 3.26566 8.41686
  vertex -94.2 2.83524 7.80108
  vertex -94.2 -3.26566 8.41686
 endloop
endfacet
facet normal -1 -1.26482E-16 -1.04083E-17
 outer loop
  vertex -94.2 -3.26566 8.41686
  vertex -94.2 2.83524 7.80108
  vertex -94.2 -2.83524 7.80108
 endloop
endfacet
facet normal -1 -1.26482E-16 -1.04083E-17
 outer loop
  vertex -94.2 -4.61189 8.31219
  vertex -94.2 -3.26566 8.41686
  vertex -94.2 -2.83524 7.80108
 endloop
endfacet
facet normal -1 -1.26482E-16 -1.04083E-17
 outer loop
  vertex -94.2 -4.61189 8.31219
  vertex -94.2 -6.30205 9.06123
  vertex -94.2 -3.26566 8.41686
 endloop
endfacet
facet normal -1 -1.26482E-16 -1.04083E-17
 outer loop
  vertex -94.2001 -7.87419 10.0339
  vertex -94.2 -8.09869 10.2315
  vertex -94.2 -8.29419 10.4697
 endloop
endfacet
facet normal -1 -1.26482E-16 -1.04083E-17
 outer loop
  vertex -94.2 -8.58443 10.975
  vertex -94.2 -8.69694 11.1913
  vertex -94.2 -6.30205 9.06123
 endloop
endfacet
facet normal 0 0 1
 outer loop
  vertex -62.4235 8.97515 187.5
  vertex -62.4235 -8.97515 187.5
  vertex -57.3664 26.1983 187.5
 endloop
endfacet
facet normal 0 0 1
 outer loop
  vertex -62.4235 8.97515 187.5
  vertex -63.0655 -7.72329E-15 187.5
  vertex -62.4235 -8.97515 187.5
 endloop
endfacet
facet normal 0 0 1
 outer loop
  vertex -57.3664 26.1983 187.5
  vertex -57.3664 -26.1983 187.5
  vertex -47.6617 41.2991 187.5
 endloop
endfacet
facet normal 0 0 1
 outer loop
  vertex -57.3664 26.1983 187.5
  vertex -62.4235 -8.97515 187.5
  vertex -57.3664 -26.1983 187.5
 endloop
endfacet
facet normal 0 0 1
 outer loop
  vertex -47.6617 41.2991 187.5
  vertex -47.6617 -41.2991 187.5
  vertex -34.0958 53.054 187.5
 endloop
endfacet
facet normal 0 0 1
 outer loop
  vertex -47.6617 41.2991 187.5
  vertex -57.3664 -26.1983 187.5
  vertex -47.6617 -41.2991 187.5
 endloop
endfacet
facet normal 0 0 1
 outer loop
  vertex -47.6617 -41.2991 187.5
  vertex -34.0958 -53.054 187.5
  vertex -34.0958 53.054 187.5
 endloop
endfacet
facet normal 0 0 1
 outer loop
  vertex -34.0958 53.054 187.5
  vertex -34.0958 -53.054 187.5
  vertex -17.7676 60.5109 187.5
 endloop
endfacet
facet normal 0 0 1
 outer loop
  vertex -17.7676 60.5109 187.5
  vertex -34.0958 -53.054 187.5
  vertex -17.7676 -60.5109 187.5
 endloop
endfacet
facet normal 0 0 1
 outer loop
  vertex -7.74078E-15 63.0655 187.5
  vertex -17.7676 -60.5109 187.5
  vertex 0 -63.0655 187.5
 endloop
endfacet
facet normal 0 0 1
 outer loop
  vertex 17.7676 60.5109 187.5
  vertex 0 -63.0655 187.5
  vertex 17.7676 -60.5109 187.5
 endloop
endfacet
facet normal 0 0 1
 outer loop
  vertex 34.0958 53.054 187.5
  vertex 17.7676 -60.5109 187.5
  vertex 34.0958 -53.054 187.5
 endloop
endfacet
facet normal 0 0 1
 outer loop
  vertex 47.6617 41.2991 187.5
  vertex 34.0958 -53.054 187.5
  vertex 47.6617 -41.2991 187.5
 endloop
endfacet
facet normal 0 0 1
 outer loop
  vertex 57.3664 26.1983 187.5
  vertex 47.6617 -41.2991 187.5
  vertex 57.3664 -26.1983 187.5
 endloop
endfacet
facet normal 0 0 1
 outer loop
  vertex 62.4235 8.97515 187.5
  vertex 57.3664 -26.1983 187.5
  vertex 62.4235 -8.97515 187.5
 endloop
endfacet
facet normal 0 0 1
 outer loop
  vertex 62.4235 8.97515 187.5
  vertex 57.3664 26.1983 187.5
  vertex 57.3664 -26.1983 187.5
 endloop
endfacet
facet normal 0 0 1
 outer loop
  vertex 57.3664 26.1983 187.5
  vertex 47.6617 41.2991 187.5
  vertex 47.6617 -41.2991 187.5
 endloop
endfacet
facet normal 0 0 1
 outer loop
  vertex 47.6617 41.2991 187.5
  vertex 34.0958 53.054 187.5
  vertex 34.0958 -53.054 187.5
 endloop
endfacet
facet normal 0 0 1
 outer loop
  vertex 34.0958 53.054 187.5
  vertex 17.7676 60.5109 187.5
  vertex 17.7676 -60.5109 187.5
 endloop
endfacet
facet normal 0 0 1
 outer loop
  vertex 17.7676 60.5109 187.5
  vertex -7.74078E-15 63.0655 187.5
  vertex 0 -63.0655 187.5
 endloop
endfacet
facet normal 0 0 1
 outer loop
  vertex -17.7676 -60.5109 187.5
  vertex -7.74078E-15 63.0655 187.5
  vertex -17.7676 60.5109 187.5
 endloop
endfacet
facet normal 0 -2.22045E-16 -1
 outer loop
  vertex 52.0521 5.29318 2
  vertex 52.3205 -8.88178E-16 2
  vertex -52.3205 -7.45301E-15 2
 endloop
endfacet
facet normal 0 -2.22045E-16 -1
 outer loop
  vertex -51.2495 10.532 2
  vertex 52.0521 5.29318 2
  vertex -52.3205 -7.45301E-15 2
 endloop
endfacet
facet normal 0 -2.22045E-16 -1
 outer loop
  vertex -51.2495 10.532 2
  vertex 49.9211 15.6628 2
  vertex 52.0521 5.29318 2
 endloop
endfacet
facet normal 0 -2.22045E-16 -1
 outer loop
  vertex -51.2495 10.532 2
  vertex -48.0803 20.6329 2
  vertex 49.9211 15.6628 2
 endloop
endfacet
facet normal 0 -2.22045E-16 -1
 outer loop
  vertex 49.9211 15.6628 2
  vertex -48.0803 20.6329 2
  vertex 45.7463 25.3912 2
 endloop
endfacet
facet normal 0 -2.22045E-16 -1
 outer loop
  vertex 45.7463 25.3912 2
  vertex -48.0803 20.6329 2
  vertex -42.9428 29.889 2
 endloop
endfacet
facet normal 0 -2.22045E-16 -1
 outer loop
  vertex 39.6986 34.0801 2
  vertex -42.9428 29.889 2
  vertex -36.0471 37.9215 2
 endloop
endfacet
facet normal 0 -2.22045E-16 -1
 outer loop
  vertex 32.0257 41.3738 2
  vertex -36.0471 37.9215 2
  vertex -27.6757 44.4015 2
 endloop
endfacet
facet normal 0 -2.22045E-16 -1
 outer loop
  vertex 23.0416 46.9736 2
  vertex -27.6757 44.4015 2
  vertex -18.1712 49.0637 2
 endloop
endfacet
facet normal 0 -2.22045E-16 -1
 outer loop
  vertex 13.1143 50.6503 2
  vertex -18.1712 49.0637 2
  vertex -7.92278 51.7172 2
 endloop
endfacet
facet normal 0 -2.22045E-16 -1
 outer loop
  vertex 2.64999 52.2534 2
  vertex 13.1143 50.6503 2
  vertex -7.92278 51.7172 2
 endloop
endfacet
facet normal 0 -2.22045E-16 -1
 outer loop
  vertex 2.64999 -52.2534 2
  vertex -7.92278 -51.7172 2
  vertex 13.1143 -50.6503 2
 endloop
endfacet
facet normal 0 -2.22045E-16 -1
 outer loop
  vertex 13.1143 -50.6503 2
  vertex -7.92278 -51.7172 2
  vertex -18.1712 -49.0637 2
 endloop
endfacet
facet normal 0 -2.22045E-16 -1
 outer loop
  vertex 23.0416 -46.9736 2
  vertex -18.1712 -49.0637 2
  vertex -27.6757 -44.4015 2
 endloop
endfacet
facet normal 0 -2.22045E-16 -1
 outer loop
  vertex 32.0257 -41.3738 2
  vertex -27.6757 -44.4015 2
  vertex -36.0471 -37.9215 2
 endloop
endfacet
facet normal 0 -2.22045E-16 -1
 outer loop
  vertex 39.6986 -34.0801 2
  vertex -36.0471 -37.9215 2
  vertex -42.9428 -29.889 2
 endloop
endfacet
facet normal 0 -2.22045E-16 -1
 outer loop
  vertex 45.7463 -25.3912 2
  vertex -42.9428 -29.889 2
  vertex -48.0803 -20.6329 2
 endloop
endfacet
facet normal 0 -2.22045E-16 -1
 outer loop
  vertex 49.9211 -15.6628 2
  vertex -48.0803 -20.6329 2
  vertex -51.2495 -10.532 2
 endloop
endfacet
facet normal 0 -2.22045E-16 -1
 outer loop
  vertex 52.0521 -5.29318 2
  vertex -51.2495 -10.532 2
  vertex -52.3205 -7.45301E-15 2
 endloop
endfacet
facet normal 0 -2.22045E-16 -1
 outer loop
  vertex 52.3205 -8.88178E-16 2
  vertex 52.0521 -5.29318 2
  vertex -52.3205 -7.45301E-15 2
 endloop
endfacet
facet normal 0 -2.22045E-16 -1
 outer loop
  vertex 49.9211 -15.6628 2
  vertex 45.7463 -25.3912 2
  vertex -48.0803 -20.6329 2
 endloop
endfacet
facet normal 0 -2.22045E-16 -1
 outer loop
  vertex 45.7463 -25.3912 2
  vertex 39.6986 -34.0801 2
  vertex -42.9428 -29.889 2
 endloop
endfacet
facet normal 0 -2.22045E-16 -1
 outer loop
  vertex 39.6986 -34.0801 2
  vertex 32.0257 -41.3738 2
  vertex -36.0471 -37.9215 2
 endloop
endfacet
facet normal 0 -2.22045E-16 -1
 outer loop
  vertex 32.0257 -41.3738 2
  vertex 23.0416 -46.9736 2
  vertex -27.6757 -44.4015 2
 endloop
endfacet
facet normal 0 -2.22045E-16 -1
 outer loop
  vertex 23.0416 -46.9736 2
  vertex 13.1143 -50.6503 2
  vertex -18.1712 -49.0637 2
 endloop
endfacet
facet normal 0 -2.22045E-16 -1
 outer loop
  vertex 13.1143 50.6503 2
  vertex 23.0416 46.9736 2
  vertex -18.1712 49.0637 2
 endloop
endfacet
facet normal 0 -2.22045E-16 -1
 outer loop
  vertex 23.0416 46.9736 2
  vertex 32.0257 41.3738 2
  vertex -27.6757 44.4015 2
 endloop
endfacet
facet normal 0 -2.22045E-16 -1
 outer loop
  vertex 32.0257 41.3738 2
  vertex 39.6986 34.0801 2
  vertex -36.0471 37.9215 2
 endloop
endfacet
facet normal 0 -2.22045E-16 -1
 outer loop
  vertex 39.6986 34.0801 2
  vertex 45.7463 25.3912 2
  vertex -42.9428 29.889 2
 endloop
endfacet
facet normal 0 -2.22045E-16 -1
 outer loop
  vertex -51.2495 -10.532 2
  vertex 52.0521 -5.29318 2
  vertex 49.9211 -15.6628 2
 endloop
endfacet
facet normal 0.999657 0 0.0261769
 outer loop
  vertex 87.2306 4.35316 21.7454
  vertex 87.1977 4.51099 23
  vertex 87.1977 -4.51099 23
 endloop
endfacet
facet normal 0.999657 0 0.0261769
 outer loop
  vertex 87.2417 -4.21447 21.3202
  vertex 87.2306 4.35316 21.7454
  vertex 87.1977 -4.51099 23
 endloop
endfacet
facet normal 0.999657 0 0.0261769
 outer loop
  vertex 87.2417 -4.21447 21.3202
  vertex 87.2632 3.80051 20.4991
  vertex 87.2306 4.35316 21.7454
 endloop
endfacet
facet normal 0.999657 0 0.0261769
 outer loop
  vertex 87.2417 -4.21447 21.3202
  vertex 87.2824 -3.21464 19.7646
  vertex 87.2632 3.80051 20.4991
 endloop
endfacet
facet normal 0.999657 0 0.0261769
 outer loop
  vertex 87.2632 3.80051 20.4991
  vertex 87.2824 -3.21464 19.7646
  vertex 87.2908 2.86661 19.4462
 endloop
endfacet
facet normal 0.999657 0 0.0261769
 outer loop
  vertex 87.2908 2.86661 19.4462
  vertex 87.2824 -3.21464 19.7646
  vertex 87.3043 -2.08973 18.9316
 endloop
endfacet
facet normal 0.999657 0 0.0261769
 outer loop
  vertex 87.3093 1.67482 18.7408
  vertex 87.3043 -2.08973 18.9316
  vertex 87.3157 -0.82771 18.4949
 endloop
endfacet
facet normal 0.999657 0 0.0261769
 outer loop
  vertex 87.3172 0.408624 18.4369
  vertex 87.3093 1.67482 18.7408
  vertex 87.3157 -0.82771 18.4949
 endloop
endfacet
facet normal 0.999657 0 0.0261769
 outer loop
  vertex 87.0814 1.92192E-15 27.4425
  vertex 87.0949 -2.09432 26.9268
  vertex 87.0949 2.09432 26.9268
 endloop
endfacet
facet normal 0.999657 0 0.0261769
 outer loop
  vertex 87.0949 2.09432 26.9268
  vertex 87.0949 -2.09432 26.9268
  vertex 87.1275 -3.5757 25.6818
 endloop
endfacet
facet normal 0.999657 0 0.0261769
 outer loop
  vertex 87.1275 3.5757 25.6818
  vertex 87.1275 -3.5757 25.6818
  vertex 87.1648 -4.31193 24.2576
 endloop
endfacet
facet normal 0.999657 0 0.0261769
 outer loop
  vertex 87.1648 4.31193 24.2576
  vertex 87.1648 -4.31193 24.2576
  vertex 87.1977 -4.51099 23
 endloop
endfacet
facet normal 0.999657 0 0.0261769
 outer loop
  vertex 87.1977 4.51099 23
  vertex 87.1648 4.31193 24.2576
  vertex 87.1977 -4.51099 23
 endloop
endfacet
facet normal 0.999657 0 0.0261769
 outer loop
  vertex 87.1275 3.5757 25.6818
  vertex 87.0949 2.09432 26.9268
  vertex 87.1275 -3.5757 25.6818
 endloop
endfacet
facet normal 0.999657 0 0.0261769
 outer loop
  vertex 87.3093 1.67482 18.7408
  vertex 87.2908 2.86661 19.4462
  vertex 87.3043 -2.08973 18.9316
 endloop
endfacet
facet normal 0.999657 0 0.0261769
 outer loop
  vertex 87.1275 3.5757 25.6818
  vertex 87.1648 -4.31193 24.2576
  vertex 87.1648 4.31193 24.2576
 endloop
endfacet
facet normal 0.0298963 0.99921 0.0262004
 outer loop
  vertex -7.75827E-15 63.3511 176.593
  vertex -7.74078E-15 63.0655 187.5
  vertex 5.67875 63.096 176.593
 endloop
endfacet
facet normal 0.124632 0.991853 0.0263639
 outer loop
  vertex 5.67875 63.096 176.593
  vertex -7.74078E-15 63.0655 187.5
  vertex 17.7676 60.5109 187.5
 endloop
endfacet
facet normal 0.328182 0.944249 0.0262631
 outer loop
  vertex 16.8537 61.0681 176.593
  vertex 17.7676 60.5109 187.5
  vertex 27.487 57.0773 176.593
 endloop
endfacet
facet normal 0.213235 0.976648 0.0262802
 outer loop
  vertex 16.8537 61.0681 176.593
  vertex 5.67875 63.096 176.593
  vertex 17.7676 60.5109 187.5
 endloop
endfacet
facet normal 0.421486 0.906452 0.0263569
 outer loop
  vertex 17.7676 60.5109 187.5
  vertex 34.0958 53.054 187.5
  vertex 27.487 57.0773 176.593
 endloop
endfacet
facet normal 0.522053 0.852509 0.0262505
 outer loop
  vertex 27.487 57.0773 176.593
  vertex 34.0958 53.054 187.5
  vertex 37.2368 51.2521 176.593
 endloop
endfacet
facet normal 0.632647 0.773991 0.0263772
 outer loop
  vertex 37.2368 51.2521 176.593
  vertex 34.0958 53.054 187.5
  vertex 47.6617 41.2991 187.5
 endloop
endfacet
facet normal 0.772991 0.633874 0.0262522
 outer loop
  vertex 45.7898 43.7796 176.593
  vertex 47.6617 41.2991 187.5
  vertex 52.8711 34.8999 176.593
 endloop
endfacet
facet normal 0.691872 0.721541 0.0263036
 outer loop
  vertex 45.7898 43.7796 176.593
  vertex 37.2368 51.2521 176.593
  vertex 47.6617 41.2991 187.5
 endloop
endfacet
facet normal 0.838734 0.543903 0.0263561
 outer loop
  vertex 47.6617 41.2991 187.5
  vertex 57.3664 26.1983 187.5
  vertex 52.8711 34.8999 176.593
 endloop
endfacet
facet normal 0.890416 0.45439 0.0262598
 outer loop
  vertex 52.8711 34.8999 176.593
  vertex 57.3664 26.1983 187.5
  vertex 58.2531 24.8986 176.593
 endloop
endfacet
facet normal 0.938249 0.34496 0.0262855
 outer loop
  vertex 58.2531 24.8986 176.593
  vertex 57.3664 26.1983 187.5
  vertex 61.7627 14.0969 176.593
 endloop
endfacet
facet normal 0.964741 0.261879 0.0263667
 outer loop
  vertex 61.7627 14.0969 176.593
  vertex 57.3664 26.1983 187.5
  vertex 62.4235 8.97515 187.5
 endloop
endfacet
facet normal 0.999539 0.0150553 0.0263616
 outer loop
  vertex 63.2873 2.84224 176.593
  vertex 62.4235 8.97515 187.5
  vertex 62.4235 -8.97515 187.5
 endloop
endfacet
facet normal 0.980294 -0.195791 0.0262668
 outer loop
  vertex 62.7777 -8.50382 176.593
  vertex 62.4235 -8.97515 187.5
  vertex 60.2505 -19.5766 176.593
 endloop
endfacet
facet normal 0.996647 -0.0774915 0.0262753
 outer loop
  vertex 62.7777 -8.50382 176.593
  vertex 63.2873 2.84224 176.593
  vertex 62.4235 -8.97515 187.5
 endloop
endfacet
facet normal 0.956416 -0.290815 0.0263581
 outer loop
  vertex 62.4235 -8.97515 187.5
  vertex 57.3664 -26.1983 187.5
  vertex 60.2505 -19.5766 176.593
 endloop
endfacet
facet normal 0.915966 -0.400397 0.0262491
 outer loop
  vertex 60.2505 -19.5766 176.593
  vertex 57.3664 -26.1983 187.5
  vertex 55.7867 -30.0201 176.593
 endloop
endfacet
facet normal 0.854732 -0.518398 0.0263733
 outer loop
  vertex 55.7867 -30.0201 176.593
  vertex 57.3664 -26.1983 187.5
  vertex 47.6617 -41.2991 187.5
 endloop
endfacet
facet normal 0.733752 -0.67891 0.0262543
 outer loop
  vertex 49.5299 -39.4987 176.593
  vertex 47.6617 -41.2991 187.5
  vertex 41.6811 -47.7079 176.593
 endloop
endfacet
facet normal 0.809483 -0.586554 0.0262972
 outer loop
  vertex 49.5299 -39.4987 176.593
  vertex 55.7867 -30.0201 176.593
  vertex 47.6617 -41.2991 187.5
 endloop
endfacet
facet normal 0.655667 -0.75459 0.0263557
 outer loop
  vertex 47.6617 -41.2991 187.5
  vertex 34.0958 -53.054 187.5
  vertex 41.6811 -47.7079 176.593
 endloop
endfacet
facet normal 0.572039 -0.819806 0.0262569
 outer loop
  vertex 41.6811 -47.7079 176.593
  vertex 34.0958 -53.054 187.5
  vertex 32.4927 -54.3837 176.593
 endloop
endfacet
facet normal 0.470186 -0.882176 0.0262911
 outer loop
  vertex 32.4927 -54.3837 176.593
  vertex 34.0958 -53.054 187.5
  vertex 22.26 -59.3115 176.593
 endloop
endfacet
facet normal 0.393997 -0.918733 0.0263698
 outer loop
  vertex 22.26 -59.3115 176.593
  vertex 34.0958 -53.054 187.5
  vertex 17.7676 -60.5109 187.5
 endloop
endfacet
facet normal 0.154448 -0.987649 0.0263596
 outer loop
  vertex 11.3118 -62.333 176.593
  vertex 17.7676 -60.5109 187.5
  vertex 0 -63.0655 187.5
 endloop
endfacet
facet normal 0.0597121 -0.99787 0.0262709
 outer loop
  vertex 0 -63.3511 176.593
  vertex 11.3118 -62.333 176.593
  vertex 0 -63.0655 187.5
 endloop
endfacet
facet normal 0.271197 -0.962166 0.0262481
 outer loop
  vertex 11.3118 -62.333 176.593
  vertex 22.26 -59.3115 176.593
  vertex 17.7676 -60.5109 187.5
 endloop
endfacet
facet normal 0.990239 0.136888 0.0262475
 outer loop
  vertex 63.2873 2.84224 176.593
  vertex 61.7627 14.0969 176.593
  vertex 62.4235 8.97515 187.5
 endloop
endfacet
facet normal -0.0920048 -2.1604E-16 -0.995759
 outer loop
  vertex -52.3205 -7.45301E-15 2
  vertex -55.0571 -7.54597E-15 2.38174
  vertex -51.2495 10.532 2
 endloop
endfacet
facet normal -0.182158 0.0185236 -0.983095
 outer loop
  vertex -51.2495 10.532 2
  vertex -55.0571 -7.54597E-15 2.38174
  vertex -53.9301 11.0829 2.38174
 endloop
endfacet
facet normal -0.1747 0.0548126 -0.983095
 outer loop
  vertex -48.0803 20.6329 2
  vertex -53.9301 11.0829 2.38174
  vertex -50.5952 21.7121 2.38174
 endloop
endfacet
facet normal -0.160091 0.0888575 -0.983095
 outer loop
  vertex -42.9428 29.889 2
  vertex -50.5952 21.7121 2.38174
  vertex -45.1889 31.4524 2.38174
 endloop
endfacet
facet normal -0.138927 0.119265 -0.983095
 outer loop
  vertex -36.0471 37.9215 2
  vertex -45.1889 31.4524 2.38174
  vertex -37.9325 39.905 2.38174
 endloop
endfacet
facet normal -0.112075 0.144789 -0.983095
 outer loop
  vertex -27.6757 44.4015 2
  vertex -37.9325 39.905 2.38174
  vertex -29.1232 46.7239 2.38174
 endloop
endfacet
facet normal -0.080635 0.164386 -0.983095
 outer loop
  vertex -18.1712 49.0637 2
  vertex -29.1232 46.7239 2.38174
  vertex -19.1216 51.6299 2.38174
 endloop
endfacet
facet normal -0.0458938 0.177252 -0.983095
 outer loop
  vertex -7.92278 51.7172 2
  vertex -19.1216 51.6299 2.38174
  vertex -8.33718 54.4222 2.38174
 endloop
endfacet
facet normal -0.00927373 0.182862 -0.983095
 outer loop
  vertex 2.64999 52.2534 2
  vertex -8.33718 54.4222 2.38174
  vertex 2.7886 54.9865 2.38174
 endloop
endfacet
facet normal 0.027726 0.180986 -0.983095
 outer loop
  vertex 13.1143 50.6503 2
  vertex 2.7886 54.9865 2.38174
  vertex 13.8002 53.2996 2.38174
 endloop
endfacet
facet normal 0.0635907 0.1717 -0.983095
 outer loop
  vertex 23.0416 46.9736 2
  vertex 13.8002 53.2996 2.38174
  vertex 24.2468 49.4305 2.38174
 endloop
endfacet
facet normal 0.0968519 0.155384 -0.983095
 outer loop
  vertex 32.0257 41.3738 2
  vertex 24.2468 49.4305 2.38174
  vertex 33.7008 43.5378 2.38174
 endloop
endfacet
facet normal 0.126148 0.132708 -0.983095
 outer loop
  vertex 39.6986 34.0801 2
  vertex 33.7008 43.5378 2.38174
  vertex 41.7751 35.8627 2.38174
 endloop
endfacet
facet normal 0.15028 0.104598 -0.983095
 outer loop
  vertex 45.7463 25.3912 2
  vertex 41.7751 35.8627 2.38174
  vertex 48.139 26.7193 2.38174
 endloop
endfacet
facet normal 0.168259 0.0722055 -0.983095
 outer loop
  vertex 49.9211 15.6628 2
  vertex 48.139 26.7193 2.38174
  vertex 52.5322 16.4821 2.38174
 endloop
endfacet
facet normal 0.179349 0.0368572 -0.983095
 outer loop
  vertex 52.0521 5.29318 2
  vertex 52.5322 16.4821 2.38174
  vertex 54.7747 5.57004 2.38174
 endloop
endfacet
facet normal 0.183546 0.00930838 -0.982967
 outer loop
  vertex 52.3205 -8.88178E-16 2
  vertex 54.7747 5.57004 2.38174
  vertex 55.0571 -8.03414E-16 2.38174
 endloop
endfacet
facet normal 0.0915328 0.00930797 -0.995759
 outer loop
  vertex 52.3205 -8.88178E-16 2
  vertex 52.0521 5.29318 2
  vertex 54.7747 5.57004 2.38174
 endloop
endfacet
facet normal -0.349766 0.0184962 -0.936654
 outer loop
  vertex -55.0571 -7.54597E-15 2.38174
  vertex -57.3205 -7.61043E-15 3.33975
  vertex -53.9301 11.0829 2.38174
 endloop
endfacet
facet normal -0.422495 0.052311 -0.904854
 outer loop
  vertex -53.9301 11.0829 2.38174
  vertex -57.3205 -7.61043E-15 3.33975
  vertex -56.1472 11.5385 3.33975
 endloop
endfacet
facet normal -0.403316 0.136288 -0.904854
 outer loop
  vertex -50.5952 21.7121 2.38174
  vertex -56.1472 11.5385 3.33975
  vertex -52.6751 22.6047 3.33975
 endloop
endfacet
facet normal -0.367626 0.214685 -0.904854
 outer loop
  vertex -45.1889 31.4524 2.38174
  vertex -52.6751 22.6047 3.33975
  vertex -47.0466 32.7454 3.33975
 endloop
endfacet
facet normal -0.316885 0.284293 -0.904854
 outer loop
  vertex -37.9325 39.905 2.38174
  vertex -47.0466 32.7454 3.33975
  vertex -39.4919 41.5455 3.33975
 endloop
endfacet
facet normal -0.25317 0.342262 -0.904854
 outer loop
  vertex -29.1232 46.7239 2.38174
  vertex -39.4919 41.5455 3.33975
  vertex -30.3205 48.6447 3.33975
 endloop
endfacet
facet normal -0.179091 0.386219 -0.904854
 outer loop
  vertex -19.1216 51.6299 2.38174
  vertex -30.3205 48.6447 3.33975
  vertex -19.9077 53.7524 3.33975
 endloop
endfacet
facet normal -0.0976799 0.414364 -0.904854
 outer loop
  vertex -8.33718 54.4222 2.38174
  vertex -19.9077 53.7524 3.33975
  vertex -8.67992 56.6595 3.33975
 endloop
endfacet
facet normal -0.0122697 0.425544 -0.904854
 outer loop
  vertex 2.7886 54.9865 2.38174
  vertex -8.67992 56.6595 3.33975
  vertex 2.90324 57.2469 3.33975
 endloop
endfacet
facet normal 0.0736429 0.419303 -0.904854
 outer loop
  vertex 13.8002 53.2996 2.38174
  vertex 2.90324 57.2469 3.33975
  vertex 14.3675 55.4907 3.33975
 endloop
endfacet
facet normal 0.156541 0.395896 -0.904854
 outer loop
  vertex 24.2468 49.4305 2.38174
  vertex 14.3675 55.4907 3.33975
  vertex 25.2436 51.4626 3.33975
 endloop
endfacet
facet normal 0.233029 0.35628 -0.904854
 outer loop
  vertex 33.7008 43.5378 2.38174
  vertex 25.2436 51.4626 3.33975
  vertex 35.0862 45.3277 3.33975
 endloop
endfacet
facet normal 0.299978 0.302079 -0.904854
 outer loop
  vertex 41.7751 35.8627 2.38174
  vertex 35.0862 45.3277 3.33975
  vertex 43.4924 37.337 3.33975
 endloop
endfacet
facet normal 0.354646 0.23551 -0.904854
 outer loop
  vertex 48.139 26.7193 2.38174
  vertex 43.4924 37.337 3.33975
  vertex 50.118 27.8178 3.33975
 endloop
endfacet
facet normal 0.394794 0.1593 -0.904854
 outer loop
  vertex 52.5322 16.4821 2.38174
  vertex 50.118 27.8178 3.33975
  vertex 54.6917 17.1596 3.33975
 endloop
endfacet
facet normal 0.418779 0.0765674 -0.904854
 outer loop
  vertex 54.7747 5.57004 2.38174
  vertex 54.6917 17.1596 3.33975
  vertex 57.0264 5.79902 3.33975
 endloop
endfacet
facet normal 0.426667 0.0169795 -0.904249
 outer loop
  vertex 55.0571 -8.03414E-16 2.38174
  vertex 57.0264 5.79902 3.33975
  vertex 57.3205 -5.90695E-16 3.33975
 endloop
endfacet
facet normal 0.350186 0.0262702 -0.936312
 outer loop
  vertex 55.0571 -8.03414E-16 2.38174
  vertex 54.7747 5.57004 2.38174
  vertex 57.0264 5.79902 3.33975
 endloop
endfacet
facet normal 0.0877854 0.0275429 -0.995759
 outer loop
  vertex 52.0521 5.29318 2
  vertex 49.9211 15.6628 2
  vertex 52.5322 16.4821 2.38174
 endloop
endfacet
facet normal 0.0804441 0.0446501 -0.995759
 outer loop
  vertex 49.9211 15.6628 2
  vertex 45.7463 25.3912 2
  vertex 48.139 26.7193 2.38174
 endloop
endfacet
facet normal 0.0698094 0.0599294 -0.995759
 outer loop
  vertex 45.7463 25.3912 2
  vertex 39.6986 34.0801 2
  vertex 41.7751 35.8627 2.38174
 endloop
endfacet
facet normal 0.0563167 0.0727552 -0.995759
 outer loop
  vertex 39.6986 34.0801 2
  vertex 32.0257 41.3738 2
  vertex 33.7008 43.5378 2.38174
 endloop
endfacet
facet normal 0.0405184 0.0826024 -0.995759
 outer loop
  vertex 32.0257 41.3738 2
  vertex 23.0416 46.9736 2
  vertex 24.2468 49.4305 2.38174
 endloop
endfacet
facet normal 0.0230612 0.0890678 -0.995759
 outer loop
  vertex 23.0416 46.9736 2
  vertex 13.1143 50.6503 2
  vertex 13.8002 53.2996 2.38174
 endloop
endfacet
facet normal 0.00465997 0.0918867 -0.995759
 outer loop
  vertex 13.1143 50.6503 2
  vertex 2.64999 52.2534 2
  vertex 2.7886 54.9865 2.38174
 endloop
endfacet
facet normal -0.0139321 0.0909439 -0.995759
 outer loop
  vertex 2.64999 52.2534 2
  vertex -7.92278 51.7172 2
  vertex -8.33718 54.4222 2.38174
 endloop
endfacet
facet normal -0.0319538 0.0862777 -0.995759
 outer loop
  vertex -7.92278 51.7172 2
  vertex -18.1712 49.0637 2
  vertex -19.1216 51.6299 2.38174
 endloop
endfacet
facet normal -0.0486672 0.0780794 -0.995759
 outer loop
  vertex -18.1712 49.0637 2
  vertex -27.6757 44.4015 2
  vertex -29.1232 46.7239 2.38174
 endloop
endfacet
facet normal -0.0633883 0.0666844 -0.995759
 outer loop
  vertex -27.6757 44.4015 2
  vertex -36.0471 37.9215 2
  vertex -37.9325 39.905 2.38174
 endloop
endfacet
facet normal -0.0755142 0.0525594 -0.995759
 outer loop
  vertex -36.0471 37.9215 2
  vertex -42.9428 29.889 2
  vertex -45.1889 31.4524 2.38174
 endloop
endfacet
facet normal -0.0845486 0.0362826 -0.995759
 outer loop
  vertex -42.9428 29.889 2
  vertex -48.0803 20.6329 2
  vertex -50.5952 21.7121 2.38174
 endloop
endfacet
facet normal -0.0901215 0.0185204 -0.995759
 outer loop
  vertex -48.0803 20.6329 2
  vertex -51.2495 10.532 2
  vertex -53.9301 11.0829 2.38174
 endloop
endfacet
facet normal -0.338883 0.088525 -0.936654
 outer loop
  vertex -53.9301 11.0829 2.38174
  vertex -56.1472 11.5385 3.33975
  vertex -50.5952 21.7121 2.38174
 endloop
endfacet
facet normal -0.314127 0.15493 -0.936654
 outer loop
  vertex -50.5952 21.7121 2.38174
  vertex -52.6751 22.6047 3.33975
  vertex -45.1889 31.4524 2.38174
 endloop
endfacet
facet normal -0.276509 0.214991 -0.936654
 outer loop
  vertex -45.1889 31.4524 2.38174
  vertex -47.0466 32.7454 3.33975
  vertex -37.9325 39.905 2.38174
 endloop
endfacet
facet normal -0.227572 0.266251 -0.936654
 outer loop
  vertex -37.9325 39.905 2.38174
  vertex -39.4919 41.5455 3.33975
  vertex -29.1232 46.7239 2.38174
 endloop
endfacet
facet normal -0.169317 0.306611 -0.936654
 outer loop
  vertex -29.1232 46.7239 2.38174
  vertex -30.3205 48.6447 3.33975
  vertex -19.1216 51.6299 2.38174
 endloop
endfacet
facet normal -0.104131 0.334418 -0.936654
 outer loop
  vertex -19.1216 51.6299 2.38174
  vertex -19.9077 53.7524 3.33975
  vertex -8.33718 54.4222 2.38174
 endloop
endfacet
facet normal -0.0346815 0.348534 -0.936654
 outer loop
  vertex -8.33718 54.4222 2.38174
  vertex -8.67992 56.6595 3.33975
  vertex 2.7886 54.9865 2.38174
 endloop
endfacet
facet normal 0.0361878 0.348381 -0.936654
 outer loop
  vertex 2.7886 54.9865 2.38174
  vertex 2.90324 57.2469 3.33975
  vertex 13.8002 53.2996 2.38174
 endloop
endfacet
facet normal 0.105576 0.333965 -0.936654
 outer loop
  vertex 13.8002 53.2996 2.38174
  vertex 14.3675 55.4907 3.33975
  vertex 24.2468 49.4305 2.38174
 endloop
endfacet
facet normal 0.170641 0.305876 -0.936654
 outer loop
  vertex 24.2468 49.4305 2.38174
  vertex 25.2436 51.4626 3.33975
  vertex 33.7008 43.5378 2.38174
 endloop
endfacet
facet normal 0.22872 0.265265 -0.936654
 outer loop
  vertex 33.7008 43.5378 2.38174
  vertex 35.0862 45.3277 3.33975
  vertex 41.7751 35.8627 2.38174
 endloop
endfacet
facet normal 0.277436 0.213794 -0.936654
 outer loop
  vertex 41.7751 35.8627 2.38174
  vertex 43.4924 37.337 3.33975
  vertex 48.139 26.7193 2.38174
 endloop
endfacet
facet normal 0.314793 0.15357 -0.936654
 outer loop
  vertex 48.139 26.7193 2.38174
  vertex 50.118 27.8178 3.33975
  vertex 52.5322 16.4821 2.38174
 endloop
endfacet
facet normal 0.339263 0.0870592 -0.936654
 outer loop
  vertex 52.5322 16.4821 2.38174
  vertex 54.6917 17.1596 3.33975
  vertex 54.7747 5.57004 2.38174
 endloop
endfacet
facet normal 0.50892 0.859243 -0.0519896
 outer loop
  vertex 87.6857 -4.79841 23
  vertex 87.1977 -4.51099 23
  vertex 87.661 -4.70528 23.8636
 endloop
endfacet
facet normal 0.51014 0.849755 -0.132945
 outer loop
  vertex 87.661 -4.70528 23.8636
  vertex 87.1977 -4.51099 23
  vertex 87.1648 -4.31193 24.2576
 endloop
endfacet
facet normal 0.511927 0.779112 -0.361821
 outer loop
  vertex 87.6354 -4.43232 24.7596
  vertex 87.1648 -4.31193 24.2576
  vertex 87.1275 -3.5757 25.6818
 endloop
endfacet
facet normal 0.508812 0.677732 -0.530838
 outer loop
  vertex 87.6117 -3.98769 25.5898
  vertex 87.1275 -3.5757 25.6818
  vertex 87.591 -3.39167 26.315
 endloop
endfacet
facet normal 0.509937 0.741068 -0.436786
 outer loop
  vertex 87.6117 -3.98769 25.5898
  vertex 87.6354 -4.43232 24.7596
  vertex 87.1275 -3.5757 25.6818
 endloop
endfacet
facet normal 0.513908 0.57748 -0.634362
 outer loop
  vertex 87.1275 -3.5757 25.6818
  vertex 87.0949 -2.09432 26.9268
  vertex 87.591 -3.39167 26.315
 endloop
endfacet
facet normal 0.51059 0.505322 -0.695663
 outer loop
  vertex 87.591 -3.39167 26.315
  vertex 87.0949 -2.09432 26.9268
  vertex 87.5739 -2.66526 26.9107
 endloop
endfacet
facet normal 0.508792 0.409433 -0.757295
 outer loop
  vertex 87.5739 -2.66526 26.9107
  vertex 87.0949 -2.09432 26.9268
  vertex 87.5612 -1.83469 27.3544
 endloop
endfacet
facet normal 0.510306 0.305399 -0.803939
 outer loop
  vertex 87.5612 -1.83469 27.3544
  vertex 87.0949 -2.09432 26.9268
  vertex 87.5535 -0.937937 27.6264
 endloop
endfacet
facet normal 0.515217 0.195132 -0.834551
 outer loop
  vertex 87.5535 -0.937937 27.6264
  vertex 87.0949 -2.09432 26.9268
  vertex 87.0814 1.92192E-15 27.4425
 endloop
endfacet
facet normal 0.5092 -0.0569875 -0.858759
 outer loop
  vertex 87.5508 2.2355E-12 27.719
  vertex 87.0814 1.92192E-15 27.4425
  vertex 87.5534 0.933579 27.6273
 endloop
endfacet
facet normal 0.509216 0.0572552 -0.858732
 outer loop
  vertex 87.5508 2.2355E-12 27.719
  vertex 87.5535 -0.937937 27.6264
  vertex 87.0814 1.92192E-15 27.4425
 endloop
endfacet
facet normal 0.51522 -0.194865 -0.834611
 outer loop
  vertex 87.0814 1.92192E-15 27.4425
  vertex 87.0949 2.09432 26.9268
  vertex 87.5534 0.933579 27.6273
 endloop
endfacet
facet normal 0.510326 -0.305161 -0.804017
 outer loop
  vertex 87.5534 0.933579 27.6273
  vertex 87.0949 2.09432 26.9268
  vertex 87.5612 1.83496 27.3543
 endloop
endfacet
facet normal 0.50879 -0.409426 -0.7573
 outer loop
  vertex 87.5612 1.83496 27.3543
  vertex 87.0949 2.09432 26.9268
  vertex 87.5739 2.66489 26.911
 endloop
endfacet
facet normal 0.514096 -0.533456 -0.671662
 outer loop
  vertex 87.5739 2.66489 26.911
  vertex 87.0949 2.09432 26.9268
  vertex 87.1275 3.5757 25.6818
 endloop
endfacet
facet normal 0.508822 -0.677781 -0.530766
 outer loop
  vertex 87.591 3.39078 26.3159
  vertex 87.1275 3.5757 25.6818
  vertex 87.6118 3.9892 25.5875
 endloop
endfacet
facet normal 0.511 -0.600908 -0.614645
 outer loop
  vertex 87.591 3.39078 26.3159
  vertex 87.5739 2.66489 26.911
  vertex 87.1275 3.5757 25.6818
 endloop
endfacet
facet normal 0.512144 -0.753223 -0.41275
 outer loop
  vertex 87.1275 3.5757 25.6818
  vertex 87.1648 4.31193 24.2576
  vertex 87.6118 3.9892 25.5875
 endloop
endfacet
facet normal 0.510326 -0.787889 -0.344671
 outer loop
  vertex 87.6118 3.9892 25.5875
  vertex 87.1648 4.31193 24.2576
  vertex 87.6354 4.43162 24.7613
 endloop
endfacet
facet normal 0.508767 -0.827156 -0.238681
 outer loop
  vertex 87.6354 4.43162 24.7613
  vertex 87.1648 4.31193 24.2576
  vertex 87.6611 4.70609 23.8597
 endloop
endfacet
facet normal 0.510137 -0.849794 -0.132705
 outer loop
  vertex 87.6611 4.70609 23.8597
  vertex 87.1648 4.31193 24.2576
  vertex 87.1977 4.51099 23
 endloop
endfacet
facet normal 0.508907 -0.859265 -0.0517498
 outer loop
  vertex 87.6857 4.79841 23
  vertex 87.6611 4.70609 23.8597
  vertex 87.1977 4.51099 23
 endloop
endfacet
facet normal 0.508752 0.827128 -0.238812
 outer loop
  vertex 87.6354 -4.43232 24.7596
  vertex 87.661 -4.70528 23.8636
  vertex 87.1648 -4.31193 24.2576
 endloop
endfacet
facet normal -0.0408072 -0.70034 0.712642
 outer loop
  vertex -8.06757E-15 -65.8767 170.966
  vertex -8.01363E-15 -65.4363 171.413
  vertex -11.7627 -64.818 170.966
 endloop
endfacet
facet normal -0.084911 -0.714868 0.694085
 outer loop
  vertex -11.7627 -64.818 170.966
  vertex -8.01363E-15 -65.4363 171.413
  vertex -11.6841 -64.3847 171.413
 endloop
endfacet
facet normal -0.174116 -0.69859 0.694014
 outer loop
  vertex -12.4672 -64.6862 170.966
  vertex -11.6841 -64.3847 171.413
  vertex -22.9927 -61.2637 171.413
 endloop
endfacet
facet normal -0.251576 -0.656195 0.711419
 outer loop
  vertex -23.1474 -61.6761 170.966
  vertex -22.9927 -61.2637 171.413
  vertex -24.4839 -61.1578 170.966
 endloop
endfacet
facet normal -0.210278 -0.669427 0.712497
 outer loop
  vertex -23.1474 -61.6761 170.966
  vertex -12.4672 -64.6862 170.966
  vertex -22.9927 -61.2637 171.413
 endloop
endfacet
facet normal -0.0447622 -0.813665 0.579608
 outer loop
  vertex -8.01363E-15 -65.4363 171.413
  vertex -7.82409E-15 -63.8886 173.913
  vertex -11.6841 -64.3847 171.413
 endloop
endfacet
facet normal -0.101303 -0.874732 0.4739
 outer loop
  vertex -11.6841 -64.3847 171.413
  vertex -7.82409E-15 -63.8886 173.913
  vertex -11.4077 -62.8618 173.913
 endloop
endfacet
facet normal -0.255865 -0.842587 0.4739
 outer loop
  vertex -22.9927 -61.2637 171.413
  vertex -11.4077 -62.8618 173.913
  vertex -22.4488 -59.8147 173.913
 endloop
endfacet
facet normal -0.402203 -0.78336 0.4739
 outer loop
  vertex -33.5622 -56.1737 171.413
  vertex -22.4488 -59.8147 173.913
  vertex -32.7684 -54.8451 173.913
 endloop
endfacet
facet normal -0.535613 -0.698955 0.4739
 outer loop
  vertex -43.0531 -49.2782 171.413
  vertex -32.7684 -54.8451 173.913
  vertex -42.0348 -48.1126 173.913
 endloop
endfacet
facet normal -0.651809 -0.592085 0.4739
 outer loop
  vertex -51.1601 -40.7988 171.413
  vertex -42.0348 -48.1126 173.913
  vertex -49.9501 -39.8339 173.913
 endloop
endfacet
facet normal -0.747055 -0.466185 0.4739
 outer loop
  vertex -57.6229 -31.0082 171.413
  vertex -49.9501 -39.8339 173.913
  vertex -56.26 -30.2748 173.913
 endloop
endfacet
facet normal -0.81829 -0.325301 0.4739
 outer loop
  vertex -62.2336 -20.2209 171.413
  vertex -56.26 -30.2748 173.913
  vertex -60.7616 -19.7426 173.913
 endloop
endfacet
facet normal -0.863224 -0.173962 0.4739
 outer loop
  vertex -64.844 -8.78372 171.413
  vertex -60.7616 -19.7426 173.913
  vertex -63.3103 -8.57597 173.913
 endloop
endfacet
facet normal -0.880414 -0.0170318 0.4739
 outer loop
  vertex -65.3704 2.93579 171.413
  vertex -63.3103 -8.57597 173.913
  vertex -63.8242 2.86635 173.913
 endloop
endfacet
facet normal -0.869307 0.140446 0.4739
 outer loop
  vertex -63.7956 14.5609 171.413
  vertex -63.8242 2.86635 173.913
  vertex -62.2867 14.2165 173.913
 endloop
endfacet
facet normal -0.830259 0.29341 0.4739
 outer loop
  vertex -60.1705 25.7181 171.413
  vertex -62.2867 14.2165 173.913
  vertex -58.7473 25.1098 173.913
 endloop
endfacet
facet normal -0.764526 0.436943 0.4739
 outer loop
  vertex -54.6114 36.0486 171.413
  vertex -58.7473 25.1098 173.913
  vertex -53.3197 35.196 173.913
 endloop
endfacet
facet normal -0.674221 0.566432 0.4739
 outer loop
  vertex -47.297 45.2206 171.413
  vertex -53.3197 35.196 173.913
  vertex -46.1783 44.151 173.913
 endloop
endfacet
facet normal -0.562245 0.677716 0.4739
 outer loop
  vertex -38.4625 52.939 171.413
  vertex -46.1783 44.151 173.913
  vertex -37.5527 51.6869 173.913
 endloop
endfacet
facet normal -0.432199 0.767218 0.4739
 outer loop
  vertex -28.3917 58.956 171.413
  vertex -37.5527 51.6869 173.913
  vertex -27.7202 57.5616 173.913
 endloop
endfacet
facet normal -0.288261 0.83206 0.4739
 outer loop
  vertex -17.4085 63.0781 171.413
  vertex -27.7202 57.5616 173.913
  vertex -16.9967 61.5862 173.913
 endloop
endfacet
facet normal -0.135058 0.87016 0.4739
 outer loop
  vertex -5.86566 65.1728 171.413
  vertex -16.9967 61.5862 173.913
  vertex -5.72693 63.6314 173.913
 endloop
endfacet
facet normal -0.0283102 0.880673 0.472878
 outer loop
  vertex 0 65.4363 171.413
  vertex -5.72693 63.6314 173.913
  vertex 0 63.8886 173.913
 endloop
endfacet
facet normal -0.0507391 0.814019 0.578618
 outer loop
  vertex 0 65.4363 171.413
  vertex -5.86566 65.1728 171.413
  vertex -5.72693 63.6314 173.913
 endloop
endfacet
facet normal -0.0221069 0.720497 0.693105
 outer loop
  vertex 0 65.4363 171.413
  vertex 0 65.8767 170.966
  vertex -5.86566 65.1728 171.413
 endloop
endfacet
facet normal -0.0425655 0.701181 0.711712
 outer loop
  vertex -5.86566 65.1728 171.413
  vertex 0 65.8767 170.966
  vertex -5.90514 65.6115 170.966
 endloop
endfacet
facet normal -0.0642331 0.699843 0.711402
 outer loop
  vertex -6.26198 65.5784 170.966
  vertex -5.86566 65.1728 171.413
  vertex -5.90514 65.6115 170.966
 endloop
endfacet
facet normal -0.109562 0.711543 0.694048
 outer loop
  vertex -6.26198 65.5784 170.966
  vertex -17.4085 63.0781 171.413
  vertex -5.86566 65.1728 171.413
 endloop
endfacet
facet normal -0.148202 0.685771 0.712568
 outer loop
  vertex -6.26198 65.5784 170.966
  vertex -17.5256 63.5027 170.966
  vertex -17.4085 63.0781 171.413
 endloop
endfacet
facet normal -0.190551 0.67645 0.711411
 outer loop
  vertex -17.4085 63.0781 171.413
  vertex -17.5256 63.5027 170.966
  vertex -18.5596 63.2082 170.966
 endloop
endfacet
facet normal -0.270605 0.647472 0.712427
 outer loop
  vertex -28.3917 58.956 171.413
  vertex -18.5596 63.2082 170.966
  vertex -28.5828 59.3529 170.966
 endloop
endfacet
facet normal -0.310493 0.630446 0.71143
 outer loop
  vertex -30.1864 58.5535 170.966
  vertex -28.3917 58.956 171.413
  vertex -28.5828 59.3529 170.966
 endloop
endfacet
facet normal -0.356975 0.625331 0.693924
 outer loop
  vertex -30.1864 58.5535 170.966
  vertex -38.4625 52.939 171.413
  vertex -28.3917 58.956 171.413
 endloop
endfacet
facet normal -0.384011 0.587513 0.712295
 outer loop
  vertex -30.1864 58.5535 170.966
  vertex -38.7214 53.2954 170.966
  vertex -38.4625 52.939 171.413
 endloop
endfacet
facet normal -0.42005 0.563371 0.711457
 outer loop
  vertex -38.4625 52.939 171.413
  vertex -38.7214 53.2954 170.966
  vertex -40.7223 51.7826 170.966
 endloop
endfacet
facet normal -0.484623 0.50789 0.712172
 outer loop
  vertex -47.297 45.2206 171.413
  vertex -40.7223 51.7826 170.966
  vertex -47.6153 45.5249 170.966
 endloop
endfacet
facet normal -0.515555 0.477472 0.711494
 outer loop
  vertex -49.7863 43.1401 170.966
  vertex -47.297 45.2206 171.413
  vertex -47.6153 45.5249 170.966
 endloop
endfacet
facet normal -0.557165 0.456245 0.693836
 outer loop
  vertex -49.7863 43.1401 170.966
  vertex -54.6114 36.0486 171.413
  vertex -47.297 45.2206 171.413
 endloop
endfacet
facet normal -0.569068 0.41126 0.712058
 outer loop
  vertex -49.7863 43.1401 170.966
  vertex -54.9789 36.2913 170.966
  vertex -54.6114 36.0486 171.413
 endloop
endfacet
facet normal -0.593817 0.375624 0.711539
 outer loop
  vertex -54.6114 36.0486 171.413
  vertex -54.9789 36.2913 170.966
  vertex -57.0509 32.9383 170.966
 endloop
endfacet
facet normal -0.634517 0.300851 0.711953
 outer loop
  vertex -60.1705 25.7181 171.413
  vertex -57.0509 32.9383 170.966
  vertex -60.5755 25.8912 170.966
 endloop
endfacet
facet normal -0.652219 0.261236 0.711594
 outer loop
  vertex -62.2535 21.5462 170.966
  vertex -60.1705 25.7181 171.413
  vertex -60.5755 25.8912 170.966
 endloop
endfacet
facet normal -0.683577 0.226681 0.693785
 outer loop
  vertex -62.2535 21.5462 170.966
  vertex -63.7956 14.5609 171.413
  vertex -60.1705 25.7181 171.413
 endloop
endfacet
facet normal -0.678773 0.180352 0.711857
 outer loop
  vertex -62.2535 21.5462 170.966
  vertex -64.225 14.6589 170.966
  vertex -63.7956 14.5609 171.413
 endloop
endfacet
facet normal -0.688812 0.138136 0.711658
 outer loop
  vertex -63.7956 14.5609 171.413
  vertex -64.225 14.6589 170.966
  vertex -65.2062 9.37523 170.966
 endloop
endfacet
facet normal -0.700349 0.0537906 0.71177
 outer loop
  vertex -65.3704 2.93579 171.413
  vertex -65.2062 9.37523 170.966
  vertex -65.8104 2.95555 170.966
 endloop
endfacet
facet normal -0.702375 0.0104443 0.711731
 outer loop
  vertex -65.8021 -3.13454 170.966
  vertex -65.3704 2.93579 171.413
  vertex -65.8104 2.95555 170.966
 endloop
endfacet
facet normal -0.719442 -0.0329322 0.693771
 outer loop
  vertex -65.8021 -3.13454 170.966
  vertex -64.844 -8.78372 171.413
  vertex -65.3704 2.93579 171.413
 endloop
endfacet
facet normal -0.698518 -0.0745992 0.711693
 outer loop
  vertex -65.8021 -3.13454 170.966
  vertex -65.2805 -8.84284 170.966
  vertex -64.844 -8.78372 171.413
 endloop
endfacet
facet normal -0.69246 -0.117567 0.711813
 outer loop
  vertex -64.844 -8.78372 171.413
  vertex -65.2805 -8.84284 170.966
  vertex -64.0197 -15.531 170.966
 endloop
endfacet
facet normal -0.673336 -0.200523 0.711625
 outer loop
  vertex -62.2336 -20.2209 171.413
  vertex -64.0197 -15.531 170.966
  vertex -62.6525 -20.357 170.966
 endloop
endfacet
facet normal -0.659404 -0.241617 0.711904
 outer loop
  vertex -59.9235 -27.3662 170.966
  vertex -62.2336 -20.2209 171.413
  vertex -62.6525 -20.357 170.966
 endloop
endfacet
facet normal -0.660001 -0.28818 0.693794
 outer loop
  vertex -59.9235 -27.3662 170.966
  vertex -57.6229 -31.0082 171.413
  vertex -62.2336 -20.2209 171.413
 endloop
endfacet
facet normal -0.625639 -0.319766 0.711565
 outer loop
  vertex -59.9235 -27.3662 170.966
  vertex -58.0107 -31.2169 170.966
  vertex -57.6229 -31.0082 171.413
 endloop
endfacet
facet normal -0.60432 -0.357557 0.712004
 outer loop
  vertex -57.6229 -31.0082 171.413
  vertex -58.0107 -31.2169 170.966
  vertex -53.6616 -38.2122 170.966
 endloop
endfacet
facet normal -0.55702 -0.42834 0.711515
 outer loop
  vertex -51.1601 -40.7988 171.413
  vertex -53.6616 -38.2122 170.966
  vertex -51.5045 -41.0734 170.966
 endloop
endfacet
facet normal -0.529057 -0.461511 0.712114
 outer loop
  vertex -45.4601 -47.6772 170.966
  vertex -51.1601 -40.7988 171.413
  vertex -51.5045 -41.0734 170.966
 endloop
endfacet
facet normal -0.513141 -0.505225 0.693854
 outer loop
  vertex -45.4601 -47.6772 170.966
  vertex -43.0531 -49.2782 171.413
  vertex -51.1601 -40.7988 171.413
 endloop
endfacet
facet normal -0.469771 -0.522609 0.711474
 outer loop
  vertex -45.4601 -47.6772 170.966
  vertex -43.3428 -49.6099 170.966
  vertex -43.0531 -49.2782 171.413
 endloop
endfacet
facet normal -0.436139 -0.550008 0.712232
 outer loop
  vertex -43.0531 -49.2782 171.413
  vertex -43.3428 -49.6099 170.966
  vertex -35.6156 -55.419 170.966
 endloop
endfacet
facet normal -0.366809 -0.599418 0.711442
 outer loop
  vertex -33.5622 -56.1737 171.413
  vertex -35.6156 -55.419 170.966
  vertex -33.7881 -56.5518 170.966
 endloop
endfacet
facet normal -0.328679 -0.620092 0.71236
 outer loop
  vertex -24.4839 -61.1578 170.966
  vertex -33.5622 -56.1737 171.413
  vertex -33.7881 -56.5518 170.966
 endloop
endfacet
facet normal -0.298343 -0.655304 0.693951
 outer loop
  vertex -24.4839 -61.1578 170.966
  vertex -22.9927 -61.2637 171.413
  vertex -33.5622 -56.1737 171.413
 endloop
endfacet
facet normal -0.327809 -0.746053 0.579608
 outer loop
  vertex -33.5622 -56.1737 171.413
  vertex -22.9927 -61.2637 171.413
  vertex -22.4488 -59.8147 173.913
 endloop
endfacet
facet normal -0.0564209 -0.965637 0.253695
 outer loop
  vertex -7.82409E-15 -63.8886 173.913
  vertex 0 -63.3511 176.593
  vertex -11.4077 -62.8618 173.913
 endloop
endfacet
facet normal -0.116935 -0.983196 0.140187
 outer loop
  vertex -11.4077 -62.8618 173.913
  vertex 0 -63.3511 176.593
  vertex -11.3118 -62.333 176.593
 endloop
endfacet
facet normal -0.290612 -0.946516 0.140187
 outer loop
  vertex -22.4488 -59.8147 173.913
  vertex -11.3118 -62.333 176.593
  vertex -22.26 -59.3115 176.593
 endloop
endfacet
facet normal -0.454949 -0.879414 0.140187
 outer loop
  vertex -32.7684 -54.8451 173.913
  vertex -22.26 -59.3115 176.593
  vertex -32.4927 -54.3837 176.593
 endloop
endfacet
facet normal -0.604663 -0.784047 0.140187
 outer loop
  vertex -42.0348 -48.1126 173.913
  vertex -32.4927 -54.3837 176.593
  vertex -41.6811 -47.7079 176.593
 endloop
endfacet
facet normal -0.734943 -0.663481 0.140187
 outer loop
  vertex -49.9501 -39.8339 173.913
  vertex -41.6811 -47.7079 176.593
  vertex -49.5299 -39.4987 176.593
 endloop
endfacet
facet normal -0.841601 -0.521589 0.140187
 outer loop
  vertex -56.26 -30.2748 173.913
  vertex -49.5299 -39.4987 176.593
  vertex -55.7867 -30.0201 176.593
 endloop
endfacet
facet normal -0.92121 -0.362933 0.140187
 outer loop
  vertex -60.7616 -19.7426 173.913
  vertex -55.7867 -30.0201 176.593
  vertex -60.2505 -19.5766 176.593
 endloop
endfacet
facet normal -0.97121 -0.192612 0.140187
 outer loop
  vertex -63.3103 -8.57597 173.913
  vertex -60.2505 -19.5766 176.593
  vertex -62.7777 -8.50382 176.593
 endloop
endfacet
facet normal -0.989994 -0.0161009 0.140187
 outer loop
  vertex -63.8242 2.86635 173.913
  vertex -62.7777 -8.50382 176.593
  vertex -63.2873 2.84224 176.593
 endloop
endfacet
facet normal -0.976959 0.160928 0.140187
 outer loop
  vertex -62.2867 14.2165 173.913
  vertex -63.2873 2.84224 176.593
  vertex -61.7627 14.0969 176.593
 endloop
endfacet
facet normal -0.932524 0.332785 0.140187
 outer loop
  vertex -58.7473 25.1098 173.913
  vertex -61.7627 14.0969 176.593
  vertex -58.2531 24.8986 176.593
 endloop
endfacet
facet normal -0.858117 0.493946 0.140187
 outer loop
  vertex -53.3197 35.196 173.913
  vertex -58.2531 24.8986 176.593
  vertex -52.8711 34.8999 176.593
 endloop
endfacet
facet normal -0.75613 0.63923 0.140187
 outer loop
  vertex -46.1783 44.151 173.913
  vertex -52.8711 34.8999 176.593
  vertex -45.7898 43.7796 176.593
 endloop
endfacet
facet normal -0.629839 0.76397 0.140187
 outer loop
  vertex -37.5527 51.6869 173.913
  vertex -45.7898 43.7796 176.593
  vertex -37.2368 51.2521 176.593
 endloop
endfacet
facet normal -0.483306 0.864155 0.140187
 outer loop
  vertex -27.7202 57.5616 173.913
  vertex -37.2368 51.2521 176.593
  vertex -27.487 57.0773 176.593
 endloop
endfacet
facet normal -0.321238 0.936565 0.140187
 outer loop
  vertex -16.9967 61.5862 173.913
  vertex -27.487 57.0773 176.593
  vertex -16.8537 61.0681 176.593
 endloop
endfacet
facet normal -0.148845 0.978873 0.140187
 outer loop
  vertex -5.72693 63.6314 173.913
  vertex -16.8537 61.0681 176.593
  vertex -5.67875 63.096 176.593
 endloop
endfacet
facet normal -0.0302917 0.989714 0.139814
 outer loop
  vertex 0 63.8886 173.913
  vertex -5.67875 63.096 176.593
  vertex -7.75827E-15 63.3511 176.593
 endloop
endfacet
facet normal -0.0585441 0.965676 0.253065
 outer loop
  vertex 0 63.8886 173.913
  vertex -5.72693 63.6314 173.913
  vertex -5.67875 63.096 176.593
 endloop
endfacet
facet normal -0.127928 -0.69104 0.711406
 outer loop
  vertex -12.4672 -64.6862 170.966
  vertex -11.7627 -64.818 170.966
  vertex -11.6841 -64.3847 171.413
 endloop
endfacet
facet normal -0.227935 -0.940045 0.253695
 outer loop
  vertex -11.4077 -62.8618 173.913
  vertex -11.3118 -62.333 176.593
  vertex -22.4488 -59.8147 173.913
 endloop
endfacet
facet normal -0.189328 -0.792597 0.579608
 outer loop
  vertex -11.6841 -64.3847 171.413
  vertex -11.4077 -62.8618 173.913
  vertex -22.9927 -61.2637 171.413
 endloop
endfacet
facet normal -0.392124 -0.884238 0.253695
 outer loop
  vertex -22.4488 -59.8147 173.913
  vertex -22.26 -59.3115 176.593
  vertex -32.7684 -54.8451 173.913
 endloop
endfacet
facet normal -0.543709 -0.800012 0.253695
 outer loop
  vertex -32.7684 -54.8451 173.913
  vertex -32.4927 -54.3837 176.593
  vertex -42.0348 -48.1126 173.913
 endloop
endfacet
facet normal -0.412625 -0.590124 0.693898
 outer loop
  vertex -35.6156 -55.419 170.966
  vertex -33.5622 -56.1737 171.413
  vertex -43.0531 -49.2782 171.413
 endloop
endfacet
facet normal -0.455754 -0.675531 0.579608
 outer loop
  vertex -43.0531 -49.2782 171.413
  vertex -33.5622 -56.1737 171.413
  vertex -32.7684 -54.8451 173.913
 endloop
endfacet
facet normal -0.677819 -0.690072 0.253695
 outer loop
  vertex -42.0348 -48.1126 173.913
  vertex -41.6811 -47.7079 176.593
  vertex -49.9501 -39.8339 173.913
 endloop
endfacet
facet normal -0.569051 -0.583297 0.579608
 outer loop
  vertex -43.0531 -49.2782 171.413
  vertex -42.0348 -48.1126 173.913
  vertex -51.1601 -40.7988 171.413
 endloop
endfacet
facet normal -0.790143 -0.557953 0.253695
 outer loop
  vertex -49.9501 -39.8339 173.913
  vertex -49.5299 -39.4987 176.593
  vertex -56.26 -30.2748 173.913
 endloop
endfacet
facet normal -0.596529 -0.403444 0.69382
 outer loop
  vertex -53.6616 -38.2122 170.966
  vertex -51.1601 -40.7988 171.413
  vertex -57.6229 -31.0082 171.413
 endloop
endfacet
facet normal -0.664058 -0.472315 0.579608
 outer loop
  vertex -57.6229 -31.0082 171.413
  vertex -51.1601 -40.7988 171.413
  vertex -49.9501 -39.8339 173.913
 endloop
endfacet
facet normal -0.877072 -0.407901 0.253695
 outer loop
  vertex -56.26 -30.2748 173.913
  vertex -55.7867 -30.0201 176.593
  vertex -60.7616 -19.7426 173.913
 endloop
endfacet
facet normal -0.737721 -0.346153 0.579608
 outer loop
  vertex -57.6229 -31.0082 171.413
  vertex -56.26 -30.2748 173.913
  vertex -62.2336 -20.2209 171.413
 endloop
endfacet
facet normal -0.935811 -0.244739 0.253695
 outer loop
  vertex -60.7616 -19.7426 173.913
  vertex -60.2505 -19.5766 176.593
  vertex -63.3103 -8.57597 173.913
 endloop
endfacet
facet normal -0.701434 -0.163285 0.693778
 outer loop
  vertex -64.0197 -15.531 170.966
  vertex -62.2336 -20.2209 171.413
  vertex -64.844 -8.78372 171.413
 endloop
endfacet
facet normal -0.787674 -0.208865 0.579608
 outer loop
  vertex -64.844 -8.78372 171.413
  vertex -62.2336 -20.2209 171.413
  vertex -60.7616 -19.7426 173.913
 endloop
endfacet
facet normal -0.964472 -0.0737104 0.253695
 outer loop
  vertex -63.3103 -8.57597 173.913
  vertex -62.7777 -8.50382 176.593
  vertex -63.8242 2.86635 173.913
 endloop
endfacet
facet normal -0.81231 -0.0648638 0.579608
 outer loop
  vertex -64.844 -8.78372 171.413
  vertex -63.3103 -8.57597 173.913
  vertex -65.3704 2.93579 171.413
 endloop
endfacet
facet normal -0.962134 0.0996873 0.253695
 outer loop
  vertex -63.8242 2.86635 173.913
  vertex -63.2873 2.84224 176.593
  vertex -62.2867 14.2165 173.913
 endloop
endfacet
facet normal -0.713423 0.098521 0.693774
 outer loop
  vertex -65.2062 9.37523 170.966
  vertex -65.3704 2.93579 171.413
  vertex -63.7956 14.5609 171.413
 endloop
endfacet
facet normal -0.810838 0.0812221 0.579608
 outer loop
  vertex -63.7956 14.5609 171.413
  vertex -65.3704 2.93579 171.413
  vertex -63.8242 2.86635 173.913
 endloop
endfacet
facet normal -0.928872 0.269881 0.253695
 outer loop
  vertex -62.2867 14.2165 173.913
  vertex -61.7627 14.0969 176.593
  vertex -58.7473 25.1098 173.913
 endloop
endfacet
facet normal -0.783304 0.224698 0.579608
 outer loop
  vertex -63.7956 14.5609 171.413
  vertex -62.2867 14.2165 173.913
  vertex -60.1705 25.7181 171.413
 endloop
endfacet
facet normal -0.865755 0.4314 0.253695
 outer loop
  vertex -58.7473 25.1098 173.913
  vertex -58.2531 24.8986 176.593
  vertex -53.3197 35.196 173.913
 endloop
endfacet
facet normal -0.630904 0.347266 0.693806
 outer loop
  vertex -57.0509 32.9383 170.966
  vertex -60.1705 25.7181 171.413
  vertex -54.6114 36.0486 171.413
 endloop
endfacet
facet normal -0.730595 0.360951 0.579608
 outer loop
  vertex -54.6114 36.0486 171.413
  vertex -60.1705 25.7181 171.413
  vertex -58.7473 25.1098 173.913
 endloop
endfacet
facet normal -0.774813 0.579054 0.253695
 outer loop
  vertex -53.3197 35.196 173.913
  vertex -52.8711 34.8999 176.593
  vertex -46.1783 44.151 173.913
 endloop
endfacet
facet normal -0.654404 0.485603 0.579608
 outer loop
  vertex -54.6114 36.0486 171.413
  vertex -53.3197 35.196 173.913
  vertex -47.297 45.2206 171.413
 endloop
endfacet
facet normal -0.658967 0.708097 0.253695
 outer loop
  vertex -46.1783 44.151 173.913
  vertex -45.7898 43.7796 176.593
  vertex -37.5527 51.6869 173.913
 endloop
endfacet
facet normal -0.464826 0.549976 0.693875
 outer loop
  vertex -40.7223 51.7826 170.966
  vertex -47.297 45.2206 171.413
  vertex -38.4625 52.939 171.413
 endloop
endfacet
facet normal -0.55718 0.594648 0.579608
 outer loop
  vertex -38.4625 52.939 171.413
  vertex -47.297 45.2206 171.413
  vertex -46.1783 44.151 173.913
 endloop
endfacet
facet normal -0.521942 0.81438 0.253695
 outer loop
  vertex -37.5527 51.6869 173.913
  vertex -37.2368 51.2521 176.593
  vertex -27.7202 57.5616 173.913
 endloop
endfacet
facet normal -0.442047 0.68458 0.579608
 outer loop
  vertex -38.4625 52.939 171.413
  vertex -37.5527 51.6869 173.913
  vertex -28.3917 58.956 171.413
 endloop
endfacet
facet normal -0.368141 0.894489 0.253695
 outer loop
  vertex -27.7202 57.5616 173.913
  vertex -27.487 57.0773 176.593
  vertex -16.9967 61.5862 173.913
 endloop
endfacet
facet normal -0.237219 0.679792 0.693981
 outer loop
  vertex -18.5596 63.2082 170.966
  vertex -28.3917 58.956 171.413
  vertex -17.4085 63.0781 171.413
 endloop
endfacet
facet normal -0.312707 0.752509 0.579608
 outer loop
  vertex -17.4085 63.0781 171.413
  vertex -28.3917 58.956 171.413
  vertex -27.7202 57.5616 173.913
 endloop
endfacet
facet normal -0.202507 0.945849 0.253695
 outer loop
  vertex -16.9967 61.5862 173.913
  vertex -16.8537 61.0681 176.593
  vertex -5.72693 63.6314 173.913
 endloop
endfacet
facet normal -0.173316 0.796251 0.579608
 outer loop
  vertex -17.4085 63.0781 171.413
  vertex -16.9967 61.5862 173.913
  vertex -5.86566 65.1728 171.413
 endloop
endfacet
facet normal -0.499371 0.0158467 0.866243
 outer loop
  vertex 56.1436 -7.61381E-15 2.66025
  vertex 55.8894 -5.33679 2.66025
  vertex 57.3205 -5.90695E-16 3.33975
 endloop
endfacet
facet normal -0.498524 0.0327129 0.866258
 outer loop
  vertex 57.3205 -5.90695E-16 3.33975
  vertex 55.8894 -5.33679 2.66025
  vertex 57.0264 -5.79902 3.33975
 endloop
endfacet
facet normal -0.492118 0.0797371 0.866869
 outer loop
  vertex 57.0264 -5.79902 3.33975
  vertex 55.8894 -5.33679 2.66025
  vertex 53.8694 -15.8175 2.66025
 endloop
endfacet
facet normal -0.467507 0.173379 0.86682
 outer loop
  vertex 54.6917 -17.1596 3.33975
  vertex 53.8694 -15.8175 2.66025
  vertex 49.9024 -25.7265 2.66025
 endloop
endfacet
facet normal -0.425242 0.260508 0.866779
 outer loop
  vertex 50.118 -27.8178 3.33975
  vertex 49.9024 -25.7265 2.66025
  vertex 44.1318 -34.7057 2.66025
 endloop
endfacet
facet normal -0.366916 0.337827 0.866744
 outer loop
  vertex 43.4924 -37.337 3.33975
  vertex 44.1318 -34.7057 2.66025
  vertex 36.7662 -42.4305 2.66025
 endloop
endfacet
facet normal -0.29473 0.402413 0.866717
 outer loop
  vertex 35.0862 -45.3277 3.33975
  vertex 36.7662 -42.4305 2.66025
  vertex 28.0718 -48.6218 2.66025
 endloop
endfacet
facet normal -0.211408 0.451822 0.866697
 outer loop
  vertex 25.2436 -51.4626 3.33975
  vertex 28.0718 -48.6218 2.66025
  vertex 18.3628 -53.0557 2.66025
 endloop
endfacet
facet normal -0.120097 0.484185 0.866684
 outer loop
  vertex 14.3675 -55.4907 3.33975
  vertex 18.3628 -53.0557 2.66025
  vertex 7.99007 -55.5721 2.66025
 endloop
endfacet
facet normal -0.0242486 0.498277 0.866679
 outer loop
  vertex 2.90324 -57.2469 3.33975
  vertex 7.99007 -55.5721 2.66025
  vertex -2.67142 -56.08 2.66025
 endloop
endfacet
facet normal 0.0725163 0.493564 0.866681
 outer loop
  vertex -8.67992 -56.6595 3.33975
  vertex -2.67142 -56.08 2.66025
  vertex -13.2364 -54.561 2.66025
 endloop
endfacet
facet normal 0.166541 0.470226 0.86669
 outer loop
  vertex -19.9077 -53.7524 3.33975
  vertex -13.2364 -54.561 2.66025
  vertex -23.3229 -51.07 2.66025
 endloop
endfacet
facet normal 0.254272 0.429146 0.866706
 outer loop
  vertex -30.3205 -48.6447 3.33975
  vertex -23.3229 -51.07 2.66025
  vertex -32.5665 -45.7332 2.66025
 endloop
endfacet
facet normal 0.332396 0.371877 0.86673
 outer loop
  vertex -39.4919 -41.5455 3.33975
  vertex -32.5665 -45.7332 2.66025
  vertex -40.633 -38.7435 2.66025
 endloop
endfacet
facet normal 0.397963 0.300586 0.86676
 outer loop
  vertex -47.0466 -32.7454 3.33975
  vertex -40.633 -38.7435 2.66025
  vertex -47.231 -30.3535 2.66025
 endloop
endfacet
facet normal 0.448497 0.217971 0.866798
 outer loop
  vertex -52.6751 -22.6047 3.33975
  vertex -47.231 -30.3535 2.66025
  vertex -52.1219 -20.8665 2.66025
 endloop
endfacet
facet normal 0.482093 0.127155 0.866844
 outer loop
  vertex -56.1472 -11.5385 3.33975
  vertex -52.1219 -20.8665 2.66025
  vertex -55.129 -10.6252 2.66025
 endloop
endfacet
facet normal 0.497488 0.0315736 0.866896
 outer loop
  vertex -57.3205 -7.61043E-15 3.33975
  vertex -55.129 -10.6252 2.66025
  vertex -56.1436 -6.66134E-16 2.66025
 endloop
endfacet
facet normal 0.494107 0.0651616 0.866956
 outer loop
  vertex -57.3205 -7.61043E-15 3.33975
  vertex -56.1472 -11.5385 3.33975
  vertex -55.129 -10.6252 2.66025
 endloop
endfacet
facet normal 0.471622 0.161384 0.866907
 outer loop
  vertex -56.1472 -11.5385 3.33975
  vertex -52.6751 -22.6047 3.33975
  vertex -52.1219 -20.8665 2.66025
 endloop
endfacet
facet normal 0.43058 0.251288 0.866865
 outer loop
  vertex -52.6751 -22.6047 3.33975
  vertex -47.0466 -32.7454 3.33975
  vertex -47.231 -30.3535 2.66025
 endloop
endfacet
facet normal 0.37259 0.331331 0.866831
 outer loop
  vertex -47.0466 -32.7454 3.33975
  vertex -39.4919 -41.5455 3.33975
  vertex -40.633 -38.7435 2.66025
 endloop
endfacet
facet normal 0.299934 0.39836 0.866804
 outer loop
  vertex -39.4919 -41.5455 3.33975
  vertex -30.3205 -48.6447 3.33975
  vertex -32.5665 -45.7332 2.66025
 endloop
endfacet
facet normal 0.215469 0.449732 0.866784
 outer loop
  vertex -30.3205 -48.6447 3.33975
  vertex -19.9077 -53.7524 3.33975
  vertex -23.3229 -51.07 2.66025
 endloop
endfacet
facet normal 0.122521 0.483421 0.866771
 outer loop
  vertex -19.9077 -53.7524 3.33975
  vertex -8.67992 -56.6595 3.33975
  vertex -13.2364 -54.561 2.66025
 endloop
endfacet
facet normal 0.0247479 0.498101 0.866766
 outer loop
  vertex -8.67992 -56.6595 3.33975
  vertex 2.90324 -57.2469 3.33975
  vertex -2.67142 -56.08 2.66025
 endloop
endfacet
facet normal -0.0739995 0.493192 0.866768
 outer loop
  vertex 2.90324 -57.2469 3.33975
  vertex 14.3675 -55.4907 3.33975
  vertex 7.99007 -55.5721 2.66025
 endloop
endfacet
facet normal -0.169833 0.468887 0.866777
 outer loop
  vertex 14.3675 -55.4907 3.33975
  vertex 25.2436 -51.4626 3.33975
  vertex 18.3628 -53.0557 2.66025
 endloop
endfacet
facet normal -0.258979 0.426145 0.866793
 outer loop
  vertex 25.2436 -51.4626 3.33975
  vertex 35.0862 -45.3277 3.33975
  vertex 28.0718 -48.6218 2.66025
 endloop
endfacet
facet normal -0.337929 0.366651 0.866817
 outer loop
  vertex 35.0862 -45.3277 3.33975
  vertex 43.4924 -37.337 3.33975
  vertex 36.7662 -42.4305 2.66025
 endloop
endfacet
facet normal -0.403576 0.29275 0.866847
 outer loop
  vertex 43.4924 -37.337 3.33975
  vertex 50.118 -27.8178 3.33975
  vertex 44.1318 -34.7057 2.66025
 endloop
endfacet
facet normal -0.453337 0.207354 0.866885
 outer loop
  vertex 50.118 -27.8178 3.33975
  vertex 54.6917 -17.1596 3.33975
  vertex 49.9024 -25.7265 2.66025
 endloop
endfacet
facet normal -0.485257 0.11383 0.866931
 outer loop
  vertex 54.6917 -17.1596 3.33975
  vertex 57.0264 -5.79902 3.33975
  vertex 53.8694 -15.8175 2.66025
 endloop
endfacet
facet normal 0.582145 0.104801 -0.806302
 outer loop
  vertex 87.5535 -0.937937 27.6264
  vertex 87.5508 2.2355E-12 27.719
  vertex 87.6561 -0.950077 27.7054
 endloop
endfacet
facet normal 0.774381 0.173242 -0.60854
 outer loop
  vertex 87.6638 -1.86383 27.4289
  vertex 87.6561 -0.950077 27.7054
  vertex 87.7369 -0.970772 27.8116
 endloop
endfacet
facet normal 0.915166 0.115504 -0.386173
 outer loop
  vertex 87.7445 -1.90439 27.529
  vertex 87.7369 -0.970772 27.8116
  vertex 87.7859 -0.995073 27.935
 endloop
endfacet
facet normal 0.988981 0.0501074 -0.139305
 outer loop
  vertex 87.7935 -1.952 27.6452
  vertex 87.7859 -0.995073 27.935
  vertex 87.8024 -1.46436 27.9537
 endloop
endfacet
facet normal 0.997994 0.033166 -0.0539269
 outer loop
  vertex 87.8107 -2.29173 27.634
  vertex 87.7935 -1.952 27.6452
  vertex 87.8024 -1.46436 27.9537
 endloop
endfacet
facet normal 0.988689 0.0812218 -0.126086
 outer loop
  vertex 87.8107 -2.29173 27.634
  vertex 87.8059 -2.83386 27.1737
  vertex 87.7935 -1.952 27.6452
 endloop
endfacet
facet normal 0.997796 0.0480439 -0.0457659
 outer loop
  vertex 87.8107 -2.29173 27.634
  vertex 87.8243 -3.13791 27.1168
  vertex 87.8059 -2.83386 27.1737
 endloop
endfacet
facet normal 0.988266 0.109016 -0.106983
 outer loop
  vertex 87.8059 -2.83386 27.1737
  vertex 87.8243 -3.13791 27.1168
  vertex 87.8226 -3.60731 26.5398
 endloop
endfacet
facet normal 0.913072 0.321475 -0.250905
 outer loop
  vertex 87.7735 -3.51976 26.451
  vertex 87.8226 -3.60731 26.5398
  vertex 87.7937 -4.13929 25.6969
 endloop
endfacet
facet normal 0.771712 0.561438 -0.298743
 outer loop
  vertex 87.7134 -4.0516 25.6362
  vertex 87.7937 -4.13929 25.6969
  vertex 87.7367 -4.50332 24.7942
 endloop
endfacet
facet normal 0.581141 0.734348 -0.350726
 outer loop
  vertex 87.6117 -3.98769 25.5898
  vertex 87.7367 -4.50332 24.7942
  vertex 87.6354 -4.43232 24.7596
 endloop
endfacet
facet normal 0.649315 0.66414 -0.370551
 outer loop
  vertex 87.6117 -3.98769 25.5898
  vertex 87.7134 -4.0516 25.6362
  vertex 87.7367 -4.50332 24.7942
 endloop
endfacet
facet normal 0.581433 0.650723 -0.48836
 outer loop
  vertex 87.6117 -3.98769 25.5898
  vertex 87.591 -3.39167 26.315
  vertex 87.7134 -4.0516 25.6362
 endloop
endfacet
facet normal 0.649845 0.577508 -0.494151
 outer loop
  vertex 87.7134 -4.0516 25.6362
  vertex 87.591 -3.39167 26.315
  vertex 87.693 -3.44503 26.3741
 endloop
endfacet
facet normal 0.826918 0.384797 -0.410045
 outer loop
  vertex 87.7735 -3.51976 26.451
  vertex 87.693 -3.44503 26.3741
  vertex 87.7569 -2.76489 27.0692
 endloop
endfacet
facet normal 0.947063 0.175757 -0.268666
 outer loop
  vertex 87.8059 -2.83386 27.1737
  vertex 87.7569 -2.76489 27.0692
  vertex 87.7935 -1.952 27.6452
 endloop
endfacet
facet normal 0.913976 0.26254 -0.309389
 outer loop
  vertex 87.8059 -2.83386 27.1737
  vertex 87.7735 -3.51976 26.451
  vertex 87.7569 -2.76489 27.0692
 endloop
endfacet
facet normal 0.946343 0.228976 -0.228046
 outer loop
  vertex 87.8059 -2.83386 27.1737
  vertex 87.8226 -3.60731 26.5398
  vertex 87.7735 -3.51976 26.451
 endloop
endfacet
facet normal 0.998157 -1.06703E-08 -0.0606825
 outer loop
  vertex 87.7969 2.37519E-15 28.1629
  vertex 87.7981 -0.694228 28.1166
  vertex 87.7833 2.35937E-15 28.0333
 endloop
endfacet
facet normal 0.98913 0.0169364 -0.146062
 outer loop
  vertex 87.7833 2.35937E-15 28.0333
  vertex 87.7981 -0.694228 28.1166
  vertex 87.7859 -0.995073 27.935
 endloop
endfacet
facet normal 0.915371 0.0502656 -0.399462
 outer loop
  vertex 87.7344 2.3441E-15 27.9074
  vertex 87.7859 -0.995073 27.935
  vertex 87.7369 -0.970772 27.8116
 endloop
endfacet
facet normal 0.774538 0.0806228 -0.627368
 outer loop
  vertex 87.6535 2.33111E-15 27.7992
  vertex 87.7369 -0.970772 27.8116
  vertex 87.6561 -0.950077 27.7054
 endloop
endfacet
facet normal 0.650993 0.0472797 -0.75761
 outer loop
  vertex 87.5508 2.2355E-12 27.719
  vertex 87.6535 2.33111E-15 27.7992
  vertex 87.6561 -0.950077 27.7054
 endloop
endfacet
facet normal 0.947943 0.016951 -0.317989
 outer loop
  vertex 87.7344 2.3441E-15 27.9074
  vertex 87.7833 2.35937E-15 28.0333
  vertex 87.7859 -0.995073 27.935
 endloop
endfacet
facet normal 0.998115 0.016934 -0.0589821
 outer loop
  vertex 87.7981 -0.694228 28.1166
  vertex 87.8024 -1.46436 27.9537
  vertex 87.7859 -0.995073 27.935
 endloop
endfacet
facet normal 0.997533 0.060956 -0.0348274
 outer loop
  vertex 87.8243 -3.13791 27.1168
  vertex 87.8438 -3.9403 26.3716
  vertex 87.8226 -3.60731 26.5398
 endloop
endfacet
facet normal 0.987732 0.132391 -0.0828121
 outer loop
  vertex 87.8226 -3.60731 26.5398
  vertex 87.8438 -3.9403 26.3716
  vertex 87.843 -4.24188 25.7667
 endloop
endfacet
facet normal 0.912004 0.36751 -0.182167
 outer loop
  vertex 87.7937 -4.13929 25.6969
  vertex 87.843 -4.24188 25.7667
  vertex 87.8168 -4.60054 24.8366
 endloop
endfacet
facet normal 0.770715 0.610532 -0.182344
 outer loop
  vertex 87.7367 -4.50332 24.7942
  vertex 87.8168 -4.60054 24.8366
  vertex 87.7619 -4.78173 23.8799
 endloop
endfacet
facet normal 0.580805 0.789143 -0.199799
 outer loop
  vertex 87.6354 -4.43232 24.7596
  vertex 87.7619 -4.78173 23.8799
  vertex 87.661 -4.70528 23.8636
 endloop
endfacet
facet normal 0.648726 0.724556 -0.23275
 outer loop
  vertex 87.6354 -4.43232 24.7596
  vertex 87.7367 -4.50332 24.7942
  vertex 87.7619 -4.78173 23.8799
 endloop
endfacet
facet normal 0.997213 0.071416 -0.0216
 outer loop
  vertex 87.8438 -3.9403 26.3716
  vertex 87.8694 -4.61457 25.3938
  vertex 87.843 -4.24188 25.7667
 endloop
endfacet
facet normal 0.987109 0.15045 -0.0545997
 outer loop
  vertex 87.843 -4.24188 25.7667
  vertex 87.8694 -4.61457 25.3938
  vertex 87.8662 -4.7141 24.8849
 endloop
endfacet
facet normal 0.910828 0.398946 -0.105997
 outer loop
  vertex 87.8168 -4.60054 24.8366
  vertex 87.8662 -4.7141 24.8849
  vertex 87.8419 -4.88467 23.9024
 endloop
endfacet
facet normal 0.76965 0.635728 -0.059062
 outer loop
  vertex 87.7619 -4.78173 23.8799
  vertex 87.8419 -4.88467 23.9024
  vertex 87.7882 -4.87709 22.9286
 endloop
endfacet
facet normal 0.57871 0.815464 0.0106416
 outer loop
  vertex 87.6857 -4.79841 23
  vertex 87.7882 -4.87709 22.9286
  vertex 87.6878 -4.79909 22.9261
 endloop
endfacet
facet normal 0.647807 0.761044 -0.0340478
 outer loop
  vertex 87.6857 -4.79841 23
  vertex 87.7619 -4.78173 23.8799
  vertex 87.7882 -4.87709 22.9286
 endloop
endfacet
facet normal 0.580375 0.809072 -0.092563
 outer loop
  vertex 87.6857 -4.79841 23
  vertex 87.661 -4.70528 23.8636
  vertex 87.7619 -4.78173 23.8799
 endloop
endfacet
facet normal 0.996852 0.0790126 -0.00662074
 outer loop
  vertex 87.8694 -4.61457 25.3938
  vertex 87.9001 -5.06893 24.2199
  vertex 87.8662 -4.7141 24.8849
 endloop
endfacet
facet normal 0.986422 0.162538 -0.023508
 outer loop
  vertex 87.8662 -4.7141 24.8849
  vertex 87.9001 -5.06893 24.2199
  vertex 87.8914 -5.00472 23.9276
 endloop
endfacet
facet normal 0.90958 0.414745 -0.0254952
 outer loop
  vertex 87.8419 -4.88467 23.9024
  vertex 87.8914 -5.00472 23.9276
  vertex 87.868 -4.98178 22.9307
 endloop
endfacet
facet normal 0.76858 0.636314 0.0662584
 outer loop
  vertex 87.7882 -4.87709 22.9286
  vertex 87.868 -4.98178 22.9307
  vertex 87.8145 -4.78443 21.9768
 endloop
endfacet
facet normal 0.579948 0.782074 0.22808
 outer loop
  vertex 87.7145 -4.70845 21.9909
  vertex 87.8145 -4.78443 21.9768
  vertex 87.7402 -4.43622 21.0885
 endloop
endfacet
facet normal 0.647274 0.752838 0.119463
 outer loop
  vertex 87.7145 -4.70845 21.9909
  vertex 87.7882 -4.87709 22.9286
  vertex 87.8145 -4.78443 21.9768
 endloop
endfacet
facet normal 0.580291 0.811255 0.0716097
 outer loop
  vertex 87.7145 -4.70845 21.9909
  vertex 87.6878 -4.79909 22.9261
  vertex 87.7882 -4.87709 22.9286
 endloop
endfacet
facet normal 0.996462 0.0835029 0.00948554
 outer loop
  vertex 87.9001 -5.06893 24.2199
  vertex 87.9338 -5.22985 22.9324
  vertex 87.8914 -5.00472 23.9276
 endloop
endfacet
facet normal 0.9857 0.168259 0.009202
 outer loop
  vertex 87.8914 -5.00472 23.9276
  vertex 87.9338 -5.22985 22.9324
  vertex 87.9177 -5.10367 22.932
 endloop
endfacet
facet normal 0.908321 0.414485 0.0561766
 outer loop
  vertex 87.868 -4.98178 22.9307
  vertex 87.9177 -5.10367 22.932
  vertex 87.8941 -4.88684 21.9585
 endloop
endfacet
facet normal 0.767525 0.612588 0.18879
 outer loop
  vertex 87.8145 -4.78443 21.9768
  vertex 87.8941 -4.88684 21.9585
  vertex 87.8398 -4.50833 21.0609
 endloop
endfacet
facet normal 0.646273 0.67923 0.347817
 outer loop
  vertex 87.7402 -4.43622 21.0885
  vertex 87.8398 -4.50833 21.0609
  vertex 87.8631 -4.05812 20.2166
 endloop
endfacet
facet normal 0.579345 0.637242 0.508215
 outer loop
  vertex 87.7639 -3.99278 20.2565
  vertex 87.8631 -4.05812 20.2166
  vertex 87.7846 -3.3975 19.5295
 endloop
endfacet
facet normal 0.579491 0.700924 0.415807
 outer loop
  vertex 87.7639 -3.99278 20.2565
  vertex 87.7402 -4.43622 21.0885
  vertex 87.8631 -4.05812 20.2166
 endloop
endfacet
facet normal 0.984971 0.167474 0.0422471
 outer loop
  vertex 87.9177 -5.10367 22.932
  vertex 87.9338 -5.22985 22.9324
  vertex 87.9439 -5.00586 21.9361
 endloop
endfacet
facet normal 0.907089 0.398408 0.135873
 outer loop
  vertex 87.8941 -4.88684 21.9585
  vertex 87.9439 -5.00586 21.9361
  vertex 87.9192 -4.60456 21.0231
 endloop
endfacet
facet normal 0.766544 0.565713 0.303939
 outer loop
  vertex 87.8398 -4.50833 21.0609
  vertex 87.9192 -4.60456 21.0231
  vertex 87.8631 -4.05812 20.2166
 endloop
endfacet
facet normal 0.820184 0.533239 0.207255
 outer loop
  vertex 87.8398 -4.50833 21.0609
  vertex 87.8941 -4.88684 21.9585
  vertex 87.9192 -4.60456 21.0231
 endloop
endfacet
facet normal 0.994068 7.10787E-09 0.108758
 outer loop
  vertex 88.0708 1.73472E-15 17.7019
  vertex 88.0522 1.73472E-15 17.8247
  vertex 88.0696 -0.694228 17.7482
 endloop
endfacet
facet normal 0.981722 0.0161518 0.189633
 outer loop
  vertex 88.0696 -0.694228 17.7482
  vertex 88.0522 1.73472E-15 17.8247
  vertex 88.0496 -0.996218 17.9232
 endloop
endfacet
facet normal 0.981858 0.0478748 0.183475
 outer loop
  vertex 88.0653 -1.46436 17.9112
  vertex 88.0496 -0.996218 17.9232
  vertex 88.0419 -1.95413 18.2137
 endloop
endfacet
facet normal 0.982124 0.0778798 0.171366
 outer loop
  vertex 88.057 -2.29173 18.2309
  vertex 88.0419 -1.95413 18.2137
  vertex 88.0295 -2.83662 18.6861
 endloop
endfacet
facet normal 0.982513 0.105075 0.15371
 outer loop
  vertex 88.0434 -3.13791 18.748
  vertex 88.0295 -2.83662 18.6861
  vertex 88.0128 -3.61031 19.3212
 endloop
endfacet
facet normal 0.983011 0.12845 0.131107
 outer loop
  vertex 88.0239 -3.9403 19.4932
  vertex 88.0128 -3.61031 19.3212
  vertex 87.9924 -4.24464 20.0954
 endloop
endfacet
facet normal 0.983601 0.147109 0.104341
 outer loop
  vertex 87.9983 -4.61457 20.471
  vertex 87.9924 -4.24464 20.0954
  vertex 87.9691 -4.71622 20.9782
 endloop
endfacet
facet normal 0.984262 0.160307 0.074358
 outer loop
  vertex 87.9676 -5.06893 21.6449
  vertex 87.9691 -4.71622 20.9782
  vertex 87.9439 -5.00586 21.9361
 endloop
endfacet
facet normal 0.995665 0.0827191 0.0425243
 outer loop
  vertex 87.9338 -5.22985 22.9324
  vertex 87.9676 -5.06893 21.6449
  vertex 87.9439 -5.00586 21.9361
 endloop
endfacet
facet normal 0.994942 0.0695234 0.072502
 outer loop
  vertex 87.9983 -4.61457 20.471
  vertex 88.0239 -3.9403 19.4932
  vertex 87.9924 -4.24464 20.0954
 endloop
endfacet
facet normal 0.994642 0.05891 0.0849486
 outer loop
  vertex 88.0239 -3.9403 19.4932
  vertex 88.0434 -3.13791 18.748
  vertex 88.0128 -3.61031 19.3212
 endloop
endfacet
facet normal 0.994397 0.0461508 0.0951006
 outer loop
  vertex 88.0434 -3.13791 18.748
  vertex 88.057 -2.29173 18.2309
  vertex 88.0295 -2.83662 18.6861
 endloop
endfacet
facet normal 0.994217 0.0317189 0.102602
 outer loop
  vertex 88.057 -2.29173 18.2309
  vertex 88.0653 -1.46436 17.9112
  vertex 88.0419 -1.95413 18.2137
 endloop
endfacet
facet normal 0.994105 0.0161497 0.107208
 outer loop
  vertex 88.0653 -1.46436 17.9112
  vertex 88.0696 -0.694228 17.7482
  vertex 88.0496 -0.996218 17.9232
 endloop
endfacet
facet normal 0.936059 0.0161634 0.351471
 outer loop
  vertex 88.0522 1.73472E-15 17.8247
  vertex 88.0018 1.73472E-15 17.9426
  vertex 88.0496 -0.996218 17.9232
 endloop
endfacet
facet normal 0.902593 0.0479854 0.427813
 outer loop
  vertex 88.0496 -0.996218 17.9232
  vertex 88.0018 1.73472E-15 17.9426
  vertex 87.9992 -0.972941 18.0389
 endloop
endfacet
facet normal 0.816341 0.13973 0.560414
 outer loop
  vertex 87.9916 -1.90841 18.3227
  vertex 87.9992 -0.972941 18.0389
  vertex 87.9205 -0.952782 18.1381
 endloop
endfacet
facet normal 0.644638 0.190296 0.740425
 outer loop
  vertex 87.9128 -1.86884 18.4162
  vertex 87.9205 -0.952782 18.1381
  vertex 87.8221 -0.936842 18.212
 endloop
endfacet
facet normal 0.578777 0.254371 0.774799
 outer loop
  vertex 87.8143 -1.84006 18.4865
  vertex 87.9128 -1.86884 18.4162
  vertex 87.8221 -0.936842 18.212
 endloop
endfacet
facet normal 0.64487 0.328236 0.69022
 outer loop
  vertex 87.8143 -1.84006 18.4865
  vertex 87.9003 -2.7126 18.8683
  vertex 87.9128 -1.86884 18.4162
 endloop
endfacet
facet normal 0.578904 0.398263 0.711517
 outer loop
  vertex 87.8143 -1.84006 18.4865
  vertex 87.8017 -2.66797 18.9297
  vertex 87.9003 -2.7126 18.8683
 endloop
endfacet
facet normal 0.579001 0.491769 0.650324
 outer loop
  vertex 87.9003 -2.7126 18.8683
  vertex 87.8017 -2.66797 18.9297
  vertex 87.7846 -3.3975 19.5295
 endloop
endfacet
facet normal 0.64561 0.563423 0.515502
 outer loop
  vertex 87.8836 -3.45211 19.476
  vertex 87.7846 -3.3975 19.5295
  vertex 87.8631 -4.05812 20.2166
 endloop
endfacet
facet normal 0.819097 0.484858 0.306583
 outer loop
  vertex 87.9423 -4.14453 20.161
  vertex 87.8631 -4.05812 20.2166
  vertex 87.9192 -4.60456 21.0231
 endloop
endfacet
facet normal 0.939868 0.313092 0.136461
 outer loop
  vertex 87.9691 -4.71622 20.9782
  vertex 87.9192 -4.60456 21.0231
  vertex 87.9439 -5.00586 21.9361
 endloop
endfacet
facet normal 0.905938 0.367309 0.210618
 outer loop
  vertex 87.9691 -4.71622 20.9782
  vertex 87.9423 -4.14453 20.161
  vertex 87.9192 -4.60456 21.0231
 endloop
endfacet
facet normal 0.938834 0.284074 0.194662
 outer loop
  vertex 87.9691 -4.71622 20.9782
  vertex 87.9924 -4.24464 20.0954
  vertex 87.9423 -4.14453 20.161
 endloop
endfacet
facet normal 0.904903 0.322551 0.277689
 outer loop
  vertex 87.9423 -4.14453 20.161
  vertex 87.9924 -4.24464 20.0954
  vertex 87.9626 -3.52545 19.4047
 endloop
endfacet
facet normal 0.764906 0.411326 0.495712
 outer loop
  vertex 87.8836 -3.45211 19.476
  vertex 87.9626 -3.52545 19.4047
  vertex 87.9003 -2.7126 18.8683
 endloop
endfacet
facet normal 0.645308 0.498016 0.579273
 outer loop
  vertex 87.7846 -3.3975 19.5295
  vertex 87.8836 -3.45211 19.476
  vertex 87.9003 -2.7126 18.8683
 endloop
endfacet
facet normal 0.816169 0.0318305 0.576936
 outer loop
  vertex 88.0018 1.73472E-15 17.9426
  vertex 87.9231 1.73472E-15 18.0439
  vertex 87.9992 -0.972941 18.0389
 endloop
endfacet
facet normal 0.763658 0.0772596 0.640981
 outer loop
  vertex 87.9992 -0.972941 18.0389
  vertex 87.9231 1.73472E-15 18.0439
  vertex 87.9205 -0.952782 18.1381
 endloop
endfacet
facet normal 0.644557 0.101124 0.757839
 outer loop
  vertex 87.9205 -0.952782 18.1381
  vertex 87.9231 1.73472E-15 18.0439
  vertex 87.8221 -0.936842 18.212
 endloop
endfacet
facet normal 0.578685 0.055736 0.813645
 outer loop
  vertex 87.8221 -0.936842 18.212
  vertex 87.9231 1.73472E-15 18.0439
  vertex 87.8247 1.73472E-15 18.1197
 endloop
endfacet
facet normal 0.581701 0.541316 -0.607125
 outer loop
  vertex 87.591 -3.39167 26.315
  vertex 87.5739 -2.66526 26.9107
  vertex 87.693 -3.44503 26.3741
 endloop
endfacet
facet normal 0.650299 0.467875 -0.598502
 outer loop
  vertex 87.693 -3.44503 26.3741
  vertex 87.5739 -2.66526 26.9107
  vertex 87.6762 -2.70608 26.9791
 endloop
endfacet
facet normal 0.82766 0.293953 -0.47809
 outer loop
  vertex 87.7569 -2.76489 27.0692
  vertex 87.6762 -2.70608 26.9791
  vertex 87.7445 -1.90439 27.529
 endloop
endfacet
facet normal 0.947587 0.115361 -0.297944
 outer loop
  vertex 87.7935 -1.952 27.6452
  vertex 87.7445 -1.90439 27.529
  vertex 87.7859 -0.995073 27.935
 endloop
endfacet
facet normal 0.914688 0.192959 -0.355124
 outer loop
  vertex 87.7935 -1.952 27.6452
  vertex 87.7569 -2.76489 27.0692
  vertex 87.7445 -1.90439 27.529
 endloop
endfacet
facet normal 0.581906 0.410319 -0.702157
 outer loop
  vertex 87.5739 -2.66526 26.9107
  vertex 87.5612 -1.83469 27.3544
  vertex 87.6762 -2.70608 26.9791
 endloop
endfacet
facet normal 0.650646 0.339474 -0.679277
 outer loop
  vertex 87.6762 -2.70608 26.9791
  vertex 87.5612 -1.83469 27.3544
  vertex 87.6638 -1.86383 27.4289
 endloop
endfacet
facet normal 0.828196 0.191164 -0.526828
 outer loop
  vertex 87.7445 -1.90439 27.529
  vertex 87.6638 -1.86383 27.4289
  vertex 87.7369 -0.970772 27.8116
 endloop
endfacet
facet normal 0.773985 0.292135 -0.561787
 outer loop
  vertex 87.7445 -1.90439 27.529
  vertex 87.6762 -2.70608 26.9791
  vertex 87.6638 -1.86383 27.4289
 endloop
endfacet
facet normal 0.582063 0.262855 -0.769487
 outer loop
  vertex 87.5612 -1.83469 27.3544
  vertex 87.5535 -0.937937 27.6264
  vertex 87.6638 -1.86383 27.4289
 endloop
endfacet
facet normal 0.650887 0.197377 -0.733068
 outer loop
  vertex 87.6638 -1.86383 27.4289
  vertex 87.5535 -0.937937 27.6264
  vertex 87.6561 -0.950077 27.7054
 endloop
endfacet
facet normal 0.828543 0.0333249 -0.558933
 outer loop
  vertex 87.7344 2.3441E-15 27.9074
  vertex 87.7369 -0.970772 27.8116
  vertex 87.6535 2.33111E-15 27.7992
 endloop
endfacet
facet normal 0.773382 0.399173 -0.492485
 outer loop
  vertex 87.693 -3.44503 26.3741
  vertex 87.6762 -2.70608 26.9791
  vertex 87.7569 -2.76489 27.0692
 endloop
endfacet
facet normal 0.825991 0.460139 -0.325593
 outer loop
  vertex 87.7937 -4.13929 25.6969
  vertex 87.7134 -4.0516 25.6362
  vertex 87.7735 -3.51976 26.451
 endloop
endfacet
facet normal 0.77262 0.490103 -0.403555
 outer loop
  vertex 87.7735 -3.51976 26.451
  vertex 87.7134 -4.0516 25.6362
  vertex 87.693 -3.44503 26.3741
 endloop
endfacet
facet normal 0.646675 0.715817 0.263472
 outer loop
  vertex 87.8145 -4.78443 21.9768
  vertex 87.8398 -4.50833 21.0609
  vertex 87.7402 -4.43622 21.0885
 endloop
endfacet
facet normal 0.818152 0.418445 0.394375
 outer loop
  vertex 87.9626 -3.52545 19.4047
  vertex 87.8836 -3.45211 19.476
  vertex 87.9423 -4.14453 20.161
 endloop
endfacet
facet normal 0.765654 0.497724 0.407485
 outer loop
  vertex 87.9423 -4.14453 20.161
  vertex 87.8836 -3.45211 19.476
  vertex 87.8631 -4.05812 20.2166
 endloop
endfacet
facet normal 0.764305 0.309869 0.565526
 outer loop
  vertex 87.9128 -1.86884 18.4162
  vertex 87.9003 -2.7126 18.8683
  vertex 87.9792 -2.77012 18.7843
 endloop
endfacet
facet normal 0.903334 0.199598 0.379669
 outer loop
  vertex 87.9916 -1.90841 18.3227
  vertex 87.9792 -2.77012 18.7843
  vertex 88.0295 -2.83662 18.6861
 endloop
endfacet
facet normal 0.936598 0.140394 0.32105
 outer loop
  vertex 88.0419 -1.95413 18.2137
  vertex 87.9916 -1.90841 18.3227
  vertex 88.0295 -2.83662 18.6861
 endloop
endfacet
facet normal 0.936381 0.110372 0.333181
 outer loop
  vertex 88.0419 -1.95413 18.2137
  vertex 88.0496 -0.996218 17.9232
  vertex 87.9916 -1.90841 18.3227
 endloop
endfacet
facet normal 0.902777 0.110472 0.41568
 outer loop
  vertex 87.9916 -1.90841 18.3227
  vertex 88.0496 -0.996218 17.9232
  vertex 87.9992 -0.972941 18.0389
 endloop
endfacet
facet normal 0.816751 0.242582 0.523519
 outer loop
  vertex 87.9792 -2.77012 18.7843
  vertex 87.9916 -1.90841 18.3227
  vertex 87.9128 -1.86884 18.4162
 endloop
endfacet
facet normal 0.763891 0.197129 0.614501
 outer loop
  vertex 87.9128 -1.86884 18.4162
  vertex 87.9916 -1.90841 18.3227
  vertex 87.9205 -0.952782 18.1381
 endloop
endfacet
facet normal 0.824931 0.517096 -0.228256
 outer loop
  vertex 87.7937 -4.13929 25.6969
  vertex 87.8168 -4.60054 24.8366
  vertex 87.7367 -4.50332 24.7942
 endloop
endfacet
facet normal 0.823765 0.553643 -0.122027
 outer loop
  vertex 87.8168 -4.60054 24.8366
  vertex 87.8419 -4.88467 23.9024
  vertex 87.7619 -4.78173 23.8799
 endloop
endfacet
facet normal 0.822561 0.568567 -0.0111586
 outer loop
  vertex 87.8419 -4.88467 23.9024
  vertex 87.868 -4.98178 22.9307
  vertex 87.7882 -4.87709 22.9286
 endloop
endfacet
facet normal 0.821344 0.561597 0.100018
 outer loop
  vertex 87.868 -4.98178 22.9307
  vertex 87.8941 -4.88684 21.9585
  vertex 87.8145 -4.78443 21.9768
 endloop
endfacet
facet normal 0.817349 0.336657 0.467549
 outer loop
  vertex 87.9003 -2.7126 18.8683
  vertex 87.9626 -3.52545 19.4047
  vertex 87.9792 -2.77012 18.7843
 endloop
endfacet
facet normal 0.904027 0.265917 0.334699
 outer loop
  vertex 87.9792 -2.77012 18.7843
  vertex 87.9626 -3.52545 19.4047
  vertex 88.0128 -3.61031 19.3212
 endloop
endfacet
facet normal 0.93717 0.196021 0.288596
 outer loop
  vertex 88.0295 -2.83662 18.6861
  vertex 87.9792 -2.77012 18.7843
  vertex 88.0128 -3.61031 19.3212
 endloop
endfacet
facet normal 0.945447 0.272951 -0.177843
 outer loop
  vertex 87.8226 -3.60731 26.5398
  vertex 87.843 -4.24188 25.7667
  vertex 87.7937 -4.13929 25.6969
 endloop
endfacet
facet normal 0.944424 0.305987 -0.120149
 outer loop
  vertex 87.843 -4.24188 25.7667
  vertex 87.8662 -4.7141 24.8849
  vertex 87.8168 -4.60054 24.8366
 endloop
endfacet
facet normal 0.943305 0.326937 -0.0573465
 outer loop
  vertex 87.8662 -4.7141 24.8849
  vertex 87.8914 -5.00472 23.9276
  vertex 87.8419 -4.88467 23.9024
 endloop
endfacet
facet normal 0.942146 0.335106 0.00804959
 outer loop
  vertex 87.8914 -5.00472 23.9276
  vertex 87.9177 -5.10367 22.932
  vertex 87.868 -4.98178 22.9307
 endloop
endfacet
facet normal 0.940982 0.330383 0.0734842
 outer loop
  vertex 87.9177 -5.10367 22.932
  vertex 87.9439 -5.00586 21.9361
  vertex 87.8941 -4.88684 21.9585
 endloop
endfacet
facet normal 0.937928 0.244522 0.245969
 outer loop
  vertex 87.9924 -4.24464 20.0954
  vertex 88.0128 -3.61031 19.3212
  vertex 87.9626 -3.52545 19.4047
 endloop
endfacet
facet normal 0.995288 0.0775663 0.0581877
 outer loop
  vertex 87.9983 -4.61457 20.471
  vertex 87.9691 -4.71622 20.9782
  vertex 87.9676 -5.06893 21.6449
 endloop
endfacet
facet normal 0.0408009 -0.698243 0.714698
 outer loop
  vertex -8.06757E-15 -65.8767 170.966
  vertex -8.23592E-15 -67.2514 169.584
  vertex 11.7627 -64.818 170.966
 endloop
endfacet
facet normal 0.0871715 -0.710396 0.698383
 outer loop
  vertex 11.7627 -64.818 170.966
  vertex -8.23592E-15 -67.2514 169.584
  vertex 12.7274 -66.0361 169.584
 endloop
endfacet
facet normal 0.169849 -0.678651 0.714552
 outer loop
  vertex 12.4672 -64.6862 170.966
  vertex 12.7274 -66.0361 169.584
  vertex 23.1474 -61.6761 170.966
 endloop
endfacet
facet normal 0.130169 -0.688496 0.713463
 outer loop
  vertex 12.4672 -64.6862 170.966
  vertex 11.7627 -64.818 170.966
  vertex 12.7274 -66.0361 169.584
 endloop
endfacet
facet normal 0.0468221 -0.794423 0.605558
 outer loop
  vertex -8.23592E-15 -67.2514 169.584
  vertex -8.81171E-15 -71.9531 162.688
  vertex 12.7274 -66.0361 169.584
 endloop
endfacet
facet normal 0.104429 -0.846078 0.52273
 outer loop
  vertex 12.7274 -66.0361 169.584
  vertex -8.81171E-15 -71.9531 162.688
  vertex 13.6172 -70.6528 162.688
 endloop
endfacet
facet normal 0.262663 -0.811025 0.52273
 outer loop
  vertex 24.9948 -62.4341 169.584
  vertex 13.6172 -70.6528 162.688
  vertex 26.7423 -66.799 162.688
 endloop
endfacet
facet normal 0.411404 -0.74666 0.52273
 outer loop
  vertex 36.3589 -56.5755 169.584
  vertex 26.7423 -66.799 162.688
  vertex 38.9008 -60.5308 162.688
 endloop
endfacet
facet normal 0.545275 -0.655308 0.52273
 outer loop
  vertex 46.4088 -48.6721 169.584
  vertex 38.9008 -60.5308 162.688
  vertex 49.6533 -52.0749 162.688
 endloop
endfacet
facet normal 0.659439 -0.540272 0.52273
 outer loop
  vertex 54.7814 -39.0097 169.584
  vertex 49.6533 -52.0749 162.688
  vertex 58.6113 -41.7369 162.688
 endloop
endfacet
facet normal 0.749769 -0.405709 0.52273
 outer loop
  vertex 61.174 -27.9373 169.584
  vertex 58.6113 -41.7369 162.688
  vertex 65.4508 -29.8904 162.688
 endloop
endfacet
facet normal 0.813001 -0.256482 0.52273
 outer loop
  vertex 65.3557 -15.8551 169.584
  vertex 65.4508 -29.8904 162.688
  vertex 69.9249 -16.9636 162.688
 endloop
endfacet
facet normal 0.846849 -0.0979856 0.52273
 outer loop
  vertex 67.1753 -3.19995 169.584
  vertex 69.9249 -16.9636 162.688
  vertex 71.8716 -3.42367 162.688
 endloop
endfacet
facet normal 0.850089 0.0640522 0.52273
 outer loop
  vertex 66.5669 9.57088 169.584
  vertex 71.8716 -3.42367 162.688
  vertex 71.2207 10.24 162.688
 endloop
endfacet
facet normal 0.822605 0.223775 0.52273
 outer loop
  vertex 63.5527 21.9958 169.584
  vertex 71.2207 10.24 162.688
  vertex 67.9957 23.5336 162.688
 endloop
endfacet
facet normal 0.765389 0.37541 0.52273
 outer loop
  vertex 58.2414 33.6257 169.584
  vertex 67.9957 23.5336 162.688
  vertex 62.3132 35.9766 162.688
 endloop
endfacet
facet normal 0.680511 0.513477 0.52273
 outer loop
  vertex 50.8252 44.0403 169.584
  vertex 62.3132 35.9766 162.688
  vertex 54.3785 47.1193 162.688
 endloop
endfacet
facet normal 0.571037 0.632985 0.52273
 outer loop
  vertex 41.5721 52.8632 169.584
  vertex 54.3785 47.1193 162.688
  vertex 44.4785 56.559 162.688
 endloop
endfacet
facet normal 0.440924 0.729616 0.52273
 outer loop
  vertex 30.8164 59.7755 169.584
  vertex 44.4785 56.559 162.688
  vertex 32.9708 63.9545 162.688
 endloop
endfacet
facet normal 0.294876 0.799876 0.52273
 outer loop
  vertex 18.9469 64.5273 169.584
  vertex 32.9708 63.9545 162.688
  vertex 20.2715 69.0385 162.688
 endloop
endfacet
facet normal 0.138169 0.841227 0.52273
 outer loop
  vertex 6.39265 66.9469 169.584
  vertex 20.2715 69.0385 162.688
  vertex 6.83958 71.6273 162.688
 endloop
endfacet
facet normal 0.0288554 0.852736 0.521545
 outer loop
  vertex 0 67.2514 169.584
  vertex 6.83958 71.6273 162.688
  vertex 0 71.9531 162.688
 endloop
endfacet
facet normal 0.0523255 0.794929 0.604442
 outer loop
  vertex 0 67.2514 169.584
  vertex 6.39265 66.9469 169.584
  vertex 6.83958 71.6273 162.688
 endloop
endfacet
facet normal 0.0437086 0.715402 0.697345
 outer loop
  vertex 0 67.2514 169.584
  vertex 5.90514 65.6115 170.966
  vertex 6.39265 66.9469 169.584
 endloop
endfacet
facet normal 0.0204563 0.700083 0.713768
 outer loop
  vertex 0 67.2514 169.584
  vertex 0 65.8767 170.966
  vertex 5.90514 65.6115 170.966
 endloop
endfacet
facet normal 0.0576073 -0.937372 0.343533
 outer loop
  vertex -8.81171E-15 -71.9531 162.688
  vertex -9.11299E-15 -74.4132 154.713
  vertex 13.6172 -70.6528 162.688
 endloop
endfacet
facet normal 0.120874 -0.961349 0.247383
 outer loop
  vertex 13.6172 -70.6528 162.688
  vertex -9.11299E-15 -74.4132 154.713
  vertex 14.0828 -73.0685 154.713
 endloop
endfacet
facet normal 0.300626 -0.9211 0.247383
 outer loop
  vertex 26.7423 -66.799 162.688
  vertex 14.0828 -73.0685 154.713
  vertex 27.6566 -69.0829 154.713
 endloop
endfacet
facet normal 0.469513 -0.847561 0.247383
 outer loop
  vertex 38.9008 -60.5308 162.688
  vertex 27.6566 -69.0829 154.713
  vertex 40.2308 -62.6004 154.713
 endloop
endfacet
facet normal 0.62143 -0.743388 0.247383
 outer loop
  vertex 49.6533 -52.0749 162.688
  vertex 40.2308 -62.6004 154.713
  vertex 51.351 -53.8554 154.713
 endloop
endfacet
facet normal 0.750887 -0.612348 0.247383
 outer loop
  vertex 58.6113 -41.7369 162.688
  vertex 51.351 -53.8554 154.713
  vertex 60.6152 -43.1639 154.713
 endloop
endfacet
facet normal 0.853205 -0.459176 0.247383
 outer loop
  vertex 65.4508 -29.8904 162.688
  vertex 60.6152 -43.1639 154.713
  vertex 67.6887 -30.9124 154.713
 endloop
endfacet
facet normal 0.924686 -0.289408 0.247383
 outer loop
  vertex 69.9249 -16.9636 162.688
  vertex 67.6887 -30.9124 154.713
  vertex 72.3156 -17.5436 154.713
 endloop
endfacet
facet normal 0.962747 -0.10918 0.247383
 outer loop
  vertex 71.8716 -3.42367 162.688
  vertex 72.3156 -17.5436 154.713
  vertex 74.3289 -3.54072 154.713
 endloop
endfacet
facet normal 0.966011 0.0749942 0.247383
 outer loop
  vertex 71.2207 10.24 162.688
  vertex 74.3289 -3.54072 154.713
  vertex 73.6558 10.5901 154.713
 endloop
endfacet
facet normal 0.934361 0.256458 0.247383
 outer loop
  vertex 67.9957 23.5336 162.688
  vertex 73.6558 10.5901 154.713
  vertex 70.3206 24.3382 154.713
 endloop
endfacet
facet normal 0.868941 0.428652 0.247383
 outer loop
  vertex 62.3132 35.9766 162.688
  vertex 70.3206 24.3382 154.713
  vertex 64.4438 37.2066 154.713
 endloop
endfacet
facet normal 0.772115 0.585354 0.247383
 outer loop
  vertex 54.3785 47.1193 162.688
  vertex 64.4438 37.2066 154.713
  vertex 56.2378 48.7303 154.713
 endloop
endfacet
facet normal 0.647383 0.7209 0.247383
 outer loop
  vertex 44.4785 56.559 162.688
  vertex 56.2378 48.7303 154.713
  vertex 45.9992 58.4928 154.713
 endloop
endfacet
facet normal 0.499253 0.83039 0.247383
 outer loop
  vertex 32.9708 63.9545 162.688
  vertex 45.9992 58.4928 154.713
  vertex 34.0981 66.1411 154.713
 endloop
endfacet
facet normal 0.333078 0.909868 0.247383
 outer loop
  vertex 20.2715 69.0385 162.688
  vertex 34.0981 66.1411 154.713
  vertex 20.9646 71.399 154.713
 endloop
endfacet
facet normal 0.154866 0.956461 0.247383
 outer loop
  vertex 6.83958 71.6273 162.688
  vertex 20.9646 71.399 154.713
  vertex 7.07343 74.0763 154.713
 endloop
endfacet
facet normal 0.0316758 0.968581 0.246671
 outer loop
  vertex 0 71.9531 162.688
  vertex 7.07343 74.0763 154.713
  vertex 0 74.4132 154.713
 endloop
endfacet
facet normal 0.060532 0.937517 0.342633
 outer loop
  vertex 0 71.9531 162.688
  vertex 6.83958 71.6273 162.688
  vertex 7.07343 74.0763 154.713
 endloop
endfacet
facet normal 0.0627192 -0.991772 0.1116
 outer loop
  vertex -9.11299E-15 -74.4132 154.713
  vertex -9.1492E-15 -74.7089 151.517
  vertex 14.0828 -73.0685 154.713
 endloop
endfacet
facet normal 0.126114 -0.9893 0.0733479
 outer loop
  vertex 14.0828 -73.0685 154.713
  vertex -9.1492E-15 -74.7089 151.517
  vertex 14.1388 -73.3588 151.517
 endloop
endfacet
facet normal 0.311061 -0.947555 0.0733479
 outer loop
  vertex 27.6566 -69.0829 154.713
  vertex 14.1388 -73.3588 151.517
  vertex 27.7665 -69.3574 151.517
 endloop
endfacet
facet normal 0.484766 -0.871563 0.0733479
 outer loop
  vertex 40.2308 -62.6004 154.713
  vertex 27.7665 -69.3574 151.517
  vertex 40.3907 -62.8491 151.517
 endloop
endfacet
facet normal 0.64095 -0.76407 0.0733479
 outer loop
  vertex 51.351 -53.8554 154.713
  vertex 40.3907 -62.8491 151.517
  vertex 51.5551 -54.0694 151.517
 endloop
endfacet
facet normal 0.773968 -0.628962 0.0733479
 outer loop
  vertex 60.6152 -43.1639 154.713
  vertex 51.5551 -54.0694 151.517
  vertex 60.8561 -43.3354 151.517
 endloop
endfacet
facet normal 0.879013 -0.471121 0.0733479
 outer loop
  vertex 67.6887 -30.9124 154.713
  vertex 60.8561 -43.3354 151.517
  vertex 67.9576 -31.0352 151.517
 endloop
endfacet
facet normal 0.952289 -0.296253 0.0733479
 outer loop
  vertex 72.3156 -17.5436 154.713
  vertex 67.9576 -31.0352 151.517
  vertex 72.603 -17.6133 151.517
 endloop
endfacet
facet normal 0.991146 -0.110678 0.0733479
 outer loop
  vertex 74.3289 -3.54072 154.713
  vertex 72.603 -17.6133 151.517
  vertex 74.6243 -3.55479 151.517
 endloop
endfacet
facet normal 0.994181 0.078898 0.0733479
 outer loop
  vertex 73.6558 10.5901 154.713
  vertex 74.6243 -3.55479 151.517
  vertex 73.9485 10.6322 151.517
 endloop
endfacet
facet normal 0.961283 0.265622 0.0733479
 outer loop
  vertex 70.3206 24.3382 154.713
  vertex 73.9485 10.6322 151.517
  vertex 70.6 24.4349 151.517
 endloop
endfacet
facet normal 0.893642 0.442746 0.0733479
 outer loop
  vertex 64.4438 37.2066 154.713
  vertex 70.6 24.4349 151.517
  vertex 64.6998 37.3545 151.517
 endloop
endfacet
facet normal 0.793703 0.603868 0.0733479
 outer loop
  vertex 56.2378 48.7303 154.713
  vertex 64.6998 37.3545 151.517
  vertex 56.4612 48.9239 151.517
 endloop
endfacet
facet normal 0.665077 0.743164 0.0733479
 outer loop
  vertex 45.9992 58.4928 154.713
  vertex 56.4612 48.9239 151.517
  vertex 46.182 58.7252 151.517
 endloop
endfacet
facet normal 0.512413 0.855601 0.0733479
 outer loop
  vertex 34.0981 66.1411 154.713
  vertex 46.182 58.7252 151.517
  vertex 34.2336 66.4039 151.517
 endloop
endfacet
facet normal 0.341229 0.937114 0.0733479
 outer loop
  vertex 20.9646 71.399 154.713
  vertex 34.2336 66.4039 151.517
  vertex 21.0479 71.6827 151.517
 endloop
endfacet
facet normal 0.157713 0.984757 0.0733479
 outer loop
  vertex 7.07343 74.0763 154.713
  vertex 21.0479 71.6827 151.517
  vertex 7.10153 74.3706 151.517
 endloop
endfacet
facet normal 0.0317442 0.996817 0.0731272
 outer loop
  vertex 0 74.4132 154.713
  vertex 7.10153 74.3706 151.517
  vertex 0 74.7089 151.517
 endloop
endfacet
facet normal 0.0631524 0.991782 0.111268
 outer loop
  vertex 0 74.4132 154.713
  vertex 7.07343 74.0763 154.713
  vertex 7.10153 74.3706 151.517
 endloop
endfacet
facet normal 0.06537 0.697641 0.71346
 outer loop
  vertex 5.90514 65.6115 170.966
  vertex 6.26198 65.5784 170.966
  vertex 6.39265 66.9469 169.584
 endloop
endfacet
facet normal 0.10578 0.691465 0.714624
 outer loop
  vertex 6.39265 66.9469 169.584
  vertex 6.26198 65.5784 170.966
  vertex 17.5256 63.5027 170.966
 endloop
endfacet
facet normal 0.193832 0.673344 0.713469
 outer loop
  vertex 18.9469 64.5273 169.584
  vertex 17.5256 63.5027 170.966
  vertex 18.5596 63.2082 170.966
 endloop
endfacet
facet normal 0.232449 0.659911 0.714483
 outer loop
  vertex 28.5828 59.3529 170.966
  vertex 18.9469 64.5273 169.584
  vertex 18.5596 63.2082 170.966
 endloop
endfacet
facet normal 0.280396 0.658616 0.698286
 outer loop
  vertex 28.5828 59.3529 170.966
  vertex 30.8164 59.7755 169.584
  vertex 18.9469 64.5273 169.584
 endloop
endfacet
facet normal 0.315538 0.625598 0.713487
 outer loop
  vertex 28.5828 59.3529 170.966
  vertex 30.1864 58.5535 170.966
  vertex 30.8164 59.7755 169.584
 endloop
endfacet
facet normal 0.35107 0.605354 0.714351
 outer loop
  vertex 30.8164 59.7755 169.584
  vertex 30.1864 58.5535 170.966
  vertex 38.7214 53.2954 170.966
 endloop
endfacet
facet normal 0.426247 0.556067 0.713514
 outer loop
  vertex 41.5721 52.8632 169.584
  vertex 38.7214 53.2954 170.966
  vertex 40.7223 51.7826 170.966
 endloop
endfacet
facet normal 0.457504 0.529688 0.714228
 outer loop
  vertex 47.6153 45.5249 170.966
  vertex 41.5721 52.8632 169.584
  vertex 40.7223 51.7826 170.966
 endloop
endfacet
facet normal 0.501627 0.510786 0.698189
 outer loop
  vertex 47.6153 45.5249 170.966
  vertex 50.8252 44.0403 169.584
  vertex 41.5721 52.8632 169.584
 endloop
endfacet
facet normal 0.522102 0.467178 0.713551
 outer loop
  vertex 47.6153 45.5249 170.966
  vertex 49.7863 43.1401 170.966
  vertex 50.8252 44.0403 169.584
 endloop
endfacet
facet normal 0.548035 0.435544 0.714114
 outer loop
  vertex 50.8252 44.0403 169.584
  vertex 49.7863 43.1401 170.966
  vertex 54.9789 36.2913 170.966
 endloop
endfacet
facet normal 0.599763 0.362029 0.713596
 outer loop
  vertex 58.2414 33.6257 169.584
  vertex 54.9789 36.2913 170.966
  vertex 57.0509 32.9383 170.966
 endloop
endfacet
facet normal 0.619504 0.326199 0.714009
 outer loop
  vertex 60.5755 25.8912 170.966
  vertex 58.2414 33.6257 169.584
  vertex 57.0509 32.9383 170.966
 endloop
endfacet
facet normal 0.653574 0.292329 0.69813
 outer loop
  vertex 60.5755 25.8912 170.966
  vertex 63.5527 21.9958 169.584
  vertex 58.2414 33.6257 169.584
 endloop
endfacet
facet normal 0.656526 0.244287 0.713651
 outer loop
  vertex 60.5755 25.8912 170.966
  vertex 62.2535 21.5462 170.966
  vertex 63.5527 21.9958 169.584
 endloop
endfacet
facet normal 0.669413 0.205459 0.713914
 outer loop
  vertex 63.5527 21.9958 169.584
  vertex 62.2535 21.5462 170.966
  vertex 64.225 14.6589 170.966
 endloop
endfacet
facet normal 0.690416 0.118058 0.713714
 outer loop
  vertex 66.5669 9.57088 169.584
  vertex 64.225 14.6589 170.966
  vertex 65.2062 9.37523 170.966
 endloop
endfacet
facet normal 0.696017 0.0775306 0.713827
 outer loop
  vertex 65.8104 2.95555 170.966
  vertex 66.5669 9.57088 169.584
  vertex 65.2062 9.37523 170.966
 endloop
endfacet
facet normal 0.715212 0.0334476 0.698107
 outer loop
  vertex 65.8104 2.95555 170.966
  vertex 67.1753 -3.19995 169.584
  vertex 66.5669 9.57088 169.584
 endloop
endfacet
facet normal 0.700255 -0.0122584 0.713787
 outer loop
  vertex 65.8104 2.95555 170.966
  vertex 65.8021 -3.13454 170.966
  vertex 67.1753 -3.19995 169.584
 endloop
endfacet
facet normal 0.698383 -0.0531281 0.71375
 outer loop
  vertex 67.1753 -3.19995 169.584
  vertex 65.8021 -3.13454 170.966
  vertex 65.2805 -8.84284 170.966
 endloop
endfacet
facet normal 0.685706 -0.142119 0.713869
 outer loop
  vertex 65.3557 -15.8551 169.584
  vertex 65.2805 -8.84284 170.966
  vertex 64.0197 -15.531 170.966
 endloop
endfacet
facet normal 0.676423 -0.181963 0.713681
 outer loop
  vertex 62.6525 -20.357 170.966
  vertex 65.3557 -15.8551 169.584
  vertex 64.0197 -15.531 170.966
 endloop
endfacet
facet normal 0.678012 -0.230059 0.69812
 outer loop
  vertex 62.6525 -20.357 170.966
  vertex 61.174 -27.9373 169.584
  vertex 65.3557 -15.8551 169.584
 endloop
endfacet
facet normal 0.647281 -0.266998 0.71396
 outer loop
  vertex 62.6525 -20.357 170.966
  vertex 59.9235 -27.3662 170.966
  vertex 61.174 -27.9373 169.584
 endloop
endfacet
facet normal 0.630898 -0.304484 0.713622
 outer loop
  vertex 61.174 -27.9373 169.584
  vertex 59.9235 -27.3662 170.966
  vertex 58.0107 -31.2169 170.966
 endloop
endfacet
facet normal 0.586325 -0.382545 0.71406
 outer loop
  vertex 54.7814 -39.0097 169.584
  vertex 58.0107 -31.2169 170.966
  vertex 53.6616 -38.2122 170.966
 endloop
endfacet
facet normal 0.563392 -0.416418 0.713572
 outer loop
  vertex 51.5045 -41.0734 170.966
  vertex 54.7814 -39.0097 169.584
  vertex 53.6616 -38.2122 170.966
 endloop
endfacet
facet normal 0.547122 -0.461752 0.698171
 outer loop
  vertex 51.5045 -41.0734 170.966
  vertex 46.4088 -48.6721 169.584
  vertex 54.7814 -39.0097 169.584
 endloop
endfacet
facet normal 0.504969 -0.484735 0.71417
 outer loop
  vertex 51.5045 -41.0734 170.966
  vertex 45.4601 -47.6772 170.966
  vertex 46.4088 -48.6721 169.584
 endloop
endfacet
facet normal 0.476254 -0.513863 0.713531
 outer loop
  vertex 46.4088 -48.6721 169.584
  vertex 45.4601 -47.6772 170.966
  vertex 43.3428 -49.6099 170.966
 endloop
endfacet
facet normal 0.406054 -0.570011 0.714288
 outer loop
  vertex 36.3589 -56.5755 169.584
  vertex 43.3428 -49.6099 170.966
  vertex 35.6156 -55.419 170.966
 endloop
endfacet
facet normal 0.372519 -0.593421 0.713499
 outer loop
  vertex 33.7881 -56.5518 170.966
  vertex 36.3589 -56.5755 169.584
  vertex 35.6156 -55.419 170.966
 endloop
endfacet
facet normal 0.340653 -0.629596 0.698259
 outer loop
  vertex 33.7881 -56.5518 170.966
  vertex 24.9948 -62.4341 169.584
  vertex 36.3589 -56.5755 169.584
 endloop
endfacet
facet normal 0.293033 -0.635407 0.714415
 outer loop
  vertex 33.7881 -56.5518 170.966
  vertex 24.4839 -61.1578 170.966
  vertex 24.9948 -62.4341 169.584
 endloop
endfacet
facet normal 0.255802 -0.652316 0.713477
 outer loop
  vertex 24.9948 -62.4341 169.584
  vertex 24.4839 -61.1578 170.966
  vertex 23.1474 -61.6761 170.966
 endloop
endfacet
facet normal 0.217695 -0.681882 0.698316
 outer loop
  vertex 12.7274 -66.0361 169.584
  vertex 24.9948 -62.4341 169.584
  vertex 23.1474 -61.6761 170.966
 endloop
endfacet
facet normal 0.196321 -0.771206 0.605558
 outer loop
  vertex 12.7274 -66.0361 169.584
  vertex 13.6172 -70.6528 162.688
  vertex 24.9948 -62.4341 169.584
 endloop
endfacet
facet normal 0.24928 -0.96198 0.1116
 outer loop
  vertex 14.0828 -73.0685 154.713
  vertex 14.1388 -73.3588 151.517
  vertex 27.6566 -69.0829 154.713
 endloop
endfacet
facet normal 0.233965 -0.90953 0.343533
 outer loop
  vertex 13.6172 -70.6528 162.688
  vertex 14.0828 -73.0685 154.713
  vertex 26.7423 -66.799 162.688
 endloop
endfacet
facet normal 0.426831 -0.897419 0.1116
 outer loop
  vertex 27.6566 -69.0829 154.713
  vertex 27.7665 -69.3574 151.517
  vertex 40.2308 -62.6004 154.713
 endloop
endfacet
facet normal 0.401867 -0.848816 0.343533
 outer loop
  vertex 26.7423 -66.799 162.688
  vertex 27.6566 -69.0829 154.713
  vertex 38.9008 -60.5308 162.688
 endloop
endfacet
facet normal 0.338725 -0.720115 0.605558
 outer loop
  vertex 24.9948 -62.4341 169.584
  vertex 26.7423 -66.799 162.688
  vertex 36.3589 -56.5755 169.584
 endloop
endfacet
facet normal 0.588955 -0.800423 0.1116
 outer loop
  vertex 40.2308 -62.6004 154.713
  vertex 40.3907 -62.8491 151.517
  vertex 51.351 -53.8554 154.713
 endloop
endfacet
facet normal 0.555244 -0.757423 0.343533
 outer loop
  vertex 38.9008 -60.5308 162.688
  vertex 40.2308 -62.6004 154.713
  vertex 49.6533 -52.0749 162.688
 endloop
endfacet
facet normal 0.451754 -0.555357 0.69821
 outer loop
  vertex 43.3428 -49.6099 170.966
  vertex 36.3589 -56.5755 169.584
  vertex 46.4088 -48.6721 169.584
 endloop
endfacet
facet normal 0.468887 -0.642997 0.605558
 outer loop
  vertex 46.4088 -48.6721 169.584
  vertex 36.3589 -56.5755 169.584
  vertex 38.9008 -60.5308 162.688
 endloop
endfacet
facet normal 0.729793 -0.674498 0.1116
 outer loop
  vertex 51.351 -53.8554 154.713
  vertex 51.5551 -54.0694 151.517
  vertex 60.6152 -43.1639 154.713
 endloop
endfacet
facet normal 0.688553 -0.638654 0.343533
 outer loop
  vertex 49.6533 -52.0749 162.688
  vertex 51.351 -53.8554 154.713
  vertex 58.6113 -41.7369 162.688
 endloop
endfacet
facet normal 0.582101 -0.54264 0.605558
 outer loop
  vertex 46.4088 -48.6721 169.584
  vertex 49.6533 -52.0749 162.688
  vertex 54.7814 -39.0097 169.584
 endloop
endfacet
facet normal 0.844254 -0.524195 0.1116
 outer loop
  vertex 60.6152 -43.1639 154.713
  vertex 60.8561 -43.3354 151.517
  vertex 67.6887 -30.9124 154.713
 endloop
endfacet
facet normal 0.796976 -0.496804 0.343533
 outer loop
  vertex 58.6113 -41.7369 162.688
  vertex 60.6152 -43.1639 154.713
  vertex 65.4508 -29.8904 162.688
 endloop
endfacet
facet normal 0.623429 -0.352044 0.698141
 outer loop
  vertex 58.0107 -31.2169 170.966
  vertex 54.7814 -39.0097 169.584
  vertex 61.174 -27.9373 169.584
 endloop
endfacet
facet normal 0.674277 -0.42267 0.605558
 outer loop
  vertex 61.174 -27.9373 169.584
  vertex 54.7814 -39.0097 169.584
  vertex 58.6113 -41.7369 162.688
 endloop
endfacet
facet normal 0.928202 -0.354946 0.1116
 outer loop
  vertex 67.6887 -30.9124 154.713
  vertex 67.9576 -31.0352 151.517
  vertex 72.3156 -17.5436 154.713
 endloop
endfacet
facet normal 0.876594 -0.336997 0.343533
 outer loop
  vertex 65.4508 -29.8904 162.688
  vertex 67.6887 -30.9124 154.713
  vertex 69.9249 -16.9636 162.688
 endloop
endfacet
facet normal 0.742083 -0.287424 0.605558
 outer loop
  vertex 61.174 -27.9373 169.584
  vertex 65.4508 -29.8904 162.688
  vertex 65.3557 -15.8551 169.584
 endloop
endfacet
facet normal 0.978602 -0.172868 0.1116
 outer loop
  vertex 72.3156 -17.5436 154.713
  vertex 72.603 -17.6133 151.517
  vertex 74.3289 -3.54072 154.713
 endloop
endfacet
facet normal 0.92453 -0.16501 0.343533
 outer loop
  vertex 69.9249 -16.9636 162.688
  vertex 72.3156 -17.5436 154.713
  vertex 71.8716 -3.42367 162.688
 endloop
endfacet
facet normal 0.708967 -0.100051 0.698109
 outer loop
  vertex 65.2805 -8.84284 170.966
  vertex 65.3557 -15.8551 169.584
  vertex 67.1753 -3.19995 169.584
 endloop
endfacet
facet normal 0.783068 -0.14179 0.605558
 outer loop
  vertex 67.1753 -3.19995 169.584
  vertex 65.3557 -15.8551 169.584
  vertex 69.9249 -16.9636 162.688
 endloop
endfacet
facet normal 0.993633 0.0154578 0.1116
 outer loop
  vertex 74.3289 -3.54072 154.713
  vertex 74.6243 -3.55479 151.517
  vertex 73.6558 10.5901 154.713
 endloop
endfacet
facet normal 0.939051 0.0129401 0.343533
 outer loop
  vertex 71.8716 -3.42367 162.688
  vertex 74.3289 -3.54072 154.713
  vertex 71.2207 10.24 162.688
 endloop
endfacet
facet normal 0.795751 0.00896891 0.605558
 outer loop
  vertex 67.1753 -3.19995 169.584
  vertex 71.8716 -3.42367 162.688
  vertex 66.5669 9.57088 169.584
 endloop
endfacet
facet normal 0.972751 0.203225 0.1116
 outer loop
  vertex 73.6558 10.5901 154.713
  vertex 73.9485 10.6322 151.517
  vertex 70.3206 24.3382 154.713
 endloop
endfacet
facet normal 0.919632 0.190423 0.343533
 outer loop
  vertex 71.2207 10.24 162.688
  vertex 73.6558 10.5901 154.713
  vertex 67.9957 23.5336 162.688
 endloop
endfacet
facet normal 0.69653 0.165779 0.698114
 outer loop
  vertex 64.225 14.6589 170.966
  vertex 66.5669 9.57088 169.584
  vertex 63.5527 21.9958 169.584
 endloop
endfacet
facet normal 0.779673 0.159404 0.605558
 outer loop
  vertex 63.5527 21.9958 169.584
  vertex 66.5669 9.57088 169.584
  vertex 71.2207 10.24 162.688
 endloop
endfacet
facet normal 0.916712 0.383647 0.1116
 outer loop
  vertex 70.3206 24.3382 154.713
  vertex 70.6 24.4349 151.517
  vertex 64.4438 37.2066 154.713
 endloop
endfacet
facet normal 0.866976 0.361023 0.343533
 outer loop
  vertex 67.9957 23.5336 162.688
  vertex 70.3206 24.3382 154.713
  vertex 62.3132 35.9766 162.688
 endloop
endfacet
facet normal 0.735416 0.304077 0.605558
 outer loop
  vertex 63.5527 21.9958 169.584
  vertex 67.9957 23.5336 162.688
  vertex 58.2414 33.6257 169.584
 endloop
endfacet
facet normal 0.82754 0.550202 0.1116
 outer loop
  vertex 64.4438 37.2066 154.713
  vertex 64.6998 37.3545 151.517
  vertex 56.2378 48.7303 154.713
 endloop
endfacet
facet normal 0.782984 0.518575 0.343533
 outer loop
  vertex 62.3132 35.9766 162.688
  vertex 64.4438 37.2066 154.713
  vertex 54.3785 47.1193 162.688
 endloop
endfacet
facet normal 0.587841 0.408684 0.698155
 outer loop
  vertex 54.9789 36.2913 170.966
  vertex 58.2414 33.6257 169.584
  vertex 50.8252 44.0403 169.584
 endloop
endfacet
facet normal 0.664579 0.437761 0.605558
 outer loop
  vertex 50.8252 44.0403 169.584
  vertex 58.2414 33.6257 169.584
  vertex 62.3132 35.9766 162.688
 endloop
endfacet
facet normal 0.708459 0.696873 0.1116
 outer loop
  vertex 56.2378 48.7303 154.713
  vertex 56.4612 48.9239 151.517
  vertex 45.9992 58.4928 154.713
 endloop
endfacet
facet normal 0.670694 0.657385 0.343533
 outer loop
  vertex 54.3785 47.1193 162.688
  vertex 56.2378 48.7303 154.713
  vertex 44.4785 56.559 162.688
 endloop
endfacet
facet normal 0.569723 0.555622 0.605558
 outer loop
  vertex 50.8252 44.0403 169.584
  vertex 54.3785 47.1193 162.688
  vertex 41.5721 52.8632 169.584
 endloop
endfacet
facet normal 0.563772 0.818356 0.1116
 outer loop
  vertex 45.9992 58.4928 154.713
  vertex 46.182 58.7252 151.517
  vertex 34.0981 66.1411 154.713
 endloop
endfacet
facet normal 0.534162 0.772435 0.343533
 outer loop
  vertex 44.4785 56.559 162.688
  vertex 45.9992 58.4928 154.713
  vertex 32.9708 63.9545 162.688
 endloop
endfacet
facet normal 0.397939 0.595076 0.698233
 outer loop
  vertex 38.7214 53.2954 170.966
  vertex 41.5721 52.8632 169.584
  vertex 30.8164 59.7755 169.584
 endloop
endfacet
facet normal 0.454275 0.653402 0.605558
 outer loop
  vertex 30.8164 59.7755 169.584
  vertex 41.5721 52.8632 169.584
  vertex 44.4785 56.559 162.688
 endloop
endfacet
facet normal 0.398709 0.910262 0.1116
 outer loop
  vertex 34.0981 66.1411 154.713
  vertex 34.2336 66.4039 151.517
  vertex 20.9646 71.399 154.713
 endloop
endfacet
facet normal 0.378325 0.859567 0.343533
 outer loop
  vertex 32.9708 63.9545 162.688
  vertex 34.0981 66.1411 154.713
  vertex 20.2715 69.0385 162.688
 endloop
endfacet
facet normal 0.322408 0.727566 0.605558
 outer loop
  vertex 30.8164 59.7755 169.584
  vertex 32.9708 63.9545 162.688
  vertex 18.9469 64.5273 169.584
 endloop
endfacet
facet normal 0.219236 0.969268 0.1116
 outer loop
  vertex 20.9646 71.399 154.713
  vertex 21.0479 71.6827 151.517
  vertex 7.07343 74.0763 154.713
 endloop
endfacet
facet normal 0.208814 0.915632 0.343533
 outer loop
  vertex 20.2715 69.0385 162.688
  vertex 20.9646 71.399 154.713
  vertex 6.83958 71.6273 162.688
 endloop
endfacet
facet normal 0.153099 0.699193 0.698348
 outer loop
  vertex 17.5256 63.5027 170.966
  vertex 18.9469 64.5273 169.584
  vertex 6.39265 66.9469 169.584
 endloop
endfacet
facet normal 0.178889 0.775435 0.605558
 outer loop
  vertex 6.39265 66.9469 169.584
  vertex 18.9469 64.5273 169.584
  vertex 20.2715 69.0385 162.688
 endloop
endfacet
facet normal 0.16384 -0.168396 0.972008
 outer loop
  vertex 58.6535 -58.6688 19.1556
  vertex 56.7087 -59.1688 19.5282
  vertex 55.8238 -63.0372 19
 endloop
endfacet
facet normal 0.16384 -0.168396 0.972008
 outer loop
  vertex 58.6535 -58.6688 19.1556
  vertex 63.0372 -55.8238 19
  vertex 56.7087 -59.1688 19.5282
 endloop
endfacet
facet normal 0.227708 -0.200408 0.952883
 outer loop
  vertex 56.7087 -59.1688 19.5282
  vertex 63.0372 -55.8238 19
  vertex 65.8926 -48.7339 19.5282
 endloop
endfacet
facet normal 0.546512 -0.351547 0.760092
 outer loop
  vertex 64.7046 -47.8553 20.6441
  vertex 65.8926 -48.7339 19.5282
  vertex 71.8614 -36.2318 20.6441
 endloop
endfacet
facet normal 0.797305 -0.361524 0.483328
 outer loop
  vertex 70.9911 -35.7929 22.2184
  vertex 71.8614 -36.2318 20.6441
  vertex 74.7293 -27.3286 22.057
 endloop
endfacet
facet normal 0.85852 -0.352453 0.372453
 outer loop
  vertex 74.6676 -27.306 22.2184
  vertex 70.9911 -35.7929 22.2184
  vertex 74.7293 -27.3286 22.057
 endloop
endfacet
facet normal 0.894653 -0.366149 0.255989
 outer loop
  vertex 74.6676 -27.306 22.2184
  vertex 74.3509 -27.1902 23.8626
  vertex 70.9911 -35.7929 22.2184
 endloop
endfacet
facet normal 0.900365 -0.410016 0.145702
 outer loop
  vertex 70.9911 -35.7929 22.2184
  vertex 74.3509 -27.1902 23.8626
  vertex 70.69 -35.6411 23.8626
 endloop
endfacet
facet normal 0.828064 -0.541303 0.145948
 outer loop
  vertex 63.9209 -47.2756 22.2184
  vertex 70.69 -35.6411 23.8626
  vertex 63.6498 -47.0751 23.8626
 endloop
endfacet
facet normal 0.724672 -0.673461 0.145948
 outer loop
  vertex 55.0118 -57.3983 22.2184
  vertex 63.6498 -47.0751 23.8626
  vertex 54.7785 -57.1549 23.8626
 endloop
endfacet
facet normal 0.600433 -0.786244 0.145948
 outer loop
  vertex 44.5202 -65.8697 22.2184
  vertex 54.7785 -57.1549 23.8626
  vertex 44.3314 -65.5904 23.8626
 endloop
endfacet
facet normal 0.458921 -0.876408 0.145948
 outer loop
  vertex 32.7477 -72.4462 22.2184
  vertex 44.3314 -65.5904 23.8626
  vertex 32.6089 -72.139 23.8626
 endloop
endfacet
facet normal 0.363107 -0.920305 0.145572
 outer loop
  vertex 27.306 -74.6676 22.2184
  vertex 32.6089 -72.139 23.8626
  vertex 27.1902 -74.3509 23.8626
 endloop
endfacet
facet normal 0.376885 -0.890245 0.255776
 outer loop
  vertex 27.306 -74.6676 22.2184
  vertex 32.7477 -72.4462 22.2184
  vertex 32.6089 -72.139 23.8626
 endloop
endfacet
facet normal 0.340267 -0.863547 0.372164
 outer loop
  vertex 27.306 -74.6676 22.2184
  vertex 27.3286 -74.7293 22.057
  vertex 32.7477 -72.4462 22.2184
 endloop
endfacet
facet normal 0.339617 -0.807085 0.482985
 outer loop
  vertex 32.7477 -72.4462 22.2184
  vertex 27.3286 -74.7293 22.057
  vertex 33.1492 -73.3344 20.6441
 endloop
endfacet
facet normal 0.420667 -0.698037 0.579469
 outer loop
  vertex 44.5202 -65.8697 22.2184
  vertex 33.1492 -73.3344 20.6441
  vertex 45.066 -66.6773 20.6441
 endloop
endfacet
facet normal 0.532585 -0.616903 0.579469
 outer loop
  vertex 55.0118 -57.3983 22.2184
  vertex 45.066 -66.6773 20.6441
  vertex 55.6863 -58.102 20.6441
 endloop
endfacet
facet normal 0.629181 -0.518022 0.579469
 outer loop
  vertex 63.9209 -47.2756 22.2184
  vertex 55.6863 -58.102 20.6441
  vertex 64.7046 -47.8553 20.6441
 endloop
endfacet
facet normal 0.707677 -0.404239 0.579469
 outer loop
  vertex 70.9911 -35.7929 22.2184
  vertex 64.7046 -47.8553 20.6441
  vertex 71.8614 -36.2318 20.6441
 endloop
endfacet
facet normal 0.738536 -0.479709 0.473756
 outer loop
  vertex 70.9911 -35.7929 22.2184
  vertex 63.9209 -47.2756 22.2184
  vertex 64.7046 -47.8553 20.6441
 endloop
endfacet
facet normal 0.837746 -0.482127 0.256391
 outer loop
  vertex 70.9911 -35.7929 22.2184
  vertex 70.69 -35.6411 23.8626
  vertex 63.9209 -47.2756 22.2184
 endloop
endfacet
facet normal 0.147101 -0.108795 0.98312
 outer loop
  vertex 65.8926 -48.7339 19.5282
  vertex 63.0372 -55.8238 19
  vertex 67.3245 -49.7929 19.0215
 endloop
endfacet
facet normal 0.187715 -0.100555 0.977063
 outer loop
  vertex 73.1809 -36.897 19.5282
  vertex 67.3245 -49.7929 19.0215
  vertex 74.7711 -37.6988 19.0215
 endloop
endfacet
facet normal 0.197677 -0.0761196 0.977307
 outer loop
  vertex 77.372 -28.295 19.3397
  vertex 74.7711 -37.6988 19.0215
  vertex 78.2352 -28.6107 19.0809
 endloop
endfacet
facet normal 0.27657 -0.123598 0.953013
 outer loop
  vertex 77.372 -28.295 19.3397
  vertex 73.1809 -36.897 19.5282
  vertex 74.7711 -37.6988 19.0215
 endloop
endfacet
facet normal 0.385681 -0.15944 0.908751
 outer loop
  vertex 77.372 -28.295 19.3397
  vertex 76.9708 -28.1483 19.5282
  vertex 73.1809 -36.897 19.5282
 endloop
endfacet
facet normal 0.440935 -0.179652 0.879376
 outer loop
  vertex 73.1809 -36.897 19.5282
  vertex 76.9708 -28.1483 19.5282
  vertex 76.54 -27.9907 19.7874
 endloop
endfacet
facet normal 0.609772 -0.253673 0.750885
 outer loop
  vertex 71.8614 -36.2318 20.6441
  vertex 76.54 -27.9907 19.7874
  vertex 75.7929 -27.7175 20.4141
 endloop
endfacet
facet normal 0.669614 -0.275378 0.689771
 outer loop
  vertex 75.583 -27.6408 20.6441
  vertex 71.8614 -36.2318 20.6441
  vertex 75.7929 -27.7175 20.4141
 endloop
endfacet
facet normal 0.749154 -0.304841 0.588081
 outer loop
  vertex 75.583 -27.6408 20.6441
  vertex 74.7293 -27.3286 22.057
  vertex 71.8614 -36.2318 20.6441
 endloop
endfacet
facet normal 0.0289126 -0.0105734 0.999526
 outer loop
  vertex 79.08 -28.9196 19
  vertex 78.6434 -28.7599 19.0215
  vertex 75.1862 -37.9081 19
 endloop
endfacet
facet normal 0.056402 -0.0244332 0.998109
 outer loop
  vertex 75.1862 -37.9081 19
  vertex 78.6434 -28.7599 19.0215
  vertex 74.7711 -37.6988 19.0215
 endloop
endfacet
facet normal 0.052241 -0.0321661 0.998116
 outer loop
  vertex 67.6982 -50.0693 19
  vertex 74.7711 -37.6988 19.0215
  vertex 67.3245 -49.7929 19.0215
 endloop
endfacet
facet normal 0.0247513 -0.018306 0.999526
 outer loop
  vertex 63.0372 -55.8238 19
  vertex 67.6982 -50.0693 19
  vertex 67.3245 -49.7929 19.0215
 endloop
endfacet
facet normal 0.112336 -0.0448879 0.992656
 outer loop
  vertex 78.6434 -28.7599 19.0215
  vertex 78.2352 -28.6107 19.0809
  vertex 74.7711 -37.6988 19.0215
 endloop
endfacet
facet normal 0.295111 -0.753299 0.587749
 outer loop
  vertex 27.3286 -74.7293 22.057
  vertex 27.6408 -75.5831 20.6441
  vertex 33.1492 -73.3344 20.6441
 endloop
endfacet
facet normal 0.265805 -0.673808 0.689442
 outer loop
  vertex 33.1492 -73.3344 20.6441
  vertex 27.6408 -75.5831 20.6441
  vertex 27.7175 -75.7929 20.4141
 endloop
endfacet
facet normal 0.244069 -0.614059 0.750574
 outer loop
  vertex 27.9908 -76.5401 19.7876
  vertex 33.1492 -73.3344 20.6441
  vertex 27.7175 -75.7929 20.4141
 endloop
endfacet
facet normal 0.226901 -0.534451 0.814173
 outer loop
  vertex 27.9908 -76.5401 19.7876
  vertex 33.7579 -74.6809 19.5282
  vertex 33.1492 -73.3344 20.6441
 endloop
endfacet
facet normal 0.173918 -0.443572 0.879202
 outer loop
  vertex 27.9908 -76.5401 19.7876
  vertex 28.1483 -76.9708 19.5283
  vertex 33.7579 -74.6809 19.5282
 endloop
endfacet
facet normal 0.153717 -0.388342 0.908604
 outer loop
  vertex 33.7579 -74.6809 19.5282
  vertex 28.1483 -76.9708 19.5283
  vertex 28.295 -77.372 19.3397
 endloop
endfacet
facet normal 0.0749319 -0.198239 0.977285
 outer loop
  vertex 34.4915 -76.3037 19.0215
  vertex 28.295 -77.372 19.3397
  vertex 28.6107 -78.2352 19.0812
 endloop
endfacet
facet normal 0.0437087 -0.112899 0.992645
 outer loop
  vertex 28.7599 -78.6434 19.0216
  vertex 34.4915 -76.3037 19.0215
  vertex 28.6107 -78.2352 19.0812
 endloop
endfacet
facet normal 0.0232542 -0.056966 0.998105
 outer loop
  vertex 28.7599 -78.6434 19.0216
  vertex 28.9196 -79.08 19
  vertex 34.4915 -76.3037 19.0215
 endloop
endfacet
facet normal 0.0126805 -0.0280525 0.999526
 outer loop
  vertex 34.4915 -76.3037 19.0215
  vertex 28.9196 -79.08 19
  vertex 34.6829 -76.7273 19
 endloop
endfacet
facet normal 0.017239 -0.0255059 0.999526
 outer loop
  vertex 46.8907 -69.3771 19.0215
  vertex 34.6829 -76.7273 19
  vertex 47.151 -69.7622 19
 endloop
endfacet
facet normal 0.017239 -0.0255059 0.999526
 outer loop
  vertex 55.8238 -63.0372 19
  vertex 46.8907 -69.3771 19.0215
  vertex 47.151 -69.7622 19
 endloop
endfacet
facet normal 0.102454 -0.151586 0.98312
 outer loop
  vertex 55.8238 -63.0372 19
  vertex 45.8934 -67.9015 19.5282
  vertex 46.8907 -69.3771 19.0215
 endloop
endfacet
facet normal 0.190563 -0.236008 0.952883
 outer loop
  vertex 55.8238 -63.0372 19
  vertex 56.7087 -59.1688 19.5282
  vertex 45.8934 -67.9015 19.5282
 endloop
endfacet
facet normal 0.362246 -0.41484 0.834677
 outer loop
  vertex 45.8934 -67.9015 19.5282
  vertex 56.7087 -59.1688 19.5282
  vertex 55.6863 -58.102 20.6441
 endloop
endfacet
facet normal 0.398179 -0.51353 0.760092
 outer loop
  vertex 45.066 -66.6773 20.6441
  vertex 45.8934 -67.9015 19.5282
  vertex 55.6863 -58.102 20.6441
 endloop
endfacet
facet normal 0.286927 -0.470092 0.834677
 outer loop
  vertex 45.066 -66.6773 20.6441
  vertex 33.7579 -74.6809 19.5282
  vertex 45.8934 -67.9015 19.5282
 endloop
endfacet
facet normal 0.305665 -0.573436 0.760092
 outer loop
  vertex 45.066 -66.6773 20.6441
  vertex 33.1492 -73.3344 20.6441
  vertex 33.7579 -74.6809 19.5282
 endloop
endfacet
facet normal 0.027489 -0.0138597 0.999526
 outer loop
  vertex 75.1862 -37.9081 19
  vertex 74.7711 -37.6988 19.0215
  vertex 67.6982 -50.0693 19
 endloop
endfacet
facet normal 0.629276 -0.733673 0.256391
 outer loop
  vertex 54.7785 -57.1549 23.8626
  vertex 44.5202 -65.8697 22.2184
  vertex 55.0118 -57.3983 22.2184
 endloop
endfacet
facet normal 0.536539 -0.698342 0.473756
 outer loop
  vertex 55.0118 -57.3983 22.2184
  vertex 44.5202 -65.8697 22.2184
  vertex 45.066 -66.6773 20.6441
 endloop
endfacet
facet normal 0.410801 -0.778972 0.473756
 outer loop
  vertex 33.1492 -73.3344 20.6441
  vertex 44.5202 -65.8697 22.2184
  vertex 32.7477 -72.4462 22.2184
 endloop
endfacet
facet normal 0.496233 -0.829468 0.256391
 outer loop
  vertex 32.7477 -72.4462 22.2184
  vertex 44.5202 -65.8697 22.2184
  vertex 44.3314 -65.5904 23.8626
 endloop
endfacet
facet normal 0.114838 -0.179333 0.977063
 outer loop
  vertex 46.8907 -69.3771 19.0215
  vertex 45.8934 -67.9015 19.5282
  vertex 34.4915 -76.3037 19.0215
 endloop
endfacet
facet normal 0.0299199 -0.0535591 0.998116
 outer loop
  vertex 34.6829 -76.7273 19
  vertex 46.8907 -69.3771 19.0215
  vertex 34.4915 -76.3037 19.0215
 endloop
endfacet
facet normal 0.427144 -0.347653 0.834677
 outer loop
  vertex 65.8926 -48.7339 19.5282
  vertex 64.7046 -47.8553 20.6441
  vertex 56.7087 -59.1688 19.5282
 endloop
endfacet
facet normal 0.479239 -0.438851 0.760092
 outer loop
  vertex 56.7087 -59.1688 19.5282
  vertex 64.7046 -47.8553 20.6441
  vertex 55.6863 -58.102 20.6441
 endloop
endfacet
facet normal 0.744216 -0.616771 0.256391
 outer loop
  vertex 63.6498 -47.0751 23.8626
  vertex 55.0118 -57.3983 22.2184
  vertex 63.9209 -47.2756 22.2184
 endloop
endfacet
facet normal 0.646841 -0.597621 0.473756
 outer loop
  vertex 63.9209 -47.2756 22.2184
  vertex 55.0118 -57.3983 22.2184
  vertex 55.6863 -58.102 20.6441
 endloop
endfacet
facet normal 0.479753 -0.270464 0.834677
 outer loop
  vertex 71.8614 -36.2318 20.6441
  vertex 65.8926 -48.7339 19.5282
  vertex 73.1809 -36.897 19.5282
 endloop
endfacet
facet normal 0.527288 -0.242285 0.814411
 outer loop
  vertex 76.54 -27.9907 19.7874
  vertex 71.8614 -36.2318 20.6441
  vertex 73.1809 -36.897 19.5282
 endloop
endfacet
facet normal 0.281217 -0.176264 0.943318
 outer loop
  vertex 73.1809 -36.897 19.5282
  vertex 65.8926 -48.7339 19.5282
  vertex 67.3245 -49.7929 19.0215
 endloop
endfacet
facet normal 0.116632 -0.279868 0.952927
 outer loop
  vertex 28.295 -77.372 19.3397
  vertex 34.4915 -76.3037 19.0215
  vertex 33.7579 -74.6809 19.5282
 endloop
endfacet
facet normal 0.159544 -0.291029 0.943318
 outer loop
  vertex 33.7579 -74.6809 19.5282
  vertex 34.4915 -76.3037 19.0215
  vertex 45.8934 -67.9015 19.5282
 endloop
endfacet
facet normal -0.163856 -0.168381 0.972008
 outer loop
  vertex -58.6688 -58.6535 19.1556
  vertex -56.7087 -59.1688 19.5282
  vertex -63.0372 -55.8238 19
 endloop
endfacet
facet normal -0.163856 -0.168381 0.972008
 outer loop
  vertex -58.6688 -58.6535 19.1556
  vertex -55.8238 -63.0372 19
  vertex -56.7087 -59.1688 19.5282
 endloop
endfacet
facet normal -0.190563 -0.236008 0.952883
 outer loop
  vertex -56.7087 -59.1688 19.5282
  vertex -55.8238 -63.0372 19
  vertex -45.8934 -67.9015 19.5282
 endloop
endfacet
facet normal -0.328036 -0.560939 0.760092
 outer loop
  vertex -45.066 -66.6773 20.6441
  vertex -45.8934 -67.9015 19.5282
  vertex -33.1492 -73.3344 20.6441
 endloop
endfacet
facet normal -0.339617 -0.807085 0.482985
 outer loop
  vertex -32.7477 -72.4462 22.2184
  vertex -33.1492 -73.3344 20.6441
  vertex -27.3286 -74.7293 22.057
 endloop
endfacet
facet normal -0.340266 -0.863547 0.372164
 outer loop
  vertex -27.306 -74.6676 22.2184
  vertex -32.7477 -72.4462 22.2184
  vertex -27.3286 -74.7293 22.057
 endloop
endfacet
facet normal -0.353784 -0.899675 0.255776
 outer loop
  vertex -27.306 -74.6676 22.2184
  vertex -27.1902 -74.3509 23.8626
  vertex -32.7477 -72.4462 22.2184
 endloop
endfacet
facet normal -0.384662 -0.911506 0.145573
 outer loop
  vertex -32.7477 -72.4462 22.2184
  vertex -27.1902 -74.3509 23.8626
  vertex -32.6089 -72.139 23.8626
 endloop
endfacet
facet normal -0.505672 -0.850291 0.145948
 outer loop
  vertex -44.5202 -65.8697 22.2184
  vertex -32.6089 -72.139 23.8626
  vertex -44.3314 -65.5904 23.8626
 endloop
endfacet
facet normal -0.642098 -0.752602 0.145948
 outer loop
  vertex -55.0118 -57.3983 22.2184
  vertex -44.3314 -65.5904 23.8626
  vertex -54.7785 -57.1549 23.8626
 endloop
endfacet
facet normal -0.760052 -0.633261 0.145948
 outer loop
  vertex -63.9209 -47.2756 22.2184
  vertex -54.7785 -57.1549 23.8626
  vertex -63.6498 -47.0751 23.8626
 endloop
endfacet
facet normal -0.856141 -0.495703 0.145948
 outer loop
  vertex -70.9911 -35.7929 22.2184
  vertex -63.6498 -47.0751 23.8626
  vertex -70.69 -35.6411 23.8626
 endloop
endfacet
facet normal -0.914941 -0.376369 0.145702
 outer loop
  vertex -74.6676 -27.306 22.2184
  vertex -70.69 -35.6411 23.8626
  vertex -74.3509 -27.1902 23.8626
 endloop
endfacet
facet normal -0.879033 -0.402207 0.255988
 outer loop
  vertex -74.6676 -27.306 22.2184
  vertex -70.9911 -35.7929 22.2184
  vertex -70.69 -35.6411 23.8626
 endloop
endfacet
facet normal -0.85852 -0.352453 0.372452
 outer loop
  vertex -74.6676 -27.306 22.2184
  vertex -74.7293 -27.3286 22.057
  vertex -70.9911 -35.7929 22.2184
 endloop
endfacet
facet normal -0.797305 -0.361524 0.483328
 outer loop
  vertex -70.9911 -35.7929 22.2184
  vertex -74.7293 -27.3286 22.057
  vertex -71.8614 -36.2318 20.6441
 endloop
endfacet
facet normal -0.679554 -0.449913 0.579469
 outer loop
  vertex -63.9209 -47.2756 22.2184
  vertex -71.8614 -36.2318 20.6441
  vertex -64.7046 -47.8553 20.6441
 endloop
endfacet
facet normal -0.593744 -0.558287 0.579469
 outer loop
  vertex -55.0118 -57.3983 22.2184
  vertex -64.7046 -47.8553 20.6441
  vertex -55.6863 -58.102 20.6441
 endloop
endfacet
facet normal -0.490852 -0.6506 0.579469
 outer loop
  vertex -44.5202 -65.8697 22.2184
  vertex -55.6863 -58.102 20.6441
  vertex -45.066 -66.6773 20.6441
 endloop
endfacet
facet normal -0.37384 -0.724196 0.579469
 outer loop
  vertex -32.7477 -72.4462 22.2184
  vertex -45.066 -66.6773 20.6441
  vertex -33.1492 -73.3344 20.6441
 endloop
endfacet
facet normal -0.447932 -0.75823 0.473756
 outer loop
  vertex -32.7477 -72.4462 22.2184
  vertex -44.5202 -65.8697 22.2184
  vertex -45.066 -66.6773 20.6441
 endloop
endfacet
facet normal -0.446137 -0.857453 0.256391
 outer loop
  vertex -32.7477 -72.4462 22.2184
  vertex -32.6089 -72.139 23.8626
  vertex -44.5202 -65.8697 22.2184
 endloop
endfacet
facet normal -0.102454 -0.151586 0.98312
 outer loop
  vertex -45.8934 -67.9015 19.5282
  vertex -55.8238 -63.0372 19
  vertex -46.8907 -69.3771 19.0215
 endloop
endfacet
facet normal -0.0924973 -0.191813 0.977063
 outer loop
  vertex -33.7579 -74.6809 19.5282
  vertex -46.8907 -69.3771 19.0215
  vertex -34.4915 -76.3037 19.0215
 endloop
endfacet
facet normal -0.0749319 -0.198239 0.977285
 outer loop
  vertex -28.295 -77.372 19.3397
  vertex -34.4915 -76.3037 19.0215
  vertex -28.6107 -78.2352 19.0809
 endloop
endfacet
facet normal -0.116632 -0.279868 0.952927
 outer loop
  vertex -28.295 -77.372 19.3397
  vertex -33.7579 -74.6809 19.5282
  vertex -34.4915 -76.3037 19.0215
 endloop
endfacet
facet normal -0.153717 -0.388341 0.908604
 outer loop
  vertex -28.295 -77.372 19.3397
  vertex -28.1483 -76.9708 19.5282
  vertex -33.7579 -74.6809 19.5282
 endloop
endfacet
facet normal -0.173918 -0.443571 0.879202
 outer loop
  vertex -33.7579 -74.6809 19.5282
  vertex -28.1483 -76.9708 19.5282
  vertex -27.9907 -76.54 19.7874
 endloop
endfacet
facet normal -0.244069 -0.614059 0.750574
 outer loop
  vertex -33.1492 -73.3344 20.6441
  vertex -27.9907 -76.54 19.7874
  vertex -27.7175 -75.7929 20.4141
 endloop
endfacet
facet normal -0.265805 -0.673808 0.689443
 outer loop
  vertex -27.6408 -75.583 20.6441
  vertex -33.1492 -73.3344 20.6441
  vertex -27.7175 -75.7929 20.4141
 endloop
endfacet
facet normal -0.295111 -0.753299 0.58775
 outer loop
  vertex -27.6408 -75.583 20.6441
  vertex -27.3286 -74.7293 22.057
  vertex -33.1492 -73.3344 20.6441
 endloop
endfacet
facet normal -0.0105734 -0.0289126 0.999526
 outer loop
  vertex -28.9196 -79.08 19
  vertex -28.7599 -78.6434 19.0215
  vertex -34.6829 -76.7273 19
 endloop
endfacet
facet normal -0.0232539 -0.0569652 0.998105
 outer loop
  vertex -34.6829 -76.7273 19
  vertex -28.7599 -78.6434 19.0215
  vertex -34.4915 -76.3037 19.0215
 endloop
endfacet
facet normal -0.0299199 -0.0535591 0.998116
 outer loop
  vertex -47.151 -69.7622 19
  vertex -34.4915 -76.3037 19.0215
  vertex -46.8907 -69.3771 19.0215
 endloop
endfacet
facet normal -0.017239 -0.0255059 0.999526
 outer loop
  vertex -55.8238 -63.0372 19
  vertex -47.151 -69.7622 19
  vertex -46.8907 -69.3771 19.0215
 endloop
endfacet
facet normal -0.0437083 -0.112898 0.992645
 outer loop
  vertex -28.7599 -78.6434 19.0215
  vertex -28.6107 -78.2352 19.0809
  vertex -34.4915 -76.3037 19.0215
 endloop
endfacet
facet normal -0.749155 -0.304841 0.588081
 outer loop
  vertex -74.7293 -27.3286 22.057
  vertex -75.5831 -27.6408 20.6441
  vertex -71.8614 -36.2318 20.6441
 endloop
endfacet
facet normal -0.669614 -0.275379 0.68977
 outer loop
  vertex -71.8614 -36.2318 20.6441
  vertex -75.5831 -27.6408 20.6441
  vertex -75.7929 -27.7175 20.4141
 endloop
endfacet
facet normal -0.609772 -0.253673 0.750885
 outer loop
  vertex -76.5401 -27.9908 19.7876
  vertex -71.8614 -36.2318 20.6441
  vertex -75.7929 -27.7175 20.4141
 endloop
endfacet
facet normal -0.527288 -0.242285 0.814411
 outer loop
  vertex -76.5401 -27.9908 19.7876
  vertex -73.1809 -36.897 19.5282
  vertex -71.8614 -36.2318 20.6441
 endloop
endfacet
facet normal -0.440936 -0.179652 0.879375
 outer loop
  vertex -76.5401 -27.9908 19.7876
  vertex -76.9708 -28.1483 19.5283
  vertex -73.1809 -36.897 19.5282
 endloop
endfacet
facet normal -0.385682 -0.15944 0.908751
 outer loop
  vertex -73.1809 -36.897 19.5282
  vertex -76.9708 -28.1483 19.5283
  vertex -77.372 -28.295 19.3397
 endloop
endfacet
facet normal -0.197677 -0.0761196 0.977307
 outer loop
  vertex -74.7711 -37.6988 19.0215
  vertex -77.372 -28.295 19.3397
  vertex -78.2352 -28.6107 19.0812
 endloop
endfacet
facet normal -0.112337 -0.0448882 0.992656
 outer loop
  vertex -78.6434 -28.7599 19.0216
  vertex -74.7711 -37.6988 19.0215
  vertex -78.2352 -28.6107 19.0812
 endloop
endfacet
facet normal -0.0564027 -0.0244335 0.998109
 outer loop
  vertex -78.6434 -28.7599 19.0216
  vertex -79.08 -28.9196 19
  vertex -74.7711 -37.6988 19.0215
 endloop
endfacet
facet normal -0.027489 -0.0138597 0.999526
 outer loop
  vertex -74.7711 -37.6988 19.0215
  vertex -79.08 -28.9196 19
  vertex -75.1862 -37.9081 19
 endloop
endfacet
facet normal -0.0247513 -0.018306 0.999526
 outer loop
  vertex -67.3245 -49.7929 19.0215
  vertex -75.1862 -37.9081 19
  vertex -67.6982 -50.0693 19
 endloop
endfacet
facet normal -0.0247513 -0.018306 0.999526
 outer loop
  vertex -63.0372 -55.8238 19
  vertex -67.3245 -49.7929 19.0215
  vertex -67.6982 -50.0693 19
 endloop
endfacet
facet normal -0.147101 -0.108795 0.98312
 outer loop
  vertex -63.0372 -55.8238 19
  vertex -65.8926 -48.7339 19.5282
  vertex -67.3245 -49.7929 19.0215
 endloop
endfacet
facet normal -0.227708 -0.200408 0.952883
 outer loop
  vertex -63.0372 -55.8238 19
  vertex -56.7087 -59.1688 19.5282
  vertex -65.8926 -48.7339 19.5282
 endloop
endfacet
facet normal -0.399092 -0.379526 0.834677
 outer loop
  vertex -65.8926 -48.7339 19.5282
  vertex -56.7087 -59.1688 19.5282
  vertex -55.6863 -58.102 20.6441
 endloop
endfacet
facet normal -0.496169 -0.419615 0.760092
 outer loop
  vertex -64.7046 -47.8553 20.6441
  vertex -65.8926 -48.7339 19.5282
  vertex -55.6863 -58.102 20.6441
 endloop
endfacet
facet normal -0.457491 -0.30662 0.834677
 outer loop
  vertex -64.7046 -47.8553 20.6441
  vertex -73.1809 -36.897 19.5282
  vertex -65.8926 -48.7339 19.5282
 endloop
endfacet
facet normal -0.559947 -0.329727 0.760092
 outer loop
  vertex -64.7046 -47.8553 20.6441
  vertex -71.8614 -36.2318 20.6441
  vertex -73.1809 -36.897 19.5282
 endloop
endfacet
facet normal -0.0126805 -0.0280525 0.999526
 outer loop
  vertex -34.6829 -76.7273 19
  vertex -34.4915 -76.3037 19.0215
  vertex -47.151 -69.7622 19
 endloop
endfacet
facet normal -0.329211 -0.441514 0.834677
 outer loop
  vertex -45.8934 -67.9015 19.5282
  vertex -45.066 -66.6773 20.6441
  vertex -56.7087 -59.1688 19.5282
 endloop
endfacet
facet normal -0.418116 -0.497433 0.760092
 outer loop
  vertex -56.7087 -59.1688 19.5282
  vertex -45.066 -66.6773 20.6441
  vertex -55.6863 -58.102 20.6441
 endloop
endfacet
facet normal -0.674941 -0.565694 0.473756
 outer loop
  vertex -64.7046 -47.8553 20.6441
  vertex -55.0118 -57.3983 22.2184
  vertex -63.9209 -47.2756 22.2184
 endloop
endfacet
facet normal -0.706304 -0.659847 0.256391
 outer loop
  vertex -63.9209 -47.2756 22.2184
  vertex -55.0118 -57.3983 22.2184
  vertex -54.7785 -57.1549 23.8626
 endloop
endfacet
facet normal -0.58463 -0.769722 0.256391
 outer loop
  vertex -44.3314 -65.5904 23.8626
  vertex -55.0118 -57.3983 22.2184
  vertex -44.5202 -65.8697 22.2184
 endloop
endfacet
facet normal -0.56963 -0.671622 0.473756
 outer loop
  vertex -44.5202 -65.8697 22.2184
  vertex -55.0118 -57.3983 22.2184
  vertex -55.6863 -58.102 20.6441
 endloop
endfacet
facet normal -0.760836 -0.443491 0.473756
 outer loop
  vertex -71.8614 -36.2318 20.6441
  vertex -63.9209 -47.2756 22.2184
  vertex -70.9911 -35.7929 22.2184
 endloop
endfacet
facet normal -0.80766 -0.530989 0.256391
 outer loop
  vertex -70.9911 -35.7929 22.2184
  vertex -63.9209 -47.2756 22.2184
  vertex -63.6498 -47.0751 23.8626
 endloop
endfacet
facet normal -0.174298 -0.122345 0.977063
 outer loop
  vertex -67.3245 -49.7929 19.0215
  vertex -65.8926 -48.7339 19.5282
  vertex -74.7711 -37.6988 19.0215
 endloop
endfacet
facet normal -0.052241 -0.0321661 0.998116
 outer loop
  vertex -75.1862 -37.9081 19
  vertex -67.3245 -49.7929 19.0215
  vertex -74.7711 -37.6988 19.0215
 endloop
endfacet
facet normal -0.249859 -0.4908 0.834677
 outer loop
  vertex -33.1492 -73.3344 20.6441
  vertex -45.8934 -67.9015 19.5282
  vertex -33.7579 -74.6809 19.5282
 endloop
endfacet
facet normal -0.2269 -0.534451 0.814173
 outer loop
  vertex -27.9907 -76.54 19.7874
  vertex -33.1492 -73.3344 20.6441
  vertex -33.7579 -74.6809 19.5282
 endloop
endfacet
facet normal -0.16417 -0.288445 0.943318
 outer loop
  vertex -33.7579 -74.6809 19.5282
  vertex -45.8934 -67.9015 19.5282
  vertex -46.8907 -69.3771 19.0215
 endloop
endfacet
facet normal -0.27657 -0.123598 0.953013
 outer loop
  vertex -77.372 -28.295 19.3397
  vertex -74.7711 -37.6988 19.0215
  vertex -73.1809 -36.897 19.5282
 endloop
endfacet
facet normal -0.283996 -0.171752 0.943318
 outer loop
  vertex -73.1809 -36.897 19.5282
  vertex -74.7711 -37.6988 19.0215
  vertex -65.8926 -48.7339 19.5282
 endloop
endfacet
facet normal -0.0289126 0.0105734 0.999526
 outer loop
  vertex -79.08 28.9196 19
  vertex -78.6434 28.7599 19.0215
  vertex -78.1302 31.3953 19
 endloop
endfacet
facet normal -0.057478 0.0220519 0.998103
 outer loop
  vertex -78.1302 31.3953 19
  vertex -78.6434 28.7599 19.0215
  vertex -77.6988 31.222 19.0215
 endloop
endfacet
facet normal -0.0547807 0.0276198 0.998116
 outer loop
  vertex -71.7005 44.1478 19
  vertex -77.6988 31.222 19.0215
  vertex -71.3047 43.904 19.0215
 endloop
endfacet
facet normal -0.049325 0.0364805 0.998116
 outer loop
  vertex -63.2082 55.6302 19
  vertex -71.3047 43.904 19.0215
  vertex -62.8592 55.323 19.0215
 endloop
endfacet
facet normal -0.137345 0.120879 0.98312
 outer loop
  vertex -63.0372 55.8238 19
  vertex -62.8592 55.323 19.0215
  vertex -61.5223 54.1464 19.5282
 endloop
endfacet
facet normal -0.264438 0.273389 0.924841
 outer loop
  vertex -58.6535 58.6688 19.1556
  vertex -61.5223 54.1464 19.5282
  vertex -51.4866 63.7649 19.5282
 endloop
endfacet
facet normal -0.114941 0.142351 0.98312
 outer loop
  vertex -55.8238 63.0372 19
  vertex -51.4866 63.7649 19.5282
  vertex -52.6054 65.1505 19.0215
 endloop
endfacet
facet normal -0.01934 0.0239521 0.999526
 outer loop
  vertex -52.8974 65.5122 19
  vertex -52.6054 65.1505 19.0215
  vertex -41.0649 73.5096 19
 endloop
endfacet
facet normal -0.01934 0.0239521 0.999526
 outer loop
  vertex -52.8974 65.5122 19
  vertex -55.8238 63.0372 19
  vertex -52.6054 65.1505 19.0215
 endloop
endfacet
facet normal -0.172729 0.15913 0.97203
 outer loop
  vertex -58.6535 58.6688 19.1556
  vertex -63.0372 55.8238 19
  vertex -61.5223 54.1464 19.5282
 endloop
endfacet
facet normal -0.0231097 0.0203391 0.999526
 outer loop
  vertex -63.0372 55.8238 19
  vertex -63.2082 55.6302 19
  vertex -62.8592 55.323 19.0215
 endloop
endfacet
facet normal -0.0262146 0.016141 0.999526
 outer loop
  vertex -63.2082 55.6302 19
  vertex -71.7005 44.1478 19
  vertex -71.3047 43.904 19.0215
 endloop
endfacet
facet normal -0.0285654 0.0114785 0.999526
 outer loop
  vertex -71.7005 44.1478 19
  vertex -78.1302 31.3953 19
  vertex -77.6988 31.222 19.0215
 endloop
endfacet
facet normal -0.11341 0.0425062 0.992639
 outer loop
  vertex -78.6434 28.7599 19.0215
  vertex -78.2352 28.6107 19.0809
  vertex -77.6988 31.222 19.0215
 endloop
endfacet
facet normal -0.198752 0.073722 0.977273
 outer loop
  vertex -77.6988 31.222 19.0215
  vertex -78.2352 28.6107 19.0809
  vertex -77.372 28.295 19.3397
 endloop
endfacet
facet normal -0.390784 0.147896 0.908523
 outer loop
  vertex -76.0463 30.5579 19.5282
  vertex -77.372 28.295 19.3397
  vertex -76.9708 28.1483 19.5282
 endloop
endfacet
facet normal -0.446001 0.168091 0.879106
 outer loop
  vertex -76.54 27.9907 19.7874
  vertex -76.0463 30.5579 19.5282
  vertex -76.9708 28.1483 19.5282
 endloop
endfacet
facet normal -0.541025 0.211256 0.814041
 outer loop
  vertex -76.54 27.9907 19.7874
  vertex -74.6752 30.007 20.6441
  vertex -76.0463 30.5579 19.5282
 endloop
endfacet
facet normal -0.618049 0.234333 0.750402
 outer loop
  vertex -76.54 27.9907 19.7874
  vertex -75.7929 27.7175 20.4141
  vertex -74.6752 30.007 20.6441
 endloop
endfacet
facet normal -0.677736 0.256112 0.689261
 outer loop
  vertex -74.6752 30.007 20.6441
  vertex -75.7929 27.7175 20.4141
  vertex -75.583 27.6408 20.6441
 endloop
endfacet
facet normal -0.75722 0.285279 0.587566
 outer loop
  vertex -74.7293 27.3286 22.057
  vertex -74.6752 30.007 20.6441
  vertex -75.583 27.6408 20.6441
 endloop
endfacet
facet normal -0.816182 0.317422 0.482795
 outer loop
  vertex -74.7293 27.3286 22.057
  vertex -73.7708 29.6435 22.2184
  vertex -74.6752 30.007 20.6441
 endloop
endfacet
facet normal -0.868355 0.327981 0.372004
 outer loop
  vertex -74.7293 27.3286 22.057
  vertex -74.6676 27.306 22.2184
  vertex -73.7708 29.6435 22.2184
 endloop
endfacet
facet normal -0.904506 0.341331 0.255659
 outer loop
  vertex -73.7708 29.6435 22.2184
  vertex -74.6676 27.306 22.2184
  vertex -74.3509 27.1902 23.8626
 endloop
endfacet
facet normal -0.921922 0.359011 0.145501
 outer loop
  vertex -73.4579 29.5178 23.8626
  vertex -73.7708 29.6435 22.2184
  vertex -74.3509 27.1902 23.8626
 endloop
endfacet
facet normal -0.875615 0.409344 0.256391
 outer loop
  vertex -73.4579 29.5178 23.8626
  vertex -67.6999 41.6845 22.2184
  vertex -73.7708 29.6435 22.2184
 endloop
endfacet
facet normal -0.870987 0.469129 0.145948
 outer loop
  vertex -73.4579 29.5178 23.8626
  vertex -67.4128 41.5077 23.8626
  vertex -67.6999 41.6845 22.2184
 endloop
endfacet
facet normal -0.79384 0.551436 0.256391
 outer loop
  vertex -67.6999 41.6845 22.2184
  vertex -67.4128 41.5077 23.8626
  vertex -59.6814 52.5262 22.2184
 endloop
endfacet
facet normal -0.582983 0.569514 0.579469
 outer loop
  vertex -60.4131 53.1702 20.6441
  vertex -59.6814 52.5262 22.2184
  vertex -50.5583 62.6152 20.6441
 endloop
endfacet
facet normal -0.32576 0.444066 0.834677
 outer loop
  vertex -51.4866 63.7649 19.5282
  vertex -50.5583 62.6152 20.6441
  vertex -39.9696 71.549 19.5282
 endloop
endfacet
facet normal -0.130423 0.272989 0.953135
 outer loop
  vertex -40.8382 73.1037 19.0215
  vertex -39.9696 71.549 19.5282
  vertex -28.295 77.372 19.3397
 endloop
endfacet
facet normal -0.077283 0.197067 0.977339
 outer loop
  vertex -28.6107 78.2352 19.0812
  vertex -40.8382 73.1037 19.0215
  vertex -28.295 77.372 19.3397
 endloop
endfacet
facet normal -0.046043 0.111726 0.992672
 outer loop
  vertex -28.6107 78.2352 19.0812
  vertex -28.7599 78.6434 19.0216
  vertex -40.8382 73.1037 19.0215
 endloop
endfacet
facet normal -0.0255878 0.05579 0.998115
 outer loop
  vertex -40.8382 73.1037 19.0215
  vertex -28.7599 78.6434 19.0216
  vertex -28.9196 79.08 19
 endloop
endfacet
facet normal -0.0150138 0.026876 0.999526
 outer loop
  vertex -41.0649 73.5096 19
  vertex -40.8382 73.1037 19.0215
  vertex -28.9196 79.08 19
 endloop
endfacet
facet normal -0.0343543 0.0508288 0.998116
 outer loop
  vertex -41.0649 73.5096 19
  vertex -52.6054 65.1505 19.0215
  vertex -40.8382 73.1037 19.0215
 endloop
endfacet
facet normal -0.129632 0.168948 0.977063
 outer loop
  vertex -40.8382 73.1037 19.0215
  vertex -52.6054 65.1505 19.0215
  vertex -51.4866 63.7649 19.5282
 endloop
endfacet
facet normal -0.18365 0.27645 0.943318
 outer loop
  vertex -39.9696 71.549 19.5282
  vertex -40.8382 73.1037 19.0215
  vertex -51.4866 63.7649 19.5282
 endloop
endfacet
facet normal -0.779175 0.609578 0.145948
 outer loop
  vertex -67.4128 41.5077 23.8626
  vertex -59.4282 52.3034 23.8626
  vertex -59.6814 52.5262 22.2184
 endloop
endfacet
facet normal -0.689229 0.677663 0.256391
 outer loop
  vertex -59.6814 52.5262 22.2184
  vertex -59.4282 52.3034 23.8626
  vertex -49.9459 61.8568 22.2184
 endloop
endfacet
facet normal -0.478349 0.659847 0.579469
 outer loop
  vertex -50.5583 62.6152 20.6441
  vertex -49.9459 61.8568 22.2184
  vertex -39.249 70.259 20.6441
 endloop
endfacet
facet normal -0.257388 0.519544 0.814755
 outer loop
  vertex -39.9696 71.549 19.5282
  vertex -39.249 70.259 20.6441
  vertex -27.9908 76.5401 19.7876
 endloop
endfacet
facet normal -0.185284 0.438097 0.879625
 outer loop
  vertex -28.1483 76.9708 19.5283
  vertex -39.9696 71.549 19.5282
  vertex -27.9908 76.5401 19.7876
 endloop
endfacet
facet normal -0.165056 0.382809 0.908963
 outer loop
  vertex -28.1483 76.9708 19.5283
  vertex -28.295 77.372 19.3397
  vertex -39.9696 71.549 19.5282
 endloop
endfacet
facet normal -0.664948 0.732491 0.145948
 outer loop
  vertex -59.4282 52.3034 23.8626
  vertex -49.7341 61.5945 23.8626
  vertex -49.9459 61.8568 22.2184
 endloop
endfacet
facet normal -0.564789 0.784396 0.256391
 outer loop
  vertex -49.9459 61.8568 22.2184
  vertex -49.7341 61.5945 23.8626
  vertex -38.7736 69.408 22.2184
 endloop
endfacet
facet normal -0.383124 0.786849 0.483824
 outer loop
  vertex -39.249 70.259 20.6441
  vertex -38.7736 69.408 22.2184
  vertex -27.3286 74.7293 22.057
 endloop
endfacet
facet normal -0.314458 0.74479 0.588561
 outer loop
  vertex -27.6408 75.5831 20.6441
  vertex -39.249 70.259 20.6441
  vertex -27.3286 74.7293 22.057
 endloop
endfacet
facet normal -0.284821 0.665161 0.690245
 outer loop
  vertex -27.6408 75.5831 20.6441
  vertex -27.7175 75.7929 20.4141
  vertex -39.249 70.259 20.6441
 endloop
endfacet
facet normal -0.263131 0.605194 0.751334
 outer loop
  vertex -39.249 70.259 20.6441
  vertex -27.7175 75.7929 20.4141
  vertex -27.9908 76.5401 19.7876
 endloop
endfacet
facet normal -0.531592 0.834332 0.145948
 outer loop
  vertex -49.7341 61.5945 23.8626
  vertex -38.6092 69.1136 23.8626
  vertex -38.7736 69.408 22.2184
 endloop
endfacet
facet normal -0.435058 0.888505 0.14589
 outer loop
  vertex -38.7736 69.408 22.2184
  vertex -38.6092 69.1136 23.8626
  vertex -27.1902 74.3509 23.8626
 endloop
endfacet
facet normal -0.378419 0.889445 0.256295
 outer loop
  vertex -27.306 74.6676 22.2184
  vertex -38.7736 69.408 22.2184
  vertex -27.1902 74.3509 23.8626
 endloop
endfacet
facet normal -0.364532 0.853279 0.37287
 outer loop
  vertex -27.306 74.6676 22.2184
  vertex -27.3286 74.7293 22.057
  vertex -38.7736 69.408 22.2184
 endloop
endfacet
facet normal -0.440295 0.477913 0.760092
 outer loop
  vertex -50.5583 62.6152 20.6441
  vertex -51.4866 63.7649 19.5282
  vertex -60.4131 53.1702 20.6441
 endloop
endfacet
facet normal -0.396122 0.382624 0.834677
 outer loop
  vertex -60.4131 53.1702 20.6441
  vertex -51.4866 63.7649 19.5282
  vertex -61.5223 54.1464 19.5282
 endloop
endfacet
facet normal -0.455088 0.310176 0.834677
 outer loop
  vertex -68.5299 42.1955 20.6441
  vertex -61.5223 54.1464 19.5282
  vertex -69.7881 42.9703 19.5282
 endloop
endfacet
facet normal -0.500962 0.228804 0.834677
 outer loop
  vertex -74.6752 30.007 20.6441
  vertex -69.7881 42.9703 19.5282
  vertex -76.0463 30.5579 19.5282
 endloop
endfacet
facet normal -0.574356 0.303933 0.760092
 outer loop
  vertex -74.6752 30.007 20.6441
  vertex -68.5299 42.1955 20.6441
  vertex -69.7881 42.9703 19.5282
 endloop
endfacet
facet normal -0.739409 0.342767 0.579469
 outer loop
  vertex -74.6752 30.007 20.6441
  vertex -73.7708 29.6435 22.2184
  vertex -68.5299 42.1955 20.6441
 endloop
endfacet
facet normal -0.776557 0.415348 0.473756
 outer loop
  vertex -68.5299 42.1955 20.6441
  vertex -73.7708 29.6435 22.2184
  vertex -67.6999 41.6845 22.2184
 endloop
endfacet
facet normal -0.695193 0.540613 0.473756
 outer loop
  vertex -60.4131 53.1702 20.6441
  vertex -67.6999 41.6845 22.2184
  vertex -59.6814 52.5262 22.2184
 endloop
endfacet
facet normal -0.670846 0.462798 0.579469
 outer loop
  vertex -60.4131 53.1702 20.6441
  vertex -68.5299 42.1955 20.6441
  vertex -67.6999 41.6845 22.2184
 endloop
endfacet
facet normal -0.51473 0.396628 0.760092
 outer loop
  vertex -60.4131 53.1702 20.6441
  vertex -61.5223 54.1464 19.5282
  vertex -68.5299 42.1955 20.6441
 endloop
endfacet
facet normal -0.265256 0.199478 0.943318
 outer loop
  vertex -61.5223 54.1464 19.5282
  vertex -62.8592 55.323 19.0215
  vertex -69.7881 42.9703 19.5282
 endloop
endfacet
facet normal -0.178511 0.116112 0.977063
 outer loop
  vertex -69.7881 42.9703 19.5282
  vertex -62.8592 55.323 19.0215
  vertex -71.3047 43.904 19.0215
 endloop
endfacet
facet normal -0.195566 0.0842731 0.977063
 outer loop
  vertex -76.0463 30.5579 19.5282
  vertex -71.3047 43.904 19.0215
  vertex -77.6988 31.222 19.0215
 endloop
endfacet
facet normal -0.28288 0.109537 0.95288
 outer loop
  vertex -77.372 28.295 19.3397
  vertex -76.0463 30.5579 19.5282
  vertex -77.6988 31.222 19.0215
 endloop
endfacet
facet normal -0.593829 0.650324 0.473756
 outer loop
  vertex -49.9459 61.8568 22.2184
  vertex -50.5583 62.6152 20.6441
  vertex -59.6814 52.5262 22.2184
 endloop
endfacet
facet normal -0.295152 0.15178 0.943318
 outer loop
  vertex -69.7881 42.9703 19.5282
  vertex -71.3047 43.904 19.0215
  vertex -76.0463 30.5579 19.5282
 endloop
endfacet
facet normal -0.475382 0.741328 0.473756
 outer loop
  vertex -38.7736 69.408 22.2184
  vertex -39.249 70.259 20.6441
  vertex -49.9459 61.8568 22.2184
 endloop
endfacet
facet normal -0.353194 0.545448 0.760092
 outer loop
  vertex -39.249 70.259 20.6441
  vertex -39.9696 71.549 19.5282
  vertex -50.5583 62.6152 20.6441
 endloop
endfacet
facet normal -0.154213 0.176891 0.972074
 outer loop
  vertex -51.4866 63.7649 19.5282
  vertex -55.8238 63.0372 19
  vertex -58.6535 58.6688 19.1556
 endloop
endfacet
facet normal 0.0105734 0.0289126 0.999526
 outer loop
  vertex 28.9196 79.08 19
  vertex 28.7599 78.6434 19.0215
  vertex 41.0649 73.5096 19
 endloop
endfacet
facet normal 0.0255875 0.0557893 0.998115
 outer loop
  vertex 41.0649 73.5096 19
  vertex 28.7599 78.6434 19.0215
  vertex 40.8382 73.1037 19.0215
 endloop
endfacet
facet normal 0.0343543 0.0508288 0.998116
 outer loop
  vertex 52.8974 65.5122 19
  vertex 40.8382 73.1037 19.0215
  vertex 52.6054 65.1505 19.0215
 endloop
endfacet
facet normal 0.114941 0.142351 0.98312
 outer loop
  vertex 55.8238 63.0372 19
  vertex 52.6054 65.1505 19.0215
  vertex 51.4866 63.7649 19.5282
 endloop
endfacet
facet normal 0.264453 0.273374 0.924841
 outer loop
  vertex 58.6688 58.6535 19.1556
  vertex 51.4866 63.7649 19.5282
  vertex 61.5223 54.1464 19.5282
 endloop
endfacet
facet normal 0.137345 0.120879 0.98312
 outer loop
  vertex 63.0372 55.8238 19
  vertex 61.5223 54.1464 19.5282
  vertex 62.8592 55.323 19.0215
 endloop
endfacet
facet normal 0.0231097 0.0203391 0.999526
 outer loop
  vertex 63.2082 55.6302 19
  vertex 62.8592 55.323 19.0215
  vertex 71.7005 44.1478 19
 endloop
endfacet
facet normal 0.0231097 0.0203391 0.999526
 outer loop
  vertex 63.2082 55.6302 19
  vertex 63.0372 55.8238 19
  vertex 62.8592 55.323 19.0215
 endloop
endfacet
facet normal 0.154228 0.176876 0.972074
 outer loop
  vertex 58.6688 58.6535 19.1556
  vertex 55.8238 63.0372 19
  vertex 51.4866 63.7649 19.5282
 endloop
endfacet
facet normal 0.01934 0.0239521 0.999526
 outer loop
  vertex 55.8238 63.0372 19
  vertex 52.8974 65.5122 19
  vertex 52.6054 65.1505 19.0215
 endloop
endfacet
facet normal 0.0150138 0.026876 0.999526
 outer loop
  vertex 52.8974 65.5122 19
  vertex 41.0649 73.5096 19
  vertex 40.8382 73.1037 19.0215
 endloop
endfacet
facet normal 0.0460427 0.111725 0.992672
 outer loop
  vertex 28.7599 78.6434 19.0215
  vertex 28.6107 78.2352 19.0809
  vertex 40.8382 73.1037 19.0215
 endloop
endfacet
facet normal 0.077283 0.197067 0.977339
 outer loop
  vertex 40.8382 73.1037 19.0215
  vertex 28.6107 78.2352 19.0809
  vertex 28.295 77.372 19.3397
 endloop
endfacet
facet normal 0.165056 0.382809 0.908963
 outer loop
  vertex 39.9696 71.549 19.5282
  vertex 28.295 77.372 19.3397
  vertex 28.1483 76.9708 19.5282
 endloop
endfacet
facet normal 0.185284 0.438097 0.879626
 outer loop
  vertex 27.9907 76.54 19.7874
  vertex 39.9696 71.549 19.5282
  vertex 28.1483 76.9708 19.5282
 endloop
endfacet
facet normal 0.257388 0.519544 0.814755
 outer loop
  vertex 27.9907 76.54 19.7874
  vertex 39.249 70.259 20.6441
  vertex 39.9696 71.549 19.5282
 endloop
endfacet
facet normal 0.263131 0.605194 0.751334
 outer loop
  vertex 27.9907 76.54 19.7874
  vertex 27.7175 75.7929 20.4141
  vertex 39.249 70.259 20.6441
 endloop
endfacet
facet normal 0.284821 0.66516 0.690245
 outer loop
  vertex 39.249 70.259 20.6441
  vertex 27.7175 75.7929 20.4141
  vertex 27.6408 75.583 20.6441
 endloop
endfacet
facet normal 0.314458 0.74479 0.588561
 outer loop
  vertex 27.3286 74.7293 22.057
  vertex 39.249 70.259 20.6441
  vertex 27.6408 75.583 20.6441
 endloop
endfacet
facet normal 0.383124 0.786849 0.483824
 outer loop
  vertex 27.3286 74.7293 22.057
  vertex 38.7736 69.408 22.2184
  vertex 39.249 70.259 20.6441
 endloop
endfacet
facet normal 0.364532 0.853278 0.372871
 outer loop
  vertex 27.3286 74.7293 22.057
  vertex 27.306 74.6676 22.2184
  vertex 38.7736 69.408 22.2184
 endloop
endfacet
facet normal 0.378419 0.889445 0.256296
 outer loop
  vertex 38.7736 69.408 22.2184
  vertex 27.306 74.6676 22.2184
  vertex 27.1902 74.3509 23.8626
 endloop
endfacet
facet normal 0.435058 0.888505 0.14589
 outer loop
  vertex 38.6092 69.1136 23.8626
  vertex 38.7736 69.408 22.2184
  vertex 27.1902 74.3509 23.8626
 endloop
endfacet
facet normal 0.517247 0.816529 0.256391
 outer loop
  vertex 38.6092 69.1136 23.8626
  vertex 49.9459 61.8568 22.2184
  vertex 38.7736 69.408 22.2184
 endloop
endfacet
facet normal 0.57596 0.804344 0.145948
 outer loop
  vertex 38.6092 69.1136 23.8626
  vertex 49.7341 61.5945 23.8626
  vertex 49.9459 61.8568 22.2184
 endloop
endfacet
facet normal 0.647801 0.717368 0.256391
 outer loop
  vertex 49.9459 61.8568 22.2184
  vertex 49.7341 61.5945 23.8626
  vertex 59.6814 52.5262 22.2184
 endloop
endfacet
facet normal 0.638951 0.505923 0.579469
 outer loop
  vertex 60.4131 53.1702 20.6441
  vertex 59.6814 52.5262 22.2184
  vertex 68.5299 42.1955 20.6441
 endloop
endfacet
facet normal 0.481846 0.266718 0.834677
 outer loop
  vertex 69.7881 42.9703 19.5282
  vertex 68.5299 42.1955 20.6441
  vertex 76.0463 30.5579 19.5282
 endloop
endfacet
facet normal 0.282879 0.109537 0.95288
 outer loop
  vertex 77.6988 31.222 19.0215
  vertex 76.0463 30.5579 19.5282
  vertex 77.372 28.295 19.3397
 endloop
endfacet
facet normal 0.198753 0.0737221 0.977273
 outer loop
  vertex 78.2352 28.6107 19.0812
  vertex 77.6988 31.222 19.0215
  vertex 77.372 28.295 19.3397
 endloop
endfacet
facet normal 0.113411 0.0425065 0.992638
 outer loop
  vertex 78.2352 28.6107 19.0812
  vertex 78.6434 28.7599 19.0216
  vertex 77.6988 31.222 19.0215
 endloop
endfacet
facet normal 0.0574788 0.0220522 0.998103
 outer loop
  vertex 77.6988 31.222 19.0215
  vertex 78.6434 28.7599 19.0216
  vertex 78.1302 31.3953 19
 endloop
endfacet
facet normal 0.0262146 0.016141 0.999526
 outer loop
  vertex 71.3047 43.904 19.0215
  vertex 78.1302 31.3953 19
  vertex 71.7005 44.1478 19
 endloop
endfacet
facet normal 0.049325 0.0364805 0.998116
 outer loop
  vertex 62.8592 55.323 19.0215
  vertex 71.3047 43.904 19.0215
  vertex 71.7005 44.1478 19
 endloop
endfacet
facet normal 0.163294 0.136686 0.977063
 outer loop
  vertex 62.8592 55.323 19.0215
  vertex 61.5223 54.1464 19.5282
  vertex 71.3047 43.904 19.0215
 endloop
endfacet
facet normal 0.268407 0.195217 0.943318
 outer loop
  vertex 71.3047 43.904 19.0215
  vertex 61.5223 54.1464 19.5282
  vertex 69.7881 42.9703 19.5282
 endloop
endfacet
facet normal 0.297538 0.147048 0.943318
 outer loop
  vertex 77.6988 31.222 19.0215
  vertex 69.7881 42.9703 19.5282
  vertex 76.0463 30.5579 19.5282
 endloop
endfacet
facet normal 0.184045 0.107123 0.977063
 outer loop
  vertex 77.6988 31.222 19.0215
  vertex 71.3047 43.904 19.0215
  vertex 69.7881 42.9703 19.5282
 endloop
endfacet
facet normal 0.0547807 0.0276198 0.998116
 outer loop
  vertex 77.6988 31.222 19.0215
  vertex 78.1302 31.3953 19
  vertex 71.3047 43.904 19.0215
 endloop
endfacet
facet normal 0.70361 0.695437 0.145948
 outer loop
  vertex 49.7341 61.5945 23.8626
  vertex 59.4282 52.3034 23.8626
  vertex 59.6814 52.5262 22.2184
 endloop
endfacet
facet normal 0.759719 0.597571 0.256391
 outer loop
  vertex 59.6814 52.5262 22.2184
  vertex 59.4282 52.3034 23.8626
  vertex 67.6999 41.6845 22.2184
 endloop
endfacet
facet normal 0.715261 0.390662 0.579469
 outer loop
  vertex 68.5299 42.1955 20.6441
  vertex 67.6999 41.6845 22.2184
  vertex 74.6752 30.007 20.6441
 endloop
endfacet
facet normal 0.541025 0.211256 0.814041
 outer loop
  vertex 76.0463 30.5579 19.5282
  vertex 74.6752 30.007 20.6441
  vertex 76.5401 27.9908 19.7876
 endloop
endfacet
facet normal 0.446002 0.168091 0.879106
 outer loop
  vertex 76.9708 28.1483 19.5283
  vertex 76.0463 30.5579 19.5282
  vertex 76.5401 27.9908 19.7876
 endloop
endfacet
facet normal 0.390785 0.147897 0.908523
 outer loop
  vertex 76.9708 28.1483 19.5283
  vertex 77.372 28.295 19.3397
  vertex 76.0463 30.5579 19.5282
 endloop
endfacet
facet normal 0.811019 0.566523 0.145948
 outer loop
  vertex 59.4282 52.3034 23.8626
  vertex 67.4128 41.5077 23.8626
  vertex 67.6999 41.6845 22.2184
 endloop
endfacet
facet normal 0.849781 0.460582 0.256391
 outer loop
  vertex 67.6999 41.6845 22.2184
  vertex 67.4128 41.5077 23.8626
  vertex 73.7708 29.6435 22.2184
 endloop
endfacet
facet normal 0.816182 0.317422 0.482795
 outer loop
  vertex 74.6752 30.007 20.6441
  vertex 73.7708 29.6435 22.2184
  vertex 74.7293 27.3286 22.057
 endloop
endfacet
facet normal 0.75722 0.285279 0.587566
 outer loop
  vertex 75.5831 27.6408 20.6441
  vertex 74.6752 30.007 20.6441
  vertex 74.7293 27.3286 22.057
 endloop
endfacet
facet normal 0.677737 0.256112 0.68926
 outer loop
  vertex 75.5831 27.6408 20.6441
  vertex 75.7929 27.7175 20.4141
  vertex 74.6752 30.007 20.6441
 endloop
endfacet
facet normal 0.618049 0.234333 0.750402
 outer loop
  vertex 74.6752 30.007 20.6441
  vertex 75.7929 27.7175 20.4141
  vertex 76.5401 27.9908 19.7876
 endloop
endfacet
facet normal 0.895096 0.421311 0.145948
 outer loop
  vertex 67.4128 41.5077 23.8626
  vertex 73.4579 29.5178 23.8626
  vertex 73.7708 29.6435 22.2184
 endloop
endfacet
facet normal 0.900701 0.35125 0.255658
 outer loop
  vertex 73.7708 29.6435 22.2184
  vertex 73.4579 29.5178 23.8626
  vertex 74.6676 27.306 22.2184
 endloop
endfacet
facet normal 0.868356 0.327982 0.372004
 outer loop
  vertex 74.7293 27.3286 22.057
  vertex 73.7708 29.6435 22.2184
  vertex 74.6676 27.306 22.2184
 endloop
endfacet
facet normal 0.925473 0.349756 0.145501
 outer loop
  vertex 73.4579 29.5178 23.8626
  vertex 74.3509 27.1902 23.8626
  vertex 74.6676 27.306 22.2184
 endloop
endfacet
facet normal 0.0289134 0.0105736 0.999526
 outer loop
  vertex 78.6434 28.7599 19.0216
  vertex 79.08 28.9196 19
  vertex 78.1302 31.3953 19
 endloop
endfacet
facet normal 0.290582 0.467842 0.834677
 outer loop
  vertex 39.9696 71.549 19.5282
  vertex 39.249 70.259 20.6441
  vertex 51.4866 63.7649 19.5282
 endloop
endfacet
facet normal 0.18804 0.273483 0.943318
 outer loop
  vertex 52.6054 65.1505 19.0215
  vertex 39.9696 71.549 19.5282
  vertex 51.4866 63.7649 19.5282
 endloop
endfacet
facet normal 0.108431 0.183278 0.977063
 outer loop
  vertex 52.6054 65.1505 19.0215
  vertex 40.8382 73.1037 19.0215
  vertex 39.9696 71.549 19.5282
 endloop
endfacet
facet normal 0.130423 0.272989 0.953135
 outer loop
  vertex 39.9696 71.549 19.5282
  vertex 40.8382 73.1037 19.0215
  vertex 28.295 77.372 19.3397
 endloop
endfacet
facet normal 0.624536 0.620895 0.473756
 outer loop
  vertex 59.6814 52.5262 22.2184
  vertex 60.4131 53.1702 20.6441
  vertex 49.9459 61.8568 22.2184
 endloop
endfacet
facet normal 0.544259 0.606629 0.579469
 outer loop
  vertex 49.9459 61.8568 22.2184
  vertex 60.4131 53.1702 20.6441
  vertex 50.5583 62.6152 20.6441
 endloop
endfacet
facet normal 0.433909 0.689883 0.579469
 outer loop
  vertex 38.7736 69.408 22.2184
  vertex 50.5583 62.6152 20.6441
  vertex 39.249 70.259 20.6441
 endloop
endfacet
facet normal 0.510621 0.717511 0.473756
 outer loop
  vertex 38.7736 69.408 22.2184
  vertex 49.9459 61.8568 22.2184
  vertex 50.5583 62.6152 20.6441
 endloop
endfacet
facet normal 0.365468 0.412004 0.834677
 outer loop
  vertex 61.5223 54.1464 19.5282
  vertex 51.4866 63.7649 19.5282
  vertex 50.5583 62.6152 20.6441
 endloop
endfacet
facet normal 0.458795 0.460182 0.760092
 outer loop
  vertex 60.4131 53.1702 20.6441
  vertex 61.5223 54.1464 19.5282
  vertex 50.5583 62.6152 20.6441
 endloop
endfacet
facet normal 0.42984 0.344314 0.834677
 outer loop
  vertex 60.4131 53.1702 20.6441
  vertex 69.7881 42.9703 19.5282
  vertex 61.5223 54.1464 19.5282
 endloop
endfacet
facet normal 0.529967 0.376026 0.760092
 outer loop
  vertex 60.4131 53.1702 20.6441
  vertex 68.5299 42.1955 20.6441
  vertex 69.7881 42.9703 19.5282
 endloop
endfacet
facet normal 0.374425 0.531099 0.760092
 outer loop
  vertex 39.249 70.259 20.6441
  vertex 50.5583 62.6152 20.6441
  vertex 51.4866 63.7649 19.5282
 endloop
endfacet
facet normal 0.720484 0.506417 0.473756
 outer loop
  vertex 67.6999 41.6845 22.2184
  vertex 68.5299 42.1955 20.6441
  vertex 59.6814 52.5262 22.2184
 endloop
endfacet
facet normal 0.795705 0.37737 0.473756
 outer loop
  vertex 73.7708 29.6435 22.2184
  vertex 74.6752 30.007 20.6441
  vertex 67.6999 41.6845 22.2184
 endloop
endfacet
facet normal 0.585893 0.281052 0.760092
 outer loop
  vertex 74.6752 30.007 20.6441
  vertex 76.0463 30.5579 19.5282
  vertex 68.5299 42.1955 20.6441
 endloop
endfacet
facet normal 0.172744 0.159115 0.97203
 outer loop
  vertex 61.5223 54.1464 19.5282
  vertex 63.0372 55.8238 19
  vertex 58.6688 58.6535 19.1556
 endloop
endfacet
facet normal 0.0302331 0.00580483 0.999526
 outer loop
  vertex 78.0044 14.977 44
  vertex 77.9138 14.9596 44.0043
  vertex 79.3492 3.56358 44
 endloop
endfacet
facet normal 0.060988 0.00718608 0.998113
 outer loop
  vertex 79.3492 3.56358 44
  vertex 77.9138 14.9596 44.0043
  vertex 79.257 3.55944 44.0043
 endloop
endfacet
facet normal 0.061262 -0.00275128 0.998118
 outer loop
  vertex 78.7103 -10.662 44
  vertex 79.257 3.55944 44.0043
  vertex 78.6189 -10.6497 44.0043
 endloop
endfacet
facet normal 0.0607399 -0.00993726 0.998104
 outer loop
  vertex 78.0044 -14.977 44
  vertex 78.6189 -10.6497 44.0043
  vertex 77.9138 -14.9596 44.0043
 endloop
endfacet
facet normal 0.0305067 -0.00413241 0.999526
 outer loop
  vertex 78.0044 -14.977 44
  vertex 78.7103 -10.662 44
  vertex 78.6189 -10.6497 44.0043
 endloop
endfacet
facet normal 0.119452 0.0184117 0.992669
 outer loop
  vertex 77.9138 14.9596 44.0043
  vertex 77.8291 14.9434 44.0161
  vertex 79.257 3.55944 44.0043
 endloop
endfacet
facet normal 0.208713 0.0355233 0.977332
 outer loop
  vertex 79.257 3.55944 44.0043
  vertex 77.8291 14.9434 44.0161
  vertex 77.6499 14.909 44.0674
 endloop
endfacet
facet normal 0.413076 0.0574486 0.908883
 outer loop
  vertex 78.9039 3.54358 44.1048
  vertex 77.6499 14.909 44.0674
  vertex 77.5666 14.893 44.1048
 endloop
endfacet
facet normal 0.470893 0.0685419 0.879524
 outer loop
  vertex 77.4772 14.8758 44.1563
  vertex 78.9039 3.54358 44.1048
  vertex 77.5666 14.893 44.1048
 endloop
endfacet
facet normal 0.577653 0.0521272 0.814616
 outer loop
  vertex 77.4772 14.8758 44.1563
  vertex 78.6109 3.53042 44.3263
  vertex 78.9039 3.54358 44.1048
 endloop
endfacet
facet normal 0.654083 0.0891168 0.751155
 outer loop
  vertex 77.4772 14.8758 44.1563
  vertex 77.3222 14.8461 44.2807
  vertex 78.6109 3.53042 44.3263
 endloop
endfacet
facet normal 0.716612 0.101332 0.690072
 outer loop
  vertex 78.6109 3.53042 44.3263
  vertex 77.3222 14.8461 44.2807
  vertex 77.2786 14.8377 44.3263
 endloop
endfacet
facet normal 0.800079 0.11691 0.588392
 outer loop
  vertex 77.1015 14.8037 44.6067
  vertex 78.6109 3.53042 44.3263
  vertex 77.2786 14.8377 44.3263
 endloop
endfacet
facet normal 0.871212 0.0841012 0.483649
 outer loop
  vertex 77.1015 14.8037 44.6067
  vertex 78.4177 3.52174 44.6388
  vertex 78.6109 3.53042 44.3263
 endloop
endfacet
facet normal 0.918702 0.130621 0.372725
 outer loop
  vertex 77.1015 14.8037 44.6067
  vertex 77.0886 14.8012 44.6388
  vertex 78.4177 3.52174 44.6388
 endloop
endfacet
facet normal 0.956818 0.137364 0.256184
 outer loop
  vertex 78.4177 3.52174 44.6388
  vertex 77.0886 14.8012 44.6388
  vertex 77.0229 14.7886 44.9651
 endloop
endfacet
facet normal 0.984923 0.0930721 0.145821
 outer loop
  vertex 78.3508 3.51874 44.9651
  vertex 78.4177 3.52174 44.6388
  vertex 77.0229 14.7886 44.9651
 endloop
endfacet
facet normal 0.966462 -0.0130363 0.25648
 outer loop
  vertex 78.3508 3.51874 44.9651
  vertex 77.7863 -10.5369 44.6388
  vertex 78.4177 3.52174 44.6388
 endloop
endfacet
facet normal 0.986613 -0.0726497 0.146002
 outer loop
  vertex 78.3508 3.51874 44.9651
  vertex 77.72 -10.5279 44.9651
  vertex 77.7863 -10.5369 44.6388
 endloop
endfacet
facet normal 0.955524 -0.146917 0.255712
 outer loop
  vertex 77.7863 -10.5369 44.6388
  vertex 77.72 -10.5279 44.9651
  vertex 77.0886 -14.8012 44.6388
 endloop
endfacet
facet normal 0.914621 -0.158186 0.372084
 outer loop
  vertex 77.1015 -14.8037 44.6067
  vertex 77.7863 -10.5369 44.6388
  vertex 77.0886 -14.8012 44.6388
 endloop
endfacet
facet normal 0.865295 -0.134474 0.482888
 outer loop
  vertex 77.1015 -14.8037 44.6067
  vertex 77.978 -10.5628 44.3263
  vertex 77.7863 -10.5369 44.6388
 endloop
endfacet
facet normal 0.797071 -0.13906 0.587656
 outer loop
  vertex 77.1015 -14.8037 44.6067
  vertex 77.2786 -14.8377 44.3263
  vertex 77.978 -10.5628 44.3263
 endloop
endfacet
facet normal 0.713872 -0.123254 0.689344
 outer loop
  vertex 77.978 -10.5628 44.3263
  vertex 77.2786 -14.8377 44.3263
  vertex 77.3222 -14.8461 44.2807
 endloop
endfacet
facet normal 0.651488 -0.111194 0.750466
 outer loop
  vertex 77.4772 -14.8758 44.1563
  vertex 77.978 -10.5628 44.3263
  vertex 77.3222 -14.8461 44.2807
 endloop
endfacet
facet normal 0.574063 -0.0878211 0.814088
 outer loop
  vertex 77.4772 -14.8758 44.1563
  vertex 78.2686 -10.6022 44.1048
  vertex 77.978 -10.5628 44.3263
 endloop
endfacet
facet normal 0.469491 -0.0818075 0.879139
 outer loop
  vertex 77.4772 -14.8758 44.1563
  vertex 77.5666 -14.893 44.1048
  vertex 78.2686 -10.6022 44.1048
 endloop
endfacet
facet normal 0.411731 -0.0707199 0.908557
 outer loop
  vertex 78.2686 -10.6022 44.1048
  vertex 77.5666 -14.893 44.1048
  vertex 77.6499 -14.909 44.0674
 endloop
endfacet
facet normal 0.208453 -0.0382887 0.977283
 outer loop
  vertex 78.6189 -10.6497 44.0043
  vertex 77.6499 -14.909 44.0674
  vertex 77.8291 -14.9434 44.0161
 endloop
endfacet
facet normal 0.119201 -0.0211622 0.992645
 outer loop
  vertex 77.9138 -14.9596 44.0043
  vertex 78.6189 -10.6497 44.0043
  vertex 77.8291 -14.9434 44.0161
 endloop
endfacet
facet normal 0.974936 -0.168284 0.145534
 outer loop
  vertex 77.72 -10.5279 44.9651
  vertex 77.0229 -14.7886 44.9651
  vertex 77.0886 -14.8012 44.6388
 endloop
endfacet
facet normal 0.0307543 0.00138118 0.999526
 outer loop
  vertex 78.7103 -10.662 44
  vertex 79.3492 3.56358 44
  vertex 79.257 3.55944 44.0043
 endloop
endfacet
facet normal 0.878397 -0.0619565 0.4739
 outer loop
  vertex 77.7863 -10.5369 44.6388
  vertex 77.978 -10.5628 44.3263
  vertex 78.4177 3.52174 44.6388
 endloop
endfacet
facet normal 0.814854 -0.0082122 0.579608
 outer loop
  vertex 78.4177 3.52174 44.6388
  vertex 77.978 -10.5628 44.3263
  vertex 78.6109 3.53042 44.3263
 endloop
endfacet
facet normal 0.648262 -0.042672 0.760221
 outer loop
  vertex 78.6109 3.53042 44.3263
  vertex 77.978 -10.5628 44.3263
  vertex 78.2686 -10.6022 44.1048
 endloop
endfacet
facet normal 0.331296 -0.0176819 0.943361
 outer loop
  vertex 78.9039 3.54358 44.1048
  vertex 78.2686 -10.6022 44.1048
  vertex 78.6189 -10.6497 44.0043
 endloop
endfacet
facet normal 0.212871 0.00397787 0.977072
 outer loop
  vertex 79.257 3.55944 44.0043
  vertex 78.9039 3.54358 44.1048
  vertex 78.6189 -10.6497 44.0043
 endloop
endfacet
facet normal 0.301088 0.0311233 0.953088
 outer loop
  vertex 79.257 3.55944 44.0043
  vertex 77.6499 14.909 44.0674
  vertex 78.9039 3.54358 44.1048
 endloop
endfacet
facet normal 0.550606 -0.00226286 0.834762
 outer loop
  vertex 78.9039 3.54358 44.1048
  vertex 78.6109 3.53042 44.3263
  vertex 78.2686 -10.6022 44.1048
 endloop
endfacet
facet normal 0.299568 -0.047344 0.9529
 outer loop
  vertex 78.6189 -10.6497 44.0043
  vertex 78.2686 -10.6022 44.1048
  vertex 77.6499 -14.909 44.0674
 endloop
endfacet
facet normal -0.0307853 -2.67382E-16 -0.999526
 outer loop
  vertex -61.1436 -7.93202E-15 4
  vertex -60.2209 -7.8285E-15 3.95734
  vertex -60.0387 -11.5715 4
 endloop
endfacet
facet normal -0.0610154 -0.00582626 -0.99812
 outer loop
  vertex -60.0387 -11.5715 4
  vertex -60.2209 -7.8285E-15 3.95734
  vertex -59.1326 -11.3969 3.95734
 endloop
endfacet
facet normal -0.0588101 -0.0172682 -0.99812
 outer loop
  vertex -56.7638 -22.7248 4
  vertex -59.1326 -11.3969 3.95734
  vertex -55.9072 -22.3819 3.95734
 endloop
endfacet
facet normal -0.0544793 -0.028086 -0.99812
 outer loop
  vertex -51.4373 -33.0567 4
  vertex -55.9072 -22.3819 3.95734
  vertex -50.6611 -32.5579 3.95734
 endloop
endfacet
facet normal -0.0481795 -0.0378888 -0.99812
 outer loop
  vertex -44.2517 -42.1939 4
  vertex -50.6611 -32.5579 3.95734
  vertex -43.5839 -41.5572 3.95734
 endloop
endfacet
facet normal -0.0401383 -0.0463221 -0.99812
 outer loop
  vertex -35.4668 -49.8061 4
  vertex -43.5839 -41.5572 3.95734
  vertex -34.9316 -49.0545 3.95734
 endloop
endfacet
facet normal -0.0306464 -0.0530812 -0.99812
 outer loop
  vertex -25.4 -55.6182 4
  vertex -34.9316 -49.0545 3.95734
  vertex -25.0167 -54.7789 3.95734
 endloop
endfacet
facet normal -0.0200469 -0.0579218 -0.99812
 outer loop
  vertex -14.4151 -59.4201 4
  vertex -25.0167 -54.7789 3.95734
  vertex -14.1976 -58.5234 3.95734
 endloop
endfacet
facet normal -0.00872289 -0.060669 -0.99812
 outer loop
  vertex -2.90933 -61.0743 4
  vertex -14.1976 -58.5234 3.95734
  vertex -2.86543 -60.1527 3.95734
 endloop
endfacet
facet normal 0.00291643 -0.0612235 -0.99812
 outer loop
  vertex 8.70164 -60.5212 4
  vertex -2.86543 -60.1527 3.95734
  vertex 8.57033 -59.6079 3.95734
 endloop
endfacet
facet normal 0.0144503 -0.0595651 -0.99812
 outer loop
  vertex 19.9981 -57.7807 4
  vertex 8.57033 -59.6079 3.95734
  vertex 19.6963 -56.9088 3.95734
 endloop
endfacet
facet normal 0.025462 -0.055754 -0.99812
 outer loop
  vertex 30.5718 -52.9519 4
  vertex 19.6963 -56.9088 3.95734
  vertex 30.1105 -52.1528 3.95734
 endloop
endfacet
facet normal 0.0355534 -0.0499277 -0.99812
 outer loop
  vertex 40.0405 -46.2092 4
  vertex 30.1105 -52.1528 3.95734
  vertex 39.4363 -45.5119 3.95734
 endloop
endfacet
facet normal 0.0443597 -0.0422969 -0.99812
 outer loop
  vertex 48.0621 -37.7965 4
  vertex 39.4363 -45.5119 3.95734
  vertex 47.3368 -37.2261 3.95734
 endloop
endfacet
facet normal 0.0515629 -0.0331374 -0.99812
 outer loop
  vertex 54.3466 -28.0176 4
  vertex 47.3368 -37.2261 3.95734
  vertex 53.5265 -27.5948 3.95734
 endloop
endfacet
facet normal 0.0569024 -0.0227803 -0.99812
 outer loop
  vertex 58.6668 -17.2261 4
  vertex 53.5265 -27.5948 3.95734
  vertex 57.7815 -16.9662 3.95734
 endloop
endfacet
facet normal 0.0601852 -0.0115998 -0.99812
 outer loop
  vertex 60.8667 -5.81207 4
  vertex 57.7815 -16.9662 3.95734
  vertex 59.9482 -5.72436 3.95734
 endloop
endfacet
facet normal 0.0614315 -0.00292634 -0.998107
 outer loop
  vertex 61.1436 -4.44089E-16 4
  vertex 59.9482 -5.72436 3.95734
  vertex 60.2209 -4.53561E-16 3.95734
 endloop
endfacet
facet normal 0.0306459 -0.00292633 -0.999526
 outer loop
  vertex 61.1436 -4.44089E-16 4
  vertex 60.8667 -5.81207 4
  vertex 59.9482 -5.72436 3.95734
 endloop
endfacet
facet normal -0.212775 -0.0059106 -0.977083
 outer loop
  vertex -60.2209 -7.8285E-15 3.95734
  vertex -56.6862 -7.61893E-15 2.95163
  vertex -59.1326 -11.3969 3.95734
 endloop
endfacet
facet normal -0.329823 -0.0344777 -0.943413
 outer loop
  vertex -59.1326 -11.3969 3.95734
  vertex -56.6862 -7.61893E-15 2.95163
  vertex -55.6618 -10.7279 2.95163
 endloop
endfacet
facet normal -0.317337 -0.0962739 -0.943413
 outer loop
  vertex -55.9072 -22.3819 3.95734
  vertex -55.6618 -10.7279 2.95163
  vertex -52.6257 -21.0681 2.95163
 endloop
endfacet
facet normal -0.293383 -0.154591 -0.943413
 outer loop
  vertex -50.6611 -32.5579 3.95734
  vertex -52.6257 -21.0681 2.95163
  vertex -47.6875 -30.6469 2.95163
 endloop
endfacet
facet normal -0.258824 -0.20732 -0.943413
 outer loop
  vertex -43.5839 -41.5572 3.95734
  vertex -47.6875 -30.6469 2.95163
  vertex -41.0257 -39.118 2.95163
 endloop
endfacet
facet normal -0.214912 -0.252556 -0.943413
 outer loop
  vertex -34.9316 -49.0545 3.95734
  vertex -41.0257 -39.118 2.95163
  vertex -32.8812 -46.1752 2.95163
 endloop
endfacet
facet normal -0.163231 -0.288665 -0.943413
 outer loop
  vertex -25.0167 -54.7789 3.95734
  vertex -32.8812 -46.1752 2.95163
  vertex -23.5483 -51.5636 2.95163
 endloop
endfacet
facet normal -0.105651 -0.31434 -0.943413
 outer loop
  vertex -14.1976 -58.5234 3.95734
  vertex -23.5483 -51.5636 2.95163
  vertex -13.3643 -55.0883 2.95163
 endloop
endfacet
facet normal -0.0442528 -0.328654 -0.943413
 outer loop
  vertex -2.86543 -60.1527 3.95734
  vertex -13.3643 -55.0883 2.95163
  vertex -2.69724 -56.622 2.95163
 endloop
endfacet
facet normal 0.018745 -0.331089 -0.943413
 outer loop
  vertex 8.57033 -59.6079 3.95734
  vertex -2.69724 -56.622 2.95163
  vertex 8.06729 -56.1092 2.95163
 endloop
endfacet
facet normal 0.0810654 -0.321559 -0.943413
 outer loop
  vertex 19.6963 -56.9088 3.95734
  vertex 8.06729 -56.1092 2.95163
  vertex 18.5402 -53.5685 2.95163
 endloop
endfacet
facet normal 0.140456 -0.300406 -0.943413
 outer loop
  vertex 30.1105 -52.1528 3.95734
  vertex 18.5402 -53.5685 2.95163
  vertex 28.3431 -49.0917 2.95163
 endloop
endfacet
facet normal 0.19477 -0.268396 -0.943413
 outer loop
  vertex 39.4363 -45.5119 3.95734
  vertex 28.3431 -49.0917 2.95163
  vertex 37.1216 -42.8406 2.95163
 endloop
endfacet
facet normal 0.242044 -0.226685 -0.943413
 outer loop
  vertex 47.3368 -37.2261 3.95734
  vertex 37.1216 -42.8406 2.95163
  vertex 44.5584 -35.0411 2.95163
 endloop
endfacet
facet normal 0.280571 -0.176782 -0.943413
 outer loop
  vertex 53.5265 -27.5948 3.95734
  vertex 44.5584 -35.0411 2.95163
  vertex 50.3847 -25.9751 2.95163
 endloop
endfacet
facet normal 0.308957 -0.120488 -0.943413
 outer loop
  vertex 57.7815 -16.9662 3.95734
  vertex 50.3847 -25.9751 2.95163
  vertex 54.39 -15.9704 2.95163
 endloop
endfacet
facet normal 0.326176 -0.0598407 -0.943413
 outer loop
  vertex 59.9482 -5.72436 3.95734
  vertex 54.39 -15.9704 2.95163
  vertex 56.4295 -5.38837 2.95163
 endloop
endfacet
facet normal 0.332308 -0.014342 -0.943062
 outer loop
  vertex 60.2209 -4.53561E-16 3.95734
  vertex 56.4295 -5.38837 2.95163
  vertex 56.6862 -6.76873E-16 2.95163
 endloop
endfacet
facet normal 0.212498 -0.0173091 -0.977008
 outer loop
  vertex 60.2209 -4.53561E-16 3.95734
  vertex 59.9482 -5.72436 3.95734
  vertex 56.4295 -5.38837 2.95163
 endloop
endfacet
facet normal -0.461726 -0.0281546 -0.886575
 outer loop
  vertex -56.6862 -7.61893E-15 2.95163
  vertex -56.1436 -6.66134E-16 2.66025
  vertex -55.6618 -10.7279 2.95163
 endloop
endfacet
facet normal -0.47687 -0.0597427 -0.876941
 outer loop
  vertex -55.6618 -10.7279 2.95163
  vertex -56.1436 -6.66134E-16 2.66025
  vertex -55.129 -10.6252 2.66025
 endloop
endfacet
facet normal -0.456946 -0.148911 -0.876941
 outer loop
  vertex -52.6257 -21.0681 2.95163
  vertex -55.129 -10.6252 2.66025
  vertex -52.1219 -20.8665 2.66025
 endloop
endfacet
facet normal -0.420507 -0.232698 -0.876941
 outer loop
  vertex -47.6875 -30.6469 2.95163
  vertex -52.1219 -20.8665 2.66025
  vertex -47.231 -30.3535 2.66025
 endloop
endfacet
facet normal -0.368869 -0.308074 -0.876941
 outer loop
  vertex -41.0257 -39.118 2.95163
  vertex -47.231 -30.3535 2.66025
  vertex -40.633 -38.7435 2.66025
 endloop
endfacet
facet normal -0.3039 -0.372316 -0.876941
 outer loop
  vertex -32.8812 -46.1752 2.95163
  vertex -40.633 -38.7435 2.66025
  vertex -32.5665 -45.7332 2.66025
 endloop
endfacet
facet normal -0.227947 -0.423101 -0.876941
 outer loop
  vertex -23.5483 -51.5636 2.95163
  vertex -32.5665 -45.7332 2.66025
  vertex -23.3229 -51.07 2.66025
 endloop
endfacet
facet normal -0.143755 -0.458594 -0.876941
 outer loop
  vertex -13.3643 -55.0883 2.95163
  vertex -23.3229 -51.07 2.66025
  vertex -13.2364 -54.561 2.66025
 endloop
endfacet
facet normal -0.0543678 -0.477513 -0.876941
 outer loop
  vertex -2.69724 -56.622 2.95163
  vertex -13.2364 -54.561 2.66025
  vertex -2.67142 -56.08 2.66025
 endloop
endfacet
facet normal 0.0369846 -0.479173 -0.876941
 outer loop
  vertex 8.06729 -56.1092 2.95163
  vertex -2.67142 -56.08 2.66025
  vertex 7.99007 -55.5721 2.66025
 endloop
endfacet
facet normal 0.127 -0.463514 -0.876941
 outer loop
  vertex 18.5402 -53.5685 2.95163
  vertex 7.99007 -55.5721 2.66025
  vertex 18.3628 -53.0557 2.66025
 endloop
endfacet
facet normal 0.212426 -0.431103 -0.876941
 outer loop
  vertex 28.3431 -49.0917 2.95163
  vertex 18.3628 -53.0557 2.66025
  vertex 28.0718 -48.6218 2.66025
 endloop
endfacet
facet normal 0.290174 -0.38311 -0.876941
 outer loop
  vertex 37.1216 -42.8406 2.95163
  vertex 28.0718 -48.6218 2.66025
  vertex 36.7662 -42.4305 2.66025
 endloop
endfacet
facet normal 0.357434 -0.321271 -0.876941
 outer loop
  vertex 44.5584 -35.0411 2.95163
  vertex 36.7662 -42.4305 2.66025
  vertex 44.1318 -34.7057 2.66025
 endloop
endfacet
facet normal 0.411776 -0.247821 -0.876941
 outer loop
  vertex 50.3847 -25.9751 2.95163
  vertex 44.1318 -34.7057 2.66025
  vertex 49.9024 -25.7265 2.66025
 endloop
endfacet
facet normal 0.451235 -0.165413 -0.876941
 outer loop
  vertex 54.39 -15.9704 2.95163
  vertex 49.9024 -25.7265 2.66025
  vertex 53.8694 -15.8175 2.66025
 endloop
endfacet
facet normal 0.474385 -0.0770272 -0.876941
 outer loop
  vertex 56.4295 -5.38837 2.95163
  vertex 53.8694 -15.8175 2.66025
  vertex 55.8894 -5.33679 2.66025
 endloop
endfacet
facet normal 0.481476 -0.0158531 -0.876316
 outer loop
  vertex 56.6862 -6.76873E-16 2.95163
  vertex 55.8894 -5.33679 2.66025
  vertex 56.1436 -7.61381E-15 2.66025
 endloop
endfacet
facet normal 0.462691 -0.0299851 -0.886012
 outer loop
  vertex 56.6862 -6.76873E-16 2.95163
  vertex 56.4295 -5.38837 2.95163
  vertex 55.8894 -5.33679 2.66025
 endloop
endfacet
facet normal 0.0295383 -0.00867323 -0.999526
 outer loop
  vertex 60.8667 -5.81207 4
  vertex 58.6668 -17.2261 4
  vertex 57.7815 -16.9662 3.95734
 endloop
endfacet
facet normal 0.0273631 -0.0141066 -0.999526
 outer loop
  vertex 58.6668 -17.2261 4
  vertex 54.3466 -28.0176 4
  vertex 53.5265 -27.5948 3.95734
 endloop
endfacet
facet normal 0.0241989 -0.0190302 -0.999526
 outer loop
  vertex 54.3466 -28.0176 4
  vertex 48.0621 -37.7965 4
  vertex 47.3368 -37.2261 3.95734
 endloop
endfacet
facet normal 0.0201601 -0.023266 -0.999526
 outer loop
  vertex 48.0621 -37.7965 4
  vertex 40.0405 -46.2092 4
  vertex 39.4363 -45.5119 3.95734
 endloop
endfacet
facet normal 0.0153927 -0.0266609 -0.999526
 outer loop
  vertex 40.0405 -46.2092 4
  vertex 30.5718 -52.9519 4
  vertex 30.1105 -52.1528 3.95734
 endloop
endfacet
facet normal 0.0100689 -0.0290922 -0.999526
 outer loop
  vertex 30.5718 -52.9519 4
  vertex 19.9981 -57.7807 4
  vertex 19.6963 -56.9088 3.95734
 endloop
endfacet
facet normal 0.00438121 -0.030472 -0.999526
 outer loop
  vertex 19.9981 -57.7807 4
  vertex 8.70164 -60.5212 4
  vertex 8.57033 -59.6079 3.95734
 endloop
endfacet
facet normal -0.00146482 -0.0307504 -0.999526
 outer loop
  vertex 8.70164 -60.5212 4
  vertex -2.90933 -61.0743 4
  vertex -2.86543 -60.1527 3.95734
 endloop
endfacet
facet normal -0.00725791 -0.0299175 -0.999526
 outer loop
  vertex -2.90933 -61.0743 4
  vertex -14.4151 -59.4201 4
  vertex -14.1976 -58.5234 3.95734
 endloop
endfacet
facet normal -0.0127887 -0.0280033 -0.999526
 outer loop
  vertex -14.4151 -59.4201 4
  vertex -25.4 -55.6182 4
  vertex -25.0167 -54.7789 3.95734
 endloop
endfacet
facet normal -0.0178572 -0.025077 -0.999526
 outer loop
  vertex -25.4 -55.6182 4
  vertex -35.4668 -49.8061 4
  vertex -34.9316 -49.0545 3.95734
 endloop
endfacet
facet normal -0.0222804 -0.0212443 -0.999526
 outer loop
  vertex -35.4668 -49.8061 4
  vertex -44.2517 -42.1939 4
  vertex -43.5839 -41.5572 3.95734
 endloop
endfacet
facet normal -0.0258983 -0.0166438 -0.999526
 outer loop
  vertex -44.2517 -42.1939 4
  vertex -51.4373 -33.0567 4
  vertex -50.6611 -32.5579 3.95734
 endloop
endfacet
facet normal -0.0285801 -0.0114417 -0.999526
 outer loop
  vertex -51.4373 -33.0567 4
  vertex -56.7638 -22.7248 4
  vertex -55.9072 -22.3819 3.95734
 endloop
endfacet
facet normal -0.030229 -0.00582616 -0.999526
 outer loop
  vertex -56.7638 -22.7248 4
  vertex -60.0387 -11.5715 4
  vertex -59.1326 -11.3969 3.95734
 endloop
endfacet
facet normal -0.448054 -0.115028 -0.886575
 outer loop
  vertex -55.6618 -10.7279 2.95163
  vertex -55.129 -10.6252 2.66025
  vertex -52.6257 -21.0681 2.95163
 endloop
endfacet
facet normal -0.207811 -0.0460717 -0.977083
 outer loop
  vertex -59.1326 -11.3969 3.95734
  vertex -55.6618 -10.7279 2.95163
  vertex -55.9072 -22.3819 3.95734
 endloop
endfacet
facet normal -0.418188 -0.197744 -0.886575
 outer loop
  vertex -52.6257 -21.0681 2.95163
  vertex -52.1219 -20.8665 2.66025
  vertex -47.6875 -30.6469 2.95163
 endloop
endfacet
facet normal -0.195336 -0.0845676 -0.977083
 outer loop
  vertex -55.9072 -22.3819 3.95734
  vertex -52.6257 -21.0681 2.95163
  vertex -50.6611 -32.5579 3.95734
 endloop
endfacet
facet normal -0.373207 -0.273313 -0.886575
 outer loop
  vertex -47.6875 -30.6469 2.95163
  vertex -47.231 -30.3535 2.66025
  vertex -41.0257 -39.118 2.95163
 endloop
endfacet
facet normal -0.175802 -0.120007 -0.977083
 outer loop
  vertex -50.6611 -32.5579 3.95734
  vertex -47.6875 -30.6469 2.95163
  vertex -43.5839 -41.5572 3.95734
 endloop
endfacet
facet normal -0.314738 -0.339004 -0.886575
 outer loop
  vertex -41.0257 -39.118 2.95163
  vertex -40.633 -38.7435 2.66025
  vertex -32.8812 -46.1752 2.95163
 endloop
endfacet
facet normal -0.149913 -0.151109 -0.977083
 outer loop
  vertex -43.5839 -41.5572 3.95734
  vertex -41.0257 -39.118 2.95163
  vertex -34.9316 -49.0545 3.95734
 endloop
endfacet
facet normal -0.244894 -0.392442 -0.886575
 outer loop
  vertex -32.8812 -46.1752 2.95163
  vertex -32.5665 -45.7332 2.66025
  vertex -23.5483 -51.5636 2.95163
 endloop
endfacet
facet normal -0.118607 -0.17675 -0.977083
 outer loop
  vertex -34.9316 -49.0545 3.95734
  vertex -32.8812 -46.1752 2.95163
  vertex -25.0167 -54.7789 3.95734
 endloop
endfacet
facet normal -0.166198 -0.431697 -0.886575
 outer loop
  vertex -23.5483 -51.5636 2.95163
  vertex -23.3229 -51.07 2.66025
  vertex -13.3643 -55.0883 2.95163
 endloop
endfacet
facet normal -0.0830133 -0.196002 -0.977083
 outer loop
  vertex -25.0167 -54.7789 3.95734
  vertex -23.5483 -51.5636 2.95163
  vertex -14.1976 -58.5234 3.95734
 endloop
endfacet
facet normal -0.0814952 -0.455349 -0.886575
 outer loop
  vertex -13.3643 -55.0883 2.95163
  vertex -13.2364 -54.561 2.66025
  vertex -2.69724 -56.622 2.95163
 endloop
endfacet
facet normal -0.0444195 -0.20817 -0.977083
 outer loop
  vertex -14.1976 -58.5234 3.95734
  vertex -13.3643 -55.0883 2.95163
  vertex -2.86543 -60.1527 3.95734
 endloop
endfacet
facet normal 0.00615285 -0.462543 -0.886575
 outer loop
  vertex -2.69724 -56.622 2.95163
  vertex -2.67142 -56.08 2.66025
  vertex 8.06729 -56.1092 2.95163
 endloop
endfacet
facet normal -0.00422032 -0.212815 -0.977083
 outer loop
  vertex -2.86543 -60.1527 3.95734
  vertex -2.69724 -56.622 2.95163
  vertex 8.57033 -59.6079 3.95734
 endloop
endfacet
facet normal 0.0935785 -0.45302 -0.886575
 outer loop
  vertex 8.06729 -56.1092 2.95163
  vertex 7.99007 -55.5721 2.66025
  vertex 18.5402 -53.5685 2.95163
 endloop
endfacet
facet normal 0.0361314 -0.209768 -0.977083
 outer loop
  vertex 8.57033 -59.6079 3.95734
  vertex 8.06729 -56.1092 2.95163
  vertex 19.6963 -56.9088 3.95734
 endloop
endfacet
facet normal 0.177622 -0.427123 -0.886575
 outer loop
  vertex 18.5402 -53.5685 2.95163
  vertex 18.3628 -53.0557 2.66025
  vertex 28.3431 -49.0917 2.95163
 endloop
endfacet
facet normal 0.0751773 -0.199139 -0.977083
 outer loop
  vertex 19.6963 -56.9088 3.95734
  vertex 18.5402 -53.5685 2.95163
  vertex 30.1105 -52.1528 3.95734
 endloop
endfacet
facet normal 0.255246 -0.385789 -0.886575
 outer loop
  vertex 28.3431 -49.0917 2.95163
  vertex 28.0718 -48.6218 2.66025
  vertex 37.1216 -42.8406 2.95163
 endloop
endfacet
facet normal 0.111506 -0.181313 -0.977083
 outer loop
  vertex 30.1105 -52.1528 3.95734
  vertex 28.3431 -49.0917 2.95163
  vertex 39.4363 -45.5119 3.95734
 endloop
endfacet
facet normal 0.323644 -0.330512 -0.886575
 outer loop
  vertex 37.1216 -42.8406 2.95163
  vertex 36.7662 -42.4305 2.66025
  vertex 44.5584 -35.0411 2.95163
 endloop
endfacet
facet normal 0.143805 -0.156934 -0.977083
 outer loop
  vertex 39.4363 -45.5119 3.95734
  vertex 37.1216 -42.8406 2.95163
  vertex 47.3368 -37.2261 3.95734
 endloop
endfacet
facet normal 0.380345 -0.263289 -0.886575
 outer loop
  vertex 44.5584 -35.0411 2.95163
  vertex 44.1318 -34.7057 2.66025
  vertex 50.3847 -25.9751 2.95163
 endloop
endfacet
facet normal 0.170906 -0.126883 -0.977083
 outer loop
  vertex 47.3368 -37.2261 3.95734
  vertex 44.5584 -35.0411 2.95163
  vertex 53.5265 -27.5948 3.95734
 endloop
endfacet
facet normal 0.4233 -0.18655 -0.886575
 outer loop
  vertex 50.3847 -25.9751 2.95163
  vertex 49.9024 -25.7265 2.66025
  vertex 54.39 -15.9704 2.95163
 endloop
endfacet
facet normal 0.19183 -0.0922454 -0.977083
 outer loop
  vertex 53.5265 -27.5948 3.95734
  vertex 50.3847 -25.9751 2.95163
  vertex 57.7815 -16.9662 3.95734
 endloop
endfacet
facet normal 0.450955 -0.103069 -0.886575
 outer loop
  vertex 54.39 -15.9704 2.95163
  vertex 53.8694 -15.8175 2.66025
  vertex 56.4295 -5.38837 2.95163
 endloop
endfacet
facet normal 0.205821 -0.0542744 -0.977083
 outer loop
  vertex 57.7815 -16.9662 3.95734
  vertex 54.39 -15.9704 2.95163
  vertex 59.9482 -5.72436 3.95734
 endloop
endfacet
facet normal 0.0405306 0.999178 0
 outer loop
  vertex 67.5 55 19
  vertex 67.5 55 18
  vertex 65.9826 55.0924 19
 endloop
endfacet
facet normal 0.121392 0.992605 0
 outer loop
  vertex 65.9826 55.0924 19
  vertex 67.5 55 18
  vertex 64.4876 55.3684 19
 endloop
endfacet
facet normal 0.252747 0.967532 0
 outer loop
  vertex 64.4876 55.3684 19
  vertex 67.5 55 18
  vertex 61.25 56.6747 18
 endloop
endfacet
facet normal 0.529054 0.848588 0
 outer loop
  vertex 63.0372 55.8238 19
  vertex 61.25 56.6747 18
  vertex 58.6688 58.6535 19.1556
 endloop
endfacet
facet normal 0.368424 0.929658 0
 outer loop
  vertex 63.0372 55.8238 19
  vertex 64.4876 55.3684 19
  vertex 61.25 56.6747 18
 endloop
endfacet
facet normal 0.706899 0.707315 0
 outer loop
  vertex 61.25 56.6747 18
  vertex 56.6747 61.25 18
  vertex 58.6688 58.6535 19.1556
 endloop
endfacet
facet normal 0.848287 0.529537 0
 outer loop
  vertex 58.6688 58.6535 19.1556
  vertex 56.6747 61.25 18
  vertex 55.8238 63.0372 19
 endloop
endfacet
facet normal 0.929658 0.368424 0
 outer loop
  vertex 55.8238 63.0372 19
  vertex 56.6747 61.25 18
  vertex 55.3684 64.4876 19
 endloop
endfacet
facet normal 0.967532 0.252747 0
 outer loop
  vertex 55.3684 64.4876 19
  vertex 56.6747 61.25 18
  vertex 55 67.5 18
 endloop
endfacet
facet normal 0.999178 0.0405306 0
 outer loop
  vertex 55.0924 65.9826 19
  vertex 55 67.5 18
  vertex 55 67.5 19
 endloop
endfacet
facet normal 0.992605 0.121392 0
 outer loop
  vertex 55.0924 65.9826 19
  vertex 55.3684 64.4876 19
  vertex 55 67.5 18
 endloop
endfacet
facet normal 1 0 0
 outer loop
  vertex 55 69.9603 19
  vertex 55 67.5 19
  vertex 55 69.9603 18
 endloop
endfacet
facet normal 1 0 0
 outer loop
  vertex 55 69.9603 18
  vertex 55 67.5 19
  vertex 55 67.5 18
 endloop
endfacet
facet normal 0.0352917 -0.999377 0
 outer loop
  vertex 56 76.2 18
  vertex 55.6616 76.1821 18
  vertex 56 76.2 8
 endloop
endfacet
facet normal 0.105743 -0.994393 0
 outer loop
  vertex 56 76.2 8
  vertex 55.6616 76.1821 18
  vertex 55.327 76.1284 18
 endloop
endfacet
facet normal 0.175798 -0.984426 0
 outer loop
  vertex 55 76.0397 18
  vertex 56 76.2 8
  vertex 55.327 76.1284 18
 endloop
endfacet
facet normal 0.277226 -0.960805 0
 outer loop
  vertex 55 76.0397 18
  vertex 54.4 75.7713 8
  vertex 56 76.2 8
 endloop
endfacet
facet normal 0.52538 -0.850868 0
 outer loop
  vertex 55 76.0397 18
  vertex 53.6625 75.1854 19
  vertex 54.4 75.7713 8
 endloop
endfacet
facet normal 0.464703 -0.885467 0
 outer loop
  vertex 55 76.0397 18
  vertex 55 76.0397 19
  vertex 53.6625 75.1854 19
 endloop
endfacet
facet normal 0.715167 -0.698954 0
 outer loop
  vertex 54.4 75.7713 8
  vertex 53.6625 75.1854 19
  vertex 53.2287 74.6 8
 endloop
endfacet
facet normal 0.873321 -0.487145 0
 outer loop
  vertex 53.2287 74.6 8
  vertex 53.6625 75.1854 19
  vertex 52.9 73.7935 19
 endloop
endfacet
facet normal 1 0 0
 outer loop
  vertex 52.8 73 8
  vertex 52.9 73.7935 19
  vertex 52.9 72.2065 19
 endloop
endfacet
facet normal 0.873321 0.487145 0
 outer loop
  vertex 53.2287 71.4 8
  vertex 52.9 72.2065 19
  vertex 53.6625 70.8146 19
 endloop
endfacet
facet normal 0.52538 0.850868 0
 outer loop
  vertex 54.4 70.2287 8
  vertex 53.6625 70.8146 19
  vertex 55 69.9603 18
 endloop
endfacet
facet normal 0.343807 0.93904 0
 outer loop
  vertex 55.327 69.8716 18
  vertex 54.4 70.2287 8
  vertex 55 69.9603 18
 endloop
endfacet
facet normal 0.242338 0.970192 0
 outer loop
  vertex 55.327 69.8716 18
  vertex 56 69.8 8
  vertex 54.4 70.2287 8
 endloop
endfacet
facet normal 0.105743 0.994393 0
 outer loop
  vertex 55.327 69.8716 18
  vertex 55.6616 69.8179 18
  vertex 56 69.8 8
 endloop
endfacet
facet normal 0.0352917 0.999377 0
 outer loop
  vertex 56 69.8 8
  vertex 55.6616 69.8179 18
  vertex 56 69.8 18
 endloop
endfacet
facet normal 0.464703 0.885467 0
 outer loop
  vertex 53.6625 70.8146 19
  vertex 55 69.9603 19
  vertex 55 69.9603 18
 endloop
endfacet
facet normal 0.715167 0.698954 0
 outer loop
  vertex 54.4 70.2287 8
  vertex 53.2287 71.4 8
  vertex 53.6625 70.8146 19
 endloop
endfacet
facet normal 0.966908 0.255126 0
 outer loop
  vertex 53.2287 71.4 8
  vertex 52.8 73 8
  vertex 52.9 72.2065 19
 endloop
endfacet
facet normal 0.966908 -0.255126 0
 outer loop
  vertex 52.8 73 8
  vertex 53.2287 74.6 8
  vertex 52.9 73.7935 19
 endloop
endfacet
facet normal -0.929658 -0.368424 -0
 outer loop
  vertex -55.3684 -64.4876 19
  vertex -55.8238 -63.0372 19
  vertex -56.6747 -61.25 18
 endloop
endfacet
facet normal -0.967532 -0.252747 0
 outer loop
  vertex -55 -67.5 18
  vertex -55.3684 -64.4876 19
  vertex -56.6747 -61.25 18
 endloop
endfacet
facet normal -0.992605 -0.121392 0
 outer loop
  vertex -55 -67.5 18
  vertex -55.0924 -65.9826 19
  vertex -55.3684 -64.4876 19
 endloop
endfacet
facet normal -0.999178 -0.0405306 0
 outer loop
  vertex -55 -67.5 18
  vertex -55 -67.5 19
  vertex -55.0924 -65.9826 19
 endloop
endfacet
facet normal -0.529054 -0.848588 -0
 outer loop
  vertex -63.0372 -55.8238 19
  vertex -61.25 -56.6747 18
  vertex -58.6688 -58.6535 19.1556
 endloop
endfacet
facet normal -0.368424 -0.929658 -0
 outer loop
  vertex -63.0372 -55.8238 19
  vertex -64.4876 -55.3684 19
  vertex -61.25 -56.6747 18
 endloop
endfacet
facet normal -0.252747 -0.967532 -0
 outer loop
  vertex -61.25 -56.6747 18
  vertex -64.4876 -55.3684 19
  vertex -67.5 -55 18
 endloop
endfacet
facet normal -0.121392 -0.992605 -0
 outer loop
  vertex -67.5 -55 18
  vertex -64.4876 -55.3684 19
  vertex -65.9826 -55.0924 19
 endloop
endfacet
facet normal -0.0405306 -0.999178 -0
 outer loop
  vertex -67.5 -55 19
  vertex -67.5 -55 18
  vertex -65.9826 -55.0924 19
 endloop
endfacet
facet normal -0.706899 -0.707315 -0
 outer loop
  vertex -61.25 -56.6747 18
  vertex -56.6747 -61.25 18
  vertex -58.6688 -58.6535 19.1556
 endloop
endfacet
facet normal -0.848287 -0.529537 -0
 outer loop
  vertex -58.6688 -58.6535 19.1556
  vertex -56.6747 -61.25 18
  vertex -55.8238 -63.0372 19
 endloop
endfacet
facet normal -1 0 0
 outer loop
  vertex -55 -69.0306 19
  vertex -55 -67.5 19
  vertex -55 -69.0306 18
 endloop
endfacet
facet normal -1 0 0
 outer loop
  vertex -55 -69.0306 18
  vertex -55 -67.5 19
  vertex -55 -67.5 18
 endloop
endfacet
facet normal 0.999178 -0.0405306 0
 outer loop
  vertex 55 -67.5 19
  vertex 55 -67.5 18
  vertex 55.0924 -65.9826 19
 endloop
endfacet
facet normal 0.992605 -0.121392 0
 outer loop
  vertex 55.0924 -65.9826 19
  vertex 55 -67.5 18
  vertex 55.3684 -64.4876 19
 endloop
endfacet
facet normal 0.967532 -0.252747 0
 outer loop
  vertex 55.3684 -64.4876 19
  vertex 55 -67.5 18
  vertex 56.6747 -61.25 18
 endloop
endfacet
facet normal 0.848588 -0.529054 0
 outer loop
  vertex 55.8238 -63.0372 19
  vertex 56.6747 -61.25 18
  vertex 58.6535 -58.6688 19.1556
 endloop
endfacet
facet normal 0.929658 -0.368424 0
 outer loop
  vertex 55.8238 -63.0372 19
  vertex 55.3684 -64.4876 19
  vertex 56.6747 -61.25 18
 endloop
endfacet
facet normal 0.707315 -0.706899 0
 outer loop
  vertex 56.6747 -61.25 18
  vertex 61.25 -56.6747 18
  vertex 58.6535 -58.6688 19.1556
 endloop
endfacet
facet normal 0.529537 -0.848287 0
 outer loop
  vertex 58.6535 -58.6688 19.1556
  vertex 61.25 -56.6747 18
  vertex 63.0372 -55.8238 19
 endloop
endfacet
facet normal 0.368424 -0.929658 0
 outer loop
  vertex 63.0372 -55.8238 19
  vertex 61.25 -56.6747 18
  vertex 64.4876 -55.3684 19
 endloop
endfacet
facet normal 0.252747 -0.967532 0
 outer loop
  vertex 64.4876 -55.3684 19
  vertex 61.25 -56.6747 18
  vertex 67.5 -55 18
 endloop
endfacet
facet normal 0.0405306 -0.999178 0
 outer loop
  vertex 65.9826 -55.0924 19
  vertex 67.5 -55 18
  vertex 67.5 -55 19
 endloop
endfacet
facet normal 0.121392 -0.992605 0
 outer loop
  vertex 65.9826 -55.0924 19
  vertex 64.4876 -55.3684 19
  vertex 67.5 -55 18
 endloop
endfacet
facet normal -0.999178 0.0405306 0
 outer loop
  vertex -55 67.5 19
  vertex -55 67.5 18
  vertex -55.0924 65.9826 19
 endloop
endfacet
facet normal -0.992605 0.121392 0
 outer loop
  vertex -55.0924 65.9826 19
  vertex -55 67.5 18
  vertex -55.3684 64.4876 19
 endloop
endfacet
facet normal -0.967532 0.252747 0
 outer loop
  vertex -55.3684 64.4876 19
  vertex -55 67.5 18
  vertex -56.6747 61.25 18
 endloop
endfacet
facet normal -0.848588 0.529054 0
 outer loop
  vertex -55.8238 63.0372 19
  vertex -56.6747 61.25 18
  vertex -58.6535 58.6688 19.1556
 endloop
endfacet
facet normal -0.929658 0.368424 0
 outer loop
  vertex -55.8238 63.0372 19
  vertex -55.3684 64.4876 19
  vertex -56.6747 61.25 18
 endloop
endfacet
facet normal -0.707315 0.706899 0
 outer loop
  vertex -56.6747 61.25 18
  vertex -61.25 56.6747 18
  vertex -58.6535 58.6688 19.1556
 endloop
endfacet
facet normal -0.529537 0.848287 0
 outer loop
  vertex -58.6535 58.6688 19.1556
  vertex -61.25 56.6747 18
  vertex -63.0372 55.8238 19
 endloop
endfacet
facet normal -0.368424 0.929658 0
 outer loop
  vertex -63.0372 55.8238 19
  vertex -61.25 56.6747 18
  vertex -64.4876 55.3684 19
 endloop
endfacet
facet normal -0.252747 0.967532 0
 outer loop
  vertex -64.4876 55.3684 19
  vertex -61.25 56.6747 18
  vertex -67.5 55 18
 endloop
endfacet
facet normal -0.0405306 0.999178 0
 outer loop
  vertex -65.9826 55.0924 19
  vertex -67.5 55 18
  vertex -67.5 55 19
 endloop
endfacet
facet normal -0.121392 0.992605 0
 outer loop
  vertex -65.9826 55.0924 19
  vertex -64.4876 55.3684 19
  vertex -67.5 55 18
 endloop
endfacet
facet normal 0 0 1
 outer loop
  vertex 67.5 55 19
  vertex 71.7005 44.1478 19
  vertex 79.08 55 19
 endloop
endfacet
facet normal 0 0 1
 outer loop
  vertex 67.5 55 19
  vertex 65.9826 55.0924 19
  vertex 71.7005 44.1478 19
 endloop
endfacet
facet normal 0 0 1
 outer loop
  vertex 71.7005 44.1478 19
  vertex 65.9826 55.0924 19
  vertex 64.4876 55.3684 19
 endloop
endfacet
facet normal 0 0 1
 outer loop
  vertex 63.2082 55.6302 19
  vertex 64.4876 55.3684 19
  vertex 63.0372 55.8238 19
 endloop
endfacet
facet normal 0 0 1
 outer loop
  vertex 63.2082 55.6302 19
  vertex 71.7005 44.1478 19
  vertex 64.4876 55.3684 19
 endloop
endfacet
facet normal 0 0 1
 outer loop
  vertex 71.7005 44.1478 19
  vertex 78.1302 31.3953 19
  vertex 79.08 55 19
 endloop
endfacet
facet normal 0 0 1
 outer loop
  vertex 79.08 55 19
  vertex 78.1302 31.3953 19
  vertex 79.08 28.9196 19
 endloop
endfacet
facet normal 2.31296E-16 1 0
 outer loop
  vertex 67.5 55 18
  vertex 79.08 55 19
  vertex 81.3161 55 18
 endloop
endfacet
facet normal 2.31296E-16 1 0
 outer loop
  vertex 67.5 55 18
  vertex 67.5 55 19
  vertex 79.08 55 19
 endloop
endfacet
facet normal 2.31296E-16 1 0
 outer loop
  vertex 79.08 55 19
  vertex 79.9101 55 18.8829
  vertex 81.3161 55 18
 endloop
endfacet
facet normal 2.31296E-16 1 0
 outer loop
  vertex 81.3161 55 18
  vertex 79.9101 55 18.8829
  vertex 80.6754 55 18.5406
 endloop
endfacet
facet normal 1 0 0
 outer loop
  vertex 55 76.0397 19
  vertex 55 76.0397 18
  vertex 55 79.08 19
 endloop
endfacet
facet normal 1 0 0
 outer loop
  vertex 55 79.08 19
  vertex 55 76.0397 18
  vertex 55 81.3161 18
 endloop
endfacet
facet normal 1 0 0
 outer loop
  vertex 55 79.9101 18.8829
  vertex 55 81.3161 18
  vertex 55 80.6754 18.5406
 endloop
endfacet
facet normal 1 0 0
 outer loop
  vertex 55 79.9101 18.8829
  vertex 55 79.08 19
  vertex 55 81.3161 18
 endloop
endfacet
facet normal 0 0 1
 outer loop
  vertex 55 69.9603 19
  vertex 53.6625 70.8146 19
  vertex 55 67.5 19
 endloop
endfacet
facet normal 0 0 1
 outer loop
  vertex 55 67.5 19
  vertex 53.6625 70.8146 19
  vertex 52.8974 65.5122 19
 endloop
endfacet
facet normal 0 0 1
 outer loop
  vertex 55.0924 65.9826 19
  vertex 52.8974 65.5122 19
  vertex 55.3684 64.4876 19
 endloop
endfacet
facet normal 0 0 1
 outer loop
  vertex 55.0924 65.9826 19
  vertex 55 67.5 19
  vertex 52.8974 65.5122 19
 endloop
endfacet
facet normal 0 0 1
 outer loop
  vertex 53.6625 70.8146 19
  vertex 52.9 72.2065 19
  vertex 52.8974 65.5122 19
 endloop
endfacet
facet normal 0 0 1
 outer loop
  vertex 52.8974 65.5122 19
  vertex 52.9 72.2065 19
  vertex 41.0649 73.5096 19
 endloop
endfacet
facet normal 0 0 1
 outer loop
  vertex 41.0649 73.5096 19
  vertex 52.9 72.2065 19
  vertex 52.9 73.7935 19
 endloop
endfacet
facet normal 0 0 1
 outer loop
  vertex 53.6625 75.1854 19
  vertex 41.0649 73.5096 19
  vertex 52.9 73.7935 19
 endloop
endfacet
facet normal 0 0 1
 outer loop
  vertex 53.6625 75.1854 19
  vertex 55 79.08 19
  vertex 41.0649 73.5096 19
 endloop
endfacet
facet normal 0 0 1
 outer loop
  vertex 53.6625 75.1854 19
  vertex 55 76.0397 19
  vertex 55 79.08 19
 endloop
endfacet
facet normal 0 0 1
 outer loop
  vertex 55 79.08 19
  vertex 28.9196 79.08 19
  vertex 41.0649 73.5096 19
 endloop
endfacet
facet normal 0 0 1
 outer loop
  vertex 52.8974 65.5122 19
  vertex 55.8238 63.0372 19
  vertex 55.3684 64.4876 19
 endloop
endfacet
facet normal 0.285471 0.949586 0.129587
 outer loop
  vertex 27.1902 74.3509 23.8626
  vertex 20.6356 76.7373 22.6913
  vertex 20.3711 76.4793 24.4592
 endloop
endfacet
facet normal 0.3205 0.916364 0.239909
 outer loop
  vertex 27.1902 74.3509 23.8626
  vertex 27.306 74.6676 22.2184
  vertex 20.6356 76.7373 22.6913
 endloop
endfacet
facet normal 0.322097 0.876759 0.357136
 outer loop
  vertex 20.6356 76.7373 22.6913
  vertex 27.306 74.6676 22.2184
  vertex 27.3286 74.7293 22.057
 endloop
endfacet
facet normal 0.307692 0.755851 0.57794
 outer loop
  vertex 24.4115 76.6976 20.8144
  vertex 27.3286 74.7293 22.057
  vertex 27.6408 75.583 20.6441
 endloop
endfacet
facet normal 0.284581 0.675253 0.680475
 outer loop
  vertex 27.7175 75.7929 20.4141
  vertex 24.4115 76.6976 20.8144
  vertex 27.6408 75.583 20.6441
 endloop
endfacet
facet normal 0.245481 0.65563 0.714065
 outer loop
  vertex 27.7175 75.7929 20.4141
  vertex 24.6636 77.3456 20.1282
  vertex 24.4115 76.6976 20.8144
 endloop
endfacet
facet normal 0.244937 0.576121 0.779802
 outer loop
  vertex 27.7175 75.7929 20.4141
  vertex 27.9907 76.54 19.7874
  vertex 24.6636 77.3456 20.1282
 endloop
endfacet
facet normal 0.190448 0.52613 0.828804
 outer loop
  vertex 24.6636 77.3456 20.1282
  vertex 27.9907 76.54 19.7874
  vertex 24.9361 78.0874 19.5789
 endloop
endfacet
facet normal 0.101386 0.528244 0.843018
 outer loop
  vertex 21.5106 78.7297 19.6634
  vertex 24.9361 78.0874 19.5789
  vertex 21.7628 79.4545 19.1567
 endloop
endfacet
facet normal 0.0192057 0.503913 0.863541
 outer loop
  vertex 14.9218 80.9576 18.3398
  vertex 21.7628 79.4545 19.1567
  vertex 22.1985 80.1998 18.7832
 endloop
endfacet
facet normal 0.0561338 0.577047 0.814779
 outer loop
  vertex 14.9218 80.9576 18.3398
  vertex 21.5106 78.7297 19.6634
  vertex 21.7628 79.4545 19.1567
 endloop
endfacet
facet normal 0.0607463 0.670812 0.739136
 outer loop
  vertex 14.9218 80.9576 18.3398
  vertex 14.5271 79.7308 19.5697
  vertex 21.5106 78.7297 19.6634
 endloop
endfacet
facet normal 0.0236057 0.72137 0.692148
 outer loop
  vertex 14.9218 80.9576 18.3398
  vertex 7.42463 81.3606 17.949
  vertex 14.5271 79.7308 19.5697
 endloop
endfacet
facet normal 0.0353277 0.796698 0.603344
 outer loop
  vertex 14.5271 79.7308 19.5697
  vertex 7.42463 81.3606 17.949
  vertex 7.37419 80.3292 19.3774
 endloop
endfacet
facet normal 0.0744733 0.891326 0.447205
 outer loop
  vertex 14.1418 78.7817 21.0797
  vertex 7.37419 80.3292 19.3774
  vertex 7.1396 79.5493 20.9769
 endloop
endfacet
facet normal 0.132153 0.966748 0.218937
 outer loop
  vertex 13.7943 78.1893 22.7702
  vertex 7.1396 79.5493 20.9769
  vertex 13.5099 77.9823 24.5163
 endloop
endfacet
facet normal 0.196907 0.974582 0.106851
 outer loop
  vertex 20.3711 76.4793 24.4592
  vertex 13.7943 78.1893 22.7702
  vertex 13.5099 77.9823 24.5163
 endloop
endfacet
facet normal 0.223205 0.953763 0.201286
 outer loop
  vertex 20.3711 76.4793 24.4592
  vertex 20.6356 76.7373 22.6913
  vertex 13.7943 78.1893 22.7702
 endloop
endfacet
facet normal 0.178332 0.922979 0.341039
 outer loop
  vertex 13.7943 78.1893 22.7702
  vertex 20.6356 76.7373 22.6913
  vertex 14.1418 78.7817 21.0797
 endloop
endfacet
facet normal 0.11618 0.926521 0.357855
 outer loop
  vertex 7.1396 79.5493 20.9769
  vertex 13.7943 78.1893 22.7702
  vertex 14.1418 78.7817 21.0797
 endloop
endfacet
facet normal 0.07901 0.985901 0.1475
 outer loop
  vertex 13.5099 77.9823 24.5163
  vertex 7.1396 79.5493 20.9769
  vertex 0.0496243 79.1479 24.4019
 endloop
endfacet
facet normal 0.021356 0.968625 0.247609
 outer loop
  vertex 0.0496243 79.1479 24.4019
  vertex 7.1396 79.5493 20.9769
  vertex 0.0509595 79.8069 20.9227
 endloop
endfacet
facet normal -0.02053 0.968728 0.247272
 outer loop
  vertex 2.12102E-12 79.1479 24.4019
  vertex 0.0509595 79.8069 20.9227
  vertex -7.03148 79.5571 20.9754
 endloop
endfacet
facet normal -0.131371 0.966965 0.21845
 outer loop
  vertex -13.449 77.9928 24.5157
  vertex -7.03148 79.5571 20.9754
  vertex -13.7393 78.1985 22.7698
 endloop
endfacet
facet normal -0.203526 0.958205 0.201049
 outer loop
  vertex -15.7094 77.5686 24.5321
  vertex -13.7393 78.1985 22.7698
  vertex -20.6329 76.738 22.6914
 endloop
endfacet
facet normal -0.320488 0.916371 0.239899
 outer loop
  vertex -27.1902 74.3509 23.8626
  vertex -20.6329 76.738 22.6914
  vertex -27.306 74.6676 22.2184
 endloop
endfacet
facet normal -0.266297 0.955128 0.129678
 outer loop
  vertex -27.1902 74.3509 23.8626
  vertex -15.7094 77.5686 24.5321
  vertex -20.6329 76.738 22.6914
 endloop
endfacet
facet normal 0.193119 0.455422 0.869077
 outer loop
  vertex 27.9907 76.54 19.7874
  vertex 28.1483 76.9708 19.5282
  vertex 24.9361 78.0874 19.5789
 endloop
endfacet
facet normal 0.169013 0.402341 0.899753
 outer loop
  vertex 24.9361 78.0874 19.5789
  vertex 28.1483 76.9708 19.5282
  vertex 28.295 77.372 19.3397
 endloop
endfacet
facet normal 0.10781 0.276901 0.954831
 outer loop
  vertex 25.2163 78.8856 19.181
  vertex 28.295 77.372 19.3397
  vertex 28.6107 78.2352 19.0809
 endloop
endfacet
facet normal 0.0433461 0.149614 0.987794
 outer loop
  vertex 25.6285 79.6824 18.9389
  vertex 28.6107 78.2352 19.0809
  vertex 28.7599 78.6434 19.0215
 endloop
endfacet
facet normal 0.0149066 0.0967433 0.995198
 outer loop
  vertex 28.9196 79.08 19
  vertex 25.6285 79.6824 18.9389
  vertex 28.7599 78.6434 19.0215
 endloop
endfacet
facet normal 0.0517918 0.238031 0.969876
 outer loop
  vertex 28.6107 78.2352 19.0809
  vertex 25.6285 79.6824 18.9389
  vertex 25.2163 78.8856 19.181
 endloop
endfacet
facet normal 0.0232538 0.311916 0.949825
 outer loop
  vertex 25.2163 78.8856 19.181
  vertex 25.6285 79.6824 18.9389
  vertex 22.1985 80.1998 18.7832
 endloop
endfacet
facet normal 0.0423905 0.407917 0.912035
 outer loop
  vertex 21.7628 79.4545 19.1567
  vertex 25.2163 78.8856 19.181
  vertex 22.1985 80.1998 18.7832
 endloop
endfacet
facet normal 0.0877328 0.441902 0.892763
 outer loop
  vertex 21.7628 79.4545 19.1567
  vertex 24.9361 78.0874 19.5789
  vertex 25.2163 78.8856 19.181
 endloop
endfacet
facet normal 0.124536 0.384481 0.914694
 outer loop
  vertex 25.2163 78.8856 19.181
  vertex 24.9361 78.0874 19.5789
  vertex 28.295 77.372 19.3397
 endloop
endfacet
facet normal 0.0118611 0.835075 0.550008
 outer loop
  vertex 7.37419 80.3292 19.3774
  vertex 7.42463 81.3606 17.949
  vertex 0.0527877 80.5287 19.2892
 endloop
endfacet
facet normal 0.0210359 0.91987 0.391659
 outer loop
  vertex 7.1396 79.5493 20.9769
  vertex 0.0527877 80.5287 19.2892
  vertex 0.0509595 79.8069 20.9227
 endloop
endfacet
facet normal 0.0326508 0.890642 0.453531
 outer loop
  vertex 7.1396 79.5493 20.9769
  vertex 7.37419 80.3292 19.3774
  vertex 0.0527877 80.5287 19.2892
 endloop
endfacet
facet normal 8.41237E-05 0.816379 0.577517
 outer loop
  vertex 7.42463 81.3606 17.949
  vertex 0.0546374 81.4789 17.8014
  vertex 0.0527877 80.5287 19.2892
 endloop
endfacet
facet normal 8.41185E-05 0.816755 0.576984
 outer loop
  vertex 0.0527877 80.5287 19.2892
  vertex 0.0546374 81.4789 17.8014
  vertex -7.34184 81.3633 17.9459
 endloop
endfacet
facet normal -0.0350512 0.797709 0.602024
 outer loop
  vertex -7.26308 80.3352 19.3749
  vertex -7.34184 81.3633 17.9459
  vertex -14.4705 79.7372 19.5682
 endloop
endfacet
facet normal -0.131515 0.819495 0.557792
 outer loop
  vertex -14.0862 78.7898 21.0791
  vertex -14.4705 79.7372 19.5682
  vertex -21.0276 77.5103 21.0179
 endloop
endfacet
facet normal -0.232204 0.821443 0.520876
 outer loop
  vertex -20.6329 76.738 22.6914
  vertex -21.0276 77.5103 21.0179
  vertex -24.4131 76.6973 20.8144
 endloop
endfacet
facet normal -0.307701 0.755841 0.577948
 outer loop
  vertex -27.3286 74.7293 22.057
  vertex -24.4131 76.6973 20.8144
  vertex -27.6408 75.5831 20.6441
 endloop
endfacet
facet normal -0.286611 0.841056 0.45878
 outer loop
  vertex -27.3286 74.7293 22.057
  vertex -20.6329 76.738 22.6914
  vertex -24.4131 76.6973 20.8144
 endloop
endfacet
facet normal -0.322087 0.876767 0.357127
 outer loop
  vertex -27.3286 74.7293 22.057
  vertex -27.306 74.6676 22.2184
  vertex -20.6329 76.738 22.6914
 endloop
endfacet
facet normal -0.0235074 0.722604 0.690862
 outer loop
  vertex -7.34184 81.3633 17.9459
  vertex -14.8642 80.9621 18.3362
  vertex -14.4705 79.7372 19.5682
 endloop
endfacet
facet normal -0.0606438 0.671679 0.738356
 outer loop
  vertex -14.4705 79.7372 19.5682
  vertex -14.8642 80.9621 18.3362
  vertex -21.5078 78.7301 19.6635
 endloop
endfacet
facet normal -0.154619 0.640916 0.751877
 outer loop
  vertex -21.2608 78.0735 20.2889
  vertex -21.5078 78.7301 19.6635
  vertex -24.6651 77.3453 20.1282
 endloop
endfacet
facet normal -0.245493 0.655609 0.71408
 outer loop
  vertex -24.4131 76.6973 20.8144
  vertex -24.6651 77.3453 20.1282
  vertex -27.7175 75.7929 20.4141
 endloop
endfacet
facet normal -0.28459 0.675243 0.680482
 outer loop
  vertex -27.6408 75.5831 20.6441
  vertex -24.4131 76.6973 20.8144
  vertex -27.7175 75.7929 20.4141
 endloop
endfacet
facet normal -0.0561267 0.577626 0.81437
 outer loop
  vertex -21.5078 78.7301 19.6635
  vertex -14.8642 80.9621 18.3362
  vertex -21.7601 79.455 19.1566
 endloop
endfacet
facet normal -0.0877346 0.441908 0.89276
 outer loop
  vertex -24.9377 78.0871 19.5789
  vertex -21.7601 79.455 19.1566
  vertex -25.2178 78.8854 19.181
 endloop
endfacet
facet normal -0.107812 0.276884 0.954836
 outer loop
  vertex -28.295 77.372 19.3397
  vertex -25.2178 78.8854 19.181
  vertex -28.6107 78.2352 19.0812
 endloop
endfacet
facet normal -0.124541 0.38445 0.914706
 outer loop
  vertex -28.295 77.372 19.3397
  vertex -24.9377 78.0871 19.5789
  vertex -25.2178 78.8854 19.181
 endloop
endfacet
facet normal -0.169017 0.402326 0.899759
 outer loop
  vertex -28.295 77.372 19.3397
  vertex -28.1483 76.9708 19.5283
  vertex -24.9377 78.0871 19.5789
 endloop
endfacet
facet normal -0.193125 0.455408 0.869084
 outer loop
  vertex -24.9377 78.0871 19.5789
  vertex -28.1483 76.9708 19.5283
  vertex -27.9908 76.5401 19.7876
 endloop
endfacet
facet normal -0.244945 0.576108 0.779809
 outer loop
  vertex -24.6651 77.3453 20.1282
  vertex -27.9908 76.5401 19.7876
  vertex -27.7175 75.7929 20.4141
 endloop
endfacet
facet normal -0.190457 0.526105 0.828818
 outer loop
  vertex -24.6651 77.3453 20.1282
  vertex -24.9377 78.0871 19.5789
  vertex -27.9908 76.5401 19.7876
 endloop
endfacet
facet normal -0.14721 0.566613 0.810727
 outer loop
  vertex -24.6651 77.3453 20.1282
  vertex -21.5078 78.7301 19.6635
  vertex -24.9377 78.0871 19.5789
 endloop
endfacet
facet normal -0.10138 0.528296 0.842986
 outer loop
  vertex -24.9377 78.0871 19.5789
  vertex -21.5078 78.7301 19.6635
  vertex -21.7601 79.455 19.1566
 endloop
endfacet
facet normal -0.0433455 0.149595 0.987797
 outer loop
  vertex -28.7599 78.6434 19.0216
  vertex -28.6107 78.2352 19.0812
  vertex -25.6149 79.6847 18.9384
 endloop
endfacet
facet normal -0.014906 0.096724 0.9952
 outer loop
  vertex -28.9196 79.08 19
  vertex -28.7599 78.6434 19.0216
  vertex -25.6149 79.6847 18.9384
 endloop
endfacet
facet normal -0.176947 0.978432 0.106582
 outer loop
  vertex -15.7094 77.5686 24.5321
  vertex -13.449 77.9928 24.5157
  vertex -13.7393 78.1985 22.7698
 endloop
endfacet
facet normal -0.0782426 0.986012 0.147167
 outer loop
  vertex -13.449 77.9928 24.5157
  vertex 2.12102E-12 79.1479 24.4019
  vertex -7.03148 79.5571 20.9754
 endloop
endfacet
facet normal 0.000355285 0.990755 0.135666
 outer loop
  vertex 0.0496243 79.1479 24.4019
  vertex 0.0509595 79.8069 20.9227
  vertex 2.12102E-12 79.1479 24.4019
 endloop
endfacet
facet normal 0.1318 0.818979 0.558481
 outer loop
  vertex 14.1418 78.7817 21.0797
  vertex 21.0303 77.5097 21.0178
  vertex 14.5271 79.7308 19.5697
 endloop
endfacet
facet normal 0.0773438 0.839466 0.53788
 outer loop
  vertex 7.37419 80.3292 19.3774
  vertex 14.1418 78.7817 21.0797
  vertex 14.5271 79.7308 19.5697
 endloop
endfacet
facet normal 0.286616 0.841054 0.45878
 outer loop
  vertex 27.3286 74.7293 22.057
  vertex 24.4115 76.6976 20.8144
  vertex 20.6356 76.7373 22.6913
 endloop
endfacet
facet normal 0.232221 0.821426 0.520896
 outer loop
  vertex 20.6356 76.7373 22.6913
  vertex 24.4115 76.6976 20.8144
  vertex 21.0303 77.5097 21.0178
 endloop
endfacet
facet normal 0.191703 0.870778 0.452764
 outer loop
  vertex 14.1418 78.7817 21.0797
  vertex 20.6356 76.7373 22.6913
  vertex 21.0303 77.5097 21.0178
 endloop
endfacet
facet normal 0.199672 0.741284 0.640804
 outer loop
  vertex 21.0303 77.5097 21.0178
  vertex 24.4115 76.6976 20.8144
  vertex 21.2636 78.0729 20.2888
 endloop
endfacet
facet normal 0.113609 0.696312 0.708691
 outer loop
  vertex 14.5271 79.7308 19.5697
  vertex 21.2636 78.0729 20.2888
  vertex 21.5106 78.7297 19.6634
 endloop
endfacet
facet normal 0.142449 0.757694 0.636873
 outer loop
  vertex 14.5271 79.7308 19.5697
  vertex 21.0303 77.5097 21.0178
  vertex 21.2636 78.0729 20.2888
 endloop
endfacet
facet normal -0.191505 0.870986 0.452448
 outer loop
  vertex -21.0276 77.5103 21.0179
  vertex -20.6329 76.738 22.6914
  vertex -14.0862 78.7898 21.0791
 endloop
endfacet
facet normal -0.177919 0.923228 0.340579
 outer loop
  vertex -14.0862 78.7898 21.0791
  vertex -20.6329 76.738 22.6914
  vertex -13.7393 78.1985 22.7698
 endloop
endfacet
facet normal -0.115464 0.926909 0.357082
 outer loop
  vertex -7.03148 79.5571 20.9754
  vertex -14.0862 78.7898 21.0791
  vertex -13.7393 78.1985 22.7698
 endloop
endfacet
facet normal -0.0738021 0.89191 0.446149
 outer loop
  vertex -7.03148 79.5571 20.9754
  vertex -7.26308 80.3352 19.3749
  vertex -14.0862 78.7898 21.0791
 endloop
endfacet
facet normal -0.031988 0.891054 0.452769
 outer loop
  vertex -7.03148 79.5571 20.9754
  vertex 0.0527877 80.5287 19.2892
  vertex -7.26308 80.3352 19.3749
 endloop
endfacet
facet normal -0.020255 0.920023 0.39134
 outer loop
  vertex -7.03148 79.5571 20.9754
  vertex 0.0509595 79.8069 20.9227
  vertex 0.0527877 80.5287 19.2892
 endloop
endfacet
facet normal 0.198669 0.680638 0.705169
 outer loop
  vertex 24.4115 76.6976 20.8144
  vertex 24.6636 77.3456 20.1282
  vertex 21.2636 78.0729 20.2888
 endloop
endfacet
facet normal 0.154629 0.640876 0.75191
 outer loop
  vertex 21.2636 78.0729 20.2888
  vertex 24.6636 77.3456 20.1282
  vertex 21.5106 78.7297 19.6634
 endloop
endfacet
facet normal 0.147208 0.566608 0.810732
 outer loop
  vertex 21.5106 78.7297 19.6634
  vertex 24.6636 77.3456 20.1282
  vertex 24.9361 78.0874 19.5789
 endloop
endfacet
facet normal -0.0768901 0.840223 0.536762
 outer loop
  vertex -14.4705 79.7372 19.5682
  vertex -14.0862 78.7898 21.0791
  vertex -7.26308 80.3352 19.3749
 endloop
endfacet
facet normal -0.0115136 0.835719 0.549037
 outer loop
  vertex -7.26308 80.3352 19.3749
  vertex 0.0527877 80.5287 19.2892
  vertex -7.34184 81.3633 17.9459
 endloop
endfacet
facet normal -0.142333 0.758062 0.636461
 outer loop
  vertex -21.0276 77.5103 21.0179
  vertex -14.4705 79.7372 19.5682
  vertex -21.2608 78.0735 20.2889
 endloop
endfacet
facet normal -0.198671 0.680642 0.705164
 outer loop
  vertex -24.4131 76.6973 20.8144
  vertex -21.2608 78.0735 20.2889
  vertex -24.6651 77.3453 20.1282
 endloop
endfacet
facet normal -0.199658 0.741314 0.640773
 outer loop
  vertex -24.4131 76.6973 20.8144
  vertex -21.0276 77.5103 21.0179
  vertex -21.2608 78.0735 20.2889
 endloop
endfacet
facet normal -0.0192043 0.50453 0.86318
 outer loop
  vertex -14.8642 80.9621 18.3362
  vertex -22.1707 80.2036 18.7816
  vertex -21.7601 79.455 19.1566
 endloop
endfacet
facet normal -0.0423891 0.407978 0.912007
 outer loop
  vertex -21.7601 79.455 19.1566
  vertex -22.1707 80.2036 18.7816
  vertex -25.2178 78.8854 19.181
 endloop
endfacet
facet normal -0.0232549 0.311923 0.949823
 outer loop
  vertex -25.2178 78.8854 19.181
  vertex -22.1707 80.2036 18.7816
  vertex -25.6149 79.6847 18.9384
 endloop
endfacet
facet normal -0.0517927 0.237995 0.969884
 outer loop
  vertex -28.6107 78.2352 19.0812
  vertex -25.2178 78.8854 19.181
  vertex -25.6149 79.6847 18.9384
 endloop
endfacet
facet normal -0.113502 0.696721 0.708305
 outer loop
  vertex -21.5078 78.7301 19.6635
  vertex -21.2608 78.0735 20.2889
  vertex -14.4705 79.7372 19.5682
 endloop
endfacet
facet normal 0 0 1
 outer loop
  vertex -28.9196 79.08 19
  vertex -55 79.08 19
  vertex -41.0649 73.5096 19
 endloop
endfacet
facet normal 0 0 1
 outer loop
  vertex -41.0649 73.5096 19
  vertex -55 79.08 19
  vertex -55 67.5 19
 endloop
endfacet
facet normal 0 0 1
 outer loop
  vertex -52.8974 65.5122 19
  vertex -55 67.5 19
  vertex -55.0924 65.9826 19
 endloop
endfacet
facet normal 0 0 1
 outer loop
  vertex -55.3684 64.4876 19
  vertex -52.8974 65.5122 19
  vertex -55.0924 65.9826 19
 endloop
endfacet
facet normal 0 0 1
 outer loop
  vertex -55.3684 64.4876 19
  vertex -55.8238 63.0372 19
  vertex -52.8974 65.5122 19
 endloop
endfacet
facet normal 0 0 1
 outer loop
  vertex -52.8974 65.5122 19
  vertex -41.0649 73.5096 19
  vertex -55 67.5 19
 endloop
endfacet
facet normal -1 0 0
 outer loop
  vertex -55 67.5 18
  vertex -55 79.08 19
  vertex -55 81.3161 18
 endloop
endfacet
facet normal -1 0 0
 outer loop
  vertex -55 67.5 18
  vertex -55 67.5 19
  vertex -55 79.08 19
 endloop
endfacet
facet normal -1 0 0
 outer loop
  vertex -55 79.08 19
  vertex -55 79.9101 18.8829
  vertex -55 81.3161 18
 endloop
endfacet
facet normal -1 0 0
 outer loop
  vertex -55 81.3161 18
  vertex -55 79.9101 18.8829
  vertex -55 80.6754 18.5406
 endloop
endfacet
facet normal 0 1 0
 outer loop
  vertex -67.5 55 19
  vertex -67.5 55 18
  vertex -79.08 55 19
 endloop
endfacet
facet normal 0 1 0
 outer loop
  vertex -79.08 55 19
  vertex -67.5 55 18
  vertex -81.3161 55 18
 endloop
endfacet
facet normal 0 1 0
 outer loop
  vertex -79.9101 55 18.8829
  vertex -81.3161 55 18
  vertex -80.6754 55 18.5406
 endloop
endfacet
facet normal 0 1 0
 outer loop
  vertex -79.9101 55 18.8829
  vertex -79.08 55 19
  vertex -81.3161 55 18
 endloop
endfacet
facet normal 0 0 1
 outer loop
  vertex -79.08 28.9196 19
  vertex -78.1302 31.3953 19
  vertex -79.08 55 19
 endloop
endfacet
facet normal 0 0 1
 outer loop
  vertex -79.08 55 19
  vertex -78.1302 31.3953 19
  vertex -71.7005 44.1478 19
 endloop
endfacet
facet normal 0 0 1
 outer loop
  vertex -67.5 55 19
  vertex -71.7005 44.1478 19
  vertex -65.9826 55.0924 19
 endloop
endfacet
facet normal 0 0 1
 outer loop
  vertex -67.5 55 19
  vertex -79.08 55 19
  vertex -71.7005 44.1478 19
 endloop
endfacet
facet normal 0 0 1
 outer loop
  vertex -65.9826 55.0924 19
  vertex -71.7005 44.1478 19
  vertex -64.4876 55.3684 19
 endloop
endfacet
facet normal 0 0 1
 outer loop
  vertex -64.4876 55.3684 19
  vertex -71.7005 44.1478 19
  vertex -63.2082 55.6302 19
 endloop
endfacet
facet normal 0 0 1
 outer loop
  vertex -63.0372 55.8238 19
  vertex -64.4876 55.3684 19
  vertex -63.2082 55.6302 19
 endloop
endfacet
facet normal -0.957919 -0.279933 0.0634771
 outer loop
  vertex -76.677 -19.6107 24.4829
  vertex -76.7198 -19.6236 23.9172
  vertex -74.3509 -27.1902 23.8626
 endloop
endfacet
facet normal -0.931182 -0.320306 0.17408
 outer loop
  vertex -74.3509 -27.1902 23.8626
  vertex -76.7198 -19.6236 23.9172
  vertex -74.6676 -27.306 22.2184
 endloop
endfacet
facet normal -0.921897 -0.283031 0.264574
 outer loop
  vertex -74.6676 -27.306 22.2184
  vertex -76.7198 -19.6236 23.9172
  vertex -76.9408 -19.8246 22.7204
 endloop
endfacet
facet normal -0.846141 -0.280835 0.452965
 outer loop
  vertex -74.7293 -27.3286 22.057
  vertex -76.9408 -19.8246 22.7204
  vertex -76.7988 -24.016 20.8473
 endloop
endfacet
facet normal -0.678577 -0.28278 0.677915
 outer loop
  vertex -75.5831 -27.6408 20.6441
  vertex -76.7988 -24.016 20.8473
  vertex -75.7929 -27.7175 20.4141
 endloop
endfacet
facet normal -0.75886 -0.305727 0.575032
 outer loop
  vertex -75.5831 -27.6408 20.6441
  vertex -74.7293 -27.3286 22.057
  vertex -76.7988 -24.016 20.8473
 endloop
endfacet
facet normal -0.939228 -0.240025 0.245435
 outer loop
  vertex -76.7198 -19.6236 23.9172
  vertex -76.9844 -19.6639 22.712
  vertex -76.9408 -19.8246 22.7204
 endloop
endfacet
facet normal -0.922133 -0.23434 0.307825
 outer loop
  vertex -76.9408 -19.8246 22.7204
  vertex -76.9844 -19.6639 22.712
  vertex -76.9925 -19.6649 22.6872
 endloop
endfacet
facet normal -0.853979 -0.202933 0.479102
 outer loop
  vertex -77.6867 -20.2167 21.0447
  vertex -76.9925 -19.6649 22.6872
  vertex -77.7857 -19.752 21.0554
 endloop
endfacet
facet normal -0.734503 -0.145383 0.66285
 outer loop
  vertex -78.2318 -20.4454 20.3073
  vertex -77.7857 -19.752 21.0554
  vertex -78.9962 -19.865 19.6712
 endloop
endfacet
facet normal -0.604428 -0.0870581 0.791889
 outer loop
  vertex -78.8695 -20.6867 19.6668
  vertex -78.9962 -19.865 19.6712
  vertex -79.5767 -20.9327 19.138
 endloop
endfacet
facet normal -0.464239 -0.0852451 0.881598
 outer loop
  vertex -78.1675 -24.5351 19.5959
  vertex -79.5767 -20.9327 19.138
  vertex -78.9573 -24.8117 19.1836
 endloop
endfacet
facet normal -0.283592 -0.107326 0.95292
 outer loop
  vertex -77.372 -28.295 19.3397
  vertex -78.9573 -24.8117 19.1836
  vertex -78.2352 -28.6107 19.0812
 endloop
endfacet
facet normal -0.396606 -0.122971 0.909715
 outer loop
  vertex -77.372 -28.295 19.3397
  vertex -78.1675 -24.5351 19.5959
  vertex -78.9573 -24.8117 19.1836
 endloop
endfacet
facet normal -0.408013 -0.168043 0.897378
 outer loop
  vertex -77.372 -28.295 19.3397
  vertex -76.9708 -28.1483 19.5283
  vertex -78.1675 -24.5351 19.5959
 endloop
endfacet
facet normal -0.460958 -0.192098 0.866381
 outer loop
  vertex -78.1675 -24.5351 19.5959
  vertex -76.9708 -28.1483 19.5283
  vertex -76.5401 -27.9908 19.7876
 endloop
endfacet
facet normal -0.580536 -0.24346 0.776985
 outer loop
  vertex -77.4361 -24.2658 20.1553
  vertex -76.5401 -27.9908 19.7876
  vertex -75.7929 -27.7175 20.4141
 endloop
endfacet
facet normal -0.663072 -0.242065 0.708336
 outer loop
  vertex -76.7988 -24.016 20.8473
  vertex -77.4361 -24.2658 20.1553
  vertex -75.7929 -27.7175 20.4141
 endloop
endfacet
facet normal -0.694447 -0.192647 0.693275
 outer loop
  vertex -76.7988 -24.016 20.8473
  vertex -78.2318 -20.4454 20.3073
  vertex -77.4361 -24.2658 20.1553
 endloop
endfacet
facet normal -0.755414 -0.191974 0.626494
 outer loop
  vertex -76.7988 -24.016 20.8473
  vertex -77.6867 -20.2167 21.0447
  vertex -78.2318 -20.4454 20.3073
 endloop
endfacet
facet normal -0.831021 -0.223155 0.509515
 outer loop
  vertex -76.7988 -24.016 20.8473
  vertex -76.9408 -19.8246 22.7204
  vertex -77.6867 -20.2167 21.0447
 endloop
endfacet
facet normal -0.891054 -0.221044 0.396436
 outer loop
  vertex -77.6867 -20.2167 21.0447
  vertex -76.9408 -19.8246 22.7204
  vertex -76.9925 -19.6649 22.6872
 endloop
endfacet
facet normal -0.550707 -0.0520367 0.833075
 outer loop
  vertex -78.9962 -19.865 19.6712
  vertex -80.4734 -19.9886 18.6568
  vertex -79.5767 -20.9327 19.138
 endloop
endfacet
facet normal -0.469247 -0.0182377 0.882879
 outer loop
  vertex -79.5767 -20.9327 19.138
  vertex -80.4734 -19.9886 18.6568
  vertex -80.3277 -21.209 18.7283
 endloop
endfacet
facet normal -0.338051 -0.0227117 0.940854
 outer loop
  vertex -78.9573 -24.8117 19.1836
  vertex -80.3277 -21.209 18.7283
  vertex -79.7612 -25.1543 18.9216
 endloop
endfacet
facet normal -0.157113 -0.0433433 0.986629
 outer loop
  vertex -78.2352 -28.6107 19.0812
  vertex -79.7612 -25.1543 18.9216
  vertex -78.6434 -28.7599 19.0216
 endloop
endfacet
facet normal -0.252141 -0.051253 0.966332
 outer loop
  vertex -78.2352 -28.6107 19.0812
  vertex -78.9573 -24.8117 19.1836
  vertex -79.7612 -25.1543 18.9216
 endloop
endfacet
facet normal -0.104272 -0.0148955 0.994437
 outer loop
  vertex -79.7612 -25.1543 18.9216
  vertex -79.08 -28.9196 19
  vertex -78.6434 -28.7599 19.0216
 endloop
endfacet
facet normal -0.87919 -0.318475 0.354398
 outer loop
  vertex -74.7293 -27.3286 22.057
  vertex -74.6676 -27.306 22.2184
  vertex -76.9408 -19.8246 22.7204
 endloop
endfacet
facet normal -0.782723 -0.174006 0.597551
 outer loop
  vertex -77.6867 -20.2167 21.0447
  vertex -77.7857 -19.752 21.0554
  vertex -78.2318 -20.4454 20.3073
 endloop
endfacet
facet normal -0.535954 -0.18788 0.823076
 outer loop
  vertex -76.5401 -27.9908 19.7876
  vertex -77.4361 -24.2658 20.1553
  vertex -78.1675 -24.5351 19.5959
 endloop
endfacet
facet normal -0.584713 -0.142823 0.798569
 outer loop
  vertex -78.1675 -24.5351 19.5959
  vertex -77.4361 -24.2658 20.1553
  vertex -78.8695 -20.6867 19.6668
 endloop
endfacet
facet normal -0.552351 -0.0976511 0.827872
 outer loop
  vertex -79.5767 -20.9327 19.138
  vertex -78.1675 -24.5351 19.5959
  vertex -78.8695 -20.6867 19.6668
 endloop
endfacet
facet normal -0.659906 -0.148725 0.736481
 outer loop
  vertex -77.4361 -24.2658 20.1553
  vertex -78.2318 -20.4454 20.3073
  vertex -78.8695 -20.6867 19.6668
 endloop
endfacet
facet normal -0.670114 -0.118972 0.732661
 outer loop
  vertex -78.8695 -20.6867 19.6668
  vertex -78.2318 -20.4454 20.3073
  vertex -78.9962 -19.865 19.6712
 endloop
endfacet
facet normal -0.436863 -0.0409833 0.898594
 outer loop
  vertex -79.5767 -20.9327 19.138
  vertex -80.3277 -21.209 18.7283
  vertex -78.9573 -24.8117 19.1836
 endloop
endfacet
facet normal 0 0 1
 outer loop
  vertex -67.5 -55 19
  vertex -67.6982 -50.0693 19
  vertex -79.08 -55 19
 endloop
endfacet
facet normal 0 0 1
 outer loop
  vertex -67.5 -55 19
  vertex -65.9826 -55.0924 19
  vertex -67.6982 -50.0693 19
 endloop
endfacet
facet normal 0 0 1
 outer loop
  vertex -67.6982 -50.0693 19
  vertex -65.9826 -55.0924 19
  vertex -64.4876 -55.3684 19
 endloop
endfacet
facet normal 0 0 1
 outer loop
  vertex -63.0372 -55.8238 19
  vertex -67.6982 -50.0693 19
  vertex -64.4876 -55.3684 19
 endloop
endfacet
facet normal 0 0 1
 outer loop
  vertex -67.6982 -50.0693 19
  vertex -75.1862 -37.9081 19
  vertex -79.08 -55 19
 endloop
endfacet
facet normal 0 0 1
 outer loop
  vertex -79.08 -55 19
  vertex -75.1862 -37.9081 19
  vertex -79.08 -28.9196 19
 endloop
endfacet
facet normal 0 -1 0
 outer loop
  vertex -67.5 -55 18
  vertex -79.08 -55 19
  vertex -81.3161 -55 18
 endloop
endfacet
facet normal 0 -1 0
 outer loop
  vertex -67.5 -55 18
  vertex -67.5 -55 19
  vertex -79.08 -55 19
 endloop
endfacet
facet normal 0 -1 0
 outer loop
  vertex -79.08 -55 19
  vertex -79.9101 -55 18.8829
  vertex -81.3161 -55 18
 endloop
endfacet
facet normal 0 -1 0
 outer loop
  vertex -81.3161 -55 18
  vertex -79.9101 -55 18.8829
  vertex -80.6754 -55 18.5406
 endloop
endfacet
facet normal -1 0 0
 outer loop
  vertex -55 -76.5597 19
  vertex -55 -76.5597 18
  vertex -55 -79.08 19
 endloop
endfacet
facet normal -1 0 0
 outer loop
  vertex -55 -79.08 19
  vertex -55 -76.5597 18
  vertex -55 -81.3161 18
 endloop
endfacet
facet normal -1 0 0
 outer loop
  vertex -55 -79.9101 18.8829
  vertex -55 -81.3161 18
  vertex -55 -80.6754 18.5406
 endloop
endfacet
facet normal -1 0 0
 outer loop
  vertex -55 -79.9101 18.8829
  vertex -55 -79.08 19
  vertex -55 -81.3161 18
 endloop
endfacet
facet normal 0 0 1
 outer loop
  vertex -52.8524 -74.1543 19
  vertex -54.0697 -75.7411 19
  vertex -55 -79.08 19
 endloop
endfacet
facet normal 0 0 1
 outer loop
  vertex -34.6829 -76.7273 19
  vertex -55 -79.08 19
  vertex -28.9196 -79.08 19
 endloop
endfacet
facet normal 0 0 1
 outer loop
  vertex -34.6829 -76.7273 19
  vertex -52.8524 -74.1543 19
  vertex -55 -79.08 19
 endloop
endfacet
facet normal 0 0 1
 outer loop
  vertex -34.6829 -76.7273 19
  vertex -47.151 -69.7622 19
  vertex -52.8524 -74.1543 19
 endloop
endfacet
facet normal 0 0 1
 outer loop
  vertex -52.8524 -74.1543 19
  vertex -47.151 -69.7622 19
  vertex -52.2784 -72.9481 19
 endloop
endfacet
facet normal 0 0 1
 outer loop
  vertex -52.2784 -72.9481 19
  vertex -47.151 -69.7622 19
  vertex -52.2469 -71.6127 19
 endloop
endfacet
facet normal 0 0 1
 outer loop
  vertex -52.2469 -71.6127 19
  vertex -47.151 -69.7622 19
  vertex -52.7633 -70.3808 19
 endloop
endfacet
facet normal 0 0 1
 outer loop
  vertex -52.7633 -70.3808 19
  vertex -47.151 -69.7622 19
  vertex -53.7376 -69.467 19
 endloop
endfacet
facet normal 0 0 1
 outer loop
  vertex -53.7376 -69.467 19
  vertex -47.151 -69.7622 19
  vertex -55.0924 -65.9826 19
 endloop
endfacet
facet normal 0 0 1
 outer loop
  vertex -55 -67.5 19
  vertex -53.7376 -69.467 19
  vertex -55.0924 -65.9826 19
 endloop
endfacet
facet normal 0 0 1
 outer loop
  vertex -55 -67.5 19
  vertex -55 -69.0306 19
  vertex -53.7376 -69.467 19
 endloop
endfacet
facet normal 0 0 1
 outer loop
  vertex -54.0697 -75.7411 19
  vertex -54.3434 -76.0536 19
  vertex -55 -79.08 19
 endloop
endfacet
facet normal 0 0 1
 outer loop
  vertex -55 -79.08 19
  vertex -54.3434 -76.0536 19
  vertex -54.6552 -76.328 19
 endloop
endfacet
facet normal 0 0 1
 outer loop
  vertex -55 -76.5597 19
  vertex -55 -79.08 19
  vertex -54.6552 -76.328 19
 endloop
endfacet
facet normal 0 0 1
 outer loop
  vertex -55.8238 -63.0372 19
  vertex -55.3684 -64.4876 19
  vertex -47.151 -69.7622 19
 endloop
endfacet
facet normal 0 0 1
 outer loop
  vertex -47.151 -69.7622 19
  vertex -55.3684 -64.4876 19
  vertex -55.0924 -65.9826 19
 endloop
endfacet
facet normal 0.014906 -0.096724 0.9952
 outer loop
  vertex 28.9196 -79.08 19
  vertex 28.7599 -78.6434 19.0216
  vertex 25.6149 -79.6847 18.9384
 endloop
endfacet
facet normal 0.0433455 -0.149595 0.987797
 outer loop
  vertex 25.6149 -79.6847 18.9384
  vertex 28.7599 -78.6434 19.0216
  vertex 28.6107 -78.2352 19.0812
 endloop
endfacet
facet normal 0.107812 -0.276884 0.954836
 outer loop
  vertex 25.2178 -78.8854 19.181
  vertex 28.6107 -78.2352 19.0812
  vertex 28.295 -77.372 19.3397
 endloop
endfacet
facet normal 0.169017 -0.402326 0.899759
 outer loop
  vertex 24.9377 -78.0871 19.5789
  vertex 28.295 -77.372 19.3397
  vertex 28.1483 -76.9708 19.5283
 endloop
endfacet
facet normal 0.193125 -0.455408 0.869084
 outer loop
  vertex 27.9908 -76.5401 19.7876
  vertex 24.9377 -78.0871 19.5789
  vertex 28.1483 -76.9708 19.5283
 endloop
endfacet
facet normal 0.190457 -0.526105 0.828818
 outer loop
  vertex 27.9908 -76.5401 19.7876
  vertex 24.6651 -77.3453 20.1282
  vertex 24.9377 -78.0871 19.5789
 endloop
endfacet
facet normal 0.244945 -0.576108 0.779809
 outer loop
  vertex 27.9908 -76.5401 19.7876
  vertex 27.7175 -75.7929 20.4141
  vertex 24.6651 -77.3453 20.1282
 endloop
endfacet
facet normal 0.245493 -0.655609 0.71408
 outer loop
  vertex 24.6651 -77.3453 20.1282
  vertex 27.7175 -75.7929 20.4141
  vertex 24.4131 -76.6973 20.8144
 endloop
endfacet
facet normal 0.199658 -0.741314 0.640773
 outer loop
  vertex 21.2608 -78.0735 20.2889
  vertex 24.4131 -76.6973 20.8144
  vertex 21.0276 -77.5103 21.0179
 endloop
endfacet
facet normal 0.131515 -0.819495 0.557792
 outer loop
  vertex 14.4705 -79.7372 19.5682
  vertex 21.0276 -77.5103 21.0179
  vertex 14.0862 -78.7898 21.0791
 endloop
endfacet
facet normal 0.0738021 -0.89191 0.446149
 outer loop
  vertex 7.26308 -80.3352 19.3749
  vertex 14.0862 -78.7898 21.0791
  vertex 7.03148 -79.5571 20.9754
 endloop
endfacet
facet normal 0.020255 -0.920023 0.39134
 outer loop
  vertex -0.0527877 -80.5287 19.2892
  vertex 7.03148 -79.5571 20.9754
  vertex -0.0509595 -79.8069 20.9227
 endloop
endfacet
facet normal -0.021356 -0.968625 0.247609
 outer loop
  vertex -7.1396 -79.5493 20.9769
  vertex -0.0509595 -79.8069 20.9227
  vertex -0.0476965 -79.1479 24.4019
 endloop
endfacet
facet normal -0.07901 -0.985901 0.1475
 outer loop
  vertex -13.5091 -77.9824 24.5163
  vertex -7.1396 -79.5493 20.9769
  vertex -0.0476965 -79.1479 24.4019
 endloop
endfacet
facet normal -0.132153 -0.966748 0.218937
 outer loop
  vertex -13.5091 -77.9824 24.5163
  vertex -13.7943 -78.1893 22.7702
  vertex -7.1396 -79.5493 20.9769
 endloop
endfacet
facet normal -0.196907 -0.974582 0.106851
 outer loop
  vertex -13.5091 -77.9824 24.5163
  vertex -20.3707 -76.4794 24.4592
  vertex -13.7943 -78.1893 22.7702
 endloop
endfacet
facet normal -0.223205 -0.953763 0.201286
 outer loop
  vertex -13.7943 -78.1893 22.7702
  vertex -20.3707 -76.4794 24.4592
  vertex -20.6356 -76.7373 22.6913
 endloop
endfacet
facet normal -0.191703 -0.870778 0.452764
 outer loop
  vertex -14.1418 -78.7817 21.0797
  vertex -20.6356 -76.7373 22.6913
  vertex -21.0303 -77.5097 21.0178
 endloop
endfacet
facet normal -0.142449 -0.757694 0.636873
 outer loop
  vertex -14.5271 -79.7308 19.5697
  vertex -21.0303 -77.5097 21.0178
  vertex -21.2636 -78.0729 20.2888
 endloop
endfacet
facet normal -0.154629 -0.640876 0.75191
 outer loop
  vertex -21.5106 -78.7297 19.6634
  vertex -21.2636 -78.0729 20.2888
  vertex -24.6636 -77.3456 20.1282
 endloop
endfacet
facet normal -0.190448 -0.52613 0.828804
 outer loop
  vertex -24.9361 -78.0874 19.5789
  vertex -24.6636 -77.3456 20.1282
  vertex -27.9907 -76.54 19.7874
 endloop
endfacet
facet normal -0.193119 -0.455422 0.869077
 outer loop
  vertex -28.1483 -76.9708 19.5282
  vertex -24.9361 -78.0874 19.5789
  vertex -27.9907 -76.54 19.7874
 endloop
endfacet
facet normal -0.169013 -0.402341 0.899753
 outer loop
  vertex -28.1483 -76.9708 19.5282
  vertex -28.295 -77.372 19.3397
  vertex -24.9361 -78.0874 19.5789
 endloop
endfacet
facet normal -0.124536 -0.384481 0.914694
 outer loop
  vertex -24.9361 -78.0874 19.5789
  vertex -28.295 -77.372 19.3397
  vertex -25.2163 -78.8856 19.181
 endloop
endfacet
facet normal -0.0423905 -0.407917 0.912035
 outer loop
  vertex -21.7628 -79.4545 19.1567
  vertex -25.2163 -78.8856 19.181
  vertex -22.1985 -80.1998 18.7832
 endloop
endfacet
facet normal -0.0192057 -0.503913 0.863541
 outer loop
  vertex -14.9218 -80.9576 18.3398
  vertex -21.7628 -79.4545 19.1567
  vertex -22.1985 -80.1998 18.7832
 endloop
endfacet
facet normal -0.0561338 -0.577047 0.814779
 outer loop
  vertex -14.9218 -80.9576 18.3398
  vertex -21.5106 -78.7297 19.6634
  vertex -21.7628 -79.4545 19.1567
 endloop
endfacet
facet normal -0.0607463 -0.670812 0.739136
 outer loop
  vertex -14.9218 -80.9576 18.3398
  vertex -14.5271 -79.7308 19.5697
  vertex -21.5106 -78.7297 19.6634
 endloop
endfacet
facet normal -0.0236057 -0.72137 0.692148
 outer loop
  vertex -14.9218 -80.9576 18.3398
  vertex -7.42463 -81.3606 17.949
  vertex -14.5271 -79.7308 19.5697
 endloop
endfacet
facet normal -0.0353277 -0.796698 0.603344
 outer loop
  vertex -14.5271 -79.7308 19.5697
  vertex -7.42463 -81.3606 17.949
  vertex -7.37419 -80.3292 19.3774
 endloop
endfacet
facet normal -0.0744733 -0.891326 0.447205
 outer loop
  vertex -14.1418 -78.7817 21.0797
  vertex -7.37419 -80.3292 19.3774
  vertex -7.1396 -79.5493 20.9769
 endloop
endfacet
facet normal -0.11618 -0.926521 0.357855
 outer loop
  vertex -13.7943 -78.1893 22.7702
  vertex -14.1418 -78.7817 21.0797
  vertex -7.1396 -79.5493 20.9769
 endloop
endfacet
facet normal -0.178332 -0.922979 0.341039
 outer loop
  vertex -13.7943 -78.1893 22.7702
  vertex -20.6356 -76.7373 22.6913
  vertex -14.1418 -78.7817 21.0797
 endloop
endfacet
facet normal 0.28459 -0.675243 0.680482
 outer loop
  vertex 27.7175 -75.7929 20.4141
  vertex 27.6408 -75.5831 20.6441
  vertex 24.4131 -76.6973 20.8144
 endloop
endfacet
facet normal 0.307701 -0.755841 0.577948
 outer loop
  vertex 24.4131 -76.6973 20.8144
  vertex 27.6408 -75.5831 20.6441
  vertex 27.3286 -74.7293 22.057
 endloop
endfacet
facet normal 0.322087 -0.876767 0.357127
 outer loop
  vertex 20.6329 -76.738 22.6914
  vertex 27.3286 -74.7293 22.057
  vertex 27.306 -74.6676 22.2184
 endloop
endfacet
facet normal 0.320488 -0.916371 0.239899
 outer loop
  vertex 27.1902 -74.3509 23.8626
  vertex 20.6329 -76.738 22.6914
  vertex 27.306 -74.6676 22.2184
 endloop
endfacet
facet normal 0.266467 -0.955081 0.129676
 outer loop
  vertex 27.1902 -74.3509 23.8626
  vertex 15.8369 -77.5426 24.5321
  vertex 20.6329 -76.738 22.6914
 endloop
endfacet
facet normal 0.203697 -0.958168 0.201049
 outer loop
  vertex 20.6329 -76.738 22.6914
  vertex 15.8369 -77.5426 24.5321
  vertex 13.7393 -78.1985 22.7698
 endloop
endfacet
facet normal 0.115464 -0.926909 0.357082
 outer loop
  vertex 14.0862 -78.7898 21.0791
  vertex 13.7393 -78.1985 22.7698
  vertex 7.03148 -79.5571 20.9754
 endloop
endfacet
facet normal 0.177919 -0.923228 0.340579
 outer loop
  vertex 14.0862 -78.7898 21.0791
  vertex 20.6329 -76.738 22.6914
  vertex 13.7393 -78.1985 22.7698
 endloop
endfacet
facet normal 0.191505 -0.870986 0.452448
 outer loop
  vertex 14.0862 -78.7898 21.0791
  vertex 21.0276 -77.5103 21.0179
  vertex 20.6329 -76.738 22.6914
 endloop
endfacet
facet normal 0.232204 -0.821443 0.520876
 outer loop
  vertex 20.6329 -76.738 22.6914
  vertex 21.0276 -77.5103 21.0179
  vertex 24.4131 -76.6973 20.8144
 endloop
endfacet
facet normal 0.286611 -0.841056 0.45878
 outer loop
  vertex 27.3286 -74.7293 22.057
  vertex 20.6329 -76.738 22.6914
  vertex 24.4131 -76.6973 20.8144
 endloop
endfacet
facet normal 0.17712 -0.978401 0.106582
 outer loop
  vertex 15.8369 -77.5426 24.5321
  vertex 13.4413 -77.9942 24.5155
  vertex 13.7393 -78.1985 22.7698
 endloop
endfacet
facet normal 0.131371 -0.966965 0.21845
 outer loop
  vertex 13.7393 -78.1985 22.7698
  vertex 13.4413 -77.9942 24.5155
  vertex 7.03148 -79.5571 20.9754
 endloop
endfacet
facet normal 0.0782426 -0.986012 0.147167
 outer loop
  vertex 7.03148 -79.5571 20.9754
  vertex 13.4413 -77.9942 24.5155
  vertex -1.85484E-06 -79.1479 24.4019
 endloop
endfacet
facet normal -0.000355293 -0.990755 0.135666
 outer loop
  vertex -0.0509595 -79.8069 20.9227
  vertex -1.85484E-06 -79.1479 24.4019
  vertex -0.0476965 -79.1479 24.4019
 endloop
endfacet
facet normal 0.02053 -0.968728 0.247272
 outer loop
  vertex -0.0509595 -79.8069 20.9227
  vertex 7.03148 -79.5571 20.9754
  vertex -1.85484E-06 -79.1479 24.4019
 endloop
endfacet
facet normal -0.285471 -0.949586 0.129587
 outer loop
  vertex -20.3707 -76.4794 24.4592
  vertex -27.1902 -74.3509 23.8626
  vertex -20.6356 -76.7373 22.6913
 endloop
endfacet
facet normal -0.3205 -0.916364 0.239909
 outer loop
  vertex -20.6356 -76.7373 22.6913
  vertex -27.1902 -74.3509 23.8626
  vertex -27.306 -74.6676 22.2184
 endloop
endfacet
facet normal -0.322097 -0.876759 0.357136
 outer loop
  vertex -27.3286 -74.7293 22.057
  vertex -20.6356 -76.7373 22.6913
  vertex -27.306 -74.6676 22.2184
 endloop
endfacet
facet normal -0.286616 -0.841054 0.45878
 outer loop
  vertex -27.3286 -74.7293 22.057
  vertex -24.4115 -76.6976 20.8144
  vertex -20.6356 -76.7373 22.6913
 endloop
endfacet
facet normal -0.307692 -0.755851 0.57794
 outer loop
  vertex -27.3286 -74.7293 22.057
  vertex -27.6408 -75.583 20.6441
  vertex -24.4115 -76.6976 20.8144
 endloop
endfacet
facet normal -0.284581 -0.675253 0.680475
 outer loop
  vertex -24.4115 -76.6976 20.8144
  vertex -27.6408 -75.583 20.6441
  vertex -27.7175 -75.7929 20.4141
 endloop
endfacet
facet normal -0.244937 -0.576121 0.779802
 outer loop
  vertex -24.6636 -77.3456 20.1282
  vertex -27.7175 -75.7929 20.4141
  vertex -27.9907 -76.54 19.7874
 endloop
endfacet
facet normal -0.245481 -0.65563 0.714065
 outer loop
  vertex -24.6636 -77.3456 20.1282
  vertex -24.4115 -76.6976 20.8144
  vertex -27.7175 -75.7929 20.4141
 endloop
endfacet
facet normal -0.198669 -0.680638 0.705169
 outer loop
  vertex -24.6636 -77.3456 20.1282
  vertex -21.2636 -78.0729 20.2888
  vertex -24.4115 -76.6976 20.8144
 endloop
endfacet
facet normal -0.199672 -0.741284 0.640804
 outer loop
  vertex -24.4115 -76.6976 20.8144
  vertex -21.2636 -78.0729 20.2888
  vertex -21.0303 -77.5097 21.0178
 endloop
endfacet
facet normal -0.232221 -0.821426 0.520896
 outer loop
  vertex -20.6356 -76.7373 22.6913
  vertex -24.4115 -76.6976 20.8144
  vertex -21.0303 -77.5097 21.0178
 endloop
endfacet
facet normal -0.10781 -0.276901 0.954831
 outer loop
  vertex -28.295 -77.372 19.3397
  vertex -28.6107 -78.2352 19.0809
  vertex -25.2163 -78.8856 19.181
 endloop
endfacet
facet normal -0.0517918 -0.238031 0.969876
 outer loop
  vertex -25.2163 -78.8856 19.181
  vertex -28.6107 -78.2352 19.0809
  vertex -25.6285 -79.6824 18.9389
 endloop
endfacet
facet normal -0.0232538 -0.311916 0.949825
 outer loop
  vertex -22.1985 -80.1998 18.7832
  vertex -25.2163 -78.8856 19.181
  vertex -25.6285 -79.6824 18.9389
 endloop
endfacet
facet normal -0.0433461 -0.149614 0.987794
 outer loop
  vertex -28.6107 -78.2352 19.0809
  vertex -28.7599 -78.6434 19.0215
  vertex -25.6285 -79.6824 18.9389
 endloop
endfacet
facet normal -0.0149066 -0.0967433 0.995198
 outer loop
  vertex -25.6285 -79.6824 18.9389
  vertex -28.7599 -78.6434 19.0215
  vertex -28.9196 -79.08 19
 endloop
endfacet
facet normal -0.0118611 -0.835075 0.550008
 outer loop
  vertex -7.37419 -80.3292 19.3774
  vertex -7.42463 -81.3606 17.949
  vertex -0.0527877 -80.5287 19.2892
 endloop
endfacet
facet normal -0.0210359 -0.91987 0.391659
 outer loop
  vertex -7.1396 -79.5493 20.9769
  vertex -0.0527877 -80.5287 19.2892
  vertex -0.0509595 -79.8069 20.9227
 endloop
endfacet
facet normal -0.0326508 -0.890642 0.453531
 outer loop
  vertex -7.1396 -79.5493 20.9769
  vertex -7.37419 -80.3292 19.3774
  vertex -0.0527877 -80.5287 19.2892
 endloop
endfacet
facet normal -8.41237E-05 -0.816379 0.577517
 outer loop
  vertex -7.42463 -81.3606 17.949
  vertex -0.0546374 -81.4789 17.8014
  vertex -0.0527877 -80.5287 19.2892
 endloop
endfacet
facet normal -8.41185E-05 -0.816755 0.576984
 outer loop
  vertex -0.0527877 -80.5287 19.2892
  vertex -0.0546374 -81.4789 17.8014
  vertex 7.34184 -81.3633 17.9459
 endloop
endfacet
facet normal 0.0350512 -0.797709 0.602024
 outer loop
  vertex 7.26308 -80.3352 19.3749
  vertex 7.34184 -81.3633 17.9459
  vertex 14.4705 -79.7372 19.5682
 endloop
endfacet
facet normal 0.0768901 -0.840223 0.536762
 outer loop
  vertex 14.0862 -78.7898 21.0791
  vertex 7.26308 -80.3352 19.3749
  vertex 14.4705 -79.7372 19.5682
 endloop
endfacet
facet normal 0.0235074 -0.722604 0.690862
 outer loop
  vertex 7.34184 -81.3633 17.9459
  vertex 14.8642 -80.9621 18.3362
  vertex 14.4705 -79.7372 19.5682
 endloop
endfacet
facet normal 0.0606438 -0.671679 0.738356
 outer loop
  vertex 14.4705 -79.7372 19.5682
  vertex 14.8642 -80.9621 18.3362
  vertex 21.5078 -78.7301 19.6635
 endloop
endfacet
facet normal 0.154619 -0.640916 0.751877
 outer loop
  vertex 21.2608 -78.0735 20.2889
  vertex 21.5078 -78.7301 19.6635
  vertex 24.6651 -77.3453 20.1282
 endloop
endfacet
facet normal 0.198671 -0.680642 0.705164
 outer loop
  vertex 24.4131 -76.6973 20.8144
  vertex 21.2608 -78.0735 20.2889
  vertex 24.6651 -77.3453 20.1282
 endloop
endfacet
facet normal 0.0561267 -0.577626 0.81437
 outer loop
  vertex 21.5078 -78.7301 19.6635
  vertex 14.8642 -80.9621 18.3362
  vertex 21.7601 -79.455 19.1566
 endloop
endfacet
facet normal 0.0877346 -0.441908 0.89276
 outer loop
  vertex 24.9377 -78.0871 19.5789
  vertex 21.7601 -79.455 19.1566
  vertex 25.2178 -78.8854 19.181
 endloop
endfacet
facet normal 0.124541 -0.38445 0.914706
 outer loop
  vertex 28.295 -77.372 19.3397
  vertex 24.9377 -78.0871 19.5789
  vertex 25.2178 -78.8854 19.181
 endloop
endfacet
facet normal 0.0232549 -0.311923 0.949823
 outer loop
  vertex 25.6149 -79.6847 18.9384
  vertex 25.2178 -78.8854 19.181
  vertex 22.1707 -80.2036 18.7816
 endloop
endfacet
facet normal 0.0517927 -0.237995 0.969884
 outer loop
  vertex 25.6149 -79.6847 18.9384
  vertex 28.6107 -78.2352 19.0812
  vertex 25.2178 -78.8854 19.181
 endloop
endfacet
facet normal -0.0773438 -0.839466 0.53788
 outer loop
  vertex -7.37419 -80.3292 19.3774
  vertex -14.1418 -78.7817 21.0797
  vertex -14.5271 -79.7308 19.5697
 endloop
endfacet
facet normal -0.1318 -0.818979 0.558481
 outer loop
  vertex -14.5271 -79.7308 19.5697
  vertex -14.1418 -78.7817 21.0797
  vertex -21.0303 -77.5097 21.0178
 endloop
endfacet
facet normal -0.0877328 -0.441902 0.892763
 outer loop
  vertex -25.2163 -78.8856 19.181
  vertex -21.7628 -79.4545 19.1567
  vertex -24.9361 -78.0874 19.5789
 endloop
endfacet
facet normal -0.101386 -0.528244 0.843018
 outer loop
  vertex -24.9361 -78.0874 19.5789
  vertex -21.7628 -79.4545 19.1567
  vertex -21.5106 -78.7297 19.6634
 endloop
endfacet
facet normal -0.147208 -0.566608 0.810732
 outer loop
  vertex -24.6636 -77.3456 20.1282
  vertex -24.9361 -78.0874 19.5789
  vertex -21.5106 -78.7297 19.6634
 endloop
endfacet
facet normal -0.113609 -0.696312 0.708691
 outer loop
  vertex -21.5106 -78.7297 19.6634
  vertex -14.5271 -79.7308 19.5697
  vertex -21.2636 -78.0729 20.2888
 endloop
endfacet
facet normal 0.0115136 -0.835719 0.549037
 outer loop
  vertex 7.34184 -81.3633 17.9459
  vertex 7.26308 -80.3352 19.3749
  vertex -0.0527877 -80.5287 19.2892
 endloop
endfacet
facet normal 0.031988 -0.891054 0.452769
 outer loop
  vertex -0.0527877 -80.5287 19.2892
  vertex 7.26308 -80.3352 19.3749
  vertex 7.03148 -79.5571 20.9754
 endloop
endfacet
facet normal 0.142333 -0.758062 0.636461
 outer loop
  vertex 21.0276 -77.5103 21.0179
  vertex 14.4705 -79.7372 19.5682
  vertex 21.2608 -78.0735 20.2889
 endloop
endfacet
facet normal 0.113502 -0.696721 0.708305
 outer loop
  vertex 21.2608 -78.0735 20.2889
  vertex 14.4705 -79.7372 19.5682
  vertex 21.5078 -78.7301 19.6635
 endloop
endfacet
facet normal 0.10138 -0.528296 0.842986
 outer loop
  vertex 21.7601 -79.455 19.1566
  vertex 24.9377 -78.0871 19.5789
  vertex 21.5078 -78.7301 19.6635
 endloop
endfacet
facet normal 0.14721 -0.566613 0.810727
 outer loop
  vertex 21.5078 -78.7301 19.6635
  vertex 24.9377 -78.0871 19.5789
  vertex 24.6651 -77.3453 20.1282
 endloop
endfacet
facet normal 0.0192043 -0.50453 0.86318
 outer loop
  vertex 14.8642 -80.9621 18.3362
  vertex 22.1707 -80.2036 18.7816
  vertex 21.7601 -79.455 19.1566
 endloop
endfacet
facet normal 0.0423891 -0.407978 0.912007
 outer loop
  vertex 21.7601 -79.455 19.1566
  vertex 22.1707 -80.2036 18.7816
  vertex 25.2178 -78.8854 19.181
 endloop
endfacet
facet normal 0 0 1
 outer loop
  vertex 55 -67.5 19
  vertex 47.151 -69.7622 19
  vertex 55 -79.08 19
 endloop
endfacet
facet normal 0 0 1
 outer loop
  vertex 55 -67.5 19
  vertex 55.0924 -65.9826 19
  vertex 47.151 -69.7622 19
 endloop
endfacet
facet normal 0 0 1
 outer loop
  vertex 47.151 -69.7622 19
  vertex 55.0924 -65.9826 19
  vertex 55.3684 -64.4876 19
 endloop
endfacet
facet normal 0 0 1
 outer loop
  vertex 55.8238 -63.0372 19
  vertex 47.151 -69.7622 19
  vertex 55.3684 -64.4876 19
 endloop
endfacet
facet normal 0 0 1
 outer loop
  vertex 47.151 -69.7622 19
  vertex 34.6829 -76.7273 19
  vertex 55 -79.08 19
 endloop
endfacet
facet normal 0 0 1
 outer loop
  vertex 55 -79.08 19
  vertex 34.6829 -76.7273 19
  vertex 28.9196 -79.08 19
 endloop
endfacet
facet normal 1 0 0
 outer loop
  vertex 55 -67.5 18
  vertex 55 -79.08 19
  vertex 55 -81.3161 18
 endloop
endfacet
facet normal 1 0 0
 outer loop
  vertex 55 -67.5 18
  vertex 55 -67.5 19
  vertex 55 -79.08 19
 endloop
endfacet
facet normal 1 0 0
 outer loop
  vertex 55 -79.08 19
  vertex 55 -79.9101 18.8829
  vertex 55 -81.3161 18
 endloop
endfacet
facet normal 1 0 0
 outer loop
  vertex 55 -81.3161 18
  vertex 55 -79.9101 18.8829
  vertex 55 -80.6754 18.5406
 endloop
endfacet
facet normal 2.31296E-16 -1 0
 outer loop
  vertex 67.5 -55 19
  vertex 67.5 -55 18
  vertex 79.08 -55 19
 endloop
endfacet
facet normal 2.31296E-16 -1 0
 outer loop
  vertex 79.08 -55 19
  vertex 67.5 -55 18
  vertex 81.3161 -55 18
 endloop
endfacet
facet normal 2.31296E-16 -1 0
 outer loop
  vertex 79.9101 -55 18.8829
  vertex 81.3161 -55 18
  vertex 80.6754 -55 18.5406
 endloop
endfacet
facet normal 2.31296E-16 -1 0
 outer loop
  vertex 79.9101 -55 18.8829
  vertex 79.08 -55 19
  vertex 81.3161 -55 18
 endloop
endfacet
facet normal 0 0 1
 outer loop
  vertex 79.08 -28.9196 19
  vertex 75.1862 -37.9081 19
  vertex 79.08 -55 19
 endloop
endfacet
facet normal 0 0 1
 outer loop
  vertex 79.08 -55 19
  vertex 75.1862 -37.9081 19
  vertex 67.6982 -50.0693 19
 endloop
endfacet
facet normal 0 0 1
 outer loop
  vertex 67.5 -55 19
  vertex 67.6982 -50.0693 19
  vertex 65.9826 -55.0924 19
 endloop
endfacet
facet normal 0 0 1
 outer loop
  vertex 67.5 -55 19
  vertex 79.08 -55 19
  vertex 67.6982 -50.0693 19
 endloop
endfacet
facet normal 0 0 1
 outer loop
  vertex 63.0372 -55.8238 19
  vertex 64.4876 -55.3684 19
  vertex 67.6982 -50.0693 19
 endloop
endfacet
facet normal 0 0 1
 outer loop
  vertex 67.6982 -50.0693 19
  vertex 64.4876 -55.3684 19
  vertex 65.9826 -55.0924 19
 endloop
endfacet
facet normal 0.101748 -0.014901 0.994699
 outer loop
  vertex 79.08 -28.9196 19
  vertex 79.7401 -25.2765 18.9266
  vertex 78.6434 -28.7599 19.0215
 endloop
endfacet
facet normal 0.154599 -0.0433456 0.987026
 outer loop
  vertex 78.6434 -28.7599 19.0215
  vertex 79.7401 -25.2765 18.9266
  vertex 78.2352 -28.6107 19.0809
 endloop
endfacet
facet normal 0.247414 -0.051437 0.967544
 outer loop
  vertex 78.2352 -28.6107 19.0809
  vertex 79.7401 -25.2765 18.9266
  vertex 78.9333 -24.9479 19.1829
 endloop
endfacet
facet normal 0.392547 -0.123498 0.911403
 outer loop
  vertex 77.372 -28.295 19.3397
  vertex 78.9333 -24.9479 19.1829
  vertex 78.1406 -24.67 19.5903
 endloop
endfacet
facet normal 0.459104 -0.192439 0.867289
 outer loop
  vertex 76.9708 -28.1483 19.5282
  vertex 78.1406 -24.67 19.5903
  vertex 76.54 -27.9907 19.7874
 endloop
endfacet
facet normal 0.406113 -0.168368 0.898178
 outer loop
  vertex 76.9708 -28.1483 19.5282
  vertex 77.372 -28.295 19.3397
  vertex 78.1406 -24.67 19.5903
 endloop
endfacet
facet normal 0.328946 -0.0229013 0.944071
 outer loop
  vertex 79.7401 -25.2765 18.9266
  vertex 80.2912 -21.4855 18.7447
  vertex 78.9333 -24.9479 19.1829
 endloop
endfacet
facet normal 0.424198 -0.0416741 0.90461
 outer loop
  vertex 78.9333 -24.9479 19.1829
  vertex 80.2912 -21.4855 18.7447
  vertex 79.4692 -21.4172 19.1717
 endloop
endfacet
facet normal 0.537653 -0.0999398 0.837222
 outer loop
  vertex 78.1406 -24.67 19.5903
  vertex 79.4692 -21.4172 19.1717
  vertex 78.7562 -21.3552 19.6647
 endloop
endfacet
facet normal 0.644907 -0.153316 0.748725
 outer loop
  vertex 77.4057 -24.3997 20.1464
  vertex 78.7562 -21.3552 19.6647
  vertex 78.09 -21.2948 20.2645
 endloop
endfacet
facet normal 0.741324 -0.199116 0.64093
 outer loop
  vertex 76.7649 -24.1491 20.8365
  vertex 78.09 -21.2948 20.2645
  vertex 77.4741 -21.2359 20.9959
 endloop
endfacet
facet normal 0.819084 -0.233614 0.523951
 outer loop
  vertex 76.6208 -21.1454 22.6246
  vertex 76.7649 -24.1491 20.8365
  vertex 77.4741 -21.2359 20.9959
 endloop
endfacet
facet normal 0.863569 -0.252931 0.436204
 outer loop
  vertex 76.6208 -21.1454 22.6246
  vertex 76.6099 -21.1441 22.6561
  vertex 76.7649 -24.1491 20.8365
 endloop
endfacet
facet normal 0.840985 -0.28753 0.458334
 outer loop
  vertex 76.7649 -24.1491 20.8365
  vertex 76.6099 -21.1441 22.6561
  vertex 74.7293 -27.3286 22.057
 endloop
endfacet
facet normal 0.757853 -0.306385 0.576009
 outer loop
  vertex 75.583 -27.6408 20.6441
  vertex 76.7649 -24.1491 20.8365
  vertex 74.7293 -27.3286 22.057
 endloop
endfacet
facet normal 0.677465 -0.283382 0.678775
 outer loop
  vertex 75.583 -27.6408 20.6441
  vertex 75.7929 -27.7175 20.4141
  vertex 76.7649 -24.1491 20.8365
 endloop
endfacet
facet normal 0.660583 -0.243212 0.710266
 outer loop
  vertex 76.7649 -24.1491 20.8365
  vertex 75.7929 -27.7175 20.4141
  vertex 77.4057 -24.3997 20.1464
 endloop
endfacet
facet normal 0.685168 -0.196438 0.701396
 outer loop
  vertex 78.09 -21.2948 20.2645
  vertex 76.7649 -24.1491 20.8365
  vertex 77.4057 -24.3997 20.1464
 endloop
endfacet
facet normal 0.947617 -0.291092 0.131485
 outer loop
  vertex 76.2843 -21.0933 24.4308
  vertex 74.3509 -27.1902 23.8626
  vertex 76.6099 -21.1441 22.6561
 endloop
endfacet
facet normal 0.915009 -0.32296 0.241777
 outer loop
  vertex 76.6099 -21.1441 22.6561
  vertex 74.3509 -27.1902 23.8626
  vertex 74.6676 -27.306 22.2184
 endloop
endfacet
facet normal 0.875179 -0.324444 0.358884
 outer loop
  vertex 74.7293 -27.3286 22.057
  vertex 76.6099 -21.1441 22.6561
  vertex 74.6676 -27.306 22.2184
 endloop
endfacet
facet normal 0.579058 -0.243953 0.777932
 outer loop
  vertex 75.7929 -27.7175 20.4141
  vertex 76.54 -27.9907 19.7874
  vertex 77.4057 -24.3997 20.1464
 endloop
endfacet
facet normal 0.532668 -0.188743 0.82501
 outer loop
  vertex 77.4057 -24.3997 20.1464
  vertex 76.54 -27.9907 19.7874
  vertex 78.1406 -24.67 19.5903
 endloop
endfacet
facet normal 0.574581 -0.145107 0.805481
 outer loop
  vertex 78.7562 -21.3552 19.6647
  vertex 77.4057 -24.3997 20.1464
  vertex 78.1406 -24.67 19.5903
 endloop
endfacet
facet normal 0.28135 -0.107489 0.953566
 outer loop
  vertex 77.372 -28.295 19.3397
  vertex 78.2352 -28.6107 19.0809
  vertex 78.9333 -24.9479 19.1829
 endloop
endfacet
facet normal 0.454161 -0.0862902 0.886731
 outer loop
  vertex 78.9333 -24.9479 19.1829
  vertex 79.4692 -21.4172 19.1717
  vertex 78.1406 -24.67 19.5903
 endloop
endfacet
facet normal 0.0303251 -0.0694828 0.997122
 outer loop
  vertex 78.0044 -14.977 44
  vertex 77.9138 -14.9596 44.0043
  vertex 77.7814 -15.9243 43.9094
 endloop
endfacet
facet normal 0.0879197 -0.14353 0.985733
 outer loop
  vertex 77.7814 -15.9243 43.9094
  vertex 77.9138 -14.9596 44.0043
  vertex 77.6091 -15.8973 43.9303
 endloop
endfacet
facet normal 0.113767 -0.332874 0.936083
 outer loop
  vertex 77.5574 -16.8391 43.6403
  vertex 77.6091 -15.8973 43.9303
  vertex 77.3883 -16.8208 43.6635
 endloop
endfacet
facet normal 0.111203 -0.503631 0.856732
 outer loop
  vertex 77.3441 -17.6845 43.2035
  vertex 77.3883 -16.8208 43.6635
  vertex 77.1782 -17.6753 43.2261
 endloop
endfacet
facet normal 0.108849 -0.656316 0.746593
 outer loop
  vertex 77.1509 -18.4389 42.6077
  vertex 77.1782 -17.6753 43.2261
  vertex 76.9883 -18.438 42.627
 endloop
endfacet
facet normal 0.107377 -0.85658 0.504718
 outer loop
  vertex 76.8777 -19.5455 41.032
  vertex 76.9883 -18.438 42.627
  vertex 76.7211 -19.5553 41.0402
 endloop
endfacet
facet normal 0.159566 -0.975198 0.153387
 outer loop
  vertex 76.8212 -19.9753 39.1309
  vertex 76.7211 -19.5553 41.0402
  vertex 76.5096 -20.0254 39.1231
 endloop
endfacet
facet normal 0.0529759 -0.958893 0.278778
 outer loop
  vertex 76.8212 -19.9753 39.1309
  vertex 76.8777 -19.5455 41.032
  vertex 76.7211 -19.5553 41.0402
 endloop
endfacet
facet normal 0.146536 -0.0909083 0.985019
 outer loop
  vertex 77.9138 -14.9596 44.0043
  vertex 77.8291 -14.9434 44.0161
  vertex 77.6091 -15.8973 43.9303
 endloop
endfacet
facet normal 0.235448 -0.10811 0.965855
 outer loop
  vertex 77.6091 -15.8973 43.9303
  vertex 77.8291 -14.9434 44.0161
  vertex 77.6499 -14.909 44.0674
 endloop
endfacet
facet normal 0.38117 -0.132842 0.914911
 outer loop
  vertex 77.4342 -15.8729 43.985
  vertex 77.6499 -14.909 44.0674
  vertex 77.5666 -14.893 44.1048
 endloop
endfacet
facet normal 0.495703 -0.149524 0.855524
 outer loop
  vertex 77.2652 -15.8563 44.0745
  vertex 77.5666 -14.893 44.1048
  vertex 77.4772 -14.8758 44.1563
 endloop
endfacet
facet normal 0.578834 -0.165608 0.798452
 outer loop
  vertex 77.3222 -14.8461 44.2807
  vertex 77.2652 -15.8563 44.0745
  vertex 77.4772 -14.8758 44.1563
 endloop
endfacet
facet normal 0.625813 -0.221541 0.747849
 outer loop
  vertex 77.3222 -14.8461 44.2807
  vertex 77.1125 -15.8494 44.1965
  vertex 77.2652 -15.8563 44.0745
 endloop
endfacet
facet normal 0.693696 -0.179953 0.697426
 outer loop
  vertex 77.3222 -14.8461 44.2807
  vertex 77.2786 -14.8377 44.3263
  vertex 77.1125 -15.8494 44.1965
 endloop
endfacet
facet normal 0.774192 -0.223483 0.592184
 outer loop
  vertex 77.1125 -15.8494 44.1965
  vertex 77.2786 -14.8377 44.3263
  vertex 76.8903 -15.8658 44.5113
 endloop
endfacet
facet normal 0.820734 -0.329347 0.466825
 outer loop
  vertex 76.902 -16.8234 43.9204
  vertex 76.8903 -15.8658 44.5113
  vertex 76.6783 -16.8945 44.2123
 endloop
endfacet
facet normal 0.806919 -0.413604 0.421679
 outer loop
  vertex 76.7018 -17.7269 43.4625
  vertex 76.6783 -16.8945 44.2123
  vertex 76.4768 -17.8467 43.7216
 endloop
endfacet
facet normal 0.794239 -0.486328 0.364238
 outer loop
  vertex 76.5207 -18.5353 42.8314
  vertex 76.4768 -17.8467 43.7216
  vertex 76.2947 -18.6969 43.0492
 endloop
endfacet
facet normal 0.780042 -0.577487 0.240921
 outer loop
  vertex 76.266 -19.722 41.1513
  vertex 76.2947 -18.6969 43.0492
  vertex 76.0387 -19.9425 41.2675
 endloop
endfacet
facet normal 0.771179 -0.631454 0.0809229
 outer loop
  vertex 76.2149 -20.1807 39.1186
  vertex 76.0387 -19.9425 41.2675
  vertex 75.9874 -20.4242 39.1184
 endloop
endfacet
facet normal 0.697654 -0.697771 0.162464
 outer loop
  vertex 76.2149 -20.1807 39.1186
  vertex 76.266 -19.722 41.1513
  vertex 76.0387 -19.9425 41.2675
 endloop
endfacet
facet normal 0.567946 -0.794115 0.216377
 outer loop
  vertex 76.2149 -20.1807 39.1186
  vertex 76.4088 -19.6417 41.104
  vertex 76.266 -19.722 41.1513
 endloop
endfacet
facet normal 0.471024 -0.8717 0.135187
 outer loop
  vertex 76.2149 -20.1807 39.1186
  vertex 76.5096 -20.0254 39.1231
  vertex 76.4088 -19.6417 41.104
 endloop
endfacet
facet normal 0.370222 -0.896213 0.244414
 outer loop
  vertex 76.4088 -19.6417 41.104
  vertex 76.5096 -20.0254 39.1231
  vertex 76.5628 -19.5858 41.0667
 endloop
endfacet
facet normal 0.379171 -0.753871 0.53657
 outer loop
  vertex 76.6665 -18.4815 42.7433
  vertex 76.5628 -19.5858 41.0667
  vertex 76.825 -18.4491 42.6746
 endloop
endfacet
facet normal 0.384795 -0.602669 0.699087
 outer loop
  vertex 76.8497 -17.6913 43.3588
  vertex 76.825 -18.4491 42.6746
  vertex 77.0114 -17.6743 43.2794
 endloop
endfacet
facet normal 0.393489 -0.464035 0.793623
 outer loop
  vertex 77.0522 -16.8082 43.8054
  vertex 77.0114 -17.6743 43.2794
  vertex 77.2175 -16.8077 43.719
 endloop
endfacet
facet normal 0.402851 -0.30785 0.861939
 outer loop
  vertex 77.2652 -15.8563 44.0745
  vertex 77.2175 -16.8077 43.719
  vertex 77.4342 -15.8729 43.985
 endloop
endfacet
facet normal 0.436023 -0.197959 0.877893
 outer loop
  vertex 77.5666 -14.893 44.1048
  vertex 77.2652 -15.8563 44.0745
  vertex 77.4342 -15.8729 43.985
 endloop
endfacet
facet normal 0.851286 -0.190772 0.488793
 outer loop
  vertex 77.2786 -14.8377 44.3263
  vertex 77.1015 -14.8037 44.6067
  vertex 76.8903 -15.8658 44.5113
 endloop
endfacet
facet normal 0.903738 -0.200491 0.378234
 outer loop
  vertex 76.8903 -15.8658 44.5113
  vertex 77.1015 -14.8037 44.6067
  vertex 77.0886 -14.8012 44.6388
 endloop
endfacet
facet normal 0.942298 -0.208253 0.262117
 outer loop
  vertex 77.0229 -14.7886 44.9651
  vertex 76.8903 -15.8658 44.5113
  vertex 77.0886 -14.8012 44.6388
 endloop
endfacet
facet normal 0.963101 -0.222169 0.151912
 outer loop
  vertex 77.0229 -14.7886 44.9651
  vertex 76.5778 -17.0141 44.5257
  vertex 76.8903 -15.8658 44.5113
 endloop
endfacet
facet normal 0.927782 -0.268114 0.259492
 outer loop
  vertex 76.8903 -15.8658 44.5113
  vertex 76.5778 -17.0141 44.5257
  vertex 76.6783 -16.8945 44.2123
 endloop
endfacet
facet normal 0.918968 -0.31428 0.238172
 outer loop
  vertex 76.6783 -16.8945 44.2123
  vertex 76.5778 -17.0141 44.5257
  vertex 76.4768 -17.8467 43.7216
 endloop
endfacet
facet normal 0.94939 -0.285711 0.130491
 outer loop
  vertex 76.4768 -17.8467 43.7216
  vertex 76.5778 -17.0141 44.5257
  vertex 76.1762 -18.9129 43.2727
 endloop
endfacet
facet normal 0.899587 -0.4071 0.158156
 outer loop
  vertex 76.2947 -18.6969 43.0492
  vertex 76.1762 -18.9129 43.2727
  vertex 76.0387 -19.9425 41.2675
 endloop
endfacet
facet normal 0.908062 -0.36226 0.210217
 outer loop
  vertex 76.2947 -18.6969 43.0492
  vertex 76.4768 -17.8467 43.7216
  vertex 76.1762 -18.9129 43.2727
 endloop
endfacet
facet normal 0.935872 -0.343549 0.0782107
 outer loop
  vertex 76.1762 -18.9129 43.2727
  vertex 75.9103 -20.2114 41.3824
  vertex 76.0387 -19.9425 41.2675
 endloop
endfacet
facet normal 0.890311 -0.448358 0.0795084
 outer loop
  vertex 76.0387 -19.9425 41.2675
  vertex 75.9103 -20.2114 41.3824
  vertex 75.9874 -20.4242 39.1184
 endloop
endfacet
facet normal 0.931804 -0.361116 0.0365628
 outer loop
  vertex 75.9874 -20.4242 39.1184
  vertex 75.9103 -20.2114 41.3824
  vertex 75.8571 -20.7117 39.1222
 endloop
endfacet
facet normal 0.0545304 -0.78469 0.617486
 outer loop
  vertex 76.8777 -19.5455 41.032
  vertex 77.1509 -18.4389 42.6077
  vertex 76.9883 -18.438 42.627
 endloop
endfacet
facet normal 0.0549921 -0.602975 0.795862
 outer loop
  vertex 77.1509 -18.4389 42.6077
  vertex 77.3441 -17.6845 43.2035
  vertex 77.1782 -17.6753 43.2261
 endloop
endfacet
facet normal 0.0562311 -0.441189 0.895651
 outer loop
  vertex 77.3441 -17.6845 43.2035
  vertex 77.5574 -16.8391 43.6403
  vertex 77.3883 -16.8208 43.6635
 endloop
endfacet
facet normal 0.0575464 -0.263122 0.963045
 outer loop
  vertex 77.5574 -16.8391 43.6403
  vertex 77.7814 -15.9243 43.9094
  vertex 77.6091 -15.8973 43.9303
 endloop
endfacet
facet normal 0.230104 -0.289724 0.929038
 outer loop
  vertex 77.3883 -16.8208 43.6635
  vertex 77.6091 -15.8973 43.9303
  vertex 77.4342 -15.8729 43.985
 endloop
endfacet
facet normal 0.286041 -0.353703 0.890547
 outer loop
  vertex 77.2175 -16.8077 43.719
  vertex 77.3883 -16.8208 43.6635
  vertex 77.4342 -15.8729 43.985
 endloop
endfacet
facet normal 0.224793 -0.459537 0.85924
 outer loop
  vertex 77.2175 -16.8077 43.719
  vertex 77.1782 -17.6753 43.2261
  vertex 77.3883 -16.8208 43.6635
 endloop
endfacet
facet normal 0.279455 -0.514053 0.810959
 outer loop
  vertex 77.2175 -16.8077 43.719
  vertex 77.0114 -17.6743 43.2794
  vertex 77.1782 -17.6753 43.2261
 endloop
endfacet
facet normal 0.219851 -0.611888 0.759775
 outer loop
  vertex 77.1782 -17.6753 43.2261
  vertex 77.0114 -17.6743 43.2794
  vertex 76.9883 -18.438 42.627
 endloop
endfacet
facet normal 0.273441 -0.655751 0.703719
 outer loop
  vertex 76.9883 -18.438 42.627
  vertex 77.0114 -17.6743 43.2794
  vertex 76.825 -18.4491 42.6746
 endloop
endfacet
facet normal 0.268906 -0.838774 0.473442
 outer loop
  vertex 76.7211 -19.5553 41.0402
  vertex 76.825 -18.4491 42.6746
  vertex 76.5628 -19.5858 41.0667
 endloop
endfacet
facet normal 0.264899 -0.926754 0.266375
 outer loop
  vertex 76.5096 -20.0254 39.1231
  vertex 76.7211 -19.5553 41.0402
  vertex 76.5628 -19.5858 41.0667
 endloop
endfacet
facet normal 0.217158 -0.780563 0.586143
 outer loop
  vertex 76.7211 -19.5553 41.0402
  vertex 76.9883 -18.438 42.627
  vertex 76.825 -18.4491 42.6746
 endloop
endfacet
facet normal 0.29282 -0.178927 0.939277
 outer loop
  vertex 77.4342 -15.8729 43.985
  vertex 77.6091 -15.8973 43.9303
  vertex 77.6499 -14.909 44.0674
 endloop
endfacet
facet normal 0.455401 -0.363401 0.812742
 outer loop
  vertex 77.2175 -16.8077 43.719
  vertex 77.2652 -15.8563 44.0745
  vertex 77.0522 -16.8082 43.8054
 endloop
endfacet
facet normal 0.566025 -0.315436 0.761653
 outer loop
  vertex 77.0522 -16.8082 43.8054
  vertex 77.2652 -15.8563 44.0745
  vertex 77.1125 -15.8494 44.1965
 endloop
endfacet
facet normal 0.750659 -0.310674 0.583088
 outer loop
  vertex 76.902 -16.8234 43.9204
  vertex 77.1125 -15.8494 44.1965
  vertex 76.8903 -15.8658 44.5113
 endloop
endfacet
facet normal 0.612145 -0.360309 0.703886
 outer loop
  vertex 76.902 -16.8234 43.9204
  vertex 77.0522 -16.8082 43.8054
  vertex 77.1125 -15.8494 44.1965
 endloop
endfacet
facet normal 0.553347 -0.452878 0.699077
 outer loop
  vertex 76.902 -16.8234 43.9204
  vertex 76.8497 -17.6913 43.3588
  vertex 77.0522 -16.8082 43.8054
 endloop
endfacet
facet normal 0.598896 -0.485413 0.636944
 outer loop
  vertex 76.902 -16.8234 43.9204
  vertex 76.7018 -17.7269 43.4625
  vertex 76.8497 -17.6913 43.3588
 endloop
endfacet
facet normal 0.736175 -0.416428 0.533512
 outer loop
  vertex 76.902 -16.8234 43.9204
  vertex 76.6783 -16.8945 44.2123
  vertex 76.7018 -17.7269 43.4625
 endloop
endfacet
facet normal 0.444986 -0.50838 0.73725
 outer loop
  vertex 77.0522 -16.8082 43.8054
  vertex 76.8497 -17.6913 43.3588
  vertex 77.0114 -17.6743 43.2794
 endloop
endfacet
facet normal 0.435483 -0.635253 0.637815
 outer loop
  vertex 76.825 -18.4491 42.6746
  vertex 76.8497 -17.6913 43.3588
  vertex 76.6665 -18.4815 42.7433
 endloop
endfacet
facet normal 0.541569 -0.573872 0.614307
 outer loop
  vertex 76.6665 -18.4815 42.7433
  vertex 76.8497 -17.6913 43.3588
  vertex 76.7018 -17.7269 43.4625
 endloop
endfacet
facet normal 0.722682 -0.508823 0.467793
 outer loop
  vertex 76.5207 -18.5353 42.8314
  vertex 76.7018 -17.7269 43.4625
  vertex 76.4768 -17.8467 43.7216
 endloop
endfacet
facet normal 0.586797 -0.594106 0.550188
 outer loop
  vertex 76.5207 -18.5353 42.8314
  vertex 76.6665 -18.4815 42.7433
  vertex 76.7018 -17.7269 43.4625
 endloop
endfacet
facet normal 0.532858 -0.703933 0.469618
 outer loop
  vertex 76.5207 -18.5353 42.8314
  vertex 76.4088 -19.6417 41.104
  vertex 76.6665 -18.4815 42.7433
 endloop
endfacet
facet normal 0.575289 -0.730408 0.368166
 outer loop
  vertex 76.5207 -18.5353 42.8314
  vertex 76.266 -19.722 41.1513
  vertex 76.4088 -19.6417 41.104
 endloop
endfacet
facet normal 0.711178 -0.608103 0.352755
 outer loop
  vertex 76.5207 -18.5353 42.8314
  vertex 76.2947 -18.6969 43.0492
  vertex 76.266 -19.722 41.1513
 endloop
endfacet
facet normal 0.42735 -0.796615 0.427523
 outer loop
  vertex 76.6665 -18.4815 42.7433
  vertex 76.4088 -19.6417 41.104
  vertex 76.5628 -19.5858 41.0667
 endloop
endfacet
facet normal 0.999657 0 0.0261769
 outer loop
  vertex 88.0696 -0.694228 17.7482
  vertex 88.3568 -14.5 6.78074
  vertex 88.0708 1.73472E-15 17.7019
 endloop
endfacet
facet normal 0.999657 0 0.0261769
 outer loop
  vertex 88.0696 -0.694228 17.7482
  vertex 88.0653 -1.46436 17.9112
  vertex 88.3568 -14.5 6.78074
 endloop
endfacet
facet normal 0.999657 0 0.0261769
 outer loop
  vertex 88.3568 -14.5 6.78074
  vertex 88.0653 -1.46436 17.9112
  vertex 88.057 -2.29173 18.2309
 endloop
endfacet
facet normal 0.999657 0 0.0261769
 outer loop
  vertex 88.0434 -3.13791 18.748
  vertex 88.3568 -14.5 6.78074
  vertex 88.057 -2.29173 18.2309
 endloop
endfacet
facet normal 0.999657 0 0.0261769
 outer loop
  vertex 88.0434 -3.13791 18.748
  vertex 88.0239 -3.9403 19.4932
  vertex 88.3568 -14.5 6.78074
 endloop
endfacet
facet normal 0.999657 0 0.0261769
 outer loop
  vertex 88.3568 -14.5 6.78074
  vertex 88.0239 -3.9403 19.4932
  vertex 88.2856 -17.223 9.5
 endloop
endfacet
facet normal 0.999657 0 0.0261769
 outer loop
  vertex 88.3118 -17.0307 8.4987
  vertex 88.3568 -14.5 6.78074
  vertex 88.2856 -17.223 9.5
 endloop
endfacet
facet normal 0.999657 0 0.0261769
 outer loop
  vertex 88.3118 -17.0307 8.4987
  vertex 88.3359 -16.4241 7.57696
  vertex 88.3568 -14.5 6.78074
 endloop
endfacet
facet normal 0.999657 0 0.0261769
 outer loop
  vertex 88.3568 -14.5 6.78074
  vertex 88.3359 -16.4241 7.57696
  vertex 88.3518 -15.5016 6.97162
 endloop
endfacet
facet normal 0.999657 0 0.0261769
 outer loop
  vertex 88.0239 -3.9403 19.4932
  vertex 87.9983 -4.61457 20.471
  vertex 88.2856 -17.223 9.5
 endloop
endfacet
facet normal 0.999657 0 0.0261769
 outer loop
  vertex 88.2856 -17.223 9.5
  vertex 87.9983 -4.61457 20.471
  vertex 87.9676 -5.06893 21.6449
 endloop
endfacet
facet normal 0.999657 0 0.0261769
 outer loop
  vertex 87.9338 -5.22985 22.9324
  vertex 88.2856 -17.223 9.5
  vertex 87.9676 -5.06893 21.6449
 endloop
endfacet
facet normal 0.999657 0 0.0261769
 outer loop
  vertex 87.9338 -5.22985 22.9324
  vertex 87.5786 -17.26 36.5
  vertex 88.2856 -17.223 9.5
 endloop
endfacet
facet normal 0.999657 0 0.0261769
 outer loop
  vertex 87.9338 -5.22985 22.9324
  vertex 87.9001 -5.06893 24.2199
  vertex 87.5786 -17.26 36.5
 endloop
endfacet
facet normal 0.999657 0 0.0261769
 outer loop
  vertex 87.5786 -17.26 36.5
  vertex 87.9001 -5.06893 24.2199
  vertex 87.8694 -4.61457 25.3938
 endloop
endfacet
facet normal 0.999657 0 0.0261769
 outer loop
  vertex 87.8438 -3.9403 26.3716
  vertex 87.5786 -17.26 36.5
  vertex 87.8694 -4.61457 25.3938
 endloop
endfacet
facet normal 0.999657 0 0.0261769
 outer loop
  vertex 87.8438 -3.9403 26.3716
  vertex 87.5062 -14.5 39.2638
  vertex 87.5786 -17.26 36.5
 endloop
endfacet
facet normal 0.999657 0 0.0261769
 outer loop
  vertex 87.8438 -3.9403 26.3716
  vertex 87.8243 -3.13791 27.1168
  vertex 87.5062 -14.5 39.2638
 endloop
endfacet
facet normal 0.999657 0 0.0261769
 outer loop
  vertex 87.5062 -14.5 39.2638
  vertex 87.8243 -3.13791 27.1168
  vertex 87.8107 -2.29173 27.634
 endloop
endfacet
facet normal 0.999657 0 0.0261769
 outer loop
  vertex 87.8024 -1.46436 27.9537
  vertex 87.5062 -14.5 39.2638
  vertex 87.8107 -2.29173 27.634
 endloop
endfacet
facet normal 0.999657 0 0.0261769
 outer loop
  vertex 87.8024 -1.46436 27.9537
  vertex 87.7981 -0.694228 28.1166
  vertex 87.5062 -14.5 39.2638
 endloop
endfacet
facet normal 0.999657 0 0.0261769
 outer loop
  vertex 87.5062 -14.5 39.2638
  vertex 87.7981 -0.694228 28.1166
  vertex 87.7969 2.37519E-15 28.1629
 endloop
endfacet
facet normal 0.999657 0 0.0261769
 outer loop
  vertex 87.5062 14.5 39.2638
  vertex 87.7969 2.37519E-15 28.1629
  vertex 87.7981 0.694228 28.1166
 endloop
endfacet
facet normal 0.999657 0 0.0261769
 outer loop
  vertex 87.8024 1.46436 27.9537
  vertex 87.5062 14.5 39.2638
  vertex 87.7981 0.694228 28.1166
 endloop
endfacet
facet normal 0.999657 0 0.0261769
 outer loop
  vertex 87.8024 1.46436 27.9537
  vertex 87.8107 2.29173 27.634
  vertex 87.5062 14.5 39.2638
 endloop
endfacet
facet normal 0.999657 0 0.0261769
 outer loop
  vertex 87.5062 14.5 39.2638
  vertex 87.8107 2.29173 27.634
  vertex 87.8243 3.13791 27.1168
 endloop
endfacet
facet normal 0.999657 0 0.0261769
 outer loop
  vertex 87.8438 3.9403 26.3716
  vertex 87.5062 14.5 39.2638
  vertex 87.8243 3.13791 27.1168
 endloop
endfacet
facet normal 0.999657 0 0.0261769
 outer loop
  vertex 87.8438 3.9403 26.3716
  vertex 87.5786 17.26 36.5
  vertex 87.5062 14.5 39.2638
 endloop
endfacet
facet normal 0.999657 0 0.0261769
 outer loop
  vertex 87.8438 3.9403 26.3716
  vertex 87.8694 4.61457 25.3938
  vertex 87.5786 17.26 36.5
 endloop
endfacet
facet normal 0.999657 0 0.0261769
 outer loop
  vertex 87.5786 17.26 36.5
  vertex 87.8694 4.61457 25.3938
  vertex 87.9001 5.06893 24.2199
 endloop
endfacet
facet normal 0.999657 0 0.0261769
 outer loop
  vertex 87.9338 5.22985 22.9324
  vertex 87.5786 17.26 36.5
  vertex 87.9001 5.06893 24.2199
 endloop
endfacet
facet normal 0.999657 0 0.0261769
 outer loop
  vertex 87.9338 5.22985 22.9324
  vertex 88.2856 17.223 9.5
  vertex 87.5786 17.26 36.5
 endloop
endfacet
facet normal 0.999657 0 0.0261769
 outer loop
  vertex 87.9338 5.22985 22.9324
  vertex 87.9676 5.06893 21.6449
  vertex 88.2856 17.223 9.5
 endloop
endfacet
facet normal 0.999657 0 0.0261769
 outer loop
  vertex 88.2856 17.223 9.5
  vertex 87.9676 5.06893 21.6449
  vertex 87.9983 4.61457 20.471
 endloop
endfacet
facet normal 0.999657 0 0.0261769
 outer loop
  vertex 88.0239 3.9403 19.4932
  vertex 88.2856 17.223 9.5
  vertex 87.9983 4.61457 20.471
 endloop
endfacet
facet normal 0.999657 0 0.0261769
 outer loop
  vertex 88.0239 3.9403 19.4932
  vertex 88.3568 14.5 6.78074
  vertex 88.2856 17.223 9.5
 endloop
endfacet
facet normal 0.999657 0 0.0261769
 outer loop
  vertex 88.0239 3.9403 19.4932
  vertex 88.0434 3.13791 18.748
  vertex 88.3568 14.5 6.78074
 endloop
endfacet
facet normal 0.999657 0 0.0261769
 outer loop
  vertex 88.3568 14.5 6.78074
  vertex 88.0434 3.13791 18.748
  vertex 88.057 2.29173 18.2309
 endloop
endfacet
facet normal 0.999657 0 0.0261769
 outer loop
  vertex 88.0653 1.46436 17.9112
  vertex 88.3568 14.5 6.78074
  vertex 88.057 2.29173 18.2309
 endloop
endfacet
facet normal 0.999657 0 0.0261769
 outer loop
  vertex 88.0653 1.46436 17.9112
  vertex 88.0696 0.694228 17.7482
  vertex 88.3568 14.5 6.78074
 endloop
endfacet
facet normal 0.999657 0 0.0261769
 outer loop
  vertex 88.3568 14.5 6.78074
  vertex 88.0696 0.694228 17.7482
  vertex 88.0708 1.73472E-15 17.7019
 endloop
endfacet
facet normal 0.999657 0 0.0261769
 outer loop
  vertex 88.3568 -14.5 6.78074
  vertex 88.3568 14.5 6.78074
  vertex 88.0708 1.73472E-15 17.7019
 endloop
endfacet
facet normal 0.999657 0 0.0261769
 outer loop
  vertex 87.5062 14.5 39.2638
  vertex 87.5062 -14.5 39.2638
  vertex 87.7969 2.37519E-15 28.1629
 endloop
endfacet
facet normal 0.999657 0 0.0261769
 outer loop
  vertex 87.5113 -15.5167 39.0697
  vertex 87.5274 -16.453 38.4541
  vertex 87.5062 -14.5 39.2638
 endloop
endfacet
facet normal 0.999657 0 0.0261769
 outer loop
  vertex 87.5062 -14.5 39.2638
  vertex 87.5274 -16.453 38.4541
  vertex 87.5519 -17.0674 37.517
 endloop
endfacet
facet normal 0.999657 0 0.0261769
 outer loop
  vertex 87.5786 -17.26 36.5
  vertex 87.5062 -14.5 39.2638
  vertex 87.5519 -17.0674 37.517
 endloop
endfacet
facet normal 0.999657 0 0.0261769
 outer loop
  vertex 88.3518 15.5016 6.97162
  vertex 88.3359 16.4241 7.57696
  vertex 88.3568 14.5 6.78074
 endloop
endfacet
facet normal 0.999657 0 0.0261769
 outer loop
  vertex 88.3568 14.5 6.78074
  vertex 88.3359 16.4241 7.57696
  vertex 88.3118 17.0307 8.4987
 endloop
endfacet
facet normal 0.999657 0 0.0261769
 outer loop
  vertex 88.2856 17.223 9.5
  vertex 88.3568 14.5 6.78074
  vertex 88.3118 17.0307 8.4987
 endloop
endfacet
facet normal 0.999657 0 0.0261769
 outer loop
  vertex 87.5786 17.26 36.5
  vertex 87.5519 17.0674 37.517
  vertex 87.5062 14.5 39.2638
 endloop
endfacet
facet normal 0.999657 0 0.0261769
 outer loop
  vertex 87.5062 14.5 39.2638
  vertex 87.5519 17.0674 37.517
  vertex 87.5274 16.453 38.4541
 endloop
endfacet
facet normal 0.999657 0 0.0261769
 outer loop
  vertex 87.5113 15.5167 39.0697
  vertex 87.5062 14.5 39.2638
  vertex 87.5274 16.453 38.4541
 endloop
endfacet
facet normal 0 0 1
 outer loop
  vertex 78.0044 -14.977 44
  vertex 85.6737 -14.977 44
  vertex 78.7103 -10.662 44
 endloop
endfacet
facet normal 0 0 1
 outer loop
  vertex 78.7103 -10.662 44
  vertex 85.6737 -14.977 44
  vertex 79.3492 3.56358 44
 endloop
endfacet
facet normal 0 0 1
 outer loop
  vertex 79.3492 3.56358 44
  vertex 85.6737 -14.977 44
  vertex 85.6737 14.977 44
 endloop
endfacet
facet normal 0 0 1
 outer loop
  vertex 78.0044 14.977 44
  vertex 79.3492 3.56358 44
  vertex 85.6737 14.977 44
 endloop
endfacet
facet normal 0.0529703 0.959038 0.278281
 outer loop
  vertex 76.8774 19.5471 41.0284
  vertex 76.8212 19.9753 39.1309
  vertex 76.7208 19.5569 41.0366
 endloop
endfacet
facet normal 0.217147 0.780955 0.585625
 outer loop
  vertex 76.9878 18.4404 42.6247
  vertex 76.7208 19.5569 41.0366
  vertex 76.8245 18.4515 42.6723
 endloop
endfacet
facet normal 0.384733 0.603448 0.698449
 outer loop
  vertex 77.0099 17.6804 43.2755
  vertex 76.8245 18.4515 42.6723
  vertex 76.8482 17.6976 43.3549
 endloop
endfacet
facet normal 0.553288 0.453594 0.69866
 outer loop
  vertex 77.0513 16.8124 43.8037
  vertex 76.8482 17.6976 43.3549
  vertex 76.9011 16.8277 43.9187
 endloop
endfacet
facet normal 0.750589 0.311204 0.582897
 outer loop
  vertex 77.1115 15.8542 44.1956
  vertex 76.9011 16.8277 43.9187
  vertex 76.8892 15.8709 44.5103
 endloop
endfacet
facet normal 0.851274 0.190899 0.488765
 outer loop
  vertex 77.2786 14.8377 44.3263
  vertex 76.8892 15.8709 44.5103
  vertex 77.1015 14.8037 44.6067
 endloop
endfacet
facet normal 0.774158 0.223831 0.592097
 outer loop
  vertex 77.2786 14.8377 44.3263
  vertex 77.1115 15.8542 44.1956
  vertex 76.8892 15.8709 44.5103
 endloop
endfacet
facet normal 0.693686 0.180174 0.697379
 outer loop
  vertex 77.2786 14.8377 44.3263
  vertex 77.3222 14.8461 44.2807
  vertex 77.1115 15.8542 44.1956
 endloop
endfacet
facet normal 0.625783 0.222017 0.747733
 outer loop
  vertex 77.1115 15.8542 44.1956
  vertex 77.3222 14.8461 44.2807
  vertex 77.2641 15.8611 44.0736
 endloop
endfacet
facet normal 0.455351 0.364112 0.812452
 outer loop
  vertex 77.0513 16.8124 43.8037
  vertex 77.2641 15.8611 44.0736
  vertex 77.2165 16.8118 43.7174
 endloop
endfacet
facet normal 0.279421 0.515035 0.810348
 outer loop
  vertex 77.0099 17.6804 43.2755
  vertex 77.2165 16.8118 43.7174
  vertex 77.1767 17.6813 43.2222
 endloop
endfacet
facet normal 0.108834 0.65698 0.746011
 outer loop
  vertex 76.9878 18.4404 42.6247
  vertex 77.1767 17.6813 43.2222
  vertex 77.1503 18.4412 42.6054
 endloop
endfacet
facet normal 0.0545276 0.785114 0.616946
 outer loop
  vertex 76.8774 19.5471 41.0284
  vertex 76.9878 18.4404 42.6247
  vertex 77.1503 18.4412 42.6054
 endloop
endfacet
facet normal 0.107372 0.856947 0.504096
 outer loop
  vertex 76.8774 19.5471 41.0284
  vertex 76.7208 19.5569 41.0366
  vertex 76.9878 18.4404 42.6247
 endloop
endfacet
facet normal 0.927733 0.268364 0.259409
 outer loop
  vertex 76.8892 15.8709 44.5103
  vertex 76.6774 16.899 44.2105
  vertex 76.5768 17.0188 44.5238
 endloop
endfacet
facet normal 0.963073 0.222314 0.151878
 outer loop
  vertex 77.0229 14.7886 44.9651
  vertex 76.8892 15.8709 44.5103
  vertex 76.5768 17.0188 44.5238
 endloop
endfacet
facet normal 0.942279 0.208379 0.262084
 outer loop
  vertex 77.0229 14.7886 44.9651
  vertex 77.0886 14.8012 44.6388
  vertex 76.8892 15.8709 44.5103
 endloop
endfacet
facet normal 0.903723 0.200616 0.378203
 outer loop
  vertex 76.8892 15.8709 44.5103
  vertex 77.0886 14.8012 44.6388
  vertex 77.1015 14.8037 44.6067
 endloop
endfacet
facet normal 0.931801 0.361123 0.0365624
 outer loop
  vertex 75.8571 20.7117 39.1222
  vertex 75.9099 20.2133 41.3781
  vertex 75.9874 20.4242 39.1184
 endloop
endfacet
facet normal 0.890297 0.4484 0.0794266
 outer loop
  vertex 75.9874 20.4242 39.1184
  vertex 75.9099 20.2133 41.3781
  vertex 76.0384 19.9443 41.2634
 endloop
endfacet
facet normal 0.697623 0.697858 0.16222
 outer loop
  vertex 76.2149 20.1807 39.1186
  vertex 76.0384 19.9443 41.2634
  vertex 76.2657 19.7237 41.1474
 endloop
endfacet
facet normal 0.575265 0.730654 0.367716
 outer loop
  vertex 76.4084 19.6434 41.1003
  vertex 76.2657 19.7237 41.1474
  vertex 76.5202 18.5378 42.829
 endloop
endfacet
facet normal 0.586733 0.594574 0.549752
 outer loop
  vertex 76.6659 18.4839 42.741
  vertex 76.5202 18.5378 42.829
  vertex 76.7004 17.7333 43.4584
 endloop
endfacet
facet normal 0.598822 0.486173 0.636434
 outer loop
  vertex 76.8482 17.6976 43.3549
  vertex 76.7004 17.7333 43.4584
  vertex 76.9011 16.8277 43.9187
 endloop
endfacet
facet normal 0.541489 0.57455 0.613744
 outer loop
  vertex 76.8482 17.6976 43.3549
  vertex 76.6659 18.4839 42.741
  vertex 76.7004 17.7333 43.4584
 endloop
endfacet
facet normal 0.43543 0.6358 0.637306
 outer loop
  vertex 76.8482 17.6976 43.3549
  vertex 76.8245 18.4515 42.6723
  vertex 76.6659 18.4839 42.741
 endloop
endfacet
facet normal 0.379152 0.754221 0.536093
 outer loop
  vertex 76.6659 18.4839 42.741
  vertex 76.8245 18.4515 42.6723
  vertex 76.5625 19.5875 41.063
 endloop
endfacet
facet normal 0.370193 0.896338 0.243998
 outer loop
  vertex 76.4084 19.6434 41.1003
  vertex 76.5625 19.5875 41.063
  vertex 76.5096 20.0254 39.1231
 endloop
endfacet
facet normal 0.470999 0.871744 0.13499
 outer loop
  vertex 76.2149 20.1807 39.1186
  vertex 76.4084 19.6434 41.1003
  vertex 76.5096 20.0254 39.1231
 endloop
endfacet
facet normal 0.567914 0.794234 0.216025
 outer loop
  vertex 76.2149 20.1807 39.1186
  vertex 76.2657 19.7237 41.1474
  vertex 76.4084 19.6434 41.1003
 endloop
endfacet
facet normal 0.935858 0.343605 0.0781297
 outer loop
  vertex 75.9099 20.2133 41.3781
  vertex 76.1756 18.9156 43.27
  vertex 76.0384 19.9443 41.2634
 endloop
endfacet
facet normal 0.899564 0.407204 0.158019
 outer loop
  vertex 76.0384 19.9443 41.2634
  vertex 76.1756 18.9156 43.27
  vertex 76.2942 18.6995 43.0467
 endloop
endfacet
facet normal 0.711147 0.608326 0.352434
 outer loop
  vertex 76.2657 19.7237 41.1474
  vertex 76.2942 18.6995 43.0467
  vertex 76.5202 18.5378 42.829
 endloop
endfacet
facet normal 0.780015 0.577646 0.240627
 outer loop
  vertex 76.2657 19.7237 41.1474
  vertex 76.0384 19.9443 41.2634
  vertex 76.2942 18.6995 43.0467
 endloop
endfacet
facet normal 0.908013 0.362476 0.210056
 outer loop
  vertex 76.2942 18.6995 43.0467
  vertex 76.1756 18.9156 43.27
  vertex 76.4754 17.8534 43.7173
 endloop
endfacet
facet normal 0.722595 0.509328 0.467377
 outer loop
  vertex 76.5202 18.5378 42.829
  vertex 76.4754 17.8534 43.7173
  vertex 76.7004 17.7333 43.4584
 endloop
endfacet
facet normal 0.794178 0.486629 0.363968
 outer loop
  vertex 76.5202 18.5378 42.829
  vertex 76.2942 18.6995 43.0467
  vertex 76.4754 17.8534 43.7173
 endloop
endfacet
facet normal 0.578828 0.165866 0.798402
 outer loop
  vertex 77.3222 14.8461 44.2807
  vertex 77.4772 14.8758 44.1563
  vertex 77.2641 15.8611 44.0736
 endloop
endfacet
facet normal 0.495699 0.149783 0.855481
 outer loop
  vertex 77.2641 15.8611 44.0736
  vertex 77.4772 14.8758 44.1563
  vertex 77.5666 14.893 44.1048
 endloop
endfacet
facet normal 0.381169 0.133128 0.91487
 outer loop
  vertex 77.4331 15.8775 43.9842
  vertex 77.5666 14.893 44.1048
  vertex 77.6499 14.909 44.0674
 endloop
endfacet
facet normal 0.23545 0.108413 0.965821
 outer loop
  vertex 77.6081 15.9019 43.9295
  vertex 77.6499 14.909 44.0674
  vertex 77.8291 14.9434 44.0161
 endloop
endfacet
facet normal 0.146535 0.0912112 0.984991
 outer loop
  vertex 77.9138 14.9596 44.0043
  vertex 77.6081 15.9019 43.9295
  vertex 77.8291 14.9434 44.0161
 endloop
endfacet
facet normal 0.0879167 0.144143 0.985644
 outer loop
  vertex 77.9138 14.9596 44.0043
  vertex 77.7803 15.9288 43.9086
  vertex 77.6081 15.9019 43.9295
 endloop
endfacet
facet normal 0.0303263 0.0697921 0.9971
 outer loop
  vertex 77.9138 14.9596 44.0043
  vertex 78.0044 14.977 44
  vertex 77.7803 15.9288 43.9086
 endloop
endfacet
facet normal 0.0575398 0.263999 0.962805
 outer loop
  vertex 77.7803 15.9288 43.9086
  vertex 77.5564 16.8432 43.6387
  vertex 77.6081 15.9019 43.9295
 endloop
endfacet
facet normal 0.113754 0.333703 0.93579
 outer loop
  vertex 77.6081 15.9019 43.9295
  vertex 77.5564 16.8432 43.6387
  vertex 77.3873 16.8249 43.6619
 endloop
endfacet
facet normal 0.286009 0.354486 0.890246
 outer loop
  vertex 77.4331 15.8775 43.9842
  vertex 77.3873 16.8249 43.6619
  vertex 77.2165 16.8118 43.7174
 endloop
endfacet
facet normal 0.402805 0.308628 0.861683
 outer loop
  vertex 77.2641 15.8611 44.0736
  vertex 77.4331 15.8775 43.9842
  vertex 77.2165 16.8118 43.7174
 endloop
endfacet
facet normal 0.436004 0.198501 0.87778
 outer loop
  vertex 77.2641 15.8611 44.0736
  vertex 77.5666 14.893 44.1048
  vertex 77.4331 15.8775 43.9842
 endloop
endfacet
facet normal 0.0562265 0.442129 0.895187
 outer loop
  vertex 77.5564 16.8432 43.6387
  vertex 77.3426 17.6904 43.1997
  vertex 77.3873 16.8249 43.6619
 endloop
endfacet
facet normal 0.11119 0.504683 0.856114
 outer loop
  vertex 77.3873 16.8249 43.6619
  vertex 77.3426 17.6904 43.1997
  vertex 77.1767 17.6813 43.2222
 endloop
endfacet
facet normal 0.22477 0.460429 0.858769
 outer loop
  vertex 77.2165 16.8118 43.7174
  vertex 77.3873 16.8249 43.6619
  vertex 77.1767 17.6813 43.2222
 endloop
endfacet
facet normal 0.0549816 0.603894 0.795166
 outer loop
  vertex 77.3426 17.6904 43.1997
  vertex 77.1503 18.4412 42.6054
  vertex 77.1767 17.6813 43.2222
 endloop
endfacet
facet normal 0.268895 0.839107 0.472858
 outer loop
  vertex 76.8245 18.4515 42.6723
  vertex 76.7208 19.5569 41.0366
  vertex 76.5625 19.5875 41.063
 endloop
endfacet
facet normal 0.264877 0.926893 0.265912
 outer loop
  vertex 76.5625 19.5875 41.063
  vertex 76.7208 19.5569 41.0366
  vertex 76.5096 20.0254 39.1231
 endloop
endfacet
facet normal 0.159554 0.975239 0.153142
 outer loop
  vertex 76.5096 20.0254 39.1231
  vertex 76.7208 19.5569 41.0366
  vertex 76.8212 19.9753 39.1309
 endloop
endfacet
facet normal 0.771163 0.631484 0.0808398
 outer loop
  vertex 75.9874 20.4242 39.1184
  vertex 76.0384 19.9443 41.2634
  vertex 76.2149 20.1807 39.1186
 endloop
endfacet
facet normal 0.273405 0.656365 0.703161
 outer loop
  vertex 76.8245 18.4515 42.6723
  vertex 77.0099 17.6804 43.2755
  vertex 76.9878 18.4404 42.6247
 endloop
endfacet
facet normal 0.219815 0.612749 0.759092
 outer loop
  vertex 76.9878 18.4404 42.6247
  vertex 77.0099 17.6804 43.2755
  vertex 77.1767 17.6813 43.2222
 endloop
endfacet
facet normal 0.29281 0.179515 0.939168
 outer loop
  vertex 77.6499 14.909 44.0674
  vertex 77.6081 15.9019 43.9295
  vertex 77.4331 15.8775 43.9842
 endloop
endfacet
facet normal 0.230077 0.290565 0.928782
 outer loop
  vertex 77.4331 15.8775 43.9842
  vertex 77.6081 15.9019 43.9295
  vertex 77.3873 16.8249 43.6619
 endloop
endfacet
facet normal 0.532831 0.704233 0.469199
 outer loop
  vertex 76.5202 18.5378 42.829
  vertex 76.6659 18.4839 42.741
  vertex 76.4084 19.6434 41.1003
 endloop
endfacet
facet normal 0.427332 0.796907 0.426997
 outer loop
  vertex 76.4084 19.6434 41.1003
  vertex 76.6659 18.4839 42.741
  vertex 76.5625 19.5875 41.063
 endloop
endfacet
facet normal 0.393447 0.464851 0.793166
 outer loop
  vertex 77.2165 16.8118 43.7174
  vertex 77.0099 17.6804 43.2755
  vertex 77.0513 16.8124 43.8037
 endloop
endfacet
facet normal 0.444929 0.509263 0.736674
 outer loop
  vertex 77.0513 16.8124 43.8037
  vertex 77.0099 17.6804 43.2755
  vertex 76.8482 17.6976 43.3549
 endloop
endfacet
facet normal 0.612081 0.360925 0.703626
 outer loop
  vertex 76.9011 16.8277 43.9187
  vertex 77.1115 15.8542 44.1956
  vertex 77.0513 16.8124 43.8037
 endloop
endfacet
facet normal 0.565963 0.316123 0.761415
 outer loop
  vertex 77.0513 16.8124 43.8037
  vertex 77.1115 15.8542 44.1956
  vertex 77.2641 15.8611 44.0736
 endloop
endfacet
facet normal 0.736103 0.416985 0.533175
 outer loop
  vertex 76.9011 16.8277 43.9187
  vertex 76.7004 17.7333 43.4584
  vertex 76.6774 16.899 44.2105
 endloop
endfacet
facet normal 0.820668 0.329762 0.466649
 outer loop
  vertex 76.8892 15.8709 44.5103
  vertex 76.9011 16.8277 43.9187
  vertex 76.6774 16.899 44.2105
 endloop
endfacet
facet normal 0.94935 0.285892 0.130387
 outer loop
  vertex 76.1756 18.9156 43.27
  vertex 76.5768 17.0188 44.5238
  vertex 76.4754 17.8534 43.7173
 endloop
endfacet
facet normal 0.918913 0.314556 0.23802
 outer loop
  vertex 76.4754 17.8534 43.7173
  vertex 76.5768 17.0188 44.5238
  vertex 76.6774 16.899 44.2105
 endloop
endfacet
facet normal 0.806836 0.414123 0.421328
 outer loop
  vertex 76.7004 17.7333 43.4584
  vertex 76.4754 17.8534 43.7173
  vertex 76.6774 16.899 44.2105
 endloop
endfacet
facet normal 0.94762 0.291067 0.131514
 outer loop
  vertex 76.2843 21.0933 24.4302
  vertex 76.6097 21.1441 22.6567
  vertex 74.3509 27.1902 23.8626
 endloop
endfacet
facet normal 0.915013 0.322949 0.241776
 outer loop
  vertex 74.3509 27.1902 23.8626
  vertex 76.6097 21.1441 22.6567
  vertex 74.6676 27.306 22.2184
 endloop
endfacet
facet normal 0.875183 0.324434 0.358883
 outer loop
  vertex 74.6676 27.306 22.2184
  vertex 76.6097 21.1441 22.6567
  vertex 74.7293 27.3286 22.057
 endloop
endfacet
facet normal 0.841805 0.286809 0.45728
 outer loop
  vertex 74.7293 27.3286 22.057
  vertex 76.6097 21.1441 22.6567
  vertex 76.7983 24.0181 20.8472
 endloop
endfacet
facet normal 0.67856 0.282789 0.677928
 outer loop
  vertex 75.5831 27.6408 20.6441
  vertex 76.7983 24.0181 20.8472
  vertex 75.7929 27.7175 20.4141
 endloop
endfacet
facet normal 0.758845 0.305737 0.575047
 outer loop
  vertex 75.5831 27.6408 20.6441
  vertex 74.7293 27.3286 22.057
  vertex 76.7983 24.0181 20.8472
 endloop
endfacet
facet normal 0.821146 0.233374 0.520822
 outer loop
  vertex 76.6097 21.1441 22.6567
  vertex 77.464 21.235 21.0098
  vertex 76.7983 24.0181 20.8472
 endloop
endfacet
facet normal 0.74272 0.198659 0.639455
 outer loop
  vertex 76.7983 24.0181 20.8472
  vertex 77.464 21.235 21.0098
  vertex 78.0881 21.2946 20.2664
 endloop
endfacet
facet normal 0.646761 0.153064 0.747176
 outer loop
  vertex 77.4356 24.2679 20.1552
  vertex 78.0881 21.2946 20.2664
  vertex 78.7454 21.3543 19.6733
 endloop
endfacet
facet normal 0.539946 0.0998556 0.835755
 outer loop
  vertex 78.167 24.5372 19.5958
  vertex 78.7454 21.3543 19.6733
  vertex 79.467 21.417 19.1723
 endloop
endfacet
facet normal 0.426277 0.0414814 0.903641
 outer loop
  vertex 78.9569 24.8138 19.1836
  vertex 79.467 21.417 19.1723
  vertex 80.2912 21.4855 18.7446
 endloop
endfacet
facet normal 0.333477 0.0227022 0.942485
 outer loop
  vertex 79.7629 25.1369 18.9213
  vertex 78.9569 24.8138 19.1836
  vertex 80.2912 21.4855 18.7446
 endloop
endfacet
facet normal 0.252068 0.0512557 0.966351
 outer loop
  vertex 79.7629 25.1369 18.9213
  vertex 78.2352 28.6107 19.0812
  vertex 78.9569 24.8138 19.1836
 endloop
endfacet
facet normal 0.157074 0.0433432 0.986635
 outer loop
  vertex 79.7629 25.1369 18.9213
  vertex 78.6434 28.7599 19.0216
  vertex 78.2352 28.6107 19.0812
 endloop
endfacet
facet normal 0.104232 0.0148956 0.994441
 outer loop
  vertex 79.7629 25.1369 18.9213
  vertex 79.08 28.9196 19
  vertex 78.6434 28.7599 19.0216
 endloop
endfacet
facet normal 0.283557 0.107329 0.95293
 outer loop
  vertex 78.2352 28.6107 19.0812
  vertex 77.372 28.295 19.3397
  vertex 78.9569 24.8138 19.1836
 endloop
endfacet
facet normal 0.396543 0.122979 0.909742
 outer loop
  vertex 78.9569 24.8138 19.1836
  vertex 77.372 28.295 19.3397
  vertex 78.167 24.5372 19.5958
 endloop
endfacet
facet normal 0.458023 0.0857372 0.884796
 outer loop
  vertex 79.467 21.417 19.1723
  vertex 78.9569 24.8138 19.1836
  vertex 78.167 24.5372 19.5958
 endloop
endfacet
facet normal 0.407983 0.168048 0.89739
 outer loop
  vertex 77.372 28.295 19.3397
  vertex 76.9708 28.1483 19.5283
  vertex 78.167 24.5372 19.5958
 endloop
endfacet
facet normal 0.460929 0.192103 0.866395
 outer loop
  vertex 78.167 24.5372 19.5958
  vertex 76.9708 28.1483 19.5283
  vertex 76.5401 27.9908 19.7876
 endloop
endfacet
facet normal 0.580513 0.243468 0.776999
 outer loop
  vertex 77.4356 24.2679 20.1552
  vertex 76.5401 27.9908 19.7876
  vertex 75.7929 27.7175 20.4141
 endloop
endfacet
facet normal 0.663033 0.242083 0.708366
 outer loop
  vertex 76.7983 24.0181 20.8472
  vertex 77.4356 24.2679 20.1552
  vertex 75.7929 27.7175 20.4141
 endloop
endfacet
facet normal 0.687529 0.195279 0.699406
 outer loop
  vertex 76.7983 24.0181 20.8472
  vertex 78.0881 21.2946 20.2664
  vertex 77.4356 24.2679 20.1552
 endloop
endfacet
facet normal 0.578242 0.144502 0.802967
 outer loop
  vertex 78.7454 21.3543 19.6733
  vertex 78.167 24.5372 19.5958
  vertex 77.4356 24.2679 20.1552
 endloop
endfacet
facet normal 0.535904 0.187893 0.823106
 outer loop
  vertex 77.4356 24.2679 20.1552
  vertex 78.167 24.5372 19.5958
  vertex 76.5401 27.9908 19.7876
 endloop
endfacet
facet normal 0.793431 -0.60866 0
 outer loop
  vertex -59.1476 -71.8457 8
  vertex -57.9303 -70.2589 8
  vertex -59.1476 -71.8457 18
 endloop
endfacet
facet normal 0.793431 -0.60866 0
 outer loop
  vertex -59.1476 -71.8457 18
  vertex -57.9303 -70.2589 8
  vertex -57.9303 -70.2589 18
 endloop
endfacet
facet normal -0.258858 -0.965915 -0
 outer loop
  vertex -55 -69.0306 19
  vertex -55 -69.0306 18
  vertex -53.7376 -69.467 19
 endloop
endfacet
facet normal -0.261515 -0.965199 -0
 outer loop
  vertex -53.7376 -69.467 19
  vertex -55 -69.0306 18
  vertex -54.9741 -69.0339 8
 endloop
endfacet
facet normal -0.429445 -0.903093 -0
 outer loop
  vertex -53.4436 -69.6676 8
  vertex -53.7376 -69.467 19
  vertex -54.9741 -69.0339 8
 endloop
endfacet
facet normal -0.659302 -0.751878 -0
 outer loop
  vertex -53.4436 -69.6676 8
  vertex -52.7633 -70.3808 19
  vertex -53.7376 -69.467 19
 endloop
endfacet
facet normal -0.803026 -0.595944 -0
 outer loop
  vertex -53.4436 -69.6676 8
  vertex -52.4351 -70.9816 8
  vertex -52.7633 -70.3808 19
 endloop
endfacet
facet normal -0.922792 -0.385298 -0
 outer loop
  vertex -52.7633 -70.3808 19
  vertex -52.4351 -70.9816 8
  vertex -52.2469 -71.6127 19
 endloop
endfacet
facet normal -0.988771 -0.149438 0
 outer loop
  vertex -52.2469 -71.6127 19
  vertex -52.4351 -70.9816 8
  vertex -52.2187 -72.6238 8
 endloop
endfacet
facet normal -0.943259 0.332058 0
 outer loop
  vertex -52.2784 -72.9481 19
  vertex -52.2187 -72.6238 8
  vertex -52.8524 -74.1543 8
 endloop
endfacet
facet normal -0.870228 0.492649 0
 outer loop
  vertex -52.8524 -74.1543 19
  vertex -52.2784 -72.9481 19
  vertex -52.8524 -74.1543 8
 endloop
endfacet
facet normal -0.0843819 -0.996433 0
 outer loop
  vertex -54.9741 -69.0339 8
  vertex -55 -69.0306 18
  vertex -55.3913 -69.0066 8
 endloop
endfacet
facet normal 0.0335391 -0.999437 0
 outer loop
  vertex -55.3913 -69.0066 8
  vertex -55 -69.0306 18
  vertex -56.1014 -69.0863 18
 endloop
endfacet
facet normal 0.385304 -0.92279 0
 outer loop
  vertex -56.6163 -69.2503 8
  vertex -56.1014 -69.0863 18
  vertex -57.1184 -69.5126 18
 endloop
endfacet
facet normal 0.718398 -0.695632 0
 outer loop
  vertex -57.9303 -70.2589 8
  vertex -57.1184 -69.5126 18
  vertex -57.9303 -70.2589 18
 endloop
endfacet
facet normal 0.585744 -0.810496 0
 outer loop
  vertex -57.9303 -70.2589 8
  vertex -56.6163 -69.2503 8
  vertex -57.1184 -69.5126 18
 endloop
endfacet
facet normal 0.204195 -0.97893 0
 outer loop
  vertex -56.6163 -69.2503 8
  vertex -55.3913 -69.0066 8
  vertex -56.1014 -69.0863 18
 endloop
endfacet
facet normal -0.99821 0.0598059 0
 outer loop
  vertex -52.2784 -72.9481 19
  vertex -52.2469 -71.6127 19
  vertex -52.2187 -72.6238 8
 endloop
endfacet
facet normal -0.793431 0.60866 0
 outer loop
  vertex -52.8524 -74.1543 8
  vertex -54.0697 -75.7411 8
  vertex -52.8524 -74.1543 19
 endloop
endfacet
facet normal -0.793431 0.60866 0
 outer loop
  vertex -52.8524 -74.1543 19
  vertex -54.0697 -75.7411 8
  vertex -54.0697 -75.7411 19
 endloop
endfacet
facet normal -0.0584249 0.998292 0
 outer loop
  vertex -56.6087 -76.9934 18
  vertex -56.0497 -76.9442 18
  vertex -56.6087 -76.9934 8
 endloop
endfacet
facet normal -0.159723 0.987162 0
 outer loop
  vertex -56.6087 -76.9934 8
  vertex -56.0497 -76.9442 18
  vertex -55.6463 -76.8453 8
 endloop
endfacet
facet normal -0.27389 0.961761 0
 outer loop
  vertex -55.6463 -76.8453 8
  vertex -56.0497 -76.9442 18
  vertex -55.5079 -76.7982 18
 endloop
endfacet
facet normal -0.384223 0.92324 0
 outer loop
  vertex -55 -76.5597 18
  vertex -55.6463 -76.8453 8
  vertex -55.5079 -76.7982 18
 endloop
endfacet
facet normal -0.462866 0.886428 0
 outer loop
  vertex -55 -76.5597 18
  vertex -54.773 -76.4146 8
  vertex -55.6463 -76.8453 8
 endloop
endfacet
facet normal -0.563082 0.826401 0
 outer loop
  vertex -55 -76.5597 18
  vertex -54.6552 -76.328 19
  vertex -54.773 -76.4146 8
 endloop
endfacet
facet normal -0.539631 0.841901 0
 outer loop
  vertex -55 -76.5597 18
  vertex -55 -76.5597 19
  vertex -54.6552 -76.328 19
 endloop
endfacet
facet normal -0.632414 0.77463 0
 outer loop
  vertex -54.6552 -76.328 19
  vertex -54.3434 -76.0536 19
  vertex -54.773 -76.4146 8
 endloop
endfacet
facet normal -0.697111 0.716963 0
 outer loop
  vertex -54.773 -76.4146 8
  vertex -54.3434 -76.0536 19
  vertex -54.0697 -75.7411 8
 endloop
endfacet
facet normal -0.766358 0.642413 0
 outer loop
  vertex -54.0697 -75.7411 8
  vertex -54.3434 -76.0536 19
  vertex -54.0697 -75.7411 19
 endloop
endfacet
facet normal -0.107079 0.0148978 0.994139
 outer loop
  vertex -79.08 28.9196 19
  vertex -79.7849 25.0076 18.916
  vertex -78.6434 28.7599 19.0215
 endloop
endfacet
facet normal -0.159909 0.0433495 0.98618
 outer loop
  vertex -78.6434 28.7599 19.0215
  vertex -79.7849 25.0076 18.916
  vertex -78.2352 28.6107 19.0809
 endloop
endfacet
facet normal -0.257393 0.0510665 0.964957
 outer loop
  vertex -78.2352 28.6107 19.0809
  vertex -79.7849 25.0076 18.916
  vertex -78.9841 24.658 19.1841
 endloop
endfacet
facet normal -0.401107 0.122406 0.907816
 outer loop
  vertex -77.372 28.295 19.3397
  vertex -78.9841 24.658 19.1841
  vertex -78.1975 24.3827 19.6016
 endloop
endfacet
facet normal -0.463015 0.191727 0.865366
 outer loop
  vertex -76.9708 28.1483 19.5282
  vertex -78.1975 24.3827 19.6016
  vertex -76.54 27.9907 19.7874
 endloop
endfacet
facet normal -0.41012 0.167692 0.896483
 outer loop
  vertex -76.9708 28.1483 19.5282
  vertex -77.372 28.295 19.3397
  vertex -78.1975 24.3827 19.6016
 endloop
endfacet
facet normal -0.347508 0.0225215 0.937407
 outer loop
  vertex -79.7849 25.0076 18.916
  vertex -80.3658 20.9006 18.7106
  vertex -78.9841 24.658 19.1841
 endloop
endfacet
facet normal -0.447129 0.0404826 0.893553
 outer loop
  vertex -78.9841 24.658 19.1841
  vertex -80.3658 20.9006 18.7106
  vertex -79.6199 20.6302 19.1303
 endloop
endfacet
facet normal -0.560871 0.0963231 0.822281
 outer loop
  vertex -78.1975 24.3827 19.6016
  vertex -79.6199 20.6302 19.1303
  vertex -78.919 20.3864 19.6668
 endloop
endfacet
facet normal -0.666613 0.146626 0.730841
 outer loop
  vertex -77.47 24.1145 20.1649
  vertex -78.919 20.3864 19.6668
  vertex -78.2881 20.1473 20.3125
 endloop
endfacet
facet normal -0.760384 0.189234 0.621295
 outer loop
  vertex -76.8368 23.8656 20.859
  vertex -78.2881 20.1473 20.3125
  vertex -77.7494 19.9202 21.0527
 endloop
endfacet
facet normal -0.836129 0.194234 0.512993
 outer loop
  vertex -77.3077 19.702 21.898
  vertex -77.7494 19.9202 21.0527
  vertex -77.7854 19.752 21.0557
 endloop
endfacet
facet normal -0.812676 0.212209 0.542703
 outer loop
  vertex -77.3077 19.702 21.898
  vertex -76.8368 23.8656 20.859
  vertex -77.7494 19.9202 21.0527
 endloop
endfacet
facet normal -0.856592 0.23042 0.461688
 outer loop
  vertex -77.3077 19.702 21.898
  vertex -76.9844 19.6639 22.7121
  vertex -76.8368 23.8656 20.859
 endloop
endfacet
facet normal -0.847551 0.279338 0.451251
 outer loop
  vertex -76.8368 23.8656 20.859
  vertex -76.9844 19.6639 22.7121
  vertex -74.7293 27.3286 22.057
 endloop
endfacet
facet normal -0.759976 0.305005 0.573941
 outer loop
  vertex -75.583 27.6408 20.6441
  vertex -76.8368 23.8656 20.859
  vertex -74.7293 27.3286 22.057
 endloop
endfacet
facet normal -0.679811 0.282117 0.676954
 outer loop
  vertex -75.583 27.6408 20.6441
  vertex -75.7929 27.7175 20.4141
  vertex -76.8368 23.8656 20.859
 endloop
endfacet
facet normal -0.665824 0.240814 0.706178
 outer loop
  vertex -76.8368 23.8656 20.859
  vertex -75.7929 27.7175 20.4141
  vertex -77.47 24.1145 20.1649
 endloop
endfacet
facet normal -0.699399 0.190479 0.688882
 outer loop
  vertex -78.2881 20.1473 20.3125
  vertex -76.8368 23.8656 20.859
  vertex -77.47 24.1145 20.1649
 endloop
endfacet
facet normal -0.477036 0.0179322 0.878701
 outer loop
  vertex -80.3658 20.9006 18.7106
  vertex -80.4734 19.9886 18.6569
  vertex -79.6199 20.6302 19.1303
 endloop
endfacet
facet normal -0.55388 0.0515523 0.830999
 outer loop
  vertex -79.6199 20.6302 19.1303
  vertex -80.4734 19.9886 18.6569
  vertex -79.0032 19.8656 19.665
 endloop
endfacet
facet normal -0.674949 0.117278 0.728484
 outer loop
  vertex -78.919 20.3864 19.6668
  vertex -79.0032 19.8656 19.665
  vertex -78.2881 20.1473 20.3125
 endloop
endfacet
facet normal -0.610402 0.0859258 0.787417
 outer loop
  vertex -78.919 20.3864 19.6668
  vertex -79.6199 20.6302 19.1303
  vertex -79.0032 19.8656 19.665
 endloop
endfacet
facet normal -0.736428 0.144312 0.660945
 outer loop
  vertex -79.0032 19.8656 19.665
  vertex -77.7854 19.752 21.0557
  vertex -78.2881 20.1473 20.3125
 endloop
endfacet
facet normal -0.786408 0.171935 0.593296
 outer loop
  vertex -78.2881 20.1473 20.3125
  vertex -77.7854 19.752 21.0557
  vertex -77.7494 19.9202 21.0527
 endloop
endfacet
facet normal -0.952406 0.277562 0.12602
 outer loop
  vertex -76.677 19.6107 24.4827
  vertex -74.3509 27.1902 23.8626
  vertex -76.9844 19.6639 22.7121
 endloop
endfacet
facet normal -0.918846 0.315964 0.236408
 outer loop
  vertex -76.9844 19.6639 22.7121
  vertex -74.3509 27.1902 23.8626
  vertex -74.6676 27.306 22.2184
 endloop
endfacet
facet normal -0.879662 0.317768 0.353863
 outer loop
  vertex -74.7293 27.3286 22.057
  vertex -76.9844 19.6639 22.7121
  vertex -74.6676 27.306 22.2184
 endloop
endfacet
facet normal -0.582175 0.242919 0.775927
 outer loop
  vertex -75.7929 27.7175 20.4141
  vertex -76.54 27.9907 19.7874
  vertex -77.47 24.1145 20.1649
 endloop
endfacet
facet normal -0.539594 0.186943 0.820909
 outer loop
  vertex -77.47 24.1145 20.1649
  vertex -76.54 27.9907 19.7874
  vertex -78.1975 24.3827 19.6016
 endloop
endfacet
facet normal -0.591222 0.141246 0.794044
 outer loop
  vertex -78.919 20.3864 19.6668
  vertex -77.47 24.1145 20.1649
  vertex -78.1975 24.3827 19.6016
 endloop
endfacet
facet normal -0.286082 0.107155 0.952195
 outer loop
  vertex -77.372 28.295 19.3397
  vertex -78.2352 28.6107 19.0809
  vertex -78.9841 24.658 19.1841
 endloop
endfacet
facet normal -0.472293 0.084352 0.877396
 outer loop
  vertex -78.9841 24.658 19.1841
  vertex -79.6199 20.6302 19.1303
  vertex -78.1975 24.3827 19.6016
 endloop
endfacet
facet normal 0.000208867 0.999391 0.0348995
 outer loop
  vertex 2.12102E-12 79.1479 24.4019
  vertex 0 74.7089 151.517
  vertex 0.0496243 79.1479 24.4019
 endloop
endfacet
facet normal 0.0319068 0.99888 0.0349344
 outer loop
  vertex 0.0496243 79.1479 24.4019
  vertex 0 74.7089 151.517
  vertex 7.10153 74.3706 151.517
 endloop
endfacet
facet normal 0.182944 0.9825 0.0350064
 outer loop
  vertex 13.5099 77.9823 24.5163
  vertex 7.10153 74.3706 151.517
  vertex 21.0479 71.6827 151.517
 endloop
endfacet
facet normal 0.294224 0.955098 0.0349247
 outer loop
  vertex 20.3711 76.4793 24.4592
  vertex 21.0479 71.6827 151.517
  vertex 27.1902 74.3509 23.8626
 endloop
endfacet
facet normal 0.236745 0.970943 0.0349412
 outer loop
  vertex 20.3711 76.4793 24.4592
  vertex 13.5099 77.9823 24.5163
  vertex 21.0479 71.6827 151.517
 endloop
endfacet
facet normal 0.362046 0.931503 0.0350086
 outer loop
  vertex 21.0479 71.6827 151.517
  vertex 34.2336 66.4039 151.517
  vertex 27.1902 74.3509 23.8626
 endloop
endfacet
facet normal 0.430535 0.901896 0.0349811
 outer loop
  vertex 27.1902 74.3509 23.8626
  vertex 34.2336 66.4039 151.517
  vertex 38.6092 69.1136 23.8626
 endloop
endfacet
facet normal 0.52284 0.851711 0.0350199
 outer loop
  vertex 38.6092 69.1136 23.8626
  vertex 34.2336 66.4039 151.517
  vertex 46.182 58.7252 151.517
 endloop
endfacet
facet normal 0.669491 0.741994 0.0350314
 outer loop
  vertex 49.7341 61.5945 23.8626
  vertex 46.182 58.7252 151.517
  vertex 56.4612 48.9239 151.517
 endloop
endfacet
facet normal 0.787915 0.614788 0.0350066
 outer loop
  vertex 59.4282 52.3034 23.8626
  vertex 56.4612 48.9239 151.517
  vertex 67.4128 41.5077 23.8626
 endloop
endfacet
facet normal 0.713504 0.699776 0.0350168
 outer loop
  vertex 59.4282 52.3034 23.8626
  vertex 49.7341 61.5945 23.8626
  vertex 56.4612 48.9239 151.517
 endloop
endfacet
facet normal 0.826835 0.561353 0.0350225
 outer loop
  vertex 56.4612 48.9239 151.517
  vertex 64.6998 37.3545 151.517
  vertex 67.4128 41.5077 23.8626
 endloop
endfacet
facet normal 0.883711 0.466723 0.0349959
 outer loop
  vertex 67.4128 41.5077 23.8626
  vertex 64.6998 37.3545 151.517
  vertex 73.4579 29.5178 23.8626
 endloop
endfacet
facet normal 0.915393 0.401036 0.0350134
 outer loop
  vertex 73.4579 29.5178 23.8626
  vertex 64.6998 37.3545 151.517
  vertex 70.6 24.4349 151.517
 endloop
endfacet
facet normal 0.949663 0.31132 0.0349224
 outer loop
  vertex 74.3509 27.1902 23.8626
  vertex 70.6 24.4349 151.517
  vertex 75.8571 20.7117 39.1222
 endloop
endfacet
facet normal 0.956036 0.291162 0.0349259
 outer loop
  vertex 76.2843 21.0933 24.4302
  vertex 74.3509 27.1902 23.8626
  vertex 75.8571 20.7117 39.1222
 endloop
endfacet
facet normal 0.98257 0.182586 0.0349165
 outer loop
  vertex 77.0229 14.7886 44.9651
  vertex 76.5768 17.0188 44.5238
  vertex 73.9485 10.6322 151.517
 endloop
endfacet
facet normal 0.998298 0.0466449 0.0350051
 outer loop
  vertex 78.3508 3.51874 44.9651
  vertex 73.9485 10.6322 151.517
  vertex 74.6243 -3.55479 151.517
 endloop
endfacet
facet normal 0.989599 -0.139528 0.0350053
 outer loop
  vertex 77.72 -10.5279 44.9651
  vertex 74.6243 -3.55479 151.517
  vertex 72.603 -17.6133 151.517
 endloop
endfacet
facet normal 0.976287 -0.213648 0.0349064
 outer loop
  vertex 77.0229 -14.7886 44.9651
  vertex 72.603 -17.6133 151.517
  vertex 76.5778 -17.0141 44.5257
 endloop
endfacet
facet normal 0.981884 -0.186236 0.0349306
 outer loop
  vertex 77.0229 -14.7886 44.9651
  vertex 77.72 -10.5279 44.9651
  vertex 72.603 -17.6133 151.517
 endloop
endfacet
facet normal 0.914422 -0.403251 0.0349404
 outer loop
  vertex 70.69 -35.6411 23.8626
  vertex 74.3509 -27.1902 23.8626
  vertex 67.9576 -31.0352 151.517
 endloop
endfacet
facet normal 0.874795 -0.483227 0.0350175
 outer loop
  vertex 60.8561 -43.3354 151.517
  vertex 70.69 -35.6411 23.8626
  vertex 67.9576 -31.0352 151.517
 endloop
endfacet
facet normal 0.839085 -0.542873 0.0350008
 outer loop
  vertex 60.8561 -43.3354 151.517
  vertex 63.6498 -47.0751 23.8626
  vertex 70.69 -35.6411 23.8626
 endloop
endfacet
facet normal 0.771919 -0.634755 0.0350282
 outer loop
  vertex 60.8561 -43.3354 151.517
  vertex 51.5551 -54.0694 151.517
  vertex 63.6498 -47.0751 23.8626
 endloop
endfacet
facet normal 0.7306 -0.681908 0.0350132
 outer loop
  vertex 63.6498 -47.0751 23.8626
  vertex 51.5551 -54.0694 151.517
  vertex 54.7785 -57.1549 23.8626
 endloop
endfacet
facet normal 0.648981 -0.759999 0.0350098
 outer loop
  vertex 54.7785 -57.1549 23.8626
  vertex 51.5551 -54.0694 151.517
  vertex 44.3314 -65.5904 23.8626
 endloop
endfacet
facet normal 0.598684 -0.800219 0.0350252
 outer loop
  vertex 44.3314 -65.5904 23.8626
  vertex 51.5551 -54.0694 151.517
  vertex 40.3907 -62.8491 151.517
 endloop
endfacet
facet normal 0.442597 -0.896037 0.0350153
 outer loop
  vertex 32.6089 -72.139 23.8626
  vertex 40.3907 -62.8491 151.517
  vertex 27.7665 -69.3574 151.517
 endloop
endfacet
facet normal 0.302326 -0.952561 0.0350215
 outer loop
  vertex 27.1902 -74.3509 23.8626
  vertex 27.7665 -69.3574 151.517
  vertex 14.1388 -73.3588 151.517
 endloop
endfacet
facet normal 0.186298 -0.981873 0.0349023
 outer loop
  vertex 15.8369 -77.5426 24.5321
  vertex 14.1388 -73.3588 151.517
  vertex 13.4413 -77.9942 24.5155
 endloop
endfacet
facet normal 0.244773 -0.968949 0.0349927
 outer loop
  vertex 15.8369 -77.5426 24.5321
  vertex 27.1902 -74.3509 23.8626
  vertex 14.1388 -73.3588 151.517
 endloop
endfacet
facet normal 0.12006 -0.992149 0.0350272
 outer loop
  vertex 14.1388 -73.3588 151.517
  vertex -9.1492E-15 -74.7089 151.517
  vertex 13.4413 -77.9942 24.5155
 endloop
endfacet
facet normal 0.0567598 -0.997774 0.0350126
 outer loop
  vertex 13.4413 -77.9942 24.5155
  vertex -9.1492E-15 -74.7089 151.517
  vertex -1.85484E-06 -79.1479 24.4019
 endloop
endfacet
facet normal 0.375617 -0.926117 0.0349156
 outer loop
  vertex 27.1902 -74.3509 23.8626
  vertex 32.6089 -72.139 23.8626
  vertex 27.7665 -69.3574 151.517
 endloop
endfacet
facet normal 0.505291 -0.862239 0.0349982
 outer loop
  vertex 32.6089 -72.139 23.8626
  vertex 44.3314 -65.5904 23.8626
  vertex 40.3907 -62.8491 151.517
 endloop
endfacet
facet normal 0.956036 -0.291162 0.0349259
 outer loop
  vertex 76.2843 -21.0933 24.4308
  vertex 75.8571 -20.7117 39.1222
  vertex 74.3509 -27.1902 23.8626
 endloop
endfacet
facet normal 0.939307 -0.341291 0.0349758
 outer loop
  vertex 74.3509 -27.1902 23.8626
  vertex 75.8571 -20.7117 39.1222
  vertex 67.9576 -31.0352 151.517
 endloop
endfacet
facet normal 0.95147 -0.305743 0.0350223
 outer loop
  vertex 67.9576 -31.0352 151.517
  vertex 75.8571 -20.7117 39.1222
  vertex 72.603 -17.6133 151.517
 endloop
endfacet
facet normal 0.967094 -0.252013 0.0349021
 outer loop
  vertex 72.603 -17.6133 151.517
  vertex 75.8571 -20.7117 39.1222
  vertex 75.9103 -20.2114 41.3824
 endloop
endfacet
facet normal 0.969013 -0.244533 0.0349011
 outer loop
  vertex 76.1762 -18.9129 43.2727
  vertex 72.603 -17.6133 151.517
  vertex 75.9103 -20.2114 41.3824
 endloop
endfacet
facet normal 0.972309 -0.231077 0.0349015
 outer loop
  vertex 76.1762 -18.9129 43.2727
  vertex 76.5778 -17.0141 44.5257
  vertex 72.603 -17.6133 151.517
 endloop
endfacet
facet normal 0.99834 -0.045745 0.0349933
 outer loop
  vertex 77.72 -10.5279 44.9651
  vertex 78.3508 3.51874 44.9651
  vertex 74.6243 -3.55479 151.517
 endloop
endfacet
facet normal 0.99149 0.125398 0.034963
 outer loop
  vertex 78.3508 3.51874 44.9651
  vertex 77.0229 14.7886 44.9651
  vertex 73.9485 10.6322 151.517
 endloop
endfacet
facet normal 0.979143 0.200149 0.0349314
 outer loop
  vertex 76.5768 17.0188 44.5238
  vertex 76.1756 18.9156 43.27
  vertex 73.9485 10.6322 151.517
 endloop
endfacet
facet normal 0.97079 0.237366 0.0350051
 outer loop
  vertex 73.9485 10.6322 151.517
  vertex 76.1756 18.9156 43.27
  vertex 70.6 24.4349 151.517
 endloop
endfacet
facet normal 0.960762 0.275167 0.034926
 outer loop
  vertex 70.6 24.4349 151.517
  vertex 76.1756 18.9156 43.27
  vertex 75.9099 20.2133 41.3781
 endloop
endfacet
facet normal 0.95861 0.282574 0.0349185
 outer loop
  vertex 75.8571 20.7117 39.1222
  vertex 70.6 24.4349 151.517
  vertex 75.9099 20.2133 41.3781
 endloop
endfacet
facet normal 0.936974 0.347652 0.0349066
 outer loop
  vertex 74.3509 27.1902 23.8626
  vertex 73.4579 29.5178 23.8626
  vertex 70.6 24.4349 151.517
 endloop
endfacet
facet normal 0.579396 0.814294 0.0350036
 outer loop
  vertex 49.7341 61.5945 23.8626
  vertex 38.6092 69.1136 23.8626
  vertex 46.182 58.7252 151.517
 endloop
endfacet
facet normal 0.0889575 0.995421 0.0349848
 outer loop
  vertex 13.5099 77.9823 24.5163
  vertex 0.0496243 79.1479 24.4019
  vertex 7.10153 74.3706 151.517
 endloop
endfacet
facet normal -0.937857 0.345082 0.0366417
 outer loop
  vertex -76.3639 19.3344 35.1222
  vertex -76.4911 19.041 35.1182
  vertex -76.4073 18.8356 37.3789
 endloop
endfacet
facet normal -0.89727 0.434191 0.0799036
 outer loop
  vertex -76.4073 18.8356 37.3789
  vertex -76.4911 19.041 35.1182
  vertex -76.5328 18.5613 37.263
 endloop
endfacet
facet normal -0.905972 0.39237 0.158935
 outer loop
  vertex -76.6475 17.5393 39.2691
  vertex -76.5328 18.5613 37.263
  vertex -76.7636 17.319 39.0443
 endloop
endfacet
facet normal -0.800707 0.474298 0.365938
 outer loop
  vertex -76.9289 16.4697 39.7179
  vertex -76.7636 17.319 39.0443
  vertex -76.9901 17.1519 38.8256
 endloop
endfacet
facet normal -0.592315 0.586548 0.552382
 outer loop
  vertex -77.1544 16.3448 39.4578
  vertex -76.9901 17.1519 38.8256
  vertex -77.137 17.0954 38.7376
 endloop
endfacet
facet normal -0.439717 0.630309 0.639812
 outer loop
  vertex -77.3033 16.3065 39.3542
  vertex -77.137 17.0954 38.7376
  vertex -77.2971 17.0606 38.6694
 endloop
endfacet
facet normal -0.2761 0.653165 0.705084
 outer loop
  vertex -77.4664 16.2868 39.2752
  vertex -77.2971 17.0606 38.6694
  vertex -77.4621 17.0476 38.6227
 endloop
endfacet
facet normal -0.109878 0.655756 0.746934
 outer loop
  vertex -77.6347 16.2854 39.2228
  vertex -77.4621 17.0476 38.6227
  vertex -77.6258 17.0481 38.6034
 endloop
endfacet
facet normal -0.0554744 0.602957 0.795843
 outer loop
  vertex -77.8015 16.2938 39.2006
  vertex -77.6347 16.2854 39.2228
  vertex -77.6258 17.0481 38.6034
 endloop
endfacet
facet normal -0.11209 0.502696 0.857165
 outer loop
  vertex -77.8015 16.2938 39.2006
  vertex -77.8257 15.4308 39.6615
  vertex -77.6347 16.2854 39.2228
 endloop
endfacet
facet normal -0.0566354 0.440923 0.895756
 outer loop
  vertex -77.8015 16.2938 39.2006
  vertex -77.9956 15.4476 39.6388
  vertex -77.8257 15.4308 39.6615
 endloop
endfacet
facet normal -0.114482 0.331475 0.936492
 outer loop
  vertex -77.8257 15.4308 39.6615
  vertex -77.9956 15.4476 39.6388
  vertex -78.0262 14.5065 39.9296
 endloop
endfacet
facet normal -0.294168 0.173928 0.939795
 outer loop
  vertex -77.8503 14.4851 39.9839
  vertex -78.0262 14.5065 39.9296
  vertex -78.0455 13.5202 40.0674
 endloop
endfacet
facet normal -0.382689 0.126086 0.915233
 outer loop
  vertex -77.9619 13.5057 40.1048
  vertex -77.8503 14.4851 39.9839
  vertex -78.0455 13.5202 40.0674
 endloop
endfacet
facet normal -0.438066 0.190396 0.878549
 outer loop
  vertex -77.9619 13.5057 40.1048
  vertex -77.6804 14.4716 40.0731
  vertex -77.8503 14.4851 39.9839
 endloop
endfacet
facet normal -0.497691 0.140696 0.855867
 outer loop
  vertex -77.9619 13.5057 40.1048
  vertex -77.8722 13.4901 40.1563
  vertex -77.6804 14.4716 40.0731
 endloop
endfacet
facet normal -0.581139 0.155278 0.798853
 outer loop
  vertex -77.6804 14.4716 40.0731
  vertex -77.8722 13.4901 40.1563
  vertex -77.7167 13.4632 40.2807
 endloop
endfacet
facet normal -0.696433 0.167523 0.697795
 outer loop
  vertex -77.527 14.4674 40.1952
  vertex -77.7167 13.4632 40.2807
  vertex -77.673 13.4556 40.3263
 endloop
endfacet
facet normal -0.854474 0.175392 0.488991
 outer loop
  vertex -77.3042 14.4881 40.5103
  vertex -77.673 13.4556 40.3263
  vertex -77.4952 13.4248 40.6067
 endloop
endfacet
facet normal -0.90712 0.184161 0.378441
 outer loop
  vertex -77.4824 13.4226 40.6388
  vertex -77.3042 14.4881 40.5103
  vertex -77.4952 13.4248 40.6067
 endloop
endfacet
facet normal -0.94584 0.191228 0.262334
 outer loop
  vertex -77.4824 13.4226 40.6388
  vertex -77.4164 13.4112 40.9651
  vertex -77.3042 14.4881 40.5103
 endloop
endfacet
facet normal -0.966924 0.204733 0.152128
 outer loop
  vertex -77.3042 14.4881 40.5103
  vertex -77.4164 13.4112 40.9651
  vertex -77.0128 15.6399 40.5244
 endloop
endfacet
facet normal -0.92406 0.298327 0.238987
 outer loop
  vertex -77.1119 15.5176 40.21
  vertex -77.0128 15.6399 40.5244
  vertex -76.9289 16.4697 39.7179
 endloop
endfacet
facet normal -0.728727 0.498238 0.469804
 outer loop
  vertex -77.1544 16.3448 39.4578
  vertex -76.9289 16.4697 39.7179
  vertex -76.9901 17.1519 38.8256
 endloop
endfacet
facet normal -0.812618 0.400597 0.42329
 outer loop
  vertex -77.1544 16.3448 39.4578
  vertex -77.1119 15.5176 40.21
  vertex -76.9289 16.4697 39.7179
 endloop
endfacet
facet normal -0.741387 0.404704 0.535312
 outer loop
  vertex -77.1544 16.3448 39.4578
  vertex -77.3361 15.4418 39.9174
  vertex -77.1119 15.5176 40.21
 endloop
endfacet
facet normal -0.6037 0.476657 0.639018
 outer loop
  vertex -77.1544 16.3448 39.4578
  vertex -77.3033 16.3065 39.3542
  vertex -77.3361 15.4418 39.9174
 endloop
endfacet
facet normal -0.546496 0.566824 0.616484
 outer loop
  vertex -77.1544 16.3448 39.4578
  vertex -77.137 17.0954 38.7376
  vertex -77.3033 16.3065 39.3542
 endloop
endfacet
facet normal -0.779147 0.62153 0.081423
 outer loop
  vertex -76.4911 19.041 35.1182
  vertex -76.719 18.7911 35.1184
  vertex -76.5328 18.5613 37.263
 endloop
endfacet
facet normal -0.705339 0.689774 0.16343
 outer loop
  vertex -76.5328 18.5613 37.263
  vertex -76.719 18.7911 35.1184
  vertex -76.7606 18.3347 37.1463
 endloop
endfacet
facet normal -0.718107 0.598837 0.354564
 outer loop
  vertex -76.7636 17.319 39.0443
  vertex -76.7606 18.3347 37.1463
  vertex -76.9901 17.1519 38.8256
 endloop
endfacet
facet normal -0.787454 0.566769 0.242258
 outer loop
  vertex -76.7636 17.319 39.0443
  vertex -76.5328 18.5613 37.263
  vertex -76.7606 18.3347 37.1463
 endloop
endfacet
facet normal -0.574744 0.788911 0.217461
 outer loop
  vertex -76.7606 18.3347 37.1463
  vertex -76.719 18.7911 35.1184
  vertex -76.9047 18.2518 37.0991
 endloop
endfacet
facet normal -0.538547 0.698249 0.471609
 outer loop
  vertex -76.9901 17.1519 38.8256
  vertex -76.9047 18.2518 37.0991
  vertex -77.137 17.0954 38.7376
 endloop
endfacet
facet normal -0.581688 0.724426 0.369927
 outer loop
  vertex -76.9901 17.1519 38.8256
  vertex -76.7606 18.3347 37.1463
  vertex -76.9047 18.2518 37.0991
 endloop
endfacet
facet normal -0.161615 0.974827 0.153599
 outer loop
  vertex -77.3327 18.5801 35.1309
  vertex -77.2208 18.1621 37.0364
  vertex -77.0171 18.6315 35.123
 endloop
endfacet
facet normal -0.0536109 0.95888 0.278701
 outer loop
  vertex -77.3327 18.5801 35.1309
  vertex -77.3791 18.1521 37.0278
  vertex -77.2208 18.1621 37.0364
 endloop
endfacet
facet normal -0.108571 0.856309 0.504924
 outer loop
  vertex -77.2208 18.1621 37.0364
  vertex -77.3791 18.1521 37.0278
  vertex -77.4621 17.0476 38.6227
 endloop
endfacet
facet normal -0.219495 0.779183 0.587108
 outer loop
  vertex -77.2971 17.0606 38.6694
  vertex -77.2208 18.1621 37.0364
  vertex -77.4621 17.0476 38.6227
 endloop
endfacet
facet normal -0.272005 0.837164 0.47452
 outer loop
  vertex -77.2971 17.0606 38.6694
  vertex -77.0605 18.194 37.0621
  vertex -77.2208 18.1621 37.0364
 endloop
endfacet
facet normal -0.383309 0.75057 0.538256
 outer loop
  vertex -77.2971 17.0606 38.6694
  vertex -77.137 17.0954 38.7376
  vertex -77.0605 18.194 37.0621
 endloop
endfacet
facet normal -0.432279 0.793085 0.429128
 outer loop
  vertex -77.0605 18.194 37.0621
  vertex -77.137 17.0954 38.7376
  vertex -76.9047 18.2518 37.0991
 endloop
endfacet
facet normal -0.47697 0.868355 0.135865
 outer loop
  vertex -77.0171 18.6315 35.123
  vertex -76.9047 18.2518 37.0991
  vertex -76.719 18.7911 35.1184
 endloop
endfacet
facet normal -0.374845 0.894039 0.245329
 outer loop
  vertex -77.0171 18.6315 35.123
  vertex -77.0605 18.194 37.0621
  vertex -76.9047 18.2518 37.0991
 endloop
endfacet
facet normal -0.268217 0.925643 0.266917
 outer loop
  vertex -77.0171 18.6315 35.123
  vertex -77.2208 18.1621 37.0364
  vertex -77.0605 18.194 37.0621
 endloop
endfacet
facet normal -0.0550835 0.784744 0.617368
 outer loop
  vertex -77.3791 18.1521 37.0278
  vertex -77.6258 17.0481 38.6034
  vertex -77.4621 17.0476 38.6227
 endloop
endfacet
facet normal -0.0578563 0.26251 0.963193
 outer loop
  vertex -77.9956 15.4476 39.6388
  vertex -78.1991 14.531 39.9091
  vertex -78.0262 14.5065 39.9296
 endloop
endfacet
facet normal -0.0883277 0.142168 0.985894
 outer loop
  vertex -78.0262 14.5065 39.9296
  vertex -78.1991 14.531 39.9091
  vertex -78.3102 13.566 40.0043
 endloop
endfacet
facet normal -0.147134 0.0883803 0.98516
 outer loop
  vertex -78.2253 13.5513 40.0161
  vertex -78.0262 14.5065 39.9296
  vertex -78.3102 13.566 40.0043
 endloop
endfacet
facet normal -0.236363 0.103974 0.966086
 outer loop
  vertex -78.2253 13.5513 40.0161
  vertex -78.0455 13.5202 40.0674
  vertex -78.0262 14.5065 39.9296
 endloop
endfacet
facet normal -0.0304273 0.0690285 0.997151
 outer loop
  vertex -78.1991 14.531 39.9091
  vertex -78.4011 13.5818 40
  vertex -78.3102 13.566 40.0043
 endloop
endfacet
facet normal -0.954243 0.268841 0.130939
 outer loop
  vertex -77.0128 15.6399 40.5244
  vertex -76.6475 17.5393 39.2691
  vertex -76.9289 16.4697 39.7179
 endloop
endfacet
facet normal -0.913845 0.346866 0.211117
 outer loop
  vertex -76.9289 16.4697 39.7179
  vertex -76.6475 17.5393 39.2691
  vertex -76.7636 17.319 39.0443
 endloop
endfacet
facet normal -0.94163 0.327362 0.0785358
 outer loop
  vertex -76.6475 17.5393 39.2691
  vertex -76.4073 18.8356 37.3789
  vertex -76.5328 18.5613 37.263
 endloop
endfacet
facet normal -0.628699 0.210548 0.748604
 outer loop
  vertex -77.7167 13.4632 40.2807
  vertex -77.527 14.4674 40.1952
  vertex -77.6804 14.4716 40.0731
 endloop
endfacet
facet normal -0.56936 0.306028 0.763005
 outer loop
  vertex -77.6804 14.4716 40.0731
  vertex -77.527 14.4674 40.1952
  vertex -77.4873 15.4239 39.8023
 endloop
endfacet
facet normal -0.396533 0.458546 0.795297
 outer loop
  vertex -77.6536 15.4205 39.7164
  vertex -77.4873 15.4239 39.8023
  vertex -77.4664 16.2868 39.2752
 endloop
endfacet
facet normal -0.221872 0.609801 0.760865
 outer loop
  vertex -77.6347 16.2854 39.2228
  vertex -77.4664 16.2868 39.2752
  vertex -77.4621 17.0476 38.6227
 endloop
endfacet
facet normal -0.28176 0.510659 0.812305
 outer loop
  vertex -77.6347 16.2854 39.2228
  vertex -77.6536 15.4205 39.7164
  vertex -77.4664 16.2868 39.2752
 endloop
endfacet
facet normal -0.22651 0.456744 0.860278
 outer loop
  vertex -77.6347 16.2854 39.2228
  vertex -77.8257 15.4308 39.6615
  vertex -77.6536 15.4205 39.7164
 endloop
endfacet
facet normal -0.28791 0.349461 0.891619
 outer loop
  vertex -77.6536 15.4205 39.7164
  vertex -77.8257 15.4308 39.6615
  vertex -77.8503 14.4851 39.9839
 endloop
endfacet
facet normal -0.405249 0.301344 0.863113
 outer loop
  vertex -77.6804 14.4716 40.0731
  vertex -77.6536 15.4205 39.7164
  vertex -77.8503 14.4851 39.9839
 endloop
endfacet
facet normal -0.45839 0.356258 0.814223
 outer loop
  vertex -77.6804 14.4716 40.0731
  vertex -77.4873 15.4239 39.8023
  vertex -77.6536 15.4205 39.7164
 endloop
endfacet
facet normal -0.932229 0.251615 0.260076
 outer loop
  vertex -77.0128 15.6399 40.5244
  vertex -77.1119 15.5176 40.21
  vertex -77.3042 14.4881 40.5103
 endloop
endfacet
facet normal -0.825503 0.315353 0.468078
 outer loop
  vertex -77.3042 14.4881 40.5103
  vertex -77.1119 15.5176 40.21
  vertex -77.3361 15.4418 39.9174
 endloop
endfacet
facet normal -0.616074 0.350352 0.705483
 outer loop
  vertex -77.527 14.4674 40.1952
  vertex -77.3361 15.4418 39.9174
  vertex -77.4873 15.4239 39.8023
 endloop
endfacet
facet normal -0.754865 0.297848 0.58435
 outer loop
  vertex -77.527 14.4674 40.1952
  vertex -77.3042 14.4881 40.5103
  vertex -77.3361 15.4418 39.9174
 endloop
endfacet
facet normal -0.777592 0.209705 0.592769
 outer loop
  vertex -77.527 14.4674 40.1952
  vertex -77.673 13.4556 40.3263
  vertex -77.3042 14.4881 40.5103
 endloop
endfacet
facet normal -0.448661 0.502343 0.739158
 outer loop
  vertex -77.4664 16.2868 39.2752
  vertex -77.4873 15.4239 39.8023
  vertex -77.3033 16.3065 39.3542
 endloop
endfacet
facet normal -0.388368 0.598217 0.700933
 outer loop
  vertex -77.2971 17.0606 38.6694
  vertex -77.4664 16.2868 39.2752
  vertex -77.3033 16.3065 39.3542
 endloop
endfacet
facet normal -0.557556 0.444629 0.701025
 outer loop
  vertex -77.4873 15.4239 39.8023
  vertex -77.3361 15.4418 39.9174
  vertex -77.3033 16.3065 39.3542
 endloop
endfacet
facet normal -0.231452 0.286199 0.929796
 outer loop
  vertex -77.8257 15.4308 39.6615
  vertex -78.0262 14.5065 39.9296
  vertex -77.8503 14.4851 39.9839
 endloop
endfacet
facet normal -0.976885 0.156601 0.145507
 outer loop
  vertex -77.4164 13.4112 40.9651
  vertex -77.4824 13.4226 40.6388
  vertex -77.8584 10.5466 40.9651
 endloop
endfacet
facet normal -0.956388 0.141268 0.255668
 outer loop
  vertex -77.8584 10.5466 40.9651
  vertex -77.4824 13.4226 40.6388
  vertex -77.9247 10.5556 40.6388
 endloop
endfacet
facet normal -0.966462 0.0130363 0.25648
 outer loop
  vertex -78.4904 -3.52501 40.9651
  vertex -77.9247 10.5556 40.6388
  vertex -78.5572 -3.52801 40.6388
 endloop
endfacet
facet normal -0.958465 -0.125626 0.256054
 outer loop
  vertex -77.4164 -13.4112 40.9651
  vertex -78.5572 -3.52801 40.6388
  vertex -77.4824 -13.4226 40.6388
 endloop
endfacet
facet normal -0.985491 -0.0869844 0.145742
 outer loop
  vertex -77.4164 -13.4112 40.9651
  vertex -78.4904 -3.52501 40.9651
  vertex -78.5572 -3.52801 40.6388
 endloop
endfacet
facet normal -0.916488 0.147129 0.372024
 outer loop
  vertex -77.4824 13.4226 40.6388
  vertex -77.4952 13.4248 40.6067
  vertex -77.9247 10.5556 40.6388
 endloop
endfacet
facet normal -0.866182 0.128901 0.482817
 outer loop
  vertex -77.9247 10.5556 40.6388
  vertex -77.4952 13.4248 40.6067
  vertex -78.1164 10.5816 40.3263
 endloop
endfacet
facet normal -0.814854 0.0082122 0.579608
 outer loop
  vertex -78.5572 -3.52801 40.6388
  vertex -78.1164 10.5816 40.3263
  vertex -78.7505 -3.53669 40.3263
 endloop
endfacet
facet normal -0.801632 -0.106858 0.58819
 outer loop
  vertex -77.4952 -13.4248 40.6067
  vertex -78.7505 -3.53669 40.3263
  vertex -77.673 -13.4556 40.3263
 endloop
endfacet
facet normal -0.87185 -0.0785046 0.48344
 outer loop
  vertex -77.4952 -13.4248 40.6067
  vertex -78.5572 -3.52801 40.6388
  vertex -78.7505 -3.53669 40.3263
 endloop
endfacet
facet normal -0.920285 -0.119512 0.372549
 outer loop
  vertex -77.4952 -13.4248 40.6067
  vertex -77.4824 -13.4226 40.6388
  vertex -78.5572 -3.52801 40.6388
 endloop
endfacet
facet normal -0.798805 0.129042 0.587587
 outer loop
  vertex -77.4952 13.4248 40.6067
  vertex -77.673 13.4556 40.3263
  vertex -78.1164 10.5816 40.3263
 endloop
endfacet
facet normal -0.715362 0.114699 0.689276
 outer loop
  vertex -78.1164 10.5816 40.3263
  vertex -77.673 13.4556 40.3263
  vertex -77.7167 13.4632 40.2807
 endloop
endfacet
facet normal -0.65278 0.103803 0.750402
 outer loop
  vertex -77.8722 13.4901 40.1563
  vertex -78.1164 10.5816 40.3263
  vertex -77.7167 13.4632 40.2807
 endloop
endfacet
facet normal -0.574619 0.0845796 0.814039
 outer loop
  vertex -77.8722 13.4901 40.1563
  vertex -78.407 10.621 40.1048
  vertex -78.1164 10.5816 40.3263
 endloop
endfacet
facet normal -0.470541 0.0759452 0.879104
 outer loop
  vertex -77.8722 13.4901 40.1563
  vertex -77.9619 13.5057 40.1048
  vertex -78.407 10.621 40.1048
 endloop
endfacet
facet normal -0.412596 0.0659085 0.908527
 outer loop
  vertex -78.407 10.621 40.1048
  vertex -77.9619 13.5057 40.1048
  vertex -78.0455 13.5202 40.0674
 endloop
endfacet
facet normal -0.209043 0.0350544 0.977278
 outer loop
  vertex -78.7573 10.6684 40.0043
  vertex -78.0455 13.5202 40.0674
  vertex -78.2253 13.5513 40.0161
 endloop
endfacet
facet normal -0.119496 0.0195485 0.992642
 outer loop
  vertex -78.3102 13.566 40.0043
  vertex -78.7573 10.6684 40.0043
  vertex -78.2253 13.5513 40.0161
 endloop
endfacet
facet normal -0.0608403 0.00938723 0.998103
 outer loop
  vertex -78.3102 13.566 40.0043
  vertex -78.4011 13.5818 40
  vertex -78.7573 10.6684 40.0043
 endloop
endfacet
facet normal -0.0305067 0.00413241 0.999526
 outer loop
  vertex -78.7573 10.6684 40.0043
  vertex -78.4011 13.5818 40
  vertex -78.8487 10.6808 40
 endloop
endfacet
facet normal -0.0307543 -0.00138118 0.999526
 outer loop
  vertex -79.3966 -3.5657 40.0043
  vertex -78.8487 10.6808 40
  vertex -79.4887 -3.56984 40
 endloop
endfacet
facet normal -0.0303335 -0.00525481 0.999526
 outer loop
  vertex -78.3102 -13.566 40.0043
  vertex -79.4887 -3.56984 40
  vertex -78.4011 -13.5818 40
 endloop
endfacet
facet normal -0.0610883 -0.00663604 0.99811
 outer loop
  vertex -78.3102 -13.566 40.0043
  vertex -79.3966 -3.5657 40.0043
  vertex -79.4887 -3.56984 40
 endloop
endfacet
facet normal -0.119746 -0.0167979 0.992662
 outer loop
  vertex -78.3102 -13.566 40.0043
  vertex -78.2253 -13.5513 40.0161
  vertex -79.3966 -3.5657 40.0043
 endloop
endfacet
facet normal -0.209301 -0.0322886 0.977318
 outer loop
  vertex -79.3966 -3.5657 40.0043
  vertex -78.2253 -13.5513 40.0161
  vertex -78.0455 -13.5202 40.0674
 endloop
endfacet
facet normal -0.413913 -0.0526326 0.908793
 outer loop
  vertex -79.0434 -3.54985 40.1048
  vertex -78.0455 -13.5202 40.0674
  vertex -77.9619 -13.5057 40.1048
 endloop
endfacet
facet normal -0.471907 -0.0626727 0.879418
 outer loop
  vertex -77.8722 -13.4901 40.1563
  vertex -79.0434 -3.54985 40.1048
  vertex -77.9619 -13.5057 40.1048
 endloop
endfacet
facet normal -0.578141 -0.0488799 0.814471
 outer loop
  vertex -77.8722 -13.4901 40.1563
  vertex -78.7505 -3.53669 40.3263
  vertex -79.0434 -3.54985 40.1048
 endloop
endfacet
facet normal -0.655267 -0.0817073 0.750966
 outer loop
  vertex -77.8722 -13.4901 40.1563
  vertex -77.7167 -13.4632 40.2807
  vertex -78.7505 -3.53669 40.3263
 endloop
endfacet
facet normal -0.717965 -0.092753 0.689872
 outer loop
  vertex -78.7505 -3.53669 40.3263
  vertex -77.7167 -13.4632 40.2807
  vertex -77.673 -13.4556 40.3263
 endloop
endfacet
facet normal -0.986613 0.0726497 0.146002
 outer loop
  vertex -78.4904 -3.52501 40.9651
  vertex -77.8584 10.5466 40.9651
  vertex -77.9247 10.5556 40.6388
 endloop
endfacet
facet normal -0.29996 0.0451666 0.952882
 outer loop
  vertex -78.0455 13.5202 40.0674
  vertex -78.7573 10.6684 40.0043
  vertex -78.407 10.621 40.1048
 endloop
endfacet
facet normal -0.331296 0.0176819 0.943361
 outer loop
  vertex -78.407 10.621 40.1048
  vertex -78.7573 10.6684 40.0043
  vertex -79.0434 -3.54985 40.1048
 endloop
endfacet
facet normal -0.550606 0.00226286 0.834762
 outer loop
  vertex -78.7505 -3.53669 40.3263
  vertex -78.407 10.621 40.1048
  vertex -79.0434 -3.54985 40.1048
 endloop
endfacet
facet normal -0.648262 0.042672 0.760221
 outer loop
  vertex -78.7505 -3.53669 40.3263
  vertex -78.1164 10.5816 40.3263
  vertex -78.407 10.621 40.1048
 endloop
endfacet
facet normal -0.212871 -0.00397787 0.977072
 outer loop
  vertex -79.0434 -3.54985 40.1048
  vertex -78.7573 10.6684 40.0043
  vertex -79.3966 -3.5657 40.0043
 endloop
endfacet
facet normal -0.301469 -0.0289448 0.953036
 outer loop
  vertex -78.0455 -13.5202 40.0674
  vertex -79.0434 -3.54985 40.1048
  vertex -79.3966 -3.5657 40.0043
 endloop
endfacet
facet normal -0.878397 0.0619565 0.4739
 outer loop
  vertex -77.9247 10.5556 40.6388
  vertex -78.1164 10.5816 40.3263
  vertex -78.5572 -3.52801 40.6388
 endloop
endfacet
facet normal -0.061262 0.00275128 0.998118
 outer loop
  vertex -79.3966 -3.5657 40.0043
  vertex -78.7573 10.6684 40.0043
  vertex -78.8487 10.6808 40
 endloop
endfacet
facet normal -0.96689 -0.204905 0.152108
 outer loop
  vertex -77.0119 -15.6446 40.5225
  vertex -77.4164 -13.4112 40.9651
  vertex -77.303 -14.4941 40.5086
 endloop
endfacet
facet normal -0.825426 -0.315796 0.467915
 outer loop
  vertex -77.111 -15.5221 40.2082
  vertex -77.303 -14.4941 40.5086
  vertex -77.3353 -15.4461 39.9157
 endloop
endfacet
facet normal -0.603629 -0.477451 0.638492
 outer loop
  vertex -77.153 -16.3515 39.4536
  vertex -77.3353 -15.4461 39.9157
  vertex -77.3019 -16.313 39.3501
 endloop
endfacet
facet normal -0.439663 -0.630875 0.639291
 outer loop
  vertex -77.1365 -17.0979 38.7353
  vertex -77.3019 -16.313 39.3501
  vertex -77.2966 -17.063 38.6671
 endloop
endfacet
facet normal -0.271995 -0.837503 0.473928
 outer loop
  vertex -77.0602 -18.1956 37.0584
  vertex -77.2966 -17.063 38.6671
  vertex -77.2205 -18.1637 37.0327
 endloop
endfacet
facet normal -0.161603 -0.974868 0.153351
 outer loop
  vertex -77.0171 -18.6315 35.123
  vertex -77.2205 -18.1637 37.0327
  vertex -77.3327 -18.5801 35.1309
 endloop
endfacet
facet normal -0.268196 -0.925784 0.266447
 outer loop
  vertex -77.0171 -18.6315 35.123
  vertex -77.0602 -18.1956 37.0584
  vertex -77.2205 -18.1637 37.0327
 endloop
endfacet
facet normal -0.374816 -0.894167 0.244907
 outer loop
  vertex -77.0171 -18.6315 35.123
  vertex -76.9044 -18.2535 37.0953
  vertex -77.0602 -18.1956 37.0584
 endloop
endfacet
facet normal -0.476944 -0.868401 0.135665
 outer loop
  vertex -77.0171 -18.6315 35.123
  vertex -76.719 -18.7911 35.1184
  vertex -76.9044 -18.2535 37.0953
 endloop
endfacet
facet normal -0.574712 -0.789033 0.217103
 outer loop
  vertex -76.9044 -18.2535 37.0953
  vertex -76.719 -18.7911 35.1184
  vertex -76.7603 -18.3364 37.1423
 endloop
endfacet
facet normal -0.718078 -0.599065 0.354239
 outer loop
  vertex -76.9896 -17.1544 38.8232
  vertex -76.7603 -18.3364 37.1423
  vertex -76.7631 -17.3216 39.0417
 endloop
endfacet
facet normal -0.913798 -0.347092 0.210952
 outer loop
  vertex -76.9275 -16.4767 39.7133
  vertex -76.7631 -17.3216 39.0417
  vertex -76.647 -17.542 39.2664
 endloop
endfacet
facet normal -0.954204 -0.269031 0.130831
 outer loop
  vertex -77.0119 -15.6446 40.5225
  vertex -76.9275 -16.4767 39.7133
  vertex -76.647 -17.542 39.2664
 endloop
endfacet
facet normal -0.924008 -0.298613 0.238831
 outer loop
  vertex -77.0119 -15.6446 40.5225
  vertex -77.111 -15.5221 40.2082
  vertex -76.9275 -16.4767 39.7133
 endloop
endfacet
facet normal -0.932173 -0.251892 0.260007
 outer loop
  vertex -77.0119 -15.6446 40.5225
  vertex -77.303 -14.4941 40.5086
  vertex -77.111 -15.5221 40.2082
 endloop
endfacet
facet normal -0.945814 -0.19138 0.262315
 outer loop
  vertex -77.4164 -13.4112 40.9651
  vertex -77.4824 -13.4226 40.6388
  vertex -77.303 -14.4941 40.5086
 endloop
endfacet
facet normal -0.907097 -0.18431 0.378424
 outer loop
  vertex -77.303 -14.4941 40.5086
  vertex -77.4824 -13.4226 40.6388
  vertex -77.4952 -13.4248 40.6067
 endloop
endfacet
facet normal -0.854452 -0.175543 0.488975
 outer loop
  vertex -77.673 -13.4556 40.3263
  vertex -77.303 -14.4941 40.5086
  vertex -77.4952 -13.4248 40.6067
 endloop
endfacet
facet normal -0.777533 -0.210121 0.592698
 outer loop
  vertex -77.673 -13.4556 40.3263
  vertex -77.5258 -14.4732 40.1936
  vertex -77.303 -14.4941 40.5086
 endloop
endfacet
facet normal -0.696412 -0.167784 0.697753
 outer loop
  vertex -77.673 -13.4556 40.3263
  vertex -77.7167 -13.4632 40.2807
  vertex -77.5258 -14.4732 40.1936
 endloop
endfacet
facet normal -0.628644 -0.211115 0.74849
 outer loop
  vertex -77.5258 -14.4732 40.1936
  vertex -77.7167 -13.4632 40.2807
  vertex -77.6792 -14.4772 40.0716
 endloop
endfacet
facet normal -0.458327 -0.357019 0.813925
 outer loop
  vertex -77.4864 -15.428 39.8007
  vertex -77.6792 -14.4772 40.0716
  vertex -77.6528 -15.4246 39.7147
 endloop
endfacet
facet normal -0.281727 -0.51168 0.811673
 outer loop
  vertex -77.465 -16.2932 39.2712
  vertex -77.6528 -15.4246 39.7147
  vertex -77.6333 -16.2918 39.2188
 endloop
endfacet
facet normal -0.109862 -0.65644 0.746336
 outer loop
  vertex -77.4616 -17.0499 38.6204
  vertex -77.6333 -16.2918 39.2188
  vertex -77.6252 -17.0505 38.6011
 endloop
endfacet
facet normal -0.0550809 -0.785173 0.616823
 outer loop
  vertex -77.3787 -18.1538 37.0241
  vertex -77.4616 -17.0499 38.6204
  vertex -77.6252 -17.0505 38.6011
 endloop
endfacet
facet normal -0.108567 -0.85668 0.504294
 outer loop
  vertex -77.3787 -18.1538 37.0241
  vertex -77.2205 -18.1637 37.0327
  vertex -77.4616 -17.0499 38.6204
 endloop
endfacet
facet normal -0.0536052 -0.959027 0.278197
 outer loop
  vertex -77.3787 -18.1538 37.0241
  vertex -77.3327 -18.5801 35.1309
  vertex -77.2205 -18.1637 37.0327
 endloop
endfacet
facet normal -0.581126 -0.155584 0.798803
 outer loop
  vertex -77.7167 -13.4632 40.2807
  vertex -77.8722 -13.4901 40.1563
  vertex -77.6792 -14.4772 40.0716
 endloop
endfacet
facet normal -0.497678 -0.141002 0.855824
 outer loop
  vertex -77.6792 -14.4772 40.0716
  vertex -77.8722 -13.4901 40.1563
  vertex -77.9619 -13.5057 40.1048
 endloop
endfacet
facet normal -0.382685 -0.126425 0.915188
 outer loop
  vertex -77.849 -14.4906 39.9823
  vertex -77.9619 -13.5057 40.1048
  vertex -78.0455 -13.5202 40.0674
 endloop
endfacet
facet normal -0.23637 -0.104335 0.966045
 outer loop
  vertex -78.0249 -14.5118 39.928
  vertex -78.0455 -13.5202 40.0674
  vertex -78.2253 -13.5513 40.0161
 endloop
endfacet
facet normal -0.147138 -0.0887408 0.985127
 outer loop
  vertex -78.3102 -13.566 40.0043
  vertex -78.0249 -14.5118 39.928
  vertex -78.2253 -13.5513 40.0161
 endloop
endfacet
facet normal -0.0883404 -0.142897 0.985787
 outer loop
  vertex -78.3102 -13.566 40.0043
  vertex -78.1981 -14.5358 39.9081
  vertex -78.0249 -14.5118 39.928
 endloop
endfacet
facet normal -0.0304404 -0.0693971 0.997125
 outer loop
  vertex -78.3102 -13.566 40.0043
  vertex -78.4011 -13.5818 40
  vertex -78.1981 -14.5358 39.9081
 endloop
endfacet
facet normal -0.0578644 -0.2635 0.962922
 outer loop
  vertex -78.1981 -14.5358 39.9081
  vertex -77.9947 -15.4516 39.6372
  vertex -78.0249 -14.5118 39.928
 endloop
endfacet
facet normal -0.114472 -0.33236 0.93618
 outer loop
  vertex -78.0249 -14.5118 39.928
  vertex -77.9947 -15.4516 39.6372
  vertex -77.8248 -15.4349 39.6599
 endloop
endfacet
facet normal -0.287872 -0.350297 0.891303
 outer loop
  vertex -77.849 -14.4906 39.9823
  vertex -77.8248 -15.4349 39.6599
  vertex -77.6528 -15.4246 39.7147
 endloop
endfacet
facet normal -0.405183 -0.302223 0.862837
 outer loop
  vertex -77.6792 -14.4772 40.0716
  vertex -77.849 -14.4906 39.9823
  vertex -77.6528 -15.4246 39.7147
 endloop
endfacet
facet normal -0.438031 -0.191041 0.878426
 outer loop
  vertex -77.6792 -14.4772 40.0716
  vertex -77.9619 -13.5057 40.1048
  vertex -77.849 -14.4906 39.9823
 endloop
endfacet
facet normal -0.0566313 -0.441884 0.895283
 outer loop
  vertex -77.9947 -15.4516 39.6372
  vertex -77.8001 -16.3 39.1966
  vertex -77.8248 -15.4349 39.6599
 endloop
endfacet
facet normal -0.112079 -0.503787 0.856526
 outer loop
  vertex -77.8248 -15.4349 39.6599
  vertex -77.8001 -16.3 39.1966
  vertex -77.6333 -16.2918 39.2188
 endloop
endfacet
facet normal -0.22649 -0.457657 0.859798
 outer loop
  vertex -77.6528 -15.4246 39.7147
  vertex -77.8248 -15.4349 39.6599
  vertex -77.6333 -16.2918 39.2188
 endloop
endfacet
facet normal -0.0554639 -0.603912 0.795119
 outer loop
  vertex -77.8001 -16.3 39.1966
  vertex -77.6252 -17.0505 38.6011
  vertex -77.6333 -16.2918 39.2188
 endloop
endfacet
facet normal -0.703751 -0.700048 0.121108
 outer loop
  vertex -76.719 -18.7911 35.1184
  vertex -76.4911 -19.041 35.1182
  vertex -76.7603 -18.3364 37.1423
 endloop
endfacet
facet normal -0.780618 -0.603433 0.162804
 outer loop
  vertex -76.7603 -18.3364 37.1423
  vertex -76.4911 -19.041 35.1182
  vertex -76.5325 -18.5631 37.2589
 endloop
endfacet
facet normal -0.90595 -0.392477 0.158796
 outer loop
  vertex -76.7631 -17.3216 39.0417
  vertex -76.5325 -18.5631 37.2589
  vertex -76.647 -17.542 39.2664
 endloop
endfacet
facet normal -0.787429 -0.566932 0.241958
 outer loop
  vertex -76.7631 -17.3216 39.0417
  vertex -76.7603 -18.3364 37.1423
  vertex -76.5325 -18.5631 37.2589
 endloop
endfacet
facet normal -0.937854 -0.34509 0.0366414
 outer loop
  vertex -76.3639 -19.3344 35.1222
  vertex -76.407 -18.8375 37.3745
  vertex -76.4911 -19.041 35.1182
 endloop
endfacet
facet normal -0.897256 -0.434235 0.0798204
 outer loop
  vertex -76.4911 -19.041 35.1182
  vertex -76.407 -18.8375 37.3745
  vertex -76.5325 -18.5631 37.2589
 endloop
endfacet
facet normal -0.941617 -0.327419 0.0784531
 outer loop
  vertex -76.5325 -18.5631 37.2589
  vertex -76.407 -18.8375 37.3745
  vertex -76.647 -17.542 39.2664
 endloop
endfacet
facet normal -0.741321 -0.40528 0.534969
 outer loop
  vertex -77.3353 -15.4461 39.9157
  vertex -77.153 -16.3515 39.4536
  vertex -77.111 -15.5221 40.2082
 endloop
endfacet
facet normal -0.812538 -0.401142 0.422927
 outer loop
  vertex -77.111 -15.5221 40.2082
  vertex -77.153 -16.3515 39.4536
  vertex -76.9275 -16.4767 39.7133
 endloop
endfacet
facet normal -0.728641 -0.498769 0.469374
 outer loop
  vertex -76.9275 -16.4767 39.7133
  vertex -77.153 -16.3515 39.4536
  vertex -76.9896 -17.1544 38.8232
 endloop
endfacet
facet normal -0.800647 -0.474611 0.365662
 outer loop
  vertex -76.7631 -17.3216 39.0417
  vertex -76.9275 -16.4767 39.7133
  vertex -76.9896 -17.1544 38.8232
 endloop
endfacet
facet normal -0.754766 -0.298447 0.584172
 outer loop
  vertex -77.303 -14.4941 40.5086
  vertex -77.5258 -14.4732 40.1936
  vertex -77.3353 -15.4461 39.9157
 endloop
endfacet
facet normal -0.615995 -0.351012 0.705224
 outer loop
  vertex -77.3353 -15.4461 39.9157
  vertex -77.5258 -14.4732 40.1936
  vertex -77.4864 -15.428 39.8007
 endloop
endfacet
facet normal -0.448608 -0.503264 0.738564
 outer loop
  vertex -77.3019 -16.313 39.3501
  vertex -77.4864 -15.428 39.8007
  vertex -77.465 -16.2932 39.2712
 endloop
endfacet
facet normal -0.276064 -0.653798 0.704511
 outer loop
  vertex -77.2966 -17.063 38.6671
  vertex -77.465 -16.2932 39.2712
  vertex -77.4616 -17.0499 38.6204
 endloop
endfacet
facet normal -0.219485 -0.77958 0.586584
 outer loop
  vertex -77.2205 -18.1637 37.0327
  vertex -77.2966 -17.063 38.6671
  vertex -77.4616 -17.0499 38.6204
 endloop
endfacet
facet normal -0.546416 -0.567534 0.615901
 outer loop
  vertex -77.3019 -16.313 39.3501
  vertex -77.1365 -17.0979 38.7353
  vertex -77.153 -16.3515 39.4536
 endloop
endfacet
facet normal -0.59225 -0.587033 0.551935
 outer loop
  vertex -77.153 -16.3515 39.4536
  vertex -77.1365 -17.0979 38.7353
  vertex -76.9896 -17.1544 38.8232
 endloop
endfacet
facet normal -0.538522 -0.698555 0.471185
 outer loop
  vertex -76.9896 -17.1544 38.8232
  vertex -77.1365 -17.0979 38.7353
  vertex -76.9044 -18.2535 37.0953
 endloop
endfacet
facet normal -0.581665 -0.724677 0.36947
 outer loop
  vertex -76.7603 -18.3364 37.1423
  vertex -76.9896 -17.1544 38.8232
  vertex -76.9044 -18.2535 37.0953
 endloop
endfacet
facet normal -0.569268 -0.306805 0.762761
 outer loop
  vertex -77.6792 -14.4772 40.0716
  vertex -77.4864 -15.428 39.8007
  vertex -77.5258 -14.4732 40.1936
 endloop
endfacet
facet normal -0.557501 -0.445365 0.700601
 outer loop
  vertex -77.4864 -15.428 39.8007
  vertex -77.3019 -16.313 39.3501
  vertex -77.3353 -15.4461 39.9157
 endloop
endfacet
facet normal -0.383291 -0.750925 0.537773
 outer loop
  vertex -77.2966 -17.063 38.6671
  vertex -77.0602 -18.1956 37.0584
  vertex -77.1365 -17.0979 38.7353
 endloop
endfacet
facet normal -0.432262 -0.793383 0.428594
 outer loop
  vertex -77.1365 -17.0979 38.7353
  vertex -77.0602 -18.1956 37.0584
  vertex -76.9044 -18.2535 37.0953
 endloop
endfacet
facet normal -0.231422 -0.28715 0.92951
 outer loop
  vertex -77.8248 -15.4349 39.6599
  vertex -77.849 -14.4906 39.9823
  vertex -78.0249 -14.5118 39.928
 endloop
endfacet
facet normal -0.294158 -0.174627 0.939668
 outer loop
  vertex -78.0249 -14.5118 39.928
  vertex -77.849 -14.4906 39.9823
  vertex -78.0455 -13.5202 40.0674
 endloop
endfacet
facet normal -0.396495 -0.459384 0.794832
 outer loop
  vertex -77.6528 -15.4246 39.7147
  vertex -77.465 -16.2932 39.2712
  vertex -77.4864 -15.428 39.8007
 endloop
endfacet
facet normal -0.388306 -0.599032 0.700271
 outer loop
  vertex -77.465 -16.2932 39.2712
  vertex -77.2966 -17.063 38.6671
  vertex -77.3019 -16.313 39.3501
 endloop
endfacet
facet normal -0.221835 -0.610698 0.760156
 outer loop
  vertex -77.6333 -16.2918 39.2188
  vertex -77.4616 -17.0499 38.6204
  vertex -77.465 -16.2932 39.2712
 endloop
endfacet
facet normal 0 0 1
 outer loop
  vertex 57.5 70.4019 8
  vertex 56 70 8
  vertex 56 69.8 8
 endloop
endfacet
facet normal 0 0 1
 outer loop
  vertex 57.6 70.2287 8
  vertex 57.5 70.4019 8
  vertex 56 69.8 8
 endloop
endfacet
facet normal 0 0 1
 outer loop
  vertex 57.6 70.2287 8
  vertex 58.5981 71.5 8
  vertex 57.5 70.4019 8
 endloop
endfacet
facet normal 0 0 1
 outer loop
  vertex 57.6 70.2287 8
  vertex 58.7713 71.4 8
  vertex 58.5981 71.5 8
 endloop
endfacet
facet normal 0 0 1
 outer loop
  vertex 58.5981 71.5 8
  vertex 58.7713 71.4 8
  vertex 59 73 8
 endloop
endfacet
facet normal 0 0 1
 outer loop
  vertex 59 73 8
  vertex 58.7713 71.4 8
  vertex 59.2 73 8
 endloop
endfacet
facet normal 0 0 1
 outer loop
  vertex 58.7713 74.6 8
  vertex 59 73 8
  vertex 59.2 73 8
 endloop
endfacet
facet normal 0 0 1
 outer loop
  vertex 58.7713 74.6 8
  vertex 58.5981 74.5 8
  vertex 59 73 8
 endloop
endfacet
facet normal 0 0 1
 outer loop
  vertex 58.7713 74.6 8
  vertex 57.6 75.7713 8
  vertex 58.5981 74.5 8
 endloop
endfacet
facet normal 0 0 1
 outer loop
  vertex 58.5981 74.5 8
  vertex 57.6 75.7713 8
  vertex 57.5 75.5981 8
 endloop
endfacet
facet normal 0 0 1
 outer loop
  vertex 57.5 75.5981 8
  vertex 57.6 75.7713 8
  vertex 56 76 8
 endloop
endfacet
facet normal 0 0 1
 outer loop
  vertex 56 76 8
  vertex 57.6 75.7713 8
  vertex 56 76.2 8
 endloop
endfacet
facet normal 0 0 1
 outer loop
  vertex 54.5 75.5981 8
  vertex 56 76.2 8
  vertex 54.4 75.7713 8
 endloop
endfacet
facet normal 0 0 1
 outer loop
  vertex 53.4019 74.5 8
  vertex 54.4 75.7713 8
  vertex 53.2287 74.6 8
 endloop
endfacet
facet normal 0 0 1
 outer loop
  vertex 53 73 8
  vertex 53.2287 74.6 8
  vertex 52.8 73 8
 endloop
endfacet
facet normal 0 0 1
 outer loop
  vertex 53.2287 71.4 8
  vertex 53 73 8
  vertex 52.8 73 8
 endloop
endfacet
facet normal 0 0 1
 outer loop
  vertex 53.2287 71.4 8
  vertex 53.4019 71.5 8
  vertex 53 73 8
 endloop
endfacet
facet normal 0 0 1
 outer loop
  vertex 53.2287 71.4 8
  vertex 54.4 70.2287 8
  vertex 53.4019 71.5 8
 endloop
endfacet
facet normal 0 0 1
 outer loop
  vertex 53.4019 71.5 8
  vertex 54.4 70.2287 8
  vertex 54.5 70.4019 8
 endloop
endfacet
facet normal 0 0 1
 outer loop
  vertex 54.5 70.4019 8
  vertex 54.4 70.2287 8
  vertex 56 69.8 8
 endloop
endfacet
facet normal 0 0 1
 outer loop
  vertex 56 70 8
  vertex 54.5 70.4019 8
  vertex 56 69.8 8
 endloop
endfacet
facet normal 0 0 1
 outer loop
  vertex 53 73 8
  vertex 53.4019 74.5 8
  vertex 53.2287 74.6 8
 endloop
endfacet
facet normal 0 0 1
 outer loop
  vertex 53.4019 74.5 8
  vertex 54.5 75.5981 8
  vertex 54.4 75.7713 8
 endloop
endfacet
facet normal 0 0 1
 outer loop
  vertex 54.5 75.5981 8
  vertex 56 76 8
  vertex 56 76.2 8
 endloop
endfacet
facet normal 0 -2.22045E-16 -1
 outer loop
  vertex -76.6844 -31.8734 4
  vertex -79.2315 -24.8753 4
  vertex -75.2465 -32.1794 4
 endloop
endfacet
facet normal 0 -2.22045E-16 -1
 outer loop
  vertex -76.6844 -31.8734 4
  vertex -78.5153 -31.378 4
  vertex -79.2315 -24.8753 4
 endloop
endfacet
facet normal 0 -2.22045E-16 -1
 outer loop
  vertex -79.2315 -24.8753 4
  vertex -78.5153 -31.378 4
  vertex -79.9122 -30.0949 4
 endloop
endfacet
facet normal 0 -2.22045E-16 -1
 outer loop
  vertex -80.5609 -28.3125 4
  vertex -79.2315 -24.8753 4
  vertex -79.9122 -30.0949 4
 endloop
endfacet
facet normal 0 -2.22045E-16 -1
 outer loop
  vertex -80.5609 -28.3125 4
  vertex -80.3156 -26.4317 4
  vertex -79.2315 -24.8753 4
 endloop
endfacet
facet normal 0 -2.22045E-16 -1
 outer loop
  vertex -75.2465 -32.1794 4
  vertex -78.3266 -23.7166 4
  vertex -74.0162 -32.9842 4
 endloop
endfacet
facet normal 0 -2.22045E-16 -1
 outer loop
  vertex -75.2465 -32.1794 4
  vertex -79.2315 -24.8753 4
  vertex -78.3266 -23.7166 4
 endloop
endfacet
facet normal 0 -2.22045E-16 -1
 outer loop
  vertex -30.0949 -79.9122 4
  vertex -31.378 -78.5153 4
  vertex -24.8753 -79.2315 4
 endloop
endfacet
facet normal 0 -2.22045E-16 -1
 outer loop
  vertex -26.4317 -80.3156 4
  vertex -30.0949 -79.9122 4
  vertex -24.8753 -79.2315 4
 endloop
endfacet
facet normal 0 -2.22045E-16 -1
 outer loop
  vertex -26.4317 -80.3156 4
  vertex -28.3125 -80.5609 4
  vertex -30.0949 -79.9122 4
 endloop
endfacet
facet normal 0 -2.22045E-16 -1
 outer loop
  vertex -26.4317 -80.3156 4
  vertex -27.8746 -80.5849 4
  vertex -28.3125 -80.5609 4
 endloop
endfacet
facet normal 0 -2.22045E-16 -1
 outer loop
  vertex -24.8753 -79.2315 4
  vertex -31.8734 -76.6844 4
  vertex -24.0183 -78.5001 4
 endloop
endfacet
facet normal 0 -2.22045E-16 -1
 outer loop
  vertex -24.8753 -79.2315 4
  vertex -31.378 -78.5153 4
  vertex -31.8734 -76.6844 4
 endloop
endfacet
facet normal 0 -2.22045E-16 -1
 outer loop
  vertex -24.0183 -78.5001 4
  vertex -32.1794 -75.2465 4
  vertex -22.9914 -78.0366 4
 endloop
endfacet
facet normal 0 -2.22045E-16 -1
 outer loop
  vertex -24.0183 -78.5001 4
  vertex -31.8734 -76.6844 4
  vertex -32.1794 -75.2465 4
 endloop
endfacet
facet normal 0 -2.22045E-16 -1
 outer loop
  vertex -22.9914 -78.0366 4
  vertex -32.9842 -74.0162 4
  vertex -25.4 -55.6182 4
 endloop
endfacet
facet normal 0 -2.22045E-16 -1
 outer loop
  vertex -21.876 -77.878 4
  vertex -25.4 -55.6182 4
  vertex -14.4151 -59.4201 4
 endloop
endfacet
facet normal 0 -2.22045E-16 -1
 outer loop
  vertex -21.5283 -77.8931 4
  vertex -14.4151 -59.4201 4
  vertex -21.1833 -77.9384 4
 endloop
endfacet
facet normal 0 -2.22045E-16 -1
 outer loop
  vertex -21.5283 -77.8931 4
  vertex -21.876 -77.878 4
  vertex -14.4151 -59.4201 4
 endloop
endfacet
facet normal 0 -2.22045E-16 -1
 outer loop
  vertex 7.01853 -80.4444 4
  vertex 9.88902E-15 -80.75 4
  vertex -2.90933 -61.0743 4
 endloop
endfacet
facet normal 0 -2.22045E-16 -1
 outer loop
  vertex 8.70164 -60.5212 4
  vertex 7.01853 -80.4444 4
  vertex -2.90933 -61.0743 4
 endloop
endfacet
facet normal 0 -2.22045E-16 -1
 outer loop
  vertex 8.70164 -60.5212 4
  vertex 20.8435 -78.0135 4
  vertex 7.01853 -80.4444 4
 endloop
endfacet
facet normal 0 -2.22045E-16 -1
 outer loop
  vertex 8.70164 -60.5212 4
  vertex 19.9981 -57.7807 4
  vertex 20.8435 -78.0135 4
 endloop
endfacet
facet normal 0 -2.22045E-16 -1
 outer loop
  vertex 20.8435 -78.0135 4
  vertex 19.9981 -57.7807 4
  vertex 22.3093 -77.9015 4
 endloop
endfacet
facet normal 0 -2.22045E-16 -1
 outer loop
  vertex 22.3093 -77.9015 4
  vertex 19.9981 -57.7807 4
  vertex 32.9842 -74.0162 4
 endloop
endfacet
facet normal 0 -2.22045E-16 -1
 outer loop
  vertex 32.1794 -75.2465 4
  vertex 22.3093 -77.9015 4
  vertex 32.9842 -74.0162 4
 endloop
endfacet
facet normal 0 -2.22045E-16 -1
 outer loop
  vertex 32.1794 -75.2465 4
  vertex 23.7166 -78.3266 4
  vertex 22.3093 -77.9015 4
 endloop
endfacet
facet normal 0 -2.22045E-16 -1
 outer loop
  vertex 32.1794 -75.2465 4
  vertex 31.8734 -76.6844 4
  vertex 23.7166 -78.3266 4
 endloop
endfacet
facet normal 0 -2.22045E-16 -1
 outer loop
  vertex 23.7166 -78.3266 4
  vertex 31.8734 -76.6844 4
  vertex 24.8753 -79.2315 4
 endloop
endfacet
facet normal 0 -2.22045E-16 -1
 outer loop
  vertex 24.8753 -79.2315 4
  vertex 31.8734 -76.6844 4
  vertex 31.378 -78.5153 4
 endloop
endfacet
facet normal 0 -2.22045E-16 -1
 outer loop
  vertex 30.0949 -79.9122 4
  vertex 24.8753 -79.2315 4
  vertex 31.378 -78.5153 4
 endloop
endfacet
facet normal 0 -2.22045E-16 -1
 outer loop
  vertex 30.0949 -79.9122 4
  vertex 26.4317 -80.3156 4
  vertex 24.8753 -79.2315 4
 endloop
endfacet
facet normal 0 -2.22045E-16 -1
 outer loop
  vertex 30.0949 -79.9122 4
  vertex 28.3125 -80.5609 4
  vertex 26.4317 -80.3156 4
 endloop
endfacet
facet normal 0 -2.22045E-16 -1
 outer loop
  vertex 26.4317 -80.3156 4
  vertex 28.3125 -80.5609 4
  vertex 27.8746 -80.5849 4
 endloop
endfacet
facet normal 0 -2.22045E-16 -1
 outer loop
  vertex 32.9842 -74.0162 4
  vertex 19.9981 -57.7807 4
  vertex 34.1791 -73.1598 4
 endloop
endfacet
facet normal 0 -2.22045E-16 -1
 outer loop
  vertex 34.1791 -73.1598 4
  vertex 19.9981 -57.7807 4
  vertex 30.5718 -52.9519 4
 endloop
endfacet
facet normal 0 -2.22045E-16 -1
 outer loop
  vertex 50.0992 -63.3295 4
  vertex 30.5718 -52.9519 4
  vertex 40.0405 -46.2092 4
 endloop
endfacet
facet normal 0 -2.22045E-16 -1
 outer loop
  vertex 63.3295 -50.0992 4
  vertex 40.0405 -46.2092 4
  vertex 48.0621 -37.7965 4
 endloop
endfacet
facet normal 0 -2.22045E-16 -1
 outer loop
  vertex 54.3466 -28.0176 4
  vertex 63.3295 -50.0992 4
  vertex 48.0621 -37.7965 4
 endloop
endfacet
facet normal 0 -2.22045E-16 -1
 outer loop
  vertex 54.3466 -28.0176 4
  vertex 73.1598 -34.1791 4
  vertex 63.3295 -50.0992 4
 endloop
endfacet
facet normal 0 -2.22045E-16 -1
 outer loop
  vertex 54.3466 -28.0176 4
  vertex 74.0162 -32.9842 4
  vertex 73.1598 -34.1791 4
 endloop
endfacet
facet normal 0 -2.22045E-16 -1
 outer loop
  vertex 54.3466 -28.0176 4
  vertex 58.6668 -17.2261 4
  vertex 74.0162 -32.9842 4
 endloop
endfacet
facet normal 0 -2.22045E-16 -1
 outer loop
  vertex 74.0162 -32.9842 4
  vertex 58.6668 -17.2261 4
  vertex 77.9015 -22.3093 4
 endloop
endfacet
facet normal 0 -2.22045E-16 -1
 outer loop
  vertex 78.3266 -23.7166 4
  vertex 74.0162 -32.9842 4
  vertex 77.9015 -22.3093 4
 endloop
endfacet
facet normal 0 -2.22045E-16 -1
 outer loop
  vertex 78.3266 -23.7166 4
  vertex 75.2465 -32.1794 4
  vertex 74.0162 -32.9842 4
 endloop
endfacet
facet normal 0 -2.22045E-16 -1
 outer loop
  vertex 78.3266 -23.7166 4
  vertex 79.2315 -24.8753 4
  vertex 75.2465 -32.1794 4
 endloop
endfacet
facet normal 0 -2.22045E-16 -1
 outer loop
  vertex 75.2465 -32.1794 4
  vertex 79.2315 -24.8753 4
  vertex 76.6844 -31.8734 4
 endloop
endfacet
facet normal 0 -2.22045E-16 -1
 outer loop
  vertex 76.6844 -31.8734 4
  vertex 79.2315 -24.8753 4
  vertex 78.5153 -31.378 4
 endloop
endfacet
facet normal 0 -2.22045E-16 -1
 outer loop
  vertex 78.5153 -31.378 4
  vertex 79.2315 -24.8753 4
  vertex 79.9122 -30.0949 4
 endloop
endfacet
facet normal 0 -2.22045E-16 -1
 outer loop
  vertex 79.9122 -30.0949 4
  vertex 79.2315 -24.8753 4
  vertex 80.5609 -28.3125 4
 endloop
endfacet
facet normal 0 -2.22045E-16 -1
 outer loop
  vertex 80.5609 -28.3125 4
  vertex 79.2315 -24.8753 4
  vertex 80.3156 -26.4317 4
 endloop
endfacet
facet normal 0 -2.22045E-16 -1
 outer loop
  vertex 77.9015 -22.3093 4
  vertex 58.6668 -17.2261 4
  vertex 78.0135 -20.8435 4
 endloop
endfacet
facet normal 0 -2.22045E-16 -1
 outer loop
  vertex 78.0135 -20.8435 4
  vertex 58.6668 -17.2261 4
  vertex 60.8667 -5.81207 4
 endloop
endfacet
facet normal 0 -2.22045E-16 -1
 outer loop
  vertex 80.4444 -7.01853 4
  vertex 60.8667 -5.81207 4
  vertex 61.1436 -4.44089E-16 4
 endloop
endfacet
facet normal 0 -2.22045E-16 -1
 outer loop
  vertex 80.4444 7.01853 4
  vertex 61.1436 -4.44089E-16 4
  vertex 60.8667 5.81207 4
 endloop
endfacet
facet normal 0 -2.22045E-16 -1
 outer loop
  vertex 78.0135 20.8435 4
  vertex 60.8667 5.81207 4
  vertex 58.6668 17.2261 4
 endloop
endfacet
facet normal 0 -2.22045E-16 -1
 outer loop
  vertex 77.9015 22.3093 4
  vertex 58.6668 17.2261 4
  vertex 74.0162 32.9842 4
 endloop
endfacet
facet normal 0 -2.22045E-16 -1
 outer loop
  vertex 75.2465 32.1794 4
  vertex 77.9015 22.3093 4
  vertex 74.0162 32.9842 4
 endloop
endfacet
facet normal 0 -2.22045E-16 -1
 outer loop
  vertex 75.2465 32.1794 4
  vertex 78.3266 23.7166 4
  vertex 77.9015 22.3093 4
 endloop
endfacet
facet normal 0 -2.22045E-16 -1
 outer loop
  vertex 75.2465 32.1794 4
  vertex 79.2315 24.8753 4
  vertex 78.3266 23.7166 4
 endloop
endfacet
facet normal 0 -2.22045E-16 -1
 outer loop
  vertex 75.2465 32.1794 4
  vertex 76.6844 31.8734 4
  vertex 79.2315 24.8753 4
 endloop
endfacet
facet normal 0 -2.22045E-16 -1
 outer loop
  vertex 79.2315 24.8753 4
  vertex 76.6844 31.8734 4
  vertex 80.3156 26.4317 4
 endloop
endfacet
facet normal 0 -2.22045E-16 -1
 outer loop
  vertex 80.3156 26.4317 4
  vertex 76.6844 31.8734 4
  vertex 80.5609 28.3125 4
 endloop
endfacet
facet normal 0 -2.22045E-16 -1
 outer loop
  vertex 80.5609 28.3125 4
  vertex 76.6844 31.8734 4
  vertex 79.9122 30.0949 4
 endloop
endfacet
facet normal 0 -2.22045E-16 -1
 outer loop
  vertex 79.9122 30.0949 4
  vertex 76.6844 31.8734 4
  vertex 78.5153 31.378 4
 endloop
endfacet
facet normal 0 -2.22045E-16 -1
 outer loop
  vertex 58.6668 17.2261 4
  vertex 54.3466 28.0176 4
  vertex 74.0162 32.9842 4
 endloop
endfacet
facet normal 0 -2.22045E-16 -1
 outer loop
  vertex 74.0162 32.9842 4
  vertex 54.3466 28.0176 4
  vertex 73.1598 34.1791 4
 endloop
endfacet
facet normal 0 -2.22045E-16 -1
 outer loop
  vertex 73.1598 34.1791 4
  vertex 54.3466 28.0176 4
  vertex 63.3295 50.0992 4
 endloop
endfacet
facet normal 0 -2.22045E-16 -1
 outer loop
  vertex 63.3295 50.0992 4
  vertex 54.3466 28.0176 4
  vertex 48.0621 37.7965 4
 endloop
endfacet
facet normal 0 -2.22045E-16 -1
 outer loop
  vertex 40.0405 46.2092 4
  vertex 63.3295 50.0992 4
  vertex 48.0621 37.7965 4
 endloop
endfacet
facet normal 0 -2.22045E-16 -1
 outer loop
  vertex 40.0405 46.2092 4
  vertex 50.0992 63.3295 4
  vertex 63.3295 50.0992 4
 endloop
endfacet
facet normal 0 -2.22045E-16 -1
 outer loop
  vertex 40.0405 46.2092 4
  vertex 30.5718 52.9519 4
  vertex 50.0992 63.3295 4
 endloop
endfacet
facet normal 0 -2.22045E-16 -1
 outer loop
  vertex 50.0992 63.3295 4
  vertex 30.5718 52.9519 4
  vertex 34.1791 73.1598 4
 endloop
endfacet
facet normal 0 -2.22045E-16 -1
 outer loop
  vertex 34.1791 73.1598 4
  vertex 30.5718 52.9519 4
  vertex 19.9981 57.7807 4
 endloop
endfacet
facet normal 0 -2.22045E-16 -1
 outer loop
  vertex 32.9842 74.0162 4
  vertex 19.9981 57.7807 4
  vertex 22.3093 77.9015 4
 endloop
endfacet
facet normal 0 -2.22045E-16 -1
 outer loop
  vertex 32.1794 75.2465 4
  vertex 22.3093 77.9015 4
  vertex 23.7166 78.3266 4
 endloop
endfacet
facet normal 0 -2.22045E-16 -1
 outer loop
  vertex 31.8734 76.6844 4
  vertex 23.7166 78.3266 4
  vertex 24.8753 79.2315 4
 endloop
endfacet
facet normal 0 -2.22045E-16 -1
 outer loop
  vertex 31.3051 78.6421 4
  vertex 24.8753 79.2315 4
  vertex 29.8459 80.0655 4
 endloop
endfacet
facet normal 0 -2.22045E-16 -1
 outer loop
  vertex 31.3051 78.6421 4
  vertex 31.8734 76.6844 4
  vertex 24.8753 79.2315 4
 endloop
endfacet
facet normal 0 -2.22045E-16 -1
 outer loop
  vertex 7.01853 80.4444 4
  vertex 13.9839 79.5299 4
  vertex 8.70164 60.5212 4
 endloop
endfacet
facet normal 0 -2.22045E-16 -1
 outer loop
  vertex -2.90933 61.0743 4
  vertex 7.01853 80.4444 4
  vertex 8.70164 60.5212 4
 endloop
endfacet
facet normal 0 -2.22045E-16 -1
 outer loop
  vertex -2.90933 61.0743 4
  vertex 0 80.75 4
  vertex 7.01853 80.4444 4
 endloop
endfacet
facet normal 0 -2.22045E-16 -1
 outer loop
  vertex -2.90933 61.0743 4
  vertex -7.01853 80.4444 4
  vertex 0 80.75 4
 endloop
endfacet
facet normal 0 -2.22045E-16 -1
 outer loop
  vertex -2.90933 61.0743 4
  vertex -13.9839 79.5299 4
  vertex -7.01853 80.4444 4
 endloop
endfacet
facet normal 0 -2.22045E-16 -1
 outer loop
  vertex -2.90933 61.0743 4
  vertex -14.4151 59.4201 4
  vertex -13.9839 79.5299 4
 endloop
endfacet
facet normal 0 -2.22045E-16 -1
 outer loop
  vertex -13.9839 79.5299 4
  vertex -14.4151 59.4201 4
  vertex -20.8435 78.0135 4
 endloop
endfacet
facet normal 0 -2.22045E-16 -1
 outer loop
  vertex -20.8435 78.0135 4
  vertex -14.4151 59.4201 4
  vertex -21.1833 77.9384 4
 endloop
endfacet
facet normal 0 -2.22045E-16 -1
 outer loop
  vertex -21.1833 77.9384 4
  vertex -14.4151 59.4201 4
  vertex -21.5283 77.8931 4
 endloop
endfacet
facet normal 0 -2.22045E-16 -1
 outer loop
  vertex -21.5283 77.8931 4
  vertex -14.4151 59.4201 4
  vertex -21.876 77.878 4
 endloop
endfacet
facet normal 0 -2.22045E-16 -1
 outer loop
  vertex -21.876 77.878 4
  vertex -14.4151 59.4201 4
  vertex -25.4 55.6182 4
 endloop
endfacet
facet normal 0 -2.22045E-16 -1
 outer loop
  vertex -22.9914 78.0366 4
  vertex -25.4 55.6182 4
  vertex -32.9842 74.0162 4
 endloop
endfacet
facet normal 0 -2.22045E-16 -1
 outer loop
  vertex -32.1794 75.2465 4
  vertex -22.9914 78.0366 4
  vertex -32.9842 74.0162 4
 endloop
endfacet
facet normal 0 -2.22045E-16 -1
 outer loop
  vertex -32.1794 75.2465 4
  vertex -24.0183 78.5001 4
  vertex -22.9914 78.0366 4
 endloop
endfacet
facet normal 0 -2.22045E-16 -1
 outer loop
  vertex -32.1794 75.2465 4
  vertex -31.8734 76.6844 4
  vertex -24.0183 78.5001 4
 endloop
endfacet
facet normal 0 -2.22045E-16 -1
 outer loop
  vertex -24.0183 78.5001 4
  vertex -31.8734 76.6844 4
  vertex -24.8753 79.2315 4
 endloop
endfacet
facet normal 0 -2.22045E-16 -1
 outer loop
  vertex -24.8753 79.2315 4
  vertex -31.8734 76.6844 4
  vertex -31.3051 78.6421 4
 endloop
endfacet
facet normal 0 -2.22045E-16 -1
 outer loop
  vertex -29.8459 80.0655 4
  vertex -24.8753 79.2315 4
  vertex -31.3051 78.6421 4
 endloop
endfacet
facet normal 0 -2.22045E-16 -1
 outer loop
  vertex -29.8459 80.0655 4
  vertex -25.7323 79.9629 4
  vertex -24.8753 79.2315 4
 endloop
endfacet
facet normal 0 -2.22045E-16 -1
 outer loop
  vertex -29.8459 80.0655 4
  vertex -26.7592 80.4263 4
  vertex -25.7323 79.9629 4
 endloop
endfacet
facet normal 0 -2.22045E-16 -1
 outer loop
  vertex -29.8459 80.0655 4
  vertex -27.8746 80.5849 4
  vertex -26.7592 80.4263 4
 endloop
endfacet
facet normal 0 -2.22045E-16 -1
 outer loop
  vertex -32.9842 74.0162 4
  vertex -25.4 55.6182 4
  vertex -34.1791 73.1598 4
 endloop
endfacet
facet normal 0 -2.22045E-16 -1
 outer loop
  vertex -34.1791 73.1598 4
  vertex -25.4 55.6182 4
  vertex -35.4668 49.8061 4
 endloop
endfacet
facet normal 0 -2.22045E-16 -1
 outer loop
  vertex -50.0992 63.3295 4
  vertex -35.4668 49.8061 4
  vertex -44.2517 42.1939 4
 endloop
endfacet
facet normal 0 -2.22045E-16 -1
 outer loop
  vertex -63.3295 50.0992 4
  vertex -44.2517 42.1939 4
  vertex -51.4373 33.0567 4
 endloop
endfacet
facet normal 0 -2.22045E-16 -1
 outer loop
  vertex -73.1598 34.1791 4
  vertex -51.4373 33.0567 4
  vertex -56.7638 22.7248 4
 endloop
endfacet
facet normal 0 -2.22045E-16 -1
 outer loop
  vertex -74.0162 32.9842 4
  vertex -56.7638 22.7248 4
  vertex -77.9015 22.3093 4
 endloop
endfacet
facet normal 0 -2.22045E-16 -1
 outer loop
  vertex -75.2465 32.1794 4
  vertex -77.9015 22.3093 4
  vertex -78.3266 23.7166 4
 endloop
endfacet
facet normal 0 -2.22045E-16 -1
 outer loop
  vertex -79.2315 24.8753 4
  vertex -75.2465 32.1794 4
  vertex -78.3266 23.7166 4
 endloop
endfacet
facet normal 0 -2.22045E-16 -1
 outer loop
  vertex -79.2315 24.8753 4
  vertex -76.6844 31.8734 4
  vertex -75.2465 32.1794 4
 endloop
endfacet
facet normal 0 -2.22045E-16 -1
 outer loop
  vertex -79.2315 24.8753 4
  vertex -80.3156 26.4317 4
  vertex -76.6844 31.8734 4
 endloop
endfacet
facet normal 0 -2.22045E-16 -1
 outer loop
  vertex -76.6844 31.8734 4
  vertex -80.3156 26.4317 4
  vertex -80.5609 28.3125 4
 endloop
endfacet
facet normal 0 -2.22045E-16 -1
 outer loop
  vertex -79.9122 30.0949 4
  vertex -76.6844 31.8734 4
  vertex -80.5609 28.3125 4
 endloop
endfacet
facet normal 0 -2.22045E-16 -1
 outer loop
  vertex -79.9122 30.0949 4
  vertex -78.5153 31.378 4
  vertex -76.6844 31.8734 4
 endloop
endfacet
facet normal 0 -2.22045E-16 -1
 outer loop
  vertex -77.9015 22.3093 4
  vertex -56.7638 22.7248 4
  vertex -78.0135 20.8435 4
 endloop
endfacet
facet normal 0 -2.22045E-16 -1
 outer loop
  vertex -78.0135 20.8435 4
  vertex -56.7638 22.7248 4
  vertex -60.0387 11.5715 4
 endloop
endfacet
facet normal 0 -2.22045E-16 -1
 outer loop
  vertex -80.4444 7.01853 4
  vertex -60.0387 11.5715 4
  vertex -61.1436 -7.93202E-15 4
 endloop
endfacet
facet normal 0 -2.22045E-16 -1
 outer loop
  vertex -80.4444 -7.01853 4
  vertex -61.1436 -7.93202E-15 4
  vertex -60.0387 -11.5715 4
 endloop
endfacet
facet normal 0 -2.22045E-16 -1
 outer loop
  vertex -78.0135 -20.8435 4
  vertex -60.0387 -11.5715 4
  vertex -56.7638 -22.7248 4
 endloop
endfacet
facet normal 0 -2.22045E-16 -1
 outer loop
  vertex -77.9015 -22.3093 4
  vertex -56.7638 -22.7248 4
  vertex -74.0162 -32.9842 4
 endloop
endfacet
facet normal 0 -2.22045E-16 -1
 outer loop
  vertex -78.3266 -23.7166 4
  vertex -77.9015 -22.3093 4
  vertex -74.0162 -32.9842 4
 endloop
endfacet
facet normal 0 -2.22045E-16 -1
 outer loop
  vertex -78.0135 -20.8435 4
  vertex -80.4444 -7.01853 4
  vertex -60.0387 -11.5715 4
 endloop
endfacet
facet normal 0 -2.22045E-16 -1
 outer loop
  vertex -80.4444 -7.01853 4
  vertex -80.4444 7.01853 4
  vertex -61.1436 -7.93202E-15 4
 endloop
endfacet
facet normal 0 -2.22045E-16 -1
 outer loop
  vertex -80.4444 7.01853 4
  vertex -78.0135 20.8435 4
  vertex -60.0387 11.5715 4
 endloop
endfacet
facet normal 0 -2.22045E-16 -1
 outer loop
  vertex -75.2465 32.1794 4
  vertex -74.0162 32.9842 4
  vertex -77.9015 22.3093 4
 endloop
endfacet
facet normal 0 -2.22045E-16 -1
 outer loop
  vertex -74.0162 32.9842 4
  vertex -73.1598 34.1791 4
  vertex -56.7638 22.7248 4
 endloop
endfacet
facet normal 0 -2.22045E-16 -1
 outer loop
  vertex -73.1598 34.1791 4
  vertex -63.3295 50.0992 4
  vertex -51.4373 33.0567 4
 endloop
endfacet
facet normal 0 -2.22045E-16 -1
 outer loop
  vertex -63.3295 50.0992 4
  vertex -50.0992 63.3295 4
  vertex -44.2517 42.1939 4
 endloop
endfacet
facet normal 0 -2.22045E-16 -1
 outer loop
  vertex -50.0992 63.3295 4
  vertex -34.1791 73.1598 4
  vertex -35.4668 49.8061 4
 endloop
endfacet
facet normal 0 -2.22045E-16 -1
 outer loop
  vertex -22.9914 78.0366 4
  vertex -21.876 77.878 4
  vertex -25.4 55.6182 4
 endloop
endfacet
facet normal 0 -2.22045E-16 -1
 outer loop
  vertex 13.9839 79.5299 4
  vertex 20.8435 78.0135 4
  vertex 8.70164 60.5212 4
 endloop
endfacet
facet normal 0 -2.22045E-16 -1
 outer loop
  vertex 8.70164 60.5212 4
  vertex 20.8435 78.0135 4
  vertex 19.9981 57.7807 4
 endloop
endfacet
facet normal 0 -2.22045E-16 -1
 outer loop
  vertex 19.9981 57.7807 4
  vertex 20.8435 78.0135 4
  vertex 21.876 77.878 4
 endloop
endfacet
facet normal 0 -2.22045E-16 -1
 outer loop
  vertex 22.3093 77.9015 4
  vertex 19.9981 57.7807 4
  vertex 21.876 77.878 4
 endloop
endfacet
facet normal 0 -2.22045E-16 -1
 outer loop
  vertex 24.8753 79.2315 4
  vertex 25.7323 79.9629 4
  vertex 29.8459 80.0655 4
 endloop
endfacet
facet normal 0 -2.22045E-16 -1
 outer loop
  vertex 29.8459 80.0655 4
  vertex 25.7323 79.9629 4
  vertex 26.7592 80.4263 4
 endloop
endfacet
facet normal 0 -2.22045E-16 -1
 outer loop
  vertex 27.8746 80.5849 4
  vertex 29.8459 80.0655 4
  vertex 26.7592 80.4263 4
 endloop
endfacet
facet normal 0 -2.22045E-16 -1
 outer loop
  vertex 31.8734 76.6844 4
  vertex 32.1794 75.2465 4
  vertex 23.7166 78.3266 4
 endloop
endfacet
facet normal 0 -2.22045E-16 -1
 outer loop
  vertex 32.1794 75.2465 4
  vertex 32.9842 74.0162 4
  vertex 22.3093 77.9015 4
 endloop
endfacet
facet normal 0 -2.22045E-16 -1
 outer loop
  vertex 32.9842 74.0162 4
  vertex 34.1791 73.1598 4
  vertex 19.9981 57.7807 4
 endloop
endfacet
facet normal 0 -2.22045E-16 -1
 outer loop
  vertex 77.9015 22.3093 4
  vertex 78.0135 20.8435 4
  vertex 58.6668 17.2261 4
 endloop
endfacet
facet normal 0 -2.22045E-16 -1
 outer loop
  vertex 78.0135 20.8435 4
  vertex 80.4444 7.01853 4
  vertex 60.8667 5.81207 4
 endloop
endfacet
facet normal 0 -2.22045E-16 -1
 outer loop
  vertex 80.4444 7.01853 4
  vertex 80.4444 -7.01853 4
  vertex 61.1436 -4.44089E-16 4
 endloop
endfacet
facet normal 0 -2.22045E-16 -1
 outer loop
  vertex 80.4444 -7.01853 4
  vertex 78.0135 -20.8435 4
  vertex 60.8667 -5.81207 4
 endloop
endfacet
facet normal 0 -2.22045E-16 -1
 outer loop
  vertex 63.3295 -50.0992 4
  vertex 50.0992 -63.3295 4
  vertex 40.0405 -46.2092 4
 endloop
endfacet
facet normal 0 -2.22045E-16 -1
 outer loop
  vertex 50.0992 -63.3295 4
  vertex 34.1791 -73.1598 4
  vertex 30.5718 -52.9519 4
 endloop
endfacet
facet normal 0 -2.22045E-16 -1
 outer loop
  vertex 9.88902E-15 -80.75 4
  vertex -7.01853 -80.4444 4
  vertex -2.90933 -61.0743 4
 endloop
endfacet
facet normal 0 -2.22045E-16 -1
 outer loop
  vertex -2.90933 -61.0743 4
  vertex -7.01853 -80.4444 4
  vertex -14.4151 -59.4201 4
 endloop
endfacet
facet normal 0 -2.22045E-16 -1
 outer loop
  vertex -14.4151 -59.4201 4
  vertex -7.01853 -80.4444 4
  vertex -20.8435 -78.0135 4
 endloop
endfacet
facet normal 0 -2.22045E-16 -1
 outer loop
  vertex -21.1833 -77.9384 4
  vertex -14.4151 -59.4201 4
  vertex -20.8435 -78.0135 4
 endloop
endfacet
facet normal 0 -2.22045E-16 -1
 outer loop
  vertex -21.876 -77.878 4
  vertex -22.9914 -78.0366 4
  vertex -25.4 -55.6182 4
 endloop
endfacet
facet normal 0 -2.22045E-16 -1
 outer loop
  vertex -32.1794 -75.2465 4
  vertex -32.9842 -74.0162 4
  vertex -22.9914 -78.0366 4
 endloop
endfacet
facet normal 0 -2.22045E-16 -1
 outer loop
  vertex -32.9842 -74.0162 4
  vertex -34.1791 -73.1598 4
  vertex -25.4 -55.6182 4
 endloop
endfacet
facet normal 0 -2.22045E-16 -1
 outer loop
  vertex -25.4 -55.6182 4
  vertex -34.1791 -73.1598 4
  vertex -35.4668 -49.8061 4
 endloop
endfacet
facet normal 0 -2.22045E-16 -1
 outer loop
  vertex -35.4668 -49.8061 4
  vertex -34.1791 -73.1598 4
  vertex -50.0992 -63.3295 4
 endloop
endfacet
facet normal 0 -2.22045E-16 -1
 outer loop
  vertex -44.2517 -42.1939 4
  vertex -50.0992 -63.3295 4
  vertex -63.3295 -50.0992 4
 endloop
endfacet
facet normal 0 -2.22045E-16 -1
 outer loop
  vertex -51.4373 -33.0567 4
  vertex -63.3295 -50.0992 4
  vertex -73.1598 -34.1791 4
 endloop
endfacet
facet normal 0 -2.22045E-16 -1
 outer loop
  vertex -56.7638 -22.7248 4
  vertex -73.1598 -34.1791 4
  vertex -74.0162 -32.9842 4
 endloop
endfacet
facet normal 0 -2.22045E-16 -1
 outer loop
  vertex -56.7638 -22.7248 4
  vertex -51.4373 -33.0567 4
  vertex -73.1598 -34.1791 4
 endloop
endfacet
facet normal 0 -2.22045E-16 -1
 outer loop
  vertex -77.9015 -22.3093 4
  vertex -78.0135 -20.8435 4
  vertex -56.7638 -22.7248 4
 endloop
endfacet
facet normal 0 -2.22045E-16 -1
 outer loop
  vertex -63.3295 -50.0992 4
  vertex -51.4373 -33.0567 4
  vertex -44.2517 -42.1939 4
 endloop
endfacet
facet normal 0 -2.22045E-16 -1
 outer loop
  vertex -50.0992 -63.3295 4
  vertex -44.2517 -42.1939 4
  vertex -35.4668 -49.8061 4
 endloop
endfacet
facet normal 0 0 1
 outer loop
  vertex 70.5 62.3038 18
  vertex 67.5 61.5 18
  vertex 67.5 55 18
 endloop
endfacet
facet normal 0 0 1
 outer loop
  vertex 81.3161 55 18
  vertex 70.5 62.3038 18
  vertex 67.5 55 18
 endloop
endfacet
facet normal 0 0 1
 outer loop
  vertex 81.3161 55 18
  vertex 72.6962 64.5 18
  vertex 70.5 62.3038 18
 endloop
endfacet
facet normal 0 0 1
 outer loop
  vertex 81.3161 55 18
  vertex 81.3161 72.0824 18
  vertex 72.6962 64.5 18
 endloop
endfacet
facet normal 0 0 1
 outer loop
  vertex 72.6962 64.5 18
  vertex 81.3161 72.0824 18
  vertex 73.5 67.5 18
 endloop
endfacet
facet normal 0 0 1
 outer loop
  vertex 73.5 67.5 18
  vertex 81.3161 72.0824 18
  vertex 72.6962 70.5 18
 endloop
endfacet
facet normal 0 0 1
 outer loop
  vertex 72.6962 70.5 18
  vertex 81.3161 72.0824 18
  vertex 80.6133 75.6162 18
 endloop
endfacet
facet normal 0 0 1
 outer loop
  vertex 78.6119 78.6119 18
  vertex 72.6962 70.5 18
  vertex 80.6133 75.6162 18
 endloop
endfacet
facet normal 0 0 1
 outer loop
  vertex 78.6119 78.6119 18
  vertex 70.5 72.6962 18
  vertex 72.6962 70.5 18
 endloop
endfacet
facet normal 0 0 1
 outer loop
  vertex 78.6119 78.6119 18
  vertex 75.6162 80.6133 18
  vertex 70.5 72.6962 18
 endloop
endfacet
facet normal 0 0 1
 outer loop
  vertex 70.5 72.6962 18
  vertex 75.6162 80.6133 18
  vertex 72.0824 81.3161 18
 endloop
endfacet
facet normal 0 0 1
 outer loop
  vertex 67.5 73.5 18
  vertex 72.0824 81.3161 18
  vertex 58.7713 74.6 18
 endloop
endfacet
facet normal 0 0 1
 outer loop
  vertex 64.5 72.6962 18
  vertex 58.7713 74.6 18
  vertex 59.2 73 18
 endloop
endfacet
facet normal 0 0 1
 outer loop
  vertex 62.3038 70.5 18
  vertex 59.2 73 18
  vertex 58.7713 71.4 18
 endloop
endfacet
facet normal 0 0 1
 outer loop
  vertex 61.5 67.5 18
  vertex 58.7713 71.4 18
  vertex 57.6 70.2287 18
 endloop
endfacet
facet normal 0 0 1
 outer loop
  vertex 55 67.5 18
  vertex 57.6 70.2287 18
  vertex 56 69.8 18
 endloop
endfacet
facet normal 0 0 1
 outer loop
  vertex 55.6616 69.8179 18
  vertex 55 67.5 18
  vertex 56 69.8 18
 endloop
endfacet
facet normal 0 0 1
 outer loop
  vertex 55.6616 69.8179 18
  vertex 55.327 69.8716 18
  vertex 55 67.5 18
 endloop
endfacet
facet normal 0 0 1
 outer loop
  vertex 55 67.5 18
  vertex 55.327 69.8716 18
  vertex 55 69.9603 18
 endloop
endfacet
facet normal 0 0 1
 outer loop
  vertex 57.6 70.2287 18
  vertex 55 67.5 18
  vertex 61.5 67.5 18
 endloop
endfacet
facet normal 0 0 1
 outer loop
  vertex 61.5 67.5 18
  vertex 55 67.5 18
  vertex 56.6747 61.25 18
 endloop
endfacet
facet normal 0 0 1
 outer loop
  vertex 62.3038 64.5 18
  vertex 56.6747 61.25 18
  vertex 61.25 56.6747 18
 endloop
endfacet
facet normal 0 0 1
 outer loop
  vertex 64.5 62.3038 18
  vertex 61.25 56.6747 18
  vertex 67.5 55 18
 endloop
endfacet
facet normal 0 0 1
 outer loop
  vertex 67.5 61.5 18
  vertex 64.5 62.3038 18
  vertex 67.5 55 18
 endloop
endfacet
facet normal 0 0 1
 outer loop
  vertex 62.3038 64.5 18
  vertex 61.5 67.5 18
  vertex 56.6747 61.25 18
 endloop
endfacet
facet normal 0 0 1
 outer loop
  vertex 61.5 67.5 18
  vertex 62.3038 70.5 18
  vertex 58.7713 71.4 18
 endloop
endfacet
facet normal 0 0 1
 outer loop
  vertex 62.3038 70.5 18
  vertex 64.5 72.6962 18
  vertex 59.2 73 18
 endloop
endfacet
facet normal 0 0 1
 outer loop
  vertex 64.5 72.6962 18
  vertex 67.5 73.5 18
  vertex 58.7713 74.6 18
 endloop
endfacet
facet normal 0 0 1
 outer loop
  vertex 67.5 73.5 18
  vertex 70.5 72.6962 18
  vertex 72.0824 81.3161 18
 endloop
endfacet
facet normal 0 0 1
 outer loop
  vertex 55 76.0397 18
  vertex 55.327 76.1284 18
  vertex 55 81.3161 18
 endloop
endfacet
facet normal 0 0 1
 outer loop
  vertex 55 81.3161 18
  vertex 55.327 76.1284 18
  vertex 55.6616 76.1821 18
 endloop
endfacet
facet normal 0 0 1
 outer loop
  vertex 56 76.2 18
  vertex 55 81.3161 18
  vertex 55.6616 76.1821 18
 endloop
endfacet
facet normal 0 0 1
 outer loop
  vertex 56 76.2 18
  vertex 57.6 75.7713 18
  vertex 55 81.3161 18
 endloop
endfacet
facet normal 0 0 1
 outer loop
  vertex 55 81.3161 18
  vertex 57.6 75.7713 18
  vertex 72.0824 81.3161 18
 endloop
endfacet
facet normal 0 0 1
 outer loop
  vertex 72.0824 81.3161 18
  vertex 57.6 75.7713 18
  vertex 58.7713 74.6 18
 endloop
endfacet
facet normal 0 0 1
 outer loop
  vertex 61.25 56.6747 18
  vertex 64.5 62.3038 18
  vertex 62.3038 64.5 18
 endloop
endfacet
facet normal 0 0 1
 outer loop
  vertex -55 -76.5597 18
  vertex -55.5079 -76.7982 18
  vertex -55 -81.3161 18
 endloop
endfacet
facet normal 0 0 1
 outer loop
  vertex -55 -81.3161 18
  vertex -55.5079 -76.7982 18
  vertex -56.0497 -76.9442 18
 endloop
endfacet
facet normal 0 0 1
 outer loop
  vertex -56.6087 -76.9934 18
  vertex -55 -81.3161 18
  vertex -56.0497 -76.9442 18
 endloop
endfacet
facet normal 0 0 1
 outer loop
  vertex -56.6087 -76.9934 18
  vertex -57.9862 -76.6817 18
  vertex -55 -81.3161 18
 endloop
endfacet
facet normal 0 0 1
 outer loop
  vertex -55 -81.3161 18
  vertex -57.9862 -76.6817 18
  vertex -72.0824 -81.3161 18
 endloop
endfacet
facet normal 0 0 1
 outer loop
  vertex -72.0824 -81.3161 18
  vertex -57.9862 -76.6817 18
  vertex -59.0954 -75.8074 18
 endloop
endfacet
facet normal 0 0 1
 outer loop
  vertex -67.5 -73.5 18
  vertex -59.0954 -75.8074 18
  vertex -64.5 -72.6962 18
 endloop
endfacet
facet normal 0 0 1
 outer loop
  vertex -67.5 -73.5 18
  vertex -72.0824 -81.3161 18
  vertex -59.0954 -75.8074 18
 endloop
endfacet
facet normal 0 0 1
 outer loop
  vertex -67.5 -73.5 18
  vertex -70.5 -72.6962 18
  vertex -72.0824 -81.3161 18
 endloop
endfacet
facet normal 0 0 1
 outer loop
  vertex -72.0824 -81.3161 18
  vertex -70.5 -72.6962 18
  vertex -75.6162 -80.6133 18
 endloop
endfacet
facet normal 0 0 1
 outer loop
  vertex -75.6162 -80.6133 18
  vertex -70.5 -72.6962 18
  vertex -78.6119 -78.6119 18
 endloop
endfacet
facet normal 0 0 1
 outer loop
  vertex -78.6119 -78.6119 18
  vertex -70.5 -72.6962 18
  vertex -72.6962 -70.5 18
 endloop
endfacet
facet normal 0 0 1
 outer loop
  vertex -80.6133 -75.6162 18
  vertex -72.6962 -70.5 18
  vertex -81.3161 -72.0824 18
 endloop
endfacet
facet normal 0 0 1
 outer loop
  vertex -80.6133 -75.6162 18
  vertex -78.6119 -78.6119 18
  vertex -72.6962 -70.5 18
 endloop
endfacet
facet normal 0 0 1
 outer loop
  vertex -59.0954 -75.8074 18
  vertex -59.7202 -74.5407 18
  vertex -64.5 -72.6962 18
 endloop
endfacet
facet normal 0 0 1
 outer loop
  vertex -64.5 -72.6962 18
  vertex -59.7202 -74.5407 18
  vertex -59.7388 -73.1284 18
 endloop
endfacet
facet normal 0 0 1
 outer loop
  vertex -62.3038 -70.5 18
  vertex -59.7388 -73.1284 18
  vertex -59.1476 -71.8457 18
 endloop
endfacet
facet normal 0 0 1
 outer loop
  vertex -57.9303 -70.2589 18
  vertex -62.3038 -70.5 18
  vertex -59.1476 -71.8457 18
 endloop
endfacet
facet normal 0 0 1
 outer loop
  vertex -57.9303 -70.2589 18
  vertex -61.5 -67.5 18
  vertex -62.3038 -70.5 18
 endloop
endfacet
facet normal 0 0 1
 outer loop
  vertex -57.9303 -70.2589 18
  vertex -57.1184 -69.5126 18
  vertex -61.5 -67.5 18
 endloop
endfacet
facet normal 0 0 1
 outer loop
  vertex -61.5 -67.5 18
  vertex -57.1184 -69.5126 18
  vertex -55 -67.5 18
 endloop
endfacet
facet normal 0 0 1
 outer loop
  vertex -56.6747 -61.25 18
  vertex -61.5 -67.5 18
  vertex -55 -67.5 18
 endloop
endfacet
facet normal 0 0 1
 outer loop
  vertex -56.6747 -61.25 18
  vertex -62.3038 -64.5 18
  vertex -61.5 -67.5 18
 endloop
endfacet
facet normal 0 0 1
 outer loop
  vertex -56.6747 -61.25 18
  vertex -61.25 -56.6747 18
  vertex -62.3038 -64.5 18
 endloop
endfacet
facet normal 0 0 1
 outer loop
  vertex -62.3038 -64.5 18
  vertex -61.25 -56.6747 18
  vertex -64.5 -62.3038 18
 endloop
endfacet
facet normal 0 0 1
 outer loop
  vertex -64.5 -62.3038 18
  vertex -61.25 -56.6747 18
  vertex -67.5 -61.5 18
 endloop
endfacet
facet normal 0 0 1
 outer loop
  vertex -67.5 -61.5 18
  vertex -61.25 -56.6747 18
  vertex -67.5 -55 18
 endloop
endfacet
facet normal 0 0 1
 outer loop
  vertex -70.5 -62.3038 18
  vertex -67.5 -55 18
  vertex -81.3161 -55 18
 endloop
endfacet
facet normal 0 0 1
 outer loop
  vertex -72.6962 -64.5 18
  vertex -81.3161 -55 18
  vertex -81.3161 -72.0824 18
 endloop
endfacet
facet normal 0 0 1
 outer loop
  vertex -73.5 -67.5 18
  vertex -81.3161 -72.0824 18
  vertex -72.6962 -70.5 18
 endloop
endfacet
facet normal 0 0 1
 outer loop
  vertex -73.5 -67.5 18
  vertex -72.6962 -64.5 18
  vertex -81.3161 -72.0824 18
 endloop
endfacet
facet normal 0 0 1
 outer loop
  vertex -57.1184 -69.5126 18
  vertex -56.1014 -69.0863 18
  vertex -55 -67.5 18
 endloop
endfacet
facet normal 0 0 1
 outer loop
  vertex -55 -67.5 18
  vertex -56.1014 -69.0863 18
  vertex -55 -69.0306 18
 endloop
endfacet
facet normal 0 0 1
 outer loop
  vertex -62.3038 -70.5 18
  vertex -64.5 -72.6962 18
  vertex -59.7388 -73.1284 18
 endloop
endfacet
facet normal 0 0 1
 outer loop
  vertex -72.6962 -64.5 18
  vertex -70.5 -62.3038 18
  vertex -81.3161 -55 18
 endloop
endfacet
facet normal 0 0 1
 outer loop
  vertex -70.5 -62.3038 18
  vertex -67.5 -61.5 18
  vertex -67.5 -55 18
 endloop
endfacet
facet normal 0 0 1
 outer loop
  vertex 64.5 -62.3038 18
  vertex 67.5 -61.5 18
  vertex 67.5 -55 18
 endloop
endfacet
facet normal 0 0 1
 outer loop
  vertex 61.25 -56.6747 18
  vertex 64.5 -62.3038 18
  vertex 67.5 -55 18
 endloop
endfacet
facet normal 0 0 1
 outer loop
  vertex 61.25 -56.6747 18
  vertex 62.3038 -64.5 18
  vertex 64.5 -62.3038 18
 endloop
endfacet
facet normal 0 0 1
 outer loop
  vertex 61.25 -56.6747 18
  vertex 56.6747 -61.25 18
  vertex 62.3038 -64.5 18
 endloop
endfacet
facet normal 0 0 1
 outer loop
  vertex 62.3038 -64.5 18
  vertex 56.6747 -61.25 18
  vertex 61.5 -67.5 18
 endloop
endfacet
facet normal 0 0 1
 outer loop
  vertex 61.5 -67.5 18
  vertex 56.6747 -61.25 18
  vertex 55 -67.5 18
 endloop
endfacet
facet normal 0 0 1
 outer loop
  vertex 62.3038 -70.5 18
  vertex 55 -67.5 18
  vertex 55 -81.3161 18
 endloop
endfacet
facet normal 0 0 1
 outer loop
  vertex 64.5 -72.6962 18
  vertex 55 -81.3161 18
  vertex 72.0824 -81.3161 18
 endloop
endfacet
facet normal 0 0 1
 outer loop
  vertex 67.5 -73.5 18
  vertex 72.0824 -81.3161 18
  vertex 70.5 -72.6962 18
 endloop
endfacet
facet normal 0 0 1
 outer loop
  vertex 67.5 -73.5 18
  vertex 64.5 -72.6962 18
  vertex 72.0824 -81.3161 18
 endloop
endfacet
facet normal 0 0 1
 outer loop
  vertex 73.5 -67.5 18
  vertex 81.3161 -72.0824 18
  vertex 72.6962 -64.5 18
 endloop
endfacet
facet normal 0 0 1
 outer loop
  vertex 73.5 -67.5 18
  vertex 72.6962 -70.5 18
  vertex 81.3161 -72.0824 18
 endloop
endfacet
facet normal 0 0 1
 outer loop
  vertex 81.3161 -72.0824 18
  vertex 72.6962 -70.5 18
  vertex 80.6133 -75.6162 18
 endloop
endfacet
facet normal 0 0 1
 outer loop
  vertex 80.6133 -75.6162 18
  vertex 72.6962 -70.5 18
  vertex 78.6119 -78.6119 18
 endloop
endfacet
facet normal 0 0 1
 outer loop
  vertex 78.6119 -78.6119 18
  vertex 72.6962 -70.5 18
  vertex 70.5 -72.6962 18
 endloop
endfacet
facet normal 0 0 1
 outer loop
  vertex 75.6162 -80.6133 18
  vertex 70.5 -72.6962 18
  vertex 72.0824 -81.3161 18
 endloop
endfacet
facet normal 0 0 1
 outer loop
  vertex 75.6162 -80.6133 18
  vertex 78.6119 -78.6119 18
  vertex 70.5 -72.6962 18
 endloop
endfacet
facet normal 0 0 1
 outer loop
  vertex 64.5 -72.6962 18
  vertex 62.3038 -70.5 18
  vertex 55 -81.3161 18
 endloop
endfacet
facet normal 0 0 1
 outer loop
  vertex 62.3038 -70.5 18
  vertex 61.5 -67.5 18
  vertex 55 -67.5 18
 endloop
endfacet
facet normal 0 0 1
 outer loop
  vertex 67.5 -55 18
  vertex 70.5 -62.3038 18
  vertex 81.3161 -55 18
 endloop
endfacet
facet normal 0 0 1
 outer loop
  vertex 67.5 -55 18
  vertex 67.5 -61.5 18
  vertex 70.5 -62.3038 18
 endloop
endfacet
facet normal 0 0 1
 outer loop
  vertex 81.3161 -72.0824 18
  vertex 81.3161 -55 18
  vertex 72.6962 -64.5 18
 endloop
endfacet
facet normal 0 0 1
 outer loop
  vertex 72.6962 -64.5 18
  vertex 81.3161 -55 18
  vertex 70.5 -62.3038 18
 endloop
endfacet
facet normal 0 0 1
 outer loop
  vertex -64.5 62.3038 18
  vertex -67.5 61.5 18
  vertex -67.5 55 18
 endloop
endfacet
facet normal 0 0 1
 outer loop
  vertex -61.25 56.6747 18
  vertex -64.5 62.3038 18
  vertex -67.5 55 18
 endloop
endfacet
facet normal 0 0 1
 outer loop
  vertex -61.25 56.6747 18
  vertex -62.3038 64.5 18
  vertex -64.5 62.3038 18
 endloop
endfacet
facet normal 0 0 1
 outer loop
  vertex -61.25 56.6747 18
  vertex -56.6747 61.25 18
  vertex -62.3038 64.5 18
 endloop
endfacet
facet normal 0 0 1
 outer loop
  vertex -62.3038 64.5 18
  vertex -56.6747 61.25 18
  vertex -55 67.5 18
 endloop
endfacet
facet normal 0 0 1
 outer loop
  vertex -61.5 67.5 18
  vertex -55 67.5 18
  vertex -62.3038 70.5 18
 endloop
endfacet
facet normal 0 0 1
 outer loop
  vertex -61.5 67.5 18
  vertex -62.3038 64.5 18
  vertex -55 67.5 18
 endloop
endfacet
facet normal 0 0 1
 outer loop
  vertex -73.5 67.5 18
  vertex -81.3161 72.0824 18
  vertex -72.6962 64.5 18
 endloop
endfacet
facet normal 0 0 1
 outer loop
  vertex -73.5 67.5 18
  vertex -72.6962 70.5 18
  vertex -81.3161 72.0824 18
 endloop
endfacet
facet normal 0 0 1
 outer loop
  vertex -81.3161 72.0824 18
  vertex -72.6962 70.5 18
  vertex -80.6133 75.6162 18
 endloop
endfacet
facet normal 0 0 1
 outer loop
  vertex -80.6133 75.6162 18
  vertex -72.6962 70.5 18
  vertex -78.6119 78.6119 18
 endloop
endfacet
facet normal 0 0 1
 outer loop
  vertex -78.6119 78.6119 18
  vertex -72.6962 70.5 18
  vertex -70.5 72.6962 18
 endloop
endfacet
facet normal 0 0 1
 outer loop
  vertex -75.6162 80.6133 18
  vertex -70.5 72.6962 18
  vertex -72.0824 81.3161 18
 endloop
endfacet
facet normal 0 0 1
 outer loop
  vertex -75.6162 80.6133 18
  vertex -78.6119 78.6119 18
  vertex -70.5 72.6962 18
 endloop
endfacet
facet normal 0 0 1
 outer loop
  vertex -70.5 72.6962 18
  vertex -67.5 73.5 18
  vertex -72.0824 81.3161 18
 endloop
endfacet
facet normal 0 0 1
 outer loop
  vertex -72.0824 81.3161 18
  vertex -67.5 73.5 18
  vertex -64.5 72.6962 18
 endloop
endfacet
facet normal 0 0 1
 outer loop
  vertex -55 81.3161 18
  vertex -64.5 72.6962 18
  vertex -62.3038 70.5 18
 endloop
endfacet
facet normal 0 0 1
 outer loop
  vertex -55 67.5 18
  vertex -55 81.3161 18
  vertex -62.3038 70.5 18
 endloop
endfacet
facet normal 0 0 1
 outer loop
  vertex -81.3161 72.0824 18
  vertex -81.3161 55 18
  vertex -72.6962 64.5 18
 endloop
endfacet
facet normal 0 0 1
 outer loop
  vertex -72.6962 64.5 18
  vertex -81.3161 55 18
  vertex -70.5 62.3038 18
 endloop
endfacet
facet normal 0 0 1
 outer loop
  vertex -70.5 62.3038 18
  vertex -81.3161 55 18
  vertex -67.5 55 18
 endloop
endfacet
facet normal 0 0 1
 outer loop
  vertex -67.5 61.5 18
  vertex -70.5 62.3038 18
  vertex -67.5 55 18
 endloop
endfacet
facet normal 0 0 1
 outer loop
  vertex -55 81.3161 18
  vertex -72.0824 81.3161 18
  vertex -64.5 72.6962 18
 endloop
endfacet
facet normal 0.820459 4.242E-17 0.571705
 outer loop
  vertex 81.3161 72.0824 18
  vertex 81.3161 55 18
  vertex 81.8829 72.0824 17.0694
 endloop
endfacet
facet normal 0.845621 4.46287E-17 0.533783
 outer loop
  vertex 81.8829 72.0824 17.0694
  vertex 81.3161 55 18
  vertex 81.5652 21.5227 17.6801
 endloop
endfacet
facet normal 0.9119 2.34033E-17 0.410413
 outer loop
  vertex 81.9367 21.5494 16.9161
  vertex 81.8829 72.0824 17.0694
  vertex 81.5652 21.5227 17.6801
 endloop
endfacet
facet normal 0.972744 0 0.231881
 outer loop
  vertex 81.9367 21.5494 16.9161
  vertex 82.079 72.0824 16.0785
  vertex 81.8829 72.0824 17.0694
 endloop
endfacet
facet normal 0.992735 0 0.120322
 outer loop
  vertex 81.9367 21.5494 16.9161
  vertex 82.079 21.5786 16.0785
  vertex 82.079 72.0824 16.0785
 endloop
endfacet
facet normal 0.745249 4.4394E-17 0.666786
 outer loop
  vertex 81.5652 21.5227 17.6801
  vertex 81.3161 55 18
  vertex 81.0247 21.5016 18.2839
 endloop
endfacet
facet normal 0.646039 2.10343E-17 0.763304
 outer loop
  vertex 81.0247 21.5016 18.2839
  vertex 81.3161 55 18
  vertex 80.6754 55 18.5406
 endloop
endfacet
facet normal 0.406733 0 0.913547
 outer loop
  vertex 80.2912 21.4855 18.7446
  vertex 80.6754 55 18.5406
  vertex 79.9101 55 18.8829
 endloop
endfacet
facet normal 0.169364 0 0.985554
 outer loop
  vertex 79.7629 25.1369 18.9213
  vertex 79.9101 55 18.8829
  vertex 79.08 55 19
 endloop
endfacet
facet normal 0.0763204 0 0.997083
 outer loop
  vertex 79.08 28.9196 19
  vertex 79.7629 25.1369 18.9213
  vertex 79.08 55 19
 endloop
endfacet
facet normal 0.303617 0 0.952794
 outer loop
  vertex 79.7629 25.1369 18.9213
  vertex 80.2912 21.4855 18.7446
  vertex 79.9101 55 18.8829
 endloop
endfacet
facet normal 0.531651 0 0.846964
 outer loop
  vertex 80.2912 21.4855 18.7446
  vertex 81.0247 21.5016 18.2839
  vertex 80.6754 55 18.5406
 endloop
endfacet
facet normal 0.502724 0.640636 0.580391
 outer loop
  vertex 78.6119 78.6119 18
  vertex 79.0061 79.0061 17.0936
  vertex 75.6162 80.6133 18
 endloop
endfacet
facet normal 0.445742 0.756998 0.477774
 outer loop
  vertex 75.6162 80.6133 18
  vertex 79.0061 79.0061 17.0936
  vertex 75.8304 81.1307 17.0874
 endloop
endfacet
facet normal 0.122296 0.871348 0.475181
 outer loop
  vertex 72.0824 81.3161 18
  vertex 75.8304 81.1307 17.0874
  vertex 72.0824 81.8829 17.0694
 endloop
endfacet
facet normal 0.219423 0.784673 0.579778
 outer loop
  vertex 72.0824 81.3161 18
  vertex 75.6162 80.6133 18
  vertex 75.8304 81.1307 17.0874
 endloop
endfacet
facet normal 0.590402 0.763402 0.261998
 outer loop
  vertex 79.0061 79.0061 17.0936
  vertex 79.1506 79.1506 16.111
  vertex 75.8304 81.1307 17.0874
 endloop
endfacet
facet normal 0.49633 0.855271 0.148887
 outer loop
  vertex 75.8304 81.1307 17.0874
  vertex 79.1506 79.1506 16.111
  vertex 75.9078 81.3175 16.1026
 endloop
endfacet
facet normal 0.131281 0.980962 0.143102
 outer loop
  vertex 72.0824 81.8829 17.0694
  vertex 75.9078 81.3175 16.1026
  vertex 72.0824 82.079 16.0785
 endloop
endfacet
facet normal 0.2534 0.932257 0.258236
 outer loop
  vertex 72.0824 81.8829 17.0694
  vertex 75.8304 81.1307 17.0874
  vertex 75.9078 81.3175 16.1026
 endloop
endfacet
facet normal 0 0.836584 0.547839
 outer loop
  vertex -72.0824 81.8829 17.0694
  vertex -72.0824 81.3161 18
  vertex 0.0546374 81.4789 17.8014
 endloop
endfacet
facet normal 0 0.836584 0.547839
 outer loop
  vertex 72.0824 81.8829 17.0694
  vertex 0.0546374 81.4789 17.8014
  vertex 72.0824 81.3161 18
 endloop
endfacet
facet normal 0 0.897203 0.441618
 outer loop
  vertex 72.0824 81.8829 17.0694
  vertex -72.0824 81.8829 17.0694
  vertex 0.0546374 81.4789 17.8014
 endloop
endfacet
facet normal 0 0.968369 0.249522
 outer loop
  vertex 72.0824 81.8829 17.0694
  vertex 72.0824 82.079 16.0785
  vertex -72.0824 81.8829 17.0694
 endloop
endfacet
facet normal 0 0.99043 0.138017
 outer loop
  vertex -72.0824 81.8829 17.0694
  vertex 72.0824 82.079 16.0785
  vertex -72.0824 82.079 16.0785
 endloop
endfacet
facet normal 0 0.160537 0.98703
 outer loop
  vertex -55 79.08 19
  vertex -25.6149 79.6847 18.9384
  vertex -55 79.9101 18.8829
 endloop
endfacet
facet normal 0 0.067493 0.99772
 outer loop
  vertex -55 79.08 19
  vertex -28.9196 79.08 19
  vertex -25.6149 79.6847 18.9384
 endloop
endfacet
facet normal 0 0.396995 0.917821
 outer loop
  vertex -55 79.9101 18.8829
  vertex -22.1707 80.2036 18.7816
  vertex -55 80.6754 18.5406
 endloop
endfacet
facet normal 0 0.285044 0.958515
 outer loop
  vertex -55 79.9101 18.8829
  vertex -25.6149 79.6847 18.9384
  vertex -22.1707 80.2036 18.7816
 endloop
endfacet
facet normal 0 0.514987 0.857198
 outer loop
  vertex -22.1707 80.2036 18.7816
  vertex -14.8642 80.9621 18.3362
  vertex -55 80.6754 18.5406
 endloop
endfacet
facet normal 0 0.639051 0.769164
 outer loop
  vertex -55 80.6754 18.5406
  vertex -14.8642 80.9621 18.3362
  vertex -55 81.3161 18
 endloop
endfacet
facet normal 0 0.713734 0.700417
 outer loop
  vertex -55 81.3161 18
  vertex -14.8642 80.9621 18.3362
  vertex -7.34184 81.3633 17.9459
 endloop
endfacet
facet normal 0 0.769206 0.639001
 outer loop
  vertex 0.0546374 81.4789 17.8014
  vertex -55 81.3161 18
  vertex -7.34184 81.3633 17.9459
 endloop
endfacet
facet normal 0 0.764076 0.645126
 outer loop
  vertex 0.0546374 81.4789 17.8014
  vertex -72.0824 81.3161 18
  vertex -55 81.3161 18
 endloop
endfacet
facet normal 0 0.764076 0.645126
 outer loop
  vertex 72.0824 81.3161 18
  vertex 0.0546374 81.4789 17.8014
  vertex 55 81.3161 18
 endloop
endfacet
facet normal 0 0.768911 0.639355
 outer loop
  vertex 55 81.3161 18
  vertex 0.0546374 81.4789 17.8014
  vertex 7.42463 81.3606 17.949
 endloop
endfacet
facet normal 0 0.71297 0.701195
 outer loop
  vertex 14.9218 80.9576 18.3398
  vertex 55 81.3161 18
  vertex 7.42463 81.3606 17.949
 endloop
endfacet
facet normal 0 0.638562 0.769571
 outer loop
  vertex 14.9218 80.9576 18.3398
  vertex 55 80.6754 18.5406
  vertex 55 81.3161 18
 endloop
endfacet
facet normal 0 0.514059 0.857755
 outer loop
  vertex 14.9218 80.9576 18.3398
  vertex 22.1985 80.1998 18.7832
  vertex 55 80.6754 18.5406
 endloop
endfacet
facet normal 0 0.396576 0.918002
 outer loop
  vertex 55 80.6754 18.5406
  vertex 22.1985 80.1998 18.7832
  vertex 55 79.9101 18.8829
 endloop
endfacet
facet normal 0 0.28436 0.958718
 outer loop
  vertex 55 79.9101 18.8829
  vertex 22.1985 80.1998 18.7832
  vertex 25.6285 79.6824 18.9389
 endloop
endfacet
facet normal 0 0.0672344 0.997737
 outer loop
  vertex 55 79.08 19
  vertex 25.6285 79.6824 18.9389
  vertex 28.9196 79.08 19
 endloop
endfacet
facet normal 0 0.160278 0.987072
 outer loop
  vertex 55 79.08 19
  vertex 55 79.9101 18.8829
  vertex 25.6285 79.6824 18.9389
 endloop
endfacet
facet normal -0.640636 0.502724 0.580391
 outer loop
  vertex -78.6119 78.6119 18
  vertex -79.0061 79.0061 17.0936
  vertex -80.6133 75.6162 18
 endloop
endfacet
facet normal -0.756998 0.445742 0.477774
 outer loop
  vertex -80.6133 75.6162 18
  vertex -79.0061 79.0061 17.0936
  vertex -81.1307 75.8304 17.0874
 endloop
endfacet
facet normal -0.871348 0.122296 0.475181
 outer loop
  vertex -81.3161 72.0824 18
  vertex -81.1307 75.8304 17.0874
  vertex -81.8829 72.0824 17.0694
 endloop
endfacet
facet normal -0.784673 0.219423 0.579778
 outer loop
  vertex -81.3161 72.0824 18
  vertex -80.6133 75.6162 18
  vertex -81.1307 75.8304 17.0874
 endloop
endfacet
facet normal -0.763402 0.590402 0.261998
 outer loop
  vertex -79.0061 79.0061 17.0936
  vertex -79.1506 79.1506 16.111
  vertex -81.1307 75.8304 17.0874
 endloop
endfacet
facet normal -0.855271 0.49633 0.148887
 outer loop
  vertex -81.1307 75.8304 17.0874
  vertex -79.1506 79.1506 16.111
  vertex -81.3175 75.9078 16.1026
 endloop
endfacet
facet normal -0.980962 0.131281 0.143102
 outer loop
  vertex -81.8829 72.0824 17.0694
  vertex -81.3175 75.9078 16.1026
  vertex -82.079 72.0824 16.0785
 endloop
endfacet
facet normal -0.932257 0.2534 0.258236
 outer loop
  vertex -81.8829 72.0824 17.0694
  vertex -81.1307 75.8304 17.0874
  vertex -81.3175 75.9078 16.1026
 endloop
endfacet
facet normal -0.0788163 0 0.996889
 outer loop
  vertex -79.08 28.9196 19
  vertex -79.08 55 19
  vertex -79.7849 25.0076 18.916
 endloop
endfacet
facet normal -0.17186 0 0.985121
 outer loop
  vertex -79.7849 25.0076 18.916
  vertex -79.08 55 19
  vertex -79.9101 55 18.8829
 endloop
endfacet
facet normal -0.415092 0 0.90978
 outer loop
  vertex -80.3658 20.9006 18.7106
  vertex -79.9101 55 18.8829
  vertex -80.6754 55 18.5406
 endloop
endfacet
facet normal -0.560949 0 0.82785
 outer loop
  vertex -80.4734 19.9886 18.6569
  vertex -80.6754 55 18.5406
  vertex -81.1097 20.0042 18.2088
 endloop
endfacet
facet normal -0.475504 0 0.879714
 outer loop
  vertex -80.4734 19.9886 18.6569
  vertex -80.3658 20.9006 18.7106
  vertex -80.6754 55 18.5406
 endloop
endfacet
facet normal -0.655674 -2.10385E-17 0.755044
 outer loop
  vertex -80.6754 55 18.5406
  vertex -81.3161 55 18
  vertex -81.1097 20.0042 18.2088
 endloop
endfacet
facet normal -0.761759 -4.49806E-17 0.64786
 outer loop
  vertex -81.1097 20.0042 18.2088
  vertex -81.3161 55 18
  vertex -81.6268 20.026 17.5852
 endloop
endfacet
facet normal -0.852344 -4.52005E-17 0.522981
 outer loop
  vertex -81.6268 20.026 17.5852
  vertex -81.3161 55 18
  vertex -81.8829 72.0824 17.0694
 endloop
endfacet
facet normal -0.97405 -2.83259E-17 0.226333
 outer loop
  vertex -81.9518 20.0511 16.8676
  vertex -81.8829 72.0824 17.0694
  vertex -82.079 72.0824 16.0785
 endloop
endfacet
facet normal -0.993394 -2.825E-17 0.114757
 outer loop
  vertex -82.079 20.0786 16.0785
  vertex -81.9518 20.0511 16.8676
  vertex -82.079 72.0824 16.0785
 endloop
endfacet
facet normal -0.820459 -2.121E-17 0.571705
 outer loop
  vertex -81.3161 55 18
  vertex -81.3161 72.0824 18
  vertex -81.8829 72.0824 17.0694
 endloop
endfacet
facet normal -0.919203 -2.39501E-17 0.393785
 outer loop
  vertex -81.9518 20.0511 16.8676
  vertex -81.6268 20.026 17.5852
  vertex -81.8829 72.0824 17.0694
 endloop
endfacet
facet normal -0.314648 0 0.949208
 outer loop
  vertex -80.3658 20.9006 18.7106
  vertex -79.7849 25.0076 18.916
  vertex -79.9101 55 18.8829
 endloop
endfacet
facet normal -0.93684 -0.347836 0.0366299
 outer loop
  vertex -76.3639 -19.3344 35.1222
  vertex -76.4911 -19.041 35.1182
  vertex -76.677 -19.6107 24.4829
 endloop
endfacet
facet normal -0.893582 -0.447293 0.03795
 outer loop
  vertex -76.677 -19.6107 24.4829
  vertex -76.4911 -19.041 35.1182
  vertex -76.8043 -19.3194 24.479
 endloop
endfacet
facet normal -0.775138 -0.630569 0.0392826
 outer loop
  vertex -76.8043 -19.3194 24.479
  vertex -76.4911 -19.041 35.1182
  vertex -76.719 -18.7911 35.1184
 endloop
endfacet
facet normal -0.523097 -0.851441 0.0376567
 outer loop
  vertex -77.0324 -19.069 24.4792
  vertex -76.719 -18.7911 35.1184
  vertex -77.3215 -18.9133 24.4836
 endloop
endfacet
facet normal -0.697865 -0.715154 0.039217
 outer loop
  vertex -77.0324 -19.069 24.4792
  vertex -76.8043 -19.3194 24.479
  vertex -76.719 -18.7911 35.1184
 endloop
endfacet
facet normal -0.422994 -0.905411 0.036137
 outer loop
  vertex -76.719 -18.7911 35.1184
  vertex -77.0171 -18.6315 35.123
  vertex -77.3215 -18.9133 24.4836
 endloop
endfacet
facet normal -0.215693 -0.97594 0.0318908
 outer loop
  vertex -77.3215 -18.9133 24.4836
  vertex -77.0171 -18.6315 35.123
  vertex -77.6452 -18.8587 24.4916
 endloop
endfacet
facet normal -0.106424 -0.993893 0.0291541
 outer loop
  vertex -77.6452 -18.8587 24.4916
  vertex -77.0171 -18.6315 35.123
  vertex -77.3327 -18.5801 35.1309
 endloop
endfacet
facet normal -0.935853 -0.346071 0.0664407
 outer loop
  vertex -76.677 -19.6107 24.4829
  vertex -76.8043 -19.3194 24.479
  vertex -76.7198 -19.6236 23.9172
 endloop
endfacet
facet normal -0.883751 -0.443118 0.150436
 outer loop
  vertex -76.7198 -19.6236 23.9172
  vertex -76.8043 -19.3194 24.479
  vertex -77.1203 -19.3698 22.6952
 endloop
endfacet
facet normal -0.891825 -0.335767 0.303163
 outer loop
  vertex -76.9844 -19.6639 22.712
  vertex -77.1203 -19.3698 22.6952
  vertex -76.9925 -19.6649 22.6872
 endloop
endfacet
facet normal -0.908374 -0.341768 0.240938
 outer loop
  vertex -76.9844 -19.6639 22.712
  vertex -76.7198 -19.6236 23.9172
  vertex -77.1203 -19.3698 22.6952
 endloop
endfacet
facet normal -0.758139 -0.626089 0.182311
 outer loop
  vertex -77.1203 -19.3698 22.6952
  vertex -76.8043 -19.3194 24.479
  vertex -77.3367 -19.1164 22.7609
 endloop
endfacet
facet normal -0.583143 -0.733145 0.349919
 outer loop
  vertex -77.9945 -19.2987 21.1258
  vertex -77.3367 -19.1164 22.7609
  vertex -78.0993 -19.172 21.1943
 endloop
endfacet
facet normal -0.416767 -0.827407 0.376435
 outer loop
  vertex -79.236 -19.2316 19.882
  vertex -78.0993 -19.172 21.1943
  vertex -78.3529 -18.9956 21.3634
 endloop
endfacet
facet normal -0.15083 -0.967852 0.201277
 outer loop
  vertex -80.7648 -19.0725 19.1833
  vertex -78.3529 -18.9956 21.3634
  vertex -80.9402 -18.989 19.515
 endloop
endfacet
facet normal -0.298732 -0.879815 0.369708
 outer loop
  vertex -80.7648 -19.0725 19.1833
  vertex -79.236 -19.2316 19.882
  vertex -78.3529 -18.9956 21.3634
 endloop
endfacet
facet normal -0.316939 -0.796876 0.514333
 outer loop
  vertex -80.7648 -19.0725 19.1833
  vertex -80.6151 -19.2898 18.904
  vertex -79.236 -19.2316 19.882
 endloop
endfacet
facet normal -0.428859 -0.679888 0.594838
 outer loop
  vertex -79.236 -19.2316 19.882
  vertex -80.6151 -19.2898 18.904
  vertex -79.1516 -19.3724 19.7882
 endloop
endfacet
facet normal -0.624446 -0.578522 0.524766
 outer loop
  vertex -77.9945 -19.2987 21.1258
  vertex -79.1516 -19.3724 19.7882
  vertex -77.9107 -19.4432 21.0722
 endloop
endfacet
facet normal -0.790386 -0.409098 0.455993
 outer loop
  vertex -77.1203 -19.3698 22.6952
  vertex -77.9107 -19.4432 21.0722
  vertex -77.7857 -19.752 21.0554
 endloop
endfacet
facet normal -0.862286 -0.321173 0.391549
 outer loop
  vertex -76.9925 -19.6649 22.6872
  vertex -77.1203 -19.3698 22.6952
  vertex -77.7857 -19.752 21.0554
 endloop
endfacet
facet normal -0.69339 -0.71365 0.0995654
 outer loop
  vertex -76.8043 -19.3194 24.479
  vertex -77.0324 -19.069 24.4792
  vertex -77.3367 -19.1164 22.7609
 endloop
endfacet
facet normal -0.512047 -0.853374 0.0977752
 outer loop
  vertex -77.3367 -19.1164 22.7609
  vertex -77.0324 -19.069 24.4792
  vertex -77.3215 -18.9133 24.4836
 endloop
endfacet
facet normal -0.197678 -0.97602 0.0911506
 outer loop
  vertex -78.3529 -18.9956 21.3634
  vertex -77.3215 -18.9133 24.4836
  vertex -77.9209 -18.899 22.9508
 endloop
endfacet
facet normal -0.0910638 -0.991917 0.0883588
 outer loop
  vertex -78.6227 -18.9358 21.5467
  vertex -78.3529 -18.9956 21.3634
  vertex -77.9209 -18.899 22.9508
 endloop
endfacet
facet normal -0.0910683 -0.991916 0.0883737
 outer loop
  vertex -78.6227 -18.9358 21.5467
  vertex -80.9402 -18.989 19.515
  vertex -78.3529 -18.9956 21.3634
 endloop
endfacet
facet normal -0.106248 -0.993912 0.0291446
 outer loop
  vertex -77.3215 -18.9133 24.4836
  vertex -77.6452 -18.8587 24.4916
  vertex -77.9209 -18.899 22.9508
 endloop
endfacet
facet normal -0.412571 -0.615338 0.671672
 outer loop
  vertex -80.6151 -19.2898 18.904
  vertex -80.5549 -19.4485 18.7937
  vertex -79.1516 -19.3724 19.7882
 endloop
endfacet
facet normal -0.499604 -0.526646 0.687778
 outer loop
  vertex -79.1516 -19.3724 19.7882
  vertex -80.5549 -19.4485 18.7937
  vertex -79.0867 -19.5314 19.7175
 endloop
endfacet
facet normal -0.695266 -0.425086 0.579574
 outer loop
  vertex -77.9107 -19.4432 21.0722
  vertex -79.0867 -19.5314 19.7175
  vertex -77.8503 -19.5978 21.0349
 endloop
endfacet
facet normal -0.753305 -0.20843 0.623769
 outer loop
  vertex -77.7857 -19.752 21.0554
  vertex -77.8503 -19.5978 21.0349
  vertex -78.9962 -19.865 19.6712
 endloop
endfacet
facet normal -0.771946 -0.340149 0.537027
 outer loop
  vertex -77.7857 -19.752 21.0554
  vertex -77.9107 -19.4432 21.0722
  vertex -77.8503 -19.5978 21.0349
 endloop
endfacet
facet normal -0.469695 -0.449725 0.759694
 outer loop
  vertex -80.5549 -19.4485 18.7937
  vertex -80.5104 -19.6287 18.7142
  vertex -79.0867 -19.5314 19.7175
 endloop
endfacet
facet normal -0.551078 -0.357737 0.753882
 outer loop
  vertex -79.0867 -19.5314 19.7175
  vertex -80.5104 -19.6287 18.7142
  vertex -79.0432 -19.6993 19.6716
 endloop
endfacet
facet normal -0.691539 -0.237275 0.682257
 outer loop
  vertex -77.8503 -19.5978 21.0349
  vertex -79.0432 -19.6993 19.6716
  vertex -78.9962 -19.865 19.6712
 endloop
endfacet
facet normal -0.667353 -0.349548 0.657614
 outer loop
  vertex -77.8503 -19.5978 21.0349
  vertex -79.0867 -19.5314 19.7175
  vertex -79.0432 -19.6993 19.6716
 endloop
endfacet
facet normal -0.508108 -0.272297 0.817117
 outer loop
  vertex -80.5104 -19.6287 18.7142
  vertex -80.4841 -19.8091 18.6701
  vertex -79.0432 -19.6993 19.6716
 endloop
endfacet
facet normal -0.5219 -0.150698 0.839589
 outer loop
  vertex -79.0432 -19.6993 19.6716
  vertex -80.4841 -19.8091 18.6701
  vertex -80.4734 -19.9886 18.6568
 endloop
endfacet
facet normal -0.587782 -0.123444 0.799546
 outer loop
  vertex -78.9962 -19.865 19.6712
  vertex -79.0432 -19.6993 19.6716
  vertex -80.4734 -19.9886 18.6568
 endloop
endfacet
facet normal -0.531228 -0.659757 0.531524
 outer loop
  vertex -79.1516 -19.3724 19.7882
  vertex -77.9945 -19.2987 21.1258
  vertex -79.236 -19.2316 19.882
 endloop
endfacet
facet normal -0.532145 -0.716059 0.451754
 outer loop
  vertex -79.236 -19.2316 19.882
  vertex -77.9945 -19.2987 21.1258
  vertex -78.0993 -19.172 21.1943
 endloop
endfacet
facet normal -0.396151 -0.904887 0.155706
 outer loop
  vertex -77.3215 -18.9133 24.4836
  vertex -78.3529 -18.9956 21.3634
  vertex -77.3367 -19.1164 22.7609
 endloop
endfacet
facet normal -0.466413 -0.841632 0.272242
 outer loop
  vertex -77.3367 -19.1164 22.7609
  vertex -78.3529 -18.9956 21.3634
  vertex -78.0993 -19.172 21.1943
 endloop
endfacet
facet normal -0.71991 -0.557481 0.413455
 outer loop
  vertex -77.9107 -19.4432 21.0722
  vertex -77.1203 -19.3698 22.6952
  vertex -77.9945 -19.2987 21.1258
 endloop
endfacet
facet normal -0.680959 -0.658896 0.319611
 outer loop
  vertex -77.9945 -19.2987 21.1258
  vertex -77.1203 -19.3698 22.6952
  vertex -77.3367 -19.1164 22.7609
 endloop
endfacet
facet normal -0.610125 -0.511125 0.605391
 outer loop
  vertex -79.0867 -19.5314 19.7175
  vertex -77.9107 -19.4432 21.0722
  vertex -79.1516 -19.3724 19.7882
 endloop
endfacet
facet normal -0.54013 -0.0564973 0.839683
 outer loop
  vertex -80.4734 -19.9886 18.6568
  vertex -80.4841 -19.8091 18.6701
  vertex -81.1113 -20.0043 18.2074
 endloop
endfacet
facet normal -0.600398 -0.180644 0.779031
 outer loop
  vertex -81.1113 -20.0043 18.2074
  vertex -80.4841 -19.8091 18.6701
  vertex -81.1737 -19.6405 18.2426
 endloop
endfacet
facet normal -0.77236 -0.248718 0.584465
 outer loop
  vertex -81.6269 -20.026 17.5851
  vertex -81.1737 -19.6405 18.2426
  vertex -81.6901 -19.6608 17.6146
 endloop
endfacet
facet normal -0.833583 -0.430048 0.346696
 outer loop
  vertex -82.0222 -19.6848 16.8731
  vertex -81.6901 -19.6608 17.6146
  vertex -82.1115 -19.5065 16.8952
 endloop
endfacet
facet normal -0.788389 -0.605235 0.110149
 outer loop
  vertex -82.2422 -19.5317 16.0685
  vertex -82.1115 -19.5065 16.8952
  vertex -82.372 -19.372 16.0677
 endloop
endfacet
facet normal -0.850048 -0.490956 0.190737
 outer loop
  vertex -82.2422 -19.5317 16.0685
  vertex -82.0222 -19.6848 16.8731
  vertex -82.1115 -19.5065 16.8952
 endloop
endfacet
facet normal -0.894446 -0.431678 0.11671
 outer loop
  vertex -82.2422 -19.5317 16.0685
  vertex -82.1494 -19.7108 16.0707
  vertex -82.0222 -19.6848 16.8731
 endloop
endfacet
facet normal -0.946478 -0.250347 0.203729
 outer loop
  vertex -82.0222 -19.6848 16.8731
  vertex -82.1494 -19.7108 16.0707
  vertex -81.9575 -20.0518 16.8483
 endloop
endfacet
facet normal -0.919579 -0.124988 0.372494
 outer loop
  vertex -81.6269 -20.026 17.5851
  vertex -82.0222 -19.6848 16.8731
  vertex -81.9575 -20.0518 16.8483
 endloop
endfacet
facet normal -0.86044 -0.249426 0.44433
 outer loop
  vertex -81.6269 -20.026 17.5851
  vertex -81.6901 -19.6608 17.6146
  vertex -82.0222 -19.6848 16.8731
 endloop
endfacet
facet normal -0.511873 -0.295842 0.806513
 outer loop
  vertex -80.4841 -19.8091 18.6701
  vertex -80.5104 -19.6287 18.7142
  vertex -81.1737 -19.6405 18.2426
 endloop
endfacet
facet normal -0.548585 -0.421846 0.721873
 outer loop
  vertex -81.1737 -19.6405 18.2426
  vertex -80.5104 -19.6287 18.7142
  vertex -81.2377 -19.4633 18.3068
 endloop
endfacet
facet normal -0.628724 -0.601171 0.493254
 outer loop
  vertex -81.7696 -19.4831 17.6595
  vertex -81.2377 -19.4633 18.3068
  vertex -81.8799 -19.324 17.7239
 endloop
endfacet
facet normal -0.538507 -0.794093 0.281829
 outer loop
  vertex -82.2359 -19.3471 16.9283
  vertex -81.8799 -19.324 17.7239
  vertex -82.166 -19.1005 17.8961
 endloop
endfacet
facet normal -0.230063 -0.968613 0.0941255
 outer loop
  vertex -82.7108 -19.1494 16.0707
  vertex -82.166 -19.1005 17.8961
  vertex -82.9168 -19.0521 17.1048
 endloop
endfacet
facet normal -0.124567 -0.99178 0.0292326
 outer loop
  vertex -83.0786 -19.079 16.0785
  vertex -82.7108 -19.1494 16.0707
  vertex -82.9168 -19.0521 17.1048
 endloop
endfacet
facet normal -0.466998 -0.478227 0.743783
 outer loop
  vertex -80.5104 -19.6287 18.7142
  vertex -80.5549 -19.4485 18.7937
  vertex -81.2377 -19.4633 18.3068
 endloop
endfacet
facet normal -0.481498 -0.596965 0.641711
 outer loop
  vertex -81.2377 -19.4633 18.3068
  vertex -80.5549 -19.4485 18.7937
  vertex -81.3261 -19.3045 18.3978
 endloop
endfacet
facet normal -0.470987 -0.792493 0.387461
 outer loop
  vertex -81.8799 -19.324 17.7239
  vertex -81.3261 -19.3045 18.3978
  vertex -82.166 -19.1005 17.8961
 endloop
endfacet
facet normal -0.551016 -0.653535 0.518915
 outer loop
  vertex -81.8799 -19.324 17.7239
  vertex -81.2377 -19.4633 18.3068
  vertex -81.3261 -19.3045 18.3978
 endloop
endfacet
facet normal -0.400374 -0.649597 0.646316
 outer loop
  vertex -80.5549 -19.4485 18.7937
  vertex -80.6151 -19.2898 18.904
  vertex -81.3261 -19.3045 18.3978
 endloop
endfacet
facet normal -0.330606 -0.790477 0.515602
 outer loop
  vertex -81.3261 -19.3045 18.3978
  vertex -80.6151 -19.2898 18.904
  vertex -80.7648 -19.0725 19.1833
 endloop
endfacet
facet normal -0.162565 -0.966229 0.199938
 outer loop
  vertex -82.166 -19.1005 17.8961
  vertex -80.7648 -19.0725 19.1833
  vertex -81.7895 -19.0047 18.9164
 endloop
endfacet
facet normal -0.105011 -0.990273 0.0912775
 outer loop
  vertex -82.4761 -19.0264 18.0872
  vertex -82.166 -19.1005 17.8961
  vertex -81.7895 -19.0047 18.9164
 endloop
endfacet
facet normal -0.105011 -0.990273 0.0912775
 outer loop
  vertex -82.4761 -19.0264 18.0872
  vertex -82.9168 -19.0521 17.1048
  vertex -82.166 -19.1005 17.8961
 endloop
endfacet
facet normal -0.0572177 -0.989216 0.134824
 outer loop
  vertex -80.7648 -19.0725 19.1833
  vertex -80.9402 -18.989 19.515
  vertex -81.7895 -19.0047 18.9164
 endloop
endfacet
facet normal -0.461271 -0.872535 0.160969
 outer loop
  vertex -82.166 -19.1005 17.8961
  vertex -82.7108 -19.1494 16.0707
  vertex -82.2359 -19.3471 16.9283
 endloop
endfacet
facet normal -0.595772 -0.796979 0.0994002
 outer loop
  vertex -82.2359 -19.3471 16.9283
  vertex -82.7108 -19.1494 16.0707
  vertex -82.372 -19.372 16.0677
 endloop
endfacet
facet normal -0.733383 -0.657655 0.172162
 outer loop
  vertex -82.1115 -19.5065 16.8952
  vertex -82.2359 -19.3471 16.9283
  vertex -82.372 -19.372 16.0677
 endloop
endfacet
facet normal -0.733897 -0.603059 0.312593
 outer loop
  vertex -82.1115 -19.5065 16.8952
  vertex -81.7696 -19.4831 17.6595
  vertex -82.2359 -19.3471 16.9283
 endloop
endfacet
facet normal -0.771734 -0.489223 0.406311
 outer loop
  vertex -82.1115 -19.5065 16.8952
  vertex -81.6901 -19.6608 17.6146
  vertex -81.7696 -19.4831 17.6595
 endloop
endfacet
facet normal -0.714998 -0.428648 0.552303
 outer loop
  vertex -81.7696 -19.4831 17.6595
  vertex -81.6901 -19.6608 17.6146
  vertex -81.1737 -19.6405 18.2426
 endloop
endfacet
facet normal -0.640209 -0.48767 0.593557
 outer loop
  vertex -81.2377 -19.4633 18.3068
  vertex -81.7696 -19.4831 17.6595
  vertex -81.1737 -19.6405 18.2426
 endloop
endfacet
facet normal -0.984984 -0.125497 0.118564
 outer loop
  vertex -82.1494 -19.7108 16.0707
  vertex -82.079 -20.0786 16.0785
  vertex -81.9575 -20.0518 16.8483
 endloop
endfacet
facet normal -0.736875 -0.12422 0.664519
 outer loop
  vertex -81.6269 -20.026 17.5851
  vertex -81.1113 -20.0043 18.2074
  vertex -81.1737 -19.6405 18.2426
 endloop
endfacet
facet normal -0.665046 -0.655471 0.357871
 outer loop
  vertex -81.8799 -19.324 17.7239
  vertex -82.2359 -19.3471 16.9283
  vertex -81.7696 -19.4831 17.6595
 endloop
endfacet
facet normal -0.3259 -0.868679 0.373076
 outer loop
  vertex -80.7648 -19.0725 19.1833
  vertex -82.166 -19.1005 17.8961
  vertex -81.3261 -19.3045 18.3978
 endloop
endfacet
facet normal -0.820459 -4.242E-17 0.571705
 outer loop
  vertex -81.3161 -72.0824 18
  vertex -81.3161 -55 18
  vertex -81.8829 -72.0824 17.0694
 endloop
endfacet
facet normal -0.852346 -4.52007E-17 0.522978
 outer loop
  vertex -81.8829 -72.0824 17.0694
  vertex -81.3161 -55 18
  vertex -81.6269 -20.026 17.5851
 endloop
endfacet
facet normal -0.920083 -2.39563E-17 0.391724
 outer loop
  vertex -81.9575 -20.0518 16.8483
  vertex -81.8829 -72.0824 17.0694
  vertex -81.6269 -20.026 17.5851
 endloop
endfacet
facet normal -0.974558 0 0.224135
 outer loop
  vertex -81.9575 -20.0518 16.8483
  vertex -82.079 -72.0824 16.0785
  vertex -81.8829 -72.0824 17.0694
 endloop
endfacet
facet normal -0.993646 0 0.112552
 outer loop
  vertex -81.9575 -20.0518 16.8483
  vertex -82.079 -20.0786 16.0785
  vertex -82.079 -72.0824 16.0785
 endloop
endfacet
facet normal -0.761916 -4.49794E-17 0.647676
 outer loop
  vertex -81.6269 -20.026 17.5851
  vertex -81.3161 -55 18
  vertex -81.1113 -20.0043 18.2074
 endloop
endfacet
facet normal -0.655855 -2.10386E-17 0.754887
 outer loop
  vertex -81.1113 -20.0043 18.2074
  vertex -81.3161 -55 18
  vertex -80.6754 -55 18.5406
 endloop
endfacet
facet normal -0.471402 0 0.881919
 outer loop
  vertex -80.4734 -19.9886 18.6568
  vertex -80.6754 -55 18.5406
  vertex -80.3277 -21.209 18.7283
 endloop
endfacet
facet normal -0.561149 0 0.827715
 outer loop
  vertex -80.4734 -19.9886 18.6568
  vertex -81.1113 -20.0043 18.2074
  vertex -80.6754 -55 18.5406
 endloop
endfacet
facet normal -0.410817 0 0.911718
 outer loop
  vertex -80.6754 -55 18.5406
  vertex -79.9101 -55 18.8829
  vertex -80.3277 -21.209 18.7283
 endloop
endfacet
facet normal -0.307655 0 0.951498
 outer loop
  vertex -80.3277 -21.209 18.7283
  vertex -79.9101 -55 18.8829
  vertex -79.7612 -25.1543 18.9216
 endloop
endfacet
facet normal -0.169174 0 0.985586
 outer loop
  vertex -79.7612 -25.1543 18.9216
  vertex -79.9101 -55 18.8829
  vertex -79.08 -55 19
 endloop
endfacet
facet normal -0.07613 0 0.997098
 outer loop
  vertex -79.08 -28.9196 19
  vertex -79.7612 -25.1543 18.9216
  vertex -79.08 -55 19
 endloop
endfacet
facet normal -0.502724 -0.640636 0.580391
 outer loop
  vertex -78.6119 -78.6119 18
  vertex -79.0061 -79.0061 17.0936
  vertex -75.6162 -80.6133 18
 endloop
endfacet
facet normal -0.445742 -0.756998 0.477774
 outer loop
  vertex -75.6162 -80.6133 18
  vertex -79.0061 -79.0061 17.0936
  vertex -75.8304 -81.1307 17.0874
 endloop
endfacet
facet normal -0.122296 -0.871348 0.475181
 outer loop
  vertex -72.0824 -81.3161 18
  vertex -75.8304 -81.1307 17.0874
  vertex -72.0824 -81.8829 17.0694
 endloop
endfacet
facet normal -0.219423 -0.784673 0.579778
 outer loop
  vertex -72.0824 -81.3161 18
  vertex -75.6162 -80.6133 18
  vertex -75.8304 -81.1307 17.0874
 endloop
endfacet
facet normal -0.590402 -0.763402 0.261998
 outer loop
  vertex -79.0061 -79.0061 17.0936
  vertex -79.1506 -79.1506 16.111
  vertex -75.8304 -81.1307 17.0874
 endloop
endfacet
facet normal -0.49633 -0.855271 0.148887
 outer loop
  vertex -75.8304 -81.1307 17.0874
  vertex -79.1506 -79.1506 16.111
  vertex -75.9078 -81.3175 16.1026
 endloop
endfacet
facet normal -0.131281 -0.980962 0.143102
 outer loop
  vertex -72.0824 -81.8829 17.0694
  vertex -75.9078 -81.3175 16.1026
  vertex -72.0824 -82.079 16.0785
 endloop
endfacet
facet normal -0.2534 -0.932257 0.258236
 outer loop
  vertex -72.0824 -81.8829 17.0694
  vertex -75.8304 -81.1307 17.0874
  vertex -75.9078 -81.3175 16.1026
 endloop
endfacet
facet normal 0 -0.836584 0.547839
 outer loop
  vertex 72.0824 -81.8829 17.0694
  vertex 72.0824 -81.3161 18
  vertex -0.0546374 -81.4789 17.8014
 endloop
endfacet
facet normal 0 -0.836584 0.547839
 outer loop
  vertex -72.0824 -81.8829 17.0694
  vertex -0.0546374 -81.4789 17.8014
  vertex -72.0824 -81.3161 18
 endloop
endfacet
facet normal 0 -0.897203 0.441618
 outer loop
  vertex -72.0824 -81.8829 17.0694
  vertex 72.0824 -81.8829 17.0694
  vertex -0.0546374 -81.4789 17.8014
 endloop
endfacet
facet normal 0 -0.968369 0.249522
 outer loop
  vertex -72.0824 -81.8829 17.0694
  vertex 56.3201 -82.079 16.0785
  vertex 72.0824 -81.8829 17.0694
 endloop
endfacet
facet normal 0 -0.99043 0.138017
 outer loop
  vertex -72.0824 -81.8829 17.0694
  vertex -72.0824 -82.079 16.0785
  vertex 56.3201 -82.079 16.0785
 endloop
endfacet
facet normal 0 -0.160537 0.98703
 outer loop
  vertex 55 -79.08 19
  vertex 25.6149 -79.6847 18.9384
  vertex 55 -79.9101 18.8829
 endloop
endfacet
facet normal 0 -0.067493 0.99772
 outer loop
  vertex 55 -79.08 19
  vertex 28.9196 -79.08 19
  vertex 25.6149 -79.6847 18.9384
 endloop
endfacet
facet normal 0 -0.396995 0.917821
 outer loop
  vertex 55 -79.9101 18.8829
  vertex 22.1707 -80.2036 18.7816
  vertex 55 -80.6754 18.5406
 endloop
endfacet
facet normal 0 -0.285044 0.958515
 outer loop
  vertex 55 -79.9101 18.8829
  vertex 25.6149 -79.6847 18.9384
  vertex 22.1707 -80.2036 18.7816
 endloop
endfacet
facet normal 0 -0.514987 0.857198
 outer loop
  vertex 22.1707 -80.2036 18.7816
  vertex 14.8642 -80.9621 18.3362
  vertex 55 -80.6754 18.5406
 endloop
endfacet
facet normal 0 -0.639051 0.769164
 outer loop
  vertex 55 -80.6754 18.5406
  vertex 14.8642 -80.9621 18.3362
  vertex 55 -81.3161 18
 endloop
endfacet
facet normal 0 -0.713734 0.700417
 outer loop
  vertex 55 -81.3161 18
  vertex 14.8642 -80.9621 18.3362
  vertex 7.34184 -81.3633 17.9459
 endloop
endfacet
facet normal 0 -0.769206 0.639001
 outer loop
  vertex -0.0546374 -81.4789 17.8014
  vertex 55 -81.3161 18
  vertex 7.34184 -81.3633 17.9459
 endloop
endfacet
facet normal 0 -0.764076 0.645126
 outer loop
  vertex -0.0546374 -81.4789 17.8014
  vertex 72.0824 -81.3161 18
  vertex 55 -81.3161 18
 endloop
endfacet
facet normal 0 -0.764076 0.645126
 outer loop
  vertex -72.0824 -81.3161 18
  vertex -0.0546374 -81.4789 17.8014
  vertex -55 -81.3161 18
 endloop
endfacet
facet normal 0 -0.768911 0.639355
 outer loop
  vertex -55 -81.3161 18
  vertex -0.0546374 -81.4789 17.8014
  vertex -7.42463 -81.3606 17.949
 endloop
endfacet
facet normal 0 -0.71297 0.701195
 outer loop
  vertex -14.9218 -80.9576 18.3398
  vertex -55 -81.3161 18
  vertex -7.42463 -81.3606 17.949
 endloop
endfacet
facet normal 0 -0.638562 0.769571
 outer loop
  vertex -14.9218 -80.9576 18.3398
  vertex -55 -80.6754 18.5406
  vertex -55 -81.3161 18
 endloop
endfacet
facet normal 0 -0.514059 0.857755
 outer loop
  vertex -14.9218 -80.9576 18.3398
  vertex -22.1985 -80.1998 18.7832
  vertex -55 -80.6754 18.5406
 endloop
endfacet
facet normal 0 -0.396576 0.918002
 outer loop
  vertex -55 -80.6754 18.5406
  vertex -22.1985 -80.1998 18.7832
  vertex -55 -79.9101 18.8829
 endloop
endfacet
facet normal 0 -0.28436 0.958718
 outer loop
  vertex -55 -79.9101 18.8829
  vertex -22.1985 -80.1998 18.7832
  vertex -25.6285 -79.6824 18.9389
 endloop
endfacet
facet normal 0 -0.0672344 0.997737
 outer loop
  vertex -55 -79.08 19
  vertex -25.6285 -79.6824 18.9389
  vertex -28.9196 -79.08 19
 endloop
endfacet
facet normal 0 -0.160278 0.987072
 outer loop
  vertex -55 -79.08 19
  vertex -55 -79.9101 18.8829
  vertex -25.6285 -79.6824 18.9389
 endloop
endfacet
facet normal 0 -0.99043 0.138017
 outer loop
  vertex 56.3201 -82.079 16.0785
  vertex 72.0824 -82.079 16.0785
  vertex 72.0824 -81.8829 17.0694
 endloop
endfacet
facet normal 0.640636 -0.502724 0.580391
 outer loop
  vertex 78.6119 -78.6119 18
  vertex 79.0061 -79.0061 17.0936
  vertex 80.6133 -75.6162 18
 endloop
endfacet
facet normal 0.756998 -0.445742 0.477774
 outer loop
  vertex 80.6133 -75.6162 18
  vertex 79.0061 -79.0061 17.0936
  vertex 81.1307 -75.8304 17.0874
 endloop
endfacet
facet normal 0.871348 -0.122296 0.475181
 outer loop
  vertex 81.3161 -72.0824 18
  vertex 81.1307 -75.8304 17.0874
  vertex 81.8829 -72.0824 17.0694
 endloop
endfacet
facet normal 0.784673 -0.219423 0.579778
 outer loop
  vertex 81.3161 -72.0824 18
  vertex 80.6133 -75.6162 18
  vertex 81.1307 -75.8304 17.0874
 endloop
endfacet
facet normal 0.763402 -0.590402 0.261998
 outer loop
  vertex 79.0061 -79.0061 17.0936
  vertex 79.1506 -79.1506 16.111
  vertex 81.1307 -75.8304 17.0874
 endloop
endfacet
facet normal 0.855271 -0.49633 0.148887
 outer loop
  vertex 81.1307 -75.8304 17.0874
  vertex 79.1506 -79.1506 16.111
  vertex 81.3175 -75.9078 16.1026
 endloop
endfacet
facet normal 0.980962 -0.131281 0.143102
 outer loop
  vertex 81.8829 -72.0824 17.0694
  vertex 81.3175 -75.9078 16.1026
  vertex 82.079 -72.0824 16.0785
 endloop
endfacet
facet normal 0.932257 -0.2534 0.258236
 outer loop
  vertex 81.8829 -72.0824 17.0694
  vertex 81.1307 -75.8304 17.0874
  vertex 81.3175 -75.9078 16.1026
 endloop
endfacet
facet normal 0.0737467 0 0.997277
 outer loop
  vertex 79.08 -28.9196 19
  vertex 79.08 -55 19
  vertex 79.7401 -25.2765 18.9266
 endloop
endfacet
facet normal 0.166791 0 0.985992
 outer loop
  vertex 79.7401 -25.2765 18.9266
  vertex 79.08 -55 19
  vertex 79.9101 -55 18.8829
 endloop
endfacet
facet normal 0.406729 1.13932E-17 0.913549
 outer loop
  vertex 80.2912 -21.4855 18.7447
  vertex 79.9101 -55 18.8829
  vertex 80.6754 -55 18.5406
 endloop
endfacet
facet normal 0.642711 2.10345E-17 0.766109
 outer loop
  vertex 80.9949 -21.5007 18.309
  vertex 80.6754 -55 18.5406
  vertex 81.3161 -55 18
 endloop
endfacet
facet normal 0.846357 4.46916E-17 0.532616
 outer loop
  vertex 81.572 -21.5231 17.67
  vertex 81.3161 -55 18
  vertex 81.8829 -72.0824 17.0694
 endloop
endfacet
facet normal 0.97335 2.83319E-17 0.229326
 outer loop
  vertex 81.9437 -21.5502 16.8938
  vertex 81.8829 -72.0824 17.0694
  vertex 82.079 -72.0824 16.0785
 endloop
endfacet
facet normal 0.993042 2.82657E-17 0.117759
 outer loop
  vertex 82.079 -21.5786 16.0785
  vertex 81.9437 -21.5502 16.8938
  vertex 82.079 -72.0824 16.0785
 endloop
endfacet
facet normal 0.820459 2.121E-17 0.571705
 outer loop
  vertex 81.3161 -55 18
  vertex 81.3161 -72.0824 18
  vertex 81.8829 -72.0824 17.0694
 endloop
endfacet
facet normal 0.913519 2.34694E-17 0.406796
 outer loop
  vertex 81.9437 -21.5502 16.8938
  vertex 81.572 -21.5231 17.67
  vertex 81.8829 -72.0824 17.0694
 endloop
endfacet
facet normal 0.743279 4.44941E-17 0.668981
 outer loop
  vertex 81.572 -21.5231 17.67
  vertex 80.9949 -21.5007 18.309
  vertex 81.3161 -55 18
 endloop
endfacet
facet normal 0.527992 1.13913E-17 0.849249
 outer loop
  vertex 80.9949 -21.5007 18.309
  vertex 80.2912 -21.4855 18.7447
  vertex 80.6754 -55 18.5406
 endloop
endfacet
facet normal 0.30114 1.1356E-17 0.95358
 outer loop
  vertex 80.2912 -21.4855 18.7447
  vertex 79.7401 -25.2765 18.9266
  vertex 79.9101 -55 18.8829
 endloop
endfacet
facet normal 0.0472803 -0.99001 0.132836
 outer loop
  vertex 80.6978 -20.4859 19.6321
  vertex 80.5523 -20.5624 19.3051
  vertex 81.6345 -20.5011 19.0519
 endloop
endfacet
facet normal 0.150284 -0.96789 0.201502
 outer loop
  vertex 81.6345 -20.5011 19.0519
  vertex 80.5523 -20.5624 19.3051
  vertex 82.0997 -20.5977 17.999
 endloop
endfacet
facet normal 0.102709 -0.990189 0.0947432
 outer loop
  vertex 82.4031 -20.5234 18.2003
  vertex 82.0997 -20.5977 17.999
  vertex 82.8984 -20.5505 17.1655
 endloop
endfacet
facet normal 0.102709 -0.990189 0.0947432
 outer loop
  vertex 82.4031 -20.5234 18.2003
  vertex 81.6345 -20.5011 19.0519
  vertex 82.0997 -20.5977 17.999
 endloop
endfacet
facet normal 0.304905 -0.871921 0.383127
 outer loop
  vertex 82.0997 -20.5977 17.999
  vertex 80.5523 -20.5624 19.3051
  vertex 81.2019 -20.8013 18.5089
 endloop
endfacet
facet normal 0.52727 -0.65367 0.542864
 outer loop
  vertex 81.8199 -20.8213 17.8173
  vertex 81.2019 -20.8013 18.5089
  vertex 81.1184 -20.96 18.4135
 endloop
endfacet
facet normal 0.612968 -0.487877 0.621487
 outer loop
  vertex 81.712 -20.9803 17.7492
  vertex 81.1184 -20.96 18.4135
  vertex 81.0579 -21.1372 18.3461
 endloop
endfacet
facet normal 0.74901 -0.248874 0.614041
 outer loop
  vertex 81.6341 -21.158 17.7017
  vertex 81.0579 -21.1372 18.3461
  vertex 81.572 -21.5231 17.67
 endloop
endfacet
facet normal 0.910956 -0.125124 0.393068
 outer loop
  vertex 82.0077 -21.1832 16.9225
  vertex 81.572 -21.5231 17.67
  vertex 81.9437 -21.5502 16.8938
 endloop
endfacet
facet normal 0.984276 -0.125635 0.124162
 outer loop
  vertex 82.1494 -21.2108 16.0707
  vertex 81.9437 -21.5502 16.8938
  vertex 82.079 -21.5786 16.0785
 endloop
endfacet
facet normal 0.944041 -0.250588 0.214456
 outer loop
  vertex 82.1494 -21.2108 16.0707
  vertex 82.0077 -21.1832 16.9225
  vertex 81.9437 -21.5502 16.8938
 endloop
endfacet
facet normal 0.893592 -0.432036 0.12181
 outer loop
  vertex 82.1494 -21.2108 16.0707
  vertex 82.2422 -21.0317 16.0685
  vertex 82.0077 -21.1832 16.9225
 endloop
endfacet
facet normal 0.847626 -0.491307 0.200369
 outer loop
  vertex 82.0077 -21.1832 16.9225
  vertex 82.2422 -21.0317 16.0685
  vertex 82.0966 -21.0049 16.9462
 endloop
endfacet
facet normal 0.759905 -0.489453 0.427762
 outer loop
  vertex 81.6341 -21.158 17.7017
  vertex 82.0966 -21.0049 16.9462
  vertex 81.712 -20.9803 17.7492
 endloop
endfacet
facet normal 0.692773 -0.428854 0.579785
 outer loop
  vertex 81.0579 -21.1372 18.3461
  vertex 81.6341 -21.158 17.7017
  vertex 81.712 -20.9803 17.7492
 endloop
endfacet
facet normal 0.297715 -0.794263 0.529634
 outer loop
  vertex 80.5523 -20.5624 19.3051
  vertex 80.4152 -20.787 19.0009
  vertex 81.2019 -20.8013 18.5089
 endloop
endfacet
facet normal 0.359315 -0.652209 0.66747
 outer loop
  vertex 81.2019 -20.8013 18.5089
  vertex 80.4152 -20.787 19.0009
  vertex 80.365 -20.9378 18.8914
 endloop
endfacet
facet normal 0.418572 -0.486696 0.766762
 outer loop
  vertex 81.1184 -20.96 18.4135
  vertex 80.365 -20.9378 18.8914
  vertex 80.3269 -21.1088 18.8105
 endloop
endfacet
facet normal 0.549735 -0.248201 0.797614
 outer loop
  vertex 81.0579 -21.1372 18.3461
  vertex 80.3269 -21.1088 18.8105
  vertex 80.9949 -21.5007 18.309
 endloop
endfacet
facet normal 0.706437 -0.12434 0.696768
 outer loop
  vertex 81.572 -21.5231 17.67
  vertex 81.0579 -21.1372 18.3461
  vertex 80.9949 -21.5007 18.309
 endloop
endfacet
facet normal 0.485273 -0.124065 0.865516
 outer loop
  vertex 80.3269 -21.1088 18.8105
  vertex 80.2912 -21.4855 18.7447
  vertex 80.9949 -21.5007 18.309
 endloop
endfacet
facet normal 0.787446 -0.605617 0.114708
 outer loop
  vertex 82.2422 -21.0317 16.0685
  vertex 82.372 -20.872 16.0677
  vertex 82.0966 -21.0049 16.9462
 endloop
endfacet
facet normal 0.731083 -0.657975 0.180519
 outer loop
  vertex 82.0966 -21.0049 16.9462
  vertex 82.372 -20.872 16.0677
  vertex 82.2204 -20.8455 16.9814
 endloop
endfacet
facet normal 0.654595 -0.655646 0.376343
 outer loop
  vertex 81.712 -20.9803 17.7492
  vertex 82.2204 -20.8455 16.9814
  vertex 81.8199 -20.8213 17.8173
 endloop
endfacet
facet normal 0.608886 -0.601345 0.517341
 outer loop
  vertex 81.1184 -20.96 18.4135
  vertex 81.712 -20.9803 17.7492
  vertex 81.8199 -20.8213 17.8173
 endloop
endfacet
facet normal 0.594739 -0.797259 0.103265
 outer loop
  vertex 82.372 -20.872 16.0677
  vertex 82.7108 -20.6494 16.0707
  vertex 82.2204 -20.8455 16.9814
 endloop
endfacet
facet normal 0.457933 -0.872895 0.168379
 outer loop
  vertex 82.2204 -20.8455 16.9814
  vertex 82.7108 -20.6494 16.0707
  vertex 82.0997 -20.5977 17.999
 endloop
endfacet
facet normal 0.455292 -0.792546 0.405684
 outer loop
  vertex 81.8199 -20.8213 17.8173
  vertex 82.0997 -20.5977 17.999
  vertex 81.2019 -20.8013 18.5089
 endloop
endfacet
facet normal 0.530695 -0.794209 0.295964
 outer loop
  vertex 81.8199 -20.8213 17.8173
  vertex 82.2204 -20.8455 16.9814
  vertex 82.0997 -20.5977 17.999
 endloop
endfacet
facet normal 0.124567 -0.99178 0.0292326
 outer loop
  vertex 83.0786 -20.579 16.0785
  vertex 82.8984 -20.5505 17.1655
  vertex 82.7108 -20.6494 16.0707
 endloop
endfacet
facet normal 0.227818 -0.968797 0.0976259
 outer loop
  vertex 82.7108 -20.6494 16.0707
  vertex 82.8984 -20.5505 17.1655
  vertex 82.0997 -20.5977 17.999
 endloop
endfacet
facet normal 0.82546 -0.430342 0.365268
 outer loop
  vertex 82.0966 -21.0049 16.9462
  vertex 81.6341 -21.158 17.7017
  vertex 82.0077 -21.1832 16.9225
 endloop
endfacet
facet normal 0.847557 -0.249605 0.468343
 outer loop
  vertex 82.0077 -21.1832 16.9225
  vertex 81.6341 -21.158 17.7017
  vertex 81.572 -21.5231 17.67
 endloop
endfacet
facet normal 0.506244 -0.427683 0.748869
 outer loop
  vertex 80.3269 -21.1088 18.8105
  vertex 81.0579 -21.1372 18.3461
  vertex 81.1184 -20.96 18.4135
 endloop
endfacet
facet normal 0.444201 -0.599778 0.665547
 outer loop
  vertex 81.1184 -20.96 18.4135
  vertex 81.2019 -20.8013 18.5089
  vertex 80.365 -20.9378 18.8914
 endloop
endfacet
facet normal 0.726484 -0.603341 0.32894
 outer loop
  vertex 82.0966 -21.0049 16.9462
  vertex 82.2204 -20.8455 16.9814
  vertex 81.712 -20.9803 17.7492
 endloop
endfacet
facet normal 0.101476 -0.994416 0.0289807
 outer loop
  vertex 77.2475 -20.36 24.4396
  vertex 76.9379 -20.4099 24.4319
  vertex 77.538 -20.4002 22.9058
 endloop
endfacet
facet normal 0.189294 -0.977436 0.0937394
 outer loop
  vertex 77.538 -20.4002 22.9058
  vertex 76.9379 -20.4099 24.4319
  vertex 78.0201 -20.4949 21.3377
 endloop
endfacet
facet normal 0.137373 -0.969437 0.203273
 outer loop
  vertex 78.2792 -20.4362 21.5291
  vertex 78.0201 -20.4949 21.3377
  vertex 80.5523 -20.5624 19.3051
 endloop
endfacet
facet normal 0.0496367 -0.989128 0.138428
 outer loop
  vertex 80.6978 -20.4859 19.6321
  vertex 78.2792 -20.4362 21.5291
  vertex 80.5523 -20.5624 19.3051
 endloop
endfacet
facet normal 0.383766 -0.909194 0.161524
 outer loop
  vertex 78.0201 -20.4949 21.3377
  vertex 76.9379 -20.4099 24.4319
  vertex 76.966 -20.6111 22.7067
 endloop
endfacet
facet normal 0.630552 -0.711475 0.310175
 outer loop
  vertex 77.7761 -20.6671 21.1605
  vertex 76.966 -20.6111 22.7067
  vertex 76.7518 -20.8572 22.6365
 endloop
endfacet
facet normal 0.768316 -0.423738 0.479725
 outer loop
  vertex 77.5928 -20.932 21.0309
  vertex 76.7518 -20.8572 22.6365
  vertex 77.4741 -21.2359 20.9959
 endloop
endfacet
facet normal 0.734026 -0.29015 0.614019
 outer loop
  vertex 78.09 -21.2948 20.2645
  vertex 77.5928 -20.932 21.0309
  vertex 77.4741 -21.2359 20.9959
 endloop
endfacet
facet normal 0.654226 -0.373381 0.657704
 outer loop
  vertex 78.09 -21.2948 20.2645
  vertex 78.8335 -21.0238 19.7271
  vertex 77.5928 -20.932 21.0309
 endloop
endfacet
facet normal 0.624384 -0.238042 0.743963
 outer loop
  vertex 78.09 -21.2948 20.2645
  vertex 78.7562 -21.3552 19.6647
  vertex 78.8335 -21.0238 19.7271
 endloop
endfacet
facet normal 0.563271 -0.205838 0.800223
 outer loop
  vertex 78.8335 -21.0238 19.7271
  vertex 78.7562 -21.3552 19.6647
  vertex 79.4692 -21.4172 19.1717
 endloop
endfacet
facet normal 0.435263 -0.147341 0.888165
 outer loop
  vertex 80.3269 -21.1088 18.8105
  vertex 79.4692 -21.4172 19.1717
  vertex 80.2912 -21.4855 18.7447
 endloop
endfacet
facet normal 0.484274 -0.297734 0.822699
 outer loop
  vertex 80.3269 -21.1088 18.8105
  vertex 78.8335 -21.0238 19.7271
  vertex 79.4692 -21.4172 19.1717
 endloop
endfacet
facet normal 0.418977 -0.459285 0.783272
 outer loop
  vertex 80.3269 -21.1088 18.8105
  vertex 80.365 -20.9378 18.8914
  vertex 78.8335 -21.0238 19.7271
 endloop
endfacet
facet normal 0.433813 -0.585047 0.68522
 outer loop
  vertex 78.8335 -21.0238 19.7271
  vertex 80.365 -20.9378 18.8914
  vertex 78.9732 -20.7276 19.8997
 endloop
endfacet
facet normal 0.539889 -0.680991 0.494744
 outer loop
  vertex 77.5928 -20.932 21.0309
  vertex 78.9732 -20.7276 19.8997
  vertex 77.7761 -20.6671 21.1605
 endloop
endfacet
facet normal 0.670819 -0.616349 0.412451
 outer loop
  vertex 76.7518 -20.8572 22.6365
  vertex 77.5928 -20.932 21.0309
  vertex 77.7761 -20.6671 21.1605
 endloop
endfacet
facet normal 0.500898 -0.859623 0.100742
 outer loop
  vertex 76.9379 -20.4099 24.4319
  vertex 76.6425 -20.5644 24.4274
  vertex 76.966 -20.6111 22.7067
 endloop
endfacet
facet normal 0.681436 -0.724665 0.102495
 outer loop
  vertex 76.966 -20.6111 22.7067
  vertex 76.6425 -20.5644 24.4274
  vertex 76.4204 -20.7998 24.4271
 endloop
endfacet
facet normal 0.859983 -0.458867 0.223316
 outer loop
  vertex 76.7518 -20.8572 22.6365
  vertex 76.4204 -20.7998 24.4271
  vertex 76.6099 -21.1441 22.6561
 endloop
endfacet
facet normal 0.879036 -0.354318 0.318989
 outer loop
  vertex 76.6208 -21.1454 22.6246
  vertex 76.7518 -20.8572 22.6365
  vertex 76.6099 -21.1441 22.6561
 endloop
endfacet
facet normal 0.845223 -0.338942 0.413177
 outer loop
  vertex 76.6208 -21.1454 22.6246
  vertex 77.4741 -21.2359 20.9959
  vertex 76.7518 -20.8572 22.6365
 endloop
endfacet
facet normal 0.921051 -0.365338 0.134881
 outer loop
  vertex 76.4204 -20.7998 24.4271
  vertex 76.2843 -21.0933 24.4308
  vertex 76.6099 -21.1441 22.6561
 endloop
endfacet
facet normal 0.34256 -0.667301 0.661333
 outer loop
  vertex 80.365 -20.9378 18.8914
  vertex 80.4152 -20.787 19.0009
  vertex 78.9732 -20.7276 19.8997
 endloop
endfacet
facet normal 0.282739 -0.800789 0.528011
 outer loop
  vertex 78.9732 -20.7276 19.8997
  vertex 80.4152 -20.787 19.0009
  vertex 80.5523 -20.5624 19.3051
 endloop
endfacet
facet normal 0.275123 -0.883613 0.378861
 outer loop
  vertex 78.0201 -20.4949 21.3377
  vertex 78.9732 -20.7276 19.8997
  vertex 80.5523 -20.5624 19.3051
 endloop
endfacet
facet normal 0.395883 -0.830645 0.391541
 outer loop
  vertex 78.0201 -20.4949 21.3377
  vertex 77.7761 -20.6671 21.1605
  vertex 78.9732 -20.7276 19.8997
 endloop
endfacet
facet normal 0.45169 -0.845891 0.283627
 outer loop
  vertex 78.0201 -20.4949 21.3377
  vertex 76.966 -20.6111 22.7067
  vertex 77.7761 -20.6671 21.1605
 endloop
endfacet
facet normal 0.0874234 -0.991998 0.0910926
 outer loop
  vertex 78.2792 -20.4362 21.5291
  vertex 77.538 -20.4002 22.9058
  vertex 78.0201 -20.4949 21.3377
 endloop
endfacet
facet normal 0.555141 -0.5715 0.604323
 outer loop
  vertex 78.8335 -21.0238 19.7271
  vertex 78.9732 -20.7276 19.8997
  vertex 77.5928 -20.932 21.0309
 endloop
endfacet
facet normal 0.74431 -0.64022 0.190054
 outer loop
  vertex 76.7518 -20.8572 22.6365
  vertex 76.966 -20.6111 22.7067
  vertex 76.4204 -20.7998 24.4271
 endloop
endfacet
facet normal 0.104796 -0.994069 0.0290687
 outer loop
  vertex 77.2475 -20.36 24.4396
  vertex 76.8212 -19.9753 39.1309
  vertex 76.9379 -20.4099 24.4319
 endloop
endfacet
facet normal 0.209824 -0.977226 0.0316786
 outer loop
  vertex 76.9379 -20.4099 24.4319
  vertex 76.8212 -19.9753 39.1309
  vertex 76.5096 -20.0254 39.1231
 endloop
endfacet
facet normal 0.514018 -0.856965 0.0373603
 outer loop
  vertex 76.6425 -20.5644 24.4274
  vertex 76.5096 -20.0254 39.1231
  vertex 76.2149 -20.1807 39.1186
 endloop
endfacet
facet normal 0.76506 -0.642774 0.0390397
 outer loop
  vertex 76.4204 -20.7998 24.4271
  vertex 76.2149 -20.1807 39.1186
  vertex 75.9874 -20.4242 39.1184
 endloop
endfacet
facet normal 0.930631 -0.364128 0.0365501
 outer loop
  vertex 76.2843 -21.0933 24.4308
  vertex 75.9874 -20.4242 39.1184
  vertex 75.8571 -20.7117 39.1222
 endloop
endfacet
facet normal 0.884847 -0.464344 0.037828
 outer loop
  vertex 76.2843 -21.0933 24.4308
  vertex 76.4204 -20.7998 24.4271
  vertex 75.9874 -20.4242 39.1184
 endloop
endfacet
facet normal 0.687641 -0.725006 0.038932
 outer loop
  vertex 76.4204 -20.7998 24.4271
  vertex 76.6425 -20.5644 24.4274
  vertex 76.2149 -20.1807 39.1186
 endloop
endfacet
facet normal 0.414285 -0.909442 0.0358311
 outer loop
  vertex 76.6425 -20.5644 24.4274
  vertex 76.9379 -20.4099 24.4319
  vertex 76.5096 -20.0254 39.1231
 endloop
endfacet
facet normal 0 -0.996284 0.0861241
 outer loop
  vertex 85.7757 -19.9753 39.1309
  vertex 85.7569 -19.8708 40.0254
  vertex 76.8212 -19.9753 39.1309
 endloop
endfacet
facet normal 0 -0.976545 0.215315
 outer loop
  vertex 76.8212 -19.9753 39.1309
  vertex 85.7569 -19.8708 40.0254
  vertex 76.8777 -19.5455 41.032
 endloop
endfacet
facet normal 0 -0.942449 0.334351
 outer loop
  vertex 76.8777 -19.5455 41.032
  vertex 85.7569 -19.8708 40.0254
  vertex 85.7379 -19.5874 40.9351
 endloop
endfacet
facet normal 0 -0.901181 0.433442
 outer loop
  vertex 85.7255 -19.2934 41.5237
  vertex 76.8777 -19.5455 41.032
  vertex 85.7379 -19.5874 40.9351
 endloop
endfacet
facet normal 0 -0.870529 0.492117
 outer loop
  vertex 85.7255 -19.2934 41.5237
  vertex 85.7196 -19.1153 41.8063
  vertex 76.8777 -19.5455 41.032
 endloop
endfacet
facet normal 0 -0.821507 0.570199
 outer loop
  vertex 76.8777 -19.5455 41.032
  vertex 85.7196 -19.1153 41.8063
  vertex 77.1509 -18.4389 42.6077
 endloop
endfacet
facet normal 0 -0.74278 0.669535
 outer loop
  vertex 77.1509 -18.4389 42.6077
  vertex 85.7196 -19.1153 41.8063
  vertex 85.7034 -18.466 42.5815
 endloop
endfacet
facet normal 0 -0.646022 0.763319
 outer loop
  vertex 85.6902 -17.674 43.2103
  vertex 77.1509 -18.4389 42.6077
  vertex 85.7034 -18.466 42.5815
 endloop
endfacet
facet normal 0 -0.59356 0.80479
 outer loop
  vertex 85.6902 -17.674 43.2103
  vertex 77.3441 -17.6845 43.2035
  vertex 77.1509 -18.4389 42.6077
 endloop
endfacet
facet normal 0 -0.521223 0.85342
 outer loop
  vertex 85.6902 -17.674 43.2103
  vertex 85.6866 -17.3869 43.3809
  vertex 77.3441 -17.6845 43.2035
 endloop
endfacet
facet normal 0 -0.466742 0.884394
 outer loop
  vertex 77.3441 -17.6845 43.2035
  vertex 85.6866 -17.3869 43.3809
  vertex 77.5574 -16.8391 43.6403
 endloop
endfacet
facet normal 0 -0.406436 0.913679
 outer loop
  vertex 77.5574 -16.8391 43.6403
  vertex 85.6866 -17.3869 43.3809
  vertex 85.6808 -16.7907 43.6595
 endloop
endfacet
facet normal 0 -0.244803 0.969573
 outer loop
  vertex 77.7814 -15.9243 43.9094
  vertex 85.6808 -16.7907 43.6595
  vertex 85.6754 -15.874 43.9189
 endloop
endfacet
facet normal 0 -0.0600149 0.998197
 outer loop
  vertex 78.0044 -14.977 44
  vertex 85.6754 -15.874 43.9189
  vertex 85.6737 -14.977 44
 endloop
endfacet
facet normal 0 -0.123422 0.992354
 outer loop
  vertex 78.0044 -14.977 44
  vertex 77.7814 -15.9243 43.9094
  vertex 85.6754 -15.874 43.9189
 endloop
endfacet
facet normal 0 -0.309393 0.950934
 outer loop
  vertex 77.7814 -15.9243 43.9094
  vertex 77.5574 -16.8391 43.6403
  vertex 85.6808 -16.7907 43.6595
 endloop
endfacet
facet normal 0.988874 -1.21464E-05 0.148753
 outer loop
  vertex 86.6733 -14.977 43.0262
  vertex 86.5957 -14.977 43.387
  vertex 86.6803 -16.4139 42.7592
 endloop
endfacet
facet normal 0.96388 -0.0463731 0.262267
 outer loop
  vertex 86.6803 -16.4139 42.7592
  vertex 86.5957 -14.977 43.387
  vertex 86.604 -16.6204 43.0661
 endloop
endfacet
facet normal 0.964661 -0.132522 0.227743
 outer loop
  vertex 86.703 -17.7682 41.8914
  vertex 86.604 -16.6204 43.0661
  vertex 86.6275 -18.0224 42.1504
 endloop
endfacet
facet normal 0.868691 -0.367226 0.332448
 outer loop
  vertex 86.6629 -18.9771 40.7739
  vertex 86.6275 -18.0224 42.1504
  vertex 86.4037 -18.257 42.3854
 endloop
endfacet
facet normal 0.604558 -0.6476 0.463814
 outer loop
  vertex 86.4396 -19.2863 40.9033
  vertex 86.4037 -18.257 42.3854
  vertex 86.0838 -19.0269 41.8125
 endloop
endfacet
facet normal 0.306108 -0.811821 0.497236
 outer loop
  vertex 86.1023 -19.4909 40.984
  vertex 86.0838 -19.0269 41.8125
  vertex 85.8993 -19.0724 41.8392
 endloop
endfacet
facet normal 0.121267 -0.860109 0.495487
 outer loop
  vertex 85.9173 -19.5411 41.0011
  vertex 85.8993 -19.0724 41.8392
  vertex 85.7255 -19.2934 41.5237
 endloop
endfacet
facet normal 0.0606246 -0.895719 0.440469
 outer loop
  vertex 85.7379 -19.5874 40.9351
  vertex 85.9173 -19.5411 41.0011
  vertex 85.7255 -19.2934 41.5237
 endloop
endfacet
facet normal 0.121669 -0.931899 0.341702
 outer loop
  vertex 85.7379 -19.5874 40.9351
  vertex 85.937 -19.8398 40.0884
  vertex 85.9173 -19.5411 41.0011
 endloop
endfacet
facet normal 0.0609161 -0.957754 0.281064
 outer loop
  vertex 85.7379 -19.5874 40.9351
  vertex 85.7569 -19.8708 40.0254
  vertex 85.937 -19.8398 40.0884
 endloop
endfacet
facet normal 0.121991 -0.980087 0.156678
 outer loop
  vertex 85.937 -19.8398 40.0884
  vertex 85.7569 -19.8708 40.0254
  vertex 85.9574 -19.9585 39.1352
 endloop
endfacet
facet normal 0.245627 -0.964693 0.0950559
 outer loop
  vertex 86.1435 -19.9049 39.1387
  vertex 85.937 -19.8398 40.0884
  vertex 85.9574 -19.9585 39.1352
 endloop
endfacet
facet normal 0.307706 -0.938633 0.155837
 outer loop
  vertex 86.1435 -19.9049 39.1387
  vertex 86.1224 -19.7869 40.0815
  vertex 85.937 -19.8398 40.0884
 endloop
endfacet
facet normal 0.49095 -0.865858 0.0962198
 outer loop
  vertex 86.1435 -19.9049 39.1387
  vertex 86.4823 -19.6823 39.1417
  vertex 86.1224 -19.7869 40.0815
 endloop
endfacet
facet normal 0.607525 -0.771812 0.18767
 outer loop
  vertex 86.1224 -19.7869 40.0815
  vertex 86.4823 -19.6823 39.1417
  vertex 86.4396 -19.2863 40.9033
 endloop
endfacet
facet normal 0.488354 -0.767833 0.414659
 outer loop
  vertex 86.1023 -19.4909 40.984
  vertex 86.4396 -19.2863 40.9033
  vertex 86.0838 -19.0269 41.8125
 endloop
endfacet
facet normal 0.489147 -0.817452 0.30415
 outer loop
  vertex 86.1023 -19.4909 40.984
  vertex 86.1224 -19.7869 40.0815
  vertex 86.4396 -19.2863 40.9033
 endloop
endfacet
facet normal 0.306879 -0.891679 0.332767
 outer loop
  vertex 86.1023 -19.4909 40.984
  vertex 85.9173 -19.5411 41.0011
  vertex 86.1224 -19.7869 40.0815
 endloop
endfacet
facet normal 0.244333 -0.858469 0.450924
 outer loop
  vertex 86.1023 -19.4909 40.984
  vertex 85.8993 -19.0724 41.8392
  vertex 85.9173 -19.5411 41.0011
 endloop
endfacet
facet normal 0.865665 -0.0465802 0.498453
 outer loop
  vertex 86.5957 -14.977 43.387
  vertex 86.3715 -14.977 43.7163
  vertex 86.604 -16.6204 43.0661
 endloop
endfacet
facet normal 0.791952 -0.136595 0.595108
 outer loop
  vertex 86.604 -16.6204 43.0661
  vertex 86.3715 -14.977 43.7163
  vertex 86.3798 -16.7467 43.371
 endloop
endfacet
facet normal 0.793409 -0.343681 0.502379
 outer loop
  vertex 86.6275 -18.0224 42.1504
  vertex 86.3798 -16.7467 43.371
  vertex 86.4037 -18.257 42.3854
 endloop
endfacet
facet normal 0.866616 -0.222741 0.446501
 outer loop
  vertex 86.6275 -18.0224 42.1504
  vertex 86.604 -16.6204 43.0661
  vertex 86.3798 -16.7467 43.371
 endloop
endfacet
facet normal 0.601131 -0.15042 0.784867
 outer loop
  vertex 86.3798 -16.7467 43.371
  vertex 86.3715 -14.977 43.7163
  vertex 86.0385 -15.9216 43.8403
 endloop
endfacet
facet normal 0.304125 -0.239338 0.922077
 outer loop
  vertex 86.0445 -16.8312 43.5699
  vertex 86.0385 -15.9216 43.8403
  vertex 85.8551 -15.9324 43.8911
 endloop
endfacet
facet normal 0.120596 -0.313532 0.941889
 outer loop
  vertex 85.861 -16.8524 43.6174
  vertex 85.8551 -15.9324 43.8911
  vertex 85.6808 -16.7907 43.6595
 endloop
endfacet
facet normal 0.0601925 -0.415018 0.90782
 outer loop
  vertex 85.6866 -17.3869 43.3809
  vertex 85.861 -16.8524 43.6174
  vertex 85.6808 -16.7907 43.6595
 endloop
endfacet
facet normal 0.120609 -0.469138 0.87485
 outer loop
  vertex 85.6866 -17.3869 43.3809
  vertex 85.8706 -17.7027 43.1719
  vertex 85.861 -16.8524 43.6174
 endloop
endfacet
facet normal 0.0601822 -0.527615 0.847349
 outer loop
  vertex 85.6866 -17.3869 43.3809
  vertex 85.6902 -17.674 43.2103
  vertex 85.8706 -17.7027 43.1719
 endloop
endfacet
facet normal 0.0604053 -0.598494 0.798847
 outer loop
  vertex 85.8706 -17.7027 43.1719
  vertex 85.6902 -17.674 43.2103
  vertex 85.7034 -18.466 42.5815
 endloop
endfacet
facet normal 0.121105 -0.735043 0.667117
 outer loop
  vertex 85.8835 -18.4522 42.5721
  vertex 85.7034 -18.466 42.5815
  vertex 85.8993 -19.0724 41.8392
 endloop
endfacet
facet normal 0.243762 -0.756523 0.606838
 outer loop
  vertex 86.0838 -19.0269 41.8125
  vertex 85.8835 -18.4522 42.5721
  vertex 85.8993 -19.0724 41.8392
 endloop
endfacet
facet normal 0.305428 -0.702109 0.643239
 outer loop
  vertex 86.0838 -19.0269 41.8125
  vertex 86.0676 -18.4133 42.5369
  vertex 85.8835 -18.4522 42.5721
 endloop
endfacet
facet normal 0.486856 -0.645397 0.588586
 outer loop
  vertex 86.0838 -19.0269 41.8125
  vertex 86.4037 -18.257 42.3854
  vertex 86.0676 -18.4133 42.5369
 endloop
endfacet
facet normal 0.486259 -0.558236 0.672254
 outer loop
  vertex 86.0676 -18.4133 42.5369
  vertex 86.4037 -18.257 42.3854
  vertex 86.0543 -17.6719 43.1297
 endloop
endfacet
facet normal 0.242894 -0.47398 0.846372
 outer loop
  vertex 85.8706 -17.7027 43.1719
  vertex 86.0543 -17.6719 43.1297
  vertex 85.861 -16.8524 43.6174
 endloop
endfacet
facet normal 0.304857 -0.566656 0.765482
 outer loop
  vertex 85.8706 -17.7027 43.1719
  vertex 86.0676 -18.4133 42.5369
  vertex 86.0543 -17.6719 43.1297
 endloop
endfacet
facet normal 0.243285 -0.62675 0.740268
 outer loop
  vertex 85.8706 -17.7027 43.1719
  vertex 85.8835 -18.4522 42.5721
  vertex 86.0676 -18.4133 42.5369
 endloop
endfacet
facet normal 0.120897 -0.64435 0.755114
 outer loop
  vertex 85.8706 -17.7027 43.1719
  vertex 85.7034 -18.466 42.5815
  vertex 85.8835 -18.4522 42.5721
 endloop
endfacet
facet normal 0.484609 -0.0602706 0.872652
 outer loop
  vertex 86.3715 -14.977 43.7163
  vertex 86.0364 -14.977 43.9319
  vertex 86.0385 -15.9216 43.8403
 endloop
endfacet
facet normal 0.303987 -0.0594639 0.950819
 outer loop
  vertex 86.0385 -15.9216 43.8403
  vertex 86.0364 -14.977 43.9319
  vertex 85.853 -14.977 43.9838
 endloop
endfacet
facet normal 0.120536 -0.127567 0.984478
 outer loop
  vertex 85.8551 -15.9324 43.8911
  vertex 85.853 -14.977 43.9838
  vertex 85.6754 -15.874 43.9189
 endloop
endfacet
facet normal 0.0602838 -0.254104 0.965296
 outer loop
  vertex 85.6808 -16.7907 43.6595
  vertex 85.8551 -15.9324 43.8911
  vertex 85.6754 -15.874 43.9189
 endloop
endfacet
facet normal 0.0602678 -0.0644608 0.996099
 outer loop
  vertex 85.853 -14.977 43.9838
  vertex 85.6737 -14.977 44
  vertex 85.6754 -15.874 43.9189
 endloop
endfacet
facet normal 0.0606205 -0.781548 0.620892
 outer loop
  vertex 85.7034 -18.466 42.5815
  vertex 85.7196 -19.1153 41.8063
  vertex 85.8993 -19.0724 41.8392
 endloop
endfacet
facet normal 0.0604032 -0.832044 0.551411
 outer loop
  vertex 85.8993 -19.0724 41.8392
  vertex 85.7196 -19.1153 41.8063
  vertex 85.7255 -19.2934 41.5237
 endloop
endfacet
facet normal 0.0610838 -0.993874 0.092108
 outer loop
  vertex 85.7569 -19.8708 40.0254
  vertex 85.7757 -19.9753 39.1309
  vertex 85.9574 -19.9585 39.1352
 endloop
endfacet
facet normal 0.799302 -0.587384 0.126874
 outer loop
  vertex 86.4823 -19.6823 39.1417
  vertex 86.7049 -19.3435 39.1387
  vertex 86.4396 -19.2863 40.9033
 endloop
endfacet
facet normal 0.871607 -0.459011 0.172078
 outer loop
  vertex 86.4396 -19.2863 40.9033
  vertex 86.7049 -19.3435 39.1387
  vertex 86.6629 -18.9771 40.7739
 endloop
endfacet
facet normal 0.795976 -0.501714 0.338682
 outer loop
  vertex 86.4037 -18.257 42.3854
  vertex 86.4396 -19.2863 40.9033
  vertex 86.6629 -18.9771 40.7739
 endloop
endfacet
facet normal 0.991776 -0.124596 0.0292455
 outer loop
  vertex 86.7753 -18.9757 39.1309
  vertex 86.7379 -18.6714 40.5598
  vertex 86.7049 -19.3435 39.1387
 endloop
endfacet
facet normal 0.968003 -0.238396 0.0783464
 outer loop
  vertex 86.7049 -19.3435 39.1387
  vertex 86.7379 -18.6714 40.5598
  vertex 86.6629 -18.9771 40.7739
 endloop
endfacet
facet normal 0.99065 -0.11356 0.0756133
 outer loop
  vertex 86.6629 -18.9771 40.7739
  vertex 86.7379 -18.6714 40.5598
  vertex 86.703 -17.7682 41.8914
 endloop
endfacet
facet normal 0.966101 -0.199819 0.163465
 outer loop
  vertex 86.6275 -18.0224 42.1504
  vertex 86.6629 -18.9771 40.7739
  vertex 86.703 -17.7682 41.8914
 endloop
endfacet
facet normal 0.989091 -0.0463226 0.139836
 outer loop
  vertex 86.703 -17.7682 41.8914
  vertex 86.6803 -16.4139 42.7592
  vertex 86.604 -16.6204 43.0661
 endloop
endfacet
facet normal 0.602326 -0.4298 0.672663
 outer loop
  vertex 86.4037 -18.257 42.3854
  vertex 86.3798 -16.7467 43.371
  vertex 86.0543 -17.6719 43.1297
 endloop
endfacet
facet normal 0.485272 -0.380112 0.787417
 outer loop
  vertex 86.0543 -17.6719 43.1297
  vertex 86.3798 -16.7467 43.371
  vertex 86.0445 -16.8312 43.5699
 endloop
endfacet
facet normal 0.242626 -0.30385 0.921308
 outer loop
  vertex 85.861 -16.8524 43.6174
  vertex 86.0445 -16.8312 43.5699
  vertex 85.8551 -15.9324 43.8911
 endloop
endfacet
facet normal 0.304419 -0.410485 0.859553
 outer loop
  vertex 85.861 -16.8524 43.6174
  vertex 86.0543 -17.6719 43.1297
  vertex 86.0445 -16.8312 43.5699
 endloop
endfacet
facet normal 0.484953 -0.268207 0.832398
 outer loop
  vertex 86.0445 -16.8312 43.5699
  vertex 86.3798 -16.7467 43.371
  vertex 86.0385 -15.9216 43.8403
 endloop
endfacet
facet normal 0.242468 -0.122606 0.962381
 outer loop
  vertex 85.8551 -15.9324 43.8911
  vertex 86.0385 -15.9216 43.8403
  vertex 85.853 -14.977 43.9838
 endloop
endfacet
facet normal 0.244953 -0.928758 0.278222
 outer loop
  vertex 85.937 -19.8398 40.0884
  vertex 86.1224 -19.7869 40.0815
  vertex 85.9173 -19.5411 41.0011
 endloop
endfacet
facet normal 0.988878 0 0.148731
 outer loop
  vertex 86.6733 14.977 43.0262
  vertex 86.5957 14.977 43.387
  vertex 86.6733 -14.977 43.0262
 endloop
endfacet
facet normal 0.962613 0 0.270879
 outer loop
  vertex 86.6733 -14.977 43.0262
  vertex 86.5957 14.977 43.387
  vertex 86.5957 -14.977 43.387
 endloop
endfacet
facet normal 0.862658 0 0.505788
 outer loop
  vertex 86.5957 -14.977 43.387
  vertex 86.5957 14.977 43.387
  vertex 86.3715 14.977 43.7163
 endloop
endfacet
facet normal 0.596732 0 0.80244
 outer loop
  vertex 86.3715 -14.977 43.7163
  vertex 86.3715 14.977 43.7163
  vertex 86.0364 14.977 43.9319
 endloop
endfacet
facet normal 0.302839 0 0.953042
 outer loop
  vertex 86.0364 -14.977 43.9319
  vertex 86.0364 14.977 43.9319
  vertex 85.853 14.977 43.9838
 endloop
endfacet
facet normal 0.119977 0 0.992777
 outer loop
  vertex 85.853 -14.977 43.9838
  vertex 85.853 14.977 43.9838
  vertex 85.6737 -14.977 44
 endloop
endfacet
facet normal 0.241442 0 0.970415
 outer loop
  vertex 85.853 -14.977 43.9838
  vertex 86.0364 -14.977 43.9319
  vertex 85.853 14.977 43.9838
 endloop
endfacet
facet normal 0.0599887 0 0.998199
 outer loop
  vertex 85.853 14.977 43.9838
  vertex 85.6737 14.977 44
  vertex 85.6737 -14.977 44
 endloop
endfacet
facet normal 0.483033 0 0.875602
 outer loop
  vertex 86.0364 -14.977 43.9319
  vertex 86.3715 -14.977 43.7163
  vertex 86.0364 14.977 43.9319
 endloop
endfacet
facet normal 0.786545 0 0.617533
 outer loop
  vertex 86.3715 -14.977 43.7163
  vertex 86.5957 -14.977 43.387
  vertex 86.3715 14.977 43.7163
 endloop
endfacet
facet normal 0.0531707 0.990788 0.124549
 outer loop
  vertex 86.8442 17.2985 36.5
  vertex 86.8172 17.1031 37.5312
  vertex 87.5786 17.26 36.5
 endloop
endfacet
facet normal 0.0531707 0.967018 0.249098
 outer loop
  vertex 87.5786 17.26 36.5
  vertex 86.8172 17.1031 37.5312
  vertex 87.5519 17.0674 37.517
 endloop
endfacet
facet normal 0.0533173 0.87029 0.489645
 outer loop
  vertex 87.5519 17.0674 37.517
  vertex 86.8172 17.1031 37.5312
  vertex 86.7923 16.4802 38.4813
 endloop
endfacet
facet normal 0.0533165 0.604204 0.795044
 outer loop
  vertex 87.5274 16.453 38.4541
  vertex 86.7923 16.4802 38.4813
  vertex 86.776 15.5309 39.1056
 endloop
endfacet
facet normal 0.0531689 0.248832 0.967086
 outer loop
  vertex 87.5113 15.5167 39.0697
  vertex 86.776 15.5309 39.1056
  vertex 86.7708 14.5 39.3024
 endloop
endfacet
facet normal 0.0531689 0.124416 0.990805
 outer loop
  vertex 87.5062 14.5 39.2638
  vertex 87.5113 15.5167 39.0697
  vertex 86.7708 14.5 39.3024
 endloop
endfacet
facet normal 0.0533165 0.489244 0.870516
 outer loop
  vertex 87.5113 15.5167 39.0697
  vertex 87.5274 16.453 38.4541
  vertex 86.776 15.5309 39.1056
 endloop
endfacet
facet normal 0.0533173 0.794732 0.604614
 outer loop
  vertex 87.5274 16.453 38.4541
  vertex 87.5519 17.0674 37.517
  vertex 86.7923 16.4802 38.4813
 endloop
endfacet
facet normal 0.052336 1.19472E-16 0.99863
 outer loop
  vertex 87.5062 14.5 39.2638
  vertex 86.7708 14.5 39.3024
  vertex 87.5062 -14.5 39.2638
 endloop
endfacet
facet normal 0.052336 1.19472E-16 0.99863
 outer loop
  vertex 87.5062 -14.5 39.2638
  vertex 86.7708 14.5 39.3024
  vertex 86.7708 -14.5 39.3024
 endloop
endfacet
facet normal 0.0531689 -0.124416 0.990805
 outer loop
  vertex 86.7708 -14.5 39.3024
  vertex 86.776 -15.5309 39.1056
  vertex 87.5062 -14.5 39.2638
 endloop
endfacet
facet normal 0.0531689 -0.248832 0.967086
 outer loop
  vertex 87.5062 -14.5 39.2638
  vertex 86.776 -15.5309 39.1056
  vertex 87.5113 -15.5167 39.0697
 endloop
endfacet
facet normal 0.0533165 -0.489244 0.870516
 outer loop
  vertex 87.5113 -15.5167 39.0697
  vertex 86.776 -15.5309 39.1056
  vertex 86.7923 -16.4802 38.4813
 endloop
endfacet
facet normal 0.0533173 -0.794732 0.604614
 outer loop
  vertex 87.5274 -16.453 38.4541
  vertex 86.7923 -16.4802 38.4813
  vertex 86.8172 -17.1031 37.5312
 endloop
endfacet
facet normal 0.0531707 -0.967018 0.249098
 outer loop
  vertex 87.5519 -17.0674 37.517
  vertex 86.8172 -17.1031 37.5312
  vertex 86.8442 -17.2985 36.5
 endloop
endfacet
facet normal 0.0531707 -0.990788 0.124549
 outer loop
  vertex 87.5786 -17.26 36.5
  vertex 87.5519 -17.0674 37.517
  vertex 86.8442 -17.2985 36.5
 endloop
endfacet
facet normal 0.0533173 -0.87029 0.489645
 outer loop
  vertex 87.5519 -17.0674 37.517
  vertex 87.5274 -16.453 38.4541
  vertex 86.8172 -17.1031 37.5312
 endloop
endfacet
facet normal 0.0533165 -0.604204 0.795044
 outer loop
  vertex 87.5274 -16.453 38.4541
  vertex 87.5113 -15.5167 39.0697
  vertex 86.7923 -16.4802 38.4813
 endloop
endfacet
facet normal 0.052336 -0.99863 -1.28322E-16
 outer loop
  vertex 86.8442 -17.2985 36.5
  vertex 87.5512 -17.2615 9.5
  vertex 87.5786 -17.26 36.5
 endloop
endfacet
facet normal 0.052336 -0.99863 -1.28322E-16
 outer loop
  vertex 87.5786 -17.26 36.5
  vertex 87.5512 -17.2615 9.5
  vertex 88.2856 -17.223 9.5
 endloop
endfacet
facet normal 0.0531689 -0.990805 -0.124416
 outer loop
  vertex 87.5512 -17.2615 9.5
  vertex 87.5778 -17.0665 8.48455
  vertex 88.2856 -17.223 9.5
 endloop
endfacet
facet normal 0.0531689 -0.967086 -0.248832
 outer loop
  vertex 88.2856 -17.223 9.5
  vertex 87.5778 -17.0665 8.48455
  vertex 88.3118 -17.0307 8.4987
 endloop
endfacet
facet normal 0.0533165 -0.870516 -0.489244
 outer loop
  vertex 88.3118 -17.0307 8.4987
  vertex 87.5778 -17.0665 8.48455
  vertex 87.6023 -16.4513 7.54979
 endloop
endfacet
facet normal 0.0533173 -0.604614 -0.794732
 outer loop
  vertex 88.3359 -16.4241 7.57696
  vertex 87.6023 -16.4513 7.54979
  vertex 87.6184 -15.5157 6.93589
 endloop
endfacet
facet normal 0.0531707 -0.249097 -0.967018
 outer loop
  vertex 88.3518 -15.5016 6.97162
  vertex 87.6184 -15.5157 6.93589
  vertex 87.6234 -14.5 6.7423
 endloop
endfacet
facet normal 0.0531707 -0.124549 -0.990788
 outer loop
  vertex 88.3568 -14.5 6.78074
  vertex 88.3518 -15.5016 6.97162
  vertex 87.6234 -14.5 6.7423
 endloop
endfacet
facet normal 0.0533173 -0.489645 -0.87029
 outer loop
  vertex 88.3518 -15.5016 6.97162
  vertex 88.3359 -16.4241 7.57696
  vertex 87.6184 -15.5157 6.93589
 endloop
endfacet
facet normal 0.0533165 -0.795044 -0.604204
 outer loop
  vertex 88.3359 -16.4241 7.57696
  vertex 88.3118 -17.0307 8.4987
  vertex 87.6023 -16.4513 7.54979
 endloop
endfacet
facet normal 0.052336 0 -0.99863
 outer loop
  vertex 88.3568 -14.5 6.78074
  vertex 87.6234 -14.5 6.7423
  vertex 88.3568 14.5 6.78074
 endloop
endfacet
facet normal 0.052336 0 -0.99863
 outer loop
  vertex 88.3568 14.5 6.78074
  vertex 87.6234 -14.5 6.7423
  vertex 87.6234 14.5 6.7423
 endloop
endfacet
facet normal 0.0531707 0.124549 -0.990788
 outer loop
  vertex 87.6234 14.5 6.7423
  vertex 87.6184 15.5157 6.93589
  vertex 88.3568 14.5 6.78074
 endloop
endfacet
facet normal 0.0531707 0.249097 -0.967018
 outer loop
  vertex 88.3568 14.5 6.78074
  vertex 87.6184 15.5157 6.93589
  vertex 88.3518 15.5016 6.97162
 endloop
endfacet
facet normal 0.0533173 0.489645 -0.87029
 outer loop
  vertex 88.3518 15.5016 6.97162
  vertex 87.6184 15.5157 6.93589
  vertex 87.6023 16.4513 7.54979
 endloop
endfacet
facet normal 0.0533165 0.795044 -0.604204
 outer loop
  vertex 88.3359 16.4241 7.57696
  vertex 87.6023 16.4513 7.54979
  vertex 87.5778 17.0665 8.48455
 endloop
endfacet
facet normal 0.0531689 0.967086 -0.248832
 outer loop
  vertex 88.3118 17.0307 8.4987
  vertex 87.5778 17.0665 8.48455
  vertex 87.5512 17.2615 9.5
 endloop
endfacet
facet normal 0.0531689 0.990805 -0.124416
 outer loop
  vertex 88.2856 17.223 9.5
  vertex 88.3118 17.0307 8.4987
  vertex 87.5512 17.2615 9.5
 endloop
endfacet
facet normal 0.0533165 0.870516 -0.489244
 outer loop
  vertex 88.3118 17.0307 8.4987
  vertex 88.3359 16.4241 7.57696
  vertex 87.5778 17.0665 8.48455
 endloop
endfacet
facet normal 0.0533173 0.604614 -0.794732
 outer loop
  vertex 88.3359 16.4241 7.57696
  vertex 88.3518 15.5016 6.97162
  vertex 87.6023 16.4513 7.54979
 endloop
endfacet
facet normal 0.052336 0.99863 1.28322E-16
 outer loop
  vertex 88.2856 17.223 9.5
  vertex 87.5512 17.2615 9.5
  vertex 87.5786 17.26 36.5
 endloop
endfacet
facet normal 0.052336 0.99863 1.28322E-16
 outer loop
  vertex 87.5786 17.26 36.5
  vertex 87.5512 17.2615 9.5
  vertex 86.8442 17.2985 36.5
 endloop
endfacet
facet normal 0.991776 0.124596 0.0292455
 outer loop
  vertex 86.7753 18.9757 39.1309
  vertex 86.7049 19.3435 39.1387
  vertex 86.7379 18.6714 40.5598
 endloop
endfacet
facet normal 0.968003 0.238396 0.0783464
 outer loop
  vertex 86.7379 18.6714 40.5598
  vertex 86.7049 19.3435 39.1387
  vertex 86.6629 18.9771 40.7739
 endloop
endfacet
facet normal 0.966101 0.199819 0.163465
 outer loop
  vertex 86.703 17.7682 41.8914
  vertex 86.6629 18.9771 40.7739
  vertex 86.6275 18.0224 42.1504
 endloop
endfacet
facet normal 0.866616 0.222741 0.446501
 outer loop
  vertex 86.604 16.6204 43.0661
  vertex 86.6275 18.0224 42.1504
  vertex 86.3798 16.7467 43.371
 endloop
endfacet
facet normal 0.601131 0.15042 0.784867
 outer loop
  vertex 86.3715 14.977 43.7163
  vertex 86.3798 16.7467 43.371
  vertex 86.0385 15.9216 43.8403
 endloop
endfacet
facet normal 0.303987 0.0594639 0.950819
 outer loop
  vertex 86.0364 14.977 43.9319
  vertex 86.0385 15.9216 43.8403
  vertex 85.853 14.977 43.9838
 endloop
endfacet
facet normal 0.484609 0.0602706 0.872652
 outer loop
  vertex 86.0364 14.977 43.9319
  vertex 86.3715 14.977 43.7163
  vertex 86.0385 15.9216 43.8403
 endloop
endfacet
facet normal 0.871607 0.459011 0.172078
 outer loop
  vertex 86.6629 18.9771 40.7739
  vertex 86.7049 19.3435 39.1387
  vertex 86.4396 19.2863 40.9033
 endloop
endfacet
facet normal 0.604558 0.6476 0.463814
 outer loop
  vertex 86.4037 18.257 42.3854
  vertex 86.4396 19.2863 40.9033
  vertex 86.0838 19.0269 41.8125
 endloop
endfacet
facet normal 0.305428 0.702109 0.643239
 outer loop
  vertex 86.0676 18.4133 42.5369
  vertex 86.0838 19.0269 41.8125
  vertex 85.8835 18.4522 42.5721
 endloop
endfacet
facet normal 0.120897 0.64435 0.755114
 outer loop
  vertex 85.8706 17.7027 43.1719
  vertex 85.8835 18.4522 42.5721
  vertex 85.7034 18.466 42.5815
 endloop
endfacet
facet normal 0.0604053 0.598494 0.798847
 outer loop
  vertex 85.6902 17.674 43.2103
  vertex 85.8706 17.7027 43.1719
  vertex 85.7034 18.466 42.5815
 endloop
endfacet
facet normal 0.0601822 0.527615 0.847349
 outer loop
  vertex 85.6902 17.674 43.2103
  vertex 85.6866 17.3869 43.3809
  vertex 85.8706 17.7027 43.1719
 endloop
endfacet
facet normal 0.120609 0.469138 0.87485
 outer loop
  vertex 85.8706 17.7027 43.1719
  vertex 85.6866 17.3869 43.3809
  vertex 85.861 16.8524 43.6174
 endloop
endfacet
facet normal 0.304419 0.410485 0.859553
 outer loop
  vertex 86.0543 17.6719 43.1297
  vertex 85.861 16.8524 43.6174
  vertex 86.0445 16.8312 43.5699
 endloop
endfacet
facet normal 0.484953 0.268207 0.832398
 outer loop
  vertex 86.3798 16.7467 43.371
  vertex 86.0445 16.8312 43.5699
  vertex 86.0385 15.9216 43.8403
 endloop
endfacet
facet normal 0.485272 0.380112 0.787417
 outer loop
  vertex 86.3798 16.7467 43.371
  vertex 86.0543 17.6719 43.1297
  vertex 86.0445 16.8312 43.5699
 endloop
endfacet
facet normal 0.602326 0.4298 0.672663
 outer loop
  vertex 86.3798 16.7467 43.371
  vertex 86.4037 18.257 42.3854
  vertex 86.0543 17.6719 43.1297
 endloop
endfacet
facet normal 0.793409 0.343681 0.502379
 outer loop
  vertex 86.3798 16.7467 43.371
  vertex 86.6275 18.0224 42.1504
  vertex 86.4037 18.257 42.3854
 endloop
endfacet
facet normal 0.868691 0.367226 0.332448
 outer loop
  vertex 86.4037 18.257 42.3854
  vertex 86.6275 18.0224 42.1504
  vertex 86.6629 18.9771 40.7739
 endloop
endfacet
facet normal 0.795976 0.501714 0.338682
 outer loop
  vertex 86.4396 19.2863 40.9033
  vertex 86.4037 18.257 42.3854
  vertex 86.6629 18.9771 40.7739
 endloop
endfacet
facet normal 0.0610838 0.993874 0.092108
 outer loop
  vertex 85.7757 19.9753 39.1309
  vertex 85.7569 19.8708 40.0254
  vertex 85.9574 19.9585 39.1352
 endloop
endfacet
facet normal 0.121991 0.980087 0.156678
 outer loop
  vertex 85.9574 19.9585 39.1352
  vertex 85.7569 19.8708 40.0254
  vertex 85.937 19.8398 40.0884
 endloop
endfacet
facet normal 0.307706 0.938633 0.155837
 outer loop
  vertex 86.1435 19.9049 39.1387
  vertex 85.937 19.8398 40.0884
  vertex 86.1224 19.7869 40.0815
 endloop
endfacet
facet normal 0.607525 0.771812 0.18767
 outer loop
  vertex 86.4823 19.6823 39.1417
  vertex 86.1224 19.7869 40.0815
  vertex 86.4396 19.2863 40.9033
 endloop
endfacet
facet normal 0.799302 0.587384 0.126874
 outer loop
  vertex 86.7049 19.3435 39.1387
  vertex 86.4823 19.6823 39.1417
  vertex 86.4396 19.2863 40.9033
 endloop
endfacet
facet normal 0.245627 0.964693 0.0950559
 outer loop
  vertex 86.1435 19.9049 39.1387
  vertex 85.9574 19.9585 39.1352
  vertex 85.937 19.8398 40.0884
 endloop
endfacet
facet normal 0.0609161 0.957754 0.281064
 outer loop
  vertex 85.7569 19.8708 40.0254
  vertex 85.7379 19.5874 40.9351
  vertex 85.937 19.8398 40.0884
 endloop
endfacet
facet normal 0.121669 0.931899 0.341702
 outer loop
  vertex 85.937 19.8398 40.0884
  vertex 85.7379 19.5874 40.9351
  vertex 85.9173 19.5411 41.0011
 endloop
endfacet
facet normal 0.306879 0.891679 0.332767
 outer loop
  vertex 86.1224 19.7869 40.0815
  vertex 85.9173 19.5411 41.0011
  vertex 86.1023 19.4909 40.984
 endloop
endfacet
facet normal 0.488354 0.767833 0.414659
 outer loop
  vertex 86.4396 19.2863 40.9033
  vertex 86.1023 19.4909 40.984
  vertex 86.0838 19.0269 41.8125
 endloop
endfacet
facet normal 0.489147 0.817452 0.30415
 outer loop
  vertex 86.4396 19.2863 40.9033
  vertex 86.1224 19.7869 40.0815
  vertex 86.1023 19.4909 40.984
 endloop
endfacet
facet normal 0.0606246 0.895719 0.440469
 outer loop
  vertex 85.7379 19.5874 40.9351
  vertex 85.7255 19.2934 41.5237
  vertex 85.9173 19.5411 41.0011
 endloop
endfacet
facet normal 0.121267 0.860109 0.495487
 outer loop
  vertex 85.9173 19.5411 41.0011
  vertex 85.7255 19.2934 41.5237
  vertex 85.8993 19.0724 41.8392
 endloop
endfacet
facet normal 0.306108 0.811821 0.497236
 outer loop
  vertex 86.1023 19.4909 40.984
  vertex 85.8993 19.0724 41.8392
  vertex 86.0838 19.0269 41.8125
 endloop
endfacet
facet normal 0.244333 0.858469 0.450924
 outer loop
  vertex 86.1023 19.4909 40.984
  vertex 85.9173 19.5411 41.0011
  vertex 85.8993 19.0724 41.8392
 endloop
endfacet
facet normal 0.0604032 0.832044 0.551411
 outer loop
  vertex 85.7255 19.2934 41.5237
  vertex 85.7196 19.1153 41.8063
  vertex 85.8993 19.0724 41.8392
 endloop
endfacet
facet normal 0.0606205 0.781548 0.620892
 outer loop
  vertex 85.8993 19.0724 41.8392
  vertex 85.7196 19.1153 41.8063
  vertex 85.7034 18.466 42.5815
 endloop
endfacet
facet normal 0.121105 0.735043 0.667117
 outer loop
  vertex 85.8835 18.4522 42.5721
  vertex 85.8993 19.0724 41.8392
  vertex 85.7034 18.466 42.5815
 endloop
endfacet
facet normal 0.243762 0.756523 0.606838
 outer loop
  vertex 85.8835 18.4522 42.5721
  vertex 86.0838 19.0269 41.8125
  vertex 85.8993 19.0724 41.8392
 endloop
endfacet
facet normal 0.0601925 0.415018 0.90782
 outer loop
  vertex 85.6866 17.3869 43.3809
  vertex 85.6808 16.7907 43.6595
  vertex 85.861 16.8524 43.6174
 endloop
endfacet
facet normal 0.120596 0.313532 0.941889
 outer loop
  vertex 85.861 16.8524 43.6174
  vertex 85.6808 16.7907 43.6595
  vertex 85.8551 15.9324 43.8911
 endloop
endfacet
facet normal 0.304125 0.239338 0.922077
 outer loop
  vertex 86.0445 16.8312 43.5699
  vertex 85.8551 15.9324 43.8911
  vertex 86.0385 15.9216 43.8403
 endloop
endfacet
facet normal 0.242626 0.30385 0.921308
 outer loop
  vertex 86.0445 16.8312 43.5699
  vertex 85.861 16.8524 43.6174
  vertex 85.8551 15.9324 43.8911
 endloop
endfacet
facet normal 0.0602838 0.254104 0.965296
 outer loop
  vertex 85.6808 16.7907 43.6595
  vertex 85.6754 15.874 43.9189
  vertex 85.8551 15.9324 43.8911
 endloop
endfacet
facet normal 0.120536 0.127567 0.984478
 outer loop
  vertex 85.8551 15.9324 43.8911
  vertex 85.6754 15.874 43.9189
  vertex 85.853 14.977 43.9838
 endloop
endfacet
facet normal 0.242468 0.122606 0.962381
 outer loop
  vertex 86.0385 15.9216 43.8403
  vertex 85.8551 15.9324 43.8911
  vertex 85.853 14.977 43.9838
 endloop
endfacet
facet normal 0.0602678 0.0644608 0.996099
 outer loop
  vertex 85.6754 15.874 43.9189
  vertex 85.6737 14.977 44
  vertex 85.853 14.977 43.9838
 endloop
endfacet
facet normal 0.791952 0.136595 0.595108
 outer loop
  vertex 86.3798 16.7467 43.371
  vertex 86.3715 14.977 43.7163
  vertex 86.604 16.6204 43.0661
 endloop
endfacet
facet normal 0.865665 0.0465802 0.498453
 outer loop
  vertex 86.604 16.6204 43.0661
  vertex 86.3715 14.977 43.7163
  vertex 86.5957 14.977 43.387
 endloop
endfacet
facet normal 0.988874 1.21464E-05 0.148753
 outer loop
  vertex 86.6803 16.4139 42.7592
  vertex 86.5957 14.977 43.387
  vertex 86.6733 14.977 43.0262
 endloop
endfacet
facet normal 0.96388 0.0463731 0.262267
 outer loop
  vertex 86.6803 16.4139 42.7592
  vertex 86.604 16.6204 43.0661
  vertex 86.5957 14.977 43.387
 endloop
endfacet
facet normal 0.989091 0.0463226 0.139836
 outer loop
  vertex 86.6803 16.4139 42.7592
  vertex 86.703 17.7682 41.8914
  vertex 86.604 16.6204 43.0661
 endloop
endfacet
facet normal 0.964661 0.132522 0.227743
 outer loop
  vertex 86.604 16.6204 43.0661
  vertex 86.703 17.7682 41.8914
  vertex 86.6275 18.0224 42.1504
 endloop
endfacet
facet normal 0.99065 0.11356 0.0756133
 outer loop
  vertex 86.703 17.7682 41.8914
  vertex 86.7379 18.6714 40.5598
  vertex 86.6629 18.9771 40.7739
 endloop
endfacet
facet normal 0.486259 0.558236 0.672254
 outer loop
  vertex 86.4037 18.257 42.3854
  vertex 86.0676 18.4133 42.5369
  vertex 86.0543 17.6719 43.1297
 endloop
endfacet
facet normal 0.486856 0.645397 0.588586
 outer loop
  vertex 86.4037 18.257 42.3854
  vertex 86.0838 19.0269 41.8125
  vertex 86.0676 18.4133 42.5369
 endloop
endfacet
facet normal 0.304857 0.566656 0.765482
 outer loop
  vertex 86.0543 17.6719 43.1297
  vertex 86.0676 18.4133 42.5369
  vertex 85.8706 17.7027 43.1719
 endloop
endfacet
facet normal 0.242894 0.47398 0.846372
 outer loop
  vertex 85.861 16.8524 43.6174
  vertex 86.0543 17.6719 43.1297
  vertex 85.8706 17.7027 43.1719
 endloop
endfacet
facet normal 0.49095 0.865858 0.0962198
 outer loop
  vertex 86.1435 19.9049 39.1387
  vertex 86.1224 19.7869 40.0815
  vertex 86.4823 19.6823 39.1417
 endloop
endfacet
facet normal 0.244953 0.928758 0.278222
 outer loop
  vertex 86.1224 19.7869 40.0815
  vertex 85.937 19.8398 40.0884
  vertex 85.9173 19.5411 41.0011
 endloop
endfacet
facet normal 0.243285 0.62675 0.740268
 outer loop
  vertex 85.8835 18.4522 42.5721
  vertex 85.8706 17.7027 43.1719
  vertex 86.0676 18.4133 42.5369
 endloop
endfacet
facet normal 0 0.063711 0.997968
 outer loop
  vertex 78.0044 14.977 44
  vertex 85.6737 14.977 44
  vertex 77.7803 15.9288 43.9086
 endloop
endfacet
facet normal 0 0.123726 0.992316
 outer loop
  vertex 77.7803 15.9288 43.9086
  vertex 85.6737 14.977 44
  vertex 85.6754 15.874 43.9189
 endloop
endfacet
facet normal 0 0.2451 0.969498
 outer loop
  vertex 85.6808 16.7907 43.6595
  vertex 77.7803 15.9288 43.9086
  vertex 85.6754 15.874 43.9189
 endloop
endfacet
facet normal 0 0.30996 0.95075
 outer loop
  vertex 85.6808 16.7907 43.6595
  vertex 77.5564 16.8432 43.6387
  vertex 77.7803 15.9288 43.9086
 endloop
endfacet
facet normal 0 0.406703 0.91356
 outer loop
  vertex 85.6808 16.7907 43.6595
  vertex 85.6866 17.3869 43.3809
  vertex 77.5564 16.8432 43.6387
 endloop
endfacet
facet normal 0 0.467413 0.884039
 outer loop
  vertex 77.5564 16.8432 43.6387
  vertex 85.6866 17.3869 43.3809
  vertex 77.3426 17.6904 43.1997
 endloop
endfacet
facet normal 0 0.521623 0.853176
 outer loop
  vertex 77.3426 17.6904 43.1997
  vertex 85.6866 17.3869 43.3809
  vertex 85.6902 17.674 43.2103
 endloop
endfacet
facet normal 0 0.595951 0.803021
 outer loop
  vertex 85.7034 18.466 42.5815
  vertex 77.3426 17.6904 43.1997
  vertex 85.6902 17.674 43.2103
 endloop
endfacet
facet normal 0 0.647177 0.76234
 outer loop
  vertex 85.7034 18.466 42.5815
  vertex 77.1503 18.4412 42.6054
  vertex 77.3426 17.6904 43.1997
 endloop
endfacet
facet normal 0 0.742928 0.669371
 outer loop
  vertex 85.7034 18.466 42.5815
  vertex 85.7196 19.1153 41.8063
  vertex 77.1503 18.4412 42.6054
 endloop
endfacet
facet normal 0 0.821782 0.569801
 outer loop
  vertex 77.1503 18.4412 42.6054
  vertex 85.7196 19.1153 41.8063
  vertex 76.8774 19.5471 41.0284
 endloop
endfacet
facet normal 0 0.87066 0.491886
 outer loop
  vertex 76.8774 19.5471 41.0284
  vertex 85.7196 19.1153 41.8063
  vertex 85.7255 19.2934 41.5237
 endloop
endfacet
facet normal 0 0.901297 0.433202
 outer loop
  vertex 85.7379 19.5874 40.9351
  vertex 76.8774 19.5471 41.0284
  vertex 85.7255 19.2934 41.5237
 endloop
endfacet
facet normal 0 0.942538 0.3341
 outer loop
  vertex 85.7379 19.5874 40.9351
  vertex 85.7569 19.8708 40.0254
  vertex 76.8774 19.5471 41.0284
 endloop
endfacet
facet normal 0 0.976602 0.215057
 outer loop
  vertex 76.8774 19.5471 41.0284
  vertex 85.7569 19.8708 40.0254
  vertex 76.8212 19.9753 39.1309
 endloop
endfacet
facet normal 0 0.996284 0.0861241
 outer loop
  vertex 76.8212 19.9753 39.1309
  vertex 85.7569 19.8708 40.0254
  vertex 85.7757 19.9753 39.1309
 endloop
endfacet
facet normal 0.105033 0.994043 0.0290811
 outer loop
  vertex 76.8212 19.9753 39.1309
  vertex 77.2476 20.36 24.4396
  vertex 76.5096 20.0254 39.1231
 endloop
endfacet
facet normal 0.209416 0.977314 0.0316691
 outer loop
  vertex 76.5096 20.0254 39.1231
  vertex 77.2476 20.36 24.4396
  vertex 76.938 20.4099 24.4313
 endloop
endfacet
facet normal 0.513438 0.857314 0.0373464
 outer loop
  vertex 76.2149 20.1807 39.1186
  vertex 76.938 20.4099 24.4313
  vertex 76.6426 20.5644 24.4267
 endloop
endfacet
facet normal 0.689735 0.723014 0.0389406
 outer loop
  vertex 76.4155 20.8071 24.4265
  vertex 76.2149 20.1807 39.1186
  vertex 76.6426 20.5644 24.4267
 endloop
endfacet
facet normal 0.766967 0.640498 0.0390354
 outer loop
  vertex 76.4155 20.8071 24.4265
  vertex 75.9874 20.4242 39.1184
  vertex 76.2149 20.1807 39.1186
 endloop
endfacet
facet normal 0.886224 0.461712 0.037799
 outer loop
  vertex 76.4155 20.8071 24.4265
  vertex 76.2843 21.0933 24.4302
  vertex 75.9874 20.4242 39.1184
 endloop
endfacet
facet normal 0.930633 0.364123 0.0365501
 outer loop
  vertex 75.9874 20.4242 39.1184
  vertex 76.2843 21.0933 24.4302
  vertex 75.8571 20.7117 39.1222
 endloop
endfacet
facet normal 0.41439 0.909393 0.0358449
 outer loop
  vertex 76.2149 20.1807 39.1186
  vertex 76.5096 20.0254 39.1231
  vertex 76.938 20.4099 24.4313
 endloop
endfacet
facet normal 0.0496399 0.98913 0.138413
 outer loop
  vertex 80.6979 20.4859 19.632
  vertex 80.5491 20.5637 19.3031
  vertex 78.2714 20.436 21.5396
 endloop
endfacet
facet normal 0.137501 0.96947 0.203031
 outer loop
  vertex 78.2714 20.436 21.5396
  vertex 80.5491 20.5637 19.3031
  vertex 78.0119 20.4946 21.3488
 endloop
endfacet
facet normal 0.192722 0.976764 0.0937575
 outer loop
  vertex 77.5362 20.4001 22.9109
  vertex 78.0119 20.4946 21.3488
  vertex 76.938 20.4099 24.4313
 endloop
endfacet
facet normal 0.104778 0.994066 0.0292158
 outer loop
  vertex 77.2476 20.36 24.4396
  vertex 77.5362 20.4001 22.9109
  vertex 76.938 20.4099 24.4313
 endloop
endfacet
facet normal 0.275331 0.883684 0.378543
 outer loop
  vertex 78.0119 20.4946 21.3488
  vertex 80.5491 20.5637 19.3031
  vertex 78.9707 20.7275 19.9018
 endloop
endfacet
facet normal 0.54057 0.681253 0.493638
 outer loop
  vertex 77.7676 20.6666 21.1723
  vertex 78.9707 20.7275 19.9018
  vertex 77.584 20.9314 21.0431
 endloop
endfacet
facet normal 0.769627 0.424273 0.477144
 outer loop
  vertex 76.7426 20.8562 22.663
  vertex 77.584 20.9314 21.0431
  vertex 77.464 21.235 21.0098
 endloop
endfacet
facet normal 0.846283 0.339345 0.41067
 outer loop
  vertex 76.6097 21.1441 22.6567
  vertex 76.7426 20.8562 22.663
  vertex 77.464 21.235 21.0098
 endloop
endfacet
facet normal 0.859775 0.459095 0.223648
 outer loop
  vertex 76.6097 21.1441 22.6567
  vertex 76.4155 20.8071 24.4265
  vertex 76.7426 20.8562 22.663
 endloop
endfacet
facet normal 0.920652 0.36555 0.137013
 outer loop
  vertex 76.6097 21.1441 22.6567
  vertex 76.2843 21.0933 24.4302
  vertex 76.4155 20.8071 24.4265
 endloop
endfacet
facet normal 0.435602 0.143517 0.888625
 outer loop
  vertex 80.2912 21.4855 18.7446
  vertex 79.467 21.417 19.1723
  vertex 80.3232 21.1224 18.8062
 endloop
endfacet
facet normal 0.484971 0.293989 0.823634
 outer loop
  vertex 80.3232 21.1224 18.8062
  vertex 79.467 21.417 19.1723
  vertex 78.8308 21.0236 19.7292
 endloop
endfacet
facet normal 0.417355 0.636745 0.64836
 outer loop
  vertex 80.4133 20.7869 19.0018
  vertex 78.8308 21.0236 19.7292
  vertex 78.9707 20.7275 19.9018
 endloop
endfacet
facet normal 0.28283 0.800832 0.527897
 outer loop
  vertex 80.5491 20.5637 19.3031
  vertex 80.4133 20.7869 19.0018
  vertex 78.9707 20.7275 19.9018
 endloop
endfacet
facet normal 0.56396 0.206197 0.799645
 outer loop
  vertex 79.467 21.417 19.1723
  vertex 78.7454 21.3543 19.6733
  vertex 78.8308 21.0236 19.7292
 endloop
endfacet
facet normal 0.625014 0.238378 0.743326
 outer loop
  vertex 78.8308 21.0236 19.7292
  vertex 78.7454 21.3543 19.6733
  vertex 78.0881 21.2946 20.2664
 endloop
endfacet
facet normal 0.734982 0.290589 0.612665
 outer loop
  vertex 77.584 20.9314 21.0431
  vertex 78.0881 21.2946 20.2664
  vertex 77.464 21.235 21.0098
 endloop
endfacet
facet normal 0.654792 0.373644 0.656991
 outer loop
  vertex 77.584 20.9314 21.0431
  vertex 78.8308 21.0236 19.7292
  vertex 78.0881 21.2946 20.2664
 endloop
endfacet
facet normal 0.5557 0.571747 0.603575
 outer loop
  vertex 77.584 20.9314 21.0431
  vertex 78.9707 20.7275 19.9018
  vertex 78.8308 21.0236 19.7292
 endloop
endfacet
facet normal 0.74455 0.640491 0.188193
 outer loop
  vertex 76.7426 20.8562 22.663
  vertex 76.4155 20.8071 24.4265
  vertex 76.9572 20.6103 22.7322
 endloop
endfacet
facet normal 0.452342 0.846078 0.282026
 outer loop
  vertex 77.7676 20.6666 21.1723
  vertex 76.9572 20.6103 22.7322
  vertex 78.0119 20.4946 21.3488
 endloop
endfacet
facet normal 0.396331 0.830786 0.390789
 outer loop
  vertex 78.9707 20.7275 19.9018
  vertex 77.7676 20.6666 21.1723
  vertex 78.0119 20.4946 21.3488
 endloop
endfacet
facet normal 0.681309 0.72482 0.10224
 outer loop
  vertex 76.4155 20.8071 24.4265
  vertex 76.6426 20.5644 24.4267
  vertex 76.9572 20.6103 22.7322
 endloop
endfacet
facet normal 0.503962 0.857891 0.10023
 outer loop
  vertex 76.9572 20.6103 22.7322
  vertex 76.6426 20.5644 24.4267
  vertex 76.938 20.4099 24.4313
 endloop
endfacet
facet normal 0.387266 0.907888 0.160513
 outer loop
  vertex 78.0119 20.4946 21.3488
  vertex 76.9572 20.6103 22.7322
  vertex 76.938 20.4099 24.4313
 endloop
endfacet
facet normal 0.0875424 0.992008 0.0908598
 outer loop
  vertex 77.5362 20.4001 22.9109
  vertex 78.2714 20.436 21.5396
  vertex 78.0119 20.4946 21.3488
 endloop
endfacet
facet normal 0.6315 0.711779 0.307536
 outer loop
  vertex 76.9572 20.6103 22.7322
  vertex 77.7676 20.6666 21.1723
  vertex 76.7426 20.8562 22.663
 endloop
endfacet
facet normal 0.671862 0.616739 0.410164
 outer loop
  vertex 76.7426 20.8562 22.663
  vertex 77.7676 20.6666 21.1723
  vertex 77.584 20.9314 21.0431
 endloop
endfacet
facet normal 0.407488 0.512078 0.756128
 outer loop
  vertex 80.3232 21.1224 18.8062
  vertex 78.8308 21.0236 19.7292
  vertex 80.4133 20.7869 19.0018
 endloop
endfacet
facet normal 0.124567 0.99178 0.0292326
 outer loop
  vertex 83.0786 20.579 16.0785
  vertex 82.7108 20.6494 16.0707
  vertex 82.8958 20.5503 17.1736
 endloop
endfacet
facet normal 0.227531 0.968821 0.0980565
 outer loop
  vertex 82.8958 20.5503 17.1736
  vertex 82.7108 20.6494 16.0707
  vertex 82.0912 20.5974 18.0116
 endloop
endfacet
facet normal 0.102415 0.990179 0.0951692
 outer loop
  vertex 82.3935 20.523 18.2146
  vertex 82.0912 20.5974 18.0116
  vertex 81.6281 20.501 19.0572
 endloop
endfacet
facet normal 0.102415 0.990179 0.0951692
 outer loop
  vertex 82.3935 20.523 18.2146
  vertex 82.8958 20.5503 17.1736
  vertex 82.0912 20.5974 18.0116
 endloop
endfacet
facet normal 0.457509 0.87294 0.169298
 outer loop
  vertex 82.0912 20.5974 18.0116
  vertex 82.7108 20.6494 16.0707
  vertex 82.2183 20.8453 16.988
 endloop
endfacet
facet normal 0.68895 0.604256 0.400278
 outer loop
  vertex 81.8122 20.821 17.8288
  vertex 82.2183 20.8453 16.988
  vertex 81.6269 21.1577 17.7124
 endloop
endfacet
facet normal 0.680759 0.248771 0.688971
 outer loop
  vertex 81.043 21.1368 18.3585
  vertex 81.6269 21.1577 17.7124
  vertex 81.0247 21.5016 18.2839
 endloop
endfacet
facet normal 0.556982 0.124235 0.82118
 outer loop
  vertex 80.2912 21.4855 18.7446
  vertex 81.043 21.1368 18.3585
  vertex 81.0247 21.5016 18.2839
 endloop
endfacet
facet normal 0.466083 0.248033 0.849262
 outer loop
  vertex 80.2912 21.4855 18.7446
  vertex 80.3232 21.1224 18.8062
  vertex 81.043 21.1368 18.3585
 endloop
endfacet
facet normal 0.481477 0.487481 0.728383
 outer loop
  vertex 81.043 21.1368 18.3585
  vertex 80.3232 21.1224 18.8062
  vertex 81.186 20.8009 18.5222
 endloop
endfacet
facet normal 0.45329 0.792553 0.407907
 outer loop
  vertex 81.8122 20.821 17.8288
  vertex 81.186 20.8009 18.5222
  vertex 82.0912 20.5974 18.0116
 endloop
endfacet
facet normal 0.529697 0.794223 0.29771
 outer loop
  vertex 82.2183 20.8453 16.988
  vertex 81.8122 20.821 17.8288
  vertex 82.0912 20.5974 18.0116
 endloop
endfacet
facet normal 0.984186 0.125648 0.124859
 outer loop
  vertex 82.079 21.5786 16.0785
  vertex 81.9367 21.5494 16.9161
  vertex 82.1494 21.2108 16.0707
 endloop
endfacet
facet normal 0.94373 0.250612 0.215793
 outer loop
  vertex 82.1494 21.2108 16.0707
  vertex 81.9367 21.5494 16.9161
  vertex 82.0057 21.183 16.9287
 endloop
endfacet
facet normal 0.771491 0.606493 0.19227
 outer loop
  vertex 82.372 20.872 16.0677
  vertex 82.0057 21.183 16.9287
  vertex 82.2183 20.8453 16.988
 endloop
endfacet
facet normal 0.59461 0.797292 0.103748
 outer loop
  vertex 82.7108 20.6494 16.0707
  vertex 82.372 20.872 16.0677
  vertex 82.2183 20.8453 16.988
 endloop
endfacet
facet normal 0.909851 0.125128 0.395619
 outer loop
  vertex 81.9367 21.5494 16.9161
  vertex 81.5652 21.5227 17.6801
  vertex 82.0057 21.183 16.9287
 endloop
endfacet
facet normal 0.845907 0.249619 0.471309
 outer loop
  vertex 82.0057 21.183 16.9287
  vertex 81.5652 21.5227 17.6801
  vertex 81.6269 21.1577 17.7124
 endloop
endfacet
facet normal 0.793301 0.490688 0.360414
 outer loop
  vertex 82.2183 20.8453 16.988
  vertex 82.0057 21.183 16.9287
  vertex 81.6269 21.1577 17.7124
 endloop
endfacet
facet normal 0.762775 0.124663 0.634534
 outer loop
  vertex 81.5652 21.5227 17.6801
  vertex 81.0247 21.5016 18.2839
  vertex 81.6269 21.1577 17.7124
 endloop
endfacet
facet normal 0.375799 0.600838 0.705527
 outer loop
  vertex 80.3232 21.1224 18.8062
  vertex 80.4133 20.7869 19.0018
  vertex 81.186 20.8009 18.5222
 endloop
endfacet
facet normal 0.298191 0.790488 0.534987
 outer loop
  vertex 81.186 20.8009 18.5222
  vertex 80.4133 20.7869 19.0018
  vertex 80.5491 20.5637 19.3031
 endloop
endfacet
facet normal 0.152404 0.966315 0.207385
 outer loop
  vertex 82.0912 20.5974 18.0116
  vertex 80.5491 20.5637 19.3031
  vertex 81.6281 20.501 19.0572
 endloop
endfacet
facet normal 0.305518 0.868864 0.38953
 outer loop
  vertex 82.0912 20.5974 18.0116
  vertex 81.186 20.8009 18.5222
  vertex 80.5491 20.5637 19.3031
 endloop
endfacet
facet normal 0.0496401 0.989144 0.138315
 outer loop
  vertex 80.5491 20.5637 19.3031
  vertex 80.6979 20.4859 19.632
  vertex 81.6281 20.501 19.0572
 endloop
endfacet
facet normal 0.55206 0.602363 0.576531
 outer loop
  vertex 81.186 20.8009 18.5222
  vertex 81.8122 20.821 17.8288
  vertex 81.043 21.1368 18.3585
 endloop
endfacet
facet normal 0.662418 0.48899 0.567531
 outer loop
  vertex 81.043 21.1368 18.3585
  vertex 81.8122 20.821 17.8288
  vertex 81.6269 21.1577 17.7124
 endloop
endfacet
facet normal 0.861305 0.492626 0.124389
 outer loop
  vertex 82.1494 21.2108 16.0707
  vertex 82.0057 21.183 16.9287
  vertex 82.372 20.872 16.0677
 endloop
endfacet
facet normal 0 0 1
 outer loop
  vertex -52.2187 -72.6238 8
  vertex -52.417 -72.5978 8
  vertex -52.8524 -74.1543 8
 endloop
endfacet
facet normal 0 0 1
 outer loop
  vertex -52.2187 -72.6238 8
  vertex -52.4351 -70.9816 8
  vertex -52.417 -72.5978 8
 endloop
endfacet
facet normal 0 0 1
 outer loop
  vertex -52.417 -72.5978 8
  vertex -52.4351 -70.9816 8
  vertex -52.6199 -71.0582 8
 endloop
endfacet
facet normal 0 0 1
 outer loop
  vertex -52.6199 -71.0582 8
  vertex -52.4351 -70.9816 8
  vertex -53.4436 -69.6676 8
 endloop
endfacet
facet normal 0 0 1
 outer loop
  vertex -53.5654 -69.8263 8
  vertex -53.4436 -69.6676 8
  vertex -54.9741 -69.0339 8
 endloop
endfacet
facet normal 0 0 1
 outer loop
  vertex -55.0001 -69.2322 8
  vertex -54.9741 -69.0339 8
  vertex -55.3913 -69.2066 8
 endloop
endfacet
facet normal 0 0 1
 outer loop
  vertex -55.0001 -69.2322 8
  vertex -53.5654 -69.8263 8
  vertex -54.9741 -69.0339 8
 endloop
endfacet
facet normal 0 0 1
 outer loop
  vertex -52.8524 -74.1543 8
  vertex -53.011 -74.0325 8
  vertex -54.0697 -75.7411 8
 endloop
endfacet
facet normal 0 0 1
 outer loop
  vertex -52.8524 -74.1543 8
  vertex -52.417 -72.5978 8
  vertex -53.011 -74.0325 8
 endloop
endfacet
facet normal 0 0 1
 outer loop
  vertex -54.0697 -75.7411 8
  vertex -54.2284 -75.6194 8
  vertex -54.773 -76.4146 8
 endloop
endfacet
facet normal 0 0 1
 outer loop
  vertex -54.0697 -75.7411 8
  vertex -53.011 -74.0325 8
  vertex -54.2284 -75.6194 8
 endloop
endfacet
facet normal 0 0 1
 outer loop
  vertex -54.9741 -69.0339 8
  vertex -55.3913 -69.0066 8
  vertex -55.3913 -69.2066 8
 endloop
endfacet
facet normal 0 0 1
 outer loop
  vertex -55.3913 -69.2066 8
  vertex -55.3913 -69.0066 8
  vertex -56.5397 -69.4351 8
 endloop
endfacet
facet normal 0 0 1
 outer loop
  vertex -56.5397 -69.4351 8
  vertex -55.3913 -69.0066 8
  vertex -56.6163 -69.2503 8
 endloop
endfacet
facet normal 0 0 1
 outer loop
  vertex -57.7716 -70.3806 8
  vertex -56.6163 -69.2503 8
  vertex -57.9303 -70.2589 8
 endloop
endfacet
facet normal 0 0 1
 outer loop
  vertex -58.989 -71.9675 8
  vertex -57.9303 -70.2589 8
  vertex -59.1476 -71.8457 8
 endloop
endfacet
facet normal 0 0 1
 outer loop
  vertex -59.5432 -73.17 8
  vertex -59.1476 -71.8457 8
  vertex -59.7388 -73.1284 8
 endloop
endfacet
facet normal 0 0 1
 outer loop
  vertex -59.7202 -74.5407 8
  vertex -59.5432 -73.17 8
  vertex -59.7388 -73.1284 8
 endloop
endfacet
facet normal 0 0 1
 outer loop
  vertex -59.7202 -74.5407 8
  vertex -59.5257 -74.494 8
  vertex -59.5432 -73.17 8
 endloop
endfacet
facet normal 0 0 1
 outer loop
  vertex -59.7202 -74.5407 8
  vertex -59.0954 -75.8074 8
  vertex -59.5257 -74.494 8
 endloop
endfacet
facet normal 0 0 1
 outer loop
  vertex -59.5257 -74.494 8
  vertex -59.0954 -75.8074 8
  vertex -58.94 -75.6815 8
 endloop
endfacet
facet normal 0 0 1
 outer loop
  vertex -58.94 -75.6815 8
  vertex -59.0954 -75.8074 8
  vertex -57.9862 -76.6817 8
 endloop
endfacet
facet normal 0 0 1
 outer loop
  vertex -57.9001 -76.5012 8
  vertex -57.9862 -76.6817 8
  vertex -56.6087 -76.9934 8
 endloop
endfacet
facet normal 0 0 1
 outer loop
  vertex -56.6087 -76.7934 8
  vertex -56.6087 -76.9934 8
  vertex -55.7064 -76.6545 8
 endloop
endfacet
facet normal 0 0 1
 outer loop
  vertex -56.6087 -76.7934 8
  vertex -57.9001 -76.5012 8
  vertex -56.6087 -76.9934 8
 endloop
endfacet
facet normal 0 0 1
 outer loop
  vertex -57.7716 -70.3806 8
  vertex -56.5397 -69.4351 8
  vertex -56.6163 -69.2503 8
 endloop
endfacet
facet normal 0 0 1
 outer loop
  vertex -53.5654 -69.8263 8
  vertex -52.6199 -71.0582 8
  vertex -53.4436 -69.6676 8
 endloop
endfacet
facet normal 0 0 1
 outer loop
  vertex -54.2284 -75.6194 8
  vertex -54.8877 -76.2507 8
  vertex -54.773 -76.4146 8
 endloop
endfacet
facet normal 0 0 1
 outer loop
  vertex -54.773 -76.4146 8
  vertex -54.8877 -76.2507 8
  vertex -55.6463 -76.8453 8
 endloop
endfacet
facet normal 0 0 1
 outer loop
  vertex -55.6463 -76.8453 8
  vertex -54.8877 -76.2507 8
  vertex -55.7064 -76.6545 8
 endloop
endfacet
facet normal 0 0 1
 outer loop
  vertex -56.6087 -76.9934 8
  vertex -55.6463 -76.8453 8
  vertex -55.7064 -76.6545 8
 endloop
endfacet
facet normal 0 0 1
 outer loop
  vertex -57.9001 -76.5012 8
  vertex -58.94 -75.6815 8
  vertex -57.9862 -76.6817 8
 endloop
endfacet
facet normal 0 0 1
 outer loop
  vertex -59.5432 -73.17 8
  vertex -58.989 -71.9675 8
  vertex -59.1476 -71.8457 8
 endloop
endfacet
facet normal 0 0 1
 outer loop
  vertex -58.989 -71.9675 8
  vertex -57.7716 -70.3806 8
  vertex -57.9303 -70.2589 8
 endloop
endfacet
facet normal -0.984904 0.12551 0.119209
 outer loop
  vertex -82.079 20.0786 16.0785
  vertex -82.1494 19.7108 16.0707
  vertex -81.9518 20.0511 16.8676
 endloop
endfacet
facet normal -0.946206 0.250368 0.204966
 outer loop
  vertex -81.9518 20.0511 16.8676
  vertex -82.1494 19.7108 16.0707
  vertex -82.0205 19.6846 16.8788
 endloop
endfacet
facet normal -0.859607 0.249412 0.445947
 outer loop
  vertex -81.6268 20.026 17.5852
  vertex -82.0205 19.6846 16.8788
  vertex -81.6838 19.6605 17.6247
 endloop
endfacet
facet normal -0.711313 0.248601 0.657443
 outer loop
  vertex -81.1097 20.0042 18.2088
  vertex -81.6838 19.6605 17.6247
  vertex -81.1606 19.6402 18.2547
 endloop
endfacet
facet normal -0.508938 0.303566 0.805499
 outer loop
  vertex -80.4834 19.809 18.6705
  vertex -81.1606 19.6402 18.2547
  vertex -80.5093 19.6287 18.7149
 endloop
endfacet
facet normal -0.59699 0.18375 0.780922
 outer loop
  vertex -80.4834 19.809 18.6705
  vertex -81.1097 20.0042 18.2088
  vertex -81.1606 19.6402 18.2547
 endloop
endfacet
facet normal -0.538152 0.0596506 0.840735
 outer loop
  vertex -80.4834 19.809 18.6705
  vertex -80.4734 19.9886 18.6569
  vertex -81.1097 20.0042 18.2088
 endloop
endfacet
facet normal -0.894351 0.431714 0.117298
 outer loop
  vertex -82.1494 19.7108 16.0707
  vertex -82.2422 19.5317 16.0685
  vertex -82.0205 19.6846 16.8788
 endloop
endfacet
facet normal -0.84978 0.490987 0.191849
 outer loop
  vertex -82.0205 19.6846 16.8788
  vertex -82.2422 19.5317 16.0685
  vertex -82.1098 19.5063 16.9011
 endloop
endfacet
facet normal -0.770409 0.489244 0.408792
 outer loop
  vertex -81.6838 19.6605 17.6247
  vertex -82.1098 19.5063 16.9011
  vertex -81.7631 19.4828 17.6699
 endloop
endfacet
facet normal -0.637152 0.487684 0.596827
 outer loop
  vertex -81.1606 19.6402 18.2547
  vertex -81.7631 19.4828 17.6699
  vertex -81.2242 19.4629 18.3193
 endloop
endfacet
facet normal -0.464418 0.482004 0.742959
 outer loop
  vertex -80.5093 19.6287 18.7149
  vertex -81.2242 19.4629 18.3193
  vertex -80.5536 19.4485 18.7945
 endloop
endfacet
facet normal -0.544716 0.426252 0.722214
 outer loop
  vertex -80.5093 19.6287 18.7149
  vertex -81.1606 19.6402 18.2547
  vertex -81.2242 19.4629 18.3193
 endloop
endfacet
facet normal -0.788286 0.605274 0.110676
 outer loop
  vertex -82.2422 19.5317 16.0685
  vertex -82.372 19.372 16.0677
  vertex -82.1098 19.5063 16.9011
 endloop
endfacet
facet normal -0.73313 0.657683 0.173127
 outer loop
  vertex -82.1098 19.5063 16.9011
  vertex -82.372 19.372 16.0677
  vertex -82.2341 19.3469 16.9344
 endloop
endfacet
facet normal -0.663876 0.655486 0.360009
 outer loop
  vertex -81.7631 19.4828 17.6699
  vertex -82.2341 19.3469 16.9344
  vertex -81.8732 19.3237 17.7348
 endloop
endfacet
facet normal -0.548352 0.653541 0.521722
 outer loop
  vertex -81.2242 19.4629 18.3193
  vertex -81.8732 19.3237 17.7348
  vertex -81.3121 19.3041 18.4108
 endloop
endfacet
facet normal -0.399288 0.649074 0.647512
 outer loop
  vertex -80.5536 19.4485 18.7945
  vertex -81.3121 19.3041 18.4108
  vertex -80.6135 19.2899 18.9049
 endloop
endfacet
facet normal -0.479258 0.596397 0.643912
 outer loop
  vertex -80.5536 19.4485 18.7945
  vertex -81.2242 19.4629 18.3193
  vertex -81.3121 19.3041 18.4108
 endloop
endfacet
facet normal -0.595659 0.797007 0.0998471
 outer loop
  vertex -82.372 19.372 16.0677
  vertex -82.7108 19.1494 16.0707
  vertex -82.2341 19.3469 16.9344
 endloop
endfacet
facet normal -0.4609 0.872573 0.161826
 outer loop
  vertex -82.2341 19.3469 16.9344
  vertex -82.7108 19.1494 16.0707
  vertex -82.1585 19.1002 17.908
 endloop
endfacet
facet normal -0.469226 0.792495 0.389588
 outer loop
  vertex -81.8732 19.3237 17.7348
  vertex -82.1585 19.1002 17.908
  vertex -81.3121 19.3041 18.4108
 endloop
endfacet
facet normal -0.537633 0.794102 0.283465
 outer loop
  vertex -81.8732 19.3237 17.7348
  vertex -82.2341 19.3469 16.9344
  vertex -82.1585 19.1002 17.908
 endloop
endfacet
facet normal -0.124567 0.99178 0.0292326
 outer loop
  vertex -83.0786 19.079 16.0785
  vertex -82.9146 19.0519 17.1123
  vertex -82.7108 19.1494 16.0707
 endloop
endfacet
facet normal -0.229811 0.968633 0.0945311
 outer loop
  vertex -82.7108 19.1494 16.0707
  vertex -82.9146 19.0519 17.1123
  vertex -82.1585 19.1002 17.908
 endloop
endfacet
facet normal -0.104753 0.990264 0.0916792
 outer loop
  vertex -82.1585 19.1002 17.908
  vertex -82.9146 19.0519 17.1123
  vertex -82.4678 19.026 18.1006
 endloop
endfacet
facet normal -0.104753 0.990264 0.0916792
 outer loop
  vertex -81.7837 19.0045 18.9217
  vertex -82.1585 19.1002 17.908
  vertex -82.4678 19.026 18.1006
 endloop
endfacet
facet normal -0.162261 0.966193 0.200356
 outer loop
  vertex -81.7837 19.0045 18.9217
  vertex -80.7695 19.0667 19.1962
  vertex -82.1585 19.1002 17.908
 endloop
endfacet
facet normal -0.0571769 0.989216 0.134845
 outer loop
  vertex -81.7837 19.0045 18.9217
  vertex -80.9402 18.989 19.5151
  vertex -80.7695 19.0667 19.1962
 endloop
endfacet
facet normal -0.324557 0.868608 0.37441
 outer loop
  vertex -82.1585 19.1002 17.908
  vertex -80.7695 19.0667 19.1962
  vertex -81.3121 19.3041 18.4108
 endloop
endfacet
facet normal -0.329418 0.790366 0.516532
 outer loop
  vertex -81.3121 19.3041 18.4108
  vertex -80.7695 19.0667 19.1962
  vertex -80.6135 19.2899 18.9049
 endloop
endfacet
facet normal -0.788155 0.124589 0.602736
 outer loop
  vertex -81.1097 20.0042 18.2088
  vertex -81.6268 20.026 17.5852
  vertex -81.6838 19.6605 17.6247
 endloop
endfacet
facet normal -0.919105 0.124965 0.373671
 outer loop
  vertex -81.6268 20.026 17.5852
  vertex -81.9518 20.0511 16.8676
  vertex -82.0205 19.6846 16.8788
 endloop
endfacet
facet normal -0.712504 0.428666 0.555502
 outer loop
  vertex -81.6838 19.6605 17.6247
  vertex -81.7631 19.4828 17.6699
  vertex -81.1606 19.6402 18.2547
 endloop
endfacet
facet normal -0.832674 0.430073 0.348842
 outer loop
  vertex -81.6838 19.6605 17.6247
  vertex -82.0205 19.6846 16.8788
  vertex -82.1098 19.5063 16.9011
 endloop
endfacet
facet normal -0.73307 0.603082 0.314483
 outer loop
  vertex -82.1098 19.5063 16.9011
  vertex -82.2341 19.3469 16.9344
  vertex -81.7631 19.4828 17.6699
 endloop
endfacet
facet normal -0.626499 0.601185 0.49606
 outer loop
  vertex -81.7631 19.4828 17.6699
  vertex -81.8732 19.3237 17.7348
  vertex -81.2242 19.4629 18.3193
 endloop
endfacet
facet normal -0.527784 0.0937859 0.844185
 outer loop
  vertex -80.4734 19.9886 18.6569
  vertex -80.4834 19.809 18.6705
  vertex -79.0032 19.8656 19.665
 endloop
endfacet
facet normal -0.582726 0.18354 0.791671
 outer loop
  vertex -79.0032 19.8656 19.665
  vertex -80.4834 19.809 18.6705
  vertex -79.0335 19.6985 19.6803
 endloop
endfacet
facet normal -0.668724 0.350213 0.655865
 outer loop
  vertex -77.8365 19.5965 21.0556
  vertex -79.0335 19.6985 19.6803
  vertex -79.0772 19.5307 19.7261
 endloop
endfacet
facet normal -0.611317 0.511667 0.603729
 outer loop
  vertex -77.8971 19.4421 21.0928
  vertex -79.0772 19.5307 19.7261
  vertex -79.1422 19.3718 19.7968
 endloop
endfacet
facet normal -0.532221 0.660159 0.530029
 outer loop
  vertex -77.9811 19.2978 21.1461
  vertex -79.1422 19.3718 19.7968
  vertex -79.2268 19.2311 19.8904
 endloop
endfacet
facet normal -0.417543 0.827649 0.37504
 outer loop
  vertex -78.0862 19.1712 21.2142
  vertex -79.2268 19.2311 19.8904
  vertex -78.3403 18.995 21.3823
 endloop
endfacet
facet normal -0.396594 0.904931 0.154317
 outer loop
  vertex -77.326 19.1153 22.7938
  vertex -78.3403 18.995 21.3823
  vertex -77.3315 18.9099 24.4836
 endloop
endfacet
facet normal -0.512262 0.853331 0.0970265
 outer loop
  vertex -77.0325 19.069 24.479
  vertex -77.326 19.1153 22.7938
  vertex -77.3315 18.9099 24.4836
 endloop
endfacet
facet normal -0.691024 0.716022 0.0989908
 outer loop
  vertex -77.0325 19.069 24.479
  vertex -76.8043 19.3194 24.4788
  vertex -77.326 19.1153 22.7938
 endloop
endfacet
facet normal -0.756381 0.628916 0.179865
 outer loop
  vertex -77.326 19.1153 22.7938
  vertex -76.8043 19.3194 24.4788
  vertex -77.1093 19.3686 22.7293
 endloop
endfacet
facet normal -0.721328 0.558076 0.410167
 outer loop
  vertex -77.9811 19.2978 21.1461
  vertex -77.1093 19.3686 22.7293
  vertex -77.8971 19.4421 21.0928
 endloop
endfacet
facet normal -0.625708 0.579065 0.52266
 outer loop
  vertex -79.1422 19.3718 19.7968
  vertex -77.9811 19.2978 21.1461
  vertex -77.8971 19.4421 21.0928
 endloop
endfacet
facet normal -0.508565 0.272552 0.816748
 outer loop
  vertex -80.4834 19.809 18.6705
  vertex -80.5093 19.6287 18.7149
  vertex -79.0335 19.6985 19.6803
 endloop
endfacet
facet normal -0.551871 0.358143 0.753108
 outer loop
  vertex -79.0335 19.6985 19.6803
  vertex -80.5093 19.6287 18.7149
  vertex -79.0772 19.5307 19.7261
 endloop
endfacet
facet normal -0.4701 0.449952 0.759308
 outer loop
  vertex -79.0772 19.5307 19.7261
  vertex -80.5093 19.6287 18.7149
  vertex -80.5536 19.4485 18.7945
 endloop
endfacet
facet normal -0.412913 0.615511 0.671304
 outer loop
  vertex -79.1422 19.3718 19.7968
  vertex -80.5536 19.4485 18.7945
  vertex -80.6135 19.2899 18.9049
 endloop
endfacet
facet normal -0.315426 0.799906 0.510546
 outer loop
  vertex -79.2268 19.2311 19.8904
  vertex -80.6135 19.2899 18.9049
  vertex -80.7695 19.0667 19.1962
 endloop
endfacet
facet normal -0.148732 0.969123 0.19667
 outer loop
  vertex -78.3403 18.995 21.3823
  vertex -80.7695 19.0667 19.1962
  vertex -78.6106 18.9353 21.5645
 endloop
endfacet
facet normal -0.0912277 0.991936 0.0879848
 outer loop
  vertex -77.917 18.8987 22.9625
  vertex -78.3403 18.995 21.3823
  vertex -78.6106 18.9353 21.5645
 endloop
endfacet
facet normal -0.197839 0.976009 0.0909166
 outer loop
  vertex -77.917 18.8987 22.9625
  vertex -77.3315 18.9099 24.4836
  vertex -78.3403 18.995 21.3823
 endloop
endfacet
facet normal -0.106243 0.993909 0.029282
 outer loop
  vertex -77.917 18.8987 22.9625
  vertex -77.6452 18.8587 24.4916
  vertex -77.3315 18.9099 24.4836
 endloop
endfacet
facet normal -0.0572014 0.989197 0.13497
 outer loop
  vertex -80.7695 19.0667 19.1962
  vertex -80.9402 18.989 19.5151
  vertex -78.6106 18.9353 21.5645
 endloop
endfacet
facet normal -0.928529 0.347283 0.131256
 outer loop
  vertex -76.677 19.6107 24.4827
  vertex -76.9844 19.6639 22.7121
  vertex -76.8043 19.3194 24.4788
 endloop
endfacet
facet normal -0.871057 0.442608 0.212974
 outer loop
  vertex -76.8043 19.3194 24.4788
  vertex -76.9844 19.6639 22.7121
  vertex -77.1093 19.3686 22.7293
 endloop
endfacet
facet normal -0.878866 0.329806 0.344708
 outer loop
  vertex -77.1093 19.3686 22.7293
  vertex -76.9844 19.6639 22.7121
  vertex -77.3077 19.702 21.898
 endloop
endfacet
facet normal -0.79564 0.351541 0.493331
 outer loop
  vertex -77.8971 19.4421 21.0928
  vertex -77.3077 19.702 21.898
  vertex -77.8365 19.5965 21.0556
 endloop
endfacet
facet normal -0.696741 0.425776 0.577292
 outer loop
  vertex -79.0772 19.5307 19.7261
  vertex -77.8971 19.4421 21.0928
  vertex -77.8365 19.5965 21.0556
 endloop
endfacet
facet normal -0.824091 0.245404 0.51054
 outer loop
  vertex -77.3077 19.702 21.898
  vertex -77.7854 19.752 21.0557
  vertex -77.8365 19.5965 21.0556
 endloop
endfacet
facet normal -0.754124 0.208799 0.622655
 outer loop
  vertex -77.8365 19.5965 21.0556
  vertex -77.7854 19.752 21.0557
  vertex -79.0032 19.8656 19.665
 endloop
endfacet
facet normal -0.692592 0.237773 0.681014
 outer loop
  vertex -79.0335 19.6985 19.6803
  vertex -77.8365 19.5965 21.0556
  vertex -79.0032 19.8656 19.665
 endloop
endfacet
facet normal -0.682164 0.659351 0.316082
 outer loop
  vertex -77.1093 19.3686 22.7293
  vertex -77.9811 19.2978 21.1461
  vertex -77.326 19.1153 22.7938
 endloop
endfacet
facet normal -0.584236 0.73354 0.347257
 outer loop
  vertex -77.326 19.1153 22.7938
  vertex -77.9811 19.2978 21.1461
  vertex -78.0862 19.1712 21.2142
 endloop
endfacet
facet normal -0.467247 0.841883 0.270024
 outer loop
  vertex -78.3403 18.995 21.3823
  vertex -77.326 19.1153 22.7938
  vertex -78.0862 19.1712 21.2142
 endloop
endfacet
facet normal -0.533178 0.716446 0.449918
 outer loop
  vertex -78.0862 19.1712 21.2142
  vertex -77.9811 19.2978 21.1461
  vertex -79.2268 19.2311 19.8904
 endloop
endfacet
facet normal -0.429428 0.68012 0.594162
 outer loop
  vertex -79.2268 19.2311 19.8904
  vertex -79.1422 19.3718 19.7968
  vertex -80.6135 19.2899 18.9049
 endloop
endfacet
facet normal -0.50029 0.526976 0.687028
 outer loop
  vertex -79.1422 19.3718 19.7968
  vertex -79.0772 19.5307 19.7261
  vertex -80.5536 19.4485 18.7945
 endloop
endfacet
facet normal -0.810626 0.418689 0.409371
 outer loop
  vertex -77.8971 19.4421 21.0928
  vertex -77.1093 19.3686 22.7293
  vertex -77.3077 19.702 21.898
 endloop
endfacet
facet normal -0.297125 0.882283 0.365093
 outer loop
  vertex -80.7695 19.0667 19.1962
  vertex -78.3403 18.995 21.3823
  vertex -79.2268 19.2311 19.8904
 endloop
endfacet
facet normal -0.93684 0.347836 0.0366299
 outer loop
  vertex -76.3639 19.3344 35.1222
  vertex -76.677 19.6107 24.4827
  vertex -76.4911 19.041 35.1182
 endloop
endfacet
facet normal -0.893582 0.447293 0.03795
 outer loop
  vertex -76.4911 19.041 35.1182
  vertex -76.677 19.6107 24.4827
  vertex -76.8043 19.3194 24.4788
 endloop
endfacet
facet normal -0.697859 0.715161 0.039217
 outer loop
  vertex -76.719 18.7911 35.1184
  vertex -76.8043 19.3194 24.4788
  vertex -77.0325 19.069 24.479
 endloop
endfacet
facet normal -0.419823 0.906889 0.0360733
 outer loop
  vertex -77.0171 18.6315 35.123
  vertex -77.0325 19.069 24.479
  vertex -77.3315 18.9099 24.4836
 endloop
endfacet
facet normal -0.212665 0.976607 0.0318193
 outer loop
  vertex -77.6452 18.8587 24.4916
  vertex -77.0171 18.6315 35.123
  vertex -77.3315 18.9099 24.4836
 endloop
endfacet
facet normal -0.106423 0.993894 0.0291541
 outer loop
  vertex -77.6452 18.8587 24.4916
  vertex -77.3327 18.5801 35.1309
  vertex -77.0171 18.6315 35.123
 endloop
endfacet
facet normal -0.520649 0.852941 0.037629
 outer loop
  vertex -77.0171 18.6315 35.123
  vertex -76.719 18.7911 35.1184
  vertex -77.0325 19.069 24.479
 endloop
endfacet
facet normal -0.775138 0.630569 0.0392826
 outer loop
  vertex -76.719 18.7911 35.1184
  vertex -76.4911 19.041 35.1182
  vertex -76.8043 19.3194 24.4788
 endloop
endfacet
facet normal 0 0.996284 0.0861241
 outer loop
  vertex -85.5804 18.5801 35.1309
  vertex -85.5617 18.4755 36.0254
  vertex -77.3327 18.5801 35.1309
 endloop
endfacet
facet normal 0 0.976611 0.215015
 outer loop
  vertex -77.3327 18.5801 35.1309
  vertex -85.5617 18.4755 36.0254
  vertex -77.3791 18.1521 37.0278
 endloop
endfacet
facet normal 0 0.942552 0.334059
 outer loop
  vertex -77.3791 18.1521 37.0278
  vertex -85.5617 18.4755 36.0254
  vertex -85.5426 18.1922 36.9351
 endloop
endfacet
facet normal 0 0.901316 0.433163
 outer loop
  vertex -85.5303 17.8981 37.5237
  vertex -77.3791 18.1521 37.0278
  vertex -85.5426 18.1922 36.9351
 endloop
endfacet
facet normal 0 0.870681 0.491848
 outer loop
  vertex -85.5303 17.8981 37.5237
  vertex -85.5244 17.72 37.8063
  vertex -77.3791 18.1521 37.0278
 endloop
endfacet
facet normal 0 0.821916 0.569609
 outer loop
  vertex -77.3791 18.1521 37.0278
  vertex -85.5244 17.72 37.8063
  vertex -77.6258 17.0481 38.6034
 endloop
endfacet
facet normal 0 0.743057 0.669228
 outer loop
  vertex -77.6258 17.0481 38.6034
  vertex -85.5244 17.72 37.8063
  vertex -85.5081 17.0707 38.5815
 endloop
endfacet
facet normal 0 0.646337 0.763052
 outer loop
  vertex -85.4949 16.2788 39.2103
  vertex -77.6258 17.0481 38.6034
  vertex -85.5081 17.0707 38.5815
 endloop
endfacet
facet normal 0 0.594183 0.80433
 outer loop
  vertex -85.4949 16.2788 39.2103
  vertex -77.8015 16.2938 39.2006
  vertex -77.6258 17.0481 38.6034
 endloop
endfacet
facet normal 0 0.521532 0.853231
 outer loop
  vertex -85.4949 16.2788 39.2103
  vertex -85.4914 15.9916 39.3809
  vertex -77.8015 16.2938 39.2006
 endloop
endfacet
facet normal 0 0.467297 0.8841
 outer loop
  vertex -77.8015 16.2938 39.2006
  vertex -85.4914 15.9916 39.3809
  vertex -77.9956 15.4476 39.6388
 endloop
endfacet
facet normal 0 0.40668 0.913571
 outer loop
  vertex -77.9956 15.4476 39.6388
  vertex -85.4914 15.9916 39.3809
  vertex -85.4855 15.3955 39.6595
 endloop
endfacet
facet normal 0 0.244933 0.96954
 outer loop
  vertex -78.1991 14.531 39.9091
  vertex -85.4855 15.3955 39.6595
  vertex -85.4801 14.4788 39.9189
 endloop
endfacet
facet normal 0 0.0600149 0.998197
 outer loop
  vertex -78.4011 13.5818 40
  vertex -85.4801 14.4788 39.9189
  vertex -85.4784 13.5818 40
 endloop
endfacet
facet normal 0 0.123556 0.992338
 outer loop
  vertex -78.4011 13.5818 40
  vertex -78.1991 14.531 39.9091
  vertex -85.4801 14.4788 39.9189
 endloop
endfacet
facet normal 0 0.309774 0.95081
 outer loop
  vertex -78.1991 14.531 39.9091
  vertex -77.9956 15.4476 39.6388
  vertex -85.4855 15.3955 39.6595
 endloop
endfacet
facet normal 0 2.55449E-16 1
 outer loop
  vertex -78.4011 13.5818 40
  vertex -85.4784 13.5818 40
  vertex -78.8487 10.6808 40
 endloop
endfacet
facet normal 0 2.55449E-16 1
 outer loop
  vertex -78.8487 10.6808 40
  vertex -85.4784 13.5818 40
  vertex -79.4887 -3.56984 40
 endloop
endfacet
facet normal 0 2.55449E-16 1
 outer loop
  vertex -79.4887 -3.56984 40
  vertex -85.4784 13.5818 40
  vertex -85.4784 -13.5818 40
 endloop
endfacet
facet normal 0 2.55449E-16 1
 outer loop
  vertex -78.4011 -13.5818 40
  vertex -79.4887 -3.56984 40
  vertex -85.4784 -13.5818 40
 endloop
endfacet
facet normal 0 -0.0638635 0.997959
 outer loop
  vertex -78.4011 -13.5818 40
  vertex -85.4784 -13.5818 40
  vertex -78.1981 -14.5358 39.9081
 endloop
endfacet
facet normal 0 -0.123878 0.992297
 outer loop
  vertex -78.1981 -14.5358 39.9081
  vertex -85.4784 -13.5818 40
  vertex -85.4801 -14.4788 39.9189
 endloop
endfacet
facet normal 0 -0.245249 0.96946
 outer loop
  vertex -85.4855 -15.3955 39.6595
  vertex -78.1981 -14.5358 39.9081
  vertex -85.4801 -14.4788 39.9189
 endloop
endfacet
facet normal 0 -0.310359 0.950619
 outer loop
  vertex -85.4855 -15.3955 39.6595
  vertex -77.9947 -15.4516 39.6372
  vertex -78.1981 -14.5358 39.9081
 endloop
endfacet
facet normal 0 -0.406947 0.913452
 outer loop
  vertex -85.4855 -15.3955 39.6595
  vertex -85.4914 -15.9916 39.3809
  vertex -77.9947 -15.4516 39.6372
 endloop
endfacet
facet normal 0 -0.467989 0.883734
 outer loop
  vertex -77.9947 -15.4516 39.6372
  vertex -85.4914 -15.9916 39.3809
  vertex -77.8001 -16.3 39.1966
 endloop
endfacet
facet normal 0 -0.521952 0.852975
 outer loop
  vertex -77.8001 -16.3 39.1966
  vertex -85.4914 -15.9916 39.3809
  vertex -85.4949 -16.2788 39.2103
 endloop
endfacet
facet normal 0 -0.596261 0.802791
 outer loop
  vertex -85.5081 -17.0707 38.5815
  vertex -77.8001 -16.3 39.1966
  vertex -85.4949 -16.2788 39.2103
 endloop
endfacet
facet normal 0 -0.647785 0.761823
 outer loop
  vertex -85.5081 -17.0707 38.5815
  vertex -77.6252 -17.0505 38.6011
  vertex -77.8001 -16.3 39.1966
 endloop
endfacet
facet normal 0 -0.743205 0.669063
 outer loop
  vertex -85.5081 -17.0707 38.5815
  vertex -85.5244 -17.72 37.8063
  vertex -77.6252 -17.0505 38.6011
 endloop
endfacet
facet normal 0 -0.822193 0.569209
 outer loop
  vertex -77.6252 -17.0505 38.6011
  vertex -85.5244 -17.72 37.8063
  vertex -77.3787 -18.1538 37.0241
 endloop
endfacet
facet normal 0 -0.870813 0.491614
 outer loop
  vertex -77.3787 -18.1538 37.0241
  vertex -85.5244 -17.72 37.8063
  vertex -85.5303 -17.8981 37.5237
 endloop
endfacet
facet normal 0 -0.901432 0.43292
 outer loop
  vertex -85.5426 -18.1922 36.9351
  vertex -77.3787 -18.1538 37.0241
  vertex -85.5303 -17.8981 37.5237
 endloop
endfacet
facet normal 0 -0.942642 0.333805
 outer loop
  vertex -85.5426 -18.1922 36.9351
  vertex -85.5617 -18.4755 36.0254
  vertex -77.3787 -18.1538 37.0241
 endloop
endfacet
facet normal 0 -0.976668 0.214754
 outer loop
  vertex -77.3787 -18.1538 37.0241
  vertex -85.5617 -18.4755 36.0254
  vertex -77.3327 -18.5801 35.1309
 endloop
endfacet
facet normal 0 -0.996284 0.0861241
 outer loop
  vertex -77.3327 -18.5801 35.1309
  vertex -85.5617 -18.4755 36.0254
  vertex -85.5804 -18.5801 35.1309
 endloop
endfacet
facet normal 0.171862 -0.985121 0
 outer loop
  vertex 56 76 8
  vertex 54.5 75.5981 8
  vertex 56 76 0
 endloop
endfacet
facet normal 0.343724 -0.939071 0
 outer loop
  vertex 56 76 0
  vertex 54.5 75.5981 8
  vertex 54.5 75.5981 0
 endloop
endfacet
facet normal 0.641397 -0.767209 0
 outer loop
  vertex 54.5 75.5981 0
  vertex 54.5 75.5981 8
  vertex 53.4019 74.5 8
 endloop
endfacet
facet normal 0.939071 -0.343724 0
 outer loop
  vertex 53.4019 74.5 0
  vertex 53.4019 74.5 8
  vertex 53 73 8
 endloop
endfacet
facet normal 0.985121 0.171862 0
 outer loop
  vertex 53 73 0
  vertex 53 73 8
  vertex 53.4019 71.5 8
 endloop
endfacet
facet normal 0.767209 0.641397 0
 outer loop
  vertex 53.4019 71.5 0
  vertex 53.4019 71.5 8
  vertex 54.5 70.4019 8
 endloop
endfacet
facet normal 0.343724 0.939071 0
 outer loop
  vertex 54.5 70.4019 0
  vertex 54.5 70.4019 8
  vertex 56 70 8
 endloop
endfacet
facet normal 0.171862 0.985121 0
 outer loop
  vertex 56 70 0
  vertex 54.5 70.4019 0
  vertex 56 70 8
 endloop
endfacet
facet normal 0.641397 0.767209 0
 outer loop
  vertex 54.5 70.4019 0
  vertex 53.4019 71.5 0
  vertex 54.5 70.4019 8
 endloop
endfacet
facet normal 0.939071 0.343724 0
 outer loop
  vertex 53.4019 71.5 0
  vertex 53 73 0
  vertex 53.4019 71.5 8
 endloop
endfacet
facet normal 0.985121 -0.171862 0
 outer loop
  vertex 53 73 0
  vertex 53.4019 74.5 0
  vertex 53 73 8
 endloop
endfacet
facet normal 0.767209 -0.641397 0
 outer loop
  vertex 53.4019 74.5 0
  vertex 54.5 75.5981 0
  vertex 53.4019 74.5 8
 endloop
endfacet
facet normal -0.748348 -0.663306 0
 outer loop
  vertex 79.2315 -24.8753 4
  vertex 78.3266 -23.7166 4
  vertex 79.2315 -24.8753 0
 endloop
endfacet
facet normal -0.824908 -0.565267 0
 outer loop
  vertex 79.2315 -24.8753 0
  vertex 78.3266 -23.7166 4
  vertex 78.3266 -23.7166 0
 endloop
endfacet
facet normal -0.937438 -0.348152 0
 outer loop
  vertex 78.3266 -23.7166 0
  vertex 78.3266 -23.7166 4
  vertex 77.9015 -22.3093 4
 endloop
endfacet
facet normal -0.999902 0.0140292 0
 outer loop
  vertex 77.9015 -22.3093 0
  vertex 77.9015 -22.3093 4
  vertex 78.0135 -20.8435 4
 endloop
endfacet
facet normal -0.990424 0.138058 0
 outer loop
  vertex 78.0135 -20.8435 0
  vertex 77.9015 -22.3093 0
  vertex 78.0135 -20.8435 4
 endloop
endfacet
facet normal -0.973409 -0.229076 0
 outer loop
  vertex 77.9015 -22.3093 0
  vertex 78.3266 -23.7166 0
  vertex 77.9015 -22.3093 4
 endloop
endfacet
facet normal -0.182039 0.983291 0
 outer loop
  vertex 76.6844 -31.8734 4
  vertex 78.5153 -31.378 4
  vertex 76.6844 -31.8734 0
 endloop
endfacet
facet normal -0.338577 0.940939 0
 outer loop
  vertex 76.6844 -31.8734 0
  vertex 78.5153 -31.378 4
  vertex 78.5153 -31.378 0
 endloop
endfacet
facet normal -0.614545 0.788882 0
 outer loop
  vertex 78.5153 -31.378 0
  vertex 78.5153 -31.378 4
  vertex 79.9122 -30.0949 4
 endloop
endfacet
facet normal -0.908866 0.417088 0
 outer loop
  vertex 79.9122 -30.0949 0
  vertex 79.9122 -30.0949 4
  vertex 80.5609 -28.3125 4
 endloop
endfacet
facet normal -0.998824 -0.0484918 0
 outer loop
  vertex 80.5609 -28.3125 0
  vertex 80.5609 -28.3125 4
  vertex 80.3156 -26.4317 4
 endloop
endfacet
facet normal -0.864189 -0.503167 -0
 outer loop
  vertex 80.3156 -26.4317 0
  vertex 80.3156 -26.4317 4
  vertex 79.2315 -24.8753 4
 endloop
endfacet
facet normal -0.771497 -0.636233 -0
 outer loop
  vertex 79.2315 -24.8753 0
  vertex 80.3156 -26.4317 0
  vertex 79.2315 -24.8753 4
 endloop
endfacet
facet normal -0.977852 -0.209297 0
 outer loop
  vertex 80.3156 -26.4317 0
  vertex 80.5609 -28.3125 0
  vertex 80.3156 -26.4317 4
 endloop
endfacet
facet normal -0.964331 0.2647 0
 outer loop
  vertex 80.5609 -28.3125 0
  vertex 79.9122 -30.0949 0
  vertex 80.5609 -28.3125 4
 endloop
endfacet
facet normal -0.733973 0.679178 0
 outer loop
  vertex 79.9122 -30.0949 0
  vertex 78.5153 -31.378 0
  vertex 79.9122 -30.0949 4
 endloop
endfacet
facet normal -0.847451 0.530874 0
 outer loop
  vertex 73.1598 -34.1791 0
  vertex 73.1598 -34.1791 4
  vertex 74.0162 -32.9842 0
 endloop
endfacet
facet normal -0.774987 0.631977 0
 outer loop
  vertex 74.0162 -32.9842 0
  vertex 73.1598 -34.1791 4
  vertex 74.0162 -32.9842 4
 endloop
endfacet
facet normal -0.494331 0.869274 0
 outer loop
  vertex 75.2465 -32.1794 0
  vertex 74.0162 -32.9842 4
  vertex 75.2465 -32.1794 4
 endloop
endfacet
facet normal -0.146903 0.989151 0
 outer loop
  vertex 76.6844 -31.8734 0
  vertex 75.2465 -32.1794 4
  vertex 76.6844 -31.8734 4
 endloop
endfacet
facet normal -0.268569 0.96326 0
 outer loop
  vertex 76.6844 -31.8734 0
  vertex 75.2465 -32.1794 0
  vertex 75.2465 -32.1794 4
 endloop
endfacet
facet normal -0.598427 0.801177 0
 outer loop
  vertex 75.2465 -32.1794 0
  vertex 74.0162 -32.9842 0
  vertex 74.0162 -32.9842 4
 endloop
endfacet
facet normal -0.491932 0.870634 0
 outer loop
  vertex 34.1791 -73.1598 4
  vertex 50.0992 -63.3295 4
  vertex 34.1791 -73.1598 0
 endloop
endfacet
facet normal -0.558045 0.829811 0
 outer loop
  vertex 34.1791 -73.1598 0
  vertex 50.0992 -63.3295 4
  vertex 50.0992 -63.3295 0
 endloop
endfacet
facet normal -0.679101 0.734045 0
 outer loop
  vertex 50.0992 -63.3295 0
  vertex 50.0992 -63.3295 4
  vertex 63.3295 -50.0992 4
 endloop
endfacet
facet normal -0.829811 0.558045 0
 outer loop
  vertex 63.3295 -50.0992 0
  vertex 63.3295 -50.0992 4
  vertex 73.1598 -34.1791 4
 endloop
endfacet
facet normal -0.870634 0.491932 0
 outer loop
  vertex 73.1598 -34.1791 0
  vertex 63.3295 -50.0992 0
  vertex 73.1598 -34.1791 4
 endloop
endfacet
facet normal -0.734045 0.679101 0
 outer loop
  vertex 63.3295 -50.0992 0
  vertex 50.0992 -63.3295 0
  vertex 63.3295 -50.0992 4
 endloop
endfacet
facet normal -0.989151 0.146903 0
 outer loop
  vertex 31.8734 -76.6844 0
  vertex 31.8734 -76.6844 4
  vertex 32.1794 -75.2465 0
 endloop
endfacet
facet normal -0.96326 0.268569 0
 outer loop
  vertex 32.1794 -75.2465 0
  vertex 31.8734 -76.6844 4
  vertex 32.1794 -75.2465 4
 endloop
endfacet
facet normal -0.801177 0.598427 0
 outer loop
  vertex 32.9842 -74.0162 0
  vertex 32.1794 -75.2465 4
  vertex 32.9842 -74.0162 4
 endloop
endfacet
facet normal -0.530874 0.847451 0
 outer loop
  vertex 34.1791 -73.1598 0
  vertex 32.9842 -74.0162 4
  vertex 34.1791 -73.1598 4
 endloop
endfacet
facet normal -0.631977 0.774987 0
 outer loop
  vertex 34.1791 -73.1598 0
  vertex 32.9842 -74.0162 0
  vertex 32.9842 -74.0162 4
 endloop
endfacet
facet normal -0.869274 0.494331 0
 outer loop
  vertex 32.9842 -74.0162 0
  vertex 32.1794 -75.2465 0
  vertex 32.1794 -75.2465 4
 endloop
endfacet
facet normal 0.636233 0.771497 0
 outer loop
  vertex 24.8753 -79.2315 4
  vertex 26.4317 -80.3156 4
  vertex 24.8753 -79.2315 0
 endloop
endfacet
facet normal 0.503167 0.864189 0
 outer loop
  vertex 24.8753 -79.2315 0
  vertex 26.4317 -80.3156 4
  vertex 26.4317 -80.3156 0
 endloop
endfacet
facet normal 0.244173 0.969732 0
 outer loop
  vertex 26.4317 -80.3156 0
  vertex 26.4317 -80.3156 4
  vertex 27.8746 -80.5849 0
 endloop
endfacet
facet normal 0.122086 0.992519 0
 outer loop
  vertex 27.8746 -80.5849 0
  vertex 26.4317 -80.3156 4
  vertex 27.8746 -80.5849 4
 endloop
endfacet
facet normal -0.0730786 0.997326 0
 outer loop
  vertex 28.3125 -80.5609 0
  vertex 27.8746 -80.5849 4
  vertex 28.3125 -80.5609 4
 endloop
endfacet
facet normal -0.2647 0.964331 0
 outer loop
  vertex 30.0949 -79.9122 4
  vertex 28.3125 -80.5609 0
  vertex 28.3125 -80.5609 4
 endloop
endfacet
facet normal -0.417088 0.908866 0
 outer loop
  vertex 30.0949 -79.9122 4
  vertex 30.0949 -79.9122 0
  vertex 28.3125 -80.5609 0
 endloop
endfacet
facet normal -0.679178 0.733973 0
 outer loop
  vertex 30.0949 -79.9122 4
  vertex 31.378 -78.5153 4
  vertex 30.0949 -79.9122 0
 endloop
endfacet
facet normal -0.788882 0.614545 0
 outer loop
  vertex 30.0949 -79.9122 0
  vertex 31.378 -78.5153 4
  vertex 31.378 -78.5153 0
 endloop
endfacet
facet normal -0.940939 0.338577 0
 outer loop
  vertex 31.378 -78.5153 0
  vertex 31.378 -78.5153 4
  vertex 31.8734 -76.6844 4
 endloop
endfacet
facet normal -0.983291 0.182039 0
 outer loop
  vertex 31.8734 -76.6844 0
  vertex 31.378 -78.5153 0
  vertex 31.8734 -76.6844 4
 endloop
endfacet
facet normal -0.0365393 0.999332 0
 outer loop
  vertex 28.3125 -80.5609 0
  vertex 27.8746 -80.5849 0
  vertex 27.8746 -80.5849 4
 endloop
endfacet
facet normal -0.138058 0.990424 0
 outer loop
  vertex 20.8435 -78.0135 0
  vertex 20.8435 -78.0135 4
  vertex 22.3093 -77.9015 0
 endloop
endfacet
facet normal -0.0140292 0.999902 0
 outer loop
  vertex 22.3093 -77.9015 0
  vertex 20.8435 -78.0135 4
  vertex 22.3093 -77.9015 4
 endloop
endfacet
facet normal 0.229076 0.973409 0
 outer loop
  vertex 23.7166 -78.3266 4
  vertex 22.3093 -77.9015 0
  vertex 22.3093 -77.9015 4
 endloop
endfacet
facet normal 0.348152 0.937438 0
 outer loop
  vertex 23.7166 -78.3266 4
  vertex 23.7166 -78.3266 0
  vertex 22.3093 -77.9015 0
 endloop
endfacet
facet normal 0.565267 0.824908 0
 outer loop
  vertex 23.7166 -78.3266 4
  vertex 24.8753 -79.2315 4
  vertex 23.7166 -78.3266 0
 endloop
endfacet
facet normal 0.663306 0.748348 0
 outer loop
  vertex 23.7166 -78.3266 0
  vertex 24.8753 -79.2315 4
  vertex 24.8753 -79.2315 0
 endloop
endfacet
facet normal 0.201733 0.979441 0
 outer loop
  vertex -20.8435 -78.0135 4
  vertex -7.01853 -80.4444 4
  vertex -20.8435 -78.0135 0
 endloop
endfacet
facet normal 0.144472 0.989509 0
 outer loop
  vertex -20.8435 -78.0135 0
  vertex -7.01853 -80.4444 4
  vertex -7.01853 -80.4444 0
 endloop
endfacet
facet normal 0.0579933 0.998317 0
 outer loop
  vertex -7.01853 -80.4444 0
  vertex -7.01853 -80.4444 4
  vertex 9.88902E-15 -80.75 0
 endloop
endfacet
facet normal 0.0289966 0.99958 0
 outer loop
  vertex 9.88902E-15 -80.75 0
  vertex -7.01853 -80.4444 4
  vertex 9.88902E-15 -80.75 4
 endloop
endfacet
facet normal -0.0579933 0.998317 0
 outer loop
  vertex 7.01853 -80.4444 0
  vertex 9.88902E-15 -80.75 4
  vertex 7.01853 -80.4444 4
 endloop
endfacet
facet normal -0.144472 0.989509 0
 outer loop
  vertex 20.8435 -78.0135 4
  vertex 7.01853 -80.4444 0
  vertex 7.01853 -80.4444 4
 endloop
endfacet
facet normal -0.201733 0.979441 0
 outer loop
  vertex 20.8435 -78.0135 4
  vertex 20.8435 -78.0135 0
  vertex 7.01853 -80.4444 0
 endloop
endfacet
facet normal -0.0289966 0.99958 0
 outer loop
  vertex 7.01853 -80.4444 0
  vertex 9.88902E-15 -80.75 0
  vertex 9.88902E-15 -80.75 4
 endloop
endfacet
facet normal -0.0937823 0.995593 0
 outer loop
  vertex -21.876 -77.878 4
  vertex -21.876 -77.878 0
  vertex -22.9914 -78.0366 4
 endloop
endfacet
facet normal -0.187565 0.982252 0
 outer loop
  vertex -22.9914 -78.0366 4
  vertex -21.876 -77.878 0
  vertex -22.9914 -78.0366 0
 endloop
endfacet
facet normal -0.454031 0.890986 0
 outer loop
  vertex -24.0183 -78.5001 4
  vertex -22.9914 -78.0366 0
  vertex -24.0183 -78.5001 0
 endloop
endfacet
facet normal -0.684478 0.729034 0
 outer loop
  vertex -24.8753 -79.2315 4
  vertex -24.0183 -78.5001 0
  vertex -24.8753 -79.2315 0
 endloop
endfacet
facet normal -0.612426 0.790528 0
 outer loop
  vertex -24.8753 -79.2315 4
  vertex -24.0183 -78.5001 4
  vertex -24.0183 -78.5001 0
 endloop
endfacet
facet normal -0.367689 0.929949 0
 outer loop
  vertex -24.0183 -78.5001 4
  vertex -22.9914 -78.0366 4
  vertex -22.9914 -78.0366 0
 endloop
endfacet
facet normal 0.983291 0.182039 0
 outer loop
  vertex -31.8734 -76.6844 4
  vertex -31.378 -78.5153 4
  vertex -31.8734 -76.6844 0
 endloop
endfacet
facet normal 0.940939 0.338577 0
 outer loop
  vertex -31.8734 -76.6844 0
  vertex -31.378 -78.5153 4
  vertex -31.378 -78.5153 0
 endloop
endfacet
facet normal 0.788882 0.614545 0
 outer loop
  vertex -31.378 -78.5153 0
  vertex -31.378 -78.5153 4
  vertex -30.0949 -79.9122 4
 endloop
endfacet
facet normal 0.417088 0.908866 0
 outer loop
  vertex -30.0949 -79.9122 0
  vertex -30.0949 -79.9122 4
  vertex -28.3125 -80.5609 4
 endloop
endfacet
facet normal 0.0730786 0.997326 0
 outer loop
  vertex -28.3125 -80.5609 0
  vertex -28.3125 -80.5609 4
  vertex -27.8746 -80.5849 0
 endloop
endfacet
facet normal 0.2647 0.964331 0
 outer loop
  vertex -28.3125 -80.5609 0
  vertex -30.0949 -79.9122 0
  vertex -28.3125 -80.5609 4
 endloop
endfacet
facet normal 0.0365393 0.999332 0
 outer loop
  vertex -28.3125 -80.5609 4
  vertex -27.8746 -80.5849 4
  vertex -27.8746 -80.5849 0
 endloop
endfacet
facet normal -0.122086 0.992519 0
 outer loop
  vertex -27.8746 -80.5849 0
  vertex -27.8746 -80.5849 4
  vertex -26.4317 -80.3156 0
 endloop
endfacet
facet normal -0.244173 0.969732 0
 outer loop
  vertex -26.4317 -80.3156 0
  vertex -27.8746 -80.5849 4
  vertex -26.4317 -80.3156 4
 endloop
endfacet
facet normal -0.503167 0.864189 0
 outer loop
  vertex -24.8753 -79.2315 4
  vertex -26.4317 -80.3156 0
  vertex -26.4317 -80.3156 4
 endloop
endfacet
facet normal -0.636233 0.771497 0
 outer loop
  vertex -24.8753 -79.2315 4
  vertex -24.8753 -79.2315 0
  vertex -26.4317 -80.3156 0
 endloop
endfacet
facet normal 0.679178 0.733973 0
 outer loop
  vertex -30.0949 -79.9122 0
  vertex -31.378 -78.5153 0
  vertex -30.0949 -79.9122 4
 endloop
endfacet
facet normal 0.530874 0.847451 0
 outer loop
  vertex -34.1791 -73.1598 0
  vertex -34.1791 -73.1598 4
  vertex -32.9842 -74.0162 0
 endloop
endfacet
facet normal 0.631977 0.774987 0
 outer loop
  vertex -32.9842 -74.0162 0
  vertex -34.1791 -73.1598 4
  vertex -32.9842 -74.0162 4
 endloop
endfacet
facet normal 0.869274 0.494331 0
 outer loop
  vertex -32.1794 -75.2465 0
  vertex -32.9842 -74.0162 4
  vertex -32.1794 -75.2465 4
 endloop
endfacet
facet normal 0.989151 0.146903 0
 outer loop
  vertex -31.8734 -76.6844 0
  vertex -32.1794 -75.2465 4
  vertex -31.8734 -76.6844 4
 endloop
endfacet
facet normal 0.96326 0.268569 0
 outer loop
  vertex -31.8734 -76.6844 0
  vertex -32.1794 -75.2465 0
  vertex -32.1794 -75.2465 4
 endloop
endfacet
facet normal 0.801177 0.598427 0
 outer loop
  vertex -32.1794 -75.2465 0
  vertex -32.9842 -74.0162 0
  vertex -32.9842 -74.0162 4
 endloop
endfacet
facet normal 0.870634 0.491932 0
 outer loop
  vertex -73.1598 -34.1791 4
  vertex -63.3295 -50.0992 4
  vertex -73.1598 -34.1791 0
 endloop
endfacet
facet normal 0.829811 0.558045 0
 outer loop
  vertex -73.1598 -34.1791 0
  vertex -63.3295 -50.0992 4
  vertex -63.3295 -50.0992 0
 endloop
endfacet
facet normal 0.734045 0.679101 0
 outer loop
  vertex -63.3295 -50.0992 0
  vertex -63.3295 -50.0992 4
  vertex -50.0992 -63.3295 4
 endloop
endfacet
facet normal 0.558045 0.829811 0
 outer loop
  vertex -50.0992 -63.3295 0
  vertex -50.0992 -63.3295 4
  vertex -34.1791 -73.1598 4
 endloop
endfacet
facet normal 0.491932 0.870634 0
 outer loop
  vertex -34.1791 -73.1598 0
  vertex -50.0992 -63.3295 0
  vertex -34.1791 -73.1598 4
 endloop
endfacet
facet normal 0.679101 0.734045 0
 outer loop
  vertex -50.0992 -63.3295 0
  vertex -63.3295 -50.0992 0
  vertex -50.0992 -63.3295 4
 endloop
endfacet
facet normal 0.146903 0.989151 0
 outer loop
  vertex -76.6844 -31.8734 0
  vertex -76.6844 -31.8734 4
  vertex -75.2465 -32.1794 0
 endloop
endfacet
facet normal 0.268569 0.96326 0
 outer loop
  vertex -75.2465 -32.1794 0
  vertex -76.6844 -31.8734 4
  vertex -75.2465 -32.1794 4
 endloop
endfacet
facet normal 0.598427 0.801177 0
 outer loop
  vertex -74.0162 -32.9842 0
  vertex -75.2465 -32.1794 4
  vertex -74.0162 -32.9842 4
 endloop
endfacet
facet normal 0.847451 0.530874 0
 outer loop
  vertex -73.1598 -34.1791 0
  vertex -74.0162 -32.9842 4
  vertex -73.1598 -34.1791 4
 endloop
endfacet
facet normal 0.774987 0.631977 0
 outer loop
  vertex -73.1598 -34.1791 0
  vertex -74.0162 -32.9842 0
  vertex -74.0162 -32.9842 4
 endloop
endfacet
facet normal 0.494331 0.869274 0
 outer loop
  vertex -74.0162 -32.9842 0
  vertex -75.2465 -32.1794 0
  vertex -75.2465 -32.1794 4
 endloop
endfacet
facet normal 0.771497 -0.636233 0
 outer loop
  vertex -79.2315 -24.8753 4
  vertex -80.3156 -26.4317 4
  vertex -79.2315 -24.8753 0
 endloop
endfacet
facet normal 0.864189 -0.503167 0
 outer loop
  vertex -79.2315 -24.8753 0
  vertex -80.3156 -26.4317 4
  vertex -80.3156 -26.4317 0
 endloop
endfacet
facet normal 0.977852 -0.209297 0
 outer loop
  vertex -80.3156 -26.4317 0
  vertex -80.3156 -26.4317 4
  vertex -80.5609 -28.3125 4
 endloop
endfacet
facet normal 0.964331 0.2647 0
 outer loop
  vertex -80.5609 -28.3125 0
  vertex -80.5609 -28.3125 4
  vertex -79.9122 -30.0949 4
 endloop
endfacet
facet normal 0.733973 0.679178 0
 outer loop
  vertex -79.9122 -30.0949 0
  vertex -79.9122 -30.0949 4
  vertex -78.5153 -31.378 4
 endloop
endfacet
facet normal 0.338577 0.940939 0
 outer loop
  vertex -78.5153 -31.378 0
  vertex -78.5153 -31.378 4
  vertex -76.6844 -31.8734 4
 endloop
endfacet
facet normal 0.182039 0.983291 0
 outer loop
  vertex -76.6844 -31.8734 0
  vertex -78.5153 -31.378 0
  vertex -76.6844 -31.8734 4
 endloop
endfacet
facet normal 0.614545 0.788882 0
 outer loop
  vertex -78.5153 -31.378 0
  vertex -79.9122 -30.0949 0
  vertex -78.5153 -31.378 4
 endloop
endfacet
facet normal 0.908866 0.417088 0
 outer loop
  vertex -79.9122 -30.0949 0
  vertex -80.5609 -28.3125 0
  vertex -79.9122 -30.0949 4
 endloop
endfacet
facet normal 0.998824 -0.0484918 0
 outer loop
  vertex -80.5609 -28.3125 0
  vertex -80.3156 -26.4317 0
  vertex -80.5609 -28.3125 4
 endloop
endfacet
facet normal 0.990424 0.138058 0
 outer loop
  vertex -78.0135 -20.8435 4
  vertex -77.9015 -22.3093 4
  vertex -78.0135 -20.8435 0
 endloop
endfacet
facet normal 0.999902 0.0140292 0
 outer loop
  vertex -78.0135 -20.8435 0
  vertex -77.9015 -22.3093 4
  vertex -77.9015 -22.3093 0
 endloop
endfacet
facet normal 0.973409 -0.229076 0
 outer loop
  vertex -77.9015 -22.3093 0
  vertex -77.9015 -22.3093 4
  vertex -78.3266 -23.7166 4
 endloop
endfacet
facet normal 0.824908 -0.565267 0
 outer loop
  vertex -78.3266 -23.7166 0
  vertex -78.3266 -23.7166 4
  vertex -79.2315 -24.8753 4
 endloop
endfacet
facet normal 0.748348 -0.663306 0
 outer loop
  vertex -79.2315 -24.8753 0
  vertex -78.3266 -23.7166 0
  vertex -79.2315 -24.8753 4
 endloop
endfacet
facet normal 0.937438 -0.348152 0
 outer loop
  vertex -78.3266 -23.7166 0
  vertex -77.9015 -22.3093 0
  vertex -78.3266 -23.7166 4
 endloop
endfacet
facet normal 0.979441 -0.201733 0
 outer loop
  vertex -78.0135 20.8435 0
  vertex -78.0135 20.8435 4
  vertex -80.4444 7.01853 0
 endloop
endfacet
facet normal 0.989509 -0.144472 0
 outer loop
  vertex -80.4444 7.01853 0
  vertex -78.0135 20.8435 4
  vertex -80.4444 7.01853 4
 endloop
endfacet
facet normal 0.999577 0.02907 0
 outer loop
  vertex -80.4444 -7.01853 0
  vertex -80.4444 7.01853 4
  vertex -80.4444 -7.01853 4
 endloop
endfacet
facet normal 0.979441 0.201733 0
 outer loop
  vertex -78.0135 -20.8435 0
  vertex -80.4444 -7.01853 4
  vertex -78.0135 -20.8435 4
 endloop
endfacet
facet normal 0.989509 0.144472 0
 outer loop
  vertex -78.0135 -20.8435 0
  vertex -80.4444 -7.01853 0
  vertex -80.4444 -7.01853 4
 endloop
endfacet
facet normal 0.999577 -0.02907 0
 outer loop
  vertex -80.4444 -7.01853 0
  vertex -80.4444 7.01853 0
  vertex -80.4444 7.01853 4
 endloop
endfacet
facet normal 0.748348 0.663306 0
 outer loop
  vertex -79.2315 24.8753 4
  vertex -78.3266 23.7166 4
  vertex -79.2315 24.8753 0
 endloop
endfacet
facet normal 0.824908 0.565267 0
 outer loop
  vertex -79.2315 24.8753 0
  vertex -78.3266 23.7166 4
  vertex -78.3266 23.7166 0
 endloop
endfacet
facet normal 0.937438 0.348152 0
 outer loop
  vertex -78.3266 23.7166 0
  vertex -78.3266 23.7166 4
  vertex -77.9015 22.3093 4
 endloop
endfacet
facet normal 0.999902 -0.0140292 0
 outer loop
  vertex -77.9015 22.3093 0
  vertex -77.9015 22.3093 4
  vertex -78.0135 20.8435 4
 endloop
endfacet
facet normal 0.990424 -0.138058 0
 outer loop
  vertex -78.0135 20.8435 0
  vertex -77.9015 22.3093 0
  vertex -78.0135 20.8435 4
 endloop
endfacet
facet normal 0.973409 0.229076 0
 outer loop
  vertex -77.9015 22.3093 0
  vertex -78.3266 23.7166 0
  vertex -77.9015 22.3093 4
 endloop
endfacet
facet normal 0.182039 -0.983291 0
 outer loop
  vertex -76.6844 31.8734 4
  vertex -78.5153 31.378 4
  vertex -76.6844 31.8734 0
 endloop
endfacet
facet normal 0.338577 -0.940939 0
 outer loop
  vertex -76.6844 31.8734 0
  vertex -78.5153 31.378 4
  vertex -78.5153 31.378 0
 endloop
endfacet
facet normal 0.614545 -0.788882 0
 outer loop
  vertex -78.5153 31.378 0
  vertex -78.5153 31.378 4
  vertex -79.9122 30.0949 4
 endloop
endfacet
facet normal 0.908866 -0.417088 0
 outer loop
  vertex -79.9122 30.0949 0
  vertex -79.9122 30.0949 4
  vertex -80.5609 28.3125 4
 endloop
endfacet
facet normal 0.998824 0.0484918 0
 outer loop
  vertex -80.5609 28.3125 0
  vertex -80.5609 28.3125 4
  vertex -80.3156 26.4317 4
 endloop
endfacet
facet normal 0.864189 0.503167 0
 outer loop
  vertex -80.3156 26.4317 0
  vertex -80.3156 26.4317 4
  vertex -79.2315 24.8753 4
 endloop
endfacet
facet normal 0.771497 0.636233 0
 outer loop
  vertex -79.2315 24.8753 0
  vertex -80.3156 26.4317 0
  vertex -79.2315 24.8753 4
 endloop
endfacet
facet normal 0.977852 0.209297 0
 outer loop
  vertex -80.3156 26.4317 0
  vertex -80.5609 28.3125 0
  vertex -80.3156 26.4317 4
 endloop
endfacet
facet normal 0.964331 -0.2647 0
 outer loop
  vertex -80.5609 28.3125 0
  vertex -79.9122 30.0949 0
  vertex -80.5609 28.3125 4
 endloop
endfacet
facet normal 0.733973 -0.679178 0
 outer loop
  vertex -79.9122 30.0949 0
  vertex -78.5153 31.378 0
  vertex -79.9122 30.0949 4
 endloop
endfacet
facet normal 0.847451 -0.530874 0
 outer loop
  vertex -73.1598 34.1791 0
  vertex -73.1598 34.1791 4
  vertex -74.0162 32.9842 0
 endloop
endfacet
facet normal 0.774987 -0.631977 0
 outer loop
  vertex -74.0162 32.9842 0
  vertex -73.1598 34.1791 4
  vertex -74.0162 32.9842 4
 endloop
endfacet
facet normal 0.494331 -0.869274 0
 outer loop
  vertex -75.2465 32.1794 0
  vertex -74.0162 32.9842 4
  vertex -75.2465 32.1794 4
 endloop
endfacet
facet normal 0.146903 -0.989151 0
 outer loop
  vertex -76.6844 31.8734 0
  vertex -75.2465 32.1794 4
  vertex -76.6844 31.8734 4
 endloop
endfacet
facet normal 0.268569 -0.96326 0
 outer loop
  vertex -76.6844 31.8734 0
  vertex -75.2465 32.1794 0
  vertex -75.2465 32.1794 4
 endloop
endfacet
facet normal 0.598427 -0.801177 0
 outer loop
  vertex -75.2465 32.1794 0
  vertex -74.0162 32.9842 0
  vertex -74.0162 32.9842 4
 endloop
endfacet
facet normal 0.491932 -0.870634 0
 outer loop
  vertex -34.1791 73.1598 4
  vertex -50.0992 63.3295 4
  vertex -34.1791 73.1598 0
 endloop
endfacet
facet normal 0.558045 -0.829811 0
 outer loop
  vertex -34.1791 73.1598 0
  vertex -50.0992 63.3295 4
  vertex -50.0992 63.3295 0
 endloop
endfacet
facet normal 0.679101 -0.734045 0
 outer loop
  vertex -50.0992 63.3295 0
  vertex -50.0992 63.3295 4
  vertex -63.3295 50.0992 4
 endloop
endfacet
facet normal 0.829811 -0.558045 0
 outer loop
  vertex -63.3295 50.0992 0
  vertex -63.3295 50.0992 4
  vertex -73.1598 34.1791 4
 endloop
endfacet
facet normal 0.870634 -0.491932 0
 outer loop
  vertex -73.1598 34.1791 0
  vertex -63.3295 50.0992 0
  vertex -73.1598 34.1791 4
 endloop
endfacet
facet normal 0.734045 -0.679101 0
 outer loop
  vertex -63.3295 50.0992 0
  vertex -50.0992 63.3295 0
  vertex -63.3295 50.0992 4
 endloop
endfacet
facet normal 0.989151 -0.146903 0
 outer loop
  vertex -31.8734 76.6844 0
  vertex -31.8734 76.6844 4
  vertex -32.1794 75.2465 0
 endloop
endfacet
facet normal 0.96326 -0.268569 0
 outer loop
  vertex -32.1794 75.2465 0
  vertex -31.8734 76.6844 4
  vertex -32.1794 75.2465 4
 endloop
endfacet
facet normal 0.801177 -0.598427 0
 outer loop
  vertex -32.9842 74.0162 0
  vertex -32.1794 75.2465 4
  vertex -32.9842 74.0162 4
 endloop
endfacet
facet normal 0.530874 -0.847451 0
 outer loop
  vertex -34.1791 73.1598 0
  vertex -32.9842 74.0162 4
  vertex -34.1791 73.1598 4
 endloop
endfacet
facet normal 0.631977 -0.774987 0
 outer loop
  vertex -34.1791 73.1598 0
  vertex -32.9842 74.0162 0
  vertex -32.9842 74.0162 4
 endloop
endfacet
facet normal 0.869274 -0.494331 0
 outer loop
  vertex -32.9842 74.0162 0
  vertex -32.1794 75.2465 0
  vertex -32.1794 75.2465 4
 endloop
endfacet
facet normal -0.0937823 -0.995593 -0
 outer loop
  vertex -27.8746 80.5849 4
  vertex -27.8746 80.5849 0
  vertex -26.7592 80.4263 4
 endloop
endfacet
facet normal -0.187565 -0.982252 -0
 outer loop
  vertex -26.7592 80.4263 4
  vertex -27.8746 80.5849 0
  vertex -26.7592 80.4263 0
 endloop
endfacet
facet normal -0.454031 -0.890986 -0
 outer loop
  vertex -25.7323 79.9629 4
  vertex -26.7592 80.4263 0
  vertex -25.7323 79.9629 0
 endloop
endfacet
facet normal -0.684478 -0.729034 -0
 outer loop
  vertex -24.8753 79.2315 4
  vertex -25.7323 79.9629 0
  vertex -24.8753 79.2315 0
 endloop
endfacet
facet normal -0.612426 -0.790528 -0
 outer loop
  vertex -24.8753 79.2315 4
  vertex -25.7323 79.9629 4
  vertex -25.7323 79.9629 0
 endloop
endfacet
facet normal -0.367689 -0.929949 -0
 outer loop
  vertex -25.7323 79.9629 4
  vertex -26.7592 80.4263 4
  vertex -26.7592 80.4263 0
 endloop
endfacet
facet normal -0.0937823 -0.995593 0
 outer loop
  vertex -21.876 77.878 0
  vertex -21.876 77.878 4
  vertex -22.9914 78.0366 0
 endloop
endfacet
facet normal -0.187565 -0.982252 0
 outer loop
  vertex -22.9914 78.0366 0
  vertex -21.876 77.878 4
  vertex -22.9914 78.0366 4
 endloop
endfacet
facet normal -0.454031 -0.890986 0
 outer loop
  vertex -24.0183 78.5001 0
  vertex -22.9914 78.0366 4
  vertex -24.0183 78.5001 4
 endloop
endfacet
facet normal -0.684478 -0.729034 0
 outer loop
  vertex -24.8753 79.2315 0
  vertex -24.0183 78.5001 4
  vertex -24.8753 79.2315 4
 endloop
endfacet
facet normal -0.612426 -0.790528 0
 outer loop
  vertex -24.8753 79.2315 0
  vertex -24.0183 78.5001 0
  vertex -24.0183 78.5001 4
 endloop
endfacet
facet normal -0.367689 -0.929949 0
 outer loop
  vertex -24.0183 78.5001 0
  vertex -22.9914 78.0366 0
  vertex -22.9914 78.0366 4
 endloop
endfacet
facet normal -0.0289966 -0.99958 -0
 outer loop
  vertex 0 80.75 4
  vertex 0 80.75 0
  vertex 7.01853 80.4444 4
 endloop
endfacet
facet normal -0.0579933 -0.998317 -0
 outer loop
  vertex 7.01853 80.4444 4
  vertex 0 80.75 0
  vertex 7.01853 80.4444 0
 endloop
endfacet
facet normal -0.115767 -0.993276 -0
 outer loop
  vertex 13.9839 79.5299 0
  vertex 7.01853 80.4444 4
  vertex 7.01853 80.4444 0
 endloop
endfacet
facet normal -0.144544 -0.989498 -0
 outer loop
  vertex 13.9839 79.5299 0
  vertex 13.9839 79.5299 4
  vertex 7.01853 80.4444 4
 endloop
endfacet
facet normal -0.201661 -0.979455 -0
 outer loop
  vertex 13.9839 79.5299 0
  vertex 20.8435 78.0135 4
  vertex 13.9839 79.5299 4
 endloop
endfacet
facet normal -0.230001 -0.97319 -0
 outer loop
  vertex 13.9839 79.5299 0
  vertex 20.8435 78.0135 0
  vertex 20.8435 78.0135 4
 endloop
endfacet
facet normal 0.663306 -0.748348 0
 outer loop
  vertex 24.8753 79.2315 4
  vertex 23.7166 78.3266 4
  vertex 24.8753 79.2315 0
 endloop
endfacet
facet normal 0.565267 -0.824908 0
 outer loop
  vertex 24.8753 79.2315 0
  vertex 23.7166 78.3266 4
  vertex 23.7166 78.3266 0
 endloop
endfacet
facet normal 0.348152 -0.937438 0
 outer loop
  vertex 23.7166 78.3266 0
  vertex 23.7166 78.3266 4
  vertex 22.3093 77.9015 4
 endloop
endfacet
facet normal 0.0723188 -0.997382 0
 outer loop
  vertex 22.3093 77.9015 0
  vertex 22.3093 77.9015 4
  vertex 21.876 77.878 0
 endloop
endfacet
facet normal 0.229076 -0.973409 0
 outer loop
  vertex 22.3093 77.9015 0
  vertex 23.7166 78.3266 0
  vertex 22.3093 77.9015 4
 endloop
endfacet
facet normal 0.0361594 -0.999346 0
 outer loop
  vertex 22.3093 77.9015 4
  vertex 21.876 77.878 4
  vertex 21.876 77.878 0
 endloop
endfacet
facet normal -0.0866966 -0.996235 0
 outer loop
  vertex 21.876 77.878 0
  vertex 21.876 77.878 4
  vertex 20.8435 78.0135 0
 endloop
endfacet
facet normal -0.173393 -0.984853 0
 outer loop
  vertex 20.8435 78.0135 0
  vertex 21.876 77.878 4
  vertex 20.8435 78.0135 4
 endloop
endfacet
facet normal -0.169225 -0.985577 -0
 outer loop
  vertex 27.8746 80.5849 0
  vertex 29.8459 80.0655 0
  vertex 27.8746 80.5849 4
 endloop
endfacet
facet normal -0.33845 -0.940984 -0
 outer loop
  vertex 27.8746 80.5849 4
  vertex 29.8459 80.0655 0
  vertex 29.8459 80.0655 4
 endloop
endfacet
facet normal -0.632949 -0.774193 -0
 outer loop
  vertex 29.8459 80.0655 4
  vertex 29.8459 80.0655 0
  vertex 31.3051 78.6421 0
 endloop
endfacet
facet normal -0.932281 -0.361734 -0
 outer loop
  vertex 31.3051 78.6421 4
  vertex 31.3051 78.6421 0
  vertex 31.8734 76.6844 0
 endloop
endfacet
facet normal -0.981067 -0.193669 -0
 outer loop
  vertex 31.8734 76.6844 4
  vertex 31.3051 78.6421 4
  vertex 31.8734 76.6844 0
 endloop
endfacet
facet normal -0.758223 -0.651996 -0
 outer loop
  vertex 31.3051 78.6421 4
  vertex 29.8459 80.0655 4
  vertex 31.3051 78.6421 0
 endloop
endfacet
facet normal -0.530874 -0.847451 0
 outer loop
  vertex 34.1791 73.1598 0
  vertex 34.1791 73.1598 4
  vertex 32.9842 74.0162 0
 endloop
endfacet
facet normal -0.631977 -0.774987 0
 outer loop
  vertex 32.9842 74.0162 0
  vertex 34.1791 73.1598 4
  vertex 32.9842 74.0162 4
 endloop
endfacet
facet normal -0.869274 -0.494331 0
 outer loop
  vertex 32.1794 75.2465 0
  vertex 32.9842 74.0162 4
  vertex 32.1794 75.2465 4
 endloop
endfacet
facet normal -0.989151 -0.146903 0
 outer loop
  vertex 31.8734 76.6844 0
  vertex 32.1794 75.2465 4
  vertex 31.8734 76.6844 4
 endloop
endfacet
facet normal -0.96326 -0.268569 0
 outer loop
  vertex 31.8734 76.6844 0
  vertex 32.1794 75.2465 0
  vertex 32.1794 75.2465 4
 endloop
endfacet
facet normal -0.801177 -0.598427 0
 outer loop
  vertex 32.1794 75.2465 0
  vertex 32.9842 74.0162 0
  vertex 32.9842 74.0162 4
 endloop
endfacet
facet normal -0.870634 -0.491932 -0
 outer loop
  vertex 73.1598 34.1791 4
  vertex 63.3295 50.0992 4
  vertex 73.1598 34.1791 0
 endloop
endfacet
facet normal -0.829811 -0.558045 -0
 outer loop
  vertex 73.1598 34.1791 0
  vertex 63.3295 50.0992 4
  vertex 63.3295 50.0992 0
 endloop
endfacet
facet normal -0.734045 -0.679101 -0
 outer loop
  vertex 63.3295 50.0992 0
  vertex 63.3295 50.0992 4
  vertex 50.0992 63.3295 4
 endloop
endfacet
facet normal -0.558045 -0.829811 -0
 outer loop
  vertex 50.0992 63.3295 0
  vertex 50.0992 63.3295 4
  vertex 34.1791 73.1598 4
 endloop
endfacet
facet normal -0.491932 -0.870634 -0
 outer loop
  vertex 34.1791 73.1598 0
  vertex 50.0992 63.3295 0
  vertex 34.1791 73.1598 4
 endloop
endfacet
facet normal -0.679101 -0.734045 -0
 outer loop
  vertex 50.0992 63.3295 0
  vertex 63.3295 50.0992 0
  vertex 50.0992 63.3295 4
 endloop
endfacet
facet normal -0.146903 -0.989151 0
 outer loop
  vertex 76.6844 31.8734 0
  vertex 76.6844 31.8734 4
  vertex 75.2465 32.1794 0
 endloop
endfacet
facet normal -0.268569 -0.96326 0
 outer loop
  vertex 75.2465 32.1794 0
  vertex 76.6844 31.8734 4
  vertex 75.2465 32.1794 4
 endloop
endfacet
facet normal -0.598427 -0.801177 0
 outer loop
  vertex 74.0162 32.9842 0
  vertex 75.2465 32.1794 4
  vertex 74.0162 32.9842 4
 endloop
endfacet
facet normal -0.847451 -0.530874 0
 outer loop
  vertex 73.1598 34.1791 0
  vertex 74.0162 32.9842 4
  vertex 73.1598 34.1791 4
 endloop
endfacet
facet normal -0.774987 -0.631977 0
 outer loop
  vertex 73.1598 34.1791 0
  vertex 74.0162 32.9842 0
  vertex 74.0162 32.9842 4
 endloop
endfacet
facet normal -0.494331 -0.869274 0
 outer loop
  vertex 74.0162 32.9842 0
  vertex 75.2465 32.1794 0
  vertex 75.2465 32.1794 4
 endloop
endfacet
facet normal -0.771497 0.636233 0
 outer loop
  vertex 79.2315 24.8753 4
  vertex 80.3156 26.4317 4
  vertex 79.2315 24.8753 0
 endloop
endfacet
facet normal -0.864189 0.503167 0
 outer loop
  vertex 79.2315 24.8753 0
  vertex 80.3156 26.4317 4
  vertex 80.3156 26.4317 0
 endloop
endfacet
facet normal -0.977852 0.209297 0
 outer loop
  vertex 80.3156 26.4317 0
  vertex 80.3156 26.4317 4
  vertex 80.5609 28.3125 4
 endloop
endfacet
facet normal -0.964331 -0.2647 -0
 outer loop
  vertex 80.5609 28.3125 0
  vertex 80.5609 28.3125 4
  vertex 79.9122 30.0949 4
 endloop
endfacet
facet normal -0.733973 -0.679178 -0
 outer loop
  vertex 79.9122 30.0949 0
  vertex 79.9122 30.0949 4
  vertex 78.5153 31.378 4
 endloop
endfacet
facet normal -0.338577 -0.940939 -0
 outer loop
  vertex 78.5153 31.378 0
  vertex 78.5153 31.378 4
  vertex 76.6844 31.8734 4
 endloop
endfacet
facet normal -0.182039 -0.983291 -0
 outer loop
  vertex 76.6844 31.8734 0
  vertex 78.5153 31.378 0
  vertex 76.6844 31.8734 4
 endloop
endfacet
facet normal -0.614545 -0.788882 -0
 outer loop
  vertex 78.5153 31.378 0
  vertex 79.9122 30.0949 0
  vertex 78.5153 31.378 4
 endloop
endfacet
facet normal -0.908866 -0.417088 -0
 outer loop
  vertex 79.9122 30.0949 0
  vertex 80.5609 28.3125 0
  vertex 79.9122 30.0949 4
 endloop
endfacet
facet normal -0.998824 0.0484918 0
 outer loop
  vertex 80.5609 28.3125 0
  vertex 80.3156 26.4317 0
  vertex 80.5609 28.3125 4
 endloop
endfacet
facet normal -0.990424 -0.138058 0
 outer loop
  vertex 78.0135 20.8435 4
  vertex 77.9015 22.3093 4
  vertex 78.0135 20.8435 0
 endloop
endfacet
facet normal -0.999902 -0.0140292 0
 outer loop
  vertex 78.0135 20.8435 0
  vertex 77.9015 22.3093 4
  vertex 77.9015 22.3093 0
 endloop
endfacet
facet normal -0.973409 0.229076 0
 outer loop
  vertex 77.9015 22.3093 0
  vertex 77.9015 22.3093 4
  vertex 78.3266 23.7166 4
 endloop
endfacet
facet normal -0.824908 0.565267 0
 outer loop
  vertex 78.3266 23.7166 0
  vertex 78.3266 23.7166 4
  vertex 79.2315 24.8753 4
 endloop
endfacet
facet normal -0.748348 0.663306 0
 outer loop
  vertex 79.2315 24.8753 0
  vertex 78.3266 23.7166 0
  vertex 79.2315 24.8753 4
 endloop
endfacet
facet normal -0.937438 0.348152 0
 outer loop
  vertex 78.3266 23.7166 0
  vertex 77.9015 22.3093 0
  vertex 78.3266 23.7166 4
 endloop
endfacet
facet normal -0.979441 0.201733 0
 outer loop
  vertex 78.0135 -20.8435 0
  vertex 78.0135 -20.8435 4
  vertex 80.4444 -7.01853 0
 endloop
endfacet
facet normal -0.989509 0.144472 0
 outer loop
  vertex 80.4444 -7.01853 0
  vertex 78.0135 -20.8435 4
  vertex 80.4444 -7.01853 4
 endloop
endfacet
facet normal -0.999577 -0.02907 0
 outer loop
  vertex 80.4444 7.01853 0
  vertex 80.4444 -7.01853 4
  vertex 80.4444 7.01853 4
 endloop
endfacet
facet normal -0.979441 -0.201733 -0
 outer loop
  vertex 78.0135 20.8435 0
  vertex 80.4444 7.01853 4
  vertex 78.0135 20.8435 4
 endloop
endfacet
facet normal -0.989509 -0.144472 -0
 outer loop
  vertex 78.0135 20.8435 0
  vertex 80.4444 7.01853 0
  vertex 80.4444 7.01853 4
 endloop
endfacet
facet normal -0.999577 0.02907 0
 outer loop
  vertex 80.4444 7.01853 0
  vertex 80.4444 -7.01853 0
  vertex 80.4444 -7.01853 4
 endloop
endfacet
facet normal 0.171862 -0.985121 0
 outer loop
  vertex 67.5 73.5 18
  vertex 64.5 72.6962 18
  vertex 67.5 73.5 0
 endloop
endfacet
facet normal 0.343724 -0.939071 0
 outer loop
  vertex 67.5 73.5 0
  vertex 64.5 72.6962 18
  vertex 64.5 72.6962 0
 endloop
endfacet
facet normal 0.641397 -0.767209 0
 outer loop
  vertex 64.5 72.6962 0
  vertex 64.5 72.6962 18
  vertex 62.3038 70.5 18
 endloop
endfacet
facet normal 0.939071 -0.343724 0
 outer loop
  vertex 62.3038 70.5 0
  vertex 62.3038 70.5 18
  vertex 61.5 67.5 18
 endloop
endfacet
facet normal 0.985121 0.171862 0
 outer loop
  vertex 61.5 67.5 0
  vertex 61.5 67.5 18
  vertex 62.3038 64.5 18
 endloop
endfacet
facet normal 0.767209 0.641397 0
 outer loop
  vertex 62.3038 64.5 0
  vertex 62.3038 64.5 18
  vertex 64.5 62.3038 18
 endloop
endfacet
facet normal 0.343724 0.939071 0
 outer loop
  vertex 64.5 62.3038 0
  vertex 64.5 62.3038 18
  vertex 67.5 61.5 18
 endloop
endfacet
facet normal 0.171862 0.985121 0
 outer loop
  vertex 67.5 61.5 0
  vertex 64.5 62.3038 0
  vertex 67.5 61.5 18
 endloop
endfacet
facet normal 0.641397 0.767209 0
 outer loop
  vertex 64.5 62.3038 0
  vertex 62.3038 64.5 0
  vertex 64.5 62.3038 18
 endloop
endfacet
facet normal 0.939071 0.343724 0
 outer loop
  vertex 62.3038 64.5 0
  vertex 61.5 67.5 0
  vertex 62.3038 64.5 18
 endloop
endfacet
facet normal 0.985121 -0.171862 0
 outer loop
  vertex 61.5 67.5 0
  vertex 62.3038 70.5 0
  vertex 61.5 67.5 18
 endloop
endfacet
facet normal 0.767209 -0.641397 0
 outer loop
  vertex 62.3038 70.5 0
  vertex 64.5 72.6962 0
  vertex 62.3038 70.5 18
 endloop
endfacet
facet normal 0.171862 -0.985121 0
 outer loop
  vertex -67.5 -61.5 18
  vertex -70.5 -62.3038 18
  vertex -67.5 -61.5 0
 endloop
endfacet
facet normal 0.343724 -0.939071 0
 outer loop
  vertex -67.5 -61.5 0
  vertex -70.5 -62.3038 18
  vertex -70.5 -62.3038 0
 endloop
endfacet
facet normal 0.641397 -0.767209 0
 outer loop
  vertex -70.5 -62.3038 0
  vertex -70.5 -62.3038 18
  vertex -72.6962 -64.5 18
 endloop
endfacet
facet normal 0.939071 -0.343724 0
 outer loop
  vertex -72.6962 -64.5 0
  vertex -72.6962 -64.5 18
  vertex -73.5 -67.5 18
 endloop
endfacet
facet normal 0.985121 0.171862 0
 outer loop
  vertex -73.5 -67.5 0
  vertex -73.5 -67.5 18
  vertex -72.6962 -70.5 18
 endloop
endfacet
facet normal 0.767209 0.641397 0
 outer loop
  vertex -72.6962 -70.5 0
  vertex -72.6962 -70.5 18
  vertex -70.5 -72.6962 18
 endloop
endfacet
facet normal 0.343724 0.939071 0
 outer loop
  vertex -70.5 -72.6962 0
  vertex -70.5 -72.6962 18
  vertex -67.5 -73.5 18
 endloop
endfacet
facet normal 0.171862 0.985121 0
 outer loop
  vertex -67.5 -73.5 0
  vertex -70.5 -72.6962 0
  vertex -67.5 -73.5 18
 endloop
endfacet
facet normal 0.641397 0.767209 0
 outer loop
  vertex -70.5 -72.6962 0
  vertex -72.6962 -70.5 0
  vertex -70.5 -72.6962 18
 endloop
endfacet
facet normal 0.939071 0.343724 0
 outer loop
  vertex -72.6962 -70.5 0
  vertex -73.5 -67.5 0
  vertex -72.6962 -70.5 18
 endloop
endfacet
facet normal 0.985121 -0.171862 0
 outer loop
  vertex -73.5 -67.5 0
  vertex -72.6962 -64.5 0
  vertex -73.5 -67.5 18
 endloop
endfacet
facet normal 0.767209 -0.641397 0
 outer loop
  vertex -72.6962 -64.5 0
  vertex -70.5 -62.3038 0
  vertex -72.6962 -64.5 18
 endloop
endfacet
facet normal 0.171862 -0.985121 0
 outer loop
  vertex 67.5 -61.5 18
  vertex 64.5 -62.3038 18
  vertex 67.5 -61.5 0
 endloop
endfacet
facet normal 0.343724 -0.939071 0
 outer loop
  vertex 67.5 -61.5 0
  vertex 64.5 -62.3038 18
  vertex 64.5 -62.3038 0
 endloop
endfacet
facet normal 0.641397 -0.767209 0
 outer loop
  vertex 64.5 -62.3038 0
  vertex 64.5 -62.3038 18
  vertex 62.3038 -64.5 18
 endloop
endfacet
facet normal 0.939071 -0.343724 0
 outer loop
  vertex 62.3038 -64.5 0
  vertex 62.3038 -64.5 18
  vertex 61.5 -67.5 18
 endloop
endfacet
facet normal 0.985121 0.171862 0
 outer loop
  vertex 61.5 -67.5 0
  vertex 61.5 -67.5 18
  vertex 62.3038 -70.5 18
 endloop
endfacet
facet normal 0.767209 0.641397 0
 outer loop
  vertex 62.3038 -70.5 0
  vertex 62.3038 -70.5 18
  vertex 64.5 -72.6962 18
 endloop
endfacet
facet normal 0.343724 0.939071 0
 outer loop
  vertex 64.5 -72.6962 0
  vertex 64.5 -72.6962 18
  vertex 67.5 -73.5 18
 endloop
endfacet
facet normal 0.171862 0.985121 0
 outer loop
  vertex 67.5 -73.5 0
  vertex 64.5 -72.6962 0
  vertex 67.5 -73.5 18
 endloop
endfacet
facet normal 0.641397 0.767209 0
 outer loop
  vertex 64.5 -72.6962 0
  vertex 62.3038 -70.5 0
  vertex 64.5 -72.6962 18
 endloop
endfacet
facet normal 0.939071 0.343724 0
 outer loop
  vertex 62.3038 -70.5 0
  vertex 61.5 -67.5 0
  vertex 62.3038 -70.5 18
 endloop
endfacet
facet normal 0.985121 -0.171862 0
 outer loop
  vertex 61.5 -67.5 0
  vertex 62.3038 -64.5 0
  vertex 61.5 -67.5 18
 endloop
endfacet
facet normal 0.767209 -0.641397 0
 outer loop
  vertex 62.3038 -64.5 0
  vertex 64.5 -62.3038 0
  vertex 62.3038 -64.5 18
 endloop
endfacet
facet normal 0.171862 -0.985121 0
 outer loop
  vertex -67.5 73.5 18
  vertex -70.5 72.6962 18
  vertex -67.5 73.5 0
 endloop
endfacet
facet normal 0.343724 -0.939071 0
 outer loop
  vertex -67.5 73.5 0
  vertex -70.5 72.6962 18
  vertex -70.5 72.6962 0
 endloop
endfacet
facet normal 0.641397 -0.767209 0
 outer loop
  vertex -70.5 72.6962 0
  vertex -70.5 72.6962 18
  vertex -72.6962 70.5 18
 endloop
endfacet
facet normal 0.939071 -0.343724 0
 outer loop
  vertex -72.6962 70.5 0
  vertex -72.6962 70.5 18
  vertex -73.5 67.5 18
 endloop
endfacet
facet normal 0.985121 0.171862 0
 outer loop
  vertex -73.5 67.5 0
  vertex -73.5 67.5 18
  vertex -72.6962 64.5 18
 endloop
endfacet
facet normal 0.767209 0.641397 0
 outer loop
  vertex -72.6962 64.5 0
  vertex -72.6962 64.5 18
  vertex -70.5 62.3038 18
 endloop
endfacet
facet normal 0.343724 0.939071 0
 outer loop
  vertex -70.5 62.3038 0
  vertex -70.5 62.3038 18
  vertex -67.5 61.5 18
 endloop
endfacet
facet normal 0.171862 0.985121 0
 outer loop
  vertex -67.5 61.5 0
  vertex -70.5 62.3038 0
  vertex -67.5 61.5 18
 endloop
endfacet
facet normal 0.641397 0.767209 0
 outer loop
  vertex -70.5 62.3038 0
  vertex -72.6962 64.5 0
  vertex -70.5 62.3038 18
 endloop
endfacet
facet normal 0.939071 0.343724 0
 outer loop
  vertex -72.6962 64.5 0
  vertex -73.5 67.5 0
  vertex -72.6962 64.5 18
 endloop
endfacet
facet normal 0.985121 -0.171862 0
 outer loop
  vertex -73.5 67.5 0
  vertex -72.6962 70.5 0
  vertex -73.5 67.5 18
 endloop
endfacet
facet normal 0.767209 -0.641397 0
 outer loop
  vertex -72.6962 70.5 0
  vertex -70.5 72.6962 0
  vertex -72.6962 70.5 18
 endloop
endfacet
facet normal 0.124567 0.99178 0.0292326
 outer loop
  vertex 83.4997 21 0
  vertex 83.1316 21.0702 0
  vertex 83.0786 20.579 16.0785
 endloop
endfacet
facet normal 0.249142 0.967942 0.0318705
 outer loop
  vertex 83.0786 20.579 16.0785
  vertex 83.1316 21.0702 0
  vertex 82.7108 20.6494 16.0707
 endloop
endfacet
facet normal 0.489796 0.871109 0.0356365
 outer loop
  vertex 82.7108 20.6494 16.0707
  vertex 83.1316 21.0702 0
  vertex 82.7928 21.2928 0
 endloop
endfacet
facet normal 0.795502 0.60484 0.0366693
 outer loop
  vertex 82.372 20.872 16.0677
  vertex 82.7928 21.2928 0
  vertex 82.5702 21.6316 0
 endloop
endfacet
facet normal 0.967942 0.249142 0.0318705
 outer loop
  vertex 82.1494 21.2108 16.0707
  vertex 82.5702 21.6316 0
  vertex 82.5 21.9997 0
 endloop
endfacet
facet normal 0.991779 0.124575 0.0292328
 outer loop
  vertex 82.079 21.5786 16.0785
  vertex 82.1494 21.2108 16.0707
  vertex 82.5 21.9997 0
 endloop
endfacet
facet normal 0.871109 0.489796 0.0356365
 outer loop
  vertex 82.1494 21.2108 16.0707
  vertex 82.372 20.872 16.0677
  vertex 82.5702 21.6316 0
 endloop
endfacet
facet normal 0.604847 0.795497 0.0366693
 outer loop
  vertex 82.372 20.872 16.0677
  vertex 82.7108 20.6494 16.0707
  vertex 82.7928 21.2928 0
 endloop
endfacet
facet normal 0.999657 8.4079E-17 0.0261769
 outer loop
  vertex 82.079 21.5786 16.0785
  vertex 82.5 21.9997 0
  vertex 82.079 72.0824 16.0785
 endloop
endfacet
facet normal 0.999657 8.4079E-17 0.0261769
 outer loop
  vertex 82.079 72.0824 16.0785
  vertex 82.5 21.9997 0
  vertex 82.5 72.5034 0
 endloop
endfacet
facet normal 0.99178 0.124567 0.0292326
 outer loop
  vertex 82.5 72.5034 0
  vertex 81.7982 76.1838 0
  vertex 82.079 72.0824 16.0785
 endloop
endfacet
facet normal 0.966612 0.254242 0.0319692
 outer loop
  vertex 82.079 72.0824 16.0785
  vertex 81.7982 76.1838 0
  vertex 81.3175 75.9078 16.1026
 endloop
endfacet
facet normal 0.868506 0.494392 0.0356887
 outer loop
  vertex 81.3175 75.9078 16.1026
  vertex 81.7982 76.1838 0
  vertex 79.5725 79.5725 0
 endloop
endfacet
facet normal 0.60484 0.795502 0.0366693
 outer loop
  vertex 79.1506 79.1506 16.111
  vertex 79.5725 79.5725 0
  vertex 76.1838 81.7982 0
 endloop
endfacet
facet normal 0.254242 0.966612 0.0319692
 outer loop
  vertex 75.9078 81.3175 16.1026
  vertex 76.1838 81.7982 0
  vertex 72.5034 82.5 0
 endloop
endfacet
facet normal 0.129675 0.991122 0.0293491
 outer loop
  vertex 72.0824 82.079 16.0785
  vertex 75.9078 81.3175 16.1026
  vertex 72.5034 82.5 0
 endloop
endfacet
facet normal 0.494392 0.868506 0.0356887
 outer loop
  vertex 75.9078 81.3175 16.1026
  vertex 79.1506 79.1506 16.111
  vertex 76.1838 81.7982 0
 endloop
endfacet
facet normal 0.792378 0.608926 0.0366944
 outer loop
  vertex 79.1506 79.1506 16.111
  vertex 81.3175 75.9078 16.1026
  vertex 79.5725 79.5725 0
 endloop
endfacet
facet normal 0 0.999657 0.0261769
 outer loop
  vertex 72.0824 82.079 16.0785
  vertex 72.5034 82.5 0
  vertex -72.0824 82.079 16.0785
 endloop
endfacet
facet normal 0 0.999657 0.0261769
 outer loop
  vertex -72.0824 82.079 16.0785
  vertex 72.5034 82.5 0
  vertex -72.5034 82.5 0
 endloop
endfacet
facet normal -0.124567 0.99178 0.0292326
 outer loop
  vertex -72.5034 82.5 0
  vertex -76.1838 81.7982 0
  vertex -72.0824 82.079 16.0785
 endloop
endfacet
facet normal -0.254242 0.966612 0.0319692
 outer loop
  vertex -72.0824 82.079 16.0785
  vertex -76.1838 81.7982 0
  vertex -75.9078 81.3175 16.1026
 endloop
endfacet
facet normal -0.494392 0.868506 0.0356887
 outer loop
  vertex -75.9078 81.3175 16.1026
  vertex -76.1838 81.7982 0
  vertex -79.5725 79.5725 0
 endloop
endfacet
facet normal -0.795502 0.60484 0.0366693
 outer loop
  vertex -79.1506 79.1506 16.111
  vertex -79.5725 79.5725 0
  vertex -81.7982 76.1838 0
 endloop
endfacet
facet normal -0.966612 0.254242 0.0319692
 outer loop
  vertex -81.3175 75.9078 16.1026
  vertex -81.7982 76.1838 0
  vertex -82.5 72.5034 0
 endloop
endfacet
facet normal -0.991122 0.129675 0.0293491
 outer loop
  vertex -82.079 72.0824 16.0785
  vertex -81.3175 75.9078 16.1026
  vertex -82.5 72.5034 0
 endloop
endfacet
facet normal -0.868506 0.494392 0.0356887
 outer loop
  vertex -81.3175 75.9078 16.1026
  vertex -79.1506 79.1506 16.111
  vertex -81.7982 76.1838 0
 endloop
endfacet
facet normal -0.608926 0.792378 0.0366944
 outer loop
  vertex -79.1506 79.1506 16.111
  vertex -75.9078 81.3175 16.1026
  vertex -79.5725 79.5725 0
 endloop
endfacet
facet normal -0.999657 -8.4079E-17 0.0261769
 outer loop
  vertex -82.5 72.5034 0
  vertex -82.5 20.4997 0
  vertex -82.079 72.0824 16.0785
 endloop
endfacet
facet normal -0.999657 -8.4079E-17 0.0261769
 outer loop
  vertex -82.079 72.0824 16.0785
  vertex -82.5 20.4997 0
  vertex -82.079 20.0786 16.0785
 endloop
endfacet
facet normal -0.99178 0.124567 0.0292326
 outer loop
  vertex -82.5 20.4997 0
  vertex -82.5702 20.1316 0
  vertex -82.079 20.0786 16.0785
 endloop
endfacet
facet normal -0.967942 0.249142 0.0318705
 outer loop
  vertex -82.079 20.0786 16.0785
  vertex -82.5702 20.1316 0
  vertex -82.1494 19.7108 16.0707
 endloop
endfacet
facet normal -0.902409 0.429466 0.0348764
 outer loop
  vertex -82.1494 19.7108 16.0707
  vertex -82.5702 20.1316 0
  vertex -82.2422 19.5317 16.0685
 endloop
endfacet
facet normal -0.835674 0.548029 0.0362335
 outer loop
  vertex -82.2422 19.5317 16.0685
  vertex -82.5702 20.1316 0
  vertex -82.7928 19.7928 0
 endloop
endfacet
facet normal -0.60484 0.795502 0.0366693
 outer loop
  vertex -82.372 19.372 16.0677
  vertex -82.7928 19.7928 0
  vertex -83.1316 19.5702 0
 endloop
endfacet
facet normal -0.249142 0.967942 0.0318705
 outer loop
  vertex -82.7108 19.1494 16.0707
  vertex -83.1316 19.5702 0
  vertex -83.4997 19.5 0
 endloop
endfacet
facet normal -0.124575 0.991779 0.0292328
 outer loop
  vertex -83.0786 19.079 16.0785
  vertex -82.7108 19.1494 16.0707
  vertex -83.4997 19.5 0
 endloop
endfacet
facet normal -0.489796 0.871109 0.0356365
 outer loop
  vertex -82.7108 19.1494 16.0707
  vertex -82.372 19.372 16.0677
  vertex -83.1316 19.5702 0
 endloop
endfacet
facet normal -0.753446 0.656473 0.03692
 outer loop
  vertex -82.372 19.372 16.0677
  vertex -82.2422 19.5317 16.0685
  vertex -82.7928 19.7928 0
 endloop
endfacet
facet normal 0 -0.999657 0.0261769
 outer loop
  vertex -86.5003 -19.5 0
  vertex -83.0786 -19.079 16.0785
  vertex -85.5804 -18.5801 35.1309
 endloop
endfacet
facet normal 0 -0.999657 0.0261769
 outer loop
  vertex -86.5003 -19.5 0
  vertex -83.4997 -19.5 0
  vertex -83.0786 -19.079 16.0785
 endloop
endfacet
facet normal 0 -0.999657 0.0261769
 outer loop
  vertex -83.0786 -19.079 16.0785
  vertex -82.9168 -19.0521 17.1048
  vertex -85.5804 -18.5801 35.1309
 endloop
endfacet
facet normal 0 -0.999657 0.0261769
 outer loop
  vertex -85.5804 -18.5801 35.1309
  vertex -82.9168 -19.0521 17.1048
  vertex -82.4761 -19.0264 18.0872
 endloop
endfacet
facet normal 0 -0.999657 0.0261769
 outer loop
  vertex -81.7895 -19.0047 18.9164
  vertex -85.5804 -18.5801 35.1309
  vertex -82.4761 -19.0264 18.0872
 endloop
endfacet
facet normal 0 -0.999657 0.0261769
 outer loop
  vertex -81.7895 -19.0047 18.9164
  vertex -80.9402 -18.989 19.515
  vertex -85.5804 -18.5801 35.1309
 endloop
endfacet
facet normal 0 -0.999657 0.0261769
 outer loop
  vertex -85.5804 -18.5801 35.1309
  vertex -80.9402 -18.989 19.515
  vertex -77.6452 -18.8587 24.4916
 endloop
endfacet
facet normal 0 -0.999657 0.0261769
 outer loop
  vertex -77.3327 -18.5801 35.1309
  vertex -85.5804 -18.5801 35.1309
  vertex -77.6452 -18.8587 24.4916
 endloop
endfacet
facet normal 0 -0.999657 0.0261769
 outer loop
  vertex -80.9402 -18.989 19.515
  vertex -78.6227 -18.9358 21.5467
  vertex -77.6452 -18.8587 24.4916
 endloop
endfacet
facet normal 0 -0.999657 0.0261769
 outer loop
  vertex -77.6452 -18.8587 24.4916
  vertex -78.6227 -18.9358 21.5467
  vertex -77.9209 -18.899 22.9508
 endloop
endfacet
facet normal -0.124567 -0.99178 0.0292326
 outer loop
  vertex -83.4997 -19.5 0
  vertex -83.1316 -19.5702 0
  vertex -83.0786 -19.079 16.0785
 endloop
endfacet
facet normal -0.249142 -0.967942 0.0318705
 outer loop
  vertex -83.0786 -19.079 16.0785
  vertex -83.1316 -19.5702 0
  vertex -82.7108 -19.1494 16.0707
 endloop
endfacet
facet normal -0.489796 -0.871109 0.0356365
 outer loop
  vertex -82.7108 -19.1494 16.0707
  vertex -83.1316 -19.5702 0
  vertex -82.7928 -19.7928 0
 endloop
endfacet
facet normal -0.753446 -0.656473 0.03692
 outer loop
  vertex -82.372 -19.372 16.0677
  vertex -82.7928 -19.7928 0
  vertex -82.2422 -19.5317 16.0685
 endloop
endfacet
facet normal -0.604847 -0.795497 0.0366693
 outer loop
  vertex -82.372 -19.372 16.0677
  vertex -82.7108 -19.1494 16.0707
  vertex -82.7928 -19.7928 0
 endloop
endfacet
facet normal -0.835674 -0.548029 0.0362335
 outer loop
  vertex -82.7928 -19.7928 0
  vertex -82.5702 -20.1316 0
  vertex -82.2422 -19.5317 16.0685
 endloop
endfacet
facet normal -0.902409 -0.429466 0.0348764
 outer loop
  vertex -82.2422 -19.5317 16.0685
  vertex -82.5702 -20.1316 0
  vertex -82.1494 -19.7108 16.0707
 endloop
endfacet
facet normal -0.967942 -0.249142 0.0318705
 outer loop
  vertex -82.1494 -19.7108 16.0707
  vertex -82.5702 -20.1316 0
  vertex -82.5 -20.4997 0
 endloop
endfacet
facet normal -0.991779 -0.124575 0.0292328
 outer loop
  vertex -82.079 -20.0786 16.0785
  vertex -82.1494 -19.7108 16.0707
  vertex -82.5 -20.4997 0
 endloop
endfacet
facet normal -0.999657 -8.4079E-17 0.0261769
 outer loop
  vertex -82.079 -20.0786 16.0785
  vertex -82.5 -20.4997 0
  vertex -82.079 -72.0824 16.0785
 endloop
endfacet
facet normal -0.999657 -8.4079E-17 0.0261769
 outer loop
  vertex -82.079 -72.0824 16.0785
  vertex -82.5 -20.4997 0
  vertex -82.5 -72.5034 0
 endloop
endfacet
facet normal -0.99178 -0.124567 0.0292326
 outer loop
  vertex -82.5 -72.5034 0
  vertex -81.7982 -76.1838 0
  vertex -82.079 -72.0824 16.0785
 endloop
endfacet
facet normal -0.966612 -0.254242 0.0319692
 outer loop
  vertex -82.079 -72.0824 16.0785
  vertex -81.7982 -76.1838 0
  vertex -81.3175 -75.9078 16.1026
 endloop
endfacet
facet normal -0.868506 -0.494392 0.0356887
 outer loop
  vertex -81.3175 -75.9078 16.1026
  vertex -81.7982 -76.1838 0
  vertex -79.5725 -79.5725 0
 endloop
endfacet
facet normal -0.60484 -0.795502 0.0366693
 outer loop
  vertex -79.1506 -79.1506 16.111
  vertex -79.5725 -79.5725 0
  vertex -76.1838 -81.7982 0
 endloop
endfacet
facet normal -0.254242 -0.966612 0.0319692
 outer loop
  vertex -75.9078 -81.3175 16.1026
  vertex -76.1838 -81.7982 0
  vertex -72.5034 -82.5 0
 endloop
endfacet
facet normal -0.129675 -0.991122 0.0293491
 outer loop
  vertex -72.0824 -82.079 16.0785
  vertex -75.9078 -81.3175 16.1026
  vertex -72.5034 -82.5 0
 endloop
endfacet
facet normal -0.494392 -0.868506 0.0356887
 outer loop
  vertex -75.9078 -81.3175 16.1026
  vertex -79.1506 -79.1506 16.111
  vertex -76.1838 -81.7982 0
 endloop
endfacet
facet normal -0.792378 -0.608926 0.0366944
 outer loop
  vertex -79.1506 -79.1506 16.111
  vertex -81.3175 -75.9078 16.1026
  vertex -79.5725 -79.5725 0
 endloop
endfacet
facet normal 0 -0.999657 0.0261769
 outer loop
  vertex -72.0824 -82.079 16.0785
  vertex -72.5034 -82.5 0
  vertex 56.3201 -82.079 16.0785
 endloop
endfacet
facet normal 0 -0.999657 0.0261769
 outer loop
  vertex 56.3201 -82.079 16.0785
  vertex -72.5034 -82.5 0
  vertex 72.5034 -82.5 0
 endloop
endfacet
facet normal 0 -0.999657 0.0261769
 outer loop
  vertex 72.0824 -82.079 16.0785
  vertex 56.3201 -82.079 16.0785
  vertex 72.5034 -82.5 0
 endloop
endfacet
facet normal 0.124567 -0.99178 0.0292326
 outer loop
  vertex 72.5034 -82.5 0
  vertex 76.1838 -81.7982 0
  vertex 72.0824 -82.079 16.0785
 endloop
endfacet
facet normal 0.254242 -0.966612 0.0319692
 outer loop
  vertex 72.0824 -82.079 16.0785
  vertex 76.1838 -81.7982 0
  vertex 75.9078 -81.3175 16.1026
 endloop
endfacet
facet normal 0.494392 -0.868506 0.0356887
 outer loop
  vertex 75.9078 -81.3175 16.1026
  vertex 76.1838 -81.7982 0
  vertex 79.5725 -79.5725 0
 endloop
endfacet
facet normal 0.795502 -0.60484 0.0366693
 outer loop
  vertex 79.1506 -79.1506 16.111
  vertex 79.5725 -79.5725 0
  vertex 81.7982 -76.1838 0
 endloop
endfacet
facet normal 0.966612 -0.254242 0.0319692
 outer loop
  vertex 81.3175 -75.9078 16.1026
  vertex 81.7982 -76.1838 0
  vertex 82.5 -72.5034 0
 endloop
endfacet
facet normal 0.991122 -0.129675 0.0293491
 outer loop
  vertex 82.079 -72.0824 16.0785
  vertex 81.3175 -75.9078 16.1026
  vertex 82.5 -72.5034 0
 endloop
endfacet
facet normal 0.868506 -0.494392 0.0356887
 outer loop
  vertex 81.3175 -75.9078 16.1026
  vertex 79.1506 -79.1506 16.111
  vertex 81.7982 -76.1838 0
 endloop
endfacet
facet normal 0.608926 -0.792378 0.0366944
 outer loop
  vertex 79.1506 -79.1506 16.111
  vertex 75.9078 -81.3175 16.1026
  vertex 79.5725 -79.5725 0
 endloop
endfacet
facet normal 0.999657 8.4079E-17 0.0261769
 outer loop
  vertex 82.5 -72.5034 0
  vertex 82.5 -21.9997 0
  vertex 82.079 -72.0824 16.0785
 endloop
endfacet
facet normal 0.999657 8.4079E-17 0.0261769
 outer loop
  vertex 82.079 -72.0824 16.0785
  vertex 82.5 -21.9997 0
  vertex 82.079 -21.5786 16.0785
 endloop
endfacet
facet normal 0.99178 -0.124567 0.0292326
 outer loop
  vertex 82.5 -21.9997 0
  vertex 82.5702 -21.6316 0
  vertex 82.079 -21.5786 16.0785
 endloop
endfacet
facet normal 0.967942 -0.249142 0.0318705
 outer loop
  vertex 82.079 -21.5786 16.0785
  vertex 82.5702 -21.6316 0
  vertex 82.1494 -21.2108 16.0707
 endloop
endfacet
facet normal 0.902409 -0.429466 0.0348764
 outer loop
  vertex 82.1494 -21.2108 16.0707
  vertex 82.5702 -21.6316 0
  vertex 82.2422 -21.0317 16.0685
 endloop
endfacet
facet normal 0.835674 -0.548029 0.0362335
 outer loop
  vertex 82.2422 -21.0317 16.0685
  vertex 82.5702 -21.6316 0
  vertex 82.7928 -21.2928 0
 endloop
endfacet
facet normal 0.60484 -0.795502 0.0366693
 outer loop
  vertex 82.372 -20.872 16.0677
  vertex 82.7928 -21.2928 0
  vertex 83.1316 -21.0702 0
 endloop
endfacet
facet normal 0.249142 -0.967942 0.0318705
 outer loop
  vertex 82.7108 -20.6494 16.0707
  vertex 83.1316 -21.0702 0
  vertex 83.4997 -21 0
 endloop
endfacet
facet normal 0.124575 -0.991779 0.0292328
 outer loop
  vertex 83.0786 -20.579 16.0785
  vertex 82.7108 -20.6494 16.0707
  vertex 83.4997 -21 0
 endloop
endfacet
facet normal 0.489796 -0.871109 0.0356365
 outer loop
  vertex 82.7108 -20.6494 16.0707
  vertex 82.372 -20.872 16.0677
  vertex 83.1316 -21.0702 0
 endloop
endfacet
facet normal 0.753446 -0.656473 0.03692
 outer loop
  vertex 82.372 -20.872 16.0677
  vertex 82.2422 -21.0317 16.0685
  vertex 82.7928 -21.2928 0
 endloop
endfacet
facet normal 0 -0.999657 0.0261769
 outer loop
  vertex 83.4997 -21 0
  vertex 86.8003 -21 0
  vertex 83.0786 -20.579 16.0785
 endloop
endfacet
facet normal 0 -0.999657 0.0261769
 outer loop
  vertex 83.0786 -20.579 16.0785
  vertex 86.8003 -21 0
  vertex 85.7757 -19.9753 39.1309
 endloop
endfacet
facet normal 0 -0.999657 0.0261769
 outer loop
  vertex 82.8984 -20.5505 17.1655
  vertex 85.7757 -19.9753 39.1309
  vertex 82.4031 -20.5234 18.2003
 endloop
endfacet
facet normal 0 -0.999657 0.0261769
 outer loop
  vertex 82.8984 -20.5505 17.1655
  vertex 83.0786 -20.579 16.0785
  vertex 85.7757 -19.9753 39.1309
 endloop
endfacet
facet normal 0 -0.999657 0.0261769
 outer loop
  vertex 76.8212 -19.9753 39.1309
  vertex 77.2475 -20.36 24.4396
  vertex 85.7757 -19.9753 39.1309
 endloop
endfacet
facet normal 0 -0.999657 0.0261769
 outer loop
  vertex 85.7757 -19.9753 39.1309
  vertex 77.2475 -20.36 24.4396
  vertex 81.6345 -20.5011 19.0519
 endloop
endfacet
facet normal 0 -0.999657 0.0261769
 outer loop
  vertex 82.4031 -20.5234 18.2003
  vertex 85.7757 -19.9753 39.1309
  vertex 81.6345 -20.5011 19.0519
 endloop
endfacet
facet normal 0 -0.999657 0.0261769
 outer loop
  vertex 77.538 -20.4002 22.9058
  vertex 78.2792 -20.4362 21.5291
  vertex 77.2475 -20.36 24.4396
 endloop
endfacet
facet normal 0 -0.999657 0.0261769
 outer loop
  vertex 77.2475 -20.36 24.4396
  vertex 78.2792 -20.4362 21.5291
  vertex 80.6978 -20.4859 19.6321
 endloop
endfacet
facet normal 0 -0.999657 0.0261769
 outer loop
  vertex 81.6345 -20.5011 19.0519
  vertex 77.2475 -20.36 24.4396
  vertex 80.6978 -20.4859 19.6321
 endloop
endfacet
facet normal 0.0608097 -0.997764 0.0277197
 outer loop
  vertex 85.7757 -19.9753 39.1309
  vertex 86.8003 -21 0
  vertex 85.9574 -19.9585 39.1352
 endloop
endfacet
facet normal 0.185381 -0.982191 0.030574
 outer loop
  vertex 85.9574 -19.9585 39.1352
  vertex 86.8003 -21 0
  vertex 87.1684 -20.9298 0
 endloop
endfacet
facet normal 0.489796 -0.871109 0.0356365
 outer loop
  vertex 86.1435 -19.9049 39.1387
  vertex 87.1684 -20.9298 0
  vertex 87.5072 -20.7072 0
 endloop
endfacet
facet normal 0.795502 -0.60484 0.0366693
 outer loop
  vertex 86.4823 -19.6823 39.1417
  vertex 87.5072 -20.7072 0
  vertex 87.7298 -20.3684 0
 endloop
endfacet
facet normal 0.967942 -0.249142 0.0318705
 outer loop
  vertex 86.7049 -19.3435 39.1387
  vertex 87.7298 -20.3684 0
  vertex 87.8 -20.0003 0
 endloop
endfacet
facet normal 0.991779 -0.124575 0.0292328
 outer loop
  vertex 86.7753 -18.9757 39.1309
  vertex 86.7049 -19.3435 39.1387
  vertex 87.8 -20.0003 0
 endloop
endfacet
facet normal 0.871109 -0.489796 0.0356365
 outer loop
  vertex 86.7049 -19.3435 39.1387
  vertex 86.4823 -19.6823 39.1417
  vertex 87.7298 -20.3684 0
 endloop
endfacet
facet normal 0.604847 -0.795497 0.0366693
 outer loop
  vertex 86.4823 -19.6823 39.1417
  vertex 86.1435 -19.9049 39.1387
  vertex 87.5072 -20.7072 0
 endloop
endfacet
facet normal 0.307094 -0.951109 0.0329472
 outer loop
  vertex 86.1435 -19.9049 39.1387
  vertex 85.9574 -19.9585 39.1352
  vertex 87.1684 -20.9298 0
 endloop
endfacet
facet normal 0.999657 0 0.0261769
 outer loop
  vertex 86.8172 17.1031 37.5312
  vertex 86.8442 17.2985 36.5
  vertex 86.7753 18.9757 39.1309
 endloop
endfacet
facet normal 0.999657 0 0.0261769
 outer loop
  vertex 86.7923 16.4802 38.4813
  vertex 86.7753 18.9757 39.1309
  vertex 86.7379 18.6714 40.5598
 endloop
endfacet
facet normal 0.999657 0 0.0261769
 outer loop
  vertex 86.776 15.5309 39.1056
  vertex 86.7379 18.6714 40.5598
  vertex 86.703 17.7682 41.8914
 endloop
endfacet
facet normal 0.999657 0 0.0261769
 outer loop
  vertex 86.6803 16.4139 42.7592
  vertex 86.776 15.5309 39.1056
  vertex 86.703 17.7682 41.8914
 endloop
endfacet
facet normal 0.999657 0 0.0261769
 outer loop
  vertex 86.6803 16.4139 42.7592
  vertex 86.7708 14.5 39.3024
  vertex 86.776 15.5309 39.1056
 endloop
endfacet
facet normal 0.999657 0 0.0261769
 outer loop
  vertex 86.6803 16.4139 42.7592
  vertex 86.6733 14.977 43.0262
  vertex 86.7708 14.5 39.3024
 endloop
endfacet
facet normal 0.999657 0 0.0261769
 outer loop
  vertex 86.7708 14.5 39.3024
  vertex 86.6733 14.977 43.0262
  vertex 86.6733 -14.977 43.0262
 endloop
endfacet
facet normal 0.999657 0 0.0261769
 outer loop
  vertex 86.7708 -14.5 39.3024
  vertex 86.6733 -14.977 43.0262
  vertex 86.6803 -16.4139 42.7592
 endloop
endfacet
facet normal 0.999657 0 0.0261769
 outer loop
  vertex 86.776 -15.5309 39.1056
  vertex 86.6803 -16.4139 42.7592
  vertex 86.703 -17.7682 41.8914
 endloop
endfacet
facet normal 0.999657 0 0.0261769
 outer loop
  vertex 86.7379 -18.6714 40.5598
  vertex 86.776 -15.5309 39.1056
  vertex 86.703 -17.7682 41.8914
 endloop
endfacet
facet normal 0.999657 0 0.0261769
 outer loop
  vertex 86.7379 -18.6714 40.5598
  vertex 86.7923 -16.4802 38.4813
  vertex 86.776 -15.5309 39.1056
 endloop
endfacet
facet normal 0.999657 0 0.0261769
 outer loop
  vertex 86.7379 -18.6714 40.5598
  vertex 86.7753 -18.9757 39.1309
  vertex 86.7923 -16.4802 38.4813
 endloop
endfacet
facet normal 0.999657 0 0.0261769
 outer loop
  vertex 86.7923 -16.4802 38.4813
  vertex 86.7753 -18.9757 39.1309
  vertex 86.8172 -17.1031 37.5312
 endloop
endfacet
facet normal 0.999657 0 0.0261769
 outer loop
  vertex 86.8172 -17.1031 37.5312
  vertex 86.7753 -18.9757 39.1309
  vertex 86.8442 -17.2985 36.5
 endloop
endfacet
facet normal 0.999657 0 0.0261769
 outer loop
  vertex 86.8442 -17.2985 36.5
  vertex 86.7753 -18.9757 39.1309
  vertex 87.5512 -17.2615 9.5
 endloop
endfacet
facet normal 0.999657 0 0.0261769
 outer loop
  vertex 87.5512 -17.2615 9.5
  vertex 86.7753 -18.9757 39.1309
  vertex 87.8 -20.0003 0
 endloop
endfacet
facet normal 0.999657 0 0.0261769
 outer loop
  vertex 87.5778 -17.0665 8.48455
  vertex 87.8 -20.0003 0
  vertex 87.6023 -16.4513 7.54979
 endloop
endfacet
facet normal 0.999657 0 0.0261769
 outer loop
  vertex 87.5778 -17.0665 8.48455
  vertex 87.5512 -17.2615 9.5
  vertex 87.8 -20.0003 0
 endloop
endfacet
facet normal 0.999657 0 0.0261769
 outer loop
  vertex 87.5778 17.0665 8.48455
  vertex 87.8 20.0003 0
  vertex 87.5512 17.2615 9.5
 endloop
endfacet
facet normal 0.999657 0 0.0261769
 outer loop
  vertex 87.5778 17.0665 8.48455
  vertex 87.6023 16.4513 7.54979
  vertex 87.8 20.0003 0
 endloop
endfacet
facet normal 0.999657 0 0.0261769
 outer loop
  vertex 87.8 20.0003 0
  vertex 87.6023 16.4513 7.54979
  vertex 87.6184 15.5157 6.93589
 endloop
endfacet
facet normal 0.999657 0 0.0261769
 outer loop
  vertex 87.6234 14.5 6.7423
  vertex 87.8 20.0003 0
  vertex 87.6184 15.5157 6.93589
 endloop
endfacet
facet normal 0.999657 0 0.0261769
 outer loop
  vertex 87.6234 14.5 6.7423
  vertex 87.8 -20.0003 0
  vertex 87.8 20.0003 0
 endloop
endfacet
facet normal 0.999657 0 0.0261769
 outer loop
  vertex 87.6234 14.5 6.7423
  vertex 87.6234 -14.5 6.7423
  vertex 87.8 -20.0003 0
 endloop
endfacet
facet normal 0.999657 0 0.0261769
 outer loop
  vertex 87.8 -20.0003 0
  vertex 87.6234 -14.5 6.7423
  vertex 87.6184 -15.5157 6.93589
 endloop
endfacet
facet normal 0.999657 0 0.0261769
 outer loop
  vertex 87.6023 -16.4513 7.54979
  vertex 87.8 -20.0003 0
  vertex 87.6184 -15.5157 6.93589
 endloop
endfacet
facet normal 0.999657 0 0.0261769
 outer loop
  vertex 86.776 -15.5309 39.1056
  vertex 86.7708 -14.5 39.3024
  vertex 86.6803 -16.4139 42.7592
 endloop
endfacet
facet normal 0.999657 0 0.0261769
 outer loop
  vertex 86.7708 -14.5 39.3024
  vertex 86.7708 14.5 39.3024
  vertex 86.6733 -14.977 43.0262
 endloop
endfacet
facet normal 0.999657 0 0.0261769
 outer loop
  vertex 86.776 15.5309 39.1056
  vertex 86.7923 16.4802 38.4813
  vertex 86.7379 18.6714 40.5598
 endloop
endfacet
facet normal 0.999657 0 0.0261769
 outer loop
  vertex 86.7923 16.4802 38.4813
  vertex 86.8172 17.1031 37.5312
  vertex 86.7753 18.9757 39.1309
 endloop
endfacet
facet normal 0.999657 0 0.0261769
 outer loop
  vertex 87.8 20.0003 0
  vertex 86.7753 18.9757 39.1309
  vertex 87.5512 17.2615 9.5
 endloop
endfacet
facet normal 0.999657 0 0.0261769
 outer loop
  vertex 87.5512 17.2615 9.5
  vertex 86.7753 18.9757 39.1309
  vertex 86.8442 17.2985 36.5
 endloop
endfacet
facet normal 0.99178 0.124567 0.0292326
 outer loop
  vertex 87.8 20.0003 0
  vertex 87.7298 20.3684 0
  vertex 86.7753 18.9757 39.1309
 endloop
endfacet
facet normal 0.967942 0.249142 0.0318705
 outer loop
  vertex 86.7753 18.9757 39.1309
  vertex 87.7298 20.3684 0
  vertex 86.7049 19.3435 39.1387
 endloop
endfacet
facet normal 0.871109 0.489796 0.0356365
 outer loop
  vertex 86.7049 19.3435 39.1387
  vertex 87.7298 20.3684 0
  vertex 87.5072 20.7072 0
 endloop
endfacet
facet normal 0.60484 0.795502 0.0366693
 outer loop
  vertex 86.4823 19.6823 39.1417
  vertex 87.5072 20.7072 0
  vertex 87.1684 20.9298 0
 endloop
endfacet
facet normal 0.307094 0.951109 0.0329472
 outer loop
  vertex 86.1435 19.9049 39.1387
  vertex 87.1684 20.9298 0
  vertex 85.9574 19.9585 39.1352
 endloop
endfacet
facet normal 0.489796 0.871109 0.0356365
 outer loop
  vertex 86.1435 19.9049 39.1387
  vertex 86.4823 19.6823 39.1417
  vertex 87.1684 20.9298 0
 endloop
endfacet
facet normal 0.185381 0.982191 0.030574
 outer loop
  vertex 87.1684 20.9298 0
  vertex 86.8003 21 0
  vertex 85.9574 19.9585 39.1352
 endloop
endfacet
facet normal 0.0608097 0.997764 0.0277197
 outer loop
  vertex 85.9574 19.9585 39.1352
  vertex 86.8003 21 0
  vertex 85.7757 19.9753 39.1309
 endloop
endfacet
facet normal 0.795497 0.604847 0.0366693
 outer loop
  vertex 86.4823 19.6823 39.1417
  vertex 86.7049 19.3435 39.1387
  vertex 87.5072 20.7072 0
 endloop
endfacet
facet normal 0 0.999657 0.0261769
 outer loop
  vertex 83.4997 21 0
  vertex 83.0786 20.579 16.0785
  vertex 86.8003 21 0
 endloop
endfacet
facet normal 0 0.999657 0.0261769
 outer loop
  vertex 86.8003 21 0
  vertex 83.0786 20.579 16.0785
  vertex 85.7757 19.9753 39.1309
 endloop
endfacet
facet normal 0 0.999657 0.0261769
 outer loop
  vertex 85.7757 19.9753 39.1309
  vertex 83.0786 20.579 16.0785
  vertex 82.8958 20.5503 17.1736
 endloop
endfacet
facet normal 0 0.999657 0.0261769
 outer loop
  vertex 82.3935 20.523 18.2146
  vertex 85.7757 19.9753 39.1309
  vertex 82.8958 20.5503 17.1736
 endloop
endfacet
facet normal 0 0.999657 0.0261769
 outer loop
  vertex 82.3935 20.523 18.2146
  vertex 81.6281 20.501 19.0572
  vertex 85.7757 19.9753 39.1309
 endloop
endfacet
facet normal 0 0.999657 0.0261769
 outer loop
  vertex 85.7757 19.9753 39.1309
  vertex 81.6281 20.501 19.0572
  vertex 77.2476 20.36 24.4396
 endloop
endfacet
facet normal 0 0.999657 0.0261769
 outer loop
  vertex 76.8212 19.9753 39.1309
  vertex 85.7757 19.9753 39.1309
  vertex 77.2476 20.36 24.4396
 endloop
endfacet
facet normal 0 0.999657 0.0261769
 outer loop
  vertex 81.6281 20.501 19.0572
  vertex 80.6979 20.4859 19.632
  vertex 77.2476 20.36 24.4396
 endloop
endfacet
facet normal 0 0.999657 0.0261769
 outer loop
  vertex 77.2476 20.36 24.4396
  vertex 80.6979 20.4859 19.632
  vertex 78.2714 20.436 21.5396
 endloop
endfacet
facet normal 0 0.999657 0.0261769
 outer loop
  vertex 77.5362 20.4001 22.9109
  vertex 77.2476 20.36 24.4396
  vertex 78.2714 20.436 21.5396
 endloop
endfacet
facet normal -0.886231 0.463243 0
 outer loop
  vertex -53.011 -74.0325 8
  vertex -52.417 -72.5978 8
  vertex -53.011 -74.0325 -1.11022E-13
 endloop
endfacet
facet normal -0.954299 0.298853 0
 outer loop
  vertex -53.011 -74.0325 -1.11022E-13
  vertex -52.417 -72.5978 8
  vertex -52.417 -72.5978 0
 endloop
endfacet
facet normal -0.99912 -0.0419356 0
 outer loop
  vertex -52.417 -72.5978 0
  vertex -52.417 -72.5978 8
  vertex -52.6199 -71.0582 8
 endloop
endfacet
facet normal -0.844296 -0.535877 -0
 outer loop
  vertex -52.6199 -71.0582 0
  vertex -52.6199 -71.0582 8
  vertex -53.5654 -69.8263 8
 endloop
endfacet
facet normal -0.463243 -0.886231 -0
 outer loop
  vertex -53.5654 -69.8263 0
  vertex -53.5654 -69.8263 8
  vertex -55.0001 -69.2322 8
 endloop
endfacet
facet normal -0.0870981 -0.9962 -0
 outer loop
  vertex -55.0001 -69.2322 0
  vertex -55.0001 -69.2322 8
  vertex -55.3913 -69.2066 8
 endloop
endfacet
facet normal 0.259634 -0.965707 0
 outer loop
  vertex -56.5397 -69.4351 0
  vertex -55.3913 -69.2066 8
  vertex -56.5397 -69.4351 8
 endloop
endfacet
facet normal 0.535877 -0.844296 0
 outer loop
  vertex -57.7716 -70.3806 8
  vertex -56.5397 -69.4351 0
  vertex -56.5397 -69.4351 8
 endloop
endfacet
facet normal 0.677021 -0.735964 0
 outer loop
  vertex -57.7716 -70.3806 8
  vertex -57.7716 -70.3806 2.77556E-14
  vertex -56.5397 -69.4351 0
 endloop
endfacet
facet normal 0.0862562 -0.996273 0
 outer loop
  vertex -56.5397 -69.4351 0
  vertex -55.0001 -69.2322 0
  vertex -55.3913 -69.2066 8
 endloop
endfacet
facet normal -0.298853 -0.954299 -0
 outer loop
  vertex -55.0001 -69.2322 0
  vertex -53.5654 -69.8263 0
  vertex -55.0001 -69.2322 8
 endloop
endfacet
facet normal -0.735964 -0.677021 -0
 outer loop
  vertex -53.5654 -69.8263 0
  vertex -52.6199 -71.0582 0
  vertex -53.5654 -69.8263 8
 endloop
endfacet
facet normal -0.975874 -0.218335 0
 outer loop
  vertex -52.6199 -71.0582 0
  vertex -52.417 -72.5978 0
  vertex -52.6199 -71.0582 8
 endloop
endfacet
facet normal -0.793431 0.60866 0
 outer loop
  vertex -54.2284 -75.6194 8
  vertex -53.011 -74.0325 8
  vertex -54.2284 -75.6194 0
 endloop
endfacet
facet normal -0.793431 0.60866 0
 outer loop
  vertex -54.2284 -75.6194 0
  vertex -53.011 -74.0325 8
  vertex -53.011 -74.0325 -1.11022E-13
 endloop
endfacet
facet normal -0.101296 0.994856 0
 outer loop
  vertex -56.6087 -76.7934 0
  vertex -56.6087 -76.7934 8
  vertex -55.7064 -76.6545 0
 endloop
endfacet
facet normal -0.202593 0.979263 0
 outer loop
  vertex -55.7064 -76.6545 0
  vertex -56.6087 -76.7934 8
  vertex -55.7064 -76.6545 8
 endloop
endfacet
facet normal -0.487724 0.872998 0
 outer loop
  vertex -54.8877 -76.2507 0
  vertex -55.7064 -76.6545 8
  vertex -54.8877 -76.2507 8
 endloop
endfacet
facet normal -0.727695 0.685901 0
 outer loop
  vertex -54.2284 -75.6194 0
  vertex -54.8877 -76.2507 8
  vertex -54.2284 -75.6194 8
 endloop
endfacet
facet normal -0.653668 0.756781 0
 outer loop
  vertex -54.2284 -75.6194 0
  vertex -54.8877 -76.2507 0
  vertex -54.8877 -76.2507 8
 endloop
endfacet
facet normal -0.395806 0.918334 0
 outer loop
  vertex -54.8877 -76.2507 0
  vertex -55.7064 -76.6545 0
  vertex -55.7064 -76.6545 8
 endloop
endfacet
facet normal 0.793431 -0.60866 0
 outer loop
  vertex -57.7716 -70.3806 8
  vertex -58.989 -71.9675 8
  vertex -57.7716 -70.3806 2.77556E-14
 endloop
endfacet
facet normal 0.793431 -0.60866 0
 outer loop
  vertex -57.7716 -70.3806 2.77556E-14
  vertex -58.989 -71.9675 8
  vertex -58.989 -71.9675 1.11022E-13
 endloop
endfacet
facet normal 0 0.999657 0.0261769
 outer loop
  vertex -83.4997 19.5 0
  vertex -86.5003 19.5 0
  vertex -83.0786 19.079 16.0785
 endloop
endfacet
facet normal 0 0.999657 0.0261769
 outer loop
  vertex -83.0786 19.079 16.0785
  vertex -86.5003 19.5 0
  vertex -85.5804 18.5801 35.1309
 endloop
endfacet
facet normal 0 0.999657 0.0261769
 outer loop
  vertex -82.9146 19.0519 17.1123
  vertex -85.5804 18.5801 35.1309
  vertex -82.4678 19.026 18.1006
 endloop
endfacet
facet normal 0 0.999657 0.0261769
 outer loop
  vertex -82.9146 19.0519 17.1123
  vertex -83.0786 19.079 16.0785
  vertex -85.5804 18.5801 35.1309
 endloop
endfacet
facet normal 0 0.999657 0.0261769
 outer loop
  vertex -77.3327 18.5801 35.1309
  vertex -77.6452 18.8587 24.4916
  vertex -85.5804 18.5801 35.1309
 endloop
endfacet
facet normal 0 0.999657 0.0261769
 outer loop
  vertex -85.5804 18.5801 35.1309
  vertex -77.6452 18.8587 24.4916
  vertex -80.9402 18.989 19.5151
 endloop
endfacet
facet normal 0 0.999657 0.0261769
 outer loop
  vertex -81.7837 19.0045 18.9217
  vertex -85.5804 18.5801 35.1309
  vertex -80.9402 18.989 19.5151
 endloop
endfacet
facet normal 0 0.999657 0.0261769
 outer loop
  vertex -81.7837 19.0045 18.9217
  vertex -82.4678 19.026 18.1006
  vertex -85.5804 18.5801 35.1309
 endloop
endfacet
facet normal 0 0.999657 0.0261769
 outer loop
  vertex -77.917 18.8987 22.9625
  vertex -78.6106 18.9353 21.5645
  vertex -77.6452 18.8587 24.4916
 endloop
endfacet
facet normal 0 0.999657 0.0261769
 outer loop
  vertex -77.6452 18.8587 24.4916
  vertex -78.6106 18.9353 21.5645
  vertex -80.9402 18.989 19.5151
 endloop
endfacet
facet normal -1 -1.26482E-16 -1.04083E-17
 outer loop
  vertex -91.5 -9.925 29.9184
  vertex -91.5 -12.675 29.9184
  vertex -91.5 -8.91843 30.925
 endloop
endfacet
facet normal -1 -1.26482E-16 -1.04083E-17
 outer loop
  vertex -91.5 -9.925 29.9184
  vertex -91.5 -11.3 29.55
  vertex -91.5 -12.675 29.9184
 endloop
endfacet
facet normal -1 -1.26482E-16 -1.04083E-17
 outer loop
  vertex -91.5 -12.675 29.9184
  vertex -91.5 -13.6816 30.925
  vertex -91.5 -8.91843 30.925
 endloop
endfacet
facet normal -1 -1.26482E-16 -1.04083E-17
 outer loop
  vertex -91.5 -8.91843 30.925
  vertex -91.5 -13.6816 30.925
  vertex -91.5 -8.55 32.3
 endloop
endfacet
facet normal -1 -1.26482E-16 -1.04083E-17
 outer loop
  vertex -91.5 -8.55 32.3
  vertex -91.5 -13.6816 30.925
  vertex -91.5 -14.05 32.3
 endloop
endfacet
facet normal -1 -1.26482E-16 -1.04083E-17
 outer loop
  vertex -91.5 -8.91843 33.675
  vertex -91.5 -14.05 32.3
  vertex -91.5 -13.6816 33.675
 endloop
endfacet
facet normal -1 -1.26482E-16 -1.04083E-17
 outer loop
  vertex -91.5 -9.925 34.6816
  vertex -91.5 -13.6816 33.675
  vertex -91.5 -12.675 34.6816
 endloop
endfacet
facet normal -1 -1.26482E-16 -1.04083E-17
 outer loop
  vertex -91.5 -11.3 35.05
  vertex -91.5 -9.925 34.6816
  vertex -91.5 -12.675 34.6816
 endloop
endfacet
facet normal -1 -1.26482E-16 -1.04083E-17
 outer loop
  vertex -91.5 -9.925 34.6816
  vertex -91.5 -8.91843 33.675
  vertex -91.5 -13.6816 33.675
 endloop
endfacet
facet normal -1 -1.26482E-16 -1.04083E-17
 outer loop
  vertex -91.5 -8.91843 33.675
  vertex -91.5 -8.55 32.3
  vertex -91.5 -14.05 32.3
 endloop
endfacet
facet normal -1 -1.26482E-16 -1.04083E-17
 outer loop
  vertex -91.5 -9.925 7.31843
  vertex -91.5 -12.675 7.31843
  vertex -91.5 -8.91843 8.325
 endloop
endfacet
facet normal -1 -1.26482E-16 -1.04083E-17
 outer loop
  vertex -91.5 -9.925 7.31843
  vertex -91.5 -11.3 6.95
  vertex -91.5 -12.675 7.31843
 endloop
endfacet
facet normal -1 -1.26482E-16 -1.04083E-17
 outer loop
  vertex -91.5 -12.675 7.31843
  vertex -91.5 -13.6816 8.325
  vertex -91.5 -8.91843 8.325
 endloop
endfacet
facet normal -1 -1.26482E-16 -1.04083E-17
 outer loop
  vertex -91.5 -8.91843 8.325
  vertex -91.5 -13.6816 8.325
  vertex -91.5 -8.55 9.7
 endloop
endfacet
facet normal -1 -1.26482E-16 -1.04083E-17
 outer loop
  vertex -91.5 -8.55 9.7
  vertex -91.5 -13.6816 8.325
  vertex -91.5 -14.05 9.7
 endloop
endfacet
facet normal -1 -1.26482E-16 -1.04083E-17
 outer loop
  vertex -91.5 -8.91843 11.075
  vertex -91.5 -14.05 9.7
  vertex -91.5 -13.6816 11.075
 endloop
endfacet
facet normal -1 -1.26482E-16 -1.04083E-17
 outer loop
  vertex -91.5 -9.925 12.0816
  vertex -91.5 -13.6816 11.075
  vertex -91.5 -12.675 12.0816
 endloop
endfacet
facet normal -1 -1.26482E-16 -1.04083E-17
 outer loop
  vertex -91.5 -11.3 12.45
  vertex -91.5 -9.925 12.0816
  vertex -91.5 -12.675 12.0816
 endloop
endfacet
facet normal -1 -1.26482E-16 -1.04083E-17
 outer loop
  vertex -91.5 -9.925 12.0816
  vertex -91.5 -8.91843 11.075
  vertex -91.5 -13.6816 11.075
 endloop
endfacet
facet normal -1 -1.26482E-16 -1.04083E-17
 outer loop
  vertex -91.5 -8.91843 11.075
  vertex -91.5 -8.55 9.7
  vertex -91.5 -14.05 9.7
 endloop
endfacet
facet normal -0.0610838 0.993874 0.092108
 outer loop
  vertex -85.5804 18.5801 35.1309
  vertex -85.7622 18.5633 35.1352
  vertex -85.5617 18.4755 36.0254
 endloop
endfacet
facet normal -0.121991 0.980087 0.156678
 outer loop
  vertex -85.5617 18.4755 36.0254
  vertex -85.7622 18.5633 35.1352
  vertex -85.7417 18.4446 36.0884
 endloop
endfacet
facet normal -0.121669 0.931899 0.341702
 outer loop
  vertex -85.5426 18.1922 36.9351
  vertex -85.7417 18.4446 36.0884
  vertex -85.7221 18.1459 37.0011
 endloop
endfacet
facet normal -0.121267 0.860109 0.495487
 outer loop
  vertex -85.5303 17.8981 37.5237
  vertex -85.7221 18.1459 37.0011
  vertex -85.704 17.6772 37.8392
 endloop
endfacet
facet normal -0.0606205 0.781548 0.620892
 outer loop
  vertex -85.5244 17.72 37.8063
  vertex -85.704 17.6772 37.8392
  vertex -85.5081 17.0707 38.5815
 endloop
endfacet
facet normal -0.0604032 0.832044 0.551411
 outer loop
  vertex -85.5244 17.72 37.8063
  vertex -85.5303 17.8981 37.5237
  vertex -85.704 17.6772 37.8392
 endloop
endfacet
facet normal -0.245627 0.964693 0.0950559
 outer loop
  vertex -85.7622 18.5633 35.1352
  vertex -85.9483 18.5097 35.1387
  vertex -85.7417 18.4446 36.0884
 endloop
endfacet
facet normal -0.307706 0.938633 0.155837
 outer loop
  vertex -85.7417 18.4446 36.0884
  vertex -85.9483 18.5097 35.1387
  vertex -85.9272 18.3917 36.0815
 endloop
endfacet
facet normal -0.306879 0.891679 0.332767
 outer loop
  vertex -85.7221 18.1459 37.0011
  vertex -85.9272 18.3917 36.0815
  vertex -85.907 18.0956 36.984
 endloop
endfacet
facet normal -0.306108 0.811821 0.497236
 outer loop
  vertex -85.704 17.6772 37.8392
  vertex -85.907 18.0956 36.984
  vertex -85.8885 17.6317 37.8125
 endloop
endfacet
facet normal -0.305428 0.702109 0.643239
 outer loop
  vertex -85.6882 17.057 38.5721
  vertex -85.8885 17.6317 37.8125
  vertex -85.8723 17.018 38.5369
 endloop
endfacet
facet normal -0.304857 0.566656 0.765482
 outer loop
  vertex -85.6753 16.3074 39.1719
  vertex -85.8723 17.018 38.5369
  vertex -85.8591 16.2767 39.1297
 endloop
endfacet
facet normal -0.304419 0.410485 0.859553
 outer loop
  vertex -85.6657 15.4572 39.6174
  vertex -85.8591 16.2767 39.1297
  vertex -85.8492 15.4359 39.5699
 endloop
endfacet
facet normal -0.304125 0.239338 0.922077
 outer loop
  vertex -85.6598 14.5372 39.8911
  vertex -85.8492 15.4359 39.5699
  vertex -85.8432 14.5263 39.8403
 endloop
endfacet
facet normal -0.303987 0.0594639 0.950819
 outer loop
  vertex -85.6577 13.5818 39.9838
  vertex -85.8432 14.5263 39.8403
  vertex -85.8412 13.5818 39.9319
 endloop
endfacet
facet normal -0.242468 0.122606 0.962381
 outer loop
  vertex -85.6577 13.5818 39.9838
  vertex -85.6598 14.5372 39.8911
  vertex -85.8432 14.5263 39.8403
 endloop
endfacet
facet normal -0.120536 0.127567 0.984478
 outer loop
  vertex -85.6577 13.5818 39.9838
  vertex -85.4801 14.4788 39.9189
  vertex -85.6598 14.5372 39.8911
 endloop
endfacet
facet normal -0.0602678 0.0644608 0.996099
 outer loop
  vertex -85.6577 13.5818 39.9838
  vertex -85.4784 13.5818 40
  vertex -85.4801 14.4788 39.9189
 endloop
endfacet
facet normal -0.49095 0.865858 0.0962198
 outer loop
  vertex -85.9483 18.5097 35.1387
  vertex -86.287 18.287 35.1417
  vertex -85.9272 18.3917 36.0815
 endloop
endfacet
facet normal -0.607525 0.771812 0.18767
 outer loop
  vertex -85.9272 18.3917 36.0815
  vertex -86.287 18.287 35.1417
  vertex -86.2444 17.891 36.9033
 endloop
endfacet
facet normal -0.488354 0.767833 0.414659
 outer loop
  vertex -85.907 18.0956 36.984
  vertex -86.2444 17.891 36.9033
  vertex -85.8885 17.6317 37.8125
 endloop
endfacet
facet normal -0.489147 0.817452 0.30415
 outer loop
  vertex -85.907 18.0956 36.984
  vertex -85.9272 18.3917 36.0815
  vertex -86.2444 17.891 36.9033
 endloop
endfacet
facet normal -0.799302 0.587384 0.126874
 outer loop
  vertex -86.287 18.287 35.1417
  vertex -86.5097 17.9483 35.1387
  vertex -86.2444 17.891 36.9033
 endloop
endfacet
facet normal -0.871607 0.459011 0.172078
 outer loop
  vertex -86.2444 17.891 36.9033
  vertex -86.5097 17.9483 35.1387
  vertex -86.4677 17.5818 36.7739
 endloop
endfacet
facet normal -0.868691 0.367226 0.332448
 outer loop
  vertex -86.2085 16.8618 38.3854
  vertex -86.4677 17.5818 36.7739
  vertex -86.4323 16.6272 38.1504
 endloop
endfacet
facet normal -0.866616 0.222741 0.446501
 outer loop
  vertex -86.1846 15.3514 39.371
  vertex -86.4323 16.6272 38.1504
  vertex -86.4087 15.2251 39.0661
 endloop
endfacet
facet normal -0.865665 0.0465802 0.498453
 outer loop
  vertex -86.1762 13.5818 39.7163
  vertex -86.4087 15.2251 39.0661
  vertex -86.4005 13.5818 39.387
 endloop
endfacet
facet normal -0.791952 0.136595 0.595108
 outer loop
  vertex -86.1762 13.5818 39.7163
  vertex -86.1846 15.3514 39.371
  vertex -86.4087 15.2251 39.0661
 endloop
endfacet
facet normal -0.601131 0.15042 0.784867
 outer loop
  vertex -86.1762 13.5818 39.7163
  vertex -85.8432 14.5263 39.8403
  vertex -86.1846 15.3514 39.371
 endloop
endfacet
facet normal -0.484609 0.0602706 0.872652
 outer loop
  vertex -86.1762 13.5818 39.7163
  vertex -85.8412 13.5818 39.9319
  vertex -85.8432 14.5263 39.8403
 endloop
endfacet
facet normal -0.991776 0.124596 0.0292455
 outer loop
  vertex -86.5801 17.5804 35.1309
  vertex -86.5426 17.2761 36.5598
  vertex -86.5097 17.9483 35.1387
 endloop
endfacet
facet normal -0.968003 0.238396 0.0783464
 outer loop
  vertex -86.5097 17.9483 35.1387
  vertex -86.5426 17.2761 36.5598
  vertex -86.4677 17.5818 36.7739
 endloop
endfacet
facet normal -0.99065 0.11356 0.0756133
 outer loop
  vertex -86.4677 17.5818 36.7739
  vertex -86.5426 17.2761 36.5598
  vertex -86.5078 16.3729 37.8914
 endloop
endfacet
facet normal -0.964661 0.132522 0.227743
 outer loop
  vertex -86.4323 16.6272 38.1504
  vertex -86.5078 16.3729 37.8914
  vertex -86.4087 15.2251 39.0661
 endloop
endfacet
facet normal -0.966101 0.199819 0.163465
 outer loop
  vertex -86.4323 16.6272 38.1504
  vertex -86.4677 17.5818 36.7739
  vertex -86.5078 16.3729 37.8914
 endloop
endfacet
facet normal -0.989091 0.0463226 0.139836
 outer loop
  vertex -86.5078 16.3729 37.8914
  vertex -86.4851 15.0187 38.7592
  vertex -86.4087 15.2251 39.0661
 endloop
endfacet
facet normal -0.96388 0.0463731 0.262267
 outer loop
  vertex -86.4087 15.2251 39.0661
  vertex -86.4851 15.0187 38.7592
  vertex -86.4005 13.5818 39.387
 endloop
endfacet
facet normal -0.988874 1.21464E-05 0.148753
 outer loop
  vertex -86.4005 13.5818 39.387
  vertex -86.4851 15.0187 38.7592
  vertex -86.4781 13.5818 39.0262
 endloop
endfacet
facet normal -0.0602838 0.254104 0.965296
 outer loop
  vertex -85.4801 14.4788 39.9189
  vertex -85.4855 15.3955 39.6595
  vertex -85.6598 14.5372 39.8911
 endloop
endfacet
facet normal -0.120596 0.313532 0.941889
 outer loop
  vertex -85.6598 14.5372 39.8911
  vertex -85.4855 15.3955 39.6595
  vertex -85.6657 15.4572 39.6174
 endloop
endfacet
facet normal -0.242626 0.30385 0.921308
 outer loop
  vertex -85.8492 15.4359 39.5699
  vertex -85.6598 14.5372 39.8911
  vertex -85.6657 15.4572 39.6174
 endloop
endfacet
facet normal -0.0601925 0.415018 0.90782
 outer loop
  vertex -85.4855 15.3955 39.6595
  vertex -85.4914 15.9916 39.3809
  vertex -85.6657 15.4572 39.6174
 endloop
endfacet
facet normal -0.120609 0.469138 0.87485
 outer loop
  vertex -85.6657 15.4572 39.6174
  vertex -85.4914 15.9916 39.3809
  vertex -85.6753 16.3074 39.1719
 endloop
endfacet
facet normal -0.242894 0.47398 0.846372
 outer loop
  vertex -85.8591 16.2767 39.1297
  vertex -85.6657 15.4572 39.6174
  vertex -85.6753 16.3074 39.1719
 endloop
endfacet
facet normal -0.0601822 0.527615 0.847349
 outer loop
  vertex -85.4914 15.9916 39.3809
  vertex -85.4949 16.2788 39.2103
  vertex -85.6753 16.3074 39.1719
 endloop
endfacet
facet normal -0.0604053 0.598494 0.798847
 outer loop
  vertex -85.6753 16.3074 39.1719
  vertex -85.4949 16.2788 39.2103
  vertex -85.5081 17.0707 38.5815
 endloop
endfacet
facet normal -0.121105 0.735043 0.667117
 outer loop
  vertex -85.6882 17.057 38.5721
  vertex -85.5081 17.0707 38.5815
  vertex -85.704 17.6772 37.8392
 endloop
endfacet
facet normal -0.243762 0.756523 0.606838
 outer loop
  vertex -85.8885 17.6317 37.8125
  vertex -85.6882 17.057 38.5721
  vertex -85.704 17.6772 37.8392
 endloop
endfacet
facet normal -0.0606246 0.895719 0.440469
 outer loop
  vertex -85.5303 17.8981 37.5237
  vertex -85.5426 18.1922 36.9351
  vertex -85.7221 18.1459 37.0011
 endloop
endfacet
facet normal -0.0609161 0.957754 0.281064
 outer loop
  vertex -85.5426 18.1922 36.9351
  vertex -85.5617 18.4755 36.0254
  vertex -85.7417 18.4446 36.0884
 endloop
endfacet
facet normal -0.243285 0.62675 0.740268
 outer loop
  vertex -85.8723 17.018 38.5369
  vertex -85.6753 16.3074 39.1719
  vertex -85.6882 17.057 38.5721
 endloop
endfacet
facet normal -0.120897 0.64435 0.755114
 outer loop
  vertex -85.6882 17.057 38.5721
  vertex -85.6753 16.3074 39.1719
  vertex -85.5081 17.0707 38.5815
 endloop
endfacet
facet normal -0.486856 0.645397 0.588586
 outer loop
  vertex -85.8723 17.018 38.5369
  vertex -85.8885 17.6317 37.8125
  vertex -86.2085 16.8618 38.3854
 endloop
endfacet
facet normal -0.602326 0.4298 0.672663
 outer loop
  vertex -85.8591 16.2767 39.1297
  vertex -86.2085 16.8618 38.3854
  vertex -86.1846 15.3514 39.371
 endloop
endfacet
facet normal -0.484953 0.268207 0.832398
 outer loop
  vertex -85.8492 15.4359 39.5699
  vertex -86.1846 15.3514 39.371
  vertex -85.8432 14.5263 39.8403
 endloop
endfacet
facet normal -0.485272 0.380112 0.787417
 outer loop
  vertex -85.8492 15.4359 39.5699
  vertex -85.8591 16.2767 39.1297
  vertex -86.1846 15.3514 39.371
 endloop
endfacet
facet normal -0.793409 0.343681 0.502379
 outer loop
  vertex -86.2085 16.8618 38.3854
  vertex -86.4323 16.6272 38.1504
  vertex -86.1846 15.3514 39.371
 endloop
endfacet
facet normal -0.604558 0.6476 0.463814
 outer loop
  vertex -85.8885 17.6317 37.8125
  vertex -86.2444 17.891 36.9033
  vertex -86.2085 16.8618 38.3854
 endloop
endfacet
facet normal -0.795976 0.501714 0.338682
 outer loop
  vertex -86.2085 16.8618 38.3854
  vertex -86.2444 17.891 36.9033
  vertex -86.4677 17.5818 36.7739
 endloop
endfacet
facet normal -0.486259 0.558236 0.672254
 outer loop
  vertex -85.8723 17.018 38.5369
  vertex -86.2085 16.8618 38.3854
  vertex -85.8591 16.2767 39.1297
 endloop
endfacet
facet normal -0.244333 0.858469 0.450924
 outer loop
  vertex -85.7221 18.1459 37.0011
  vertex -85.907 18.0956 36.984
  vertex -85.704 17.6772 37.8392
 endloop
endfacet
facet normal -0.244953 0.928758 0.278222
 outer loop
  vertex -85.7417 18.4446 36.0884
  vertex -85.9272 18.3917 36.0815
  vertex -85.7221 18.1459 37.0011
 endloop
endfacet
facet normal -0.0599887 0 0.998199
 outer loop
  vertex -85.4784 -13.5818 40
  vertex -85.4784 13.5818 40
  vertex -85.6577 -13.5818 39.9838
 endloop
endfacet
facet normal -0.119977 0 0.992777
 outer loop
  vertex -85.6577 -13.5818 39.9838
  vertex -85.4784 13.5818 40
  vertex -85.6577 13.5818 39.9838
 endloop
endfacet
facet normal -0.241442 0 0.970415
 outer loop
  vertex -85.8412 13.5818 39.9319
  vertex -85.6577 -13.5818 39.9838
  vertex -85.6577 13.5818 39.9838
 endloop
endfacet
facet normal -0.302839 0 0.953042
 outer loop
  vertex -85.8412 13.5818 39.9319
  vertex -85.8412 -13.5818 39.9319
  vertex -85.6577 -13.5818 39.9838
 endloop
endfacet
facet normal -0.483033 0 0.875602
 outer loop
  vertex -85.8412 13.5818 39.9319
  vertex -86.1762 13.5818 39.7163
  vertex -85.8412 -13.5818 39.9319
 endloop
endfacet
facet normal -0.596732 0 0.80244
 outer loop
  vertex -85.8412 -13.5818 39.9319
  vertex -86.1762 13.5818 39.7163
  vertex -86.1762 -13.5818 39.7163
 endloop
endfacet
facet normal -0.786545 0 0.617533
 outer loop
  vertex -86.1762 -13.5818 39.7163
  vertex -86.1762 13.5818 39.7163
  vertex -86.4005 13.5818 39.387
 endloop
endfacet
facet normal -0.962613 0 0.270879
 outer loop
  vertex -86.4005 -13.5818 39.387
  vertex -86.4005 13.5818 39.387
  vertex -86.4781 13.5818 39.0262
 endloop
endfacet
facet normal -0.988878 0 0.148731
 outer loop
  vertex -86.4781 -13.5818 39.0262
  vertex -86.4005 -13.5818 39.387
  vertex -86.4781 13.5818 39.0262
 endloop
endfacet
facet normal -0.862658 0 0.505788
 outer loop
  vertex -86.4005 -13.5818 39.387
  vertex -86.1762 -13.5818 39.7163
  vertex -86.4005 13.5818 39.387
 endloop
endfacet
facet normal -0.0602678 -0.0644608 0.996099
 outer loop
  vertex -85.4784 -13.5818 40
  vertex -85.6577 -13.5818 39.9838
  vertex -85.4801 -14.4788 39.9189
 endloop
endfacet
facet normal -0.120536 -0.127567 0.984478
 outer loop
  vertex -85.4801 -14.4788 39.9189
  vertex -85.6577 -13.5818 39.9838
  vertex -85.6598 -14.5372 39.8911
 endloop
endfacet
facet normal -0.120596 -0.313532 0.941889
 outer loop
  vertex -85.4855 -15.3955 39.6595
  vertex -85.6598 -14.5372 39.8911
  vertex -85.6657 -15.4572 39.6174
 endloop
endfacet
facet normal -0.120609 -0.469138 0.87485
 outer loop
  vertex -85.4914 -15.9916 39.3809
  vertex -85.6657 -15.4572 39.6174
  vertex -85.6753 -16.3074 39.1719
 endloop
endfacet
facet normal -0.0604053 -0.598494 0.798847
 outer loop
  vertex -85.4949 -16.2788 39.2103
  vertex -85.6753 -16.3074 39.1719
  vertex -85.5081 -17.0707 38.5815
 endloop
endfacet
facet normal -0.0601822 -0.527615 0.847349
 outer loop
  vertex -85.4949 -16.2788 39.2103
  vertex -85.4914 -15.9916 39.3809
  vertex -85.6753 -16.3074 39.1719
 endloop
endfacet
facet normal -0.242468 -0.122606 0.962381
 outer loop
  vertex -85.6598 -14.5372 39.8911
  vertex -85.6577 -13.5818 39.9838
  vertex -85.8432 -14.5263 39.8403
 endloop
endfacet
facet normal -0.484953 -0.268207 0.832398
 outer loop
  vertex -85.8492 -15.4359 39.5699
  vertex -85.8432 -14.5263 39.8403
  vertex -86.1846 -15.3514 39.371
 endloop
endfacet
facet normal -0.602326 -0.4298 0.672663
 outer loop
  vertex -85.8591 -16.2767 39.1297
  vertex -86.1846 -15.3514 39.371
  vertex -86.2085 -16.8618 38.3854
 endloop
endfacet
facet normal -0.486856 -0.645397 0.588586
 outer loop
  vertex -85.8723 -17.018 38.5369
  vertex -86.2085 -16.8618 38.3854
  vertex -85.8885 -17.6317 37.8125
 endloop
endfacet
facet normal -0.243762 -0.756523 0.606838
 outer loop
  vertex -85.6882 -17.057 38.5721
  vertex -85.8885 -17.6317 37.8125
  vertex -85.704 -17.6772 37.8392
 endloop
endfacet
facet normal -0.0606205 -0.781548 0.620892
 outer loop
  vertex -85.5081 -17.0707 38.5815
  vertex -85.704 -17.6772 37.8392
  vertex -85.5244 -17.72 37.8063
 endloop
endfacet
facet normal -0.121105 -0.735043 0.667117
 outer loop
  vertex -85.5081 -17.0707 38.5815
  vertex -85.6882 -17.057 38.5721
  vertex -85.704 -17.6772 37.8392
 endloop
endfacet
facet normal -0.120897 -0.64435 0.755114
 outer loop
  vertex -85.5081 -17.0707 38.5815
  vertex -85.6753 -16.3074 39.1719
  vertex -85.6882 -17.057 38.5721
 endloop
endfacet
facet normal -0.243285 -0.62675 0.740268
 outer loop
  vertex -85.6882 -17.057 38.5721
  vertex -85.6753 -16.3074 39.1719
  vertex -85.8723 -17.018 38.5369
 endloop
endfacet
facet normal -0.305428 -0.702109 0.643239
 outer loop
  vertex -85.8885 -17.6317 37.8125
  vertex -85.6882 -17.057 38.5721
  vertex -85.8723 -17.018 38.5369
 endloop
endfacet
facet normal -0.303987 -0.0594639 0.950819
 outer loop
  vertex -85.6577 -13.5818 39.9838
  vertex -85.8412 -13.5818 39.9319
  vertex -85.8432 -14.5263 39.8403
 endloop
endfacet
facet normal -0.484609 -0.0602706 0.872652
 outer loop
  vertex -85.8432 -14.5263 39.8403
  vertex -85.8412 -13.5818 39.9319
  vertex -86.1762 -13.5818 39.7163
 endloop
endfacet
facet normal -0.791952 -0.136595 0.595108
 outer loop
  vertex -86.1846 -15.3514 39.371
  vertex -86.1762 -13.5818 39.7163
  vertex -86.4087 -15.2251 39.0661
 endloop
endfacet
facet normal -0.964661 -0.132522 0.227743
 outer loop
  vertex -86.4323 -16.6272 38.1504
  vertex -86.4087 -15.2251 39.0661
  vertex -86.5078 -16.3729 37.8914
 endloop
endfacet
facet normal -0.99065 -0.11356 0.0756133
 outer loop
  vertex -86.4677 -17.5818 36.7739
  vertex -86.5078 -16.3729 37.8914
  vertex -86.5426 -17.2761 36.5598
 endloop
endfacet
facet normal -0.991776 -0.124596 0.0292455
 outer loop
  vertex -86.5097 -17.9483 35.1387
  vertex -86.5426 -17.2761 36.5598
  vertex -86.5801 -17.5804 35.1309
 endloop
endfacet
facet normal -0.968003 -0.238396 0.0783464
 outer loop
  vertex -86.5097 -17.9483 35.1387
  vertex -86.4677 -17.5818 36.7739
  vertex -86.5426 -17.2761 36.5598
 endloop
endfacet
facet normal -0.871607 -0.459011 0.172078
 outer loop
  vertex -86.5097 -17.9483 35.1387
  vertex -86.2444 -17.891 36.9033
  vertex -86.4677 -17.5818 36.7739
 endloop
endfacet
facet normal -0.799302 -0.587384 0.126874
 outer loop
  vertex -86.5097 -17.9483 35.1387
  vertex -86.287 -18.287 35.1417
  vertex -86.2444 -17.891 36.9033
 endloop
endfacet
facet normal -0.607525 -0.771812 0.18767
 outer loop
  vertex -86.2444 -17.891 36.9033
  vertex -86.287 -18.287 35.1417
  vertex -85.9272 -18.3917 36.0815
 endloop
endfacet
facet normal -0.306879 -0.891679 0.332767
 outer loop
  vertex -85.907 -18.0956 36.984
  vertex -85.9272 -18.3917 36.0815
  vertex -85.7221 -18.1459 37.0011
 endloop
endfacet
facet normal -0.121267 -0.860109 0.495487
 outer loop
  vertex -85.704 -17.6772 37.8392
  vertex -85.7221 -18.1459 37.0011
  vertex -85.5303 -17.8981 37.5237
 endloop
endfacet
facet normal -0.0604032 -0.832044 0.551411
 outer loop
  vertex -85.5244 -17.72 37.8063
  vertex -85.704 -17.6772 37.8392
  vertex -85.5303 -17.8981 37.5237
 endloop
endfacet
facet normal -0.865665 -0.0465802 0.498453
 outer loop
  vertex -86.1762 -13.5818 39.7163
  vertex -86.4005 -13.5818 39.387
  vertex -86.4087 -15.2251 39.0661
 endloop
endfacet
facet normal -0.96388 -0.0463731 0.262267
 outer loop
  vertex -86.4087 -15.2251 39.0661
  vertex -86.4005 -13.5818 39.387
  vertex -86.4851 -15.0187 38.7592
 endloop
endfacet
facet normal -0.989091 -0.0463226 0.139836
 outer loop
  vertex -86.5078 -16.3729 37.8914
  vertex -86.4087 -15.2251 39.0661
  vertex -86.4851 -15.0187 38.7592
 endloop
endfacet
facet normal -0.988874 -1.21464E-05 0.148753
 outer loop
  vertex -86.4005 -13.5818 39.387
  vertex -86.4781 -13.5818 39.0262
  vertex -86.4851 -15.0187 38.7592
 endloop
endfacet
facet normal -0.49095 -0.865858 0.0962198
 outer loop
  vertex -86.287 -18.287 35.1417
  vertex -85.9483 -18.5097 35.1387
  vertex -85.9272 -18.3917 36.0815
 endloop
endfacet
facet normal -0.307706 -0.938633 0.155837
 outer loop
  vertex -85.9272 -18.3917 36.0815
  vertex -85.9483 -18.5097 35.1387
  vertex -85.7417 -18.4446 36.0884
 endloop
endfacet
facet normal -0.121669 -0.931899 0.341702
 outer loop
  vertex -85.7221 -18.1459 37.0011
  vertex -85.7417 -18.4446 36.0884
  vertex -85.5426 -18.1922 36.9351
 endloop
endfacet
facet normal -0.0606246 -0.895719 0.440469
 outer loop
  vertex -85.5303 -17.8981 37.5237
  vertex -85.7221 -18.1459 37.0011
  vertex -85.5426 -18.1922 36.9351
 endloop
endfacet
facet normal -0.245627 -0.964693 0.0950559
 outer loop
  vertex -85.9483 -18.5097 35.1387
  vertex -85.7622 -18.5633 35.1352
  vertex -85.7417 -18.4446 36.0884
 endloop
endfacet
facet normal -0.121991 -0.980087 0.156678
 outer loop
  vertex -85.7417 -18.4446 36.0884
  vertex -85.7622 -18.5633 35.1352
  vertex -85.5617 -18.4755 36.0254
 endloop
endfacet
facet normal -0.0609161 -0.957754 0.281064
 outer loop
  vertex -85.5426 -18.1922 36.9351
  vertex -85.7417 -18.4446 36.0884
  vertex -85.5617 -18.4755 36.0254
 endloop
endfacet
facet normal -0.0610838 -0.993874 0.092108
 outer loop
  vertex -85.7622 -18.5633 35.1352
  vertex -85.5804 -18.5801 35.1309
  vertex -85.5617 -18.4755 36.0254
 endloop
endfacet
facet normal -0.0601925 -0.415018 0.90782
 outer loop
  vertex -85.4914 -15.9916 39.3809
  vertex -85.4855 -15.3955 39.6595
  vertex -85.6657 -15.4572 39.6174
 endloop
endfacet
facet normal -0.0602838 -0.254104 0.965296
 outer loop
  vertex -85.4855 -15.3955 39.6595
  vertex -85.4801 -14.4788 39.9189
  vertex -85.6598 -14.5372 39.8911
 endloop
endfacet
facet normal -0.486259 -0.558236 0.672254
 outer loop
  vertex -86.2085 -16.8618 38.3854
  vertex -85.8723 -17.018 38.5369
  vertex -85.8591 -16.2767 39.1297
 endloop
endfacet
facet normal -0.304857 -0.566656 0.765482
 outer loop
  vertex -85.8591 -16.2767 39.1297
  vertex -85.8723 -17.018 38.5369
  vertex -85.6753 -16.3074 39.1719
 endloop
endfacet
facet normal -0.242894 -0.47398 0.846372
 outer loop
  vertex -85.6657 -15.4572 39.6174
  vertex -85.8591 -16.2767 39.1297
  vertex -85.6753 -16.3074 39.1719
 endloop
endfacet
facet normal -0.304419 -0.410485 0.859553
 outer loop
  vertex -85.6657 -15.4572 39.6174
  vertex -85.8492 -15.4359 39.5699
  vertex -85.8591 -16.2767 39.1297
 endloop
endfacet
facet normal -0.242626 -0.30385 0.921308
 outer loop
  vertex -85.6657 -15.4572 39.6174
  vertex -85.6598 -14.5372 39.8911
  vertex -85.8492 -15.4359 39.5699
 endloop
endfacet
facet normal -0.304125 -0.239338 0.922077
 outer loop
  vertex -85.8492 -15.4359 39.5699
  vertex -85.6598 -14.5372 39.8911
  vertex -85.8432 -14.5263 39.8403
 endloop
endfacet
facet normal -0.966101 -0.199819 0.163465
 outer loop
  vertex -86.5078 -16.3729 37.8914
  vertex -86.4677 -17.5818 36.7739
  vertex -86.4323 -16.6272 38.1504
 endloop
endfacet
facet normal -0.868691 -0.367226 0.332448
 outer loop
  vertex -86.4323 -16.6272 38.1504
  vertex -86.4677 -17.5818 36.7739
  vertex -86.2085 -16.8618 38.3854
 endloop
endfacet
facet normal -0.793409 -0.343681 0.502379
 outer loop
  vertex -86.1846 -15.3514 39.371
  vertex -86.4323 -16.6272 38.1504
  vertex -86.2085 -16.8618 38.3854
 endloop
endfacet
facet normal -0.866616 -0.222741 0.446501
 outer loop
  vertex -86.1846 -15.3514 39.371
  vertex -86.4087 -15.2251 39.0661
  vertex -86.4323 -16.6272 38.1504
 endloop
endfacet
facet normal -0.601131 -0.15042 0.784867
 outer loop
  vertex -86.1762 -13.5818 39.7163
  vertex -86.1846 -15.3514 39.371
  vertex -85.8432 -14.5263 39.8403
 endloop
endfacet
facet normal -0.604558 -0.6476 0.463814
 outer loop
  vertex -86.2085 -16.8618 38.3854
  vertex -86.2444 -17.891 36.9033
  vertex -85.8885 -17.6317 37.8125
 endloop
endfacet
facet normal -0.795976 -0.501714 0.338682
 outer loop
  vertex -86.2085 -16.8618 38.3854
  vertex -86.4677 -17.5818 36.7739
  vertex -86.2444 -17.891 36.9033
 endloop
endfacet
facet normal -0.306108 -0.811821 0.497236
 outer loop
  vertex -85.704 -17.6772 37.8392
  vertex -85.8885 -17.6317 37.8125
  vertex -85.907 -18.0956 36.984
 endloop
endfacet
facet normal -0.244333 -0.858469 0.450924
 outer loop
  vertex -85.7221 -18.1459 37.0011
  vertex -85.704 -17.6772 37.8392
  vertex -85.907 -18.0956 36.984
 endloop
endfacet
facet normal -0.488354 -0.767833 0.414659
 outer loop
  vertex -85.8885 -17.6317 37.8125
  vertex -86.2444 -17.891 36.9033
  vertex -85.907 -18.0956 36.984
 endloop
endfacet
facet normal -0.489147 -0.817452 0.30415
 outer loop
  vertex -85.907 -18.0956 36.984
  vertex -86.2444 -17.891 36.9033
  vertex -85.9272 -18.3917 36.0815
 endloop
endfacet
facet normal -0.244953 -0.928758 0.278222
 outer loop
  vertex -85.9272 -18.3917 36.0815
  vertex -85.7417 -18.4446 36.0884
  vertex -85.7221 -18.1459 37.0011
 endloop
endfacet
facet normal -0.485272 -0.380112 0.787417
 outer loop
  vertex -85.8492 -15.4359 39.5699
  vertex -86.1846 -15.3514 39.371
  vertex -85.8591 -16.2767 39.1297
 endloop
endfacet
facet normal -0.99178 -0.124567 0.0292326
 outer loop
  vertex -87.5 -18.5003 0
  vertex -87.4298 -18.8684 0
  vertex -86.5801 -17.5804 35.1309
 endloop
endfacet
facet normal -0.967942 -0.249142 0.0318705
 outer loop
  vertex -86.5801 -17.5804 35.1309
  vertex -87.4298 -18.8684 0
  vertex -86.5097 -17.9483 35.1387
 endloop
endfacet
facet normal -0.871109 -0.489796 0.0356365
 outer loop
  vertex -86.5097 -17.9483 35.1387
  vertex -87.4298 -18.8684 0
  vertex -87.2072 -19.2072 0
 endloop
endfacet
facet normal -0.60484 -0.795502 0.0366693
 outer loop
  vertex -86.287 -18.287 35.1417
  vertex -87.2072 -19.2072 0
  vertex -86.8684 -19.4298 0
 endloop
endfacet
facet normal -0.307094 -0.951109 0.0329472
 outer loop
  vertex -85.9483 -18.5097 35.1387
  vertex -86.8684 -19.4298 0
  vertex -85.7622 -18.5633 35.1352
 endloop
endfacet
facet normal -0.489796 -0.871109 0.0356365
 outer loop
  vertex -85.9483 -18.5097 35.1387
  vertex -86.287 -18.287 35.1417
  vertex -86.8684 -19.4298 0
 endloop
endfacet
facet normal -0.185381 -0.982191 0.030574
 outer loop
  vertex -86.8684 -19.4298 0
  vertex -86.5003 -19.5 0
  vertex -85.7622 -18.5633 35.1352
 endloop
endfacet
facet normal -0.0608097 -0.997764 0.0277197
 outer loop
  vertex -85.7622 -18.5633 35.1352
  vertex -86.5003 -19.5 0
  vertex -85.5804 -18.5801 35.1309
 endloop
endfacet
facet normal -0.795497 -0.604847 0.0366693
 outer loop
  vertex -86.287 -18.287 35.1417
  vertex -86.5097 -17.9483 35.1387
  vertex -87.2072 -19.2072 0
 endloop
endfacet
facet normal 0 0 -1
 outer loop
  vertex -58.989 -71.9675 1.11022E-13
  vertex -62.3038 -70.5 0
  vertex -57.7716 -70.3806 2.77556E-14
 endloop
endfacet
facet normal 0 0 -1
 outer loop
  vertex -58.989 -71.9675 1.11022E-13
  vertex -59.5432 -73.17 0
  vertex -62.3038 -70.5 0
 endloop
endfacet
facet normal 0 0 -1
 outer loop
  vertex -62.3038 -70.5 0
  vertex -59.5432 -73.17 0
  vertex -64.5 -72.6962 0
 endloop
endfacet
facet normal 0 0 -1
 outer loop
  vertex -64.5 -72.6962 0
  vertex -59.5432 -73.17 0
  vertex -59.5257 -74.494 0
 endloop
endfacet
facet normal 0 0 -1
 outer loop
  vertex -58.94 -75.6815 0
  vertex -64.5 -72.6962 0
  vertex -59.5257 -74.494 0
 endloop
endfacet
facet normal -0 -0 -1
 outer loop
  vertex -58.94 -75.6815 0
  vertex -67.5 -73.5 0
  vertex -64.5 -72.6962 0
 endloop
endfacet
facet normal -0 -0 -1
 outer loop
  vertex -58.94 -75.6815 0
  vertex -72.5034 -82.5 0
  vertex -67.5 -73.5 0
 endloop
endfacet
facet normal -0 -0 -1
 outer loop
  vertex -58.94 -75.6815 0
  vertex -57.9001 -76.5012 0
  vertex -72.5034 -82.5 0
 endloop
endfacet
facet normal -0 -0 -1
 outer loop
  vertex -72.5034 -82.5 0
  vertex -57.9001 -76.5012 0
  vertex -56.6087 -76.7934 0
 endloop
endfacet
facet normal -0 -0 -1
 outer loop
  vertex -55.7064 -76.6545 0
  vertex -72.5034 -82.5 0
  vertex -56.6087 -76.7934 0
 endloop
endfacet
facet normal -0 -0 -1
 outer loop
  vertex -55.7064 -76.6545 0
  vertex -30.0949 -79.9122 0
  vertex -72.5034 -82.5 0
 endloop
endfacet
facet normal -0 -0 -1
 outer loop
  vertex -55.7064 -76.6545 0
  vertex -54.8877 -76.2507 0
  vertex -30.0949 -79.9122 0
 endloop
endfacet
facet normal -0 -0 -1
 outer loop
  vertex -30.0949 -79.9122 0
  vertex -54.8877 -76.2507 0
  vertex -31.378 -78.5153 0
 endloop
endfacet
facet normal -0 -0 -1
 outer loop
  vertex -31.378 -78.5153 0
  vertex -54.8877 -76.2507 0
  vertex -54.2284 -75.6194 0
 endloop
endfacet
facet normal -0 -0 -1
 outer loop
  vertex -53.011 -74.0325 -1.11022E-13
  vertex -31.378 -78.5153 0
  vertex -54.2284 -75.6194 0
 endloop
endfacet
facet normal 0 0 -1
 outer loop
  vertex -53.011 -74.0325 -1.11022E-13
  vertex -34.1791 -73.1598 0
  vertex -31.378 -78.5153 0
 endloop
endfacet
facet normal 0 0 -1
 outer loop
  vertex -53.011 -74.0325 -1.11022E-13
  vertex -52.417 -72.5978 0
  vertex -34.1791 -73.1598 0
 endloop
endfacet
facet normal 0 0 -1
 outer loop
  vertex -34.1791 -73.1598 0
  vertex -52.417 -72.5978 0
  vertex -52.6199 -71.0582 0
 endloop
endfacet
facet normal 0 0 -1
 outer loop
  vertex -50.0992 -63.3295 0
  vertex -52.6199 -71.0582 0
  vertex -53.5654 -69.8263 0
 endloop
endfacet
facet normal 0 0 -1
 outer loop
  vertex -55.0001 -69.2322 0
  vertex -50.0992 -63.3295 0
  vertex -53.5654 -69.8263 0
 endloop
endfacet
facet normal 0 0 -1
 outer loop
  vertex -55.0001 -69.2322 0
  vertex -62.3038 -64.5 0
  vertex -50.0992 -63.3295 0
 endloop
endfacet
facet normal -0 -0 -1
 outer loop
  vertex -55.0001 -69.2322 0
  vertex -56.5397 -69.4351 0
  vertex -62.3038 -64.5 0
 endloop
endfacet
facet normal 0 0 -1
 outer loop
  vertex -62.3038 -64.5 0
  vertex -56.5397 -69.4351 0
  vertex -61.5 -67.5 0
 endloop
endfacet
facet normal 0 0 -1
 outer loop
  vertex -61.5 -67.5 0
  vertex -56.5397 -69.4351 0
  vertex -57.7716 -70.3806 2.77556E-14
 endloop
endfacet
facet normal 0 0 -1
 outer loop
  vertex -62.3038 -70.5 0
  vertex -61.5 -67.5 0
  vertex -57.7716 -70.3806 2.77556E-14
 endloop
endfacet
facet normal -0 -0 -1
 outer loop
  vertex 86.8003 21 0
  vertex 87.8 20.0003 0
  vertex 83.4997 21 0
 endloop
endfacet
facet normal -0 -0 -1
 outer loop
  vertex 86.8003 21 0
  vertex 87.1684 20.9298 0
  vertex 87.8 20.0003 0
 endloop
endfacet
facet normal -0 -0 -1
 outer loop
  vertex 87.8 20.0003 0
  vertex 87.1684 20.9298 0
  vertex 87.7298 20.3684 0
 endloop
endfacet
facet normal -0 -0 -1
 outer loop
  vertex 87.7298 20.3684 0
  vertex 87.1684 20.9298 0
  vertex 87.5072 20.7072 0
 endloop
endfacet
facet normal 0 0 -1
 outer loop
  vertex 83.4997 21 0
  vertex 87.8 20.0003 0
  vertex 80.4444 7.01853 0
 endloop
endfacet
facet normal 0 0 -1
 outer loop
  vertex 83.1316 21.0702 0
  vertex 80.4444 7.01853 0
  vertex 78.0135 20.8435 0
 endloop
endfacet
facet normal -0 -0 -1
 outer loop
  vertex 82.7928 21.2928 0
  vertex 78.0135 20.8435 0
  vertex 82.5702 21.6316 0
 endloop
endfacet
facet normal -0 -0 -1
 outer loop
  vertex 82.7928 21.2928 0
  vertex 83.1316 21.0702 0
  vertex 78.0135 20.8435 0
 endloop
endfacet
facet normal -0 -0 -1
 outer loop
  vertex 87.7298 -20.3684 0
  vertex 87.1684 -20.9298 0
  vertex 87.8 -20.0003 0
 endloop
endfacet
facet normal -0 -0 -1
 outer loop
  vertex 87.7298 -20.3684 0
  vertex 87.5072 -20.7072 0
  vertex 87.1684 -20.9298 0
 endloop
endfacet
facet normal -0 -0 -1
 outer loop
  vertex 87.1684 -20.9298 0
  vertex 86.8003 -21 0
  vertex 87.8 -20.0003 0
 endloop
endfacet
facet normal -0 -0 -1
 outer loop
  vertex 87.8 -20.0003 0
  vertex 86.8003 -21 0
  vertex 83.4997 -21 0
 endloop
endfacet
facet normal -0 -0 -1
 outer loop
  vertex 80.4444 -7.01853 0
  vertex 83.4997 -21 0
  vertex 83.1316 -21.0702 0
 endloop
endfacet
facet normal -0 -0 -1
 outer loop
  vertex 78.0135 -20.8435 0
  vertex 83.1316 -21.0702 0
  vertex 82.7928 -21.2928 0
 endloop
endfacet
facet normal 0 0 -1
 outer loop
  vertex 82.5702 -21.6316 0
  vertex 78.0135 -20.8435 0
  vertex 82.7928 -21.2928 0
 endloop
endfacet
facet normal 0 0 -1
 outer loop
  vertex 82.5702 -21.6316 0
  vertex 82.5 -21.9997 0
  vertex 78.0135 -20.8435 0
 endloop
endfacet
facet normal 0 0 -1
 outer loop
  vertex 78.0135 -20.8435 0
  vertex 82.5 -21.9997 0
  vertex 77.9015 -22.3093 0
 endloop
endfacet
facet normal 0 0 -1
 outer loop
  vertex 77.9015 -22.3093 0
  vertex 82.5 -21.9997 0
  vertex 78.3266 -23.7166 0
 endloop
endfacet
facet normal 0 0 -1
 outer loop
  vertex 78.3266 -23.7166 0
  vertex 82.5 -21.9997 0
  vertex 79.2315 -24.8753 0
 endloop
endfacet
facet normal 0 0 -1
 outer loop
  vertex 79.2315 -24.8753 0
  vertex 82.5 -21.9997 0
  vertex 80.3156 -26.4317 0
 endloop
endfacet
facet normal 0 0 -1
 outer loop
  vertex 80.3156 -26.4317 0
  vertex 82.5 -21.9997 0
  vertex 80.5609 -28.3125 0
 endloop
endfacet
facet normal 0 0 -1
 outer loop
  vertex 80.5609 -28.3125 0
  vertex 82.5 -21.9997 0
  vertex 82.5 -72.5034 0
 endloop
endfacet
facet normal 0 0 -1
 outer loop
  vertex 79.9122 -30.0949 0
  vertex 82.5 -72.5034 0
  vertex 78.5153 -31.378 0
 endloop
endfacet
facet normal 0 0 -1
 outer loop
  vertex 79.9122 -30.0949 0
  vertex 80.5609 -28.3125 0
  vertex 82.5 -72.5034 0
 endloop
endfacet
facet normal 0 0 -1
 outer loop
  vertex 81.7982 -76.1838 0
  vertex 72.6962 -70.5 0
  vertex 82.5 -72.5034 0
 endloop
endfacet
facet normal 0 0 -1
 outer loop
  vertex 81.7982 -76.1838 0
  vertex 79.5725 -79.5725 0
  vertex 72.6962 -70.5 0
 endloop
endfacet
facet normal 0 0 -1
 outer loop
  vertex 72.6962 -70.5 0
  vertex 79.5725 -79.5725 0
  vertex 70.5 -72.6962 0
 endloop
endfacet
facet normal 0 0 -1
 outer loop
  vertex 70.5 -72.6962 0
  vertex 79.5725 -79.5725 0
  vertex 76.1838 -81.7982 0
 endloop
endfacet
facet normal -0 -0 -1
 outer loop
  vertex 72.5034 -82.5 0
  vertex 70.5 -72.6962 0
  vertex 76.1838 -81.7982 0
 endloop
endfacet
facet normal -0 -0 -1
 outer loop
  vertex 72.5034 -82.5 0
  vertex 67.5 -73.5 0
  vertex 70.5 -72.6962 0
 endloop
endfacet
facet normal -0 -0 -1
 outer loop
  vertex 72.5034 -82.5 0
  vertex 64.5 -72.6962 0
  vertex 67.5 -73.5 0
 endloop
endfacet
facet normal -0 -0 -1
 outer loop
  vertex 72.5034 -82.5 0
  vertex 31.378 -78.5153 0
  vertex 64.5 -72.6962 0
 endloop
endfacet
facet normal -0 -0 -1
 outer loop
  vertex 72.5034 -82.5 0
  vertex 30.0949 -79.9122 0
  vertex 31.378 -78.5153 0
 endloop
endfacet
facet normal -0 -0 -1
 outer loop
  vertex 72.5034 -82.5 0
  vertex 28.3125 -80.5609 0
  vertex 30.0949 -79.9122 0
 endloop
endfacet
facet normal -0 -0 -1
 outer loop
  vertex 72.5034 -82.5 0
  vertex 27.8746 -80.5849 0
  vertex 28.3125 -80.5609 0
 endloop
endfacet
facet normal -0 -0 -1
 outer loop
  vertex 72.5034 -82.5 0
  vertex 9.88902E-15 -80.75 0
  vertex 27.8746 -80.5849 0
 endloop
endfacet
facet normal -0 -0 -1
 outer loop
  vertex 72.5034 -82.5 0
  vertex -72.5034 -82.5 0
  vertex 9.88902E-15 -80.75 0
 endloop
endfacet
facet normal -0 -0 -1
 outer loop
  vertex 9.88902E-15 -80.75 0
  vertex -72.5034 -82.5 0
  vertex -27.8746 -80.5849 0
 endloop
endfacet
facet normal -0 -0 -1
 outer loop
  vertex -7.01853 -80.4444 0
  vertex -27.8746 -80.5849 0
  vertex -26.4317 -80.3156 0
 endloop
endfacet
facet normal -0 -0 -1
 outer loop
  vertex -20.8435 -78.0135 0
  vertex -26.4317 -80.3156 0
  vertex -24.8753 -79.2315 0
 endloop
endfacet
facet normal -0 -0 -1
 outer loop
  vertex -24.0183 -78.5001 0
  vertex -20.8435 -78.0135 0
  vertex -24.8753 -79.2315 0
 endloop
endfacet
facet normal -0 -0 -1
 outer loop
  vertex -24.0183 -78.5001 0
  vertex -22.9914 -78.0366 0
  vertex -20.8435 -78.0135 0
 endloop
endfacet
facet normal -0 -0 -1
 outer loop
  vertex -20.8435 -78.0135 0
  vertex -22.9914 -78.0366 0
  vertex -21.876 -77.878 0
 endloop
endfacet
facet normal -0 -0 -1
 outer loop
  vertex -21.5283 -77.8931 0
  vertex -20.8435 -78.0135 0
  vertex -21.876 -77.878 0
 endloop
endfacet
facet normal -0 -0 -1
 outer loop
  vertex -21.5283 -77.8931 0
  vertex -21.1833 -77.9384 0
  vertex -20.8435 -78.0135 0
 endloop
endfacet
facet normal -0 -0 -1
 outer loop
  vertex -67.5 -73.5 0
  vertex -72.5034 -82.5 0
  vertex -70.5 -72.6962 0
 endloop
endfacet
facet normal -0 -0 -1
 outer loop
  vertex -70.5 -72.6962 0
  vertex -72.5034 -82.5 0
  vertex -76.1838 -81.7982 0
 endloop
endfacet
facet normal -0 -0 -1
 outer loop
  vertex -79.5725 -79.5725 0
  vertex -70.5 -72.6962 0
  vertex -76.1838 -81.7982 0
 endloop
endfacet
facet normal -0 -0 -1
 outer loop
  vertex -79.5725 -79.5725 0
  vertex -72.6962 -70.5 0
  vertex -70.5 -72.6962 0
 endloop
endfacet
facet normal -0 -0 -1
 outer loop
  vertex -79.5725 -79.5725 0
  vertex -81.7982 -76.1838 0
  vertex -72.6962 -70.5 0
 endloop
endfacet
facet normal -0 -0 -1
 outer loop
  vertex -72.6962 -70.5 0
  vertex -81.7982 -76.1838 0
  vertex -82.5 -72.5034 0
 endloop
endfacet
facet normal 0 0 -1
 outer loop
  vertex -73.5 -67.5 0
  vertex -82.5 -72.5034 0
  vertex -72.6962 -64.5 0
 endloop
endfacet
facet normal 0 0 -1
 outer loop
  vertex -73.5 -67.5 0
  vertex -72.6962 -70.5 0
  vertex -82.5 -72.5034 0
 endloop
endfacet
facet normal 0 0 -1
 outer loop
  vertex -79.2315 -24.8753 0
  vertex -80.3156 -26.4317 0
  vertex -82.5 -20.4997 0
 endloop
endfacet
facet normal 0 0 -1
 outer loop
  vertex -78.3266 -23.7166 0
  vertex -82.5 -20.4997 0
  vertex -77.9015 -22.3093 0
 endloop
endfacet
facet normal 0 0 -1
 outer loop
  vertex -78.3266 -23.7166 0
  vertex -79.2315 -24.8753 0
  vertex -82.5 -20.4997 0
 endloop
endfacet
facet normal 0 0 -1
 outer loop
  vertex -77.9015 -22.3093 0
  vertex -82.5 -20.4997 0
  vertex -78.0135 -20.8435 0
 endloop
endfacet
facet normal 0 0 -1
 outer loop
  vertex -78.0135 -20.8435 0
  vertex -82.5 -20.4997 0
  vertex -82.5702 -20.1316 0
 endloop
endfacet
facet normal -0 -0 -1
 outer loop
  vertex -82.7928 -19.7928 0
  vertex -78.0135 -20.8435 0
  vertex -82.5702 -20.1316 0
 endloop
endfacet
facet normal 0 0 -1
 outer loop
  vertex -82.7928 -19.7928 0
  vertex -80.4444 -7.01853 0
  vertex -78.0135 -20.8435 0
 endloop
endfacet
facet normal 0 0 -1
 outer loop
  vertex -82.7928 -19.7928 0
  vertex -83.1316 -19.5702 0
  vertex -80.4444 -7.01853 0
 endloop
endfacet
facet normal 0 0 -1
 outer loop
  vertex -80.4444 -7.01853 0
  vertex -83.1316 -19.5702 0
  vertex -83.4997 -19.5 0
 endloop
endfacet
facet normal -0 -0 -1
 outer loop
  vertex -87.5 -18.5003 0
  vertex -83.4997 -19.5 0
  vertex -86.5003 -19.5 0
 endloop
endfacet
facet normal -0 -0 -1
 outer loop
  vertex -87.4298 -18.8684 0
  vertex -86.5003 -19.5 0
  vertex -86.8684 -19.4298 0
 endloop
endfacet
facet normal -0 -0 -1
 outer loop
  vertex -87.2072 -19.2072 0
  vertex -87.4298 -18.8684 0
  vertex -86.8684 -19.4298 0
 endloop
endfacet
facet normal -0 -0 -1
 outer loop
  vertex -87.4298 -18.8684 0
  vertex -87.5 -18.5003 0
  vertex -86.5003 -19.5 0
 endloop
endfacet
facet normal 0 0 -1
 outer loop
  vertex -83.4997 -19.5 0
  vertex -87.5 -18.5003 0
  vertex -80.4444 -7.01853 0
 endloop
endfacet
facet normal 0 0 -1
 outer loop
  vertex -80.4444 -7.01853 0
  vertex -87.5 -18.5003 0
  vertex -87.5 18.5003 0
 endloop
endfacet
facet normal -0 -0 -1
 outer loop
  vertex -80.4444 7.01853 0
  vertex -87.5 18.5003 0
  vertex -83.4997 19.5 0
 endloop
endfacet
facet normal -0 -0 -1
 outer loop
  vertex -83.1316 19.5702 0
  vertex -80.4444 7.01853 0
  vertex -83.4997 19.5 0
 endloop
endfacet
facet normal -0 -0 -1
 outer loop
  vertex -83.1316 19.5702 0
  vertex -82.7928 19.7928 0
  vertex -80.4444 7.01853 0
 endloop
endfacet
facet normal -0 -0 -1
 outer loop
  vertex -80.4444 7.01853 0
  vertex -82.7928 19.7928 0
  vertex -78.0135 20.8435 0
 endloop
endfacet
facet normal 0 0 -1
 outer loop
  vertex -78.0135 20.8435 0
  vertex -82.7928 19.7928 0
  vertex -82.5702 20.1316 0
 endloop
endfacet
facet normal 0 0 -1
 outer loop
  vertex -82.5 20.4997 0
  vertex -78.0135 20.8435 0
  vertex -82.5702 20.1316 0
 endloop
endfacet
facet normal 0 0 -1
 outer loop
  vertex -82.5 20.4997 0
  vertex -77.9015 22.3093 0
  vertex -78.0135 20.8435 0
 endloop
endfacet
facet normal 0 0 -1
 outer loop
  vertex -82.5 20.4997 0
  vertex -78.3266 23.7166 0
  vertex -77.9015 22.3093 0
 endloop
endfacet
facet normal 0 0 -1
 outer loop
  vertex -82.5 20.4997 0
  vertex -79.2315 24.8753 0
  vertex -78.3266 23.7166 0
 endloop
endfacet
facet normal 0 0 -1
 outer loop
  vertex -82.5 20.4997 0
  vertex -80.3156 26.4317 0
  vertex -79.2315 24.8753 0
 endloop
endfacet
facet normal 0 0 -1
 outer loop
  vertex -82.5 20.4997 0
  vertex -80.5609 28.3125 0
  vertex -80.3156 26.4317 0
 endloop
endfacet
facet normal 0 0 -1
 outer loop
  vertex -82.5 20.4997 0
  vertex -82.5 72.5034 0
  vertex -80.5609 28.3125 0
 endloop
endfacet
facet normal 0 0 -1
 outer loop
  vertex -80.5609 28.3125 0
  vertex -82.5 72.5034 0
  vertex -79.9122 30.0949 0
 endloop
endfacet
facet normal 0 0 -1
 outer loop
  vertex -79.9122 30.0949 0
  vertex -82.5 72.5034 0
  vertex -78.5153 31.378 0
 endloop
endfacet
facet normal 0 0 -1
 outer loop
  vertex -78.5153 31.378 0
  vertex -82.5 72.5034 0
  vertex -72.6962 64.5 0
 endloop
endfacet
facet normal -0 -0 -1
 outer loop
  vertex -70.5 62.3038 0
  vertex -78.5153 31.378 0
  vertex -72.6962 64.5 0
 endloop
endfacet
facet normal 0 0 -1
 outer loop
  vertex -70.5 62.3038 0
  vertex -73.1598 34.1791 0
  vertex -78.5153 31.378 0
 endloop
endfacet
facet normal 0 0 -1
 outer loop
  vertex -70.5 62.3038 0
  vertex -63.3295 50.0992 0
  vertex -73.1598 34.1791 0
 endloop
endfacet
facet normal 0 0 -1
 outer loop
  vertex -70.5 62.3038 0
  vertex -67.5 61.5 0
  vertex -63.3295 50.0992 0
 endloop
endfacet
facet normal 0 0 -1
 outer loop
  vertex -63.3295 50.0992 0
  vertex -67.5 61.5 0
  vertex -64.5 62.3038 0
 endloop
endfacet
facet normal 0 0 -1
 outer loop
  vertex -62.3038 64.5 0
  vertex -63.3295 50.0992 0
  vertex -64.5 62.3038 0
 endloop
endfacet
facet normal 0 0 -1
 outer loop
  vertex -62.3038 64.5 0
  vertex -50.0992 63.3295 0
  vertex -63.3295 50.0992 0
 endloop
endfacet
facet normal 0 0 -1
 outer loop
  vertex -62.3038 64.5 0
  vertex -61.5 67.5 0
  vertex -50.0992 63.3295 0
 endloop
endfacet
facet normal 0 0 -1
 outer loop
  vertex -50.0992 63.3295 0
  vertex -61.5 67.5 0
  vertex -62.3038 70.5 0
 endloop
endfacet
facet normal 0 0 -1
 outer loop
  vertex -34.1791 73.1598 0
  vertex -62.3038 70.5 0
  vertex -31.3051 78.6421 0
 endloop
endfacet
facet normal 0 0 -1
 outer loop
  vertex -31.8734 76.6844 0
  vertex -34.1791 73.1598 0
  vertex -31.3051 78.6421 0
 endloop
endfacet
facet normal 0 0 -1
 outer loop
  vertex -31.8734 76.6844 0
  vertex -32.9842 74.0162 0
  vertex -34.1791 73.1598 0
 endloop
endfacet
facet normal -0 -0 -1
 outer loop
  vertex -31.8734 76.6844 0
  vertex -32.1794 75.2465 0
  vertex -32.9842 74.0162 0
 endloop
endfacet
facet normal -0 -0 -1
 outer loop
  vertex -83.4997 19.5 0
  vertex -87.5 18.5003 0
  vertex -86.5003 19.5 0
 endloop
endfacet
facet normal -0 -0 -1
 outer loop
  vertex -86.5003 19.5 0
  vertex -87.5 18.5003 0
  vertex -87.4298 18.8684 0
 endloop
endfacet
facet normal -0 -0 -1
 outer loop
  vertex -86.8684 19.4298 0
  vertex -87.4298 18.8684 0
  vertex -87.2072 19.2072 0
 endloop
endfacet
facet normal -0 -0 -1
 outer loop
  vertex -86.8684 19.4298 0
  vertex -86.5003 19.5 0
  vertex -87.4298 18.8684 0
 endloop
endfacet
facet normal 0 0 -1
 outer loop
  vertex -81.7982 76.1838 0
  vertex -72.6962 70.5 0
  vertex -82.5 72.5034 0
 endloop
endfacet
facet normal 0 0 -1
 outer loop
  vertex -81.7982 76.1838 0
  vertex -79.5725 79.5725 0
  vertex -72.6962 70.5 0
 endloop
endfacet
facet normal 0 0 -1
 outer loop
  vertex -72.6962 70.5 0
  vertex -79.5725 79.5725 0
  vertex -70.5 72.6962 0
 endloop
endfacet
facet normal 0 0 -1
 outer loop
  vertex -70.5 72.6962 0
  vertex -79.5725 79.5725 0
  vertex -76.1838 81.7982 0
 endloop
endfacet
facet normal -0 -0 -1
 outer loop
  vertex -72.5034 82.5 0
  vertex -70.5 72.6962 0
  vertex -76.1838 81.7982 0
 endloop
endfacet
facet normal -0 -0 -1
 outer loop
  vertex -72.5034 82.5 0
  vertex -67.5 73.5 0
  vertex -70.5 72.6962 0
 endloop
endfacet
facet normal -0 -0 -1
 outer loop
  vertex -72.5034 82.5 0
  vertex -64.5 72.6962 0
  vertex -67.5 73.5 0
 endloop
endfacet
facet normal -0 -0 -1
 outer loop
  vertex -72.5034 82.5 0
  vertex -31.3051 78.6421 0
  vertex -64.5 72.6962 0
 endloop
endfacet
facet normal -0 -0 -1
 outer loop
  vertex -72.5034 82.5 0
  vertex -29.8459 80.0655 0
  vertex -31.3051 78.6421 0
 endloop
endfacet
facet normal -0 -0 -1
 outer loop
  vertex -72.5034 82.5 0
  vertex -27.8746 80.5849 0
  vertex -29.8459 80.0655 0
 endloop
endfacet
facet normal -0 -0 -1
 outer loop
  vertex -72.5034 82.5 0
  vertex 0 80.75 0
  vertex -27.8746 80.5849 0
 endloop
endfacet
facet normal -0 -0 -1
 outer loop
  vertex -72.5034 82.5 0
  vertex 72.5034 82.5 0
  vertex 0 80.75 0
 endloop
endfacet
facet normal -0 -0 -1
 outer loop
  vertex 0 80.75 0
  vertex 72.5034 82.5 0
  vertex 27.8746 80.5849 0
 endloop
endfacet
facet normal -0 -0 -1
 outer loop
  vertex 7.01853 80.4444 0
  vertex 27.8746 80.5849 0
  vertex 26.7592 80.4263 0
 endloop
endfacet
facet normal -0 -0 -1
 outer loop
  vertex 13.9839 79.5299 0
  vertex 26.7592 80.4263 0
  vertex 25.7323 79.9629 0
 endloop
endfacet
facet normal -0 -0 -1
 outer loop
  vertex 20.8435 78.0135 0
  vertex 25.7323 79.9629 0
  vertex 24.8753 79.2315 0
 endloop
endfacet
facet normal -0 -0 -1
 outer loop
  vertex 21.876 77.878 0
  vertex 24.8753 79.2315 0
  vertex 22.3093 77.9015 0
 endloop
endfacet
facet normal -0 -0 -1
 outer loop
  vertex 21.876 77.878 0
  vertex 20.8435 78.0135 0
  vertex 24.8753 79.2315 0
 endloop
endfacet
facet normal -0 -0 -1
 outer loop
  vertex 76.1838 81.7982 0
  vertex 70.5 72.6962 0
  vertex 72.5034 82.5 0
 endloop
endfacet
facet normal -0 -0 -1
 outer loop
  vertex 76.1838 81.7982 0
  vertex 79.5725 79.5725 0
  vertex 70.5 72.6962 0
 endloop
endfacet
facet normal -0 -0 -1
 outer loop
  vertex 70.5 72.6962 0
  vertex 79.5725 79.5725 0
  vertex 72.6962 70.5 0
 endloop
endfacet
facet normal -0 -0 -1
 outer loop
  vertex 72.6962 70.5 0
  vertex 79.5725 79.5725 0
  vertex 81.7982 76.1838 0
 endloop
endfacet
facet normal -0 -0 -1
 outer loop
  vertex 82.5 72.5034 0
  vertex 72.6962 70.5 0
  vertex 81.7982 76.1838 0
 endloop
endfacet
facet normal 0 0 -1
 outer loop
  vertex 82.5 72.5034 0
  vertex 73.5 67.5 0
  vertex 72.6962 70.5 0
 endloop
endfacet
facet normal 0 0 -1
 outer loop
  vertex 82.5 72.5034 0
  vertex 72.6962 64.5 0
  vertex 73.5 67.5 0
 endloop
endfacet
facet normal -0 -0 -1
 outer loop
  vertex 82.5 72.5034 0
  vertex 78.5153 31.378 0
  vertex 72.6962 64.5 0
 endloop
endfacet
facet normal -0 -0 -1
 outer loop
  vertex 82.5 72.5034 0
  vertex 79.9122 30.0949 0
  vertex 78.5153 31.378 0
 endloop
endfacet
facet normal 0 0 -1
 outer loop
  vertex 82.5 72.5034 0
  vertex 80.5609 28.3125 0
  vertex 79.9122 30.0949 0
 endloop
endfacet
facet normal 0 0 -1
 outer loop
  vertex 82.5 72.5034 0
  vertex 82.5 21.9997 0
  vertex 80.5609 28.3125 0
 endloop
endfacet
facet normal 0 0 -1
 outer loop
  vertex 80.5609 28.3125 0
  vertex 82.5 21.9997 0
  vertex 80.3156 26.4317 0
 endloop
endfacet
facet normal 0 0 -1
 outer loop
  vertex 80.3156 26.4317 0
  vertex 82.5 21.9997 0
  vertex 79.2315 24.8753 0
 endloop
endfacet
facet normal 0 0 -1
 outer loop
  vertex 79.2315 24.8753 0
  vertex 82.5 21.9997 0
  vertex 78.3266 23.7166 0
 endloop
endfacet
facet normal 0 0 -1
 outer loop
  vertex 78.3266 23.7166 0
  vertex 82.5 21.9997 0
  vertex 77.9015 22.3093 0
 endloop
endfacet
facet normal 0 0 -1
 outer loop
  vertex 77.9015 22.3093 0
  vertex 82.5 21.9997 0
  vertex 78.0135 20.8435 0
 endloop
endfacet
facet normal 0 0 -1
 outer loop
  vertex 78.0135 20.8435 0
  vertex 82.5 21.9997 0
  vertex 82.5702 21.6316 0
 endloop
endfacet
facet normal 0 0 -1
 outer loop
  vertex 83.1316 21.0702 0
  vertex 83.4997 21 0
  vertex 80.4444 7.01853 0
 endloop
endfacet
facet normal 0 0 -1
 outer loop
  vertex -72.6962 70.5 0
  vertex -73.5 67.5 0
  vertex -82.5 72.5034 0
 endloop
endfacet
facet normal 0 0 -1
 outer loop
  vertex -82.5 72.5034 0
  vertex -73.5 67.5 0
  vertex -72.6962 64.5 0
 endloop
endfacet
facet normal -0 -0 -1
 outer loop
  vertex -62.3038 70.5 0
  vertex -64.5 72.6962 0
  vertex -31.3051 78.6421 0
 endloop
endfacet
facet normal 0 0 -1
 outer loop
  vertex 70.5 -62.3038 0
  vertex 67.5 -61.5 0
  vertex 63.3295 -50.0992 0
 endloop
endfacet
facet normal 0 0 -1
 outer loop
  vertex 73.1598 -34.1791 0
  vertex 70.5 -62.3038 0
  vertex 63.3295 -50.0992 0
 endloop
endfacet
facet normal 0 0 -1
 outer loop
  vertex 73.1598 -34.1791 0
  vertex 78.5153 -31.378 0
  vertex 70.5 -62.3038 0
 endloop
endfacet
facet normal 0 0 -1
 outer loop
  vertex 73.1598 -34.1791 0
  vertex 76.6844 -31.8734 0
  vertex 78.5153 -31.378 0
 endloop
endfacet
facet normal 0 0 -1
 outer loop
  vertex 73.1598 -34.1791 0
  vertex 74.0162 -32.9842 0
  vertex 76.6844 -31.8734 0
 endloop
endfacet
facet normal 0 0 -1
 outer loop
  vertex 76.6844 -31.8734 0
  vertex 74.0162 -32.9842 0
  vertex 75.2465 -32.1794 0
 endloop
endfacet
facet normal 0 0 -1
 outer loop
  vertex 67.5 -61.5 0
  vertex 64.5 -62.3038 0
  vertex 63.3295 -50.0992 0
 endloop
endfacet
facet normal 0 0 -1
 outer loop
  vertex 63.3295 -50.0992 0
  vertex 64.5 -62.3038 0
  vertex 62.3038 -64.5 0
 endloop
endfacet
facet normal 0 0 -1
 outer loop
  vertex 50.0992 -63.3295 0
  vertex 62.3038 -64.5 0
  vertex 61.5 -67.5 0
 endloop
endfacet
facet normal 0 0 -1
 outer loop
  vertex 62.3038 -70.5 0
  vertex 50.0992 -63.3295 0
  vertex 61.5 -67.5 0
 endloop
endfacet
facet normal 0 0 -1
 outer loop
  vertex 62.3038 -70.5 0
  vertex 34.1791 -73.1598 0
  vertex 50.0992 -63.3295 0
 endloop
endfacet
facet normal 0 0 -1
 outer loop
  vertex 62.3038 -70.5 0
  vertex 31.378 -78.5153 0
  vertex 34.1791 -73.1598 0
 endloop
endfacet
facet normal -0 -0 -1
 outer loop
  vertex 62.3038 -70.5 0
  vertex 64.5 -72.6962 0
  vertex 31.378 -78.5153 0
 endloop
endfacet
facet normal 0 0 -1
 outer loop
  vertex 72.6962 -70.5 0
  vertex 73.5 -67.5 0
  vertex 82.5 -72.5034 0
 endloop
endfacet
facet normal 0 0 -1
 outer loop
  vertex 82.5 -72.5034 0
  vertex 73.5 -67.5 0
  vertex 72.6962 -64.5 0
 endloop
endfacet
facet normal -0 -0 -1
 outer loop
  vertex 78.5153 -31.378 0
  vertex 72.6962 -64.5 0
  vertex 70.5 -62.3038 0
 endloop
endfacet
facet normal 0 0 -1
 outer loop
  vertex 78.5153 -31.378 0
  vertex 82.5 -72.5034 0
  vertex 72.6962 -64.5 0
 endloop
endfacet
facet normal 0 0 -1
 outer loop
  vertex -64.5 -62.3038 0
  vertex -67.5 -61.5 0
  vertex -63.3295 -50.0992 0
 endloop
endfacet
facet normal 0 0 -1
 outer loop
  vertex -62.3038 -64.5 0
  vertex -63.3295 -50.0992 0
  vertex -50.0992 -63.3295 0
 endloop
endfacet
facet normal 0 0 -1
 outer loop
  vertex -62.3038 -64.5 0
  vertex -64.5 -62.3038 0
  vertex -63.3295 -50.0992 0
 endloop
endfacet
facet normal -0 -0 -1
 outer loop
  vertex -72.6962 -64.5 0
  vertex -78.5153 -31.378 0
  vertex -70.5 -62.3038 0
 endloop
endfacet
facet normal -0 -0 -1
 outer loop
  vertex -72.6962 -64.5 0
  vertex -82.5 -72.5034 0
  vertex -78.5153 -31.378 0
 endloop
endfacet
facet normal -0 -0 -1
 outer loop
  vertex -78.5153 -31.378 0
  vertex -82.5 -72.5034 0
  vertex -79.9122 -30.0949 0
 endloop
endfacet
facet normal 0 0 -1
 outer loop
  vertex -79.9122 -30.0949 0
  vertex -82.5 -72.5034 0
  vertex -80.5609 -28.3125 0
 endloop
endfacet
facet normal 0 0 -1
 outer loop
  vertex -80.5609 -28.3125 0
  vertex -82.5 -72.5034 0
  vertex -82.5 -20.4997 0
 endloop
endfacet
facet normal 0 0 -1
 outer loop
  vertex -80.3156 -26.4317 0
  vertex -80.5609 -28.3125 0
  vertex -82.5 -20.4997 0
 endloop
endfacet
facet normal 0 0 -1
 outer loop
  vertex 59 73 0
  vertex 58.5981 74.5 0
  vertex 64.5 72.6962 0
 endloop
endfacet
facet normal 0 0 -1
 outer loop
  vertex 62.3038 70.5 0
  vertex 59 73 0
  vertex 64.5 72.6962 0
 endloop
endfacet
facet normal 0 0 -1
 outer loop
  vertex 62.3038 70.5 0
  vertex 58.5981 71.5 0
  vertex 59 73 0
 endloop
endfacet
facet normal 0 0 -1
 outer loop
  vertex 62.3038 70.5 0
  vertex 61.5 67.5 0
  vertex 58.5981 71.5 0
 endloop
endfacet
facet normal 0 0 -1
 outer loop
  vertex 58.5981 71.5 0
  vertex 61.5 67.5 0
  vertex 57.5 70.4019 0
 endloop
endfacet
facet normal 0 0 -1
 outer loop
  vertex 57.5 70.4019 0
  vertex 61.5 67.5 0
  vertex 56 70 0
 endloop
endfacet
facet normal 0 0 -1
 outer loop
  vertex 56 70 0
  vertex 61.5 67.5 0
  vertex 62.3038 64.5 0
 endloop
endfacet
facet normal 0 0 -1
 outer loop
  vertex 50.0992 63.3295 0
  vertex 62.3038 64.5 0
  vertex 63.3295 50.0992 0
 endloop
endfacet
facet normal 0 0 -1
 outer loop
  vertex 50.0992 63.3295 0
  vertex 56 70 0
  vertex 62.3038 64.5 0
 endloop
endfacet
facet normal 0 0 -1
 outer loop
  vertex 50.0992 63.3295 0
  vertex 54.5 70.4019 0
  vertex 56 70 0
 endloop
endfacet
facet normal 0 0 -1
 outer loop
  vertex 50.0992 63.3295 0
  vertex 53.4019 71.5 0
  vertex 54.5 70.4019 0
 endloop
endfacet
facet normal 0 0 -1
 outer loop
  vertex 50.0992 63.3295 0
  vertex 53 73 0
  vertex 53.4019 71.5 0
 endloop
endfacet
facet normal 0 0 -1
 outer loop
  vertex 50.0992 63.3295 0
  vertex 34.1791 73.1598 0
  vertex 53 73 0
 endloop
endfacet
facet normal 0 0 -1
 outer loop
  vertex 53 73 0
  vertex 34.1791 73.1598 0
  vertex 53.4019 74.5 0
 endloop
endfacet
facet normal 0 0 -1
 outer loop
  vertex 53.4019 74.5 0
  vertex 34.1791 73.1598 0
  vertex 31.3051 78.6421 0
 endloop
endfacet
facet normal -0 -0 -1
 outer loop
  vertex 54.5 75.5981 0
  vertex 31.3051 78.6421 0
  vertex 29.8459 80.0655 0
 endloop
endfacet
facet normal -0 -0 -1
 outer loop
  vertex 56 76 0
  vertex 29.8459 80.0655 0
  vertex 72.5034 82.5 0
 endloop
endfacet
facet normal -0 -0 -1
 outer loop
  vertex 57.5 75.5981 0
  vertex 72.5034 82.5 0
  vertex 67.5 73.5 0
 endloop
endfacet
facet normal -0 -0 -1
 outer loop
  vertex 64.5 72.6962 0
  vertex 57.5 75.5981 0
  vertex 67.5 73.5 0
 endloop
endfacet
facet normal -0 -0 -1
 outer loop
  vertex 64.5 72.6962 0
  vertex 58.5981 74.5 0
  vertex 57.5 75.5981 0
 endloop
endfacet
facet normal 0 0 -1
 outer loop
  vertex 62.3038 64.5 0
  vertex 64.5 62.3038 0
  vertex 63.3295 50.0992 0
 endloop
endfacet
facet normal 0 0 -1
 outer loop
  vertex 63.3295 50.0992 0
  vertex 64.5 62.3038 0
  vertex 67.5 61.5 0
 endloop
endfacet
facet normal 0 0 -1
 outer loop
  vertex 70.5 62.3038 0
  vertex 63.3295 50.0992 0
  vertex 67.5 61.5 0
 endloop
endfacet
facet normal 0 0 -1
 outer loop
  vertex 70.5 62.3038 0
  vertex 73.1598 34.1791 0
  vertex 63.3295 50.0992 0
 endloop
endfacet
facet normal 0 0 -1
 outer loop
  vertex 70.5 62.3038 0
  vertex 78.5153 31.378 0
  vertex 73.1598 34.1791 0
 endloop
endfacet
facet normal -0 -0 -1
 outer loop
  vertex 70.5 62.3038 0
  vertex 72.6962 64.5 0
  vertex 78.5153 31.378 0
 endloop
endfacet
facet normal -0 -0 -1
 outer loop
  vertex 70.5 72.6962 0
  vertex 67.5 73.5 0
  vertex 72.5034 82.5 0
 endloop
endfacet
facet normal -0 -0 -1
 outer loop
  vertex 78.0135 -20.8435 0
  vertex 80.4444 -7.01853 0
  vertex 83.1316 -21.0702 0
 endloop
endfacet
facet normal -0 -0 -1
 outer loop
  vertex 83.4997 -21 0
  vertex 80.4444 -7.01853 0
  vertex 87.8 -20.0003 0
 endloop
endfacet
facet normal 0 0 -1
 outer loop
  vertex 87.8 -20.0003 0
  vertex 80.4444 -7.01853 0
  vertex 80.4444 7.01853 0
 endloop
endfacet
facet normal 0 0 -1
 outer loop
  vertex 87.8 20.0003 0
  vertex 87.8 -20.0003 0
  vertex 80.4444 7.01853 0
 endloop
endfacet
facet normal 0 0 -1
 outer loop
  vertex 78.5153 31.378 0
  vertex 76.6844 31.8734 0
  vertex 73.1598 34.1791 0
 endloop
endfacet
facet normal 0 0 -1
 outer loop
  vertex 73.1598 34.1791 0
  vertex 76.6844 31.8734 0
  vertex 74.0162 32.9842 0
 endloop
endfacet
facet normal 0 0 -1
 outer loop
  vertex 74.0162 32.9842 0
  vertex 76.6844 31.8734 0
  vertex 75.2465 32.1794 0
 endloop
endfacet
facet normal 0 0 -1
 outer loop
  vertex 32.9842 74.0162 0
  vertex 32.1794 75.2465 0
  vertex 34.1791 73.1598 0
 endloop
endfacet
facet normal 0 0 -1
 outer loop
  vertex 34.1791 73.1598 0
  vertex 32.1794 75.2465 0
  vertex 31.8734 76.6844 0
 endloop
endfacet
facet normal 0 0 -1
 outer loop
  vertex 31.3051 78.6421 0
  vertex 34.1791 73.1598 0
  vertex 31.8734 76.6844 0
 endloop
endfacet
facet normal -0 -0 -1
 outer loop
  vertex 29.8459 80.0655 0
  vertex 27.8746 80.5849 0
  vertex 72.5034 82.5 0
 endloop
endfacet
facet normal -0 -0 -1
 outer loop
  vertex 24.8753 79.2315 0
  vertex 23.7166 78.3266 0
  vertex 22.3093 77.9015 0
 endloop
endfacet
facet normal -0 -0 -1
 outer loop
  vertex 20.8435 78.0135 0
  vertex 13.9839 79.5299 0
  vertex 25.7323 79.9629 0
 endloop
endfacet
facet normal -0 -0 -1
 outer loop
  vertex 13.9839 79.5299 0
  vertex 7.01853 80.4444 0
  vertex 26.7592 80.4263 0
 endloop
endfacet
facet normal -0 -0 -1
 outer loop
  vertex 7.01853 80.4444 0
  vertex 0 80.75 0
  vertex 27.8746 80.5849 0
 endloop
endfacet
facet normal -0 -0 -1
 outer loop
  vertex 0 80.75 0
  vertex -7.01853 80.4444 0
  vertex -27.8746 80.5849 0
 endloop
endfacet
facet normal -0 -0 -1
 outer loop
  vertex -27.8746 80.5849 0
  vertex -7.01853 80.4444 0
  vertex -26.7592 80.4263 0
 endloop
endfacet
facet normal -0 -0 -1
 outer loop
  vertex -26.7592 80.4263 0
  vertex -7.01853 80.4444 0
  vertex -13.9839 79.5299 0
 endloop
endfacet
facet normal -0 -0 -1
 outer loop
  vertex -25.7323 79.9629 0
  vertex -13.9839 79.5299 0
  vertex -20.8435 78.0135 0
 endloop
endfacet
facet normal -0 -0 -1
 outer loop
  vertex -24.8753 79.2315 0
  vertex -20.8435 78.0135 0
  vertex -24.0183 78.5001 0
 endloop
endfacet
facet normal -0 -0 -1
 outer loop
  vertex -24.8753 79.2315 0
  vertex -25.7323 79.9629 0
  vertex -20.8435 78.0135 0
 endloop
endfacet
facet normal -0 -0 -1
 outer loop
  vertex -21.1833 77.9384 0
  vertex -21.5283 77.8931 0
  vertex -20.8435 78.0135 0
 endloop
endfacet
facet normal -0 -0 -1
 outer loop
  vertex -20.8435 78.0135 0
  vertex -21.5283 77.8931 0
  vertex -21.876 77.878 0
 endloop
endfacet
facet normal -0 -0 -1
 outer loop
  vertex -22.9914 78.0366 0
  vertex -20.8435 78.0135 0
  vertex -21.876 77.878 0
 endloop
endfacet
facet normal -0 -0 -1
 outer loop
  vertex -22.9914 78.0366 0
  vertex -24.0183 78.5001 0
  vertex -20.8435 78.0135 0
 endloop
endfacet
facet normal -0 -0 -1
 outer loop
  vertex -25.7323 79.9629 0
  vertex -26.7592 80.4263 0
  vertex -13.9839 79.5299 0
 endloop
endfacet
facet normal 0 0 -1
 outer loop
  vertex -34.1791 73.1598 0
  vertex -50.0992 63.3295 0
  vertex -62.3038 70.5 0
 endloop
endfacet
facet normal 0 0 -1
 outer loop
  vertex -74.0162 32.9842 0
  vertex -75.2465 32.1794 0
  vertex -73.1598 34.1791 0
 endloop
endfacet
facet normal 0 0 -1
 outer loop
  vertex -73.1598 34.1791 0
  vertex -75.2465 32.1794 0
  vertex -76.6844 31.8734 0
 endloop
endfacet
facet normal 0 0 -1
 outer loop
  vertex -78.5153 31.378 0
  vertex -73.1598 34.1791 0
  vertex -76.6844 31.8734 0
 endloop
endfacet
facet normal 0 0 -1
 outer loop
  vertex -80.4444 7.01853 0
  vertex -80.4444 -7.01853 0
  vertex -87.5 18.5003 0
 endloop
endfacet
facet normal 0 0 -1
 outer loop
  vertex -70.5 -62.3038 0
  vertex -78.5153 -31.378 0
  vertex -73.1598 -34.1791 0
 endloop
endfacet
facet normal 0 0 -1
 outer loop
  vertex -63.3295 -50.0992 0
  vertex -70.5 -62.3038 0
  vertex -73.1598 -34.1791 0
 endloop
endfacet
facet normal 0 0 -1
 outer loop
  vertex -63.3295 -50.0992 0
  vertex -67.5 -61.5 0
  vertex -70.5 -62.3038 0
 endloop
endfacet
facet normal 0 0 -1
 outer loop
  vertex -78.5153 -31.378 0
  vertex -76.6844 -31.8734 0
  vertex -73.1598 -34.1791 0
 endloop
endfacet
facet normal 0 0 -1
 outer loop
  vertex -73.1598 -34.1791 0
  vertex -76.6844 -31.8734 0
  vertex -75.2465 -32.1794 0
 endloop
endfacet
facet normal 0 0 -1
 outer loop
  vertex -74.0162 -32.9842 0
  vertex -73.1598 -34.1791 0
  vertex -75.2465 -32.1794 0
 endloop
endfacet
facet normal 0 0 -1
 outer loop
  vertex -50.0992 -63.3295 0
  vertex -34.1791 -73.1598 0
  vertex -52.6199 -71.0582 0
 endloop
endfacet
facet normal 0 0 -1
 outer loop
  vertex -31.378 -78.5153 0
  vertex -34.1791 -73.1598 0
  vertex -31.8734 -76.6844 0
 endloop
endfacet
facet normal 0 0 -1
 outer loop
  vertex -31.8734 -76.6844 0
  vertex -34.1791 -73.1598 0
  vertex -32.9842 -74.0162 0
 endloop
endfacet
facet normal -0 -0 -1
 outer loop
  vertex -32.1794 -75.2465 0
  vertex -31.8734 -76.6844 0
  vertex -32.9842 -74.0162 0
 endloop
endfacet
facet normal -0 -0 -1
 outer loop
  vertex -30.0949 -79.9122 0
  vertex -28.3125 -80.5609 0
  vertex -72.5034 -82.5 0
 endloop
endfacet
facet normal -0 -0 -1
 outer loop
  vertex -72.5034 -82.5 0
  vertex -28.3125 -80.5609 0
  vertex -27.8746 -80.5849 0
 endloop
endfacet
facet normal -0 -0 -1
 outer loop
  vertex -20.8435 -78.0135 0
  vertex -7.01853 -80.4444 0
  vertex -26.4317 -80.3156 0
 endloop
endfacet
facet normal -0 -0 -1
 outer loop
  vertex -7.01853 -80.4444 0
  vertex 9.88902E-15 -80.75 0
  vertex -27.8746 -80.5849 0
 endloop
endfacet
facet normal -0 -0 -1
 outer loop
  vertex 9.88902E-15 -80.75 0
  vertex 7.01853 -80.4444 0
  vertex 27.8746 -80.5849 0
 endloop
endfacet
facet normal -0 -0 -1
 outer loop
  vertex 27.8746 -80.5849 0
  vertex 7.01853 -80.4444 0
  vertex 26.4317 -80.3156 0
 endloop
endfacet
facet normal -0 -0 -1
 outer loop
  vertex 26.4317 -80.3156 0
  vertex 7.01853 -80.4444 0
  vertex 20.8435 -78.0135 0
 endloop
endfacet
facet normal -0 -0 -1
 outer loop
  vertex 24.8753 -79.2315 0
  vertex 20.8435 -78.0135 0
  vertex 22.3093 -77.9015 0
 endloop
endfacet
facet normal -0 -0 -1
 outer loop
  vertex 23.7166 -78.3266 0
  vertex 24.8753 -79.2315 0
  vertex 22.3093 -77.9015 0
 endloop
endfacet
facet normal -0 -0 -1
 outer loop
  vertex 24.8753 -79.2315 0
  vertex 26.4317 -80.3156 0
  vertex 20.8435 -78.0135 0
 endloop
endfacet
facet normal 0 0 -1
 outer loop
  vertex 31.378 -78.5153 0
  vertex 31.8734 -76.6844 0
  vertex 34.1791 -73.1598 0
 endloop
endfacet
facet normal 0 0 -1
 outer loop
  vertex 34.1791 -73.1598 0
  vertex 31.8734 -76.6844 0
  vertex 32.1794 -75.2465 0
 endloop
endfacet
facet normal 0 0 -1
 outer loop
  vertex 32.9842 -74.0162 0
  vertex 34.1791 -73.1598 0
  vertex 32.1794 -75.2465 0
 endloop
endfacet
facet normal 0 0 -1
 outer loop
  vertex 50.0992 -63.3295 0
  vertex 63.3295 -50.0992 0
  vertex 62.3038 -64.5 0
 endloop
endfacet
facet normal -0 -0 -1
 outer loop
  vertex 57.5 75.5981 0
  vertex 56 76 0
  vertex 72.5034 82.5 0
 endloop
endfacet
facet normal -0 -0 -1
 outer loop
  vertex 56 76 0
  vertex 54.5 75.5981 0
  vertex 29.8459 80.0655 0
 endloop
endfacet
facet normal -0 -0 -1
 outer loop
  vertex 54.5 75.5981 0
  vertex 53.4019 74.5 0
  vertex 31.3051 78.6421 0
 endloop
endfacet
facet normal -0.0608097 0.997764 0.0277197
 outer loop
  vertex -85.5804 18.5801 35.1309
  vertex -86.5003 19.5 0
  vertex -85.7622 18.5633 35.1352
 endloop
endfacet
facet normal -0.185381 0.982191 0.030574
 outer loop
  vertex -85.7622 18.5633 35.1352
  vertex -86.5003 19.5 0
  vertex -86.8684 19.4298 0
 endloop
endfacet
facet normal -0.489796 0.871109 0.0356365
 outer loop
  vertex -85.9483 18.5097 35.1387
  vertex -86.8684 19.4298 0
  vertex -87.2072 19.2072 0
 endloop
endfacet
facet normal -0.795502 0.60484 0.0366693
 outer loop
  vertex -86.287 18.287 35.1417
  vertex -87.2072 19.2072 0
  vertex -87.4298 18.8684 0
 endloop
endfacet
facet normal -0.967942 0.249142 0.0318705
 outer loop
  vertex -86.5097 17.9483 35.1387
  vertex -87.4298 18.8684 0
  vertex -87.5 18.5003 0
 endloop
endfacet
facet normal -0.991779 0.124575 0.0292328
 outer loop
  vertex -86.5801 17.5804 35.1309
  vertex -86.5097 17.9483 35.1387
  vertex -87.5 18.5003 0
 endloop
endfacet
facet normal -0.871109 0.489796 0.0356365
 outer loop
  vertex -86.5097 17.9483 35.1387
  vertex -86.287 18.287 35.1417
  vertex -87.4298 18.8684 0
 endloop
endfacet
facet normal -0.604847 0.795497 0.0366693
 outer loop
  vertex -86.287 18.287 35.1417
  vertex -85.9483 18.5097 35.1387
  vertex -87.2072 19.2072 0
 endloop
endfacet
facet normal -0.307094 0.951109 0.0329472
 outer loop
  vertex -85.9483 18.5097 35.1387
  vertex -85.7622 18.5633 35.1352
  vertex -86.8684 19.4298 0
 endloop
endfacet
facet normal -1 -1.26482E-16 -1.04083E-17
 outer loop
  vertex -91.5 12.675 7.31843
  vertex -91.5 9.925 7.31843
  vertex -91.5 13.6816 8.325
 endloop
endfacet
facet normal -1 -1.26482E-16 -1.04083E-17
 outer loop
  vertex -91.5 12.675 7.31843
  vertex -91.5 11.3 6.95
  vertex -91.5 9.925 7.31843
 endloop
endfacet
facet normal -1 -1.26482E-16 -1.04083E-17
 outer loop
  vertex -91.5 9.925 7.31843
  vertex -91.5 8.91843 8.325
  vertex -91.5 13.6816 8.325
 endloop
endfacet
facet normal -1 -1.26482E-16 -1.04083E-17
 outer loop
  vertex -91.5 13.6816 8.325
  vertex -91.5 8.91843 8.325
  vertex -91.5 14.05 9.7
 endloop
endfacet
facet normal -1 -1.26482E-16 -1.04083E-17
 outer loop
  vertex -91.5 14.05 9.7
  vertex -91.5 8.91843 8.325
  vertex -91.5 8.55 9.7
 endloop
endfacet
facet normal -1 -1.26482E-16 -1.04083E-17
 outer loop
  vertex -91.5 13.6816 11.075
  vertex -91.5 8.55 9.7
  vertex -91.5 8.91843 11.075
 endloop
endfacet
facet normal -1 -1.26482E-16 -1.04083E-17
 outer loop
  vertex -91.5 12.675 12.0816
  vertex -91.5 8.91843 11.075
  vertex -91.5 9.925 12.0816
 endloop
endfacet
facet normal -1 -1.26482E-16 -1.04083E-17
 outer loop
  vertex -91.5 11.3 12.45
  vertex -91.5 12.675 12.0816
  vertex -91.5 9.925 12.0816
 endloop
endfacet
facet normal -1 -1.26482E-16 -1.04083E-17
 outer loop
  vertex -91.5 12.675 12.0816
  vertex -91.5 13.6816 11.075
  vertex -91.5 8.91843 11.075
 endloop
endfacet
facet normal -1 -1.26482E-16 -1.04083E-17
 outer loop
  vertex -91.5 13.6816 11.075
  vertex -91.5 14.05 9.7
  vertex -91.5 8.55 9.7
 endloop
endfacet
facet normal -1 -1.26482E-16 -1.04083E-17
 outer loop
  vertex -91.5 12.675 29.9184
  vertex -91.5 9.925 29.9184
  vertex -91.5 13.6816 30.925
 endloop
endfacet
facet normal -1 -1.26482E-16 -1.04083E-17
 outer loop
  vertex -91.5 12.675 29.9184
  vertex -91.5 11.3 29.55
  vertex -91.5 9.925 29.9184
 endloop
endfacet
facet normal -1 -1.26482E-16 -1.04083E-17
 outer loop
  vertex -91.5 9.925 29.9184
  vertex -91.5 8.91843 30.925
  vertex -91.5 13.6816 30.925
 endloop
endfacet
facet normal -1 -1.26482E-16 -1.04083E-17
 outer loop
  vertex -91.5 13.6816 30.925
  vertex -91.5 8.91843 30.925
  vertex -91.5 14.05 32.3
 endloop
endfacet
facet normal -1 -1.26482E-16 -1.04083E-17
 outer loop
  vertex -91.5 14.05 32.3
  vertex -91.5 8.91843 30.925
  vertex -91.5 8.55 32.3
 endloop
endfacet
facet normal -1 -1.26482E-16 -1.04083E-17
 outer loop
  vertex -91.5 13.6816 33.675
  vertex -91.5 8.55 32.3
  vertex -91.5 8.91843 33.675
 endloop
endfacet
facet normal -1 -1.26482E-16 -1.04083E-17
 outer loop
  vertex -91.5 12.675 34.6816
  vertex -91.5 8.91843 33.675
  vertex -91.5 9.925 34.6816
 endloop
endfacet
facet normal -1 -1.26482E-16 -1.04083E-17
 outer loop
  vertex -91.5 11.3 35.05
  vertex -91.5 12.675 34.6816
  vertex -91.5 9.925 34.6816
 endloop
endfacet
facet normal -1 -1.26482E-16 -1.04083E-17
 outer loop
  vertex -91.5 12.675 34.6816
  vertex -91.5 13.6816 33.675
  vertex -91.5 8.91843 33.675
 endloop
endfacet
facet normal -1 -1.26482E-16 -1.04083E-17
 outer loop
  vertex -91.5 13.6816 33.675
  vertex -91.5 14.05 32.3
  vertex -91.5 8.55 32.3
 endloop
endfacet
facet normal 1 1.26482E-16 1.04083E-17
 outer loop
  vertex -88.5 -10.6049 34.9607
  vertex -88.5 -11.8492 34.9946
  vertex -88.5 -11.3 34.9607
 endloop
endfacet
facet normal 1 1.26482E-16 1.04083E-17
 outer loop
  vertex -88.5 -11.3 34.9607
  vertex -88.5 -11.8492 34.9946
  vertex -88.5 -12.6304 34.6043
 endloop
endfacet
facet normal 1 1.26482E-16 1.04083E-17
 outer loop
  vertex -88.5 -12.6304 34.6043
  vertex -88.5 -11.8492 34.9946
  vertex -88.5 -12.9809 34.4765
 endloop
endfacet
facet normal 1 1.26482E-16 1.04083E-17
 outer loop
  vertex -88.5 -13.6043 33.6304
  vertex -88.5 -12.9809 34.4765
  vertex -88.5 -13.7683 33.5124
 endloop
endfacet
facet normal 1 1.26482E-16 1.04083E-17
 outer loop
  vertex -88.5 -13.9607 32.3
  vertex -88.5 -13.7683 33.5124
  vertex -88.5 -14.05 32.3
 endloop
endfacet
facet normal 1 1.26482E-16 1.04083E-17
 outer loop
  vertex -88.5 -14.04 32.0661
  vertex -88.5 -13.9607 32.3
  vertex -88.5 -14.05 32.3
 endloop
endfacet
facet normal 1 1.26482E-16 1.04083E-17
 outer loop
  vertex -88.5 -14.04 32.0661
  vertex -88.5 -14.0102 31.8338
  vertex -88.5 -13.9607 32.3
 endloop
endfacet
facet normal 1 1.26482E-16 1.04083E-17
 outer loop
  vertex -88.5 -13.9607 32.3
  vertex -88.5 -14.0102 31.8338
  vertex -88.5 -13.9607 31.6049
 endloop
endfacet
facet normal 1 1.26482E-16 1.04083E-17
 outer loop
  vertex -88.5 -13.9607 32.3
  vertex -88.5 -13.6043 33.6304
  vertex -88.5 -13.7683 33.5124
 endloop
endfacet
facet normal 1 1.26482E-16 1.04083E-17
 outer loop
  vertex -88.5 -13.6043 33.6304
  vertex -88.5 -12.6304 34.6043
  vertex -88.5 -12.9809 34.4765
 endloop
endfacet
facet normal -0.00886598 -0.992159 0.124665
 outer loop
  vertex -86.6542 -13.9768 32.3
  vertex -86.6284 -13.7891 33.2855
  vertex -88.5 -13.9607 32.3
 endloop
endfacet
facet normal -0.00894269 -0.954981 0.296532
 outer loop
  vertex -88.5 -13.9607 32.3
  vertex -86.6284 -13.7891 33.2855
  vertex -88.5 -13.6043 33.6304
 endloop
endfacet
facet normal -0.00885241 -0.846294 0.532643
 outer loop
  vertex -88.5 -13.6043 33.6304
  vertex -86.6284 -13.7891 33.2855
  vertex -86.6046 -13.193 34.1932
 endloop
endfacet
facet normal -0.00885239 -0.532597 0.846322
 outer loop
  vertex -88.5 -12.6304 34.6043
  vertex -86.6046 -13.193 34.1932
  vertex -86.589 -12.2855 34.7895
 endloop
endfacet
facet normal -0.00886593 -0.124643 0.992162
 outer loop
  vertex -88.5 -11.3 34.9607
  vertex -86.589 -12.2855 34.7895
  vertex -86.5841 -11.3 34.9774
 endloop
endfacet
facet normal -0.00894267 -0.29651 0.954988
 outer loop
  vertex -88.5 -11.3 34.9607
  vertex -88.5 -12.6304 34.6043
  vertex -86.589 -12.2855 34.7895
 endloop
endfacet
facet normal -0.00892936 -0.707067 0.70709
 outer loop
  vertex -88.5 -12.6304 34.6043
  vertex -88.5 -13.6043 33.6304
  vertex -86.6046 -13.193 34.1932
 endloop
endfacet
facet normal 1.47414E-16 -0.999597 -0.0283801
 outer loop
  vertex -88.5 -14.05 32.3
  vertex -91.5 -14.05 32.3
  vertex -88.5 -14.04 32.0661
 endloop
endfacet
facet normal 1.47652E-16 -0.996375 -0.0850717
 outer loop
  vertex -88.5 -14.04 32.0661
  vertex -91.5 -14.05 32.3
  vertex -88.5 -14.0102 31.8338
 endloop
endfacet
facet normal 1.4813E-16 -0.98993 -0.141557
 outer loop
  vertex -88.5 -14.0102 31.8338
  vertex -91.5 -14.05 32.3
  vertex -88.5 -13.9607 31.6049
 endloop
endfacet
facet normal 1.36066E-16 -0.966478 -0.256751
 outer loop
  vertex -88.5 -13.9607 31.6049
  vertex -91.5 -14.05 32.3
  vertex -91.5 -13.6816 30.925
 endloop
endfacet
facet normal 1.17601E-16 -0.718792 -0.695225
 outer loop
  vertex -88.5 -13.3372 30.4528
  vertex -91.5 -13.6816 30.925
  vertex -91.5 -12.675 29.9184
 endloop
endfacet
facet normal 2.82214E-17 -0.288809 -0.957387
 outer loop
  vertex -88.5 -12.2514 29.7198
  vertex -91.5 -12.675 29.9184
  vertex -91.5 -11.3 29.55
 endloop
endfacet
facet normal -1.4976E-17 0.214432 -0.976739
 outer loop
  vertex -88.5 -10.9496 29.5724
  vertex -91.5 -11.3 29.55
  vertex -91.5 -9.925 29.9184
 endloop
endfacet
facet normal -5.42717E-17 0.6633 -0.748353
 outer loop
  vertex -88.5 -9.72738 30.044
  vertex -91.5 -9.925 29.9184
  vertex -91.5 -8.91843 30.925
 endloop
endfacet
facet normal -1.33234E-16 0.943935 -0.330131
 outer loop
  vertex -88.5 -8.86205 31.0276
  vertex -91.5 -8.91843 30.925
  vertex -91.5 -8.55 32.3
 endloop
endfacet
facet normal -1.51156E-16 0.987396 -0.158268
 outer loop
  vertex -88.5 -8.55 32.3
  vertex -88.5 -8.86205 31.0276
  vertex -91.5 -8.55 32.3
 endloop
endfacet
facet normal -8.94462E-17 0.793446 -0.608641
 outer loop
  vertex -88.5 -8.86205 31.0276
  vertex -88.5 -9.72738 30.044
  vertex -91.5 -8.91843 30.925
 endloop
endfacet
facet normal -1.84793E-17 0.408685 -0.912676
 outer loop
  vertex -88.5 -9.72738 30.044
  vertex -88.5 -10.9496 29.5724
  vertex -91.5 -9.925 29.9184
 endloop
endfacet
facet normal 3.54237E-18 -0.0743758 -0.99723
 outer loop
  vertex -88.5 -10.9496 29.5724
  vertex -88.5 -12.2514 29.7198
  vertex -91.5 -11.3 29.55
 endloop
endfacet
facet normal 7.81951E-17 -0.539562 -0.841946
 outer loop
  vertex -88.5 -12.2514 29.7198
  vertex -88.5 -13.3372 30.4528
  vertex -91.5 -12.675 29.9184
 endloop
endfacet
facet normal 1.46199E-16 -0.874981 -0.484156
 outer loop
  vertex -88.5 -13.3372 30.4528
  vertex -88.5 -13.9607 31.6049
  vertex -91.5 -13.6816 30.925
 endloop
endfacet
facet normal 1.50767E-16 -0.988622 -0.150424
 outer loop
  vertex -88.5 -14.05 9.7
  vertex -91.5 -14.05 9.7
  vertex -88.5 -13.7683 8.48758
 endloop
endfacet
facet normal 1.36648E-16 -0.946641 -0.32229
 outer loop
  vertex -88.5 -13.7683 8.48758
  vertex -91.5 -14.05 9.7
  vertex -91.5 -13.6816 8.325
 endloop
endfacet
facet normal 6.38978E-17 -0.67565 -0.737223
 outer loop
  vertex -88.5 -12.9809 7.52354
  vertex -91.5 -13.6816 8.325
  vertex -91.5 -12.675 7.31843
 endloop
endfacet
facet normal 2.82066E-17 -0.238755 -0.97108
 outer loop
  vertex -88.5 -11.8492 7.0054
  vertex -91.5 -12.675 7.31843
  vertex -91.5 -11.3 6.95
 endloop
endfacet
facet normal -1.49458E-17 0.256751 -0.966478
 outer loop
  vertex -88.5 -10.6049 7.03929
  vertex -91.5 -11.3 6.95
  vertex -91.5 -9.925 7.31843
 endloop
endfacet
facet normal -1.07972E-16 0.684717 -0.728809
 outer loop
  vertex -88.5 -9.54116 7.586
  vertex -91.5 -9.925 7.31843
  vertex -91.5 -8.91843 8.325
 endloop
endfacet
facet normal -1.32981E-16 0.948612 -0.316443
 outer loop
  vertex -88.5 -8.81009 8.53259
  vertex -91.5 -8.91843 8.325
  vertex -91.5 -8.55 9.7
 endloop
endfacet
facet normal -1.50492E-16 0.989494 -0.144576
 outer loop
  vertex -88.5 -8.55 9.7
  vertex -88.5 -8.81009 8.53259
  vertex -91.5 -8.55 9.7
 endloop
endfacet
facet normal -1.42467E-16 0.81835 -0.57472
 outer loop
  vertex -88.5 -8.81009 8.53259
  vertex -88.5 -9.54116 7.586
  vertex -91.5 -8.91843 8.325
 endloop
endfacet
facet normal -7.18076E-17 0.47176 -0.881727
 outer loop
  vertex -88.5 -9.54116 7.586
  vertex -88.5 -10.6049 7.03929
  vertex -91.5 -9.925 7.31843
 endloop
endfacet
facet normal 3.53081E-18 0.0179954 -0.999838
 outer loop
  vertex -88.5 -10.6049 7.03929
  vertex -88.5 -11.8492 7.0054
  vertex -91.5 -11.3 6.95
 endloop
endfacet
facet normal 2.45333E-17 -0.445119 -0.895472
 outer loop
  vertex -88.5 -11.8492 7.0054
  vertex -88.5 -12.9809 7.52354
  vertex -91.5 -12.675 7.31843
 endloop
endfacet
facet normal 9.26827E-17 -0.807899 -0.58932
 outer loop
  vertex -88.5 -12.9809 7.52354
  vertex -88.5 -13.7683 8.48758
  vertex -91.5 -13.6816 8.325
 endloop
endfacet
facet normal 1 1.26482E-16 1.04083E-17
 outer loop
  vertex -88.5 -13.9607 10.3951
  vertex -88.5 -14.0102 10.1662
  vertex -88.5 -13.9607 9.7
 endloop
endfacet
facet normal 1 1.26482E-16 1.04083E-17
 outer loop
  vertex -88.5 -13.9607 9.7
  vertex -88.5 -14.0102 10.1662
  vertex -88.5 -14.04 9.93395
 endloop
endfacet
facet normal 1 1.26482E-16 1.04083E-17
 outer loop
  vertex -88.5 -14.05 9.7
  vertex -88.5 -13.9607 9.7
  vertex -88.5 -14.04 9.93395
 endloop
endfacet
facet normal 1 1.26482E-16 1.04083E-17
 outer loop
  vertex -88.5 -14.05 9.7
  vertex -88.5 -13.7683 8.48758
  vertex -88.5 -13.9607 9.7
 endloop
endfacet
facet normal 1 1.26482E-16 1.04083E-17
 outer loop
  vertex -88.5 -13.9607 9.7
  vertex -88.5 -13.7683 8.48758
  vertex -88.5 -13.6043 8.36964
 endloop
endfacet
facet normal 1 1.26482E-16 1.04083E-17
 outer loop
  vertex -88.5 -13.6043 8.36964
  vertex -88.5 -13.7683 8.48758
  vertex -88.5 -12.9809 7.52354
 endloop
endfacet
facet normal 1 1.26482E-16 1.04083E-17
 outer loop
  vertex -88.5 -12.6304 7.39574
  vertex -88.5 -12.9809 7.52354
  vertex -88.5 -11.8492 7.0054
 endloop
endfacet
facet normal 1 1.26482E-16 1.04083E-17
 outer loop
  vertex -88.5 -11.3 7.03927
  vertex -88.5 -11.8492 7.0054
  vertex -88.5 -10.6049 7.03929
 endloop
endfacet
facet normal 1 1.26482E-16 1.04083E-17
 outer loop
  vertex -88.5 -11.3 7.03927
  vertex -88.5 -12.6304 7.39574
  vertex -88.5 -11.8492 7.0054
 endloop
endfacet
facet normal 1 1.26482E-16 1.04083E-17
 outer loop
  vertex -88.5 -12.6304 7.39574
  vertex -88.5 -13.6043 8.36964
  vertex -88.5 -12.9809 7.52354
 endloop
endfacet
facet normal -0.00886598 -0.124665 -0.992159
 outer loop
  vertex -87.3159 -11.3 7.02894
  vertex -87.311 -12.2833 7.21647
  vertex -88.5 -11.3 7.03927
 endloop
endfacet
facet normal -0.00894269 -0.296532 -0.954981
 outer loop
  vertex -88.5 -11.3 7.03927
  vertex -87.311 -12.2833 7.21647
  vertex -88.5 -12.6304 7.39574
 endloop
endfacet
facet normal -0.00885241 -0.532643 -0.846294
 outer loop
  vertex -88.5 -12.6304 7.39574
  vertex -87.311 -12.2833 7.21647
  vertex -87.2955 -13.1889 7.81124
 endloop
endfacet
facet normal -0.00885239 -0.846322 -0.532597
 outer loop
  vertex -88.5 -13.6043 8.36964
  vertex -87.2955 -13.1889 7.81124
  vertex -87.2717 -13.7839 8.71674
 endloop
endfacet
facet normal -0.00886593 -0.992162 -0.124643
 outer loop
  vertex -88.5 -13.9607 9.7
  vertex -87.2717 -13.7839 8.71674
  vertex -87.246 -13.9717 9.7
 endloop
endfacet
facet normal -0.00894267 -0.954988 -0.29651
 outer loop
  vertex -88.5 -13.9607 9.7
  vertex -88.5 -13.6043 8.36964
  vertex -87.2717 -13.7839 8.71674
 endloop
endfacet
facet normal -0.00892936 -0.70709 -0.707067
 outer loop
  vertex -88.5 -13.6043 8.36964
  vertex -88.5 -12.6304 7.39574
  vertex -87.2955 -13.1889 7.81124
 endloop
endfacet
facet normal 1 1.26482E-16 1.04083E-17
 outer loop
  vertex -88.5 10.6049 34.9607
  vertex -88.5 11.3 34.9607
  vertex -88.5 11.8492 34.9946
 endloop
endfacet
facet normal 1 1.26482E-16 1.04083E-17
 outer loop
  vertex -88.5 11.8492 34.9946
  vertex -88.5 11.3 34.9607
  vertex -88.5 12.6304 34.6043
 endloop
endfacet
facet normal 1 1.26482E-16 1.04083E-17
 outer loop
  vertex -88.5 12.9809 34.4765
  vertex -88.5 12.6304 34.6043
  vertex -88.5 13.6043 33.6304
 endloop
endfacet
facet normal 1 1.26482E-16 1.04083E-17
 outer loop
  vertex -88.5 13.7683 33.5124
  vertex -88.5 13.6043 33.6304
  vertex -88.5 13.9607 32.3
 endloop
endfacet
facet normal 1 1.26482E-16 1.04083E-17
 outer loop
  vertex -88.5 14.05 32.3
  vertex -88.5 13.9607 32.3
  vertex -88.5 14.04 32.0661
 endloop
endfacet
facet normal 1 1.26482E-16 1.04083E-17
 outer loop
  vertex -88.5 14.05 32.3
  vertex -88.5 13.7683 33.5124
  vertex -88.5 13.9607 32.3
 endloop
endfacet
facet normal 1 1.26482E-16 1.04083E-17
 outer loop
  vertex -88.5 13.9607 31.6049
  vertex -88.5 14.0102 31.8338
  vertex -88.5 13.9607 32.3
 endloop
endfacet
facet normal 1 1.26482E-16 1.04083E-17
 outer loop
  vertex -88.5 13.9607 32.3
  vertex -88.5 14.0102 31.8338
  vertex -88.5 14.04 32.0661
 endloop
endfacet
facet normal 1 1.26482E-16 1.04083E-17
 outer loop
  vertex -88.5 13.7683 33.5124
  vertex -88.5 12.9809 34.4765
  vertex -88.5 13.6043 33.6304
 endloop
endfacet
facet normal 1 1.26482E-16 1.04083E-17
 outer loop
  vertex -88.5 12.9809 34.4765
  vertex -88.5 11.8492 34.9946
  vertex -88.5 12.6304 34.6043
 endloop
endfacet
facet normal 1 1.26482E-16 1.04083E-17
 outer loop
  vertex -88.5 10.6049 7.03929
  vertex -88.5 11.8492 7.0054
  vertex -88.5 11.3 7.03927
 endloop
endfacet
facet normal 1 1.26482E-16 1.04083E-17
 outer loop
  vertex -88.5 11.3 7.03927
  vertex -88.5 11.8492 7.0054
  vertex -88.5 12.6304 7.39574
 endloop
endfacet
facet normal 1 1.26482E-16 1.04083E-17
 outer loop
  vertex -88.5 12.6304 7.39574
  vertex -88.5 11.8492 7.0054
  vertex -88.5 12.9809 7.52354
 endloop
endfacet
facet normal 1 1.26482E-16 1.04083E-17
 outer loop
  vertex -88.5 13.6043 8.36964
  vertex -88.5 12.9809 7.52354
  vertex -88.5 13.7683 8.48758
 endloop
endfacet
facet normal 1 1.26482E-16 1.04083E-17
 outer loop
  vertex -88.5 13.9607 9.7
  vertex -88.5 13.7683 8.48758
  vertex -88.5 14.05 9.7
 endloop
endfacet
facet normal 1 1.26482E-16 1.04083E-17
 outer loop
  vertex -88.5 14.04 9.93395
  vertex -88.5 13.9607 9.7
  vertex -88.5 14.05 9.7
 endloop
endfacet
facet normal 1 1.26482E-16 1.04083E-17
 outer loop
  vertex -88.5 14.04 9.93395
  vertex -88.5 14.0102 10.1662
  vertex -88.5 13.9607 9.7
 endloop
endfacet
facet normal 1 1.26482E-16 1.04083E-17
 outer loop
  vertex -88.5 13.9607 9.7
  vertex -88.5 14.0102 10.1662
  vertex -88.5 13.9607 10.3951
 endloop
endfacet
facet normal 1 1.26482E-16 1.04083E-17
 outer loop
  vertex -88.5 13.9607 9.7
  vertex -88.5 13.6043 8.36964
  vertex -88.5 13.7683 8.48758
 endloop
endfacet
facet normal 1 1.26482E-16 1.04083E-17
 outer loop
  vertex -88.5 13.6043 8.36964
  vertex -88.5 12.6304 7.39574
  vertex -88.5 12.9809 7.52354
 endloop
endfacet
facet normal -0.00886593 0.992162 -0.124643
 outer loop
  vertex -87.246 13.9717 9.7
  vertex -87.2717 13.7839 8.71674
  vertex -88.5 13.9607 9.7
 endloop
endfacet
facet normal -0.00894267 0.954988 -0.29651
 outer loop
  vertex -88.5 13.9607 9.7
  vertex -87.2717 13.7839 8.71674
  vertex -88.5 13.6043 8.36964
 endloop
endfacet
facet normal -0.00885239 0.846322 -0.532597
 outer loop
  vertex -88.5 13.6043 8.36964
  vertex -87.2717 13.7839 8.71674
  vertex -87.2955 13.1889 7.81124
 endloop
endfacet
facet normal -0.00885241 0.532643 -0.846294
 outer loop
  vertex -88.5 12.6304 7.39574
  vertex -87.2955 13.1889 7.81124
  vertex -87.311 12.2833 7.21647
 endloop
endfacet
facet normal -0.00886598 0.124665 -0.992159
 outer loop
  vertex -88.5 11.3 7.03927
  vertex -87.311 12.2833 7.21647
  vertex -87.3159 11.3 7.02894
 endloop
endfacet
facet normal -0.00894269 0.296532 -0.954981
 outer loop
  vertex -88.5 11.3 7.03927
  vertex -88.5 12.6304 7.39574
  vertex -87.311 12.2833 7.21647
 endloop
endfacet
facet normal -0.00892936 0.70709 -0.707067
 outer loop
  vertex -88.5 12.6304 7.39574
  vertex -88.5 13.6043 8.36964
  vertex -87.2955 13.1889 7.81124
 endloop
endfacet
facet normal -0.999657 0 0.0261769
 outer loop
  vertex -87.311 -12.2833 7.21647
  vertex -87.3159 -11.3 7.02894
  vertex -87.5 -18.5003 0
 endloop
endfacet
facet normal -0.999657 0 0.0261769
 outer loop
  vertex -87.2955 -13.1889 7.81124
  vertex -87.5 -18.5003 0
  vertex -87.2717 -13.7839 8.71674
 endloop
endfacet
facet normal -0.999657 0 0.0261769
 outer loop
  vertex -87.2955 -13.1889 7.81124
  vertex -87.311 -12.2833 7.21647
  vertex -87.5 -18.5003 0
 endloop
endfacet
facet normal -0.999657 0 0.0261769
 outer loop
  vertex -87.311 12.2833 7.21647
  vertex -87.5 18.5003 0
  vertex -87.3159 11.3 7.02894
 endloop
endfacet
facet normal -0.999657 0 0.0261769
 outer loop
  vertex -87.311 12.2833 7.21647
  vertex -87.2955 13.1889 7.81124
  vertex -87.5 18.5003 0
 endloop
endfacet
facet normal -0.999657 0 0.0261769
 outer loop
  vertex -87.5 18.5003 0
  vertex -87.2955 13.1889 7.81124
  vertex -87.2717 13.7839 8.71674
 endloop
endfacet
facet normal -0.999657 0 0.0261769
 outer loop
  vertex -87.246 13.9717 9.7
  vertex -87.5 18.5003 0
  vertex -87.2717 13.7839 8.71674
 endloop
endfacet
facet normal -0.999657 0 0.0261769
 outer loop
  vertex -87.246 13.9717 9.7
  vertex -86.5801 17.5804 35.1309
  vertex -87.5 18.5003 0
 endloop
endfacet
facet normal -0.999657 0 0.0261769
 outer loop
  vertex -87.246 13.9717 9.7
  vertex -86.6542 13.9768 32.3
  vertex -86.5801 17.5804 35.1309
 endloop
endfacet
facet normal -0.999657 0 0.0261769
 outer loop
  vertex -86.5801 17.5804 35.1309
  vertex -86.6542 13.9768 32.3
  vertex -86.6284 13.7891 33.2855
 endloop
endfacet
facet normal -0.999657 0 0.0261769
 outer loop
  vertex -86.6046 13.193 34.1932
  vertex -86.5801 17.5804 35.1309
  vertex -86.6284 13.7891 33.2855
 endloop
endfacet
facet normal -0.999657 0 0.0261769
 outer loop
  vertex -86.6046 13.193 34.1932
  vertex -86.5426 17.2761 36.5598
  vertex -86.5801 17.5804 35.1309
 endloop
endfacet
facet normal -0.999657 0 0.0261769
 outer loop
  vertex -86.6046 13.193 34.1932
  vertex -86.5078 16.3729 37.8914
  vertex -86.5426 17.2761 36.5598
 endloop
endfacet
facet normal -0.999657 0 0.0261769
 outer loop
  vertex -86.6046 13.193 34.1932
  vertex -86.4851 15.0187 38.7592
  vertex -86.5078 16.3729 37.8914
 endloop
endfacet
facet normal -0.999657 0 0.0261769
 outer loop
  vertex -86.6046 13.193 34.1932
  vertex -86.589 12.2855 34.7895
  vertex -86.4851 15.0187 38.7592
 endloop
endfacet
facet normal -0.999657 0 0.0261769
 outer loop
  vertex -86.4851 15.0187 38.7592
  vertex -86.589 12.2855 34.7895
  vertex -86.4781 13.5818 39.0262
 endloop
endfacet
facet normal -0.999657 0 0.0261769
 outer loop
  vertex -86.4781 13.5818 39.0262
  vertex -86.589 12.2855 34.7895
  vertex -86.5841 11.3 34.9774
 endloop
endfacet
facet normal -0.999657 0 0.0261769
 outer loop
  vertex -86.4781 -13.5818 39.0262
  vertex -86.5841 11.3 34.9774
  vertex -86.5841 -11.3 34.9774
 endloop
endfacet
facet normal -0.999657 0 0.0261769
 outer loop
  vertex -86.589 -12.2855 34.7895
  vertex -86.4781 -13.5818 39.0262
  vertex -86.5841 -11.3 34.9774
 endloop
endfacet
facet normal -0.999657 0 0.0261769
 outer loop
  vertex -86.589 -12.2855 34.7895
  vertex -86.4851 -15.0187 38.7592
  vertex -86.4781 -13.5818 39.0262
 endloop
endfacet
facet normal -0.999657 0 0.0261769
 outer loop
  vertex -86.589 -12.2855 34.7895
  vertex -86.6046 -13.193 34.1932
  vertex -86.4851 -15.0187 38.7592
 endloop
endfacet
facet normal -0.999657 0 0.0261769
 outer loop
  vertex -86.4851 -15.0187 38.7592
  vertex -86.6046 -13.193 34.1932
  vertex -86.5078 -16.3729 37.8914
 endloop
endfacet
facet normal -0.999657 0 0.0261769
 outer loop
  vertex -86.5078 -16.3729 37.8914
  vertex -86.6046 -13.193 34.1932
  vertex -86.5426 -17.2761 36.5598
 endloop
endfacet
facet normal -0.999657 0 0.0261769
 outer loop
  vertex -86.5426 -17.2761 36.5598
  vertex -86.6046 -13.193 34.1932
  vertex -86.5801 -17.5804 35.1309
 endloop
endfacet
facet normal -0.999657 0 0.0261769
 outer loop
  vertex -86.5801 -17.5804 35.1309
  vertex -86.6046 -13.193 34.1932
  vertex -86.6284 -13.7891 33.2855
 endloop
endfacet
facet normal -0.999657 0 0.0261769
 outer loop
  vertex -86.6542 -13.9768 32.3
  vertex -86.5801 -17.5804 35.1309
  vertex -86.6284 -13.7891 33.2855
 endloop
endfacet
facet normal -0.999657 0 0.0261769
 outer loop
  vertex -86.6542 -13.9768 32.3
  vertex -87.246 -13.9717 9.7
  vertex -86.5801 -17.5804 35.1309
 endloop
endfacet
facet normal -0.999657 0 0.0261769
 outer loop
  vertex -86.5801 -17.5804 35.1309
  vertex -87.246 -13.9717 9.7
  vertex -87.5 -18.5003 0
 endloop
endfacet
facet normal -0.999657 0 0.0261769
 outer loop
  vertex -87.5 -18.5003 0
  vertex -87.246 -13.9717 9.7
  vertex -87.2717 -13.7839 8.71674
 endloop
endfacet
facet normal -0.999657 0 0.0261769
 outer loop
  vertex -87.5 18.5003 0
  vertex -87.5 -18.5003 0
  vertex -87.3159 11.3 7.02894
 endloop
endfacet
facet normal -0.999657 0 0.0261769
 outer loop
  vertex -87.3159 11.3 7.02894
  vertex -87.5 -18.5003 0
  vertex -87.3159 -11.3 7.02894
 endloop
endfacet
facet normal -0.999657 0 0.0261769
 outer loop
  vertex -86.4781 -13.5818 39.0262
  vertex -86.4781 13.5818 39.0262
  vertex -86.5841 11.3 34.9774
 endloop
endfacet
facet normal -0.00886593 0.124643 0.992162
 outer loop
  vertex -86.5841 11.3 34.9774
  vertex -86.589 12.2855 34.7895
  vertex -88.5 11.3 34.9607
 endloop
endfacet
facet normal -0.00894267 0.29651 0.954988
 outer loop
  vertex -88.5 11.3 34.9607
  vertex -86.589 12.2855 34.7895
  vertex -88.5 12.6304 34.6043
 endloop
endfacet
facet normal -0.00885239 0.532597 0.846322
 outer loop
  vertex -88.5 12.6304 34.6043
  vertex -86.589 12.2855 34.7895
  vertex -86.6046 13.193 34.1932
 endloop
endfacet
facet normal -0.00885241 0.846294 0.532643
 outer loop
  vertex -88.5 13.6043 33.6304
  vertex -86.6046 13.193 34.1932
  vertex -86.6284 13.7891 33.2855
 endloop
endfacet
facet normal -0.00886598 0.992159 0.124665
 outer loop
  vertex -88.5 13.9607 32.3
  vertex -86.6284 13.7891 33.2855
  vertex -86.6542 13.9768 32.3
 endloop
endfacet
facet normal -0.00894269 0.954981 0.296532
 outer loop
  vertex -88.5 13.9607 32.3
  vertex -88.5 13.6043 33.6304
  vertex -86.6284 13.7891 33.2855
 endloop
endfacet
facet normal -0.00892936 0.707067 0.70709
 outer loop
  vertex -88.5 13.6043 33.6304
  vertex -88.5 12.6304 34.6043
  vertex -86.6046 13.193 34.1932
 endloop
endfacet
facet normal 1.50492E-16 -0.989494 -0.144576
 outer loop
  vertex -88.5 8.55 9.7
  vertex -91.5 8.55 9.7
  vertex -88.5 8.81009 8.53259
 endloop
endfacet
facet normal 1.36544E-16 -0.948612 -0.316443
 outer loop
  vertex -88.5 8.81009 8.53259
  vertex -91.5 8.55 9.7
  vertex -91.5 8.91843 8.325
 endloop
endfacet
facet normal 1.17681E-16 -0.684717 -0.728809
 outer loop
  vertex -88.5 9.54116 7.586
  vertex -91.5 8.91843 8.325
  vertex -91.5 9.925 7.31843
 endloop
endfacet
facet normal 2.8195E-17 -0.256751 -0.966478
 outer loop
  vertex -88.5 10.6049 7.03929
  vertex -91.5 9.925 7.31843
  vertex -91.5 11.3 6.95
 endloop
endfacet
facet normal -1.49519E-17 0.238755 -0.97108
 outer loop
  vertex -88.5 11.8492 7.0054
  vertex -91.5 11.3 6.95
  vertex -91.5 12.675 7.31843
 endloop
endfacet
facet normal -5.4181E-17 0.67565 -0.737223
 outer loop
  vertex -88.5 12.9809 7.52354
  vertex -91.5 12.675 7.31843
  vertex -91.5 13.6816 8.325
 endloop
endfacet
facet normal -1.33082E-16 0.946641 -0.32229
 outer loop
  vertex -88.5 13.7683 8.48758
  vertex -91.5 13.6816 8.325
  vertex -91.5 14.05 9.7
 endloop
endfacet
facet normal -1.50767E-16 0.988622 -0.150424
 outer loop
  vertex -88.5 14.05 9.7
  vertex -88.5 13.7683 8.48758
  vertex -91.5 14.05 9.7
 endloop
endfacet
facet normal -8.91418E-17 0.807899 -0.58932
 outer loop
  vertex -88.5 13.7683 8.48758
  vertex -88.5 12.9809 7.52354
  vertex -91.5 13.6816 8.325
 endloop
endfacet
facet normal -1.84122E-17 0.445119 -0.895472
 outer loop
  vertex -88.5 12.9809 7.52354
  vertex -88.5 11.8492 7.0054
  vertex -91.5 12.675 7.31843
 endloop
endfacet
facet normal 3.53081E-18 -0.0179954 -0.999838
 outer loop
  vertex -88.5 11.8492 7.0054
  vertex -88.5 10.6049 7.03929
  vertex -91.5 11.3 6.95
 endloop
endfacet
facet normal 7.79159E-17 -0.47176 -0.881727
 outer loop
  vertex -88.5 10.6049 7.03929
  vertex -88.5 9.54116 7.586
  vertex -91.5 9.925 7.31843
 endloop
endfacet
facet normal 1.46E-16 -0.81835 -0.57472
 outer loop
  vertex -88.5 9.54116 7.586
  vertex -88.5 8.81009 8.53259
  vertex -91.5 8.91843 8.325
 endloop
endfacet
facet normal 1.37215E-16 -0.987396 -0.158268
 outer loop
  vertex -88.5 8.55 32.3
  vertex -91.5 8.55 32.3
  vertex -88.5 8.86205 31.0276
 endloop
endfacet
facet normal 1.22827E-16 -0.943935 -0.330131
 outer loop
  vertex -88.5 8.86205 31.0276
  vertex -91.5 8.55 32.3
  vertex -91.5 8.91843 30.925
 endloop
endfacet
facet normal 6.40049E-17 -0.6633 -0.748353
 outer loop
  vertex -88.5 9.72738 30.044
  vertex -91.5 8.91843 30.925
  vertex -91.5 9.925 29.9184
 endloop
endfacet
facet normal 2.82519E-17 -0.214432 -0.976739
 outer loop
  vertex -88.5 10.9496 29.5724
  vertex -91.5 9.925 29.9184
  vertex -91.5 11.3 29.55
 endloop
endfacet
facet normal -1.49598E-17 0.288809 -0.957387
 outer loop
  vertex -88.5 12.2514 29.7198
  vertex -91.5 11.3 29.55
  vertex -91.5 12.675 29.9184
 endloop
endfacet
facet normal -1.079E-16 0.718792 -0.695225
 outer loop
  vertex -88.5 13.3372 30.4528
  vertex -91.5 12.675 29.9184
  vertex -91.5 13.6816 30.925
 endloop
endfacet
facet normal -1.32516E-16 0.966478 -0.256751
 outer loop
  vertex -88.5 13.9607 31.6049
  vertex -91.5 13.6816 30.925
  vertex -91.5 14.05 32.3
 endloop
endfacet
facet normal -1.47652E-16 0.996375 -0.0850717
 outer loop
  vertex -88.5 14.0102 31.8338
  vertex -91.5 14.05 32.3
  vertex -88.5 14.04 32.0661
 endloop
endfacet
facet normal -1.4813E-16 0.98993 -0.141557
 outer loop
  vertex -88.5 14.0102 31.8338
  vertex -88.5 13.9607 31.6049
  vertex -91.5 14.05 32.3
 endloop
endfacet
facet normal -1.47414E-16 0.999597 -0.0283801
 outer loop
  vertex -91.5 14.05 32.3
  vertex -88.5 14.05 32.3
  vertex -88.5 14.04 32.0661
 endloop
endfacet
facet normal -1.42662E-16 0.874981 -0.484156
 outer loop
  vertex -88.5 13.9607 31.6049
  vertex -88.5 13.3372 30.4528
  vertex -91.5 13.6816 30.925
 endloop
endfacet
facet normal -7.20649E-17 0.539562 -0.841946
 outer loop
  vertex -88.5 13.3372 30.4528
  vertex -88.5 12.2514 29.7198
  vertex -91.5 12.675 29.9184
 endloop
endfacet
facet normal 3.54237E-18 0.0743758 -0.99723
 outer loop
  vertex -88.5 12.2514 29.7198
  vertex -88.5 10.9496 29.5724
  vertex -91.5 11.3 29.55
 endloop
endfacet
facet normal 2.46227E-17 -0.408685 -0.912676
 outer loop
  vertex -88.5 10.9496 29.5724
  vertex -88.5 9.72738 30.044
  vertex -91.5 9.925 29.9184
 endloop
endfacet
facet normal 7.90867E-17 -0.793446 -0.608641
 outer loop
  vertex -88.5 9.72738 30.044
  vertex -88.5 8.86205 31.0276
  vertex -91.5 8.91843 30.925
 endloop
endfacet
facet normal 0 0.869748 0.493495
 outer loop
  vertex -94.2 -5.12106 33.6751
  vertex -94.2 -5.1647 33.7412
  vertex -93.9047 -5.12106 33.6751
 endloop
endfacet
facet normal 0 0.743799 0.668403
 outer loop
  vertex -93.9047 -5.12106 33.6751
  vertex -94.2 -5.1647 33.7412
  vertex -93.6969 -5.20298 33.7713
 endloop
endfacet
facet normal 0 0.542655 0.839956
 outer loop
  vertex -93.6969 -5.20298 33.7713
  vertex -94.2 -5.1647 33.7412
  vertex -94.2 -5.2306 33.7852
 endloop
endfacet
facet normal 0 0.213119 0.977026
 outer loop
  vertex -93.628 -5.2544 33.7932
  vertex -94.2 -5.2306 33.7852
  vertex -94.2 -5.3084 33.8001
 endloop
endfacet
facet normal 0 0.0811749 0.9967
 outer loop
  vertex -93.5813 -5.3084 33.8001
  vertex -93.628 -5.2544 33.7932
  vertex -94.2 -5.3084 33.8001
 endloop
endfacet
facet normal 0 0.388432 0.921478
 outer loop
  vertex -93.628 -5.2544 33.7932
  vertex -93.6969 -5.20298 33.7713
  vertex -94.2 -5.2306 33.7852
 endloop
endfacet
facet normal -0.501237 -0.395263 0.769759
 outer loop
  vertex -90.0431 -7.92685 34.7834
  vertex -92.7877 -5.04381 34.3974
  vertex -91.7644 -7.67638 33.7776
 endloop
endfacet
facet normal -0.501161 -0.361795 0.786092
 outer loop
  vertex -91.7644 -7.67638 33.7776
  vertex -92.7877 -5.04381 34.3974
  vertex -93.5813 -5.3084 33.8001
 endloop
endfacet
facet normal -0.500041 -0.321996 0.803914
 outer loop
  vertex -93.5813 -5.3084 33.8001
  vertex -92.7877 -5.04381 34.3974
  vertex -93.628 -5.2544 33.7932
 endloop
endfacet
facet normal -0.500033 -0.320319 0.804588
 outer loop
  vertex -93.628 -5.2544 33.7932
  vertex -92.7877 -5.04381 34.3974
  vertex -93.6969 -5.20298 33.7713
 endloop
endfacet
facet normal -0.500114 -0.303284 0.811113
 outer loop
  vertex -93.6969 -5.20298 33.7713
  vertex -92.7877 -5.04381 34.3974
  vertex -94.2 -4.33002 33.7868
 endloop
endfacet
facet normal -0.500138 -0.308954 0.808956
 outer loop
  vertex -93.9047 -5.12106 33.6751
  vertex -94.2 -4.33002 33.7868
  vertex -94.2 -5.05719 33.517
 endloop
endfacet
facet normal -0.500145 -0.309733 0.808653
 outer loop
  vertex -93.9047 -5.12106 33.6751
  vertex -93.6969 -5.20298 33.7713
  vertex -94.2 -4.33002 33.7868
 endloop
endfacet
facet normal -0.500701 -0.239408 0.831855
 outer loop
  vertex -94.2 -2.83524 34.1989
  vertex -94.2 -3.58855 34.0143
  vertex -92.7877 -5.04381 34.3974
 endloop
endfacet
facet normal -0.500265 -0.271179 0.822312
 outer loop
  vertex -92.7877 -5.04381 34.3974
  vertex -94.2 -3.58855 34.0143
  vertex -94.2 -4.33002 33.7868
 endloop
endfacet
facet normal -1.21171E-16 0.927184 0.374607
 outer loop
  vertex -93.9047 -5.12106 33.6751
  vertex -94.2 -5.05719 33.517
  vertex -94.2 -5.12106 33.6751
 endloop
endfacet
facet normal -0.00872654 1.11289E-18 0.999962
 outer loop
  vertex -88.5 -11.3 34.9607
  vertex -86.5841 -11.3 34.9774
  vertex -88.5 -10.6049 34.9607
 endloop
endfacet
facet normal -0.00872654 1.11289E-18 0.999962
 outer loop
  vertex -88.5 -10.6049 34.9607
  vertex -86.5841 -11.3 34.9774
  vertex -88.5 -8.83484 34.9606
 endloop
endfacet
facet normal -0.00872654 1.11289E-18 0.999962
 outer loop
  vertex -88.5 -8.83484 34.9606
  vertex -86.5841 -11.3 34.9774
  vertex -88.5 8.83471 34.9606
 endloop
endfacet
facet normal -0.00872654 1.11289E-18 0.999962
 outer loop
  vertex -88.7992 -8.68356 34.9579
  vertex -88.5 8.83471 34.9606
  vertex -88.7992 8.68355 34.958
 endloop
endfacet
facet normal -0.00872654 1.11289E-18 0.999962
 outer loop
  vertex -88.7992 -8.68356 34.9579
  vertex -88.5 -8.83484 34.9606
  vertex -88.5 8.83471 34.9606
 endloop
endfacet
facet normal -0.00872654 1.11289E-18 0.999962
 outer loop
  vertex -86.5841 -11.3 34.9774
  vertex -86.5841 11.3 34.9774
  vertex -88.5 8.83471 34.9606
 endloop
endfacet
facet normal -0.00872654 1.11289E-18 0.999962
 outer loop
  vertex -88.5 8.83471 34.9606
  vertex -86.5841 11.3 34.9774
  vertex -88.5 10.6049 34.9607
 endloop
endfacet
facet normal -0.00872654 1.11289E-18 0.999962
 outer loop
  vertex -88.5 10.6049 34.9607
  vertex -86.5841 11.3 34.9774
  vertex -88.5 11.3 34.9607
 endloop
endfacet
facet normal -0.465605 0.621842 0.629702
 outer loop
  vertex -89.2105 13.9001 29.4775
  vertex -90.0413 13.783 28.9301
  vertex -91.7686 12.5255 28.966
 endloop
endfacet
facet normal -0.354987 0.409342 0.84049
 outer loop
  vertex -90.0372 13.0891 29.4534
  vertex -91.7686 12.5255 28.966
  vertex -91.6277 12.2731 29.1838
 endloop
endfacet
facet normal -0.226536 0.312859 0.922389
 outer loop
  vertex -91.5437 12.13 29.2573
  vertex -91.6277 12.2731 29.1838
  vertex -93.0047 11.1295 29.2597
 endloop
endfacet
facet normal -0.102533 0.192471 0.975931
 outer loop
  vertex -91.4535 11.98 29.3054
  vertex -93.0047 11.1295 29.2597
  vertex -92.8323 10.9106 29.3254
 endloop
endfacet
facet normal -0.0271657 0.00395412 0.999623
 outer loop
  vertex -91.3591 11.8264 29.3272
  vertex -92.8323 10.9106 29.3254
  vertex -91.2645 11.6756 29.3236
 endloop
endfacet
facet normal -0.0305739 -0.226017 0.973643
 outer loop
  vertex -89.7473 12.5299 29.5337
  vertex -91.2645 11.6756 29.3236
  vertex -89.6414 12.3524 29.4906
 endloop
endfacet
facet normal -0.0317142 -0.35115 0.935782
 outer loop
  vertex -88.5 12.7809 29.691
  vertex -89.7473 12.5299 29.5337
  vertex -89.6414 12.3524 29.4906
 endloop
endfacet
facet normal -0.0648127 -0.350704 0.934241
 outer loop
  vertex -88.5 12.7809 29.691
  vertex -88.5 13.0054 29.7953
  vertex -89.7473 12.5299 29.5337
 endloop
endfacet
facet normal -0.123257 -0.200913 0.971824
 outer loop
  vertex -89.7473 12.5299 29.5337
  vertex -88.5 13.0054 29.7953
  vertex -89.8514 12.7166 29.5431
 endloop
endfacet
facet normal -0.137685 0.028869 0.990055
 outer loop
  vertex -91.3591 11.8264 29.3272
  vertex -89.8514 12.7166 29.5431
  vertex -91.4535 11.98 29.3054
 endloop
endfacet
facet normal -0.079923 0.0888103 0.992837
 outer loop
  vertex -92.8323 10.9106 29.3254
  vertex -91.3591 11.8264 29.3272
  vertex -91.4535 11.98 29.3054
 endloop
endfacet
facet normal -0.477751 0.697018 0.534715
 outer loop
  vertex -90.0413 13.783 28.9301
  vertex -91.8627 12.7127 28.6743
  vertex -91.7686 12.5255 28.966
 endloop
endfacet
facet normal -0.476407 0.679638 0.557789
 outer loop
  vertex -91.7686 12.5255 28.966
  vertex -91.8627 12.7127 28.6743
  vertex -94.2001 10.9654 28.8753
 endloop
endfacet
facet normal -0.439152 0.643077 0.627373
 outer loop
  vertex -94.2 10.7658 29.1011
  vertex -91.7686 12.5255 28.966
  vertex -94.2001 10.9654 28.8753
 endloop
endfacet
facet normal -0.375552 0.535911 0.756148
 outer loop
  vertex -94.2 10.7658 29.1011
  vertex -91.6277 12.2731 29.1838
  vertex -91.7686 12.5255 28.966
 endloop
endfacet
facet normal -0.323373 0.526959 0.785967
 outer loop
  vertex -94.2 10.7658 29.1011
  vertex -94.2 10.5286 29.2952
  vertex -91.6277 12.2731 29.1838
 endloop
endfacet
facet normal -0.239919 0.417716 0.876329
 outer loop
  vertex -91.6277 12.2731 29.1838
  vertex -94.2 10.5286 29.2952
  vertex -93.0047 11.1295 29.2597
 endloop
endfacet
facet normal -0.183395 0.4562 0.870774
 outer loop
  vertex -93.0047 11.1295 29.2597
  vertex -94.2 10.5286 29.2952
  vertex -94.2 10.2754 29.4556
 endloop
endfacet
facet normal -0.0461911 0.352668 0.934608
 outer loop
  vertex -92.8323 10.9106 29.3254
  vertex -94.2 10.2754 29.4556
  vertex -94.2 10.025 29.5844
 endloop
endfacet
facet normal -0.0953477 0.314115 0.944585
 outer loop
  vertex -92.8323 10.9106 29.3254
  vertex -93.0047 11.1295 29.2597
  vertex -94.2 10.2754 29.4556
 endloop
endfacet
facet normal -0.157818 -0.199112 0.967186
 outer loop
  vertex -88.5 13.0054 29.7953
  vertex -88.5 13.2516 29.8659
  vertex -89.8514 12.7166 29.5431
 endloop
endfacet
facet normal -0.209923 -0.0468237 0.976596
 outer loop
  vertex -89.8514 12.7166 29.5431
  vertex -88.5 13.2516 29.8659
  vertex -89.9491 12.9049 29.5161
 endloop
endfacet
facet normal -0.214903 0.162582 0.963008
 outer loop
  vertex -91.4535 11.98 29.3054
  vertex -89.9491 12.9049 29.5161
  vertex -91.5437 12.13 29.2573
 endloop
endfacet
facet normal -0.178404 0.232539 0.956085
 outer loop
  vertex -93.0047 11.1295 29.2597
  vertex -91.4535 11.98 29.3054
  vertex -91.5437 12.13 29.2573
 endloop
endfacet
facet normal -0.245026 -0.0417434 0.968617
 outer loop
  vertex -88.5 13.2516 29.8659
  vertex -88.5 13.5067 29.8963
  vertex -89.9491 12.9049 29.5161
 endloop
endfacet
facet normal -0.290084 0.109746 0.950688
 outer loop
  vertex -89.9491 12.9049 29.5161
  vertex -88.5 13.5067 29.8963
  vertex -90.0372 13.0891 29.4534
 endloop
endfacet
facet normal -0.287305 0.293686 0.911704
 outer loop
  vertex -91.5437 12.13 29.2573
  vertex -90.0372 13.0891 29.4534
  vertex -91.6277 12.2731 29.1838
 endloop
endfacet
facet normal -0.272314 0.204727 0.940176
 outer loop
  vertex -91.5437 12.13 29.2573
  vertex -89.9491 12.9049 29.5161
  vertex -90.0372 13.0891 29.4534
 endloop
endfacet
facet normal -0.324923 0.121617 0.937888
 outer loop
  vertex -88.5 13.5067 29.8963
  vertex -88.5 13.7615 29.8823
  vertex -90.0372 13.0891 29.4534
 endloop
endfacet
facet normal -0.388419 0.306382 0.869057
 outer loop
  vertex -90.0372 13.0891 29.4534
  vertex -88.5 13.7615 29.8823
  vertex -89.2105 13.9001 29.4775
 endloop
endfacet
facet normal -0.408557 0.456261 0.790511
 outer loop
  vertex -91.7686 12.5255 28.966
  vertex -90.0372 13.0891 29.4534
  vertex -89.2105 13.9001 29.4775
 endloop
endfacet
facet normal -0.406494 0.275526 0.871119
 outer loop
  vertex -88.5 13.9606 29.8348
  vertex -88.7993 13.9579 29.6835
  vertex -88.5 13.7615 29.8823
 endloop
endfacet
facet normal -0.425161 0.353388 0.83328
 outer loop
  vertex -88.5 13.7615 29.8823
  vertex -88.7993 13.9579 29.6835
  vertex -89.2105 13.9001 29.4775
 endloop
endfacet
facet normal -0.196731 0.0621946 0.978483
 outer loop
  vertex -91.4535 11.98 29.3054
  vertex -89.8514 12.7166 29.5431
  vertex -89.9491 12.9049 29.5161
 endloop
endfacet
facet normal -0.0564539 -0.106979 0.992657
 outer loop
  vertex -91.2645 11.6756 29.3236
  vertex -89.7473 12.5299 29.5337
  vertex -91.3591 11.8264 29.3272
 endloop
endfacet
facet normal -0.115757 -0.0818137 0.989902
 outer loop
  vertex -91.3591 11.8264 29.3272
  vertex -89.7473 12.5299 29.5337
  vertex -89.8514 12.7166 29.5431
 endloop
endfacet
facet normal -1 -1.26482E-16 -1.04083E-17
 outer loop
  vertex -88.5 8.81009 33.4674
  vertex -88.5 8.55 32.3
  vertex -88.5 8.30003 32.2868
 endloop
endfacet
facet normal -1 -1.26482E-16 -1.04083E-17
 outer loop
  vertex -88.5 8.69088 33.7809
  vertex -88.5 8.81009 33.4674
  vertex -88.5 8.30003 32.2868
 endloop
endfacet
facet normal -1 -1.26482E-16 -1.04083E-17
 outer loop
  vertex -88.5 8.69088 33.7809
  vertex -88.5002 8.79487 34.0043
  vertex -88.5 8.81009 33.4674
 endloop
endfacet
facet normal -1 -1.26482E-16 -1.04083E-17
 outer loop
  vertex -88.5 8.81009 33.4674
  vertex -88.5002 8.79487 34.0043
  vertex -88.5 9.54116 34.414
 endloop
endfacet
facet normal -1 -1.26482E-16 -1.04083E-17
 outer loop
  vertex -88.5 9.54116 34.414
  vertex -88.5002 8.79487 34.0043
  vertex -88.5 8.8659 34.252
 endloop
endfacet
facet normal -1 -1.26482E-16 -1.04083E-17
 outer loop
  vertex -88.5 8.89614 34.5085
  vertex -88.5 9.54116 34.414
  vertex -88.5 8.8659 34.252
 endloop
endfacet
facet normal -1 -1.26482E-16 -1.04083E-17
 outer loop
  vertex -88.5 8.89614 34.5085
  vertex -88.5002 8.88138 34.7646
  vertex -88.5 9.54116 34.414
 endloop
endfacet
facet normal -1 -1.26482E-16 -1.04083E-17
 outer loop
  vertex -88.5 9.54116 34.414
  vertex -88.5002 8.88138 34.7646
  vertex -88.5 8.83471 34.9606
 endloop
endfacet
facet normal -1 -1.26482E-16 -1.04083E-17
 outer loop
  vertex -88.5 10.6049 34.9607
  vertex -88.5 9.54116 34.414
  vertex -88.5 8.83471 34.9606
 endloop
endfacet
facet normal -1 -1.26482E-16 -1.04083E-17
 outer loop
  vertex -88.5 13.2516 29.8659
  vertex -88.5 13.0054 29.7953
  vertex -88.5 13.3372 30.4528
 endloop
endfacet
facet normal -1 -1.26482E-16 -1.04083E-17
 outer loop
  vertex -88.5 13.5067 29.8963
  vertex -88.5 13.3372 30.4528
  vertex -88.5 13.7615 29.8823
 endloop
endfacet
facet normal -1 -1.26482E-16 -1.04083E-17
 outer loop
  vertex -88.5 13.5067 29.8963
  vertex -88.5 13.2516 29.8659
  vertex -88.5 13.3372 30.4528
 endloop
endfacet
facet normal -1 -1.26482E-16 -1.04083E-17
 outer loop
  vertex -88.5 13.3372 30.4528
  vertex -88.5 12.7809 29.691
  vertex -88.5 12.2514 29.7198
 endloop
endfacet
facet normal -1 -1.26482E-16 -1.04083E-17
 outer loop
  vertex -88.5 13.3372 30.4528
  vertex -88.5 13.0054 29.7953
  vertex -88.5 12.7809 29.691
 endloop
endfacet
facet normal -1 -1.26482E-16 -1.04083E-17
 outer loop
  vertex -88.5 12.2514 29.7198
  vertex -88.5 11.2868 29.3
  vertex -88.5 10.9496 29.5724
 endloop
endfacet
facet normal -1 -1.26482E-16 -1.04083E-17
 outer loop
  vertex -88.5 12.2514 29.7198
  vertex -88.5 12.7809 29.691
  vertex -88.5 11.2868 29.3
 endloop
endfacet
facet normal -1 -1.26482E-16 -1.04083E-17
 outer loop
  vertex -88.5 13.9607 31.6049
  vertex -88.5 13.9606 29.8348
  vertex -88.5 13.3372 30.4528
 endloop
endfacet
facet normal -1 -1.26482E-16 -1.04083E-17
 outer loop
  vertex -88.5 13.3372 30.4528
  vertex -88.5 13.9606 29.8348
  vertex -88.5 13.7615 29.8823
 endloop
endfacet
facet normal -1 -1.26482E-16 -1.04083E-17
 outer loop
  vertex -88.5 11.2868 29.3
  vertex -88.5 9.79619 29.7041
  vertex -88.5 10.9496 29.5724
 endloop
endfacet
facet normal -1 -1.26482E-16 -1.04083E-17
 outer loop
  vertex -88.5 10.9496 29.5724
  vertex -88.5 9.79619 29.7041
  vertex -88.5 9.72738 30.044
 endloop
endfacet
facet normal -1 -1.26482E-16 -1.04083E-17
 outer loop
  vertex -88.5 9.72738 30.044
  vertex -88.5 9.79619 29.7041
  vertex -88.5 8.70413 30.7962
 endloop
endfacet
facet normal -1 -1.26482E-16 -1.04083E-17
 outer loop
  vertex -88.5 8.86205 31.0276
  vertex -88.5 8.70413 30.7962
  vertex -88.5 8.30003 32.2868
 endloop
endfacet
facet normal -1 -1.26482E-16 -1.04083E-17
 outer loop
  vertex -88.5 8.55 32.3
  vertex -88.5 8.86205 31.0276
  vertex -88.5 8.30003 32.2868
 endloop
endfacet
facet normal -1 -1.26482E-16 -1.04083E-17
 outer loop
  vertex -88.5 9.72738 30.044
  vertex -88.5 8.70413 30.7962
  vertex -88.5 8.86205 31.0276
 endloop
endfacet
facet normal -0.406735 0.870753 0.276327
 outer loop
  vertex -88.5 8.83471 34.9606
  vertex -88.5002 8.88138 34.7646
  vertex -88.7992 8.68355 34.958
 endloop
endfacet
facet normal -0.425736 0.83206 0.355562
 outer loop
  vertex -88.7992 8.68355 34.958
  vertex -88.5002 8.88138 34.7646
  vertex -89.2246 8.47092 34.8982
 endloop
endfacet
facet normal -0.389213 0.8677 0.309208
 outer loop
  vertex -89.2246 8.47092 34.8982
  vertex -88.5002 8.88138 34.7646
  vertex -90.0355 8.45409 34.0912
 endloop
endfacet
facet normal -0.356079 0.839197 0.411043
 outer loop
  vertex -91.7677 7.96383 33.5286
  vertex -90.0355 8.45409 34.0912
  vertex -91.6264 8.18363 33.2753
 endloop
endfacet
facet normal -0.324627 0.784954 0.527698
 outer loop
  vertex -94.2001 8.09878 31.7684
  vertex -91.6264 8.18363 33.2753
  vertex -94.2 8.29423 31.5302
 endloop
endfacet
facet normal -0.37694 0.754493 0.537268
 outer loop
  vertex -94.2001 8.09878 31.7684
  vertex -91.7677 7.96383 33.5286
  vertex -91.6264 8.18363 33.2753
 endloop
endfacet
facet normal -0.440123 0.625571 0.644168
 outer loop
  vertex -94.2001 8.09878 31.7684
  vertex -94.2004 7.87447 31.9657
  vertex -91.7677 7.96383 33.5286
 endloop
endfacet
facet normal -0.477104 0.55493 0.681487
 outer loop
  vertex -91.7677 7.96383 33.5286
  vertex -94.2004 7.87447 31.9657
  vertex -91.8618 7.66926 33.7163
 endloop
endfacet
facet normal -0.478565 0.530997 0.699299
 outer loop
  vertex -90.0423 7.92772 34.7834
  vertex -91.7677 7.96383 33.5286
  vertex -91.8618 7.66926 33.7163
 endloop
endfacet
facet normal -0.466462 0.626549 0.624379
 outer loop
  vertex -90.0423 7.92772 34.7834
  vertex -89.2246 8.47092 34.8982
  vertex -91.7677 7.96383 33.5286
 endloop
endfacet
facet normal -0.409437 0.788444 0.459039
 outer loop
  vertex -91.7677 7.96383 33.5286
  vertex -89.2246 8.47092 34.8982
  vertex -90.0355 8.45409 34.0912
 endloop
endfacet
facet normal -0.325558 0.937422 0.123496
 outer loop
  vertex -88.5002 8.88138 34.7646
  vertex -88.5 8.89614 34.5085
  vertex -90.0355 8.45409 34.0912
 endloop
endfacet
facet normal -0.290402 0.950425 0.111175
 outer loop
  vertex -90.0355 8.45409 34.0912
  vertex -88.5 8.89614 34.5085
  vertex -89.947 8.51748 33.9061
 endloop
endfacet
facet normal -0.215715 0.962831 0.16255
 outer loop
  vertex -91.5421 8.25768 33.1315
  vertex -89.947 8.51748 33.9061
  vertex -91.4513 8.30611 32.9806
 endloop
endfacet
facet normal -0.102681 0.983374 0.149774
 outer loop
  vertex -93.0036 8.25977 32.1301
  vertex -91.4513 8.30611 32.9806
  vertex -92.07 8.29957 32.3
 endloop
endfacet
facet normal -0.050263 0.987409 0.149991
 outer loop
  vertex -92.8302 8.32537 31.9098
  vertex -93.0036 8.25977 32.1301
  vertex -92.07 8.29957 32.3
 endloop
endfacet
facet normal -0.0951161 0.944697 0.313849
 outer loop
  vertex -92.8302 8.32537 31.9098
  vertex -94.2 8.45548 31.2756
  vertex -93.0036 8.25977 32.1301
 endloop
endfacet
facet normal -0.0459765 0.934725 0.352385
 outer loop
  vertex -92.8302 8.32537 31.9098
  vertex -94.2 8.58443 31.025
  vertex -94.2 8.45548 31.2756
 endloop
endfacet
facet normal -0.245129 0.968631 -0.0408196
 outer loop
  vertex -88.5 8.89614 34.5085
  vertex -88.5 8.8659 34.252
  vertex -89.947 8.51748 33.9061
 endloop
endfacet
facet normal -0.209668 0.976676 -0.0462988
 outer loop
  vertex -89.947 8.51748 33.9061
  vertex -88.5 8.8659 34.252
  vertex -89.8488 8.54472 33.7167
 endloop
endfacet
facet normal -0.138223 0.990002 0.0281067
 outer loop
  vertex -91.4513 8.30611 32.9806
  vertex -89.8488 8.54472 33.7167
  vertex -91.3563 8.32791 32.8262
 endloop
endfacet
facet normal -0.0272935 0.998843 -0.039593
 outer loop
  vertex -92.07 8.29957 32.3
  vertex -91.3563 8.32791 32.8262
  vertex -91.2623 8.32369 32.6763
 endloop
endfacet
facet normal -0.0799739 0.99578 0.0450235
 outer loop
  vertex -92.07 8.29957 32.3
  vertex -91.4513 8.30611 32.9806
  vertex -91.3563 8.32791 32.8262
 endloop
endfacet
facet normal -0.157281 0.967283 -0.199062
 outer loop
  vertex -88.5 8.8659 34.252
  vertex -88.5002 8.79487 34.0043
  vertex -89.8488 8.54472 33.7167
 endloop
endfacet
facet normal -0.122354 0.971863 -0.201274
 outer loop
  vertex -89.8488 8.54472 33.7167
  vertex -88.5002 8.79487 34.0043
  vertex -89.744 8.53511 33.529
 endloop
endfacet
facet normal -0.0569674 0.992534 -0.107844
 outer loop
  vertex -91.3563 8.32791 32.8262
  vertex -89.744 8.53511 33.529
  vertex -91.2623 8.32369 32.6763
 endloop
endfacet
facet normal -0.115487 0.989874 -0.0825324
 outer loop
  vertex -91.3563 8.32791 32.8262
  vertex -89.8488 8.54472 33.7167
  vertex -89.744 8.53511 33.529
 endloop
endfacet
facet normal -0.0639082 0.9342 -0.350978
 outer loop
  vertex -88.5002 8.79487 34.0043
  vertex -88.5 8.69088 33.7809
  vertex -89.744 8.53511 33.529
 endloop
endfacet
facet normal -0.0310483 0.935888 -0.350927
 outer loop
  vertex -89.744 8.53511 33.529
  vertex -88.5 8.69088 33.7809
  vertex -89.6395 8.4907 33.3545
 endloop
endfacet
facet normal -0.0306867 0.973643 -0.226004
 outer loop
  vertex -91.2623 8.32369 32.6763
  vertex -89.744 8.53511 33.529
  vertex -89.6395 8.4907 33.3545
 endloop
endfacet
facet normal -0.183734 0.870596 0.456404
 outer loop
  vertex -94.2 8.45548 31.2756
  vertex -94.2 8.29423 31.5302
  vertex -93.0036 8.25977 32.1301
 endloop
endfacet
facet normal -0.240677 0.875903 0.418174
 outer loop
  vertex -93.0036 8.25977 32.1301
  vertex -94.2 8.29423 31.5302
  vertex -91.6264 8.18363 33.2753
 endloop
endfacet
facet normal -0.28836 0.911104 0.294513
 outer loop
  vertex -91.5421 8.25768 33.1315
  vertex -91.6264 8.18363 33.2753
  vertex -90.0355 8.45409 34.0912
 endloop
endfacet
facet normal -0.272897 0.939807 0.205647
 outer loop
  vertex -89.947 8.51748 33.9061
  vertex -91.5421 8.25768 33.1315
  vertex -90.0355 8.45409 34.0912
 endloop
endfacet
facet normal -0.17922 0.956014 0.232201
 outer loop
  vertex -91.4513 8.30611 32.9806
  vertex -93.0036 8.25977 32.1301
  vertex -91.5421 8.25768 33.1315
 endloop
endfacet
facet normal -0.227425 0.92209 0.313095
 outer loop
  vertex -91.5421 8.25768 33.1315
  vertex -93.0036 8.25977 32.1301
  vertex -91.6264 8.18363 33.2753
 endloop
endfacet
facet normal -0.196911 0.978442 0.0622671
 outer loop
  vertex -89.8488 8.54472 33.7167
  vertex -91.4513 8.30611 32.9806
  vertex -89.947 8.51748 33.9061
 endloop
endfacet
facet normal -0.139173 -1.54077E-17 0.990268
 outer loop
  vertex -94.2 2.83524 34.1989
  vertex -92.7877 -5.04381 34.3974
  vertex -90.0423 7.92772 34.7834
 endloop
endfacet
facet normal -0.139173 -1.54077E-17 0.990268
 outer loop
  vertex -94.2 2.83524 34.1989
  vertex -94.2 -2.83524 34.1989
  vertex -92.7877 -5.04381 34.3974
 endloop
endfacet
facet normal -0.139173 -1.54077E-17 0.990268
 outer loop
  vertex -92.7877 -5.04381 34.3974
  vertex -90.0431 -7.92685 34.7834
  vertex -90.0423 7.92772 34.7834
 endloop
endfacet
facet normal -0.139173 -1.54077E-17 0.990268
 outer loop
  vertex -90.0423 7.92772 34.7834
  vertex -90.0431 -7.92685 34.7834
  vertex -88.7992 8.68355 34.958
 endloop
endfacet
facet normal -0.139173 -1.54077E-17 0.990268
 outer loop
  vertex -89.2246 8.47092 34.8982
  vertex -90.0423 7.92772 34.7834
  vertex -88.7992 8.68355 34.958
 endloop
endfacet
facet normal -0.139173 -1.54077E-17 0.990268
 outer loop
  vertex -89.2241 -8.47072 34.8982
  vertex -88.7992 -8.68356 34.9579
  vertex -90.0431 -7.92685 34.7834
 endloop
endfacet
facet normal -0.139173 -1.54077E-17 0.990268
 outer loop
  vertex -90.0431 -7.92685 34.7834
  vertex -88.7992 -8.68356 34.9579
  vertex -88.7992 8.68355 34.958
 endloop
endfacet
facet normal -0.500593 0.452769 0.73784
 outer loop
  vertex -94.2004 7.87447 31.9657
  vertex -94.2 6.30232 32.9386
  vertex -91.8618 7.66926 33.7163
 endloop
endfacet
facet normal -0.501245 0.383424 0.775719
 outer loop
  vertex -91.8618 7.66926 33.7163
  vertex -94.2 6.30232 32.9386
  vertex -94.2 4.61203 33.6878
 endloop
endfacet
facet normal -0.503033 0.305014 0.808656
 outer loop
  vertex -90.0423 7.92772 34.7834
  vertex -94.2 4.61203 33.6878
  vertex -94.2 2.83524 34.1989
 endloop
endfacet
facet normal -0.501421 0.392747 0.770926
 outer loop
  vertex -90.0423 7.92772 34.7834
  vertex -91.8618 7.66926 33.7163
  vertex -94.2 4.61203 33.6878
 endloop
endfacet
facet normal -8.44906E-17 0.998991 0.0449081
 outer loop
  vertex -92.8302 8.32537 31.9098
  vertex -92.07 8.29957 32.3
  vertex -88.5 8.30003 32.2868
 endloop
endfacet
facet normal -8.24102E-17 0.976121 0.217227
 outer loop
  vertex -88.5 8.70413 30.7962
  vertex -92.8302 8.32537 31.9098
  vertex -88.5 8.30003 32.2868
 endloop
endfacet
facet normal -3.87748E-17 0.934018 0.357225
 outer loop
  vertex -88.5 8.70413 30.7962
  vertex -94.2 8.58443 31.025
  vertex -92.8302 8.32537 31.9098
 endloop
endfacet
facet normal -3.82501E-17 0.880075 0.474834
 outer loop
  vertex -88.5 8.70413 30.7962
  vertex -94.2 8.69694 30.8087
  vertex -94.2 8.58443 31.025
 endloop
endfacet
facet normal -3.82468E-17 0.853068 0.521799
 outer loop
  vertex -88.5 8.70413 30.7962
  vertex -94.2 8.82664 30.6022
  vertex -94.2 8.69694 30.8087
 endloop
endfacet
facet normal -7.32686E-17 0.823547 0.567247
 outer loop
  vertex -88.5 8.70413 30.7962
  vertex -94.2 8.97268 30.407
  vertex -94.2 8.82664 30.6022
 endloop
endfacet
facet normal -7.34456E-17 0.794198 0.607659
 outer loop
  vertex -88.5 8.70413 30.7962
  vertex -94.2 9.10742 30.2524
  vertex -94.2 8.97268 30.407
 endloop
endfacet
facet normal -6.37975E-17 0.715299 0.698818
 outer loop
  vertex -88.5 8.70413 30.7962
  vertex -88.5 9.79619 29.7041
  vertex -94.2 9.10742 30.2524
 endloop
endfacet
facet normal -2.43282E-17 0.643304 0.765611
 outer loop
  vertex -94.2 9.10742 30.2524
  vertex -88.5 9.79619 29.7041
  vertex -94.2 9.25241 30.1074
 endloop
endfacet
facet normal -2.42445E-17 0.607658 0.794199
 outer loop
  vertex -94.2 9.25241 30.1074
  vertex -88.5 9.79619 29.7041
  vertex -94.2 9.40697 29.9727
 endloop
endfacet
facet normal -2.41861E-17 0.567246 0.823548
 outer loop
  vertex -94.2 9.40697 29.9727
  vertex -88.5 9.79619 29.7041
  vertex -94.2 9.60221 29.8266
 endloop
endfacet
facet normal -4.81382E-17 0.521798 0.853069
 outer loop
  vertex -94.2 9.60221 29.8266
  vertex -88.5 9.79619 29.7041
  vertex -94.2 9.80867 29.6969
 endloop
endfacet
facet normal -4.81423E-17 0.474833 0.880076
 outer loop
  vertex -94.2 9.80867 29.6969
  vertex -88.5 9.79619 29.7041
  vertex -94.2 10.025 29.5844
 endloop
endfacet
facet normal -2.44867E-17 0.357135 0.934053
 outer loop
  vertex -94.2 10.025 29.5844
  vertex -88.5 9.79619 29.7041
  vertex -92.8323 10.9106 29.3254
 endloop
endfacet
facet normal -2.84877E-17 0.217129 0.976143
 outer loop
  vertex -92.8323 10.9106 29.3254
  vertex -88.5 9.79619 29.7041
  vertex -88.5 11.2868 29.3
 endloop
endfacet
facet normal 2.25276E-17 -0.158987 0.987281
 outer loop
  vertex -91.2645 11.6756 29.3236
  vertex -88.5 11.2868 29.3
  vertex -89.6414 12.3524 29.4906
 endloop
endfacet
facet normal -1.82805E-18 0.00300749 0.999995
 outer loop
  vertex -91.2645 11.6756 29.3236
  vertex -92.8323 10.9106 29.3254
  vertex -88.5 11.2868 29.3
 endloop
endfacet
facet normal -1.25958E-16 0.999183 -0.0404144
 outer loop
  vertex -92.07 8.29957 32.3
  vertex -91.2623 8.32369 32.6763
  vertex -88.5 8.30003 32.2868
 endloop
endfacet
facet normal -1.23209E-16 0.987233 -0.15928
 outer loop
  vertex -88.5 8.30003 32.2868
  vertex -91.2623 8.32369 32.6763
  vertex -89.6395 8.4907 33.3545
 endloop
endfacet
facet normal -1.18174E-16 0.957932 -0.286997
 outer loop
  vertex -88.5 8.69088 33.7809
  vertex -88.5 8.30003 32.2868
  vertex -89.6395 8.4907 33.3545
 endloop
endfacet
facet normal 3.91565E-17 -0.286777 0.957997
 outer loop
  vertex -88.5 11.2868 29.3
  vertex -88.5 12.7809 29.691
  vertex -89.6414 12.3524 29.4906
 endloop
endfacet
facet normal -0.501256 0.769443 0.395853
 outer loop
  vertex -90.0413 13.783 28.9301
  vertex -92.7877 13.3974 26.0438
  vertex -91.8627 12.7127 28.6743
 endloop
endfacet
facet normal -0.501097 0.774276 0.386521
 outer loop
  vertex -91.8627 12.7127 28.6743
  vertex -92.7877 13.3974 26.0438
  vertex -94.2 11.9384 27.3028
 endloop
endfacet
facet normal -0.500593 0.737761 0.452897
 outer loop
  vertex -94.2001 10.9654 28.8753
  vertex -91.8627 12.7127 28.6743
  vertex -94.2 11.9384 27.3028
 endloop
endfacet
facet normal -0.500854 0.825112 0.26141
 outer loop
  vertex -94.2 13.1989 23.8352
  vertex -94.2 12.6877 25.6123
  vertex -92.7877 13.3974 26.0438
 endloop
endfacet
facet normal -0.500724 0.797903 0.335598
 outer loop
  vertex -92.7877 13.3974 26.0438
  vertex -94.2 12.6877 25.6123
  vertex -94.2 11.9384 27.3028
 endloop
endfacet
facet normal -0.466017 -0.623463 -0.627792
 outer loop
  vertex -89.2136 -13.8997 12.5241
  vertex -90.0444 -13.7831 13.0741
  vertex -91.7957 -12.5074 13.0353
 endloop
endfacet
facet normal -0.354 -0.409521 -0.840819
 outer loop
  vertex -90.0497 -13.0789 12.5477
  vertex -91.7957 -12.5074 13.0353
  vertex -91.6532 -12.254 12.816
 endloop
endfacet
facet normal -0.246962 -0.341672 -0.906791
 outer loop
  vertex -91.5683 -12.1101 12.7422
  vertex -91.6532 -12.254 12.816
  vertex -93.1251 -11.2029 12.791
 endloop
endfacet
facet normal -0.18457 -0.413364 -0.891664
 outer loop
  vertex -93.0402 -11.0997 12.7344
  vertex -93.1251 -11.2029 12.791
  vertex -94.2 -10.3988 12.6169
 endloop
endfacet
facet normal -0.158216 -0.441467 -0.883219
 outer loop
  vertex -94.2 -10.2704 12.5411
  vertex -93.0402 -11.0997 12.7344
  vertex -94.2 -10.3988 12.6169
 endloop
endfacet
facet normal -0.0916338 -0.316086 -0.944295
 outer loop
  vertex -94.2 -10.2704 12.5411
  vertex -92.9186 -10.8572 12.6671
  vertex -93.0402 -11.0997 12.7344
 endloop
endfacet
facet normal -0.04412 -0.35361 -0.934352
 outer loop
  vertex -94.2 -10.2704 12.5411
  vertex -94.2 -10.025 12.4156
  vertex -92.9186 -10.8572 12.6671
 endloop
endfacet
facet normal -0.478501 -0.699245 -0.531125
 outer loop
  vertex -90.0444 -13.7831 13.0741
  vertex -91.8919 -12.6966 13.3317
  vertex -91.7957 -12.5074 13.0353
 endloop
endfacet
facet normal -0.477408 -0.682003 -0.554034
 outer loop
  vertex -91.7957 -12.5074 13.0353
  vertex -91.8919 -12.6966 13.3317
  vertex -94.2 -10.965 13.1249
 endloop
endfacet
facet normal -0.439806 -0.644595 -0.625354
 outer loop
  vertex -94.2 -10.7636 12.8955
  vertex -91.7957 -12.5074 13.0353
  vertex -94.2 -10.965 13.1249
 endloop
endfacet
facet normal -0.365933 -0.570118 -0.735567
 outer loop
  vertex -94.2 -10.7636 12.8955
  vertex -93.2063 -11.299 12.8631
  vertex -91.7957 -12.5074 13.0353
 endloop
endfacet
facet normal -0.314123 -0.560457 -0.766299
 outer loop
  vertex -94.2 -10.7636 12.8955
  vertex -94.2 -10.5254 12.7009
  vertex -93.2063 -11.299 12.8631
 endloop
endfacet
facet normal -0.252561 -0.480393 -0.839902
 outer loop
  vertex -93.2063 -11.299 12.8631
  vertex -94.2 -10.5254 12.7009
  vertex -93.1251 -11.2029 12.791
 endloop
endfacet
facet normal -0.263299 -0.417605 -0.869643
 outer loop
  vertex -91.6532 -12.254 12.816
  vertex -93.2063 -11.299 12.8631
  vertex -93.1251 -11.2029 12.791
 endloop
endfacet
facet normal -0.335525 -0.482498 -0.809085
 outer loop
  vertex -91.6532 -12.254 12.816
  vertex -91.7957 -12.5074 13.0353
  vertex -93.2063 -11.299 12.8631
 endloop
endfacet
facet normal -0.226265 -0.493474 -0.839814
 outer loop
  vertex -94.2 -10.5254 12.7009
  vertex -94.2 -10.3988 12.6169
  vertex -93.1251 -11.2029 12.791
 endloop
endfacet
facet normal -0.0722209 -0.152832 -0.98561
 outer loop
  vertex -93.0402 -11.0997 12.7344
  vertex -92.9186 -10.8572 12.6671
  vertex -91.3817 -11.8047 12.673
 endloop
endfacet
facet normal -0.134128 -0.0261739 -0.990618
 outer loop
  vertex -91.4771 -11.9592 12.6942
  vertex -91.3817 -11.8047 12.673
  vertex -89.8616 -12.703 12.4586
 endloop
endfacet
facet normal -0.206621 0.0507431 -0.977104
 outer loop
  vertex -89.9605 -12.893 12.4849
  vertex -89.8616 -12.703 12.4586
  vertex -88.5 -13.2426 12.1359
 endloop
endfacet
facet normal -0.24228 0.045792 -0.969125
 outer loop
  vertex -88.5 -13.5003 12.1039
  vertex -89.9605 -12.893 12.4849
  vertex -88.5 -13.2426 12.1359
 endloop
endfacet
facet normal -0.287906 -0.107192 -0.951641
 outer loop
  vertex -88.5 -13.5003 12.1039
  vertex -90.0497 -13.0789 12.5477
  vertex -89.9605 -12.893 12.4849
 endloop
endfacet
facet normal -0.323309 -0.11903 -0.938778
 outer loop
  vertex -88.5 -13.5003 12.1039
  vertex -88.5 -13.7579 12.1172
  vertex -90.0497 -13.0789 12.5477
 endloop
endfacet
facet normal -0.387681 -0.305606 -0.86966
 outer loop
  vertex -90.0497 -13.0789 12.5477
  vertex -88.5 -13.7579 12.1172
  vertex -89.2136 -13.8997 12.5241
 endloop
endfacet
facet normal -0.408157 -0.456837 -0.790385
 outer loop
  vertex -91.7957 -12.5074 13.0353
  vertex -90.0497 -13.0789 12.5477
  vertex -89.2136 -13.8997 12.5241
 endloop
endfacet
facet normal -0.028778 0.225451 -0.973829
 outer loop
  vertex -89.6533 -12.3473 12.5114
  vertex -89.7563 -12.5149 12.4693
  vertex -91.2831 -11.6657 12.6776
 endloop
endfacet
facet normal -0.0297057 0.351748 -0.935623
 outer loop
  vertex -89.6533 -12.3473 12.5114
  vertex -88.5 -12.781 12.3092
  vertex -89.7563 -12.5149 12.4693
 endloop
endfacet
facet normal -0.0614222 0.354429 -0.933063
 outer loop
  vertex -89.7563 -12.5149 12.4693
  vertex -88.5 -12.781 12.3092
  vertex -88.5 -12.9944 12.2088
 endloop
endfacet
facet normal -0.15383 0.204528 -0.966698
 outer loop
  vertex -89.8616 -12.703 12.4586
  vertex -88.5 -12.9944 12.2088
  vertex -88.5 -13.2426 12.1359
 endloop
endfacet
facet normal -0.118757 0.206149 -0.971287
 outer loop
  vertex -89.8616 -12.703 12.4586
  vertex -89.7563 -12.5149 12.4693
  vertex -88.5 -12.9944 12.2088
 endloop
endfacet
facet normal -0.111581 0.0855995 -0.990062
 outer loop
  vertex -89.8616 -12.703 12.4586
  vertex -91.3817 -11.8047 12.673
  vertex -89.7563 -12.5149 12.4693
 endloop
endfacet
facet normal -0.0536162 0.108152 -0.992687
 outer loop
  vertex -89.7563 -12.5149 12.4693
  vertex -91.3817 -11.8047 12.673
  vertex -91.2831 -11.6657 12.6776
 endloop
endfacet
facet normal -0.0244054 -0.00637574 -0.999682
 outer loop
  vertex -91.2831 -11.6657 12.6776
  vertex -91.3817 -11.8047 12.673
  vertex -92.9186 -10.8572 12.6671
 endloop
endfacet
facet normal -0.40618 -0.274733 -0.871516
 outer loop
  vertex -88.5 -13.9606 12.1652
  vertex -88.7993 -13.9579 12.3165
  vertex -88.5 -13.7579 12.1172
 endloop
endfacet
facet normal -0.424992 -0.353015 -0.833524
 outer loop
  vertex -88.5 -13.7579 12.1172
  vertex -88.7993 -13.9579 12.3165
  vertex -89.2136 -13.8997 12.5241
 endloop
endfacet
facet normal -0.270089 -0.203254 -0.941137
 outer loop
  vertex -89.9605 -12.893 12.4849
  vertex -90.0497 -13.0789 12.5477
  vertex -91.5683 -12.1101 12.7422
 endloop
endfacet
facet normal -0.175055 -0.232682 -0.956669
 outer loop
  vertex -91.4771 -11.9592 12.6942
  vertex -91.5683 -12.1101 12.7422
  vertex -93.0402 -11.0997 12.7344
 endloop
endfacet
facet normal -0.124328 -0.149884 -0.980855
 outer loop
  vertex -91.3817 -11.8047 12.673
  vertex -91.4771 -11.9592 12.6942
  vertex -93.0402 -11.0997 12.7344
 endloop
endfacet
facet normal -0.212226 -0.160899 -0.963884
 outer loop
  vertex -91.5683 -12.1101 12.7422
  vertex -91.4771 -11.9592 12.6942
  vertex -89.9605 -12.893 12.4849
 endloop
endfacet
facet normal -0.193537 -0.05956 -0.979283
 outer loop
  vertex -89.9605 -12.893 12.4849
  vertex -91.4771 -11.9592 12.6942
  vertex -89.8616 -12.703 12.4586
 endloop
endfacet
facet normal -0.28551 -0.293012 -0.912485
 outer loop
  vertex -90.0497 -13.0789 12.5477
  vertex -91.6532 -12.254 12.816
  vertex -91.5683 -12.1101 12.7422
 endloop
endfacet
facet normal -0.193898 -0.323169 -0.926264
 outer loop
  vertex -93.1251 -11.2029 12.791
  vertex -93.0402 -11.0997 12.7344
  vertex -91.5683 -12.1101 12.7422
 endloop
endfacet
facet normal 3.83921E-17 -0.794196 -0.607661
 outer loop
  vertex -94.2 -9.10742 11.7476
  vertex -94.2 -8.97268 11.593
  vertex -88.5 -8.70414 11.2038
 endloop
endfacet
facet normal 6.3797E-17 -0.715295 -0.698823
 outer loop
  vertex -88.5 -9.79622 12.2959
  vertex -94.2 -9.10742 11.7476
  vertex -88.5 -8.70414 11.2038
 endloop
endfacet
facet normal 2.43279E-17 -0.643301 -0.765613
 outer loop
  vertex -88.5 -9.79622 12.2959
  vertex -94.2 -9.25241 11.8926
  vertex -94.2 -9.10742 11.7476
 endloop
endfacet
facet normal 2.42442E-17 -0.607655 -0.794201
 outer loop
  vertex -88.5 -9.79622 12.2959
  vertex -94.2 -9.40697 12.0273
  vertex -94.2 -9.25241 11.8926
 endloop
endfacet
facet normal 2.41857E-17 -0.567243 -0.82355
 outer loop
  vertex -88.5 -9.79622 12.2959
  vertex -94.2 -9.60221 12.1734
  vertex -94.2 -9.40697 12.0273
 endloop
endfacet
facet normal 2.41523E-17 -0.521795 -0.853071
 outer loop
  vertex -88.5 -9.79622 12.2959
  vertex -94.2 -9.80867 12.3031
  vertex -94.2 -9.60221 12.1734
 endloop
endfacet
facet normal 2.41544E-17 -0.474829 -0.880078
 outer loop
  vertex -88.5 -9.79622 12.2959
  vertex -94.2 -10.025 12.4156
  vertex -94.2 -9.80867 12.3031
 endloop
endfacet
facet normal 2.44525E-17 -0.362658 -0.931922
 outer loop
  vertex -88.5 -9.79622 12.2959
  vertex -92.9186 -10.8572 12.6671
  vertex -94.2 -10.025 12.4156
 endloop
endfacet
facet normal 2.84722E-17 -0.223097 -0.974796
 outer loop
  vertex -88.5 -9.79622 12.2959
  vertex -88.5 -11.2868 12.7
  vertex -92.9186 -10.8572 12.6671
 endloop
endfacet
facet normal 3.67694E-18 -0.0100892 -0.999949
 outer loop
  vertex -92.9186 -10.8572 12.6671
  vertex -88.5 -11.2868 12.7
  vertex -91.2831 -11.6657 12.6776
 endloop
endfacet
facet normal -2.06686E-17 0.157289 -0.987553
 outer loop
  vertex -91.2831 -11.6657 12.6776
  vertex -88.5 -11.2868 12.7
  vertex -89.6533 -12.3473 12.5114
 endloop
endfacet
facet normal -3.9156E-17 0.286192 -0.958172
 outer loop
  vertex -89.6533 -12.3473 12.5114
  vertex -88.5 -11.2868 12.7
  vertex -88.5 -12.781 12.3092
 endloop
endfacet
facet normal 3.82996E-17 -0.823546 -0.567249
 outer loop
  vertex -94.2 -8.97268 11.593
  vertex -94.2 -8.82664 11.3978
  vertex -88.5 -8.70414 11.2038
 endloop
endfacet
facet normal 3.82466E-17 -0.853067 -0.521801
 outer loop
  vertex -88.5 -8.70414 11.2038
  vertex -94.2 -8.82664 11.3978
  vertex -94.2 -8.69694 11.1913
 endloop
endfacet
facet normal 3.825E-17 -0.880074 -0.474836
 outer loop
  vertex -94.2 -8.58443 10.975
  vertex -88.5 -8.70414 11.2038
  vertex -94.2 -8.69694 11.1913
 endloop
endfacet
facet normal 8.16416E-17 -0.93402 -0.357221
 outer loop
  vertex -94.2 -8.58443 10.975
  vertex -92.8301 -8.32536 10.0902
  vertex -88.5 -8.70414 11.2038
 endloop
endfacet
facet normal 1.25723E-16 -0.976122 -0.217225
 outer loop
  vertex -88.5 -8.70414 11.2038
  vertex -92.8301 -8.32536 10.0902
  vertex -88.5 -8.30003 9.71324
 endloop
endfacet
facet normal 1.26822E-16 -0.998991 -0.0449032
 outer loop
  vertex -88.5 -8.30003 9.71324
  vertex -92.8301 -8.32536 10.0902
  vertex -92.07 -8.29957 9.7
 endloop
endfacet
facet normal 1.25958E-16 -0.999183 0.0404208
 outer loop
  vertex -91.2621 -8.3237 9.32363
  vertex -88.5 -8.30003 9.71324
  vertex -92.07 -8.29957 9.7
 endloop
endfacet
facet normal 1.23209E-16 -0.987231 0.159294
 outer loop
  vertex -91.2621 -8.3237 9.32363
  vertex -89.6394 -8.49073 8.6454
  vertex -88.5 -8.30003 9.71324
 endloop
endfacet
facet normal 1.18174E-16 -0.95793 0.287003
 outer loop
  vertex -88.5 -8.30003 9.71324
  vertex -89.6394 -8.49073 8.6454
  vertex -88.5 -8.69088 8.21908
 endloop
endfacet
facet normal -1 -1.26482E-16 -1.04083E-17
 outer loop
  vertex -88.5 -8.81009 8.53259
  vertex -88.5 -8.55 9.7
  vertex -88.5 -8.30003 9.71324
 endloop
endfacet
facet normal -1 -1.26482E-16 -1.04083E-17
 outer loop
  vertex -88.5 -8.69088 8.21908
  vertex -88.5 -8.81009 8.53259
  vertex -88.5 -8.30003 9.71324
 endloop
endfacet
facet normal -1 -1.26482E-16 -1.04083E-17
 outer loop
  vertex -88.5 -8.69088 8.21908
  vertex -88.5002 -8.79487 7.99565
  vertex -88.5 -8.81009 8.53259
 endloop
endfacet
facet normal -1 -1.26482E-16 -1.04083E-17
 outer loop
  vertex -88.5 -8.81009 8.53259
  vertex -88.5002 -8.79487 7.99565
  vertex -88.5 -9.54116 7.586
 endloop
endfacet
facet normal -1 -1.26482E-16 -1.04083E-17
 outer loop
  vertex -88.5 -9.54116 7.586
  vertex -88.5002 -8.79487 7.99565
  vertex -88.5 -8.8659 7.748
 endloop
endfacet
facet normal -1 -1.26482E-16 -1.04083E-17
 outer loop
  vertex -88.5 -8.89614 7.49145
  vertex -88.5 -9.54116 7.586
  vertex -88.5 -8.8659 7.748
 endloop
endfacet
facet normal -1 -1.26482E-16 -1.04083E-17
 outer loop
  vertex -88.5 -8.89614 7.49145
  vertex -88.5002 -8.88137 7.23531
  vertex -88.5 -9.54116 7.586
 endloop
endfacet
facet normal -1 -1.26482E-16 -1.04083E-17
 outer loop
  vertex -88.5 -9.54116 7.586
  vertex -88.5002 -8.88137 7.23531
  vertex -88.5 -8.83471 7.0394
 endloop
endfacet
facet normal -1 -1.26482E-16 -1.04083E-17
 outer loop
  vertex -88.5 -10.6049 7.03929
  vertex -88.5 -9.54116 7.586
  vertex -88.5 -8.83471 7.0394
 endloop
endfacet
facet normal -1 -1.26482E-16 -1.04083E-17
 outer loop
  vertex -88.5 -13.2426 12.1359
  vertex -88.5 -12.9944 12.2088
  vertex -88.5 -13.3372 11.5472
 endloop
endfacet
facet normal -1 -1.26482E-16 -1.04083E-17
 outer loop
  vertex -88.5 -13.5003 12.1039
  vertex -88.5 -13.3372 11.5472
  vertex -88.5 -13.7579 12.1172
 endloop
endfacet
facet normal -1 -1.26482E-16 -1.04083E-17
 outer loop
  vertex -88.5 -13.5003 12.1039
  vertex -88.5 -13.2426 12.1359
  vertex -88.5 -13.3372 11.5472
 endloop
endfacet
facet normal -1 -1.26482E-16 -1.04083E-17
 outer loop
  vertex -88.5 -13.3372 11.5472
  vertex -88.5 -12.781 12.3092
  vertex -88.5 -12.2514 12.2802
 endloop
endfacet
facet normal -1 -1.26482E-16 -1.04083E-17
 outer loop
  vertex -88.5 -13.3372 11.5472
  vertex -88.5 -12.9944 12.2088
  vertex -88.5 -12.781 12.3092
 endloop
endfacet
facet normal -1 -1.26482E-16 -1.04083E-17
 outer loop
  vertex -88.5 -12.2514 12.2802
  vertex -88.5 -11.2868 12.7
  vertex -88.5 -10.9496 12.4276
 endloop
endfacet
facet normal -1 -1.26482E-16 -1.04083E-17
 outer loop
  vertex -88.5 -12.2514 12.2802
  vertex -88.5 -12.781 12.3092
  vertex -88.5 -11.2868 12.7
 endloop
endfacet
facet normal -1 -1.26482E-16 -1.04083E-17
 outer loop
  vertex -88.5 -13.9607 10.3951
  vertex -88.5 -13.9606 12.1652
  vertex -88.5 -13.3372 11.5472
 endloop
endfacet
facet normal -1 -1.26482E-16 -1.04083E-17
 outer loop
  vertex -88.5 -13.3372 11.5472
  vertex -88.5 -13.9606 12.1652
  vertex -88.5 -13.7579 12.1172
 endloop
endfacet
facet normal -1 -1.26482E-16 -1.04083E-17
 outer loop
  vertex -88.5 -11.2868 12.7
  vertex -88.5 -9.79622 12.2959
  vertex -88.5 -10.9496 12.4276
 endloop
endfacet
facet normal -1 -1.26482E-16 -1.04083E-17
 outer loop
  vertex -88.5 -10.9496 12.4276
  vertex -88.5 -9.79622 12.2959
  vertex -88.5 -9.72738 11.956
 endloop
endfacet
facet normal -1 -1.26482E-16 -1.04083E-17
 outer loop
  vertex -88.5 -9.72738 11.956
  vertex -88.5 -9.79622 12.2959
  vertex -88.5 -8.70414 11.2038
 endloop
endfacet
facet normal -1 -1.26482E-16 -1.04083E-17
 outer loop
  vertex -88.5 -8.86205 10.9724
  vertex -88.5 -8.70414 11.2038
  vertex -88.5 -8.30003 9.71324
 endloop
endfacet
facet normal -1 -1.26482E-16 -1.04083E-17
 outer loop
  vertex -88.5 -8.55 9.7
  vertex -88.5 -8.86205 10.9724
  vertex -88.5 -8.30003 9.71324
 endloop
endfacet
facet normal -1 -1.26482E-16 -1.04083E-17
 outer loop
  vertex -88.5 -8.70414 11.2038
  vertex -88.5 -8.86205 10.9724
  vertex -88.5 -9.72738 11.956
 endloop
endfacet
facet normal -0.00872654 -3.32039E-18 -0.999962
 outer loop
  vertex -88.5 11.3 7.03927
  vertex -87.3159 11.3 7.02894
  vertex -88.5 10.6049 7.03929
 endloop
endfacet
facet normal -0.00872654 -3.32039E-18 -0.999962
 outer loop
  vertex -88.5 10.6049 7.03929
  vertex -87.3159 11.3 7.02894
  vertex -88.5 8.83484 7.0394
 endloop
endfacet
facet normal -0.00872654 -3.32039E-18 -0.999962
 outer loop
  vertex -88.5 8.83484 7.0394
  vertex -87.3159 11.3 7.02894
  vertex -87.3159 -11.3 7.02894
 endloop
endfacet
facet normal -0.00872654 -3.32039E-18 -0.999962
 outer loop
  vertex -88.5 -8.83471 7.0394
  vertex -87.3159 -11.3 7.02894
  vertex -88.5 -10.6049 7.03929
 endloop
endfacet
facet normal -0.00872654 -3.32039E-18 -0.999962
 outer loop
  vertex -88.5 -8.83471 7.0394
  vertex -88.5 8.83484 7.0394
  vertex -87.3159 -11.3 7.02894
 endloop
endfacet
facet normal -0.00872654 -3.32039E-18 -0.999962
 outer loop
  vertex -88.5 -8.83471 7.0394
  vertex -88.7992 8.68356 7.04206
  vertex -88.5 8.83484 7.0394
 endloop
endfacet
facet normal -0.00872654 -3.32039E-18 -0.999962
 outer loop
  vertex -88.5 -8.83471 7.0394
  vertex -88.7992 -8.68355 7.04205
  vertex -88.7992 8.68356 7.04206
 endloop
endfacet
facet normal -0.00872654 -3.32039E-18 -0.999962
 outer loop
  vertex -87.3159 -11.3 7.02894
  vertex -88.5 -11.3 7.03927
  vertex -88.5 -10.6049 7.03929
 endloop
endfacet
facet normal -0.466284 0.627382 -0.623675
 outer loop
  vertex -89.2178 8.47369 7.10088
  vertex -90.0422 7.92764 7.21675
  vertex -91.7679 7.96515 8.47298
 endloop
endfacet
facet normal -0.355719 0.839646 -0.410437
 outer loop
  vertex -90.0358 8.45434 7.90974
  vertex -91.7679 7.96515 8.47298
  vertex -91.6268 8.18396 8.72564
 endloop
endfacet
facet normal -0.227401 0.922113 -0.313044
 outer loop
  vertex -91.5428 8.25773 8.86904
  vertex -91.6268 8.18396 8.72564
  vertex -93.0039 8.25974 9.86974
 endloop
endfacet
facet normal -0.103038 0.975889 -0.192417
 outer loop
  vertex -91.4523 8.30605 9.01941
  vertex -93.0039 8.25974 9.86974
  vertex -92.8312 8.32534 10.0891
 endloop
endfacet
facet normal -0.0282283 0.999595 -0.00362961
 outer loop
  vertex -91.3576 8.32791 9.17335
  vertex -92.8312 8.32534 10.0891
  vertex -91.2629 8.32363 9.32422
 endloop
endfacet
facet normal -0.0305748 0.973637 0.226043
 outer loop
  vertex -89.7453 8.53527 8.47023
  vertex -91.2629 8.32363 9.32422
  vertex -89.6394 8.4907 8.6472
 endloop
endfacet
facet normal -0.0309407 0.935884 0.350948
 outer loop
  vertex -88.4999 8.69088 8.21901
  vertex -89.7453 8.53527 8.47023
  vertex -89.6394 8.4907 8.6472
 endloop
endfacet
facet normal -0.0642326 0.934414 0.35035
 outer loop
  vertex -88.4999 8.69088 8.21901
  vertex -88.5 8.79558 7.9942
  vertex -89.7453 8.53527 8.47023
 endloop
endfacet
facet normal -0.122742 0.971983 0.20046
 outer loop
  vertex -89.7453 8.53527 8.47023
  vertex -88.5 8.79558 7.9942
  vertex -89.8497 8.54468 8.28314
 endloop
endfacet
facet normal -0.138512 0.989945 -0.0286836
 outer loop
  vertex -91.3576 8.32791 9.17335
  vertex -89.8497 8.54468 8.28314
  vertex -91.4523 8.30605 9.01941
 endloop
endfacet
facet normal -0.0808952 0.992791 -0.0884368
 outer loop
  vertex -92.8312 8.32534 10.0891
  vertex -91.3576 8.32791 9.17335
  vertex -91.4523 8.30605 9.01941
 endloop
endfacet
facet normal -0.478058 0.53281 -0.698265
 outer loop
  vertex -90.0422 7.92764 7.21675
  vertex -91.8615 7.6748 8.28676
  vertex -91.7679 7.96515 8.47298
 endloop
endfacet
facet normal -0.476449 0.55691 -0.680329
 outer loop
  vertex -91.7679 7.96515 8.47298
  vertex -91.8615 7.6748 8.28676
  vertex -94.2001 7.87543 10.0341
 endloop
endfacet
facet normal -0.439689 0.62634 -0.643717
 outer loop
  vertex -94.2 8.09987 10.2326
  vertex -91.7679 7.96515 8.47298
  vertex -94.2001 7.87543 10.0341
 endloop
endfacet
facet normal -0.376502 0.755114 -0.536702
 outer loop
  vertex -94.2 8.09987 10.2326
  vertex -91.6268 8.18396 8.72564
  vertex -91.7679 7.96515 8.47298
 endloop
endfacet
facet normal -0.32429 0.785302 -0.527387
 outer loop
  vertex -94.2 8.09987 10.2326
  vertex -94.2 8.29452 10.4703
  vertex -91.6268 8.18396 8.72564
 endloop
endfacet
facet normal -0.240589 0.875979 -0.418064
 outer loop
  vertex -91.6268 8.18396 8.72564
  vertex -94.2 8.29452 10.4703
  vertex -93.0039 8.25974 9.86974
 endloop
endfacet
facet normal -0.183797 0.870564 -0.456439
 outer loop
  vertex -93.0039 8.25974 9.86974
  vertex -94.2 8.29452 10.4703
  vertex -94.2 8.45526 10.7241
 endloop
endfacet
facet normal -0.0463054 0.934583 -0.352719
 outer loop
  vertex -92.8312 8.32534 10.0891
  vertex -94.2 8.45526 10.7241
  vertex -94.2 8.58443 10.975
 endloop
endfacet
facet normal -0.0955045 0.94452 -0.314263
 outer loop
  vertex -92.8312 8.32534 10.0891
  vertex -93.0039 8.25974 9.86974
  vertex -94.2 8.45526 10.7241
 endloop
endfacet
facet normal -0.15759 0.967364 0.198422
 outer loop
  vertex -88.5 8.79558 7.9942
  vertex -88.5 8.86618 7.74731
  vertex -89.8497 8.54468 8.28314
 endloop
endfacet
facet normal -0.209767 0.976671 0.0459613
 outer loop
  vertex -89.8497 8.54468 8.28314
  vertex -88.5 8.86618 7.74731
  vertex -89.9476 8.51747 8.09433
 endloop
endfacet
facet normal -0.215753 0.962799 -0.162692
 outer loop
  vertex -91.4523 8.30605 9.01941
  vertex -89.9476 8.51747 8.09433
  vertex -91.5428 8.25773 8.86904
 endloop
endfacet
facet normal -0.179348 0.955939 -0.23241
 outer loop
  vertex -93.0039 8.25974 9.86974
  vertex -91.4523 8.30605 9.01941
  vertex -91.5428 8.25773 8.86904
 endloop
endfacet
facet normal -0.245157 0.96863 0.0406647
 outer loop
  vertex -88.5 8.86618 7.74731
  vertex -88.5 8.89641 7.49152
  vertex -89.9476 8.51747 8.09433
 endloop
endfacet
facet normal -0.290257 0.950488 -0.111012
 outer loop
  vertex -89.9476 8.51747 8.09433
  vertex -88.5 8.89641 7.49152
  vertex -90.0358 8.45434 7.90974
 endloop
endfacet
facet normal -0.288178 0.911252 -0.294234
 outer loop
  vertex -91.5428 8.25773 8.86904
  vertex -90.0358 8.45434 7.90974
  vertex -91.6268 8.18396 8.72564
 endloop
endfacet
facet normal -0.272762 0.939878 -0.205498
 outer loop
  vertex -91.5428 8.25773 8.86904
  vertex -89.9476 8.51747 8.09433
  vertex -90.0358 8.45434 7.90974
 endloop
endfacet
facet normal -0.325356 0.937542 -0.123118
 outer loop
  vertex -88.5 8.89641 7.49152
  vertex -88.5 8.8819 7.23604
  vertex -90.0358 8.45434 7.90974
 endloop
endfacet
facet normal -0.38889 0.868174 -0.308283
 outer loop
  vertex -90.0358 8.45434 7.90974
  vertex -88.5 8.8819 7.23604
  vertex -89.2178 8.47369 7.10088
 endloop
endfacet
facet normal -0.409049 0.789236 -0.458024
 outer loop
  vertex -91.7679 7.96515 8.47298
  vertex -90.0358 8.45434 7.90974
  vertex -89.2178 8.47369 7.10088
 endloop
endfacet
facet normal -0.406654 0.870858 -0.276115
 outer loop
  vertex -88.5 8.83484 7.0394
  vertex -88.7992 8.68356 7.04206
  vertex -88.5 8.8819 7.23604
 endloop
endfacet
facet normal -0.425517 0.832494 -0.354807
 outer loop
  vertex -88.5 8.8819 7.23604
  vertex -88.7992 8.68356 7.04206
  vertex -89.2178 8.47369 7.10088
 endloop
endfacet
facet normal -0.197011 0.978402 -0.0625773
 outer loop
  vertex -91.4523 8.30605 9.01941
  vertex -89.8497 8.54468 8.28314
  vertex -89.9476 8.51747 8.09433
 endloop
endfacet
facet normal -0.0572632 0.992581 0.107253
 outer loop
  vertex -91.2629 8.32363 9.32422
  vertex -89.7453 8.53527 8.47023
  vertex -91.3576 8.32791 9.17335
 endloop
endfacet
facet normal -0.115857 0.989896 0.081755
 outer loop
  vertex -91.3576 8.32791 9.17335
  vertex -89.7453 8.53527 8.47023
  vertex -89.8497 8.54468 8.28314
 endloop
endfacet
facet normal -0.40674 -0.870745 -0.276343
 outer loop
  vertex -88.5 -8.83471 7.0394
  vertex -88.5002 -8.88137 7.23531
  vertex -88.7992 -8.68355 7.04205
 endloop
endfacet
facet normal -0.425746 -0.832037 -0.355603
 outer loop
  vertex -88.7992 -8.68355 7.04205
  vertex -88.5002 -8.88137 7.23531
  vertex -89.2248 -8.47077 7.10187
 endloop
endfacet
facet normal -0.389232 -0.867674 -0.309259
 outer loop
  vertex -89.2248 -8.47077 7.10187
  vertex -88.5002 -8.88137 7.23531
  vertex -90.0353 -8.45411 7.90863
 endloop
endfacet
facet normal -0.356101 -0.839173 -0.411073
 outer loop
  vertex -91.7676 -7.96379 8.47121
  vertex -90.0353 -8.45411 7.90863
  vertex -91.6263 -8.18363 8.72455
 endloop
endfacet
facet normal -0.324649 -0.784934 -0.527713
 outer loop
  vertex -94.2 -8.09869 10.2315
  vertex -91.6263 -8.18363 8.72455
  vertex -94.2 -8.29419 10.4697
 endloop
endfacet
facet normal -0.376964 -0.754463 -0.537292
 outer loop
  vertex -94.2 -8.09869 10.2315
  vertex -91.7676 -7.96379 8.47121
  vertex -91.6263 -8.18363 8.72455
 endloop
endfacet
facet normal -0.440166 -0.625502 -0.644206
 outer loop
  vertex -94.2 -8.09869 10.2315
  vertex -94.2001 -7.87419 10.0339
  vertex -91.7676 -7.96379 8.47121
 endloop
endfacet
facet normal -0.477136 -0.554866 -0.681517
 outer loop
  vertex -91.7676 -7.96379 8.47121
  vertex -94.2001 -7.87419 10.0339
  vertex -91.8617 -7.66928 8.28364
 endloop
endfacet
facet normal -0.478571 -0.530977 -0.699309
 outer loop
  vertex -90.0423 -7.92772 7.2166
  vertex -91.7676 -7.96379 8.47121
  vertex -91.8617 -7.66928 8.28364
 endloop
endfacet
facet normal -0.466471 -0.62651 -0.624412
 outer loop
  vertex -90.0423 -7.92772 7.2166
  vertex -89.2248 -8.47077 7.10187
  vertex -91.7676 -7.96379 8.47121
 endloop
endfacet
facet normal -0.409457 -0.788407 -0.459086
 outer loop
  vertex -91.7676 -7.96379 8.47121
  vertex -89.2248 -8.47077 7.10187
  vertex -90.0353 -8.45411 7.90863
 endloop
endfacet
facet normal -0.325577 -0.937411 -0.123533
 outer loop
  vertex -88.5002 -8.88137 7.23531
  vertex -88.5 -8.89614 7.49145
  vertex -90.0353 -8.45411 7.90863
 endloop
endfacet
facet normal -0.29042 -0.950416 -0.111201
 outer loop
  vertex -90.0353 -8.45411 7.90863
  vertex -88.5 -8.89614 7.49145
  vertex -89.9468 -8.51751 8.09381
 endloop
endfacet
facet normal -0.215729 -0.962827 -0.162557
 outer loop
  vertex -91.5419 -8.25768 8.86841
  vertex -89.9468 -8.51751 8.09381
  vertex -91.4512 -8.30612 9.0193
 endloop
endfacet
facet normal -0.102689 -0.983374 -0.14977
 outer loop
  vertex -93.0035 -8.25975 9.86985
  vertex -91.4512 -8.30612 9.0193
  vertex -92.07 -8.29957 9.7
 endloop
endfacet
facet normal -0.0502693 -0.98741 -0.14998
 outer loop
  vertex -92.8301 -8.32536 10.0902
  vertex -93.0035 -8.25975 9.86985
  vertex -92.07 -8.29957 9.7
 endloop
endfacet
facet normal -0.0951243 -0.944698 -0.313842
 outer loop
  vertex -92.8301 -8.32536 10.0902
  vertex -94.2 -8.45547 10.7244
  vertex -93.0035 -8.25975 9.86985
 endloop
endfacet
facet normal -0.0459802 -0.934727 -0.35238
 outer loop
  vertex -92.8301 -8.32536 10.0902
  vertex -94.2 -8.58443 10.975
  vertex -94.2 -8.45547 10.7244
 endloop
endfacet
facet normal -0.245143 -0.968628 0.040797
 outer loop
  vertex -88.5 -8.89614 7.49145
  vertex -88.5 -8.8659 7.748
  vertex -89.9468 -8.51751 8.09381
 endloop
endfacet
facet normal -0.20968 -0.976674 0.0462876
 outer loop
  vertex -89.9468 -8.51751 8.09381
  vertex -88.5 -8.8659 7.748
  vertex -89.8486 -8.54476 8.28325
 endloop
endfacet
facet normal -0.13823 -0.990001 -0.0281
 outer loop
  vertex -91.4512 -8.30612 9.0193
  vertex -89.8486 -8.54476 8.28325
  vertex -91.3562 -8.32792 9.17377
 endloop
endfacet
facet normal -0.0272944 -0.998842 0.0396077
 outer loop
  vertex -92.07 -8.29957 9.7
  vertex -91.3562 -8.32792 9.17377
  vertex -91.2621 -8.3237 9.32363
 endloop
endfacet
facet normal -0.0799785 -0.99578 -0.0450159
 outer loop
  vertex -92.07 -8.29957 9.7
  vertex -91.4512 -8.30612 9.0193
  vertex -91.3562 -8.32792 9.17377
 endloop
endfacet
facet normal -0.157289 -0.967284 0.199053
 outer loop
  vertex -88.5 -8.8659 7.748
  vertex -88.5002 -8.79487 7.99565
  vertex -89.8486 -8.54476 8.28325
 endloop
endfacet
facet normal -0.122359 -0.971862 0.201277
 outer loop
  vertex -89.8486 -8.54476 8.28325
  vertex -88.5002 -8.79487 7.99565
  vertex -89.7439 -8.53514 8.47093
 endloop
endfacet
facet normal -0.0569691 -0.992532 0.107863
 outer loop
  vertex -91.3562 -8.32792 9.17377
  vertex -89.7439 -8.53514 8.47093
  vertex -91.2621 -8.3237 9.32363
 endloop
endfacet
facet normal -0.115493 -0.989873 0.082543
 outer loop
  vertex -91.3562 -8.32792 9.17377
  vertex -89.8486 -8.54476 8.28325
  vertex -89.7439 -8.53514 8.47093
 endloop
endfacet
facet normal -0.0639093 -0.934199 0.35098
 outer loop
  vertex -88.5002 -8.79487 7.99565
  vertex -88.5 -8.69088 8.21908
  vertex -89.7439 -8.53514 8.47093
 endloop
endfacet
facet normal -0.0310483 -0.935883 0.350939
 outer loop
  vertex -89.7439 -8.53514 8.47093
  vertex -88.5 -8.69088 8.21908
  vertex -89.6394 -8.49073 8.6454
 endloop
endfacet
facet normal -0.0306869 -0.973638 0.226025
 outer loop
  vertex -91.2621 -8.3237 9.32363
  vertex -89.7439 -8.53514 8.47093
  vertex -89.6394 -8.49073 8.6454
 endloop
endfacet
facet normal -0.183747 -0.870591 -0.456408
 outer loop
  vertex -94.2 -8.45547 10.7244
  vertex -94.2 -8.29419 10.4697
  vertex -93.0035 -8.25975 9.86985
 endloop
endfacet
facet normal -0.240694 -0.875893 -0.418183
 outer loop
  vertex -93.0035 -8.25975 9.86985
  vertex -94.2 -8.29419 10.4697
  vertex -91.6263 -8.18363 8.72455
 endloop
endfacet
facet normal -0.288379 -0.911092 -0.294533
 outer loop
  vertex -91.5419 -8.25768 8.86841
  vertex -91.6263 -8.18363 8.72455
  vertex -90.0353 -8.45411 7.90863
 endloop
endfacet
facet normal -0.272915 -0.939798 -0.205664
 outer loop
  vertex -89.9468 -8.51751 8.09381
  vertex -91.5419 -8.25768 8.86841
  vertex -90.0353 -8.45411 7.90863
 endloop
endfacet
facet normal -0.179232 -0.956012 -0.232201
 outer loop
  vertex -91.4512 -8.30612 9.0193
  vertex -93.0035 -8.25975 9.86985
  vertex -91.5419 -8.25768 8.86841
 endloop
endfacet
facet normal -0.227441 -0.922083 -0.313104
 outer loop
  vertex -91.5419 -8.25768 8.86841
  vertex -93.0035 -8.25975 9.86985
  vertex -91.6263 -8.18363 8.72455
 endloop
endfacet
facet normal -0.196924 -0.978439 -0.0622706
 outer loop
  vertex -89.8486 -8.54476 8.28325
  vertex -91.4512 -8.30612 9.0193
  vertex -89.9468 -8.51751 8.09381
 endloop
endfacet
facet normal -0.139173 -1.9798E-17 -0.990268
 outer loop
  vertex -94.2 -2.83524 7.80108
  vertex -92.7877 5.04381 7.6026
  vertex -90.0423 -7.92772 7.2166
 endloop
endfacet
facet normal -0.139173 -1.9798E-17 -0.990268
 outer loop
  vertex -94.2 -2.83524 7.80108
  vertex -94.2 2.83524 7.80108
  vertex -92.7877 5.04381 7.6026
 endloop
endfacet
facet normal -0.139173 -1.9798E-17 -0.990268
 outer loop
  vertex -92.7877 5.04381 7.6026
  vertex -90.0422 7.92764 7.21675
  vertex -90.0423 -7.92772 7.2166
 endloop
endfacet
facet normal -0.139173 -1.9798E-17 -0.990268
 outer loop
  vertex -90.0423 -7.92772 7.2166
  vertex -90.0422 7.92764 7.21675
  vertex -88.7992 -8.68355 7.04205
 endloop
endfacet
facet normal -0.139173 -1.9798E-17 -0.990268
 outer loop
  vertex -89.2248 -8.47077 7.10187
  vertex -90.0423 -7.92772 7.2166
  vertex -88.7992 -8.68355 7.04205
 endloop
endfacet
facet normal -0.139173 -1.9798E-17 -0.990268
 outer loop
  vertex -89.2178 8.47369 7.10088
  vertex -88.7992 8.68356 7.04206
  vertex -90.0422 7.92764 7.21675
 endloop
endfacet
facet normal -0.139173 -1.9798E-17 -0.990268
 outer loop
  vertex -90.0422 7.92764 7.21675
  vertex -88.7992 8.68356 7.04206
  vertex -88.7992 -8.68355 7.04205
 endloop
endfacet
facet normal -0.500593 -0.452754 -0.737849
 outer loop
  vertex -94.2001 -7.87419 10.0339
  vertex -94.2 -6.30205 9.06123
  vertex -91.8617 -7.66928 8.28364
 endloop
endfacet
facet normal -0.501245 -0.383415 -0.775723
 outer loop
  vertex -91.8617 -7.66928 8.28364
  vertex -94.2 -6.30205 9.06123
  vertex -94.2 -4.61189 8.31219
 endloop
endfacet
facet normal -0.503033 -0.305011 -0.808657
 outer loop
  vertex -90.0423 -7.92772 7.2166
  vertex -94.2 -4.61189 8.31219
  vertex -94.2 -2.83524 7.80108
 endloop
endfacet
facet normal -0.501421 -0.392744 -0.770927
 outer loop
  vertex -90.0423 -7.92772 7.2166
  vertex -91.8617 -7.66928 8.28364
  vertex -94.2 -4.61189 8.31219
 endloop
endfacet
facet normal -0.501255 0.39582 -0.769461
 outer loop
  vertex -90.0422 7.92764 7.21675
  vertex -92.7877 5.04381 7.6026
  vertex -91.8615 7.6748 8.28676
 endloop
endfacet
facet normal -0.501097 0.386521 -0.774276
 outer loop
  vertex -91.8615 7.6748 8.28676
  vertex -92.7877 5.04381 7.6026
  vertex -94.2 6.30269 9.06157
 endloop
endfacet
facet normal -0.500593 0.452892 -0.737764
 outer loop
  vertex -94.2001 7.87543 10.0341
  vertex -91.8615 7.6748 8.28676
  vertex -94.2 6.30269 9.06157
 endloop
endfacet
facet normal -0.500854 0.261408 -0.825113
 outer loop
  vertex -94.2 2.83524 7.80108
  vertex -94.2 4.61223 8.31232
  vertex -92.7877 5.04381 7.6026
 endloop
endfacet
facet normal -0.500724 0.335593 -0.797905
 outer loop
  vertex -92.7877 5.04381 7.6026
  vertex -94.2 4.61223 8.31232
  vertex -94.2 6.30269 9.06157
 endloop
endfacet
facet normal -0.00872654 0.999962 -2.30747E-18
 outer loop
  vertex -88.5 13.9607 32.3
  vertex -86.6542 13.9768 32.3
  vertex -88.5 13.9607 31.6049
 endloop
endfacet
facet normal -0.00872654 0.999962 -2.30747E-18
 outer loop
  vertex -88.5 13.9607 31.6049
  vertex -86.6542 13.9768 32.3
  vertex -88.5 13.9606 29.8348
 endloop
endfacet
facet normal -0.00872654 0.999962 -2.30747E-18
 outer loop
  vertex -88.5 13.9606 29.8348
  vertex -86.6542 13.9768 32.3
  vertex -88.5 13.9606 12.1653
 endloop
endfacet
facet normal -0.00872654 0.999962 -2.30747E-18
 outer loop
  vertex -88.7993 13.9579 29.6835
  vertex -88.5 13.9606 12.1653
  vertex -88.7992 13.958 12.3164
 endloop
endfacet
facet normal -0.00872654 0.999962 -2.30747E-18
 outer loop
  vertex -88.7993 13.9579 29.6835
  vertex -88.5 13.9606 29.8348
  vertex -88.5 13.9606 12.1653
 endloop
endfacet
facet normal -0.00872654 0.999962 -2.30747E-18
 outer loop
  vertex -86.6542 13.9768 32.3
  vertex -87.246 13.9717 9.7
  vertex -88.5 13.9606 12.1653
 endloop
endfacet
facet normal -0.00872654 0.999962 -2.30747E-18
 outer loop
  vertex -88.5 13.9606 12.1653
  vertex -87.246 13.9717 9.7
  vertex -88.5 13.9607 10.3951
 endloop
endfacet
facet normal -0.00872654 0.999962 -2.30747E-18
 outer loop
  vertex -88.5 13.9607 10.3951
  vertex -87.246 13.9717 9.7
  vertex -88.5 13.9607 9.7
 endloop
endfacet
facet normal -1.82138E-17 0.607661 -0.794197
 outer loop
  vertex -94.2 9.25241 11.8926
  vertex -94.2 9.40697 12.0273
  vertex -88.5 9.79616 12.2959
 endloop
endfacet
facet normal -5.40967E-17 0.698823 -0.715295
 outer loop
  vertex -88.5 8.70411 11.2038
  vertex -94.2 9.25241 11.8926
  vertex -88.5 9.79616 12.2959
 endloop
endfacet
facet normal -3.50191E-17 0.765613 -0.643301
 outer loop
  vertex -88.5 8.70411 11.2038
  vertex -94.2 9.10742 11.7476
  vertex -94.2 9.25241 11.8926
 endloop
endfacet
facet normal -3.48987E-17 0.794201 -0.607655
 outer loop
  vertex -88.5 8.70411 11.2038
  vertex -94.2 8.97268 11.593
  vertex -94.2 9.10742 11.7476
 endloop
endfacet
facet normal -3.48146E-17 0.82355 -0.567243
 outer loop
  vertex -88.5 8.70411 11.2038
  vertex -94.2 8.82664 11.3978
  vertex -94.2 8.97268 11.593
 endloop
endfacet
facet normal -6.96482E-17 0.853071 -0.521795
 outer loop
  vertex -88.5 8.70411 11.2038
  vertex -94.2 8.69694 11.1913
  vertex -94.2 8.82664 11.3978
 endloop
endfacet
facet normal -1.06372E-16 0.880078 -0.474829
 outer loop
  vertex -88.5 8.70411 11.2038
  vertex -94.2 8.58443 10.975
  vertex -94.2 8.69694 11.1913
 endloop
endfacet
facet normal -7.24696E-17 0.934064 -0.357106
 outer loop
  vertex -88.5 8.70411 11.2038
  vertex -92.8312 8.32534 10.0891
  vertex -94.2 8.58443 10.975
 endloop
endfacet
facet normal -7.88147E-17 0.976151 -0.217093
 outer loop
  vertex -88.5 8.70411 11.2038
  vertex -88.5 8.30003 9.71317
  vertex -92.8312 8.32534 10.0891
 endloop
endfacet
facet normal -8.48698E-17 0.999996 -0.00295977
 outer loop
  vertex -92.8312 8.32534 10.0891
  vertex -88.5 8.30003 9.71317
  vertex -91.2629 8.32363 9.32422
 endloop
endfacet
facet normal -1.34101E-16 0.98727 0.159052
 outer loop
  vertex -91.2629 8.32363 9.32422
  vertex -88.5 8.30003 9.71317
  vertex -89.6394 8.4907 8.6472
 endloop
endfacet
facet normal -1.31823E-16 0.957981 0.286832
 outer loop
  vertex -89.6394 8.4907 8.6472
  vertex -88.5 8.30003 9.71317
  vertex -88.4999 8.69088 8.21901
 endloop
endfacet
facet normal -1.81699E-17 0.567249 -0.823546
 outer loop
  vertex -94.2 9.40697 12.0273
  vertex -94.2 9.60221 12.1734
  vertex -88.5 9.79616 12.2959
 endloop
endfacet
facet normal -1.81448E-17 0.521801 -0.853067
 outer loop
  vertex -88.5 9.79616 12.2959
  vertex -94.2 9.60221 12.1734
  vertex -94.2 9.80867 12.3031
 endloop
endfacet
facet normal -1.81464E-17 0.474836 -0.880074
 outer loop
  vertex -94.2 10.025 12.4156
  vertex -88.5 9.79616 12.2959
  vertex -94.2 9.80867 12.3031
 endloop
endfacet
facet normal -2.04679E-17 0.357221 -0.93402
 outer loop
  vertex -94.2 10.025 12.4156
  vertex -92.8301 10.9098 12.6746
  vertex -88.5 9.79616 12.2959
 endloop
endfacet
facet normal -1.73151E-17 0.217224 -0.976122
 outer loop
  vertex -88.5 9.79616 12.2959
  vertex -92.8301 10.9098 12.6746
  vertex -88.5 11.2868 12.7
 endloop
endfacet
facet normal 4.71842E-18 0.0449031 -0.998991
 outer loop
  vertex -88.5 11.2868 12.7
  vertex -92.8301 10.9098 12.6746
  vertex -92.07 11.3 12.7004
 endloop
endfacet
facet normal 1.55123E-17 -0.0404209 -0.999183
 outer loop
  vertex -91.2621 11.6764 12.6763
  vertex -88.5 11.2868 12.7
  vertex -92.07 11.3 12.7004
 endloop
endfacet
facet normal 3.04233E-17 -0.159294 -0.987231
 outer loop
  vertex -91.2621 11.6764 12.6763
  vertex -89.6394 12.3546 12.5093
  vertex -88.5 11.2868 12.7
 endloop
endfacet
facet normal 4.62712E-17 -0.287003 -0.95793
 outer loop
  vertex -88.5 11.2868 12.7
  vertex -89.6394 12.3546 12.5093
  vertex -88.5 12.7809 12.3091
 endloop
endfacet
facet normal -1 -1.26482E-16 -1.04083E-17
 outer loop
  vertex -88.5 8.86205 10.9724
  vertex -88.5 8.55 9.7
  vertex -88.5 8.30003 9.71317
 endloop
endfacet
facet normal -1 -1.26482E-16 -1.04083E-17
 outer loop
  vertex -88.5 8.70411 11.2038
  vertex -88.5 8.86205 10.9724
  vertex -88.5 8.30003 9.71317
 endloop
endfacet
facet normal -1 -1.26482E-16 -1.04083E-17
 outer loop
  vertex -88.5 8.70411 11.2038
  vertex -88.5 9.72738 11.956
  vertex -88.5 8.86205 10.9724
 endloop
endfacet
facet normal -1 -1.26482E-16 -1.04083E-17
 outer loop
  vertex -88.5 8.70411 11.2038
  vertex -88.5 9.79616 12.2959
  vertex -88.5 9.72738 11.956
 endloop
endfacet
facet normal -1 -1.26482E-16 -1.04083E-17
 outer loop
  vertex -88.5 9.72738 11.956
  vertex -88.5 9.79616 12.2959
  vertex -88.5 10.9496 12.4276
 endloop
endfacet
facet normal -1 -1.26482E-16 -1.04083E-17
 outer loop
  vertex -88.5 10.9496 12.4276
  vertex -88.5 9.79616 12.2959
  vertex -88.5 11.2868 12.7
 endloop
endfacet
facet normal -1 -1.26482E-16 -1.04083E-17
 outer loop
  vertex -88.5 12.2514 12.2802
  vertex -88.5 11.2868 12.7
  vertex -88.5 12.7809 12.3091
 endloop
endfacet
facet normal -1 -1.26482E-16 -1.04083E-17
 outer loop
  vertex -88.5 13.3372 11.5472
  vertex -88.5 12.7809 12.3091
  vertex -88.5002 13.0043 12.2051
 endloop
endfacet
facet normal -1 -1.26482E-16 -1.04083E-17
 outer loop
  vertex -88.5 13.252 12.1341
  vertex -88.5 13.3372 11.5472
  vertex -88.5002 13.0043 12.2051
 endloop
endfacet
facet normal -1 -1.26482E-16 -1.04083E-17
 outer loop
  vertex -88.5 13.252 12.1341
  vertex -88.5 13.5085 12.1039
  vertex -88.5 13.3372 11.5472
 endloop
endfacet
facet normal -1 -1.26482E-16 -1.04083E-17
 outer loop
  vertex -88.5 13.3372 11.5472
  vertex -88.5 13.5085 12.1039
  vertex -88.5002 13.7646 12.1186
 endloop
endfacet
facet normal -1 -1.26482E-16 -1.04083E-17
 outer loop
  vertex -88.5 13.9606 12.1653
  vertex -88.5 13.3372 11.5472
  vertex -88.5002 13.7646 12.1186
 endloop
endfacet
facet normal -1 -1.26482E-16 -1.04083E-17
 outer loop
  vertex -88.5 13.9606 12.1653
  vertex -88.5 13.9607 10.3951
  vertex -88.5 13.3372 11.5472
 endloop
endfacet
facet normal -1 -1.26482E-16 -1.04083E-17
 outer loop
  vertex -88.5 8.89641 7.49152
  vertex -88.5 8.86618 7.74731
  vertex -88.5 9.54116 7.586
 endloop
endfacet
facet normal -1 -1.26482E-16 -1.04083E-17
 outer loop
  vertex -88.5 8.8819 7.23604
  vertex -88.5 9.54116 7.586
  vertex -88.5 8.83484 7.0394
 endloop
endfacet
facet normal -1 -1.26482E-16 -1.04083E-17
 outer loop
  vertex -88.5 8.8819 7.23604
  vertex -88.5 8.89641 7.49152
  vertex -88.5 9.54116 7.586
 endloop
endfacet
facet normal -1 -1.26482E-16 -1.04083E-17
 outer loop
  vertex -88.5 9.54116 7.586
  vertex -88.5 10.6049 7.03929
  vertex -88.5 8.83484 7.0394
 endloop
endfacet
facet normal -1 -1.26482E-16 -1.04083E-17
 outer loop
  vertex -88.5 8.86618 7.74731
  vertex -88.5 8.79558 7.9942
  vertex -88.5 9.54116 7.586
 endloop
endfacet
facet normal -1 -1.26482E-16 -1.04083E-17
 outer loop
  vertex -88.5 9.54116 7.586
  vertex -88.5 8.79558 7.9942
  vertex -88.5 8.81009 8.53259
 endloop
endfacet
facet normal -1 -1.26482E-16 -1.04083E-17
 outer loop
  vertex -88.5 8.81009 8.53259
  vertex -88.5 8.79558 7.9942
  vertex -88.4999 8.69088 8.21901
 endloop
endfacet
facet normal -1 -1.26482E-16 -1.04083E-17
 outer loop
  vertex -88.5 8.30003 9.71317
  vertex -88.5 8.81009 8.53259
  vertex -88.4999 8.69088 8.21901
 endloop
endfacet
facet normal -1 -1.26482E-16 -1.04083E-17
 outer loop
  vertex -88.5 8.30003 9.71317
  vertex -88.5 8.55 9.7
  vertex -88.5 8.81009 8.53259
 endloop
endfacet
facet normal -1 -1.26482E-16 -1.04083E-17
 outer loop
  vertex -88.5 13.3372 11.5472
  vertex -88.5 12.2514 12.2802
  vertex -88.5 12.7809 12.3091
 endloop
endfacet
facet normal -1 -1.26482E-16 -1.04083E-17
 outer loop
  vertex -88.5 12.2514 12.2802
  vertex -88.5 10.9496 12.4276
  vertex -88.5 11.2868 12.7
 endloop
endfacet
facet normal -0.406734 0.276327 -0.870753
 outer loop
  vertex -88.5 13.9606 12.1653
  vertex -88.5002 13.7646 12.1186
  vertex -88.7992 13.958 12.3164
 endloop
endfacet
facet normal -0.425735 0.355562 -0.832061
 outer loop
  vertex -88.7992 13.958 12.3164
  vertex -88.5002 13.7646 12.1186
  vertex -89.2246 13.8982 12.5291
 endloop
endfacet
facet normal -0.389213 0.309203 -0.867702
 outer loop
  vertex -89.2246 13.8982 12.5291
  vertex -88.5002 13.7646 12.1186
  vertex -90.0353 13.0913 12.5459
 endloop
endfacet
facet normal -0.356081 0.411033 -0.839201
 outer loop
  vertex -91.7676 12.5287 13.0362
  vertex -90.0353 13.0913 12.5459
  vertex -91.6262 12.2754 12.8163
 endloop
endfacet
facet normal -0.324627 0.527695 -0.784956
 outer loop
  vertex -94.2001 10.7684 12.9012
  vertex -91.6262 12.2754 12.8163
  vertex -94.2 10.5302 12.7058
 endloop
endfacet
facet normal -0.376942 0.537263 -0.754496
 outer loop
  vertex -94.2001 10.7684 12.9012
  vertex -91.7676 12.5287 13.0362
  vertex -91.6262 12.2754 12.8163
 endloop
endfacet
facet normal -0.440123 0.644166 -0.625573
 outer loop
  vertex -94.2001 10.7684 12.9012
  vertex -94.2004 10.9657 13.1255
  vertex -91.7676 12.5287 13.0362
 endloop
endfacet
facet normal -0.477104 0.681486 -0.554931
 outer loop
  vertex -91.7676 12.5287 13.0362
  vertex -94.2004 10.9657 13.1255
  vertex -91.8617 12.7164 13.3307
 endloop
endfacet
facet normal -0.478566 0.699299 -0.530995
 outer loop
  vertex -90.0423 13.7834 13.0723
  vertex -91.7676 12.5287 13.0362
  vertex -91.8617 12.7164 13.3307
 endloop
endfacet
facet normal -0.466463 0.624379 -0.626549
 outer loop
  vertex -90.0423 13.7834 13.0723
  vertex -89.2246 13.8982 12.5291
  vertex -91.7676 12.5287 13.0362
 endloop
endfacet
facet normal -0.409438 0.459033 -0.788447
 outer loop
  vertex -91.7676 12.5287 13.0362
  vertex -89.2246 13.8982 12.5291
  vertex -90.0353 13.0913 12.5459
 endloop
endfacet
facet normal -0.325557 0.123489 -0.937424
 outer loop
  vertex -88.5002 13.7646 12.1186
  vertex -88.5 13.5085 12.1039
  vertex -90.0353 13.0913 12.5459
 endloop
endfacet
facet normal -0.290402 0.111163 -0.950426
 outer loop
  vertex -90.0353 13.0913 12.5459
  vertex -88.5 13.5085 12.1039
  vertex -89.9468 12.9061 12.4825
 endloop
endfacet
facet normal -0.215715 0.162531 -0.962835
 outer loop
  vertex -91.5419 12.1316 12.7423
  vertex -89.9468 12.9061 12.4825
  vertex -91.4512 11.9807 12.6939
 endloop
endfacet
facet normal -0.102682 0.14976 -0.983376
 outer loop
  vertex -93.0035 11.1301 12.7402
  vertex -91.4512 11.9807 12.6939
  vertex -92.07 11.3 12.7004
 endloop
endfacet
facet normal -0.0502659 0.149976 -0.987411
 outer loop
  vertex -92.8301 10.9098 12.6746
  vertex -93.0035 11.1301 12.7402
  vertex -92.07 11.3 12.7004
 endloop
endfacet
facet normal -0.0951177 0.313836 -0.944701
 outer loop
  vertex -92.8301 10.9098 12.6746
  vertex -94.2 10.2756 12.5445
  vertex -93.0035 11.1301 12.7402
 endloop
endfacet
facet normal -0.0459769 0.352378 -0.934728
 outer loop
  vertex -92.8301 10.9098 12.6746
  vertex -94.2 10.025 12.4156
  vertex -94.2 10.2756 12.5445
 endloop
endfacet
facet normal -0.245127 -0.0408276 -0.968631
 outer loop
  vertex -88.5 13.5085 12.1039
  vertex -88.5 13.252 12.1341
  vertex -89.9468 12.9061 12.4825
 endloop
endfacet
facet normal -0.209666 -0.0463134 -0.976676
 outer loop
  vertex -89.9468 12.9061 12.4825
  vertex -88.5 13.252 12.1341
  vertex -89.8486 12.7167 12.4552
 endloop
endfacet
facet normal -0.138221 0.0280837 -0.990003
 outer loop
  vertex -91.4512 11.9807 12.6939
  vertex -89.8486 12.7167 12.4552
  vertex -91.3562 11.8262 12.6721
 endloop
endfacet
facet normal -0.0272926 -0.0396109 -0.998842
 outer loop
  vertex -92.07 11.3 12.7004
  vertex -91.3562 11.8262 12.6721
  vertex -91.2621 11.6764 12.6763
 endloop
endfacet
facet normal -0.079973 0.0450068 -0.99578
 outer loop
  vertex -92.07 11.3 12.7004
  vertex -91.4512 11.9807 12.6939
  vertex -91.3562 11.8262 12.6721
 endloop
endfacet
facet normal -0.157278 -0.199071 -0.967282
 outer loop
  vertex -88.5 13.252 12.1341
  vertex -88.5002 13.0043 12.2051
  vertex -89.8486 12.7167 12.4552
 endloop
endfacet
facet normal -0.122351 -0.201291 -0.97186
 outer loop
  vertex -89.8486 12.7167 12.4552
  vertex -88.5002 13.0043 12.2051
  vertex -89.7439 12.5291 12.4649
 endloop
endfacet
facet normal -0.0569652 -0.107869 -0.992532
 outer loop
  vertex -91.3562 11.8262 12.6721
  vertex -89.7439 12.5291 12.4649
  vertex -91.2621 11.6764 12.6763
 endloop
endfacet
facet normal -0.115485 -0.0825569 -0.989872
 outer loop
  vertex -91.3562 11.8262 12.6721
  vertex -89.8486 12.7167 12.4552
  vertex -89.7439 12.5291 12.4649
 endloop
endfacet
facet normal -0.0639049 -0.350987 -0.934197
 outer loop
  vertex -88.5002 13.0043 12.2051
  vertex -88.5 12.7809 12.3091
  vertex -89.7439 12.5291 12.4649
 endloop
endfacet
facet normal -0.0310462 -0.350942 -0.935882
 outer loop
  vertex -89.7439 12.5291 12.4649
  vertex -88.5 12.7809 12.3091
  vertex -89.6394 12.3546 12.5093
 endloop
endfacet
facet normal -0.0306848 -0.226029 -0.973637
 outer loop
  vertex -91.2621 11.6764 12.6763
  vertex -89.7439 12.5291 12.4649
  vertex -89.6394 12.3546 12.5093
 endloop
endfacet
facet normal -0.183734 0.456399 -0.870598
 outer loop
  vertex -94.2 10.2756 12.5445
  vertex -94.2 10.5302 12.7058
  vertex -93.0035 11.1301 12.7402
 endloop
endfacet
facet normal -0.240678 0.418164 -0.875907
 outer loop
  vertex -93.0035 11.1301 12.7402
  vertex -94.2 10.5302 12.7058
  vertex -91.6262 12.2754 12.8163
 endloop
endfacet
facet normal -0.288361 0.294499 -0.911109
 outer loop
  vertex -91.5419 12.1316 12.7423
  vertex -91.6262 12.2754 12.8163
  vertex -90.0353 13.0913 12.5459
 endloop
endfacet
facet normal -0.272897 0.20563 -0.93981
 outer loop
  vertex -89.9468 12.9061 12.4825
  vertex -91.5419 12.1316 12.7423
  vertex -90.0353 13.0913 12.5459
 endloop
endfacet
facet normal -0.17922 0.232182 -0.956019
 outer loop
  vertex -91.4512 11.9807 12.6939
  vertex -93.0035 11.1301 12.7402
  vertex -91.5419 12.1316 12.7423
 endloop
endfacet
facet normal -0.227426 0.313079 -0.922095
 outer loop
  vertex -91.5419 12.1316 12.7423
  vertex -93.0035 11.1301 12.7402
  vertex -91.6262 12.2754 12.8163
 endloop
endfacet
facet normal -0.196911 0.0622464 -0.978443
 outer loop
  vertex -89.8486 12.7167 12.4552
  vertex -91.4512 11.9807 12.6939
  vertex -89.9468 12.9061 12.4825
 endloop
endfacet
facet normal -0.139173 0.990268 -3.64371E-18
 outer loop
  vertex -88.7992 13.958 12.3164
  vertex -90.0423 13.7834 13.0723
  vertex -88.7993 13.9579 29.6835
 endloop
endfacet
facet normal -0.139173 0.990268 -3.64371E-18
 outer loop
  vertex -88.7992 13.958 12.3164
  vertex -89.2246 13.8982 12.5291
  vertex -90.0423 13.7834 13.0723
 endloop
endfacet
facet normal -0.139173 0.990268 -3.64371E-18
 outer loop
  vertex -94.2 13.1989 18.1648
  vertex -92.7877 13.3974 26.0438
  vertex -90.0423 13.7834 13.0723
 endloop
endfacet
facet normal -0.139173 0.990268 -3.64371E-18
 outer loop
  vertex -94.2 13.1989 18.1648
  vertex -94.2 13.1989 23.8352
  vertex -92.7877 13.3974 26.0438
 endloop
endfacet
facet normal -0.139173 0.990268 -3.64371E-18
 outer loop
  vertex -92.7877 13.3974 26.0438
  vertex -90.0413 13.783 28.9301
  vertex -90.0423 13.7834 13.0723
 endloop
endfacet
facet normal -0.139173 0.990268 -3.64371E-18
 outer loop
  vertex -90.0423 13.7834 13.0723
  vertex -90.0413 13.783 28.9301
  vertex -88.7993 13.9579 29.6835
 endloop
endfacet
facet normal -0.139173 0.990268 -3.64371E-18
 outer loop
  vertex -88.7993 13.9579 29.6835
  vertex -90.0413 13.783 28.9301
  vertex -89.2105 13.9001 29.4775
 endloop
endfacet
facet normal -0.500593 0.73784 -0.452768
 outer loop
  vertex -94.2004 10.9657 13.1255
  vertex -94.2 11.9386 14.6977
  vertex -91.8617 12.7164 13.3307
 endloop
endfacet
facet normal -0.501245 0.775719 -0.383423
 outer loop
  vertex -91.8617 12.7164 13.3307
  vertex -94.2 11.9386 14.6977
  vertex -94.2 12.6878 16.388
 endloop
endfacet
facet normal -0.503033 0.808656 -0.305014
 outer loop
  vertex -90.0423 13.7834 13.0723
  vertex -94.2 12.6878 16.388
  vertex -94.2 13.1989 18.1648
 endloop
endfacet
facet normal -0.501421 0.770926 -0.392747
 outer loop
  vertex -90.0423 13.7834 13.0723
  vertex -91.8617 12.7164 13.3307
  vertex -94.2 12.6878 16.388
 endloop
endfacet
facet normal -0.00872654 -0.999962 2.12581E-18
 outer loop
  vertex -88.5 -13.9607 9.7
  vertex -87.246 -13.9717 9.7
  vertex -88.5 -13.9607 10.3951
 endloop
endfacet
facet normal -0.00872654 -0.999962 2.12581E-18
 outer loop
  vertex -88.5 -13.9607 10.3951
  vertex -87.246 -13.9717 9.7
  vertex -88.5 -13.9606 12.1652
 endloop
endfacet
facet normal -0.00872654 -0.999962 2.12581E-18
 outer loop
  vertex -88.5 -13.9606 12.1652
  vertex -87.246 -13.9717 9.7
  vertex -86.6542 -13.9768 32.3
 endloop
endfacet
facet normal -0.00872654 -0.999962 2.12581E-18
 outer loop
  vertex -88.5 -13.9606 29.8347
  vertex -86.6542 -13.9768 32.3
  vertex -88.5 -13.9607 31.6049
 endloop
endfacet
facet normal -0.00872654 -0.999962 2.12581E-18
 outer loop
  vertex -88.5 -13.9606 29.8347
  vertex -88.5 -13.9606 12.1652
  vertex -86.6542 -13.9768 32.3
 endloop
endfacet
facet normal -0.00872654 -0.999962 2.12581E-18
 outer loop
  vertex -88.5 -13.9606 29.8347
  vertex -88.7993 -13.9579 12.3165
  vertex -88.5 -13.9606 12.1652
 endloop
endfacet
facet normal -0.00872654 -0.999962 2.12581E-18
 outer loop
  vertex -88.5 -13.9606 29.8347
  vertex -88.7992 -13.9579 29.6836
  vertex -88.7993 -13.9579 12.3165
 endloop
endfacet
facet normal -0.00872654 -0.999962 2.12581E-18
 outer loop
  vertex -86.6542 -13.9768 32.3
  vertex -88.5 -13.9607 32.3
  vertex -88.5 -13.9607 31.6049
 endloop
endfacet
facet normal -0.139173 -0.990268 7.46592E-19
 outer loop
  vertex -89.2136 -13.8997 12.5241
  vertex -88.7993 -13.9579 12.3165
  vertex -90.0444 -13.7831 13.0741
 endloop
endfacet
facet normal -0.139173 -0.990268 7.46592E-19
 outer loop
  vertex -90.0444 -13.7831 13.0741
  vertex -88.7993 -13.9579 12.3165
  vertex -88.7992 -13.9579 29.6836
 endloop
endfacet
facet normal -0.139173 -0.990268 7.46592E-19
 outer loop
  vertex -90.0431 -13.7833 28.9269
  vertex -88.7992 -13.9579 29.6836
  vertex -89.222 -13.8985 29.4723
 endloop
endfacet
facet normal -0.139173 -0.990268 7.46592E-19
 outer loop
  vertex -90.0431 -13.7833 28.9269
  vertex -90.0444 -13.7831 13.0741
  vertex -88.7992 -13.9579 29.6836
 endloop
endfacet
facet normal -0.139173 -0.990268 7.46592E-19
 outer loop
  vertex -90.0431 -13.7833 28.9269
  vertex -92.7882 -13.3973 15.9569
  vertex -90.0444 -13.7831 13.0741
 endloop
endfacet
facet normal -0.139173 -0.990268 7.46592E-19
 outer loop
  vertex -90.0431 -13.7833 28.9269
  vertex -94.2 -13.1989 23.8352
  vertex -92.7882 -13.3973 15.9569
 endloop
endfacet
facet normal -0.139173 -0.990268 7.46592E-19
 outer loop
  vertex -92.7882 -13.3973 15.9569
  vertex -94.2 -13.1989 23.8352
  vertex -94.2 -13.1989 18.1648
 endloop
endfacet
facet normal -0.500593 -0.737859 0.452738
 outer loop
  vertex -94.2001 -10.9667 28.8744
  vertex -94.2 -11.9388 27.3019
  vertex -91.8643 -12.7154 28.6679
 endloop
endfacet
facet normal -0.501245 -0.775731 0.3834
 outer loop
  vertex -91.8643 -12.7154 28.6679
  vertex -94.2 -11.9388 27.3019
  vertex -94.2 -12.6878 25.6118
 endloop
endfacet
facet normal -0.503032 -0.808663 0.304998
 outer loop
  vertex -90.0431 -13.7833 28.9269
  vertex -94.2 -12.6878 25.6118
  vertex -94.2 -13.1989 23.8352
 endloop
endfacet
facet normal -0.501421 -0.77094 0.39272
 outer loop
  vertex -90.0431 -13.7833 28.9269
  vertex -91.8643 -12.7154 28.6679
  vertex -94.2 -12.6878 25.6118
 endloop
endfacet
facet normal -1 -1.26482E-16 -1.04083E-17
 outer loop
  vertex -88.5 -8.86205 31.0276
  vertex -88.5 -8.55 32.3
  vertex -88.5 -8.30003 32.2868
 endloop
endfacet
facet normal -1 -1.26482E-16 -1.04083E-17
 outer loop
  vertex -88.5 -8.70413 30.7962
  vertex -88.5 -8.86205 31.0276
  vertex -88.5 -8.30003 32.2868
 endloop
endfacet
facet normal -1 -1.26482E-16 -1.04083E-17
 outer loop
  vertex -88.5 -8.70413 30.7962
  vertex -88.5 -9.72738 30.044
  vertex -88.5 -8.86205 31.0276
 endloop
endfacet
facet normal -1 -1.26482E-16 -1.04083E-17
 outer loop
  vertex -88.5 -8.70413 30.7962
  vertex -88.5 -9.79618 29.7041
  vertex -88.5 -9.72738 30.044
 endloop
endfacet
facet normal -1 -1.26482E-16 -1.04083E-17
 outer loop
  vertex -88.5 -9.72738 30.044
  vertex -88.5 -9.79618 29.7041
  vertex -88.5 -10.9496 29.5724
 endloop
endfacet
facet normal -1 -1.26482E-16 -1.04083E-17
 outer loop
  vertex -88.5 -10.9496 29.5724
  vertex -88.5 -9.79618 29.7041
  vertex -88.5 -11.2868 29.3
 endloop
endfacet
facet normal -1 -1.26482E-16 -1.04083E-17
 outer loop
  vertex -88.5 -12.2514 29.7198
  vertex -88.5 -11.2868 29.3
  vertex -88.5 -12.7809 29.6909
 endloop
endfacet
facet normal -1 -1.26482E-16 -1.04083E-17
 outer loop
  vertex -88.5 -13.3372 30.4528
  vertex -88.5 -12.7809 29.6909
  vertex -88.5002 -13.0044 29.7949
 endloop
endfacet
facet normal -1 -1.26482E-16 -1.04083E-17
 outer loop
  vertex -88.5 -13.2519 29.8659
  vertex -88.5 -13.3372 30.4528
  vertex -88.5002 -13.0044 29.7949
 endloop
endfacet
facet normal -1 -1.26482E-16 -1.04083E-17
 outer loop
  vertex -88.5 -13.2519 29.8659
  vertex -88.5 -13.5082 29.8961
  vertex -88.5 -13.3372 30.4528
 endloop
endfacet
facet normal -1 -1.26482E-16 -1.04083E-17
 outer loop
  vertex -88.5 -13.3372 30.4528
  vertex -88.5 -13.5082 29.8961
  vertex -88.5002 -13.7642 29.8814
 endloop
endfacet
facet normal -1 -1.26482E-16 -1.04083E-17
 outer loop
  vertex -88.5 -13.9606 29.8347
  vertex -88.5 -13.3372 30.4528
  vertex -88.5002 -13.7642 29.8814
 endloop
endfacet
facet normal -1 -1.26482E-16 -1.04083E-17
 outer loop
  vertex -88.5 -13.9606 29.8347
  vertex -88.5 -13.9607 31.6049
  vertex -88.5 -13.3372 30.4528
 endloop
endfacet
facet normal -1 -1.26482E-16 -1.04083E-17
 outer loop
  vertex -88.5 -8.89655 34.5129
  vertex -88.5 -8.86716 34.2575
  vertex -88.5 -9.54116 34.414
 endloop
endfacet
facet normal -1 -1.26482E-16 -1.04083E-17
 outer loop
  vertex -88.5 -8.8813 34.7678
  vertex -88.5 -9.54116 34.414
  vertex -88.5 -8.83484 34.9606
 endloop
endfacet
facet normal -1 -1.26482E-16 -1.04083E-17
 outer loop
  vertex -88.5 -8.8813 34.7678
  vertex -88.5 -8.89655 34.5129
  vertex -88.5 -9.54116 34.414
 endloop
endfacet
facet normal -1 -1.26482E-16 -1.04083E-17
 outer loop
  vertex -88.5 -9.54116 34.414
  vertex -88.5 -10.6049 34.9607
  vertex -88.5 -8.83484 34.9606
 endloop
endfacet
facet normal -1 -1.26482E-16 -1.04083E-17
 outer loop
  vertex -88.5 -8.86716 34.2575
  vertex -88.5 -8.79748 34.0109
  vertex -88.5 -9.54116 34.414
 endloop
endfacet
facet normal -1 -1.26482E-16 -1.04083E-17
 outer loop
  vertex -88.5 -9.54116 34.414
  vertex -88.5 -8.79748 34.0109
  vertex -88.5 -8.81009 33.4674
 endloop
endfacet
facet normal -1 -1.26482E-16 -1.04083E-17
 outer loop
  vertex -88.5 -8.81009 33.4674
  vertex -88.5 -8.79748 34.0109
  vertex -88.5 -8.69098 33.7809
 endloop
endfacet
facet normal -1 -1.26482E-16 -1.04083E-17
 outer loop
  vertex -88.5 -8.30003 32.2868
  vertex -88.5 -8.81009 33.4674
  vertex -88.5 -8.69098 33.7809
 endloop
endfacet
facet normal -1 -1.26482E-16 -1.04083E-17
 outer loop
  vertex -88.5 -8.30003 32.2868
  vertex -88.5 -8.55 32.3
  vertex -88.5 -8.81009 33.4674
 endloop
endfacet
facet normal -1 -1.26482E-16 -1.04083E-17
 outer loop
  vertex -88.5 -13.3372 30.4528
  vertex -88.5 -12.2514 29.7198
  vertex -88.5 -12.7809 29.6909
 endloop
endfacet
facet normal -1 -1.26482E-16 -1.04083E-17
 outer loop
  vertex -88.5 -12.2514 29.7198
  vertex -88.5 -10.9496 29.5724
  vertex -88.5 -11.2868 29.3
 endloop
endfacet
facet normal -0.406673 -0.276247 0.870807
 outer loop
  vertex -88.5 -13.9606 29.8347
  vertex -88.5002 -13.7642 29.8814
  vertex -88.7992 -13.9579 29.6836
 endloop
endfacet
facet normal -0.425607 -0.355316 0.832232
 outer loop
  vertex -88.7992 -13.9579 29.6836
  vertex -88.5002 -13.7642 29.8814
  vertex -89.222 -13.8985 29.4723
 endloop
endfacet
facet normal -0.389003 -0.308904 0.867903
 outer loop
  vertex -89.222 -13.8985 29.4723
  vertex -88.5002 -13.7642 29.8814
  vertex -90.0372 -13.0898 29.4541
 endloop
endfacet
facet normal -0.355886 -0.410859 0.839369
 outer loop
  vertex -91.7696 -12.5267 28.9644
  vertex -90.0372 -13.0898 29.4541
  vertex -91.6283 -12.2736 29.1839
 endloop
endfacet
facet normal -0.324518 -0.527546 0.785101
 outer loop
  vertex -94.2 -10.7682 29.0994
  vertex -91.6283 -12.2736 29.1839
  vertex -94.2 -10.53 29.2945
 endloop
endfacet
facet normal -0.376793 -0.537076 0.754702
 outer loop
  vertex -94.2 -10.7682 29.0994
  vertex -91.7696 -12.5267 28.9644
  vertex -91.6283 -12.2736 29.1839
 endloop
endfacet
facet normal -0.440092 -0.644108 0.625655
 outer loop
  vertex -94.2 -10.7682 29.0994
  vertex -94.2001 -10.9667 28.8744
  vertex -91.7696 -12.5267 28.9644
 endloop
endfacet
facet normal -0.477254 -0.681731 0.554502
 outer loop
  vertex -91.7696 -12.5267 28.9644
  vertex -94.2001 -10.9667 28.8744
  vertex -91.8643 -12.7154 28.6679
 endloop
endfacet
facet normal -0.478701 -0.699663 0.530393
 outer loop
  vertex -90.0431 -13.7833 28.9269
  vertex -91.7696 -12.5267 28.9644
  vertex -91.8643 -12.7154 28.6679
 endloop
endfacet
facet normal -0.466446 -0.624371 0.626569
 outer loop
  vertex -90.0431 -13.7833 28.9269
  vertex -89.222 -13.8985 29.4723
  vertex -91.7696 -12.5267 28.9644
 endloop
endfacet
facet normal -0.409228 -0.458743 0.788725
 outer loop
  vertex -91.7696 -12.5267 28.9644
  vertex -89.222 -13.8985 29.4723
  vertex -90.0372 -13.0898 29.4541
 endloop
endfacet
facet normal -0.325363 -0.123309 0.937515
 outer loop
  vertex -88.5002 -13.7642 29.8814
  vertex -88.5 -13.5082 29.8961
  vertex -90.0372 -13.0898 29.4541
 endloop
endfacet
facet normal -0.290167 -0.11109 0.950506
 outer loop
  vertex -90.0372 -13.0898 29.4541
  vertex -88.5 -13.5082 29.8961
  vertex -89.9487 -12.9048 29.5175
 endloop
endfacet
facet normal -0.215593 -0.162562 0.962857
 outer loop
  vertex -91.544 -12.13 29.2579
  vertex -89.9487 -12.9048 29.5175
  vertex -91.4534 -11.9792 29.3062
 endloop
endfacet
facet normal -0.102615 -0.149724 0.983388
 outer loop
  vertex -93.0038 -11.1296 29.2601
  vertex -91.4534 -11.9792 29.3062
  vertex -92.0696 -11.3 29.2997
 endloop
endfacet
facet normal -0.0501896 -0.149919 0.987424
 outer loop
  vertex -92.8305 -10.9094 29.3255
  vertex -93.0038 -11.1296 29.2601
  vertex -92.0696 -11.3 29.2997
 endloop
endfacet
facet normal -0.095084 -0.313791 0.944719
 outer loop
  vertex -92.8305 -10.9094 29.3255
  vertex -94.2 -10.2755 29.4555
  vertex -93.0038 -11.1296 29.2601
 endloop
endfacet
facet normal -0.0459774 -0.35235 0.934738
 outer loop
  vertex -92.8305 -10.9094 29.3255
  vertex -94.2 -10.025 29.5844
  vertex -94.2 -10.2755 29.4555
 endloop
endfacet
facet normal -0.244942 0.0408669 0.968676
 outer loop
  vertex -88.5 -13.5082 29.8961
  vertex -88.5 -13.2519 29.8659
  vertex -89.9487 -12.9048 29.5175
 endloop
endfacet
facet normal -0.209453 0.0462514 0.976724
 outer loop
  vertex -89.9487 -12.9048 29.5175
  vertex -88.5 -13.2519 29.8659
  vertex -89.8506 -12.7156 29.5447
 endloop
endfacet
facet normal -0.138149 -0.0282334 0.990009
 outer loop
  vertex -91.4534 -11.9792 29.3062
  vertex -89.8506 -12.7156 29.5447
  vertex -91.3585 -11.825 29.328
 endloop
endfacet
facet normal -0.027286 0.0395322 0.998846
 outer loop
  vertex -92.0696 -11.3 29.2997
  vertex -91.3585 -11.825 29.328
  vertex -91.2644 -11.6752 29.3235
 endloop
endfacet
facet normal -0.0799534 -0.045054 0.99578
 outer loop
  vertex -92.0696 -11.3 29.2997
  vertex -91.4534 -11.9792 29.3062
  vertex -91.3585 -11.825 29.328
 endloop
endfacet
facet normal -0.157118 0.198983 0.967326
 outer loop
  vertex -88.5 -13.2519 29.8659
  vertex -88.5002 -13.0044 29.7949
  vertex -89.8506 -12.7156 29.5447
 endloop
endfacet
facet normal -0.122177 0.201104 0.971921
 outer loop
  vertex -89.8506 -12.7156 29.5447
  vertex -88.5002 -13.0044 29.7949
  vertex -89.746 -12.5281 29.5351
 endloop
endfacet
facet normal -0.0569263 0.107645 0.992558
 outer loop
  vertex -91.3585 -11.825 29.328
  vertex -89.746 -12.5281 29.5351
  vertex -91.2644 -11.6752 29.3235
 endloop
endfacet
facet normal -0.115362 0.0823388 0.989905
 outer loop
  vertex -91.3585 -11.825 29.328
  vertex -89.8506 -12.7156 29.5447
  vertex -89.746 -12.5281 29.5351
 endloop
endfacet
facet normal -0.0637539 0.350837 0.934264
 outer loop
  vertex -88.5002 -13.0044 29.7949
  vertex -88.5 -12.7809 29.6909
  vertex -89.746 -12.5281 29.5351
 endloop
endfacet
facet normal -0.0308685 0.350741 0.935964
 outer loop
  vertex -89.746 -12.5281 29.5351
  vertex -88.5 -12.7809 29.6909
  vertex -89.6414 -12.3537 29.4904
 endloop
endfacet
facet normal -0.0305694 0.225783 0.973698
 outer loop
  vertex -91.2644 -11.6752 29.3235
  vertex -89.746 -12.5281 29.5351
  vertex -89.6414 -12.3537 29.4904
 endloop
endfacet
facet normal -0.183701 -0.456294 0.870661
 outer loop
  vertex -94.2 -10.2755 29.4555
  vertex -94.2 -10.53 29.2945
  vertex -93.0038 -11.1296 29.2601
 endloop
endfacet
facet normal -0.240588 -0.418052 0.875985
 outer loop
  vertex -93.0038 -11.1296 29.2601
  vertex -94.2 -10.53 29.2945
  vertex -91.6283 -12.2736 29.1839
 endloop
endfacet
facet normal -0.2882 -0.294412 0.911187
 outer loop
  vertex -91.544 -12.13 29.2579
  vertex -91.6283 -12.2736 29.1839
  vertex -90.0372 -13.0898 29.4541
 endloop
endfacet
facet normal -0.272687 -0.205595 0.939879
 outer loop
  vertex -89.9487 -12.9048 29.5175
  vertex -91.544 -12.13 29.2579
  vertex -90.0372 -13.0898 29.4541
 endloop
endfacet
facet normal -0.179155 -0.232186 0.95603
 outer loop
  vertex -91.4534 -11.9792 29.3062
  vertex -93.0038 -11.1296 29.2601
  vertex -91.544 -12.13 29.2579
 endloop
endfacet
facet normal -0.227328 -0.313013 0.922141
 outer loop
  vertex -91.544 -12.13 29.2579
  vertex -93.0038 -11.1296 29.2601
  vertex -91.6283 -12.2736 29.1839
 endloop
endfacet
facet normal -0.196736 -0.062339 0.978473
 outer loop
  vertex -89.8506 -12.7156 29.5447
  vertex -91.4534 -11.9792 29.3062
  vertex -89.9487 -12.9048 29.5175
 endloop
endfacet
facet normal -0.485064 -0.512876 0.708288
 outer loop
  vertex -91.7644 -7.67638 33.7776
  vertex -91.458 -7.9433 33.7751
  vertex -90.0431 -7.92685 34.7834
 endloop
endfacet
facet normal -0.461778 -0.599178 0.654023
 outer loop
  vertex -90.0431 -7.92685 34.7834
  vertex -91.458 -7.9433 33.7751
  vertex -91.3602 -8.01116 33.7697
 endloop
endfacet
facet normal -0.411602 -0.789679 0.454963
 outer loop
  vertex -89.2241 -8.47072 34.8982
  vertex -91.3602 -8.01116 33.7697
  vertex -89.988 -8.46453 34.1159
 endloop
endfacet
facet normal -0.326784 -0.936844 0.124644
 outer loop
  vertex -88.5 -8.8813 34.7678
  vertex -89.988 -8.46453 34.1159
  vertex -88.5 -8.89655 34.5129
 endloop
endfacet
facet normal -0.390017 -0.867246 0.309469
 outer loop
  vertex -88.5 -8.8813 34.7678
  vertex -89.2241 -8.47072 34.8982
  vertex -89.988 -8.46453 34.1159
 endloop
endfacet
facet normal -0.425964 -0.831631 0.356292
 outer loop
  vertex -88.5 -8.8813 34.7678
  vertex -88.7992 -8.68356 34.9579
  vertex -89.2241 -8.47072 34.8982
 endloop
endfacet
facet normal -0.406968 -0.870436 0.276979
 outer loop
  vertex -88.5 -8.8813 34.7678
  vertex -88.5 -8.83484 34.9606
  vertex -88.7992 -8.68356 34.9579
 endloop
endfacet
facet normal -0.36228 -0.845796 0.391641
 outer loop
  vertex -91.3602 -8.01116 33.7697
  vertex -90.9441 -8.27682 33.6427
  vertex -89.988 -8.46453 34.1159
 endloop
endfacet
facet normal -0.304198 -0.913163 0.271286
 outer loop
  vertex -89.988 -8.46453 34.1159
  vertex -90.9441 -8.27682 33.6427
  vertex -90.815 -8.33931 33.5734
 endloop
endfacet
facet normal -0.280971 -0.933336 0.223473
 outer loop
  vertex -90.7508 -8.36508 33.534
  vertex -89.988 -8.46453 34.1159
  vertex -90.815 -8.33931 33.5734
 endloop
endfacet
facet normal -0.277779 -0.943416 0.181124
 outer loop
  vertex -90.7508 -8.36508 33.534
  vertex -89.9 -8.5277 33.9306
  vertex -89.988 -8.46453 34.1159
 endloop
endfacet
facet normal -0.223553 -0.968842 0.106625
 outer loop
  vertex -90.7508 -8.36508 33.534
  vertex -90.5634 -8.41876 33.4067
  vertex -89.9 -8.5277 33.9306
 endloop
endfacet
facet normal -0.201396 -0.979076 0.0291526
 outer loop
  vertex -89.9 -8.5277 33.9306
  vertex -90.5634 -8.41876 33.4067
  vertex -89.8023 -8.55475 33.7411
 endloop
endfacet
facet normal -0.159413 -0.967358 -0.196991
 outer loop
  vertex -88.5 -8.86716 34.2575
  vertex -89.8023 -8.55475 33.7411
  vertex -88.5 -8.79748 34.0109
 endloop
endfacet
facet normal -0.21159 -0.976267 -0.0461742
 outer loop
  vertex -88.5 -8.86716 34.2575
  vertex -89.9 -8.5277 33.9306
  vertex -89.8023 -8.55475 33.7411
 endloop
endfacet
facet normal -0.246807 -0.968272 -0.0391733
 outer loop
  vertex -88.5 -8.86716 34.2575
  vertex -88.5 -8.89655 34.5129
  vertex -89.9 -8.5277 33.9306
 endloop
endfacet
facet normal -0.29198 -0.949948 0.111114
 outer loop
  vertex -89.9 -8.5277 33.9306
  vertex -88.5 -8.89655 34.5129
  vertex -89.988 -8.46453 34.1159
 endloop
endfacet
facet normal -0.144455 -0.988467 -0.0454556
 outer loop
  vertex -90.5634 -8.41876 33.4067
  vertex -90.3751 -8.4376 33.2715
  vertex -89.8023 -8.55475 33.7411
 endloop
endfacet
facet normal -0.11895 -0.985048 -0.124623
 outer loop
  vertex -89.8023 -8.55475 33.7411
  vertex -90.3751 -8.4376 33.2715
  vertex -89.6979 -8.54496 33.5534
 endloop
endfacet
facet normal -0.0654196 -0.934931 -0.348747
 outer loop
  vertex -88.5 -8.79748 34.0109
  vertex -89.6979 -8.54496 33.5534
  vertex -88.5355 -8.68366 33.7682
 endloop
endfacet
facet normal -0.0347997 -0.895341 -0.444019
 outer loop
  vertex -88.5 -8.69098 33.7809
  vertex -88.5 -8.79748 34.0109
  vertex -88.5355 -8.68366 33.7682
 endloop
endfacet
facet normal -0.0594441 -0.977771 -0.201073
 outer loop
  vertex -90.3751 -8.4376 33.2715
  vertex -90.185 -8.41857 33.136
  vertex -89.6979 -8.54496 33.5534
 endloop
endfacet
facet normal -0.0306251 -0.959428 -0.280285
 outer loop
  vertex -89.6979 -8.54496 33.5534
  vertex -90.185 -8.41857 33.136
  vertex -89.59 -8.49808 33.3736
 endloop
endfacet
facet normal -0.0314528 -0.93525 -0.352589
 outer loop
  vertex -88.5355 -8.68366 33.7682
  vertex -89.6979 -8.54496 33.5534
  vertex -89.59 -8.49808 33.3736
 endloop
endfacet
facet normal -0.46851 -0.627963 0.621419
 outer loop
  vertex -89.2241 -8.47072 34.8982
  vertex -90.0431 -7.92685 34.7834
  vertex -91.3602 -8.01116 33.7697
 endloop
endfacet
facet normal -0.124581 -0.971623 -0.20107
 outer loop
  vertex -89.8023 -8.55475 33.7411
  vertex -89.6979 -8.54496 33.5534
  vertex -88.5 -8.79748 34.0109
 endloop
endfacet
facet normal 4.19386E-17 -0.984634 -0.174633
 outer loop
  vertex -94.2 -8.4188 33.1359
  vertex -94.2 -8.30233 32.1819
  vertex -90.185 -8.41857 33.136
 endloop
endfacet
facet normal 8.44779E-17 -0.996866 -0.0791078
 outer loop
  vertex -90.185 -8.41857 33.136
  vertex -94.2 -8.30233 32.1819
  vertex -88.5 -8.30003 32.2868
 endloop
endfacet
facet normal 1.2406E-16 -0.957731 -0.287666
 outer loop
  vertex -89.59 -8.49808 33.3736
  vertex -88.5 -8.30003 32.2868
  vertex -88.5355 -8.68366 33.7682
 endloop
endfacet
facet normal 1.2579E-16 -0.976976 -0.213351
 outer loop
  vertex -89.59 -8.49808 33.3736
  vertex -90.185 -8.41857 33.136
  vertex -88.5 -8.30003 32.2868
 endloop
endfacet
facet normal 4.26934E-17 -0.99097 0.134087
 outer loop
  vertex -94.2 -8.30233 32.1819
  vertex -94.2 -8.49349 31.24
  vertex -88.5 -8.30003 32.2868
 endloop
endfacet
facet normal 7.8736E-17 -0.956046 0.293217
 outer loop
  vertex -88.5 -8.30003 32.2868
  vertex -94.2 -8.49349 31.24
  vertex -88.5 -8.70413 30.7962
 endloop
endfacet
facet normal 3.50438E-17 -0.866314 0.4995
 outer loop
  vertex -88.5 -8.70413 30.7962
  vertex -94.2 -8.49349 31.24
  vertex -94.2 -8.97268 30.407
 endloop
endfacet
facet normal 3.48984E-17 -0.794199 0.607658
 outer loop
  vertex -94.2 -9.10742 30.2524
  vertex -88.5 -8.70413 30.7962
  vertex -94.2 -8.97268 30.407
 endloop
endfacet
facet normal 3.50189E-17 -0.765611 0.643304
 outer loop
  vertex -94.2 -9.10742 30.2524
  vertex -94.2 -9.25241 30.1074
  vertex -88.5 -8.70413 30.7962
 endloop
endfacet
facet normal 5.40962E-17 -0.698819 0.715299
 outer loop
  vertex -88.5 -8.70413 30.7962
  vertex -94.2 -9.25241 30.1074
  vertex -88.5 -9.79618 29.7041
 endloop
endfacet
facet normal 1.82135E-17 -0.607659 0.794198
 outer loop
  vertex -88.5 -9.79618 29.7041
  vertex -94.2 -9.25241 30.1074
  vertex -94.2 -9.40697 29.9727
 endloop
endfacet
facet normal 1.81696E-17 -0.567247 0.823547
 outer loop
  vertex -94.2 -9.60221 29.8266
  vertex -88.5 -9.79618 29.7041
  vertex -94.2 -9.40697 29.9727
 endloop
endfacet
facet normal 1.81445E-17 -0.521799 0.853068
 outer loop
  vertex -94.2 -9.60221 29.8266
  vertex -94.2 -9.80867 29.6969
  vertex -88.5 -9.79618 29.7041
 endloop
endfacet
facet normal 1.81461E-17 -0.474834 0.880075
 outer loop
  vertex -88.5 -9.79618 29.7041
  vertex -94.2 -9.80867 29.6969
  vertex -94.2 -10.025 29.5844
 endloop
endfacet
facet normal 1.83949E-17 -0.357261 0.934005
 outer loop
  vertex -92.8305 -10.9094 29.3255
  vertex -88.5 -9.79618 29.7041
  vertex -94.2 -10.025 29.5844
 endloop
endfacet
facet normal 1.52205E-17 -0.217266 0.976112
 outer loop
  vertex -92.8305 -10.9094 29.3255
  vertex -88.5 -11.2868 29.3
  vertex -88.5 -9.79618 29.7041
 endloop
endfacet
facet normal -6.76528E-18 -0.0449469 0.998989
 outer loop
  vertex -92.8305 -10.9094 29.3255
  vertex -92.0696 -11.3 29.2997
  vertex -88.5 -11.2868 29.3
 endloop
endfacet
facet normal -1.54955E-17 0.0402872 0.999188
 outer loop
  vertex -88.5 -11.2868 29.3
  vertex -92.0696 -11.3 29.2997
  vertex -91.2644 -11.6752 29.3235
 endloop
endfacet
facet normal -3.03939E-17 0.159059 0.987269
 outer loop
  vertex -89.6414 -12.3537 29.4904
  vertex -88.5 -11.2868 29.3
  vertex -91.2644 -11.6752 29.3235
 endloop
endfacet
facet normal -4.62587E-17 0.286902 0.95796
 outer loop
  vertex -89.6414 -12.3537 29.4904
  vertex -88.5 -12.7809 29.6909
  vertex -88.5 -11.2868 29.3
 endloop
endfacet
facet normal 1.2255E-16 -0.941806 -0.336157
 outer loop
  vertex -88.5 -8.30003 32.2868
  vertex -88.5 -8.69098 33.7809
  vertex -88.5355 -8.68366 33.7682
 endloop
endfacet
facet normal -9.20616E-18 -0.00950102 0.999955
 outer loop
  vertex -94.2 -5.3084 33.8001
  vertex -94.2 -7.94332 33.7751
  vertex -93.5813 -5.3084 33.8001
 endloop
endfacet
facet normal -9.20616E-18 -0.00950102 0.999955
 outer loop
  vertex -93.5813 -5.3084 33.8001
  vertex -94.2 -7.94332 33.7751
  vertex -91.7644 -7.67638 33.7776
 endloop
endfacet
facet normal -9.20616E-18 -0.00950102 0.999955
 outer loop
  vertex -91.7644 -7.67638 33.7776
  vertex -94.2 -7.94332 33.7751
  vertex -91.458 -7.9433 33.7751
 endloop
endfacet
facet normal 0 -0.820619 0.571475
 outer loop
  vertex -90.815 -8.33931 33.5734
  vertex -94.2 -8.33979 33.5735
  vertex -90.7508 -8.36508 33.534
 endloop
endfacet
facet normal 0 -0.874736 0.484599
 outer loop
  vertex -90.7508 -8.36508 33.534
  vertex -94.2 -8.33979 33.5735
  vertex -94.2 -8.41124 33.4382
 endloop
endfacet
facet normal 4.2431E-17 -0.978352 0.206947
 outer loop
  vertex -90.5634 -8.41876 33.4067
  vertex -94.2 -8.41124 33.4382
  vertex -94.2 -8.43843 33.2876
 endloop
endfacet
facet normal 4.24633E-17 -0.996138 -0.0878031
 outer loop
  vertex -90.3751 -8.4376 33.2715
  vertex -94.2 -8.43843 33.2876
  vertex -94.2 -8.4188 33.1359
 endloop
endfacet
facet normal 0 -0.981843 -0.189693
 outer loop
  vertex -90.185 -8.41857 33.136
  vertex -90.3751 -8.4376 33.2715
  vertex -94.2 -8.4188 33.1359
 endloop
endfacet
facet normal 4.23789E-17 -0.995508 0.0946827
 outer loop
  vertex -90.3751 -8.4376 33.2715
  vertex -90.5634 -8.41876 33.4067
  vertex -94.2 -8.43843 33.2876
 endloop
endfacet
facet normal 0 -0.928072 0.3724
 outer loop
  vertex -90.5634 -8.41876 33.4067
  vertex -90.7508 -8.36508 33.534
  vertex -94.2 -8.41124 33.4382
 endloop
endfacet
facet normal -0.501257 -0.769451 -0.395837
 outer loop
  vertex -90.0444 -13.7831 13.0741
  vertex -92.7882 -13.3973 15.9569
  vertex -91.8919 -12.6966 13.3317
 endloop
endfacet
facet normal -0.5011 -0.774252 -0.386565
 outer loop
  vertex -91.8919 -12.6966 13.3317
  vertex -92.7882 -13.3973 15.9569
  vertex -94.2 -11.9383 14.6971
 endloop
endfacet
facet normal -0.500593 -0.737728 -0.452951
 outer loop
  vertex -94.2 -10.965 13.1249
  vertex -91.8919 -12.6966 13.3317
  vertex -94.2 -11.9383 14.6971
 endloop
endfacet
facet normal -0.500854 -0.825116 -0.261398
 outer loop
  vertex -94.2 -13.1989 18.1648
  vertex -94.2 -12.6877 16.3877
  vertex -92.7882 -13.3973 15.9569
 endloop
endfacet
facet normal -0.500724 -0.797908 -0.335587
 outer loop
  vertex -92.7882 -13.3973 15.9569
  vertex -94.2 -12.6877 16.3877
  vertex -94.2 -11.9383 14.6971
 endloop
endfacet
facet normal -1 -1.26482E-16 -1.04083E-17
 outer loop
  vertex -94.2 -10.965 13.1249
  vertex -94.2 -11.9383 14.6971
  vertex -94.2 -11.3593 14.6781
 endloop
endfacet
facet normal -1 -1.26482E-16 -1.04083E-17
 outer loop
  vertex -94.2 -10.5254 12.7009
  vertex -94.2 -11.3593 14.6781
  vertex -94.2 -10.3988 12.6169
 endloop
endfacet
facet normal -1 -1.26482E-16 -1.04083E-17
 outer loop
  vertex -94.2 -10.5254 12.7009
  vertex -94.2 -10.965 13.1249
  vertex -94.2 -11.3593 14.6781
 endloop
endfacet
facet normal -1 -1.26482E-16 -1.04083E-17
 outer loop
  vertex -94.2 -10.5254 12.7009
  vertex -94.2 -10.7636 12.8955
  vertex -94.2 -10.965 13.1249
 endloop
endfacet
facet normal -1 -1.26482E-16 -1.04083E-17
 outer loop
  vertex -94.2 -11.3593 14.6781
  vertex -94.2 -12.6877 16.3877
  vertex -94.2 -12.5831 17.7343
 endloop
endfacet
facet normal -1 -1.26482E-16 -1.04083E-17
 outer loop
  vertex -94.2 -11.3593 14.6781
  vertex -94.2 -11.9383 14.6971
  vertex -94.2 -12.6877 16.3877
 endloop
endfacet
facet normal -1 -1.26482E-16 -1.04083E-17
 outer loop
  vertex -94.2 -9.40697 12.0273
  vertex -94.2 -9.60221 12.1734
  vertex -94.2 -11.3593 14.6781
 endloop
endfacet
facet normal -1 -1.26482E-16 -1.04083E-17
 outer loop
  vertex -94.2 -11.3593 14.6781
  vertex -94.2 -9.60221 12.1734
  vertex -94.2 -9.80867 12.3031
 endloop
endfacet
facet normal -1 -1.26482E-16 -1.04083E-17
 outer loop
  vertex -94.2 -10.025 12.4156
  vertex -94.2 -11.3593 14.6781
  vertex -94.2 -9.80867 12.3031
 endloop
endfacet
facet normal -1 -1.26482E-16 -1.04083E-17
 outer loop
  vertex -94.2 -10.025 12.4156
  vertex -94.2 -10.2704 12.5411
  vertex -94.2 -11.3593 14.6781
 endloop
endfacet
facet normal -1 -1.26482E-16 -1.04083E-17
 outer loop
  vertex -94.2 -11.3593 14.6781
  vertex -94.2 -10.2704 12.5411
  vertex -94.2 -10.3988 12.6169
 endloop
endfacet
facet normal -1 -1.26482E-16 -1.04083E-17
 outer loop
  vertex -94.2 -12.6877 16.3877
  vertex -94.2 -13.1989 18.1648
  vertex -94.2 -12.5831 17.7343
 endloop
endfacet
facet normal -1 -1.26482E-16 -1.04083E-17
 outer loop
  vertex -94.2 -12.5831 17.7343
  vertex -94.2 -13.1989 18.1648
  vertex -94.2 -13 21
 endloop
endfacet
facet normal -1 -1.26482E-16 -1.04083E-17
 outer loop
  vertex -94.2 -13 21
  vertex -94.2 -13.1989 18.1648
  vertex -94.2 -13.1989 23.8352
 endloop
endfacet
facet normal -1 -1.26482E-16 -1.04083E-17
 outer loop
  vertex -94.2 -12.5831 24.2657
  vertex -94.2 -13.1989 23.8352
  vertex -94.2 -12.6878 25.6118
 endloop
endfacet
facet normal -1 -1.26482E-16 -1.04083E-17
 outer loop
  vertex -94.2 -11.3593 27.3219
  vertex -94.2 -12.6878 25.6118
  vertex -94.2 -11.9388 27.3019
 endloop
endfacet
facet normal -1 -1.26482E-16 -1.04083E-17
 outer loop
  vertex -94.2001 -10.9667 28.8744
  vertex -94.2 -11.3593 27.3219
  vertex -94.2 -11.9388 27.3019
 endloop
endfacet
facet normal -1 -1.26482E-16 -1.04083E-17
 outer loop
  vertex -94.2001 -10.9667 28.8744
  vertex -94.2 -10.53 29.2945
  vertex -94.2 -11.3593 27.3219
 endloop
endfacet
facet normal -1 -1.26482E-16 -1.04083E-17
 outer loop
  vertex -94.2001 -10.9667 28.8744
  vertex -94.2 -10.7682 29.0994
  vertex -94.2 -10.53 29.2945
 endloop
endfacet
facet normal -1 -1.26482E-16 -1.04083E-17
 outer loop
  vertex -94.2 -10.53 29.2945
  vertex -94.2 -10.2755 29.4555
  vertex -94.2 -11.3593 27.3219
 endloop
endfacet
facet normal -1 -1.26482E-16 -1.04083E-17
 outer loop
  vertex -94.2 -11.3593 27.3219
  vertex -94.2 -10.2755 29.4555
  vertex -94.2 -10.025 29.5844
 endloop
endfacet
facet normal -1 -1.26482E-16 -1.04083E-17
 outer loop
  vertex -94.2 -9.80867 29.6969
  vertex -94.2 -11.3593 27.3219
  vertex -94.2 -10.025 29.5844
 endloop
endfacet
facet normal -1 -1.26482E-16 -1.04083E-17
 outer loop
  vertex -94.2 -9.80867 29.6969
  vertex -94.2 -9.60221 29.8266
  vertex -94.2 -11.3593 27.3219
 endloop
endfacet
facet normal -1 -1.26482E-16 -1.04083E-17
 outer loop
  vertex -94.2 -11.3593 27.3219
  vertex -94.2 -9.60221 29.8266
  vertex -94.2 -9.40697 29.9727
 endloop
endfacet
facet normal -1 -1.26482E-16 -1.04083E-17
 outer loop
  vertex -94.2 -11.3593 27.3219
  vertex -94.2 -12.5831 24.2657
  vertex -94.2 -12.6878 25.6118
 endloop
endfacet
facet normal -1 -1.26482E-16 -1.04083E-17
 outer loop
  vertex -94.2 -12.5831 24.2657
  vertex -94.2 -13 21
  vertex -94.2 -13.1989 23.8352
 endloop
endfacet
facet normal 1 1.26482E-16 1.04083E-17
 outer loop
  vertex -94.2 9.40697 29.9727
  vertex -94.2 9.26449 30.1197
  vertex -94.2 9.25241 30.1074
 endloop
endfacet
facet normal 1 1.26482E-16 1.04083E-17
 outer loop
  vertex -94.2 9.25241 30.1074
  vertex -94.2 9.26449 30.1197
  vertex -94.2 9.10742 30.2524
 endloop
endfacet
facet normal 1 1.26482E-16 1.04083E-17
 outer loop
  vertex -94.2 9.10742 30.2524
  vertex -94.2 9.26449 30.1197
  vertex -94.2 9.11971 30.2645
 endloop
endfacet
facet normal 1 1.26482E-16 1.04083E-17
 outer loop
  vertex -94.2 8.97268 30.407
  vertex -94.2 9.10742 30.2524
  vertex -94.2 9.11971 30.2645
 endloop
endfacet
facet normal 1 1.26482E-16 1.04083E-17
 outer loop
  vertex -94.2 8.97268 11.593
  vertex -94.2 9.11971 11.7355
  vertex -94.2 9.10742 11.7476
 endloop
endfacet
facet normal 1 1.26482E-16 1.04083E-17
 outer loop
  vertex -94.2 9.10742 11.7476
  vertex -94.2 9.11971 11.7355
  vertex -94.2 9.26449 11.8803
 endloop
endfacet
facet normal 1 1.26482E-16 1.04083E-17
 outer loop
  vertex -94.2 9.25241 11.8926
  vertex -94.2 9.26449 11.8803
  vertex -94.2 9.40697 12.0273
 endloop
endfacet
facet normal 1 1.26482E-16 1.04083E-17
 outer loop
  vertex -94.2 9.25241 11.8926
  vertex -94.2 9.10742 11.7476
  vertex -94.2 9.26449 11.8803
 endloop
endfacet
facet normal 1 1.26482E-16 1.04083E-17
 outer loop
  vertex -94.2 -9.40697 12.0273
  vertex -94.2 -9.26449 11.8803
  vertex -94.2 -9.25241 11.8926
 endloop
endfacet
facet normal 1 1.26482E-16 1.04083E-17
 outer loop
  vertex -94.2 -9.25241 11.8926
  vertex -94.2 -9.26449 11.8803
  vertex -94.2 -9.10742 11.7476
 endloop
endfacet
facet normal 1 1.26482E-16 1.04083E-17
 outer loop
  vertex -94.2 -9.10742 11.7476
  vertex -94.2 -9.26449 11.8803
  vertex -94.2 -9.11971 11.7355
 endloop
endfacet
facet normal 1 1.26482E-16 1.04083E-17
 outer loop
  vertex -94.2 -8.97268 11.593
  vertex -94.2 -9.10742 11.7476
  vertex -94.2 -9.11971 11.7355
 endloop
endfacet
facet normal 1 1.26482E-16 1.04083E-17
 outer loop
  vertex -94.2 -8.97268 30.407
  vertex -94.2 -9.11971 30.2645
  vertex -94.2 -9.10742 30.2524
 endloop
endfacet
facet normal 1 1.26482E-16 1.04083E-17
 outer loop
  vertex -94.2 -9.10742 30.2524
  vertex -94.2 -9.11971 30.2645
  vertex -94.2 -9.26449 30.1197
 endloop
endfacet
facet normal 1 1.26482E-16 1.04083E-17
 outer loop
  vertex -94.2 -9.25241 30.1074
  vertex -94.2 -9.26449 30.1197
  vertex -94.2 -9.40697 29.9727
 endloop
endfacet
facet normal 1 1.26482E-16 1.04083E-17
 outer loop
  vertex -94.2 -9.25241 30.1074
  vertex -94.2 -9.10742 30.2524
  vertex -94.2 -9.26449 30.1197
 endloop
endfacet
facet normal -1 -1.26482E-16 -1.04083E-17
 outer loop
  vertex -124.5 -6.5 32.2583
  vertex -124.5 6.5 32.2583
  vertex -124.5 -11.2583 27.5
 endloop
endfacet
facet normal -1 -1.26482E-16 -1.04083E-17
 outer loop
  vertex -124.5 -6.5 32.2583
  vertex -124.5 -2.12795E-13 34
  vertex -124.5 6.5 32.2583
 endloop
endfacet
facet normal -1 -1.26482E-16 -1.04083E-17
 outer loop
  vertex -124.5 6.5 32.2583
  vertex -124.5 11.2583 27.5
  vertex -124.5 -11.2583 27.5
 endloop
endfacet
facet normal -1 -1.26482E-16 -1.04083E-17
 outer loop
  vertex -124.5 -11.2583 27.5
  vertex -124.5 11.2583 27.5
  vertex -124.5 -13 21
 endloop
endfacet
facet normal -1 -1.26482E-16 -1.04083E-17
 outer loop
  vertex -124.5 -13 21
  vertex -124.5 11.2583 27.5
  vertex -124.5 13 21
 endloop
endfacet
facet normal -1 -1.26482E-16 -1.04083E-17
 outer loop
  vertex -124.5 -11.2583 14.5
  vertex -124.5 13 21
  vertex -124.5 11.2583 14.5
 endloop
endfacet
facet normal -1 -1.26482E-16 -1.04083E-17
 outer loop
  vertex -124.5 -6.5 9.74167
  vertex -124.5 11.2583 14.5
  vertex -124.5 6.5 9.74167
 endloop
endfacet
facet normal -1 -1.26482E-16 -1.04083E-17
 outer loop
  vertex -124.5 -2.12795E-13 8
  vertex -124.5 -6.5 9.74167
  vertex -124.5 6.5 9.74167
 endloop
endfacet
facet normal -1 -1.26482E-16 -1.04083E-17
 outer loop
  vertex -124.5 -6.5 9.74167
  vertex -124.5 -11.2583 14.5
  vertex -124.5 11.2583 14.5
 endloop
endfacet
facet normal -1 -1.26482E-16 -1.04083E-17
 outer loop
  vertex -124.5 -11.2583 14.5
  vertex -124.5 -13 21
  vertex -124.5 13 21
 endloop
endfacet
facet normal -0.124659 0 0.9922
 outer loop
  vertex -111.5 0 34
  vertex -116.285 -4.78523 33.0872
  vertex -111.5 -50 34
 endloop
endfacet
facet normal -0.296533 0 0.955023
 outer loop
  vertex -111.5 -50 34
  vertex -116.285 -4.78523 33.0872
  vertex -118 -50 32.2583
 endloop
endfacet
facet normal -0.532641 0 0.846341
 outer loop
  vertex -118 -50 32.2583
  vertex -116.285 -4.78523 33.0872
  vertex -120.692 -9.19239 30.1924
 endloop
endfacet
facet normal -0.846341 0 0.532641
 outer loop
  vertex -122.758 -50 27.5
  vertex -120.692 -9.19239 30.1924
  vertex -123.587 -12.0872 25.7852
 endloop
endfacet
facet normal -0.9922 0 0.124659
 outer loop
  vertex -124.5 -50 21
  vertex -123.587 -12.0872 25.7852
  vertex -124.5 -13 21
 endloop
endfacet
facet normal -0.9922 0 -0.124659
 outer loop
  vertex -123.587 -12.0872 16.2148
  vertex -124.5 -50 21
  vertex -124.5 -13 21
 endloop
endfacet
facet normal -0.955023 0 -0.296533
 outer loop
  vertex -123.587 -12.0872 16.2148
  vertex -122.758 -50 14.5
  vertex -124.5 -50 21
 endloop
endfacet
facet normal -0.846341 0 -0.532641
 outer loop
  vertex -123.587 -12.0872 16.2148
  vertex -120.692 -9.19239 11.8076
  vertex -122.758 -50 14.5
 endloop
endfacet
facet normal -0.707107 0 -0.707107
 outer loop
  vertex -122.758 -50 14.5
  vertex -120.692 -9.19239 11.8076
  vertex -118 -50 9.74167
 endloop
endfacet
facet normal -0.532641 0 -0.846341
 outer loop
  vertex -118 -50 9.74167
  vertex -120.692 -9.19239 11.8076
  vertex -116.285 -4.78523 8.91275
 endloop
endfacet
facet normal -0.124659 0 -0.9922
 outer loop
  vertex -111.5 -50 8
  vertex -116.285 -4.78523 8.91275
  vertex -111.5 1.64426E-15 8
 endloop
endfacet
facet normal -0.296533 0 -0.955023
 outer loop
  vertex -111.5 -50 8
  vertex -118 -50 9.74167
  vertex -116.285 -4.78523 8.91275
 endloop
endfacet
facet normal -0.955023 0 0.296533
 outer loop
  vertex -124.5 -50 21
  vertex -122.758 -50 27.5
  vertex -123.587 -12.0872 25.7852
 endloop
endfacet
facet normal -0.707107 0 0.707107
 outer loop
  vertex -122.758 -50 27.5
  vertex -118 -50 32.2583
  vertex -120.692 -9.19239 30.1924
 endloop
endfacet
facet normal -0 -1 -0
 outer loop
  vertex -122.758 -50 27.5
  vertex -122.758 -50 14.5
  vertex -118 -50 32.2583
 endloop
endfacet
facet normal -0 -1 -0
 outer loop
  vertex -122.758 -50 27.5
  vertex -124.5 -50 21
  vertex -122.758 -50 14.5
 endloop
endfacet
facet normal -0 -1 -0
 outer loop
  vertex -122.758 -50 14.5
  vertex -118 -50 9.74167
  vertex -118 -50 32.2583
 endloop
endfacet
facet normal -0 -1 -0
 outer loop
  vertex -118 -50 32.2583
  vertex -118 -50 9.74167
  vertex -111.5 -50 34
 endloop
endfacet
facet normal -0 -1 -0
 outer loop
  vertex -111.5 -50 34
  vertex -118 -50 9.74167
  vertex -111.5 -50 8
 endloop
endfacet
facet normal -0 -1 -0
 outer loop
  vertex -105 -50 32.2583
  vertex -111.5 -50 8
  vertex -105 -50 9.74167
 endloop
endfacet
facet normal -0 -1 -0
 outer loop
  vertex -100.242 -50 27.5
  vertex -105 -50 9.74167
  vertex -100.242 -50 14.5
 endloop
endfacet
facet normal -0 -1 -0
 outer loop
  vertex -98.5 -50 21
  vertex -100.242 -50 27.5
  vertex -100.242 -50 14.5
 endloop
endfacet
facet normal -0 -1 -0
 outer loop
  vertex -100.242 -50 27.5
  vertex -105 -50 32.2583
  vertex -105 -50 9.74167
 endloop
endfacet
facet normal -0 -1 -0
 outer loop
  vertex -105 -50 32.2583
  vertex -111.5 -50 34
  vertex -111.5 -50 8
 endloop
endfacet
endsolid Base
