solid Link3
facet normal 0.00996954 0.9979 -0.0639976
 outer loop
  vertex -4.35275E-12 110.589 677.6
  vertex -1.12856E-13 111.97 704.34
  vertex 10.1956 110.589 679.301
 endloop
endfacet
facet normal 0.0133672 0.989481 -0.144042
 outer loop
  vertex 1.12496 107.4 653.54
  vertex 10.1956 110.589 679.301
  vertex 2.16377 107.316 653.09
 endloop
endfacet
facet normal 0.0111314 0.993071 -0.116986
 outer loop
  vertex 1.12496 107.4 653.54
  vertex -4.35275E-12 110.589 677.6
  vertex 10.1956 110.589 679.301
 endloop
endfacet
facet normal 0.00116082 0.989434 -0.14498
 outer loop
  vertex 1.12496 107.4 653.54
  vertex -2.96357E-11 107.429 653.695
  vertex -4.35275E-12 110.589 677.6
 endloop
endfacet
facet normal 0.0228512 0.999239 -0.0316077
 outer loop
  vertex 2.72075 111.97 705.216
  vertex 19.2864 110.589 684.221
  vertex 1.69931 111.97 704.661
 endloop
endfacet
facet normal 0.0250308 0.999239 -0.0299112
 outer loop
  vertex 2.72075 111.97 705.216
  vertex 3.95279 111.97 706.531
  vertex 19.2864 110.589 684.221
 endloop
endfacet
facet normal 0.0481239 0.9979 -0.0433496
 outer loop
  vertex 19.2864 110.589 684.221
  vertex 3.95279 111.97 706.531
  vertex 26.2872 110.589 691.826
 endloop
endfacet
facet normal 0.122747 0.988668 -0.0864177
 outer loop
  vertex 45.0801 107.01 673.05
  vertex 26.2872 110.589 691.826
  vertex 48.7512 107.01 678.211
 endloop
endfacet
facet normal 0.0915766 0.992741 -0.0779649
 outer loop
  vertex 45.0801 107.01 673.05
  vertex 19.2864 110.589 684.221
  vertex 26.2872 110.589 691.826
 endloop
endfacet
facet normal 0.102804 0.988802 -0.108177
 outer loop
  vertex 45.0801 107.01 673.05
  vertex 35.9502 107.01 663.92
  vertex 19.2864 110.589 684.221
 endloop
endfacet
facet normal 0.091756 0.988649 -0.118971
 outer loop
  vertex 19.2864 110.589 684.221
  vertex 35.9502 107.01 663.92
  vertex 34.6962 107.01 662.948
 endloop
endfacet
facet normal 0.0797601 0.988778 -0.126316
 outer loop
  vertex 25.0176 107.01 657.05
  vertex 19.2864 110.589 684.221
  vertex 34.6962 107.01 662.948
 endloop
endfacet
facet normal 0.053759 0.992738 -0.107615
 outer loop
  vertex 25.0176 107.01 657.05
  vertex 10.1956 110.589 679.301
  vertex 19.2864 110.589 684.221
 endloop
endfacet
facet normal 0.0543017 0.988674 -0.139908
 outer loop
  vertex 25.0176 107.01 657.05
  vertex 18.0912 107.01 654.252
  vertex 10.1956 110.589 679.301
 endloop
endfacet
facet normal 0.0411442 0.988695 -0.144185
 outer loop
  vertex 10.1956 110.589 679.301
  vertex 18.0912 107.01 654.252
  vertex 12.8305 107.01 652.786
 endloop
endfacet
facet normal 0.0171325 0.984454 -0.174806
 outer loop
  vertex 2.16377 107.316 653.09
  vertex 12.8305 107.01 652.786
  vertex 3.04135 107.183 652.379
 endloop
endfacet
facet normal 0.0239716 0.98908 -0.145415
 outer loop
  vertex 2.16377 107.316 653.09
  vertex 10.1956 110.589 679.301
  vertex 12.8305 107.01 652.786
 endloop
endfacet
facet normal 0.0590295 0.9979 -0.0266572
 outer loop
  vertex 26.2872 110.589 691.826
  vertex 3.95279 111.97 706.531
  vertex 30.4394 110.589 701.292
 endloop
endfacet
facet normal 0.142046 0.988737 -0.047148
 outer loop
  vertex 51.9495 107.01 683.982
  vertex 30.4394 110.589 701.292
  vertex 55.5533 107.01 693.558
 endloop
endfacet
facet normal 0.109808 0.992731 -0.0492709
 outer loop
  vertex 51.9495 107.01 683.982
  vertex 26.2872 110.589 691.826
  vertex 30.4394 110.589 701.292
 endloop
endfacet
facet normal 0.130076 0.988707 -0.0744241
 outer loop
  vertex 51.9495 107.01 683.982
  vertex 48.7512 107.01 678.211
  vertex 26.2872 110.589 691.826
 endloop
endfacet
facet normal 0.0374466 0.999239 -0.0109074
 outer loop
  vertex 3.95279 111.97 706.531
  vertex 4.53765 111.97 707.938
  vertex 30.4394 110.589 701.292
 endloop
endfacet
facet normal 0.0381247 0.999239 -0.00822986
 outer loop
  vertex 30.4394 110.589 701.292
  vertex 4.53765 111.97 707.938
  vertex 4.65334 111.97 709.254
 endloop
endfacet
facet normal 0.0629558 0.9979 0.0152204
 outer loop
  vertex 31.293 110.589 711.593
  vertex 4.65334 111.97 709.254
  vertex 28.7555 110.589 721.613
 endloop
endfacet
facet normal 0.141471 0.988771 0.0481483
 outer loop
  vertex 56.214 107.01 721.83
  vertex 28.7555 110.589 721.613
  vertex 53.352 107.01 730.868
 endloop
endfacet
facet normal 0.117331 0.992735 0.026671
 outer loop
  vertex 56.214 107.01 721.83
  vertex 31.293 110.589 711.593
  vertex 28.7555 110.589 721.613
 endloop
endfacet
facet normal 0.148812 0.988688 0.0187496
 outer loop
  vertex 56.214 107.01 721.83
  vertex 57.5021 107.01 713.26
  vertex 31.293 110.589 711.593
 endloop
endfacet
facet normal 0.148787 0.988818 0.0100976
 outer loop
  vertex 31.293 110.589 711.593
  vertex 57.5021 107.01 713.26
  vertex 56.6207 107.183 712.041
 endloop
endfacet
facet normal 0.146929 0.989115 0.00791703
 outer loop
  vertex 55.9101 107.316 711.164
  vertex 31.293 110.589 711.593
  vertex 56.6207 107.183 712.041
 endloop
endfacet
facet normal 0.145579 0.989329 0.00593131
 outer loop
  vertex 55.9101 107.316 711.164
  vertex 55.4599 107.4 710.125
  vertex 31.293 110.589 711.593
 endloop
endfacet
facet normal 0.144876 0.989443 0.00369625
 outer loop
  vertex 31.293 110.589 711.593
  vertex 55.4599 107.4 710.125
  vertex 55.3055 107.429 709
 endloop
endfacet
facet normal 0.144878 0.989449 0.00137239
 outer loop
  vertex 55.4605 107.4 707.873
  vertex 31.293 110.589 711.593
  vertex 55.3055 107.429 709
 endloop
endfacet
facet normal 0.117602 0.993042 -0.00616532
 outer loop
  vertex 55.4605 107.4 707.873
  vertex 30.4394 110.589 701.292
  vertex 31.293 110.589 711.593
 endloop
endfacet
facet normal 0.144759 0.989406 -0.010941
 outer loop
  vertex 55.4605 107.4 707.873
  vertex 55.913 107.315 706.831
  vertex 30.4394 110.589 701.292
 endloop
endfacet
facet normal 0.145808 0.989044 -0.0230797
 outer loop
  vertex 30.4394 110.589 701.292
  vertex 55.913 107.315 706.831
  vertex 56.214 107.01 696.17
 endloop
endfacet
facet normal 0.145983 0.98865 -0.0355116
 outer loop
  vertex 55.5533 107.01 693.558
  vertex 30.4394 110.589 701.292
  vertex 56.214 107.01 696.17
 endloop
endfacet
facet normal 0.0362501 0.999239 0.0143927
 outer loop
  vertex 4.65334 111.97 709.254
  vertex 4.20157 111.97 711.016
  vertex 28.7555 110.589 721.613
 endloop
endfacet
facet normal 0.0351406 0.999239 0.0169221
 outer loop
  vertex 28.7555 110.589 721.613
  vertex 4.20157 111.97 711.016
  vertex 3.53772 111.97 712.034
 endloop
endfacet
facet normal 0.027742 0.999239 0.0274154
 outer loop
  vertex 23.1019 110.589 730.267
  vertex 3.53772 111.97 712.034
  vertex 2.26361 111.97 713.074
 endloop
endfacet
facet normal 0.0216916 0.9979 0.0610292
 outer loop
  vertex 14.9448 110.589 736.616
  vertex 2.26361 111.97 713.074
  vertex 5.1683 110.589 739.972
 endloop
endfacet
facet normal 0.0266562 0.988651 0.147847
 outer loop
  vertex 12.8305 107.01 765.214
  vertex 5.1683 110.589 739.972
  vertex 7.97387 107.01 766.106
 endloop
endfacet
facet normal 0.0314372 0.992762 0.115912
 outer loop
  vertex 12.8305 107.01 765.214
  vertex 14.9448 110.589 736.616
  vertex 5.1683 110.589 739.972
 endloop
endfacet
facet normal 0.05131 0.988827 0.139962
 outer loop
  vertex 12.8305 107.01 765.214
  vertex 25.0176 107.01 760.95
  vertex 14.9448 110.589 736.616
 endloop
endfacet
facet normal 0.0679857 0.98866 0.133903
 outer loop
  vertex 14.9448 110.589 736.616
  vertex 25.0176 107.01 760.95
  vertex 28.5251 107.01 759.109
 endloop
endfacet
facet normal 0.0799975 0.988725 0.126583
 outer loop
  vertex 35.9502 107.01 754.08
  vertex 14.9448 110.589 736.616
  vertex 28.5251 107.01 759.109
 endloop
endfacet
facet normal 0.0741425 0.99273 0.0948122
 outer loop
  vertex 35.9502 107.01 754.08
  vertex 23.1019 110.589 730.267
  vertex 14.9448 110.589 736.616
 endloop
endfacet
facet normal 0.103503 0.988717 0.108286
 outer loop
  vertex 35.9502 107.01 754.08
  vertex 41.7226 107.01 748.798
  vertex 23.1019 110.589 730.267
 endloop
endfacet
facet normal 0.113568 0.988664 0.0982099
 outer loop
  vertex 23.1019 110.589 730.267
  vertex 41.7226 107.01 748.798
  vertex 45.0801 107.01 744.95
 endloop
endfacet
facet normal 0.129463 0.988804 0.0742081
 outer loop
  vertex 28.7555 110.589 721.613
  vertex 45.0801 107.01 744.95
  vertex 51.9495 107.01 734.018
 endloop
endfacet
facet normal 0.137181 0.988649 0.0612775
 outer loop
  vertex 53.352 107.01 730.868
  vertex 28.7555 110.589 721.613
  vertex 51.9495 107.01 734.018
 endloop
endfacet
facet normal 0.00777782 0.999239 0.0382195
 outer loop
  vertex 2.26361 111.97 713.074
  vertex 0.585102 111.97 713.623
  vertex 5.1683 110.589 739.972
 endloop
endfacet
facet normal 0.00575354 0.997857 0.0651817
 outer loop
  vertex 5.1683 110.589 739.972
  vertex 0.585102 111.97 713.623
  vertex 4.1304E-12 110.589 740.4
 endloop
endfacet
facet normal 0.00116302 0.989434 0.144981
 outer loop
  vertex 1.12709 107.4 764.461
  vertex 4.1304E-12 110.589 740.4
  vertex 2.94524E-11 107.429 764.305
 endloop
endfacet
facet normal 0.0062167 0.992968 0.118219
 outer loop
  vertex 1.12709 107.4 764.461
  vertex 5.1683 110.589 739.972
  vertex 4.1304E-12 110.589 740.4
 endloop
endfacet
facet normal 0.00845678 0.989355 0.145273
 outer loop
  vertex 1.12709 107.4 764.461
  vertex 2.1685 107.315 764.913
  vertex 5.1683 110.589 739.972
 endloop
endfacet
facet normal 0.010445 0.989137 0.146627
 outer loop
  vertex 5.1683 110.589 739.972
  vertex 2.1685 107.315 764.913
  vertex 3.04578 107.182 765.625
 endloop
endfacet
facet normal 0.0168075 0.984059 0.177047
 outer loop
  vertex 7.97387 107.01 766.106
  vertex 3.04578 107.182 765.625
  vertex 3.69656 107.01 766.541
 endloop
endfacet
facet normal 0.0180436 0.988848 0.147831
 outer loop
  vertex 7.97387 107.01 766.106
  vertex 5.1683 110.589 739.972
  vertex 3.04578 107.182 765.625
 endloop
endfacet
facet normal 0.000700056 0.999233 0.0391506
 outer loop
  vertex 0.585102 111.97 713.623
  vertex -1.13248E-13 111.97 713.66
  vertex 4.1304E-12 110.589 740.4
 endloop
endfacet
facet normal 0.177686 0.984021 0.0113844
 outer loop
  vertex 57.5021 107.01 713.26
  vertex 57.541 107.01 712.697
  vertex 56.6207 107.183 712.041
 endloop
endfacet
facet normal 0.174491 0.984482 -0.0186779
 outer loop
  vertex 55.913 107.315 706.831
  vertex 56.6254 107.182 705.954
  vertex 56.214 107.01 696.17
 endloop
endfacet
facet normal 0.176374 0.984115 -0.0202682
 outer loop
  vertex 56.214 107.01 696.17
  vertex 56.6254 107.182 705.954
  vertex 57.541 107.01 705.303
 endloop
endfacet
facet normal 0.0187277 0.984088 -0.176693
 outer loop
  vertex 12.8305 107.01 652.786
  vertex 3.69656 107.01 651.459
  vertex 3.04135 107.183 652.379
 endloop
endfacet
facet normal 0.0392275 0.9979 0.0515393
 outer loop
  vertex 2.26361 111.97 713.074
  vertex 14.9448 110.589 736.616
  vertex 23.1019 110.589 730.267
 endloop
endfacet
facet normal 0.0977226 0.992744 0.0700691
 outer loop
  vertex 45.0801 107.01 744.95
  vertex 28.7555 110.589 721.613
  vertex 23.1019 110.589 730.267
 endloop
endfacet
facet normal 0.0538368 0.9979 0.0360096
 outer loop
  vertex 23.1019 110.589 730.267
  vertex 28.7555 110.589 721.613
  vertex 3.53772 111.97 712.034
 endloop
endfacet
facet normal 0.0646023 0.9979 -0.00465061
 outer loop
  vertex 4.65334 111.97 709.254
  vertex 31.293 110.589 711.593
  vertex 30.4394 110.589 701.292
 endloop
endfacet
facet normal 0.0113501 0.999239 -0.0373149
 outer loop
  vertex -1.12856E-13 111.97 704.34
  vertex 1.69931 111.97 704.661
  vertex 10.1956 110.589 679.301
 endloop
endfacet
facet normal 0.0302094 0.9979 -0.057293
 outer loop
  vertex 10.1956 110.589 679.301
  vertex 1.69931 111.97 704.661
  vertex 19.2864 110.589 684.221
 endloop
endfacet
facet normal -0.99197 -0.0177339 0.125224
 outer loop
  vertex 19.1595 -50.6068 784.5
  vertex 19.1 -47.2 784.5
  vertex 18.9389 -50.8123 783.33
 endloop
endfacet
facet normal -0.954688 -0.0178854 0.29707
 outer loop
  vertex 18.9389 -50.8123 783.33
  vertex 19.1 -47.2 784.5
  vertex 18.6847 -47.2 782.95
 endloop
endfacet
facet normal -0.713091 -0.0178592 0.700844
 outer loop
  vertex 18.2943 -50.9444 782.319
  vertex 18.6847 -47.2 782.95
  vertex 17.55 -47.2 781.815
 endloop
endfacet
facet normal -0.418199 -0.0176077 0.908185
 outer loop
  vertex 17.5923 -50.9837 781.763
  vertex 17.55 -47.2 781.815
  vertex 16.7623 -50.9548 781.428
 endloop
endfacet
facet normal -0.581078 -0.0176115 0.813657
 outer loop
  vertex 17.5923 -50.9837 781.763
  vertex 18.2943 -50.9444 782.319
  vertex 17.55 -47.2 781.815
 endloop
endfacet
facet normal -0.252645 -0.0178586 0.967394
 outer loop
  vertex 17.55 -47.2 781.815
  vertex 16 -47.2 781.4
  vertex 16.7623 -50.9548 781.428
 endloop
endfacet
facet normal -0.0458756 -0.0176393 0.998791
 outer loop
  vertex 16.7623 -50.9548 781.428
  vertex 16 -47.2 781.4
  vertex 15.6691 -50.7973 781.355
 endloop
endfacet
facet normal 0.181375 -0.0177704 0.983253
 outer loop
  vertex 15.6691 -50.7973 781.355
  vertex 16 -47.2 781.4
  vertex 14.6427 -50.496 781.649
 endloop
endfacet
facet normal 0.318294 -0.017925 0.947822
 outer loop
  vertex 14.6427 -50.496 781.649
  vertex 16 -47.2 781.4
  vertex 14.45 -47.2 781.815
 endloop
endfacet
facet normal 0.703874 -0.0178583 0.7101
 outer loop
  vertex 13.8013 -50.0847 782.244
  vertex 14.45 -47.2 781.815
  vertex 13.3153 -47.2 782.95
 endloop
endfacet
facet normal 0.944295 -0.0179507 0.328609
 outer loop
  vertex 13.2077 -49.6233 783.059
  vertex 13.3153 -47.2 782.95
  vertex 12.9 -47.2 784.5
 endloop
endfacet
facet normal 0.987472 -0.0179009 0.156773
 outer loop
  vertex 12.8686 -49.0001 784.5
  vertex 13.2077 -49.6233 783.059
  vertex 12.9 -47.2 784.5
 endloop
endfacet
facet normal 0.825697 -0.0176295 0.563839
 outer loop
  vertex 13.2077 -49.6233 783.059
  vertex 13.8013 -50.0847 782.244
  vertex 13.3153 -47.2 782.95
 endloop
endfacet
facet normal 0.547847 -0.0176242 0.836393
 outer loop
  vertex 13.8013 -50.0847 782.244
  vertex 14.6427 -50.496 781.649
  vertex 14.45 -47.2 781.815
 endloop
endfacet
facet normal -0.850329 -0.0176698 0.525955
 outer loop
  vertex 18.2943 -50.9444 782.319
  vertex 18.9389 -50.8123 783.33
  vertex 18.6847 -47.2 782.95
 endloop
endfacet
facet normal -0.998056 -0.018134 0.0596271
 outer loop
  vertex -65 -1.21555E-14 709
  vertex -63.4639 -85 709
  vertex -63.9588 -1.16881E-14 720.588
 endloop
endfacet
facet normal -0.986333 -0.0182198 0.163756
 outer loop
  vertex -63.9588 -1.16881E-14 720.588
  vertex -63.4639 -85 709
  vertex -60.3577 -85 728.611
 endloop
endfacet
facet normal -0.919601 -0.018154 0.392435
 outer loop
  vertex -60.8685 -1.12173E-14 731.804
  vertex -60.3577 -85 728.611
  vertex -55.828 -1.07579E-14 742.29
 endloop
endfacet
facet normal -0.959788 -0.0181219 0.280142
 outer loop
  vertex -60.8685 -1.12173E-14 731.804
  vertex -63.9588 -1.16881E-14 720.588
  vertex -60.3577 -85 728.611
 endloop
endfacet
facet normal -0.880501 -0.0182278 0.473694
 outer loop
  vertex -60.3577 -85 728.611
  vertex -51.3433 -85 746.303
  vertex -55.828 -1.07579E-14 742.29
 endloop
endfacet
facet normal -0.808769 -0.0181192 0.587847
 outer loop
  vertex -55.828 -1.07579E-14 742.29
  vertex -51.3433 -85 746.303
  vertex -48.4488 -32.2689 751.453
 endloop
endfacet
facet normal -0.790492 -0.0181359 0.612204
 outer loop
  vertex -48.462 -31.4962 751.459
  vertex -55.828 -1.07579E-14 742.29
  vertex -48.4488 -32.2689 751.453
 endloop
endfacet
facet normal -0.790695 -0.0181355 0.611941
 outer loop
  vertex -48.462 -31.4962 751.459
  vertex -48.6576 -20.0252 751.55
  vertex -55.828 -1.07579E-14 742.29
 endloop
endfacet
facet normal -0.791088 -0.0181348 0.611433
 outer loop
  vertex -55.828 -1.07579E-14 742.29
  vertex -48.6576 -20.0252 751.55
  vertex -48.8663 -7.78149 751.648
 endloop
endfacet
facet normal -0.791373 -0.0181343 0.611065
 outer loop
  vertex -48.9522 -2.74757 751.688
  vertex -55.828 -1.07579E-14 742.29
  vertex -48.8663 -7.78149 751.648
 endloop
endfacet
facet normal -0.7915 -0.0181341 0.6109
 outer loop
  vertex -48.9522 -2.74757 751.688
  vertex -48.999 -4.56518E-10 751.709
  vertex -55.828 -1.07579E-14 742.29
 endloop
endfacet
facet normal -0.540012 -0.018169 0.841461
 outer loop
  vertex -26.1859 -69 767.127
  vertex -39.0731 -69 759.376
  vertex -37.3031 -85 760.343
 endloop
endfacet
facet normal -0.439494 -0.0182235 0.89806
 outer loop
  vertex -19.6114 -85 769.358
  vertex -26.1859 -69 767.127
  vertex -37.3031 -85 760.343
 endloop
endfacet
facet normal -0.36171 -0.0180873 0.932115
 outer loop
  vertex -19.6114 -85 769.358
  vertex -23.2361 -69 768.368
  vertex -26.1859 -69 767.127
 endloop
endfacet
facet normal -0.327261 -0.0180764 0.944761
 outer loop
  vertex -19.6114 -85 769.358
  vertex -19.6405 -69 769.652
  vertex -23.2361 -69 768.368
 endloop
endfacet
facet normal -0.291208 -0.0180753 0.956489
 outer loop
  vertex -19.6114 -85 769.358
  vertex -16.3456 -69 770.622
  vertex -19.6405 -69 769.652
 endloop
endfacet
facet normal -0.256841 -0.018087 0.966284
 outer loop
  vertex -19.6114 -85 769.358
  vertex -13.0368 -69 771.406
  vertex -16.3456 -69 770.622
 endloop
endfacet
facet normal -0.222424 -0.01811 0.974782
 outer loop
  vertex -19.6114 -85 769.358
  vertex -9.71428 -69 772.008
  vertex -13.0368 -69 771.406
 endloop
endfacet
facet normal -0.155044 -0.0182189 0.98774
 outer loop
  vertex -19.6114 -85 769.358
  vertex 3.26586E-14 -85 772.464
  vertex -9.71428 -69 772.008
 endloop
endfacet
facet normal -0.0842962 -0.0181057 0.996276
 outer loop
  vertex -9.71428 -69 772.008
  vertex 3.26586E-14 -85 772.464
  vertex -6.37832 -69 772.433
 endloop
endfacet
facet normal -0.0492197 -0.0180845 0.998624
 outer loop
  vertex -6.37832 -69 772.433
  vertex 3.26586E-14 -85 772.464
  vertex -3.02904 -69 772.681
 endloop
endfacet
facet normal -0.0231345 -0.0180727 0.999569
 outer loop
  vertex -3.02904 -69 772.681
  vertex 3.26586E-14 -85 772.464
  vertex -1.39552 -69 772.738
 endloop
endfacet
facet normal -0.00555183 -0.0180706 0.999821
 outer loop
  vertex -1.39552 -69 772.738
  vertex 3.26586E-14 -85 772.464
  vertex 0.33358 -69 772.752
 endloop
endfacet
facet normal 0.021144 -0.0180756 0.999613
 outer loop
  vertex 0.33358 -69 772.752
  vertex 3.26586E-14 -85 772.464
  vertex 3.70965 -69 772.645
 endloop
endfacet
facet normal 0.0565648 -0.0180881 0.998235
 outer loop
  vertex 3.70965 -69 772.645
  vertex 3.26586E-14 -85 772.464
  vertex 7.09941 -69 772.357
 endloop
endfacet
facet normal 0.141294 -0.018223 0.9898
 outer loop
  vertex 7.09941 -69 772.357
  vertex 3.26586E-14 -85 772.464
  vertex 19.6114 -85 769.358
 endloop
endfacet
facet normal 0.284871 -0.0180912 0.958395
 outer loop
  vertex 13.9215 -69 771.214
  vertex 19.6114 -85 769.358
  vertex 20.8047 -69 769.263
 endloop
endfacet
facet normal 0.21361 -0.0181314 0.976751
 outer loop
  vertex 13.9215 -69 771.214
  vertex 7.09941 -69 772.357
  vertex 19.6114 -85 769.358
 endloop
endfacet
facet normal 0.35311 -0.0180955 0.935407
 outer loop
  vertex 20.8047 -69 769.263
  vertex 19.6114 -85 769.358
  vertex 26.9433 -68.9999 766.78
 endloop
endfacet
facet normal 0.443434 -0.0182213 0.896122
 outer loop
  vertex 26.9433 -68.9999 766.78
  vertex 19.6114 -85 769.358
  vertex 37.3031 -85 760.343
 endloop
endfacet
facet normal 0.565613 -0.0180915 0.824473
 outer loop
  vertex 32.3283 -69 763.948
  vertex 37.3031 -85 760.343
  vertex 38.2621 -69 759.995
 endloop
endfacet
facet normal 0.507305 -0.0181249 0.861576
 outer loop
  vertex 32.3283 -69 763.948
  vertex 26.9433 -68.9999 766.78
  vertex 37.3031 -85 760.343
 endloop
endfacet
facet normal 0.812686 -0.0181239 0.58242
 outer loop
  vertex 55.2092 -69 740.881
  vertex 48.2048 -69 750.722
  vertex 51.3433 -85 746.303
 endloop
endfacet
facet normal 0.885777 -0.018221 0.463754
 outer loop
  vertex 55.8198 -69 739.799
  vertex 51.3433 -85 746.303
  vertex 60.3577 -85 728.611
 endloop
endfacet
facet normal 0.944565 -0.0180889 0.327827
 outer loop
  vertex 58.7633 -69 733.725
  vertex 60.3577 -85 728.611
  vertex 61.095 -69 727.217
 endloop
endfacet
facet normal 0.918743 -0.0181241 0.39444
 outer loop
  vertex 58.7633 -69 733.725
  vertex 55.8198 -69 739.799
  vertex 60.3577 -85 728.611
 endloop
endfacet
facet normal 0.999649 -0.0180761 0.0193611
 outer loop
  vertex 63.753 -69 709
  vertex 63.6454 -69 712.702
  vertex 63.4639 -85 709
 endloop
endfacet
facet normal 0.99759 -0.0181005 0.0669778
 outer loop
  vertex 63.4639 -85 709
  vertex 63.6454 -69 712.702
  vertex 63.102 -69 718.088
 endloop
endfacet
facet normal 0.977578 -0.0181188 0.209792
 outer loop
  vertex 60.3577 -85 728.611
  vertex 63.102 -69 718.088
  vertex 62.7556 -69 720.233
 endloop
endfacet
facet normal 0.966136 -0.0181016 0.257399
 outer loop
  vertex 61.095 -69 727.217
  vertex 60.3577 -85 728.611
  vertex 62.7556 -69 720.233
 endloop
endfacet
facet normal 0.851314 -0.0180962 0.524344
 outer loop
  vertex 55.8198 -69 739.799
  vertex 55.2092 -69 740.881
  vertex 51.3433 -85 746.303
 endloop
endfacet
facet normal 0.751504 -0.0181245 0.659479
 outer loop
  vertex 48.2048 -69 750.722
  vertex 43.5361 -69 755.573
  vertex 51.3433 -85 746.303
 endloop
endfacet
facet normal 0.698939 -0.0182211 0.714949
 outer loop
  vertex 51.3433 -85 746.303
  vertex 43.5361 -69 755.573
  vertex 37.3031 -85 760.343
 endloop
endfacet
facet normal 0.641299 -0.018093 0.767078
 outer loop
  vertex 37.3031 -85 760.343
  vertex 43.5361 -69 755.573
  vertex 41.5046 -69 757.392
 endloop
endfacet
facet normal 0.613264 -0.0180804 0.789671
 outer loop
  vertex 38.2621 -69 759.995
  vertex 37.3031 -85 760.343
  vertex 41.5046 -69 757.392
 endloop
endfacet
facet normal -0.639032 -0.018115 0.768967
 outer loop
  vertex -39.0731 -69 759.376
  vertex -45.3863 -69 753.772
  vertex -37.3031 -85 760.343
 endloop
endfacet
facet normal -0.708607 -0.0182189 0.705368
 outer loop
  vertex -37.3031 -85 760.343
  vertex -45.3863 -69 753.772
  vertex -51.3433 -85 746.303
 endloop
endfacet
facet normal -0.758346 -0.0181041 0.651601
 outer loop
  vertex -51.3433 -85 746.303
  vertex -45.3863 -69 753.772
  vertex -47.8219 -69 751.161
 endloop
endfacet
facet normal -0.770536 -0.018087 0.63714
 outer loop
  vertex -47.9714 -60.2439 751.23
  vertex -51.3433 -85 746.303
  vertex -47.8219 -69 751.161
 endloop
endfacet
facet normal -0.770752 -0.0180868 0.636878
 outer loop
  vertex -47.9714 -60.2439 751.23
  vertex -48.0309 -56.7563 751.258
  vertex -51.3433 -85 746.303
 endloop
endfacet
facet normal -0.771028 -0.0180866 0.636544
 outer loop
  vertex -51.3433 -85 746.303
  vertex -48.0309 -56.7563 751.258
  vertex -48.2399 -44.5126 751.355
 endloop
endfacet
facet normal -0.771456 -0.0180862 0.636026
 outer loop
  vertex -48.4488 -32.2689 751.453
  vertex -51.3433 -85 746.303
  vertex -48.2399 -44.5126 751.355
 endloop
endfacet
facet normal 0.988252 -0.0182192 0.151746
 outer loop
  vertex 63.102 -69 718.088
  vertex 60.3577 -85 728.611
  vertex 63.4639 -85 709
 endloop
endfacet
facet normal -0.991451 -0.0177529 0.129264
 outer loop
  vertex 84.1806 -51.8178 827
  vertex 84.1 -47.2 827
  vertex 83.9432 -51.9961 825.786
 endloop
endfacet
facet normal -0.953422 -0.0178916 0.301108
 outer loop
  vertex 83.9432 -51.9961 825.786
  vertex 84.1 -47.2 827
  vertex 83.6847 -47.2 825.45
 endloop
endfacet
facet normal -0.70736 -0.0178579 0.706628
 outer loop
  vertex 83.2562 -52.1193 824.751
  vertex 83.6847 -47.2 825.45
  vertex 82.55 -47.2 824.315
 endloop
endfacet
facet normal -0.301751 -0.0178926 0.953219
 outer loop
  vertex 82.221 -52.1829 824.056
  vertex 82.55 -47.2 824.315
  vertex 81 -47.2 823.9
 endloop
endfacet
facet normal 0.13088 -0.0177582 0.991239
 outer loop
  vertex 80.9968 -52.1891 823.813
  vertex 81 -47.2 823.9
  vertex 79.7736 -52.1382 824.059
 endloop
endfacet
facet normal -0.129569 -0.0177568 0.991411
 outer loop
  vertex 80.9968 -52.1891 823.813
  vertex 82.221 -52.1829 824.056
  vertex 81 -47.2 823.9
 endloop
endfacet
facet normal 0.302385 -0.0178937 0.953018
 outer loop
  vertex 81 -47.2 823.9
  vertex 79.45 -47.2 824.315
  vertex 79.7736 -52.1382 824.059
 endloop
endfacet
facet normal 0.538551 -0.0176889 0.842408
 outer loop
  vertex 79.7736 -52.1382 824.059
  vertex 79.45 -47.2 824.315
  vertex 78.7412 -52.0278 824.756
 endloop
endfacet
facet normal 0.707767 -0.017858 0.70622
 outer loop
  vertex 78.7412 -52.0278 824.756
  vertex 79.45 -47.2 824.315
  vertex 78.3153 -47.2 825.45
 endloop
endfacet
facet normal 0.953511 -0.0178911 0.300828
 outer loop
  vertex 78.0579 -51.8603 825.79
  vertex 78.3153 -47.2 825.45
  vertex 77.9 -47.2 827
 endloop
endfacet
facet normal 0.991488 -0.0177515 0.128983
 outer loop
  vertex 77.8223 -51.6509 827
  vertex 78.0579 -51.8603 825.79
  vertex 77.9 -47.2 827
 endloop
endfacet
facet normal 0.844401 -0.0176856 0.53542
 outer loop
  vertex 78.0579 -51.8603 825.79
  vertex 78.7412 -52.0278 824.756
  vertex 78.3153 -47.2 825.45
 endloop
endfacet
facet normal -0.537533 -0.0176887 0.843057
 outer loop
  vertex 82.221 -52.1829 824.056
  vertex 83.2562 -52.1193 824.751
  vertex 82.55 -47.2 824.315
 endloop
endfacet
facet normal -0.843948 -0.0176869 0.536133
 outer loop
  vertex 83.2562 -52.1193 824.751
  vertex 83.9432 -51.9961 825.786
  vertex 83.6847 -47.2 825.45
 endloop
endfacet
facet normal -0.994462 0.0176433 -0.103602
 outer loop
  vertex 19.159 50.5809 784.5
  vertex 19.1 47.2 784.5
  vertex 19.0024 50.3666 785.47
 endloop
endfacet
facet normal -0.961148 0.0178631 -0.275455
 outer loop
  vertex 19.0024 50.3666 785.47
  vertex 19.1 47.2 784.5
  vertex 18.6847 47.2 786.05
 endloop
endfacet
facet normal -0.771916 0.0177092 -0.635477
 outer loop
  vertex 18.5642 50.1037 786.331
  vertex 18.6847 47.2 786.05
  vertex 17.8953 49.7996 787.01
 endloop
endfacet
facet normal -0.884287 0.0175971 -0.466613
 outer loop
  vertex 18.5642 50.1037 786.331
  vertex 19.0024 50.3666 785.47
  vertex 18.6847 47.2 786.05
 endloop
endfacet
facet normal -0.672814 0.0178966 -0.739595
 outer loop
  vertex 18.6847 47.2 786.05
  vertex 17.55 47.2 787.185
  vertex 17.8953 49.7996 787.01
 endloop
endfacet
facet normal -0.483742 0.0175876 -0.875034
 outer loop
  vertex 17.8953 49.7996 787.01
  vertex 17.55 47.2 787.185
  vertex 17.0601 49.4713 787.455
 endloop
endfacet
facet normal -0.285886 0.0178717 -0.958097
 outer loop
  vertex 17.0601 49.4713 787.455
  vertex 17.55 47.2 787.185
  vertex 16 47.2 787.6
 endloop
endfacet
facet normal 0.212441 0.0178973 -0.97701
 outer loop
  vertex 15.6193 48.9843 787.608
  vertex 16 47.2 787.6
  vertex 14.45 47.2 787.185
 endloop
endfacet
facet normal 0.610951 0.0176198 -0.791472
 outer loop
  vertex 14.2309 48.644 787.076
  vertex 14.45 47.2 787.185
  vertex 13.658 48.5831 786.568
 endloop
endfacet
facet normal 0.40471 0.0178444 -0.914271
 outer loop
  vertex 14.2309 48.644 787.076
  vertex 15.6193 48.9843 787.608
  vertex 14.45 47.2 787.185
 endloop
endfacet
facet normal 0.721816 0.0178657 -0.691855
 outer loop
  vertex 14.45 47.2 787.185
  vertex 13.3153 47.2 786.05
  vertex 13.658 48.5831 786.568
 endloop
endfacet
facet normal 0.83931 0.0175523 -0.543369
 outer loop
  vertex 13.658 48.5831 786.568
  vertex 13.3153 47.2 786.05
  vertex 13.2243 48.6178 785.935
 endloop
endfacet
facet normal 0.944215 0.0179513 -0.32884
 outer loop
  vertex 13.2243 48.6178 785.935
  vertex 13.3153 47.2 786.05
  vertex 12.9 47.2 784.5
 endloop
endfacet
facet normal 0.987436 0.0179023 -0.157004
 outer loop
  vertex 12.8693 48.959 784.5
  vertex 13.2243 48.6178 785.935
  vertex 12.9 47.2 784.5
 endloop
endfacet
facet normal -0.0734441 0.0177976 -0.997141
 outer loop
  vertex 15.6193 48.9843 787.608
  vertex 17.0601 49.4713 787.455
  vertex 16 47.2 787.6
 endloop
endfacet
facet normal -0.250925 0.020019 0.967799
 outer loop
  vertex -15.7365 69 770.643
  vertex -12.45 69 771.39
  vertex -19.6226 75 769.392
 endloop
endfacet
facet normal -0.321157 0.0200028 0.946815
 outer loop
  vertex -19.0084 69 769.714
  vertex -19.6226 75 769.392
  vertex -22.6192 69 768.463
 endloop
endfacet
facet normal -0.285105 0.0200039 0.958287
 outer loop
  vertex -19.0084 69 769.714
  vertex -15.7365 69 770.643
  vertex -19.6226 75 769.392
 endloop
endfacet
facet normal -0.355369 0.0200121 0.934512
 outer loop
  vertex -22.6192 69 768.463
  vertex -19.6226 75 769.392
  vertex -25.5058 69 767.283
 endloop
endfacet
facet normal -0.436229 0.0201692 0.89961
 outer loop
  vertex -25.5058 69 767.283
  vertex -19.6226 75 769.392
  vertex -37.3244 75 760.373
 endloop
endfacet
facet normal -0.631182 0.0200393 0.775376
 outer loop
  vertex -38.2891 69 759.808
  vertex -37.3244 75 760.373
  vertex -44.5473 69 754.421
 endloop
endfacet
facet normal -0.533067 0.020109 0.845834
 outer loop
  vertex -38.2891 69 759.808
  vertex -25.5058 69 767.283
  vertex -37.3244 75 760.373
 endloop
endfacet
facet normal -0.704653 0.0201616 0.709266
 outer loop
  vertex -37.3244 75 760.373
  vertex -51.3726 75 746.324
  vertex -44.5473 69 754.421
 endloop
endfacet
facet normal -0.754585 0.0200427 0.655896
 outer loop
  vertex -44.5473 69 754.421
  vertex -51.3726 75 746.324
  vertex -47.6963 69 751.102
 endloop
endfacet
facet normal -0.770233 0.0200159 0.637448
 outer loop
  vertex -47.6963 69 751.102
  vertex -51.3726 75 746.324
  vertex -47.8328 61.7765 751.166
 endloop
endfacet
facet normal -0.770474 0.0200156 0.637158
 outer loop
  vertex -47.8328 61.7765 751.166
  vertex -51.3726 75 746.324
  vertex -47.9273 56.7723 751.21
 endloop
endfacet
facet normal -0.77081 0.0200153 0.636751
 outer loop
  vertex -47.9273 56.7723 751.21
  vertex -51.3726 75 746.324
  vertex -48.1583 44.5445 751.317
 endloop
endfacet
facet normal -0.771284 0.0200148 0.636176
 outer loop
  vertex -48.1583 44.5445 751.317
  vertex -51.3726 75 746.324
  vertex -48.3902 32.2626 751.425
 endloop
endfacet
facet normal -0.808684 0.0200514 0.587901
 outer loop
  vertex -48.3902 32.2626 751.425
  vertex -51.3726 75 746.324
  vertex -55.828 -1.07579E-14 742.29
 endloop
endfacet
facet normal -0.791007 0.0200685 0.611478
 outer loop
  vertex -48.62 20.089 751.533
  vertex -55.828 -1.07579E-14 742.29
  vertex -48.8507 7.86127 751.64
 endloop
endfacet
facet normal -0.790559 0.0200694 0.612057
 outer loop
  vertex -48.62 20.089 751.533
  vertex -48.3902 32.2626 751.425
  vertex -55.828 -1.07579E-14 742.29
 endloop
endfacet
facet normal -0.880468 0.0201713 0.473676
 outer loop
  vertex -51.3726 75 746.324
  vertex -60.3921 75 728.623
  vertex -55.828 -1.07579E-14 742.29
 endloop
endfacet
facet normal -0.919567 0.0200897 0.39242
 outer loop
  vertex -55.828 -1.07579E-14 742.29
  vertex -60.3921 75 728.623
  vertex -60.8685 -1.12173E-14 731.804
 endloop
endfacet
facet normal -0.959752 0.0200542 0.280132
 outer loop
  vertex -60.8685 -1.12173E-14 731.804
  vertex -60.3921 75 728.623
  vertex -63.9588 -1.16881E-14 720.588
 endloop
endfacet
facet normal -0.986296 0.0201625 0.16375
 outer loop
  vertex -63.9588 -1.16881E-14 720.588
  vertex -60.3921 75 728.623
  vertex -63.5 75 709
 endloop
endfacet
facet normal -0.998019 0.0200675 0.0596249
 outer loop
  vertex -65 -1.21555E-14 709
  vertex -63.9588 -1.16881E-14 720.588
  vertex -63.5 75 709
 endloop
endfacet
facet normal -0.791466 0.0200676 0.610884
 outer loop
  vertex -48.999 -4.56518E-10 751.709
  vertex -48.9472 2.74759 751.685
  vertex -55.828 -1.07579E-14 742.29
 endloop
endfacet
facet normal -0.791323 0.0200679 0.611068
 outer loop
  vertex -55.828 -1.07579E-14 742.29
  vertex -48.9472 2.74759 751.685
  vertex -48.8507 7.86127 751.64
 endloop
endfacet
facet normal -0.216675 0.0200465 0.976038
 outer loop
  vertex -12.45 69 771.39
  vertex -9.14899 69 771.959
  vertex -19.6226 75 769.392
 endloop
endfacet
facet normal -0.152162 0.0201618 0.98815
 outer loop
  vertex -19.6226 75 769.392
  vertex -9.14899 69 771.959
  vertex -1.04098E-13 75 772.5
 endloop
endfacet
facet normal -0.0786257 0.0200316 0.996703
 outer loop
  vertex -1.04098E-13 75 772.5
  vertex -9.14899 69 771.959
  vertex -5.83382 69 772.352
 endloop
endfacet
facet normal -0.0437106 0.0200101 0.998844
 outer loop
  vertex -2.50454 69 772.571
  vertex -1.04098E-13 75 772.5
  vertex -5.83382 69 772.352
 endloop
endfacet
facet normal -0.00872747 0.020001 0.999762
 outer loop
  vertex -2.50454 69 772.571
  vertex 0.838894 69 772.614
  vertex -1.04098E-13 75 772.5
 endloop
endfacet
facet normal 0.0263888 0.0200041 0.999452
 outer loop
  vertex -1.04098E-13 75 772.5
  vertex 0.838894 69 772.614
  vertex 4.19663 69 772.481
 endloop
endfacet
facet normal 0.0617061 0.0200198 0.997894
 outer loop
  vertex 7.56895 69 772.168
  vertex -1.04098E-13 75 772.5
  vertex 4.19663 69 772.481
 endloop
endfacet
facet normal 0.0972965 0.0200484 0.995053
 outer loop
  vertex 7.56895 69 772.168
  vertex 10.9562 69 771.669
  vertex -1.04098E-13 75 772.5
 endloop
endfacet
facet normal 0.16171 0.020162 0.986632
 outer loop
  vertex -1.04098E-13 75 772.5
  vertex 10.9562 69 771.669
  vertex 19.6226 75 769.392
 endloop
endfacet
facet normal 0.235995 0.0200298 0.971548
 outer loop
  vertex 19.6226 75 769.392
  vertex 10.9562 69 771.669
  vertex 14.3591 69 770.978
 endloop
endfacet
facet normal 0.271508 0.0200088 0.962228
 outer loop
  vertex 17.7783 69 770.085
  vertex 19.6226 75 769.392
  vertex 14.3591 69 770.978
 endloop
endfacet
facet normal 0.307329 0.0200014 0.951393
 outer loop
  vertex 17.7783 69 770.085
  vertex 21.2148 69 768.979
  vertex 19.6226 75 769.392
 endloop
endfacet
facet normal 0.343559 0.0200084 0.938918
 outer loop
  vertex 19.6226 75 769.392
  vertex 21.2148 69 768.979
  vertex 24.6698 69 767.642
 endloop
endfacet
facet normal 0.373545 0.0200221 0.927396
 outer loop
  vertex 26.8867 68.9999 766.659
  vertex 19.6226 75 769.392
  vertex 24.6698 69 767.642
 endloop
endfacet
facet normal 0.443415 0.0201642 0.896089
 outer loop
  vertex 26.8867 68.9999 766.659
  vertex 37.3244 75 760.373
  vertex 19.6226 75 769.392
 endloop
endfacet
facet normal 0.506739 0.0200576 0.861866
 outer loop
  vertex 26.8867 68.9999 766.659
  vertex 32.1571 69 763.895
  vertex 37.3244 75 760.373
 endloop
endfacet
facet normal 0.564727 0.0200211 0.825035
 outer loop
  vertex 37.3244 75 760.373
  vertex 32.1571 69 763.895
  vertex 38.1184 69 759.936
 endloop
endfacet
facet normal 0.605928 0.0200013 0.795268
 outer loop
  vertex 40.1267 69 758.369
  vertex 37.3244 75 760.373
  vertex 38.1184 69 759.936
 endloop
endfacet
facet normal 0.634289 0.0200212 0.772836
 outer loop
  vertex 40.1267 69 758.369
  vertex 43.4106 69 755.508
  vertex 37.3244 75 760.373
 endloop
endfacet
facet normal 0.698734 0.0201641 0.715097
 outer loop
  vertex 37.3244 75 760.373
  vertex 43.4106 69 755.508
  vertex 51.3726 75 746.324
 endloop
endfacet
facet normal 0.751241 0.0200575 0.659723
 outer loop
  vertex 51.3726 75 746.324
  vertex 43.4106 69 755.508
  vertex 48.0907 69 750.651
 endloop
endfacet
facet normal 0.81148 0.0200528 0.584035
 outer loop
  vertex 54.9107 69 741.13
  vertex 51.3726 75 746.324
  vertex 48.0907 69 750.651
 endloop
endfacet
facet normal 0.850335 0.0200248 0.525861
 outer loop
  vertex 54.9107 69 741.13
  vertex 55.7132 69 739.717
  vertex 51.3726 75 746.324
 endloop
endfacet
facet normal 0.885794 0.0201638 0.463641
 outer loop
  vertex 51.3726 75 746.324
  vertex 55.7132 69 739.717
  vertex 60.3921 75 728.623
 endloop
endfacet
facet normal 0.918826 0.0200564 0.394153
 outer loop
  vertex 60.3921 75 728.623
  vertex 55.7132 69 739.717
  vertex 58.6547 69 733.64
 endloop
endfacet
facet normal 0.944677 0.0200176 0.327392
 outer loop
  vertex 60.9816 69 727.132
  vertex 60.3921 75 728.623
  vertex 58.6547 69 733.64
 endloop
endfacet
facet normal 0.966246 0.020032 0.25684
 outer loop
  vertex 60.9816 69 727.132
  vertex 62.6351 69 720.151
  vertex 60.3921 75 728.623
 endloop
endfacet
facet normal 0.977503 0.0200503 0.209966
 outer loop
  vertex 60.3921 75 728.623
  vertex 62.6351 69 720.151
  vertex 62.9567 69 718.163
 endloop
endfacet
facet normal 0.997544 0.0200314 0.0671242
 outer loop
  vertex 63.5 75 709
  vertex 62.9567 69 718.163
  vertex 63.5164 69 712.628
 endloop
endfacet
facet normal 0.999619 0.0200032 0.0190134
 outer loop
  vertex 63.62 69 709
  vertex 63.5 75 709
  vertex 63.5164 69 712.628
 endloop
endfacet
facet normal 0.988139 0.0201618 0.152236
 outer loop
  vertex 63.5 75 709
  vertex 60.3921 75 728.623
  vertex 62.9567 69 718.163
 endloop
endfacet
facet normal -0.991519 0.0177504 -0.128742
 outer loop
  vertex 84.1806 51.8178 827
  vertex 84.1 47.2 827
  vertex 83.9388 51.6033 828.207
 endloop
endfacet
facet normal -0.953587 0.0178907 -0.300586
 outer loop
  vertex 83.9388 51.6033 828.207
  vertex 84.1 47.2 827
  vertex 83.6847 47.2 828.55
 endloop
endfacet
facet normal -0.708397 0.017858 -0.705588
 outer loop
  vertex 83.2567 51.3861 829.231
  vertex 83.6847 47.2 828.55
  vertex 82.55 47.2 829.685
 endloop
endfacet
facet normal -0.303504 0.0178955 -0.952662
 outer loop
  vertex 82.2303 51.2091 829.922
  vertex 82.55 47.2 829.685
  vertex 81 47.2 830.1
 endloop
endfacet
facet normal 0.129599 0.0177603 -0.991407
 outer loop
  vertex 81.0077 51.1139 830.168
  vertex 81 47.2 830.1
  vertex 79.7816 51.1259 829.925
 endloop
endfacet
facet normal -0.132466 0.0177626 -0.991028
 outer loop
  vertex 81.0077 51.1139 830.168
  vertex 82.2303 51.2091 829.922
  vertex 81 47.2 830.1
 endloop
endfacet
facet normal 0.302248 0.0178934 -0.953061
 outer loop
  vertex 81 47.2 830.1
  vertex 79.45 47.2 829.685
  vertex 79.7816 51.1259 829.925
 endloop
endfacet
facet normal 0.538692 0.0176906 -0.842317
 outer loop
  vertex 79.7816 51.1259 829.925
  vertex 79.45 47.2 829.685
  vertex 78.7488 51.2416 829.233
 endloop
endfacet
facet normal 0.707993 0.017858 -0.705994
 outer loop
  vertex 78.7488 51.2416 829.233
  vertex 79.45 47.2 829.685
  vertex 78.3153 47.2 828.55
 endloop
endfacet
facet normal 0.953579 0.0178908 -0.300612
 outer loop
  vertex 78.0641 51.4309 828.206
  vertex 78.3153 47.2 828.55
  vertex 77.9 47.2 827
 endloop
endfacet
facet normal 0.991516 0.0177505 -0.128767
 outer loop
  vertex 77.8223 51.6509 827
  vertex 78.0641 51.4309 828.206
  vertex 77.9 47.2 827
 endloop
endfacet
facet normal 0.844685 0.0176851 -0.534972
 outer loop
  vertex 78.0641 51.4309 828.206
  vertex 78.7488 51.2416 829.233
  vertex 78.3153 47.2 828.55
 endloop
endfacet
facet normal -0.540244 0.0176888 -0.841323
 outer loop
  vertex 82.2303 51.2091 829.922
  vertex 83.2567 51.3861 829.231
  vertex 82.55 47.2 829.685
 endloop
endfacet
facet normal -0.844995 0.017683 -0.534482
 outer loop
  vertex 83.2567 51.3861 829.231
  vertex 83.9388 51.6033 828.207
  vertex 83.6847 47.2 828.55
 endloop
endfacet
facet normal 0.0354797 0.0349118 0.99876
 outer loop
  vertex 2.66768 100 771.57
  vertex -1.04098E-13 75 772.5
  vertex 4 100 771.499
 endloop
endfacet
facet normal 0.02129 0.0349048 0.999164
 outer loop
  vertex 2.66768 100 771.57
  vertex 1.33414 100 771.613
  vertex -1.04098E-13 75 772.5
 endloop
endfacet
facet normal 0.00709702 0.0349013 0.999366
 outer loop
  vertex -1.04098E-13 75 772.5
  vertex 1.33414 100 771.613
  vertex -1.03999E-13 100 771.627
 endloop
endfacet
facet normal 0.125368 0.035222 0.991485
 outer loop
  vertex -1.04098E-13 75 772.5
  vertex 19.6226 75 769.392
  vertex 4 100 771.499
 endloop
endfacet
facet normal 0.199414 0.035087 0.979287
 outer loop
  vertex 4 100 771.499
  vertex 19.6226 75 769.392
  vertex 13.9256 101.317 770.012
 endloop
endfacet
facet normal 0.117215 0.0349991 0.99249
 outer loop
  vertex 4.03448 101.317 771.451
  vertex 4 100 771.499
  vertex 13.9256 101.317 770.012
 endloop
endfacet
facet normal 0.322981 0.0350482 0.945756
 outer loop
  vertex 13.9256 101.317 770.012
  vertex 19.6226 75 769.392
  vertex 27.1529 101.317 765.384
 endloop
endfacet
facet normal 0.446981 0.0351899 0.893851
 outer loop
  vertex 27.1529 101.317 765.384
  vertex 19.6226 75 769.392
  vertex 37.3244 75 760.373
 endloop
endfacet
facet normal 0.679536 0.0352374 0.732795
 outer loop
  vertex 39.0186 101.317 757.928
  vertex 37.3244 75 760.373
  vertex 51.3726 75 746.324
 endloop
endfacet
facet normal 0.83401 0.0350639 0.550634
 outer loop
  vertex 48.9278 101.317 748.019
  vertex 51.3726 75 746.324
  vertex 56.3835 101.317 736.153
 endloop
endfacet
facet normal 0.742801 0.0351426 0.668589
 outer loop
  vertex 48.9278 101.317 748.019
  vertex 39.0186 101.317 757.928
  vertex 51.3726 75 746.324
 endloop
endfacet
facet normal 0.893851 0.0351899 0.446981
 outer loop
  vertex 51.3726 75 746.324
  vertex 60.3921 75 728.623
  vertex 56.3835 101.317 736.153
 endloop
endfacet
facet normal 0.945756 0.0350482 0.322981
 outer loop
  vertex 56.3835 101.317 736.153
  vertex 60.3921 75 728.623
  vertex 61.012 101.317 722.926
 endloop
endfacet
facet normal 0.979287 0.035087 0.199414
 outer loop
  vertex 61.012 101.317 722.926
  vertex 60.3921 75 728.623
  vertex 62.4991 100 713
 endloop
endfacet
facet normal 0.99249 0.0349991 0.117215
 outer loop
  vertex 62.4508 101.317 713.034
  vertex 61.012 101.317 722.926
  vertex 62.4991 100 713
 endloop
endfacet
facet normal 0.991485 0.035222 0.125368
 outer loop
  vertex 60.3921 75 728.623
  vertex 63.5 75 709
  vertex 62.4991 100 713
 endloop
endfacet
facet normal 0.998987 0.0349118 0.0283838
 outer loop
  vertex 62.4991 100 713
  vertex 63.5 75 709
  vertex 62.6128 100 710.334
 endloop
endfacet
facet normal 0.999391 0.0349048 4.7494E-17
 outer loop
  vertex 62.6128 100 710.334
  vertex 63.5 75 709
  vertex 62.6128 100 707.666
 endloop
endfacet
facet normal 0.998987 0.0349118 -0.0283838
 outer loop
  vertex 62.6128 100 707.666
  vertex 63.5 75 709
  vertex 62.4991 100 705
 endloop
endfacet
facet normal 0.991485 0.035222 -0.125368
 outer loop
  vertex 62.4991 100 705
  vertex 63.5 75 709
  vertex 60.3921 75 689.377
 endloop
endfacet
facet normal 0.945756 0.0350482 -0.322981
 outer loop
  vertex 61.012 101.317 695.074
  vertex 60.3921 75 689.377
  vertex 56.3835 101.317 681.847
 endloop
endfacet
facet normal 0.979287 0.035087 -0.199414
 outer loop
  vertex 61.012 101.317 695.074
  vertex 62.4991 100 705
  vertex 60.3921 75 689.377
 endloop
endfacet
facet normal 0.99249 0.0349991 -0.117215
 outer loop
  vertex 61.012 101.317 695.074
  vertex 62.4508 101.317 704.966
  vertex 62.4991 100 705
 endloop
endfacet
facet normal 0.893851 0.0351899 -0.446981
 outer loop
  vertex 60.3921 75 689.377
  vertex 51.3726 75 671.676
  vertex 56.3835 101.317 681.847
 endloop
endfacet
facet normal 0.83401 0.0350639 -0.550634
 outer loop
  vertex 56.3835 101.317 681.847
  vertex 51.3726 75 671.676
  vertex 48.9278 101.317 669.981
 endloop
endfacet
facet normal 0.732795 0.0352374 -0.679536
 outer loop
  vertex 48.9278 101.317 669.981
  vertex 51.3726 75 671.676
  vertex 37.3244 75 657.627
 endloop
endfacet
facet normal 0.550634 0.0350639 -0.83401
 outer loop
  vertex 39.0186 101.317 660.072
  vertex 37.3244 75 657.627
  vertex 27.1529 101.317 652.616
 endloop
endfacet
facet normal 0.668589 0.0351426 -0.742801
 outer loop
  vertex 39.0186 101.317 660.072
  vertex 48.9278 101.317 669.981
  vertex 37.3244 75 657.627
 endloop
endfacet
facet normal 0.446981 0.0351899 -0.893851
 outer loop
  vertex 37.3244 75 657.627
  vertex 19.6226 75 648.608
  vertex 27.1529 101.317 652.616
 endloop
endfacet
facet normal 0.322981 0.0350482 -0.945756
 outer loop
  vertex 27.1529 101.317 652.616
  vertex 19.6226 75 648.608
  vertex 13.9256 101.317 647.988
 endloop
endfacet
facet normal 0.199414 0.035087 -0.979287
 outer loop
  vertex 13.9256 101.317 647.988
  vertex 19.6226 75 648.608
  vertex 4 100 646.501
 endloop
endfacet
facet normal 0.117215 0.0349991 -0.99249
 outer loop
  vertex 4.03448 101.317 646.549
  vertex 13.9256 101.317 647.988
  vertex 4 100 646.501
 endloop
endfacet
facet normal 0.125368 0.035222 -0.991485
 outer loop
  vertex 19.6226 75 648.608
  vertex -1.14316E-13 75 645.5
  vertex 4 100 646.501
 endloop
endfacet
facet normal 0.0354797 0.0349118 -0.99876
 outer loop
  vertex 4 100 646.501
  vertex -1.14316E-13 75 645.5
  vertex 2.66768 100 646.43
 endloop
endfacet
facet normal 0.02129 0.0349048 -0.999164
 outer loop
  vertex 2.66768 100 646.43
  vertex -1.14316E-13 75 645.5
  vertex 1.33414 100 646.387
 endloop
endfacet
facet normal 0.00709702 0.0349013 -0.999366
 outer loop
  vertex 1.33414 100 646.387
  vertex -1.14316E-13 75 645.5
  vertex -1.14077E-13 100 646.373
 endloop
endfacet
facet normal 0.550634 0.0350639 0.83401
 outer loop
  vertex 39.0186 101.317 757.928
  vertex 27.1529 101.317 765.384
  vertex 37.3244 75 760.373
 endloop
endfacet
facet normal 0.171862 3.66134E-18 0.985121
 outer loop
  vertex 81 -50.2 829.75
  vertex 82.375 -50.2 829.382
  vertex 81 -47.2 829.75
 endloop
endfacet
facet normal 0.343724 3.97702E-18 0.939071
 outer loop
  vertex 81 -47.2 829.75
  vertex 82.375 -50.2 829.382
  vertex 82.375 -47.2 829.382
 endloop
endfacet
facet normal 0.641397 4.22498E-18 0.767209
 outer loop
  vertex 82.375 -47.2 829.382
  vertex 82.375 -50.2 829.382
  vertex 83.3816 -50.2 828.375
 endloop
endfacet
facet normal 0.939071 3.65654E-18 0.343724
 outer loop
  vertex 83.3816 -47.2 828.375
  vertex 83.3816 -50.2 828.375
  vertex 83.75 -50.2 827
 endloop
endfacet
facet normal 0.985121 2.10834E-18 -0.171862
 outer loop
  vertex 83.75 -47.2 827
  vertex 83.75 -50.2 827
  vertex 83.3816 -50.2 825.625
 endloop
endfacet
facet normal 0.767209 -4.7966E-21 -0.641397
 outer loop
  vertex 83.3816 -47.2 825.625
  vertex 83.3816 -50.2 825.625
  vertex 82.375 -50.2 824.618
 endloop
endfacet
facet normal 0.343724 -2.11664E-18 -0.939071
 outer loop
  vertex 82.375 -47.2 824.618
  vertex 82.375 -50.2 824.618
  vertex 81 -50.2 824.25
 endloop
endfacet
facet normal 0.171862 -2.73115E-18 -0.985121
 outer loop
  vertex 81 -47.2 824.25
  vertex 82.375 -47.2 824.618
  vertex 81 -50.2 824.25
 endloop
endfacet
facet normal 0.641397 -7.53468E-19 -0.767209
 outer loop
  vertex 82.375 -47.2 824.618
  vertex 83.3816 -47.2 825.625
  vertex 82.375 -50.2 824.618
 endloop
endfacet
facet normal 0.939071 1.42611E-18 -0.343724
 outer loop
  vertex 83.3816 -47.2 825.625
  vertex 83.75 -47.2 827
  vertex 83.3816 -50.2 825.625
 endloop
endfacet
facet normal 0.985121 3.22355E-18 0.171862
 outer loop
  vertex 83.75 -47.2 827
  vertex 83.3816 -47.2 828.375
  vertex 83.75 -50.2 827
 endloop
endfacet
facet normal 0.767209 4.15726E-18 0.641397
 outer loop
  vertex 83.3816 -47.2 828.375
  vertex 82.375 -47.2 829.382
  vertex 83.3816 -50.2 828.375
 endloop
endfacet
facet normal 0.171862 3.66134E-18 0.985121
 outer loop
  vertex 81 47.2 829.75
  vertex 82.375 47.2 829.382
  vertex 81 50.2 829.75
 endloop
endfacet
facet normal 0.343724 3.97702E-18 0.939071
 outer loop
  vertex 81 50.2 829.75
  vertex 82.375 47.2 829.382
  vertex 82.375 50.2 829.382
 endloop
endfacet
facet normal 0.641397 4.22498E-18 0.767209
 outer loop
  vertex 82.375 50.2 829.382
  vertex 82.375 47.2 829.382
  vertex 83.3816 47.2 828.375
 endloop
endfacet
facet normal 0.939071 3.65654E-18 0.343724
 outer loop
  vertex 83.3816 50.2 828.375
  vertex 83.3816 47.2 828.375
  vertex 83.75 47.2 827
 endloop
endfacet
facet normal 0.985121 2.10834E-18 -0.171862
 outer loop
  vertex 83.75 50.2 827
  vertex 83.75 47.2 827
  vertex 83.3816 47.2 825.625
 endloop
endfacet
facet normal 0.767209 -4.7966E-21 -0.641397
 outer loop
  vertex 83.3816 50.2 825.625
  vertex 83.3816 47.2 825.625
  vertex 82.375 47.2 824.618
 endloop
endfacet
facet normal 0.343724 -2.11664E-18 -0.939071
 outer loop
  vertex 82.375 50.2 824.618
  vertex 82.375 47.2 824.618
  vertex 81 47.2 824.25
 endloop
endfacet
facet normal 0.171862 -2.73115E-18 -0.985121
 outer loop
  vertex 81 50.2 824.25
  vertex 82.375 50.2 824.618
  vertex 81 47.2 824.25
 endloop
endfacet
facet normal 0.641397 -7.53468E-19 -0.767209
 outer loop
  vertex 82.375 50.2 824.618
  vertex 83.3816 50.2 825.625
  vertex 82.375 47.2 824.618
 endloop
endfacet
facet normal 0.939071 1.42611E-18 -0.343724
 outer loop
  vertex 83.3816 50.2 825.625
  vertex 83.75 50.2 827
  vertex 83.3816 47.2 825.625
 endloop
endfacet
facet normal 0.985121 3.22355E-18 0.171862
 outer loop
  vertex 83.75 50.2 827
  vertex 83.3816 50.2 828.375
  vertex 83.75 47.2 827
 endloop
endfacet
facet normal 0.767209 4.15726E-18 0.641397
 outer loop
  vertex 83.3816 50.2 828.375
  vertex 82.375 50.2 829.382
  vertex 83.3816 47.2 828.375
 endloop
endfacet
facet normal 0.171862 -2.70675E-17 -0.985121
 outer loop
  vertex -3.13158E-13 103 766
  vertex 1.375 103 766.368
  vertex -3.13176E-13 100 766
 endloop
endfacet
facet normal 0.343724 -1.3981E-17 -0.939071
 outer loop
  vertex -3.13176E-13 100 766
  vertex 1.375 103 766.368
  vertex 1.375 100 766.368
 endloop
endfacet
facet normal 0.641397 -2.06954E-17 -0.767209
 outer loop
  vertex 1.375 100 766.368
  vertex 1.375 103 766.368
  vertex 2.38157 103 767.375
 endloop
endfacet
facet normal 0.939071 -8.77794E-18 -0.343724
 outer loop
  vertex 2.38157 100 767.375
  vertex 2.38157 103 767.375
  vertex 2.75 103 768.75
 endloop
endfacet
facet normal 0.985121 5.49152E-18 0.171862
 outer loop
  vertex 2.75 100 768.75
  vertex 2.75 103 768.75
  vertex 2.38157 103 770.125
 endloop
endfacet
facet normal 0.767209 1.82895E-17 0.641397
 outer loop
  vertex 2.38157 100 770.125
  vertex 2.38157 103 770.125
  vertex 1.375 103 771.132
 endloop
endfacet
facet normal 0.343724 2.61869E-17 0.939071
 outer loop
  vertex 1.375 100 771.132
  vertex 1.375 103 771.132
  vertex -3.12516E-13 103 771.5
 endloop
endfacet
facet normal 0.171862 1.61333E-17 0.985121
 outer loop
  vertex -3.12524E-13 100 771.5
  vertex 1.375 100 771.132
  vertex -3.12516E-13 103 771.5
 endloop
endfacet
facet normal 0.641397 1.39628E-17 0.767209
 outer loop
  vertex 1.375 100 771.132
  vertex 2.38157 100 770.125
  vertex 1.375 103 771.132
 endloop
endfacet
facet normal 0.939071 8.05097E-18 0.343724
 outer loop
  vertex 2.38157 100 770.125
  vertex 2.75 100 768.75
  vertex 2.38157 103 770.125
 endloop
endfacet
facet normal 0.985121 -1.81297E-20 -0.171862
 outer loop
  vertex 2.75 100 768.75
  vertex 2.38157 100 767.375
  vertex 2.75 103 768.75
 endloop
endfacet
facet normal 0.767209 -8.08237E-18 -0.641397
 outer loop
  vertex 2.38157 100 767.375
  vertex 1.375 100 766.368
  vertex 2.38157 103 767.375
 endloop
endfacet
facet normal 0.985121 -2.40176E-17 0.171862
 outer loop
  vertex -57 103 709
  vertex -57.3684 103 710.375
  vertex -57 100 709
 endloop
endfacet
facet normal 0.939071 -8.98611E-18 0.343724
 outer loop
  vertex -57 100 709
  vertex -57.3684 103 710.375
  vertex -57.3684 100 710.375
 endloop
endfacet
facet normal 0.767209 -1.57846E-17 0.641397
 outer loop
  vertex -57.3684 100 710.375
  vertex -57.3684 103 710.375
  vertex -58.375 103 711.382
 endloop
endfacet
facet normal 0.343724 -3.32221E-18 0.939071
 outer loop
  vertex -58.375 100 711.382
  vertex -58.375 103 711.382
  vertex -59.75 103 711.75
 endloop
endfacet
facet normal -0.171862 1.00304E-17 0.985121
 outer loop
  vertex -59.75 100 711.75
  vertex -59.75 103 711.75
  vertex -61.125 103 711.382
 endloop
endfacet
facet normal -0.641397 2.06954E-17 0.767209
 outer loop
  vertex -61.125 100 711.382
  vertex -61.125 103 711.382
  vertex -62.1316 103 710.375
 endloop
endfacet
facet normal -0.939071 2.5815E-17 0.343724
 outer loop
  vertex -62.1316 100 710.375
  vertex -62.1316 103 710.375
  vertex -62.5 103 709
 endloop
endfacet
facet normal -0.985121 1.24901E-17 0.171862
 outer loop
  vertex -62.5 100 709
  vertex -62.1316 100 710.375
  vertex -62.5 103 709
 endloop
endfacet
facet normal -0.767209 1.26474E-17 0.641397
 outer loop
  vertex -62.1316 100 710.375
  vertex -61.125 100 711.382
  vertex -62.1316 103 710.375
 endloop
endfacet
facet normal -0.343724 9.41588E-18 0.939071
 outer loop
  vertex -61.125 100 711.382
  vertex -59.75 100 711.75
  vertex -61.125 103 711.382
 endloop
endfacet
facet normal 0.171862 3.66134E-18 0.985121
 outer loop
  vertex -59.75 100 711.75
  vertex -58.375 100 711.382
  vertex -59.75 103 711.75
 endloop
endfacet
facet normal 0.641397 -3.07426E-18 0.767209
 outer loop
  vertex -58.375 100 711.382
  vertex -57.3684 100 710.375
  vertex -58.375 103 711.382
 endloop
endfacet
facet normal 0.171862 1.94787E-17 -0.985121
 outer loop
  vertex 8.7151E-14 103 646.5
  vertex 1.375 103 646.868
  vertex 8.71243E-14 100 646.5
 endloop
endfacet
facet normal 0.343724 7.6212E-18 -0.939071
 outer loop
  vertex 8.71243E-14 100 646.5
  vertex 1.375 103 646.868
  vertex 1.375 100 646.868
 endloop
endfacet
facet normal 0.641397 1.33788E-17 -0.767209
 outer loop
  vertex 1.375 100 646.868
  vertex 1.375 103 646.868
  vertex 2.38157 103 647.875
 endloop
endfacet
facet normal 0.939071 3.69407E-18 -0.343724
 outer loop
  vertex 2.38157 100 647.875
  vertex 2.38157 103 647.875
  vertex 2.75 103 649.25
 endloop
endfacet
facet normal 0.985121 -6.98049E-18 0.171862
 outer loop
  vertex 2.75 100 649.25
  vertex 2.75 103 649.25
  vertex 2.38157 103 650.625
 endloop
endfacet
facet normal 0.767209 -1.57846E-17 0.641397
 outer loop
  vertex 2.38157 100 650.625
  vertex 2.38157 103 650.625
  vertex 1.375 103 651.632
 endloop
endfacet
facet normal 0.343724 -2.03593E-17 0.939071
 outer loop
  vertex 1.375 100 651.632
  vertex 1.375 103 651.632
  vertex 8.77838E-14 103 652
 endloop
endfacet
facet normal 0.171862 -8.81067E-18 0.985121
 outer loop
  vertex 8.77757E-14 100 652
  vertex 1.375 100 651.632
  vertex 8.77838E-14 103 652
 endloop
endfacet
facet normal 0.641397 -7.63933E-18 0.767209
 outer loop
  vertex 1.375 100 651.632
  vertex 2.38157 100 650.625
  vertex 1.375 103 651.632
 endloop
endfacet
facet normal 0.939071 -4.42103E-18 0.343724
 outer loop
  vertex 2.38157 100 650.625
  vertex 2.75 100 649.25
  vertex 2.38157 103 650.625
 endloop
endfacet
facet normal 0.985121 -1.81297E-20 -0.171862
 outer loop
  vertex 2.75 100 649.25
  vertex 2.38157 100 647.875
  vertex 2.75 103 649.25
 endloop
endfacet
facet normal 0.767209 4.38963E-18 -0.641397
 outer loop
  vertex 2.38157 100 647.875
  vertex 1.375 100 646.868
  vertex 2.38157 103 647.875
 endloop
endfacet
facet normal 0.985121 2.25286E-17 0.171862
 outer loop
  vertex 62.5 103 709
  vertex 62.1316 103 710.375
  vertex 62.5 100 709
 endloop
endfacet
facet normal 0.939071 1.2616E-17 0.343724
 outer loop
  vertex 62.5 100 709
  vertex 62.1316 103 710.375
  vertex 62.1316 100 710.375
 endloop
endfacet
facet normal 0.767209 1.82895E-17 0.641397
 outer loop
  vertex 62.1316 100 710.375
  vertex 62.1316 103 710.375
  vertex 61.125 103 711.382
 endloop
endfacet
facet normal 0.343724 9.14979E-18 0.939071
 outer loop
  vertex 61.125 100 711.382
  vertex 61.125 103 711.382
  vertex 59.75 103 711.75
 endloop
endfacet
facet normal -0.171862 -2.44162E-18 0.985121
 outer loop
  vertex 59.75 100 711.75
  vertex 59.75 103 711.75
  vertex 58.375 103 711.382
 endloop
endfacet
facet normal -0.641397 -1.33788E-17 0.767209
 outer loop
  vertex 58.375 100 711.382
  vertex 58.375 103 711.382
  vertex 57.3684 103 710.375
 endloop
endfacet
facet normal -0.939071 -2.07311E-17 0.343724
 outer loop
  vertex 57.3684 100 710.375
  vertex 57.3684 103 710.375
  vertex 57 103 709
 endloop
endfacet
facet normal -0.985121 -1.24539E-17 0.171862
 outer loop
  vertex 57 100 709
  vertex 57.3684 100 710.375
  vertex 57 103 709
 endloop
endfacet
facet normal -0.767209 -8.9547E-18 0.641397
 outer loop
  vertex 57.3684 100 710.375
  vertex 58.375 100 711.382
  vertex 57.3684 103 710.375
 endloop
endfacet
facet normal -0.343724 -3.05613E-18 0.939071
 outer loop
  vertex 58.375 100 711.382
  vertex 59.75 100 711.75
  vertex 58.375 103 711.382
 endloop
endfacet
facet normal 0.171862 3.66134E-18 0.985121
 outer loop
  vertex 59.75 100 711.75
  vertex 61.125 100 711.382
  vertex 59.75 103 711.75
 endloop
endfacet
facet normal 0.641397 9.39775E-18 0.767209
 outer loop
  vertex 61.125 100 711.382
  vertex 62.1316 100 710.375
  vertex 61.125 103 711.382
 endloop
endfacet
facet normal -0.106491 0.505838 0.85603
 outer loop
  vertex -1.12856E-13 111.97 704.34
  vertex -1.12854E-13 111 704.9
  vertex 1.69931 111.97 704.661
 endloop
endfacet
facet normal -0.254176 0.509167 0.822279
 outer loop
  vertex 1.69931 111.97 704.661
  vertex -1.12854E-13 111 704.9
  vertex 2.05 111 705.449
 endloop
endfacet
facet normal -0.573851 0.509754 0.640973
 outer loop
  vertex 2.72075 111.97 705.216
  vertex 2.05 111 705.449
  vertex 3.5507 111 706.95
 endloop
endfacet
facet normal -0.78227 0.504085 0.365996
 outer loop
  vertex 3.95279 111.97 706.531
  vertex 3.5507 111 706.95
  vertex 4.53765 111.97 707.938
 endloop
endfacet
facet normal -0.672631 0.506969 0.539027
 outer loop
  vertex 3.95279 111.97 706.531
  vertex 2.72075 111.97 705.216
  vertex 3.5507 111 706.95
 endloop
endfacet
facet normal -0.833992 0.508684 0.21377
 outer loop
  vertex 3.5507 111 706.95
  vertex 4.1 111 709
  vertex 4.53765 111.97 707.938
 endloop
endfacet
facet normal -0.862903 0.502857 0.0503323
 outer loop
  vertex 4.53765 111.97 707.938
  vertex 4.1 111 709
  vertex 4.65334 111.97 709.254
 endloop
endfacet
facet normal -0.844227 0.510464 -0.163425
 outer loop
  vertex 4.65334 111.97 709.254
  vertex 4.1 111 709
  vertex 3.5507 111 711.05
 endloop
endfacet
facet normal -0.732705 0.502265 -0.459209
 outer loop
  vertex 4.20157 111.97 711.016
  vertex 3.5507 111 711.05
  vertex 3.53772 111.97 712.034
 endloop
endfacet
facet normal -0.811255 0.507983 -0.289514
 outer loop
  vertex 4.20157 111.97 711.016
  vertex 4.65334 111.97 709.254
  vertex 3.5507 111 711.05
 endloop
endfacet
facet normal -0.624385 0.508889 -0.592601
 outer loop
  vertex 3.5507 111 711.05
  vertex 2.05 111 712.551
  vertex 3.53772 111.97 712.034
 endloop
endfacet
facet normal -0.50877 0.505038 -0.697201
 outer loop
  vertex 3.53772 111.97 712.034
  vertex 2.05 111 712.551
  vertex 2.26361 111.97 713.074
 endloop
endfacet
facet normal -0.324885 0.50637 -0.798774
 outer loop
  vertex 2.26361 111.97 713.074
  vertex 2.05 111 712.551
  vertex 0.585102 111.97 713.623
 endloop
endfacet
facet normal -0.183985 0.509424 -0.840617
 outer loop
  vertex 0.585102 111.97 713.623
  vertex 2.05 111 712.551
  vertex -1.1324E-13 111 713.1
 endloop
endfacet
facet normal -0.0362914 0.500661 -0.864883
 outer loop
  vertex -1.13248E-13 111.97 713.66
  vertex 0.585102 111.97 713.623
  vertex -1.1324E-13 111 713.1
 endloop
endfacet
facet normal -0.419795 0.501986 0.756163
 outer loop
  vertex 2.72075 111.97 705.216
  vertex 1.69931 111.97 704.661
  vertex 2.05 111 705.449
 endloop
endfacet
facet normal 0.171862 3.66134E-18 0.985121
 outer loop
  vertex 16 -48.7 787.25
  vertex 17.375 -48.7 786.882
  vertex 16 -47.2 787.25
 endloop
endfacet
facet normal 0.343724 3.97702E-18 0.939071
 outer loop
  vertex 16 -47.2 787.25
  vertex 17.375 -48.7 786.882
  vertex 17.375 -47.2 786.882
 endloop
endfacet
facet normal 0.641397 4.22498E-18 0.767209
 outer loop
  vertex 17.375 -47.2 786.882
  vertex 17.375 -48.7 786.882
  vertex 18.3816 -48.7 785.875
 endloop
endfacet
facet normal 0.939071 3.65654E-18 0.343724
 outer loop
  vertex 18.3816 -47.2 785.875
  vertex 18.3816 -48.7 785.875
  vertex 18.75 -48.7 784.5
 endloop
endfacet
facet normal 0.985121 2.10834E-18 -0.171862
 outer loop
  vertex 18.75 -47.2 784.5
  vertex 18.75 -48.7 784.5
  vertex 18.3816 -48.7 783.125
 endloop
endfacet
facet normal 0.767209 -4.7966E-21 -0.641397
 outer loop
  vertex 18.3816 -47.2 783.125
  vertex 18.3816 -48.7 783.125
  vertex 17.375 -48.7 782.118
 endloop
endfacet
facet normal 0.343724 -2.11664E-18 -0.939071
 outer loop
  vertex 17.375 -47.2 782.118
  vertex 17.375 -48.7 782.118
  vertex 16 -48.7 781.75
 endloop
endfacet
facet normal 0.171862 -2.73115E-18 -0.985121
 outer loop
  vertex 16 -47.2 781.75
  vertex 17.375 -47.2 782.118
  vertex 16 -48.7 781.75
 endloop
endfacet
facet normal 0.641397 -7.53468E-19 -0.767209
 outer loop
  vertex 17.375 -47.2 782.118
  vertex 18.3816 -47.2 783.125
  vertex 17.375 -48.7 782.118
 endloop
endfacet
facet normal 0.939071 1.42611E-18 -0.343724
 outer loop
  vertex 18.3816 -47.2 783.125
  vertex 18.75 -47.2 784.5
  vertex 18.3816 -48.7 783.125
 endloop
endfacet
facet normal 0.985121 3.22355E-18 0.171862
 outer loop
  vertex 18.75 -47.2 784.5
  vertex 18.3816 -47.2 785.875
  vertex 18.75 -48.7 784.5
 endloop
endfacet
facet normal 0.767209 4.15726E-18 0.641397
 outer loop
  vertex 18.3816 -47.2 785.875
  vertex 17.375 -47.2 786.882
  vertex 18.3816 -48.7 785.875
 endloop
endfacet
facet normal -0.171862 -3.66134E-18 -0.985121
 outer loop
  vertex 16 -48.7 781.75
  vertex 14.625 -48.7 782.118
  vertex 16 -47.2 781.75
 endloop
endfacet
facet normal -0.343724 -3.97702E-18 -0.939071
 outer loop
  vertex 16 -47.2 781.75
  vertex 14.625 -48.7 782.118
  vertex 14.625 -47.2 782.118
 endloop
endfacet
facet normal -0.641397 -4.22498E-18 -0.767209
 outer loop
  vertex 14.625 -47.2 782.118
  vertex 14.625 -48.7 782.118
  vertex 13.6184 -48.7 783.125
 endloop
endfacet
facet normal -0.939071 -3.65654E-18 -0.343724
 outer loop
  vertex 13.6184 -47.2 783.125
  vertex 13.6184 -48.7 783.125
  vertex 13.25 -48.7 784.5
 endloop
endfacet
facet normal -0.985121 -2.10834E-18 0.171862
 outer loop
  vertex 13.25 -47.2 784.5
  vertex 13.25 -48.7 784.5
  vertex 13.6184 -48.7 785.875
 endloop
endfacet
facet normal -0.767209 4.7966E-21 0.641397
 outer loop
  vertex 13.6184 -47.2 785.875
  vertex 13.6184 -48.7 785.875
  vertex 14.625 -48.7 786.882
 endloop
endfacet
facet normal -0.343724 2.11664E-18 0.939071
 outer loop
  vertex 14.625 -47.2 786.882
  vertex 14.625 -48.7 786.882
  vertex 16 -48.7 787.25
 endloop
endfacet
facet normal -0.171862 2.73115E-18 0.985121
 outer loop
  vertex 16 -47.2 787.25
  vertex 14.625 -47.2 786.882
  vertex 16 -48.7 787.25
 endloop
endfacet
facet normal -0.641397 7.53468E-19 0.767209
 outer loop
  vertex 14.625 -47.2 786.882
  vertex 13.6184 -47.2 785.875
  vertex 14.625 -48.7 786.882
 endloop
endfacet
facet normal -0.939071 -1.42611E-18 0.343724
 outer loop
  vertex 13.6184 -47.2 785.875
  vertex 13.25 -47.2 784.5
  vertex 13.6184 -48.7 785.875
 endloop
endfacet
facet normal -0.985121 -3.22355E-18 -0.171862
 outer loop
  vertex 13.25 -47.2 784.5
  vertex 13.6184 -47.2 783.125
  vertex 13.25 -48.7 784.5
 endloop
endfacet
facet normal -0.767209 -4.15726E-18 -0.641397
 outer loop
  vertex 13.6184 -47.2 783.125
  vertex 14.625 -47.2 782.118
  vertex 13.6184 -48.7 783.125
 endloop
endfacet
facet normal -2.70621E-18 -1 -3.24452E-18
 outer loop
  vertex 16 -48.7 787.25
  vertex 14.625 -48.7 786.882
  vertex 17.375 -48.7 786.882
 endloop
endfacet
facet normal -2.70621E-18 -1 -3.24452E-18
 outer loop
  vertex 17.375 -48.7 786.882
  vertex 14.625 -48.7 786.882
  vertex 18.3816 -48.7 785.875
 endloop
endfacet
facet normal -2.70621E-18 -1 -3.24452E-18
 outer loop
  vertex 18.3816 -48.7 785.875
  vertex 14.625 -48.7 786.882
  vertex 13.6184 -48.7 785.875
 endloop
endfacet
facet normal -2.70621E-18 -1 -3.24452E-18
 outer loop
  vertex 18.75 -48.7 784.5
  vertex 13.6184 -48.7 785.875
  vertex 13.25 -48.7 784.5
 endloop
endfacet
facet normal -2.70621E-18 -1 -3.24452E-18
 outer loop
  vertex 18.3816 -48.7 783.125
  vertex 13.25 -48.7 784.5
  vertex 13.6184 -48.7 783.125
 endloop
endfacet
facet normal -2.70621E-18 -1 -3.24452E-18
 outer loop
  vertex 17.375 -48.7 782.118
  vertex 13.6184 -48.7 783.125
  vertex 14.625 -48.7 782.118
 endloop
endfacet
facet normal -2.70621E-18 -1 -3.24452E-18
 outer loop
  vertex 16 -48.7 781.75
  vertex 17.375 -48.7 782.118
  vertex 14.625 -48.7 782.118
 endloop
endfacet
facet normal -2.70621E-18 -1 -3.24452E-18
 outer loop
  vertex 17.375 -48.7 782.118
  vertex 18.3816 -48.7 783.125
  vertex 13.6184 -48.7 783.125
 endloop
endfacet
facet normal -2.70621E-18 -1 -3.24452E-18
 outer loop
  vertex 18.3816 -48.7 783.125
  vertex 18.75 -48.7 784.5
  vertex 13.25 -48.7 784.5
 endloop
endfacet
facet normal -2.70621E-18 -1 -3.24452E-18
 outer loop
  vertex 18.75 -48.7 784.5
  vertex 18.3816 -48.7 785.875
  vertex 13.6184 -48.7 785.875
 endloop
endfacet
facet normal 8.89277E-18 1 -3.30405E-17
 outer loop
  vertex 3.5507 111 711.05
  vertex 3.5507 111 706.95
  vertex 2.05 111 712.551
 endloop
endfacet
facet normal 8.89277E-18 1 -3.30405E-17
 outer loop
  vertex 3.5507 111 711.05
  vertex 4.1 111 709
  vertex 3.5507 111 706.95
 endloop
endfacet
facet normal 8.89277E-18 1 -3.30405E-17
 outer loop
  vertex 3.5507 111 706.95
  vertex 2.05 111 705.449
  vertex 2.05 111 712.551
 endloop
endfacet
facet normal 8.89277E-18 1 -3.30405E-17
 outer loop
  vertex 2.05 111 712.551
  vertex 2.05 111 705.449
  vertex -1.1324E-13 111 713.1
 endloop
endfacet
facet normal 8.89277E-18 1 -3.30405E-17
 outer loop
  vertex -1.1324E-13 111 713.1
  vertex 2.05 111 705.449
  vertex -1.12854E-13 111 704.9
 endloop
endfacet
facet normal 8.89277E-18 1 -3.30405E-17
 outer loop
  vertex -2.05 111 712.551
  vertex -1.12854E-13 111 704.9
  vertex -2.05 111 705.449
 endloop
endfacet
facet normal 8.89277E-18 1 -3.30405E-17
 outer loop
  vertex -3.5507 111 711.05
  vertex -2.05 111 705.449
  vertex -3.5507 111 706.95
 endloop
endfacet
facet normal 8.89277E-18 1 -3.30405E-17
 outer loop
  vertex -4.1 111 709
  vertex -3.5507 111 711.05
  vertex -3.5507 111 706.95
 endloop
endfacet
facet normal 8.89277E-18 1 -3.30405E-17
 outer loop
  vertex -3.5507 111 711.05
  vertex -2.05 111 712.551
  vertex -2.05 111 705.449
 endloop
endfacet
facet normal 8.89277E-18 1 -3.30405E-17
 outer loop
  vertex -2.05 111 712.551
  vertex -1.1324E-13 111 713.1
  vertex -1.12854E-13 111 704.9
 endloop
endfacet
facet normal -2.73922E-17 1 3.24452E-18
 outer loop
  vertex 61.125 103 706.618
  vertex 58.375 103 706.618
  vertex 62.1316 103 707.625
 endloop
endfacet
facet normal -2.73922E-17 1 3.24452E-18
 outer loop
  vertex 61.125 103 706.618
  vertex 59.75 103 706.25
  vertex 58.375 103 706.618
 endloop
endfacet
facet normal -2.73922E-17 1 3.24452E-18
 outer loop
  vertex 58.375 103 706.618
  vertex 57.3684 103 707.625
  vertex 62.1316 103 707.625
 endloop
endfacet
facet normal -2.73922E-17 1 3.24452E-18
 outer loop
  vertex 62.1316 103 707.625
  vertex 57.3684 103 707.625
  vertex 62.5 103 709
 endloop
endfacet
facet normal -2.73922E-17 1 3.24452E-18
 outer loop
  vertex 62.5 103 709
  vertex 57.3684 103 707.625
  vertex 57 103 709
 endloop
endfacet
facet normal -2.73922E-17 1 3.24452E-18
 outer loop
  vertex 62.1316 103 710.375
  vertex 57 103 709
  vertex 57.3684 103 710.375
 endloop
endfacet
facet normal -2.73922E-17 1 3.24452E-18
 outer loop
  vertex 61.125 103 711.382
  vertex 57.3684 103 710.375
  vertex 58.375 103 711.382
 endloop
endfacet
facet normal -2.73922E-17 1 3.24452E-18
 outer loop
  vertex 59.75 103 711.75
  vertex 61.125 103 711.382
  vertex 58.375 103 711.382
 endloop
endfacet
facet normal -2.73922E-17 1 3.24452E-18
 outer loop
  vertex 61.125 103 711.382
  vertex 62.1316 103 710.375
  vertex 57.3684 103 710.375
 endloop
endfacet
facet normal -2.73922E-17 1 3.24452E-18
 outer loop
  vertex 62.1316 103 710.375
  vertex 62.5 103 709
  vertex 57 103 709
 endloop
endfacet
facet normal 8.89277E-18 1 3.95295E-17
 outer loop
  vertex -2.38157 103 647.875
  vertex -2.38157 103 650.625
  vertex -1.375 103 646.868
 endloop
endfacet
facet normal 8.89277E-18 1 3.95295E-17
 outer loop
  vertex -2.38157 103 647.875
  vertex -2.75 103 649.25
  vertex -2.38157 103 650.625
 endloop
endfacet
facet normal 8.89277E-18 1 3.95295E-17
 outer loop
  vertex -2.38157 103 650.625
  vertex -1.375 103 651.632
  vertex -1.375 103 646.868
 endloop
endfacet
facet normal 8.89277E-18 1 3.95295E-17
 outer loop
  vertex -1.375 103 646.868
  vertex -1.375 103 651.632
  vertex 8.7151E-14 103 646.5
 endloop
endfacet
facet normal 8.89277E-18 1 3.95295E-17
 outer loop
  vertex 8.7151E-14 103 646.5
  vertex -1.375 103 651.632
  vertex 8.77838E-14 103 652
 endloop
endfacet
facet normal 8.89277E-18 1 3.95295E-17
 outer loop
  vertex 1.375 103 646.868
  vertex 8.77838E-14 103 652
  vertex 1.375 103 651.632
 endloop
endfacet
facet normal 8.89277E-18 1 3.95295E-17
 outer loop
  vertex 2.38157 103 647.875
  vertex 1.375 103 651.632
  vertex 2.38157 103 650.625
 endloop
endfacet
facet normal 8.89277E-18 1 3.95295E-17
 outer loop
  vertex 2.75 103 649.25
  vertex 2.38157 103 647.875
  vertex 2.38157 103 650.625
 endloop
endfacet
facet normal 8.89277E-18 1 3.95295E-17
 outer loop
  vertex 2.38157 103 647.875
  vertex 1.375 103 646.868
  vertex 1.375 103 651.632
 endloop
endfacet
facet normal 8.89277E-18 1 3.95295E-17
 outer loop
  vertex 1.375 103 646.868
  vertex 8.7151E-14 103 646.5
  vertex 8.77838E-14 103 652
 endloop
endfacet
facet normal 4.51777E-17 1 3.24452E-18
 outer loop
  vertex -58.375 103 706.618
  vertex -61.125 103 706.618
  vertex -57.3684 103 707.625
 endloop
endfacet
facet normal 4.51777E-17 1 3.24452E-18
 outer loop
  vertex -58.375 103 706.618
  vertex -59.75 103 706.25
  vertex -61.125 103 706.618
 endloop
endfacet
facet normal 4.51777E-17 1 3.24452E-18
 outer loop
  vertex -61.125 103 706.618
  vertex -62.1316 103 707.625
  vertex -57.3684 103 707.625
 endloop
endfacet
facet normal 4.51777E-17 1 3.24452E-18
 outer loop
  vertex -57.3684 103 707.625
  vertex -62.1316 103 707.625
  vertex -57 103 709
 endloop
endfacet
facet normal 4.51777E-17 1 3.24452E-18
 outer loop
  vertex -57 103 709
  vertex -62.1316 103 707.625
  vertex -62.5 103 709
 endloop
endfacet
facet normal 4.51777E-17 1 3.24452E-18
 outer loop
  vertex -57.3684 103 710.375
  vertex -62.5 103 709
  vertex -62.1316 103 710.375
 endloop
endfacet
facet normal 4.51777E-17 1 3.24452E-18
 outer loop
  vertex -58.375 103 711.382
  vertex -62.1316 103 710.375
  vertex -61.125 103 711.382
 endloop
endfacet
facet normal 4.51777E-17 1 3.24452E-18
 outer loop
  vertex -59.75 103 711.75
  vertex -58.375 103 711.382
  vertex -61.125 103 711.382
 endloop
endfacet
facet normal 4.51777E-17 1 3.24452E-18
 outer loop
  vertex -58.375 103 711.382
  vertex -57.3684 103 710.375
  vertex -62.1316 103 710.375
 endloop
endfacet
facet normal 4.51777E-17 1 3.24452E-18
 outer loop
  vertex -57.3684 103 710.375
  vertex -57 103 709
  vertex -62.5 103 709
 endloop
endfacet
facet normal 8.89277E-18 1 -3.30405E-17
 outer loop
  vertex -2.38157 103 767.375
  vertex -2.38157 103 770.125
  vertex -1.375 103 766.368
 endloop
endfacet
facet normal 8.89277E-18 1 -3.30405E-17
 outer loop
  vertex -2.38157 103 767.375
  vertex -2.75 103 768.75
  vertex -2.38157 103 770.125
 endloop
endfacet
facet normal 8.89277E-18 1 -3.30405E-17
 outer loop
  vertex -2.38157 103 770.125
  vertex -1.375 103 771.132
  vertex -1.375 103 766.368
 endloop
endfacet
facet normal 8.89277E-18 1 -3.30405E-17
 outer loop
  vertex -1.375 103 766.368
  vertex -1.375 103 771.132
  vertex -3.13158E-13 103 766
 endloop
endfacet
facet normal 8.89277E-18 1 -3.30405E-17
 outer loop
  vertex -3.13158E-13 103 766
  vertex -1.375 103 771.132
  vertex -3.12516E-13 103 771.5
 endloop
endfacet
facet normal 8.89277E-18 1 -3.30405E-17
 outer loop
  vertex 1.375 103 766.368
  vertex -3.12516E-13 103 771.5
  vertex 1.375 103 771.132
 endloop
endfacet
facet normal 8.89277E-18 1 -3.30405E-17
 outer loop
  vertex 2.38157 103 767.375
  vertex 1.375 103 771.132
  vertex 2.38157 103 770.125
 endloop
endfacet
facet normal 8.89277E-18 1 -3.30405E-17
 outer loop
  vertex 2.75 103 768.75
  vertex 2.38157 103 767.375
  vertex 2.38157 103 770.125
 endloop
endfacet
facet normal 8.89277E-18 1 -3.30405E-17
 outer loop
  vertex 2.38157 103 767.375
  vertex 1.375 103 766.368
  vertex 1.375 103 771.132
 endloop
endfacet
facet normal 8.89277E-18 1 -3.30405E-17
 outer loop
  vertex 1.375 103 766.368
  vertex -3.13158E-13 103 766
  vertex -3.12516E-13 103 771.5
 endloop
endfacet
facet normal 0.106491 0.505838 -0.85603
 outer loop
  vertex -1.13248E-13 111.97 713.66
  vertex -1.1324E-13 111 713.1
  vertex -1.69931 111.97 713.339
 endloop
endfacet
facet normal 0.254176 0.509167 -0.822279
 outer loop
  vertex -1.69931 111.97 713.339
  vertex -1.1324E-13 111 713.1
  vertex -2.05 111 712.551
 endloop
endfacet
facet normal 0.573851 0.509754 -0.640973
 outer loop
  vertex -2.72075 111.97 712.784
  vertex -2.05 111 712.551
  vertex -3.5507 111 711.05
 endloop
endfacet
facet normal 0.78227 0.504085 -0.365996
 outer loop
  vertex -3.95279 111.97 711.469
  vertex -3.5507 111 711.05
  vertex -4.53765 111.97 710.062
 endloop
endfacet
facet normal 0.672631 0.506969 -0.539027
 outer loop
  vertex -3.95279 111.97 711.469
  vertex -2.72075 111.97 712.784
  vertex -3.5507 111 711.05
 endloop
endfacet
facet normal 0.833992 0.508684 -0.21377
 outer loop
  vertex -3.5507 111 711.05
  vertex -4.1 111 709
  vertex -4.53765 111.97 710.062
 endloop
endfacet
facet normal 0.862903 0.502857 -0.0503323
 outer loop
  vertex -4.53765 111.97 710.062
  vertex -4.1 111 709
  vertex -4.65334 111.97 708.746
 endloop
endfacet
facet normal 0.844227 0.510464 0.163425
 outer loop
  vertex -4.65334 111.97 708.746
  vertex -4.1 111 709
  vertex -3.5507 111 706.95
 endloop
endfacet
facet normal 0.732705 0.502265 0.459209
 outer loop
  vertex -4.20157 111.97 706.984
  vertex -3.5507 111 706.95
  vertex -3.53772 111.97 705.966
 endloop
endfacet
facet normal 0.811255 0.507983 0.289514
 outer loop
  vertex -4.20157 111.97 706.984
  vertex -4.65334 111.97 708.746
  vertex -3.5507 111 706.95
 endloop
endfacet
facet normal 0.624385 0.508889 0.592601
 outer loop
  vertex -3.5507 111 706.95
  vertex -2.05 111 705.449
  vertex -3.53772 111.97 705.966
 endloop
endfacet
facet normal 0.50877 0.505038 0.697201
 outer loop
  vertex -3.53772 111.97 705.966
  vertex -2.05 111 705.449
  vertex -2.26361 111.97 704.926
 endloop
endfacet
facet normal 0.324885 0.50637 0.798774
 outer loop
  vertex -2.26361 111.97 704.926
  vertex -2.05 111 705.449
  vertex -0.585102 111.97 704.377
 endloop
endfacet
facet normal 0.183985 0.509424 0.840617
 outer loop
  vertex -0.585102 111.97 704.377
  vertex -2.05 111 705.449
  vertex -1.12854E-13 111 704.9
 endloop
endfacet
facet normal 0.0362914 0.500661 0.864883
 outer loop
  vertex -1.12856E-13 111.97 704.34
  vertex -0.585102 111.97 704.377
  vertex -1.12854E-13 111 704.9
 endloop
endfacet
facet normal 0.419795 0.501986 -0.756163
 outer loop
  vertex -2.72075 111.97 712.784
  vertex -1.69931 111.97 713.339
  vertex -2.05 111 712.551
 endloop
endfacet
facet normal 2.70621E-18 1 3.24452E-18
 outer loop
  vertex 83.3816 50.2 828.375
  vertex 83.3816 50.2 825.625
  vertex 82.375 50.2 829.382
 endloop
endfacet
facet normal 2.70621E-18 1 3.24452E-18
 outer loop
  vertex 83.3816 50.2 828.375
  vertex 83.75 50.2 827
  vertex 83.3816 50.2 825.625
 endloop
endfacet
facet normal 2.70621E-18 1 3.24452E-18
 outer loop
  vertex 83.3816 50.2 825.625
  vertex 82.375 50.2 824.618
  vertex 82.375 50.2 829.382
 endloop
endfacet
facet normal 2.70621E-18 1 3.24452E-18
 outer loop
  vertex 82.375 50.2 829.382
  vertex 82.375 50.2 824.618
  vertex 81 50.2 829.75
 endloop
endfacet
facet normal 2.70621E-18 1 3.24452E-18
 outer loop
  vertex 81 50.2 829.75
  vertex 82.375 50.2 824.618
  vertex 81 50.2 824.25
 endloop
endfacet
facet normal 2.70621E-18 1 3.24452E-18
 outer loop
  vertex 79.625 50.2 829.382
  vertex 81 50.2 824.25
  vertex 79.625 50.2 824.618
 endloop
endfacet
facet normal 2.70621E-18 1 3.24452E-18
 outer loop
  vertex 78.6184 50.2 828.375
  vertex 79.625 50.2 824.618
  vertex 78.6184 50.2 825.625
 endloop
endfacet
facet normal 2.70621E-18 1 3.24452E-18
 outer loop
  vertex 78.25 50.2 827
  vertex 78.6184 50.2 828.375
  vertex 78.6184 50.2 825.625
 endloop
endfacet
facet normal 2.70621E-18 1 3.24452E-18
 outer loop
  vertex 78.6184 50.2 828.375
  vertex 79.625 50.2 829.382
  vertex 79.625 50.2 824.618
 endloop
endfacet
facet normal 2.70621E-18 1 3.24452E-18
 outer loop
  vertex 79.625 50.2 829.382
  vertex 81 50.2 829.75
  vertex 81 50.2 824.25
 endloop
endfacet
facet normal -0.985121 -2.25286E-17 -0.171862
 outer loop
  vertex 57 103 709
  vertex 57.3684 103 707.625
  vertex 57 100 709
 endloop
endfacet
facet normal -0.939071 -1.2616E-17 -0.343724
 outer loop
  vertex 57 100 709
  vertex 57.3684 103 707.625
  vertex 57.3684 100 707.625
 endloop
endfacet
facet normal -0.767209 -1.82895E-17 -0.641397
 outer loop
  vertex 57.3684 100 707.625
  vertex 57.3684 103 707.625
  vertex 58.375 103 706.618
 endloop
endfacet
facet normal -0.343724 -9.14979E-18 -0.939071
 outer loop
  vertex 58.375 100 706.618
  vertex 58.375 103 706.618
  vertex 59.75 103 706.25
 endloop
endfacet
facet normal 0.171862 2.44162E-18 -0.985121
 outer loop
  vertex 59.75 100 706.25
  vertex 59.75 103 706.25
  vertex 61.125 103 706.618
 endloop
endfacet
facet normal 0.641397 1.33788E-17 -0.767209
 outer loop
  vertex 61.125 100 706.618
  vertex 61.125 103 706.618
  vertex 62.1316 103 707.625
 endloop
endfacet
facet normal 0.939071 2.07311E-17 -0.343724
 outer loop
  vertex 62.1316 100 707.625
  vertex 62.1316 103 707.625
  vertex 62.5 103 709
 endloop
endfacet
facet normal 0.985121 1.24539E-17 -0.171862
 outer loop
  vertex 62.5 100 709
  vertex 62.1316 100 707.625
  vertex 62.5 103 709
 endloop
endfacet
facet normal 0.767209 8.9547E-18 -0.641397
 outer loop
  vertex 62.1316 100 707.625
  vertex 61.125 100 706.618
  vertex 62.1316 103 707.625
 endloop
endfacet
facet normal 0.343724 3.05613E-18 -0.939071
 outer loop
  vertex 61.125 100 706.618
  vertex 59.75 100 706.25
  vertex 61.125 103 706.618
 endloop
endfacet
facet normal -0.171862 -3.66134E-18 -0.985121
 outer loop
  vertex 59.75 100 706.25
  vertex 58.375 100 706.618
  vertex 59.75 103 706.25
 endloop
endfacet
facet normal -0.641397 -9.39775E-18 -0.767209
 outer loop
  vertex 58.375 100 706.618
  vertex 57.3684 100 707.625
  vertex 58.375 103 706.618
 endloop
endfacet
facet normal -0.171862 -1.94787E-17 0.985121
 outer loop
  vertex 8.77838E-14 103 652
  vertex -1.375 103 651.632
  vertex 8.77757E-14 100 652
 endloop
endfacet
facet normal -0.343724 -7.6212E-18 0.939071
 outer loop
  vertex 8.77757E-14 100 652
  vertex -1.375 103 651.632
  vertex -1.375 100 651.632
 endloop
endfacet
facet normal -0.641397 -1.33788E-17 0.767209
 outer loop
  vertex -1.375 100 651.632
  vertex -1.375 103 651.632
  vertex -2.38157 103 650.625
 endloop
endfacet
facet normal -0.939071 -3.69407E-18 0.343724
 outer loop
  vertex -2.38157 100 650.625
  vertex -2.38157 103 650.625
  vertex -2.75 103 649.25
 endloop
endfacet
facet normal -0.985121 6.98049E-18 -0.171862
 outer loop
  vertex -2.75 100 649.25
  vertex -2.75 103 649.25
  vertex -2.38157 103 647.875
 endloop
endfacet
facet normal -0.767209 1.57846E-17 -0.641397
 outer loop
  vertex -2.38157 100 647.875
  vertex -2.38157 103 647.875
  vertex -1.375 103 646.868
 endloop
endfacet
facet normal -0.343724 2.03593E-17 -0.939071
 outer loop
  vertex -1.375 100 646.868
  vertex -1.375 103 646.868
  vertex 8.7151E-14 103 646.5
 endloop
endfacet
facet normal -0.171862 8.81067E-18 -0.985121
 outer loop
  vertex 8.71243E-14 100 646.5
  vertex -1.375 100 646.868
  vertex 8.7151E-14 103 646.5
 endloop
endfacet
facet normal -0.641397 7.63933E-18 -0.767209
 outer loop
  vertex -1.375 100 646.868
  vertex -2.38157 100 647.875
  vertex -1.375 103 646.868
 endloop
endfacet
facet normal -0.939071 4.42103E-18 -0.343724
 outer loop
  vertex -2.38157 100 647.875
  vertex -2.75 100 649.25
  vertex -2.38157 103 647.875
 endloop
endfacet
facet normal -0.985121 1.81297E-20 0.171862
 outer loop
  vertex -2.75 100 649.25
  vertex -2.38157 100 650.625
  vertex -2.75 103 649.25
 endloop
endfacet
facet normal -0.767209 -4.38963E-18 0.641397
 outer loop
  vertex -2.38157 100 650.625
  vertex -1.375 100 651.632
  vertex -2.38157 103 650.625
 endloop
endfacet
facet normal 0.996601 0.0263382 -0.0780588
 outer loop
  vertex -4.16413 106.268 649.5
  vertex -4.06157 106.734 650.472
  vertex -4 100 649.5
 endloop
endfacet
facet normal 0.967906 0.0267871 -0.249883
 outer loop
  vertex -4 100 649.5
  vertex -4.06157 106.734 650.472
  vertex -3.4641 100 651.5
 endloop
endfacet
facet normal 0.914582 0.0263938 -0.403539
 outer loop
  vertex -3.4641 100 651.5
  vertex -4.06157 106.734 650.472
  vertex -3.69656 107.01 651.459
 endloop
endfacet
facet normal 0.831236 0.026364 -0.555294
 outer loop
  vertex -3.04578 107.182 652.375
  vertex -3.4641 100 651.5
  vertex -3.69656 107.01 651.459
 endloop
endfacet
facet normal 0.713789 0.0267875 -0.699848
 outer loop
  vertex -3.04578 107.182 652.375
  vertex -2 100 652.964
  vertex -3.4641 100 651.5
 endloop
endfacet
facet normal 0.586472 0.0264083 -0.809539
 outer loop
  vertex -3.04578 107.182 652.375
  vertex -2.1685 107.315 653.087
  vertex -2 100 652.964
 endloop
endfacet
facet normal 0.431843 0.0263779 -0.901563
 outer loop
  vertex -2 100 652.964
  vertex -2.1685 107.315 653.087
  vertex -1.12709 107.4 653.539
 endloop
endfacet
facet normal 0.0902942 0.0263935 -0.995565
 outer loop
  vertex 1.16153E-13 100 653.5
  vertex -1.12709 107.4 653.539
  vertex -2.96357E-11 107.429 653.695
 endloop
endfacet
facet normal -0.0901206 0.0263926 -0.995581
 outer loop
  vertex 1.12496 107.4 653.54
  vertex 1.16153E-13 100 653.5
  vertex -2.96357E-11 107.429 653.695
 endloop
endfacet
facet normal -0.261943 0.0267853 -0.964712
 outer loop
  vertex 1.12496 107.4 653.54
  vertex 2 100 652.964
  vertex 1.16153E-13 100 653.5
 endloop
endfacet
facet normal -0.431287 0.0263775 -0.901829
 outer loop
  vertex 1.12496 107.4 653.54
  vertex 2.16377 107.316 653.09
  vertex 2 100 652.964
 endloop
endfacet
facet normal -0.5857 0.0264067 -0.810098
 outer loop
  vertex 2 100 652.964
  vertex 2.16377 107.316 653.09
  vertex 3.04135 107.183 652.379
 endloop
endfacet
facet normal -0.830952 0.0263663 -0.555719
 outer loop
  vertex 3.4641 100 651.5
  vertex 3.04135 107.183 652.379
  vertex 3.69656 107.01 651.459
 endloop
endfacet
facet normal -0.914483 0.0263926 -0.403762
 outer loop
  vertex 4.06088 106.735 650.475
  vertex 3.4641 100 651.5
  vertex 3.69656 107.01 651.459
 endloop
endfacet
facet normal -0.967843 0.026787 -0.250126
 outer loop
  vertex 4.06088 106.735 650.475
  vertex 4 100 649.5
  vertex 3.4641 100 651.5
 endloop
endfacet
facet normal -0.996582 0.0263392 -0.078302
 outer loop
  vertex 4.06088 106.735 650.475
  vertex 4.16413 106.268 649.5
  vertex 4 100 649.5
 endloop
endfacet
facet normal -0.71342 0.0267872 -0.700225
 outer loop
  vertex 3.4641 100 651.5
  vertex 2 100 652.964
  vertex 3.04135 107.183 652.379
 endloop
endfacet
facet normal 0.262116 0.0267853 -0.964665
 outer loop
  vertex 1.16153E-13 100 653.5
  vertex -2 100 652.964
  vertex -1.12709 107.4 653.539
 endloop
endfacet
facet normal -0.985121 2.40176E-17 -0.171862
 outer loop
  vertex -62.5 103 709
  vertex -62.1316 103 707.625
  vertex -62.5 100 709
 endloop
endfacet
facet normal -0.939071 8.98611E-18 -0.343724
 outer loop
  vertex -62.5 100 709
  vertex -62.1316 103 707.625
  vertex -62.1316 100 707.625
 endloop
endfacet
facet normal -0.767209 1.57846E-17 -0.641397
 outer loop
  vertex -62.1316 100 707.625
  vertex -62.1316 103 707.625
  vertex -61.125 103 706.618
 endloop
endfacet
facet normal -0.343724 3.32221E-18 -0.939071
 outer loop
  vertex -61.125 100 706.618
  vertex -61.125 103 706.618
  vertex -59.75 103 706.25
 endloop
endfacet
facet normal 0.171862 -1.00304E-17 -0.985121
 outer loop
  vertex -59.75 100 706.25
  vertex -59.75 103 706.25
  vertex -58.375 103 706.618
 endloop
endfacet
facet normal 0.641397 -2.06954E-17 -0.767209
 outer loop
  vertex -58.375 100 706.618
  vertex -58.375 103 706.618
  vertex -57.3684 103 707.625
 endloop
endfacet
facet normal 0.939071 -2.5815E-17 -0.343724
 outer loop
  vertex -57.3684 100 707.625
  vertex -57.3684 103 707.625
  vertex -57 103 709
 endloop
endfacet
facet normal 0.985121 -1.24901E-17 -0.171862
 outer loop
  vertex -57 100 709
  vertex -57.3684 100 707.625
  vertex -57 103 709
 endloop
endfacet
facet normal 0.767209 -1.26474E-17 -0.641397
 outer loop
  vertex -57.3684 100 707.625
  vertex -58.375 100 706.618
  vertex -57.3684 103 707.625
 endloop
endfacet
facet normal 0.343724 -9.41588E-18 -0.939071
 outer loop
  vertex -58.375 100 706.618
  vertex -59.75 100 706.25
  vertex -58.375 103 706.618
 endloop
endfacet
facet normal -0.171862 -3.66134E-18 -0.985121
 outer loop
  vertex -59.75 100 706.25
  vertex -61.125 100 706.618
  vertex -59.75 103 706.25
 endloop
endfacet
facet normal -0.641397 3.07426E-18 -0.767209
 outer loop
  vertex -61.125 100 706.618
  vertex -62.1316 100 707.625
  vertex -61.125 103 706.618
 endloop
endfacet
facet normal -0.0780588 0.0263382 -0.996601
 outer loop
  vertex -59.5 106.268 713.164
  vertex -58.5277 106.734 713.062
  vertex -59.5 100 713
 endloop
endfacet
facet normal -0.249883 0.0267871 -0.967906
 outer loop
  vertex -59.5 100 713
  vertex -58.5277 106.734 713.062
  vertex -57.5 100 712.464
 endloop
endfacet
facet normal -0.403539 0.0263938 -0.914582
 outer loop
  vertex -57.5 100 712.464
  vertex -58.5277 106.734 713.062
  vertex -57.541 107.01 712.697
 endloop
endfacet
facet normal -0.555294 0.026364 -0.831236
 outer loop
  vertex -56.6254 107.182 712.046
  vertex -57.5 100 712.464
  vertex -57.541 107.01 712.697
 endloop
endfacet
facet normal -0.699848 0.0267875 -0.713789
 outer loop
  vertex -56.6254 107.182 712.046
  vertex -56.0359 100 711
  vertex -57.5 100 712.464
 endloop
endfacet
facet normal -0.809539 0.0264083 -0.586472
 outer loop
  vertex -56.6254 107.182 712.046
  vertex -55.913 107.315 711.169
  vertex -56.0359 100 711
 endloop
endfacet
facet normal -0.901563 0.0263779 -0.431843
 outer loop
  vertex -56.0359 100 711
  vertex -55.913 107.315 711.169
  vertex -55.4605 107.4 710.127
 endloop
endfacet
facet normal -0.995565 0.0263935 -0.0902942
 outer loop
  vertex -55.5 100 709
  vertex -55.4605 107.4 710.127
  vertex -55.3055 107.429 709
 endloop
endfacet
facet normal -0.995581 0.0263926 0.0901206
 outer loop
  vertex -55.4599 107.4 707.875
  vertex -55.5 100 709
  vertex -55.3055 107.429 709
 endloop
endfacet
facet normal -0.964712 0.0267853 0.261943
 outer loop
  vertex -55.4599 107.4 707.875
  vertex -56.0359 100 707
  vertex -55.5 100 709
 endloop
endfacet
facet normal -0.901829 0.0263775 0.431287
 outer loop
  vertex -55.4599 107.4 707.875
  vertex -55.9101 107.316 706.836
  vertex -56.0359 100 707
 endloop
endfacet
facet normal -0.810098 0.0264067 0.5857
 outer loop
  vertex -56.0359 100 707
  vertex -55.9101 107.316 706.836
  vertex -56.6207 107.183 705.959
 endloop
endfacet
facet normal -0.555719 0.0263663 0.830952
 outer loop
  vertex -57.5 100 705.536
  vertex -56.6207 107.183 705.959
  vertex -57.541 107.01 705.303
 endloop
endfacet
facet normal -0.403762 0.0263926 0.914483
 outer loop
  vertex -58.5247 106.735 704.939
  vertex -57.5 100 705.536
  vertex -57.541 107.01 705.303
 endloop
endfacet
facet normal -0.250126 0.026787 0.967843
 outer loop
  vertex -58.5247 106.735 704.939
  vertex -59.5 100 705
  vertex -57.5 100 705.536
 endloop
endfacet
facet normal -0.078302 0.0263392 0.996582
 outer loop
  vertex -58.5247 106.735 704.939
  vertex -59.5 106.268 704.836
  vertex -59.5 100 705
 endloop
endfacet
facet normal -0.700225 0.0267872 0.71342
 outer loop
  vertex -57.5 100 705.536
  vertex -56.0359 100 707
  vertex -56.6207 107.183 705.959
 endloop
endfacet
facet normal -0.964665 0.0267853 -0.262116
 outer loop
  vertex -55.5 100 709
  vertex -56.0359 100 711
  vertex -55.4605 107.4 710.127
 endloop
endfacet
facet normal -0.171862 2.70675E-17 0.985121
 outer loop
  vertex -3.12516E-13 103 771.5
  vertex -1.375 103 771.132
  vertex -3.12524E-13 100 771.5
 endloop
endfacet
facet normal -0.343724 1.3981E-17 0.939071
 outer loop
  vertex -3.12524E-13 100 771.5
  vertex -1.375 103 771.132
  vertex -1.375 100 771.132
 endloop
endfacet
facet normal -0.641397 2.06954E-17 0.767209
 outer loop
  vertex -1.375 100 771.132
  vertex -1.375 103 771.132
  vertex -2.38157 103 770.125
 endloop
endfacet
facet normal -0.939071 8.77794E-18 0.343724
 outer loop
  vertex -2.38157 100 770.125
  vertex -2.38157 103 770.125
  vertex -2.75 103 768.75
 endloop
endfacet
facet normal -0.985121 -5.49152E-18 -0.171862
 outer loop
  vertex -2.75 100 768.75
  vertex -2.75 103 768.75
  vertex -2.38157 103 767.375
 endloop
endfacet
facet normal -0.767209 -1.82895E-17 -0.641397
 outer loop
  vertex -2.38157 100 767.375
  vertex -2.38157 103 767.375
  vertex -1.375 103 766.368
 endloop
endfacet
facet normal -0.343724 -2.61869E-17 -0.939071
 outer loop
  vertex -1.375 100 766.368
  vertex -1.375 103 766.368
  vertex -3.13158E-13 103 766
 endloop
endfacet
facet normal -0.171862 -1.61333E-17 -0.985121
 outer loop
  vertex -3.13176E-13 100 766
  vertex -1.375 100 766.368
  vertex -3.13158E-13 103 766
 endloop
endfacet
facet normal -0.641397 -1.39628E-17 -0.767209
 outer loop
  vertex -1.375 100 766.368
  vertex -2.38157 100 767.375
  vertex -1.375 103 766.368
 endloop
endfacet
facet normal -0.939071 -8.05097E-18 -0.343724
 outer loop
  vertex -2.38157 100 767.375
  vertex -2.75 100 768.75
  vertex -2.38157 103 767.375
 endloop
endfacet
facet normal -0.985121 1.81297E-20 0.171862
 outer loop
  vertex -2.75 100 768.75
  vertex -2.38157 100 770.125
  vertex -2.75 103 768.75
 endloop
endfacet
facet normal -0.767209 8.08237E-18 0.641397
 outer loop
  vertex -2.38157 100 770.125
  vertex -1.375 100 771.132
  vertex -2.38157 103 770.125
 endloop
endfacet
facet normal -0.996601 0.0263382 0.0780588
 outer loop
  vertex 4.16413 106.268 768.5
  vertex 4.06157 106.734 767.528
  vertex 4 100 768.5
 endloop
endfacet
facet normal -0.967906 0.0267871 0.249883
 outer loop
  vertex 4 100 768.5
  vertex 4.06157 106.734 767.528
  vertex 3.4641 100 766.5
 endloop
endfacet
facet normal -0.914582 0.0263938 0.403539
 outer loop
  vertex 3.4641 100 766.5
  vertex 4.06157 106.734 767.528
  vertex 3.69656 107.01 766.541
 endloop
endfacet
facet normal -0.831236 0.026364 0.555294
 outer loop
  vertex 3.04578 107.182 765.625
  vertex 3.4641 100 766.5
  vertex 3.69656 107.01 766.541
 endloop
endfacet
facet normal -0.713789 0.0267875 0.699848
 outer loop
  vertex 3.04578 107.182 765.625
  vertex 2 100 765.036
  vertex 3.4641 100 766.5
 endloop
endfacet
facet normal -0.586472 0.0264083 0.809539
 outer loop
  vertex 3.04578 107.182 765.625
  vertex 2.1685 107.315 764.913
  vertex 2 100 765.036
 endloop
endfacet
facet normal -0.431843 0.0263779 0.901563
 outer loop
  vertex 2 100 765.036
  vertex 2.1685 107.315 764.913
  vertex 1.12709 107.4 764.461
 endloop
endfacet
facet normal -0.0902942 0.0263935 0.995565
 outer loop
  vertex -3.41899E-13 100 764.5
  vertex 1.12709 107.4 764.461
  vertex 2.94524E-11 107.429 764.305
 endloop
endfacet
facet normal 0.0901206 0.0263926 0.995581
 outer loop
  vertex -1.12496 107.4 764.46
  vertex -3.41899E-13 100 764.5
  vertex 2.94524E-11 107.429 764.305
 endloop
endfacet
facet normal 0.261943 0.0267853 0.964712
 outer loop
  vertex -1.12496 107.4 764.46
  vertex -2 100 765.036
  vertex -3.41899E-13 100 764.5
 endloop
endfacet
facet normal 0.431287 0.0263775 0.901829
 outer loop
  vertex -1.12496 107.4 764.46
  vertex -2.16377 107.316 764.91
  vertex -2 100 765.036
 endloop
endfacet
facet normal 0.5857 0.0264067 0.810098
 outer loop
  vertex -2 100 765.036
  vertex -2.16377 107.316 764.91
  vertex -3.04135 107.183 765.621
 endloop
endfacet
facet normal 0.830952 0.0263663 0.555719
 outer loop
  vertex -3.4641 100 766.5
  vertex -3.04135 107.183 765.621
  vertex -3.69656 107.01 766.541
 endloop
endfacet
facet normal 0.914483 0.0263926 0.403762
 outer loop
  vertex -4.06088 106.735 767.525
  vertex -3.4641 100 766.5
  vertex -3.69656 107.01 766.541
 endloop
endfacet
facet normal 0.967843 0.026787 0.250126
 outer loop
  vertex -4.06088 106.735 767.525
  vertex -4 100 768.5
  vertex -3.4641 100 766.5
 endloop
endfacet
facet normal 0.996582 0.0263392 0.078302
 outer loop
  vertex -4.06088 106.735 767.525
  vertex -4.16413 106.268 768.5
  vertex -4 100 768.5
 endloop
endfacet
facet normal 0.71342 0.0267872 0.700225
 outer loop
  vertex -3.4641 100 766.5
  vertex -2 100 765.036
  vertex -3.04135 107.183 765.621
 endloop
endfacet
facet normal -0.262116 0.0267853 0.964665
 outer loop
  vertex -3.41899E-13 100 764.5
  vertex 2 100 765.036
  vertex 1.12709 107.4 764.461
 endloop
endfacet
facet normal -0.00116082 0.989434 0.14498
 outer loop
  vertex 2.94524E-11 107.429 764.305
  vertex 4.1304E-12 110.589 740.4
  vertex -1.12496 107.4 764.46
 endloop
endfacet
facet normal -0.0111314 0.993071 0.116986
 outer loop
  vertex -1.12496 107.4 764.46
  vertex 4.1304E-12 110.589 740.4
  vertex -10.1956 110.589 738.699
 endloop
endfacet
facet normal -0.0239716 0.98908 0.145415
 outer loop
  vertex -2.16377 107.316 764.91
  vertex -10.1956 110.589 738.699
  vertex -12.8305 107.01 765.214
 endloop
endfacet
facet normal -0.0187277 0.984088 0.176693
 outer loop
  vertex -3.04135 107.183 765.621
  vertex -12.8305 107.01 765.214
  vertex -3.69656 107.01 766.541
 endloop
endfacet
facet normal -0.0171325 0.984454 0.174806
 outer loop
  vertex -3.04135 107.183 765.621
  vertex -2.16377 107.316 764.91
  vertex -12.8305 107.01 765.214
 endloop
endfacet
facet normal -0.00996954 0.9979 0.0639976
 outer loop
  vertex 4.1304E-12 110.589 740.4
  vertex -1.13248E-13 111.97 713.66
  vertex -10.1956 110.589 738.699
 endloop
endfacet
facet normal -0.0113501 0.999239 0.0373149
 outer loop
  vertex -10.1956 110.589 738.699
  vertex -1.13248E-13 111.97 713.66
  vertex -1.69931 111.97 713.339
 endloop
endfacet
facet normal -0.0228512 0.999239 0.0316077
 outer loop
  vertex -19.2864 110.589 733.779
  vertex -1.69931 111.97 713.339
  vertex -2.72075 111.97 712.784
 endloop
endfacet
facet normal -0.0250308 0.999239 0.0299112
 outer loop
  vertex -3.95279 111.97 711.469
  vertex -19.2864 110.589 733.779
  vertex -2.72075 111.97 712.784
 endloop
endfacet
facet normal -0.0481239 0.9979 0.0433496
 outer loop
  vertex -3.95279 111.97 711.469
  vertex -26.2872 110.589 726.174
  vertex -19.2864 110.589 733.779
 endloop
endfacet
facet normal -0.0590295 0.9979 0.0266572
 outer loop
  vertex -3.95279 111.97 711.469
  vertex -30.4394 110.589 716.708
  vertex -26.2872 110.589 726.174
 endloop
endfacet
facet normal -0.0374466 0.999239 0.0109074
 outer loop
  vertex -3.95279 111.97 711.469
  vertex -4.53765 111.97 710.062
  vertex -30.4394 110.589 716.708
 endloop
endfacet
facet normal -0.0381247 0.999239 0.00822986
 outer loop
  vertex -30.4394 110.589 716.708
  vertex -4.53765 111.97 710.062
  vertex -4.65334 111.97 708.746
 endloop
endfacet
facet normal -0.0629558 0.9979 -0.0152204
 outer loop
  vertex -31.293 110.589 706.407
  vertex -4.65334 111.97 708.746
  vertex -28.7555 110.589 696.387
 endloop
endfacet
facet normal -0.141471 0.988771 -0.0481483
 outer loop
  vertex -56.214 107.01 696.17
  vertex -28.7555 110.589 696.387
  vertex -53.352 107.01 687.132
 endloop
endfacet
facet normal -0.117331 0.992735 -0.026671
 outer loop
  vertex -56.214 107.01 696.17
  vertex -31.293 110.589 706.407
  vertex -28.7555 110.589 696.387
 endloop
endfacet
facet normal -0.148812 0.988688 -0.0187496
 outer loop
  vertex -56.214 107.01 696.17
  vertex -57.5021 107.01 704.74
  vertex -31.293 110.589 706.407
 endloop
endfacet
facet normal -0.148787 0.988818 -0.0100976
 outer loop
  vertex -31.293 110.589 706.407
  vertex -57.5021 107.01 704.74
  vertex -56.6207 107.183 705.959
 endloop
endfacet
facet normal -0.146929 0.989115 -0.00791703
 outer loop
  vertex -55.9101 107.316 706.836
  vertex -31.293 110.589 706.407
  vertex -56.6207 107.183 705.959
 endloop
endfacet
facet normal -0.145579 0.989329 -0.00593131
 outer loop
  vertex -55.9101 107.316 706.836
  vertex -55.4599 107.4 707.875
  vertex -31.293 110.589 706.407
 endloop
endfacet
facet normal -0.144876 0.989443 -0.00369625
 outer loop
  vertex -31.293 110.589 706.407
  vertex -55.4599 107.4 707.875
  vertex -55.3055 107.429 709
 endloop
endfacet
facet normal -0.144878 0.989449 -0.00137239
 outer loop
  vertex -55.4605 107.4 710.127
  vertex -31.293 110.589 706.407
  vertex -55.3055 107.429 709
 endloop
endfacet
facet normal -0.117602 0.993042 0.00616532
 outer loop
  vertex -55.4605 107.4 710.127
  vertex -30.4394 110.589 716.708
  vertex -31.293 110.589 706.407
 endloop
endfacet
facet normal -0.144759 0.989406 0.010941
 outer loop
  vertex -55.4605 107.4 710.127
  vertex -55.913 107.315 711.169
  vertex -30.4394 110.589 716.708
 endloop
endfacet
facet normal -0.145808 0.989044 0.0230797
 outer loop
  vertex -30.4394 110.589 716.708
  vertex -55.913 107.315 711.169
  vertex -56.214 107.01 721.83
 endloop
endfacet
facet normal -0.145983 0.98865 0.0355116
 outer loop
  vertex -55.5533 107.01 724.442
  vertex -30.4394 110.589 716.708
  vertex -56.214 107.01 721.83
 endloop
endfacet
facet normal -0.142046 0.988737 0.047148
 outer loop
  vertex -55.5533 107.01 724.442
  vertex -51.9495 107.01 734.018
  vertex -30.4394 110.589 716.708
 endloop
endfacet
facet normal -0.109808 0.992731 0.0492709
 outer loop
  vertex -30.4394 110.589 716.708
  vertex -51.9495 107.01 734.018
  vertex -26.2872 110.589 726.174
 endloop
endfacet
facet normal -0.130076 0.988707 0.0744241
 outer loop
  vertex -26.2872 110.589 726.174
  vertex -51.9495 107.01 734.018
  vertex -48.7512 107.01 739.789
 endloop
endfacet
facet normal -0.122747 0.988668 0.0864177
 outer loop
  vertex -45.0801 107.01 744.95
  vertex -26.2872 110.589 726.174
  vertex -48.7512 107.01 739.789
 endloop
endfacet
facet normal -0.0915766 0.992741 0.0779649
 outer loop
  vertex -45.0801 107.01 744.95
  vertex -19.2864 110.589 733.779
  vertex -26.2872 110.589 726.174
 endloop
endfacet
facet normal -0.102804 0.988802 0.108177
 outer loop
  vertex -45.0801 107.01 744.95
  vertex -35.9502 107.01 754.08
  vertex -19.2864 110.589 733.779
 endloop
endfacet
facet normal -0.091756 0.988649 0.118971
 outer loop
  vertex -19.2864 110.589 733.779
  vertex -35.9502 107.01 754.08
  vertex -34.6962 107.01 755.052
 endloop
endfacet
facet normal -0.0797601 0.988778 0.126316
 outer loop
  vertex -25.0176 107.01 760.95
  vertex -19.2864 110.589 733.779
  vertex -34.6962 107.01 755.052
 endloop
endfacet
facet normal -0.053759 0.992738 0.107615
 outer loop
  vertex -25.0176 107.01 760.95
  vertex -10.1956 110.589 738.699
  vertex -19.2864 110.589 733.779
 endloop
endfacet
facet normal -0.0543017 0.988674 0.139908
 outer loop
  vertex -25.0176 107.01 760.95
  vertex -18.0912 107.01 763.748
  vertex -10.1956 110.589 738.699
 endloop
endfacet
facet normal -0.0411442 0.988695 0.144185
 outer loop
  vertex -10.1956 110.589 738.699
  vertex -18.0912 107.01 763.748
  vertex -12.8305 107.01 765.214
 endloop
endfacet
facet normal -0.0362501 0.999239 -0.0143927
 outer loop
  vertex -4.65334 111.97 708.746
  vertex -4.20157 111.97 706.984
  vertex -28.7555 110.589 696.387
 endloop
endfacet
facet normal -0.0351406 0.999239 -0.0169221
 outer loop
  vertex -28.7555 110.589 696.387
  vertex -4.20157 111.97 706.984
  vertex -3.53772 111.97 705.966
 endloop
endfacet
facet normal -0.027742 0.999239 -0.0274154
 outer loop
  vertex -23.1019 110.589 687.733
  vertex -3.53772 111.97 705.966
  vertex -2.26361 111.97 704.926
 endloop
endfacet
facet normal -0.0216916 0.9979 -0.0610292
 outer loop
  vertex -14.9448 110.589 681.384
  vertex -2.26361 111.97 704.926
  vertex -5.1683 110.589 678.028
 endloop
endfacet
facet normal -0.0266562 0.988651 -0.147847
 outer loop
  vertex -12.8305 107.01 652.786
  vertex -5.1683 110.589 678.028
  vertex -7.97387 107.01 651.894
 endloop
endfacet
facet normal -0.0314372 0.992762 -0.115912
 outer loop
  vertex -12.8305 107.01 652.786
  vertex -14.9448 110.589 681.384
  vertex -5.1683 110.589 678.028
 endloop
endfacet
facet normal -0.05131 0.988827 -0.139962
 outer loop
  vertex -12.8305 107.01 652.786
  vertex -25.0176 107.01 657.05
  vertex -14.9448 110.589 681.384
 endloop
endfacet
facet normal -0.0679857 0.98866 -0.133903
 outer loop
  vertex -14.9448 110.589 681.384
  vertex -25.0176 107.01 657.05
  vertex -28.5251 107.01 658.891
 endloop
endfacet
facet normal -0.0799975 0.988725 -0.126583
 outer loop
  vertex -35.9502 107.01 663.92
  vertex -14.9448 110.589 681.384
  vertex -28.5251 107.01 658.891
 endloop
endfacet
facet normal -0.0741425 0.99273 -0.0948122
 outer loop
  vertex -35.9502 107.01 663.92
  vertex -23.1019 110.589 687.733
  vertex -14.9448 110.589 681.384
 endloop
endfacet
facet normal -0.103503 0.988717 -0.108286
 outer loop
  vertex -35.9502 107.01 663.92
  vertex -41.7226 107.01 669.202
  vertex -23.1019 110.589 687.733
 endloop
endfacet
facet normal -0.113568 0.988664 -0.0982099
 outer loop
  vertex -23.1019 110.589 687.733
  vertex -41.7226 107.01 669.202
  vertex -45.0801 107.01 673.05
 endloop
endfacet
facet normal -0.129463 0.988804 -0.0742081
 outer loop
  vertex -28.7555 110.589 696.387
  vertex -45.0801 107.01 673.05
  vertex -51.9495 107.01 683.982
 endloop
endfacet
facet normal -0.137181 0.988649 -0.0612775
 outer loop
  vertex -53.352 107.01 687.132
  vertex -28.7555 110.589 696.387
  vertex -51.9495 107.01 683.982
 endloop
endfacet
facet normal -0.00777782 0.999239 -0.0382195
 outer loop
  vertex -2.26361 111.97 704.926
  vertex -0.585102 111.97 704.377
  vertex -5.1683 110.589 678.028
 endloop
endfacet
facet normal -0.00575354 0.997857 -0.0651817
 outer loop
  vertex -5.1683 110.589 678.028
  vertex -0.585102 111.97 704.377
  vertex -4.35275E-12 110.589 677.6
 endloop
endfacet
facet normal -0.00116302 0.989434 -0.144981
 outer loop
  vertex -1.12709 107.4 653.539
  vertex -4.35275E-12 110.589 677.6
  vertex -2.96357E-11 107.429 653.695
 endloop
endfacet
facet normal -0.0062167 0.992968 -0.118219
 outer loop
  vertex -1.12709 107.4 653.539
  vertex -5.1683 110.589 678.028
  vertex -4.35275E-12 110.589 677.6
 endloop
endfacet
facet normal -0.00845678 0.989355 -0.145273
 outer loop
  vertex -1.12709 107.4 653.539
  vertex -2.1685 107.315 653.087
  vertex -5.1683 110.589 678.028
 endloop
endfacet
facet normal -0.010445 0.989137 -0.146627
 outer loop
  vertex -5.1683 110.589 678.028
  vertex -2.1685 107.315 653.087
  vertex -3.04578 107.182 652.375
 endloop
endfacet
facet normal -0.0168075 0.984059 -0.177047
 outer loop
  vertex -7.97387 107.01 651.894
  vertex -3.04578 107.182 652.375
  vertex -3.69656 107.01 651.459
 endloop
endfacet
facet normal -0.0180436 0.988848 -0.147831
 outer loop
  vertex -7.97387 107.01 651.894
  vertex -5.1683 110.589 678.028
  vertex -3.04578 107.182 652.375
 endloop
endfacet
facet normal -0.000700056 0.999233 -0.0391506
 outer loop
  vertex -0.585102 111.97 704.377
  vertex -1.12856E-13 111.97 704.34
  vertex -4.35275E-12 110.589 677.6
 endloop
endfacet
facet normal -0.177686 0.984021 -0.0113844
 outer loop
  vertex -57.5021 107.01 704.74
  vertex -57.541 107.01 705.303
  vertex -56.6207 107.183 705.959
 endloop
endfacet
facet normal -0.174491 0.984482 0.0186779
 outer loop
  vertex -55.913 107.315 711.169
  vertex -56.6254 107.182 712.046
  vertex -56.214 107.01 721.83
 endloop
endfacet
facet normal -0.176374 0.984115 0.0202682
 outer loop
  vertex -56.214 107.01 721.83
  vertex -56.6254 107.182 712.046
  vertex -57.541 107.01 712.697
 endloop
endfacet
facet normal -0.0133672 0.989481 0.144042
 outer loop
  vertex -2.16377 107.316 764.91
  vertex -1.12496 107.4 764.46
  vertex -10.1956 110.589 738.699
 endloop
endfacet
facet normal -0.0392275 0.9979 -0.0515393
 outer loop
  vertex -2.26361 111.97 704.926
  vertex -14.9448 110.589 681.384
  vertex -23.1019 110.589 687.733
 endloop
endfacet
facet normal -0.0977226 0.992744 -0.0700691
 outer loop
  vertex -45.0801 107.01 673.05
  vertex -28.7555 110.589 696.387
  vertex -23.1019 110.589 687.733
 endloop
endfacet
facet normal -0.0538368 0.9979 -0.0360096
 outer loop
  vertex -23.1019 110.589 687.733
  vertex -28.7555 110.589 696.387
  vertex -3.53772 111.97 705.966
 endloop
endfacet
facet normal -0.0646023 0.9979 0.00465061
 outer loop
  vertex -4.65334 111.97 708.746
  vertex -31.293 110.589 706.407
  vertex -30.4394 110.589 716.708
 endloop
endfacet
facet normal -0.0302094 0.9979 0.057293
 outer loop
  vertex -10.1956 110.589 738.699
  vertex -1.69931 111.97 713.339
  vertex -19.2864 110.589 733.779
 endloop
endfacet
facet normal 0.0780588 0.0263382 0.996601
 outer loop
  vertex 59.5 106.268 704.836
  vertex 58.5277 106.734 704.938
  vertex 59.5 100 705
 endloop
endfacet
facet normal 0.249883 0.0267871 0.967906
 outer loop
  vertex 59.5 100 705
  vertex 58.5277 106.734 704.938
  vertex 57.5 100 705.536
 endloop
endfacet
facet normal 0.403539 0.0263938 0.914582
 outer loop
  vertex 57.5 100 705.536
  vertex 58.5277 106.734 704.938
  vertex 57.541 107.01 705.303
 endloop
endfacet
facet normal 0.555294 0.026364 0.831236
 outer loop
  vertex 56.6254 107.182 705.954
  vertex 57.5 100 705.536
  vertex 57.541 107.01 705.303
 endloop
endfacet
facet normal 0.699848 0.0267875 0.713789
 outer loop
  vertex 56.6254 107.182 705.954
  vertex 56.0359 100 707
  vertex 57.5 100 705.536
 endloop
endfacet
facet normal 0.809539 0.0264083 0.586472
 outer loop
  vertex 56.6254 107.182 705.954
  vertex 55.913 107.315 706.831
  vertex 56.0359 100 707
 endloop
endfacet
facet normal 0.901563 0.0263779 0.431843
 outer loop
  vertex 56.0359 100 707
  vertex 55.913 107.315 706.831
  vertex 55.4605 107.4 707.873
 endloop
endfacet
facet normal 0.995565 0.0263935 0.0902942
 outer loop
  vertex 55.5 100 709
  vertex 55.4605 107.4 707.873
  vertex 55.3055 107.429 709
 endloop
endfacet
facet normal 0.995581 0.0263926 -0.0901206
 outer loop
  vertex 55.4599 107.4 710.125
  vertex 55.5 100 709
  vertex 55.3055 107.429 709
 endloop
endfacet
facet normal 0.964712 0.0267853 -0.261943
 outer loop
  vertex 55.4599 107.4 710.125
  vertex 56.0359 100 711
  vertex 55.5 100 709
 endloop
endfacet
facet normal 0.901829 0.0263775 -0.431287
 outer loop
  vertex 55.4599 107.4 710.125
  vertex 55.9101 107.316 711.164
  vertex 56.0359 100 711
 endloop
endfacet
facet normal 0.810098 0.0264067 -0.5857
 outer loop
  vertex 56.0359 100 711
  vertex 55.9101 107.316 711.164
  vertex 56.6207 107.183 712.041
 endloop
endfacet
facet normal 0.555719 0.0263663 -0.830952
 outer loop
  vertex 57.5 100 712.464
  vertex 56.6207 107.183 712.041
  vertex 57.541 107.01 712.697
 endloop
endfacet
facet normal 0.403762 0.0263926 -0.914483
 outer loop
  vertex 58.5247 106.735 713.061
  vertex 57.5 100 712.464
  vertex 57.541 107.01 712.697
 endloop
endfacet
facet normal 0.250126 0.026787 -0.967843
 outer loop
  vertex 58.5247 106.735 713.061
  vertex 59.5 100 713
  vertex 57.5 100 712.464
 endloop
endfacet
facet normal 0.078302 0.0263392 -0.996582
 outer loop
  vertex 58.5247 106.735 713.061
  vertex 59.5 106.268 713.164
  vertex 59.5 100 713
 endloop
endfacet
facet normal 0.700225 0.0267872 -0.71342
 outer loop
  vertex 57.5 100 712.464
  vertex 56.0359 100 711
  vertex 56.6207 107.183 712.041
 endloop
endfacet
facet normal 0.964665 0.0267853 0.262116
 outer loop
  vertex 55.5 100 709
  vertex 56.0359 100 707
  vertex 55.4605 107.4 707.873
 endloop
endfacet
facet normal -0.171862 -3.66134E-18 -0.985121
 outer loop
  vertex 81 47.2 824.25
  vertex 79.625 47.2 824.618
  vertex 81 50.2 824.25
 endloop
endfacet
facet normal -0.343724 -3.97702E-18 -0.939071
 outer loop
  vertex 81 50.2 824.25
  vertex 79.625 47.2 824.618
  vertex 79.625 50.2 824.618
 endloop
endfacet
facet normal -0.641397 -4.22498E-18 -0.767209
 outer loop
  vertex 79.625 50.2 824.618
  vertex 79.625 47.2 824.618
  vertex 78.6184 47.2 825.625
 endloop
endfacet
facet normal -0.939071 -3.65654E-18 -0.343724
 outer loop
  vertex 78.6184 50.2 825.625
  vertex 78.6184 47.2 825.625
  vertex 78.25 47.2 827
 endloop
endfacet
facet normal -0.985121 -2.10834E-18 0.171862
 outer loop
  vertex 78.25 50.2 827
  vertex 78.25 47.2 827
  vertex 78.6184 47.2 828.375
 endloop
endfacet
facet normal -0.767209 4.7966E-21 0.641397
 outer loop
  vertex 78.6184 50.2 828.375
  vertex 78.6184 47.2 828.375
  vertex 79.625 47.2 829.382
 endloop
endfacet
facet normal -0.343724 2.11664E-18 0.939071
 outer loop
  vertex 79.625 50.2 829.382
  vertex 79.625 47.2 829.382
  vertex 81 47.2 829.75
 endloop
endfacet
facet normal -0.171862 2.73115E-18 0.985121
 outer loop
  vertex 81 50.2 829.75
  vertex 79.625 50.2 829.382
  vertex 81 47.2 829.75
 endloop
endfacet
facet normal -0.641397 7.53468E-19 0.767209
 outer loop
  vertex 79.625 50.2 829.382
  vertex 78.6184 50.2 828.375
  vertex 79.625 47.2 829.382
 endloop
endfacet
facet normal -0.939071 -1.42611E-18 0.343724
 outer loop
  vertex 78.6184 50.2 828.375
  vertex 78.25 50.2 827
  vertex 78.6184 47.2 828.375
 endloop
endfacet
facet normal -0.985121 -3.22355E-18 -0.171862
 outer loop
  vertex 78.25 50.2 827
  vertex 78.6184 50.2 825.625
  vertex 78.25 47.2 827
 endloop
endfacet
facet normal -0.767209 -4.15726E-18 -0.641397
 outer loop
  vertex 78.6184 50.2 825.625
  vertex 79.625 50.2 824.618
  vertex 78.6184 47.2 825.625
 endloop
endfacet
facet normal -2.70621E-18 -1 -3.24452E-18
 outer loop
  vertex 81 -50.2 829.75
  vertex 79.625 -50.2 829.382
  vertex 82.375 -50.2 829.382
 endloop
endfacet
facet normal -2.70621E-18 -1 -3.24452E-18
 outer loop
  vertex 82.375 -50.2 829.382
  vertex 79.625 -50.2 829.382
  vertex 83.3816 -50.2 828.375
 endloop
endfacet
facet normal -2.70621E-18 -1 -3.24452E-18
 outer loop
  vertex 83.3816 -50.2 828.375
  vertex 79.625 -50.2 829.382
  vertex 78.6184 -50.2 828.375
 endloop
endfacet
facet normal -2.70621E-18 -1 -3.24452E-18
 outer loop
  vertex 83.75 -50.2 827
  vertex 78.6184 -50.2 828.375
  vertex 78.25 -50.2 827
 endloop
endfacet
facet normal -2.70621E-18 -1 -3.24452E-18
 outer loop
  vertex 83.3816 -50.2 825.625
  vertex 78.25 -50.2 827
  vertex 78.6184 -50.2 825.625
 endloop
endfacet
facet normal -2.70621E-18 -1 -3.24452E-18
 outer loop
  vertex 82.375 -50.2 824.618
  vertex 78.6184 -50.2 825.625
  vertex 79.625 -50.2 824.618
 endloop
endfacet
facet normal -2.70621E-18 -1 -3.24452E-18
 outer loop
  vertex 81 -50.2 824.25
  vertex 82.375 -50.2 824.618
  vertex 79.625 -50.2 824.618
 endloop
endfacet
facet normal -2.70621E-18 -1 -3.24452E-18
 outer loop
  vertex 82.375 -50.2 824.618
  vertex 83.3816 -50.2 825.625
  vertex 78.6184 -50.2 825.625
 endloop
endfacet
facet normal -2.70621E-18 -1 -3.24452E-18
 outer loop
  vertex 83.3816 -50.2 825.625
  vertex 83.75 -50.2 827
  vertex 78.25 -50.2 827
 endloop
endfacet
facet normal -2.70621E-18 -1 -3.24452E-18
 outer loop
  vertex 83.75 -50.2 827
  vertex 83.3816 -50.2 828.375
  vertex 78.6184 -50.2 828.375
 endloop
endfacet
facet normal 8.89277E-18 1 -3.30405E-17
 outer loop
  vertex 59.75 100 706.25
  vertex 59.5 100 705
  vertex 58.375 100 706.618
 endloop
endfacet
facet normal 8.89277E-18 1 -3.30405E-17
 outer loop
  vertex 59.75 100 706.25
  vertex 61.125 100 706.618
  vertex 59.5 100 705
 endloop
endfacet
facet normal 8.89277E-18 1 -3.30405E-17
 outer loop
  vertex 59.5 100 705
  vertex 61.125 100 706.618
  vertex 62.4991 100 705
 endloop
endfacet
facet normal 8.89277E-18 1 -3.30405E-17
 outer loop
  vertex 62.4991 100 705
  vertex 61.125 100 706.618
  vertex 62.1316 100 707.625
 endloop
endfacet
facet normal 8.89277E-18 1 -3.30405E-17
 outer loop
  vertex 62.6128 100 707.666
  vertex 62.1316 100 707.625
  vertex 62.5 100 709
 endloop
endfacet
facet normal 8.89277E-18 1 -3.30405E-17
 outer loop
  vertex 62.6128 100 710.334
  vertex 62.5 100 709
  vertex 62.1316 100 710.375
 endloop
endfacet
facet normal 8.89277E-18 1 -3.30405E-17
 outer loop
  vertex 62.4991 100 713
  vertex 62.1316 100 710.375
  vertex 61.125 100 711.382
 endloop
endfacet
facet normal 8.89277E-18 1 -3.30405E-17
 outer loop
  vertex 59.5 100 713
  vertex 61.125 100 711.382
  vertex 59.75 100 711.75
 endloop
endfacet
facet normal 8.89277E-18 1 -3.30405E-17
 outer loop
  vertex 58.375 100 711.382
  vertex 59.5 100 713
  vertex 59.75 100 711.75
 endloop
endfacet
facet normal 8.89277E-18 1 -3.30405E-17
 outer loop
  vertex 58.375 100 711.382
  vertex 57.5 100 712.464
  vertex 59.5 100 713
 endloop
endfacet
facet normal 8.89277E-18 1 -3.30405E-17
 outer loop
  vertex 58.375 100 711.382
  vertex 57.3684 100 710.375
  vertex 57.5 100 712.464
 endloop
endfacet
facet normal 8.89277E-18 1 -3.30405E-17
 outer loop
  vertex 57.5 100 712.464
  vertex 57.3684 100 710.375
  vertex 56.0359 100 711
 endloop
endfacet
facet normal 8.89277E-18 1 -3.30405E-17
 outer loop
  vertex 56.0359 100 711
  vertex 57.3684 100 710.375
  vertex 57 100 709
 endloop
endfacet
facet normal 8.89277E-18 1 -3.30405E-17
 outer loop
  vertex 55.5 100 709
  vertex 57 100 709
  vertex 56.0359 100 707
 endloop
endfacet
facet normal 8.89277E-18 1 -3.30405E-17
 outer loop
  vertex 55.5 100 709
  vertex 56.0359 100 711
  vertex 57 100 709
 endloop
endfacet
facet normal 8.89277E-18 1 -3.30405E-17
 outer loop
  vertex 58.375 100 706.618
  vertex 57.5 100 705.536
  vertex 57.3684 100 707.625
 endloop
endfacet
facet normal 8.89277E-18 1 -3.30405E-17
 outer loop
  vertex 58.375 100 706.618
  vertex 59.5 100 705
  vertex 57.5 100 705.536
 endloop
endfacet
facet normal 8.89277E-18 1 -3.30405E-17
 outer loop
  vertex 62.4991 100 713
  vertex 62.6128 100 710.334
  vertex 62.1316 100 710.375
 endloop
endfacet
facet normal 8.89277E-18 1 -3.30405E-17
 outer loop
  vertex 62.6128 100 710.334
  vertex 62.6128 100 707.666
  vertex 62.5 100 709
 endloop
endfacet
facet normal 8.89277E-18 1 -3.30405E-17
 outer loop
  vertex 62.6128 100 707.666
  vertex 62.4991 100 705
  vertex 62.1316 100 707.625
 endloop
endfacet
facet normal 8.89277E-18 1 -3.30405E-17
 outer loop
  vertex 57.5 100 705.536
  vertex 56.0359 100 707
  vertex 57.3684 100 707.625
 endloop
endfacet
facet normal 8.89277E-18 1 -3.30405E-17
 outer loop
  vertex 57.3684 100 707.625
  vertex 56.0359 100 707
  vertex 57 100 709
 endloop
endfacet
facet normal 8.89277E-18 1 -3.30405E-17
 outer loop
  vertex 59.5 100 713
  vertex 62.4991 100 713
  vertex 61.125 100 711.382
 endloop
endfacet
facet normal -7.35442E-15 0.0261769 0.999657
 outer loop
  vertex 62.4991 100 705
  vertex 62.4508 101.317 704.966
  vertex 59.5 100 705
 endloop
endfacet
facet normal -7.35442E-15 0.0261769 0.999657
 outer loop
  vertex 59.5 100 705
  vertex 62.4508 101.317 704.966
  vertex 61.6073 104.17 704.891
 endloop
endfacet
facet normal -7.35442E-15 0.0261769 0.999657
 outer loop
  vertex 59.5 106.268 704.836
  vertex 59.5 100 705
  vertex 61.6073 104.17 704.891
 endloop
endfacet
facet normal 0.234129 0.971878 -0.0252205
 outer loop
  vertex 57.541 107.01 705.303
  vertex 58.5277 106.734 704.938
  vertex 56.214 107.01 696.17
 endloop
endfacet
facet normal 0.26337 0.963793 -0.0417169
 outer loop
  vertex 56.214 107.01 696.17
  vertex 58.5277 106.734 704.938
  vertex 56.7668 106.878 696.043
 endloop
endfacet
facet normal 0.228968 0.970465 -0.0759743
 outer loop
  vertex 55.5533 107.01 693.558
  vertex 56.7668 106.878 696.043
  vertex 52.4604 106.878 683.736
 endloop
endfacet
facet normal 0.186693 0.977569 -0.0974877
 outer loop
  vertex 51.9495 107.01 683.982
  vertex 52.4604 106.878 683.736
  vertex 48.7512 107.01 678.211
 endloop
endfacet
facet normal 0.193762 0.977651 -0.0815819
 outer loop
  vertex 51.9495 107.01 683.982
  vertex 55.5533 107.01 693.558
  vertex 52.4604 106.878 683.736
 endloop
endfacet
facet normal 0.376371 0.925586 -0.0404336
 outer loop
  vertex 58.5277 106.734 704.938
  vertex 59.5 106.268 704.836
  vertex 56.7668 106.878 696.043
 endloop
endfacet
facet normal 0.460183 0.884405 -0.0778467
 outer loop
  vertex 56.7668 106.878 696.043
  vertex 59.5 106.268 704.836
  vertex 58.6911 105.896 695.604
 endloop
endfacet
facet normal 0.46677 0.867026 -0.174333
 outer loop
  vertex 52.4604 106.878 683.736
  vertex 58.6911 105.896 695.604
  vertex 54.2387 105.896 682.88
 endloop
endfacet
facet normal 0.416274 0.867026 -0.273828
 outer loop
  vertex 45.5234 106.878 672.696
  vertex 54.2387 105.896 682.88
  vertex 47.0666 105.896 671.466
 endloop
endfacet
facet normal 0.344905 0.867026 -0.359593
 outer loop
  vertex 36.3037 106.878 663.477
  vertex 47.0666 105.896 671.466
  vertex 37.5344 105.896 661.933
 endloop
endfacet
facet normal 0.25624 0.867026 -0.427325
 outer loop
  vertex 25.2636 106.878 656.54
  vertex 37.5344 105.896 661.933
  vertex 26.12 105.896 654.761
 endloop
endfacet
facet normal 0.154727 0.867026 -0.47363
 outer loop
  vertex 12.9566 106.878 652.233
  vertex 26.12 105.896 654.761
  vertex 13.3959 105.896 650.309
 endloop
endfacet
facet normal 0.12233 0.744579 -0.65623
 outer loop
  vertex 4.16413 106.268 649.5
  vertex 13.3959 105.896 650.309
  vertex 13.7264 104.266 648.861
 endloop
endfacet
facet normal 0.157671 0.413628 -0.896689
 outer loop
  vertex 4.10914 104.168 647.392
  vertex 13.7264 104.266 648.861
  vertex 13.9037 102.21 648.084
 endloop
endfacet
facet normal 0.169416 0.0849676 -0.981875
 outer loop
  vertex 4.03448 101.317 646.549
  vertex 13.9037 102.21 648.084
  vertex 13.9256 101.317 647.988
 endloop
endfacet
facet normal 0.116315 0.249018 -0.961489
 outer loop
  vertex 4.03448 101.317 646.549
  vertex 4.10914 104.168 647.392
  vertex 13.9037 102.21 648.084
 endloop
endfacet
facet normal 0.65623 0.744579 -0.12233
 outer loop
  vertex 58.6911 105.896 695.604
  vertex 59.5 106.268 704.836
  vertex 60.1394 104.266 695.274
 endloop
endfacet
facet normal 0.726146 0.628667 -0.27837
 outer loop
  vertex 54.2387 105.896 682.88
  vertex 60.1394 104.266 695.274
  vertex 55.5771 104.266 682.235
 endloop
endfacet
facet normal 0.645997 0.628667 -0.432973
 outer loop
  vertex 47.0666 105.896 671.466
  vertex 55.5771 104.266 682.235
  vertex 48.228 104.266 670.539
 endloop
endfacet
facet normal 0.533455 0.628667 -0.565866
 outer loop
  vertex 37.5344 105.896 661.933
  vertex 48.228 104.266 670.539
  vertex 38.4606 104.266 660.772
 endloop
endfacet
facet normal 0.394163 0.628667 -0.670383
 outer loop
  vertex 26.12 105.896 654.761
  vertex 38.4606 104.266 660.772
  vertex 26.7645 104.266 653.423
 endloop
endfacet
facet normal 0.235106 0.628667 -0.741285
 outer loop
  vertex 13.3959 105.896 650.309
  vertex 26.7645 104.266 653.423
  vertex 13.7264 104.266 648.861
 endloop
endfacet
facet normal 0.259388 0.720164 -0.643492
 outer loop
  vertex 13.3959 105.896 650.309
  vertex 26.12 105.896 654.761
  vertex 26.7645 104.266 653.423
 endloop
endfacet
facet normal 0.961458 0.249137 -0.116315
 outer loop
  vertex 62.4508 101.317 704.966
  vertex 60.9159 102.21 695.096
  vertex 61.6073 104.17 704.891
 endloop
endfacet
facet normal 0.981875 0.0849676 -0.169416
 outer loop
  vertex 62.4508 101.317 704.966
  vertex 61.012 101.317 695.074
  vertex 60.9159 102.21 695.096
 endloop
endfacet
facet normal 0.94696 0.135208 -0.291523
 outer loop
  vertex 60.9159 102.21 695.096
  vertex 61.012 101.317 695.074
  vertex 56.2948 102.21 681.89
 endloop
endfacet
facet normal 0.787512 0.420419 -0.450636
 outer loop
  vertex 55.5771 104.266 682.235
  vertex 56.2948 102.21 681.89
  vertex 48.228 104.266 670.539
 endloop
endfacet
facet normal 0.887956 0.30413 -0.345021
 outer loop
  vertex 55.5771 104.266 682.235
  vertex 60.9159 102.21 695.096
  vertex 56.2948 102.21 681.89
 endloop
endfacet
facet normal 0.868043 0.420419 -0.2641
 outer loop
  vertex 55.5771 104.266 682.235
  vertex 60.1394 104.266 695.274
  vertex 60.9159 102.21 695.096
 endloop
endfacet
facet normal 0.896636 0.413743 -0.157669
 outer loop
  vertex 60.9159 102.21 695.096
  vertex 60.1394 104.266 695.274
  vertex 61.6073 104.17 704.891
 endloop
endfacet
facet normal 0.753176 0.650666 -0.09674
 outer loop
  vertex 61.6073 104.17 704.891
  vertex 60.1394 104.266 695.274
  vertex 59.5 106.268 704.836
 endloop
endfacet
facet normal 0.927588 0.0852015 -0.363759
 outer loop
  vertex 61.012 101.317 695.074
  vertex 56.3835 101.317 681.847
  vertex 56.2948 102.21 681.89
 endloop
endfacet
facet normal 0.858348 0.135208 -0.494932
 outer loop
  vertex 56.2948 102.21 681.89
  vertex 56.3835 101.317 681.847
  vertex 48.8508 102.21 670.043
 endloop
endfacet
facet normal 0.667491 0.420419 -0.614576
 outer loop
  vertex 48.228 104.266 670.539
  vertex 48.8508 102.21 670.043
  vertex 38.4606 104.266 660.772
 endloop
endfacet
facet normal 0.788918 0.30413 -0.53396
 outer loop
  vertex 48.228 104.266 670.539
  vertex 56.2948 102.21 681.89
  vertex 48.8508 102.21 670.043
 endloop
endfacet
facet normal 0.823388 0.0852015 -0.561047
 outer loop
  vertex 56.3835 101.317 681.847
  vertex 48.9278 101.317 669.981
  vertex 48.8508 102.21 670.043
 endloop
endfacet
facet normal 0.726695 0.135208 -0.673523
 outer loop
  vertex 48.8508 102.21 670.043
  vertex 48.9278 101.317 669.981
  vertex 38.9572 102.21 660.149
 endloop
endfacet
facet normal 0.514 0.420419 -0.747698
 outer loop
  vertex 38.4606 104.266 660.772
  vertex 38.9572 102.21 660.149
  vertex 26.7645 104.266 653.423
 endloop
endfacet
facet normal 0.650321 0.30413 -0.696123
 outer loop
  vertex 38.4606 104.266 660.772
  vertex 48.8508 102.21 670.043
  vertex 38.9572 102.21 660.149
 endloop
endfacet
facet normal 0.677899 0.0852015 -0.730201
 outer loop
  vertex 48.9278 101.317 669.981
  vertex 39.0186 101.317 660.072
  vertex 38.9572 102.21 660.149
 endloop
endfacet
facet normal 0.558602 0.135208 -0.818342
 outer loop
  vertex 38.9572 102.21 660.149
  vertex 39.0186 101.317 660.072
  vertex 27.1101 102.21 652.705
 endloop
endfacet
facet normal 0.334735 0.420419 -0.843327
 outer loop
  vertex 26.7645 104.266 653.423
  vertex 27.1101 102.21 652.705
  vertex 13.7264 104.266 648.861
 endloop
endfacet
facet normal 0.479115 0.30413 -0.82338
 outer loop
  vertex 26.7645 104.266 653.423
  vertex 38.9572 102.21 660.149
  vertex 27.1101 102.21 652.705
 endloop
endfacet
facet normal 0.498417 0.0852015 -0.86274
 outer loop
  vertex 39.0186 101.317 660.072
  vertex 27.1529 101.317 652.616
  vertex 27.1101 102.21 652.705
 endloop
endfacet
facet normal 0.362498 0.135208 -0.922125
 outer loop
  vertex 27.1101 102.21 652.705
  vertex 27.1529 101.317 652.616
  vertex 13.9037 102.21 648.084
 endloop
endfacet
facet normal 0.283883 0.30413 -0.909349
 outer loop
  vertex 13.7264 104.266 648.861
  vertex 27.1101 102.21 652.705
  vertex 13.9037 102.21 648.084
 endloop
endfacet
facet normal 0.293943 0.0852015 -0.952018
 outer loop
  vertex 27.1529 101.317 652.616
  vertex 13.9256 101.317 647.988
  vertex 13.9037 102.21 648.084
 endloop
endfacet
facet normal 0.0967459 0.65057 -0.753259
 outer loop
  vertex 4.10914 104.168 647.392
  vertex 4.16413 106.268 649.5
  vertex 13.7264 104.266 648.861
 endloop
endfacet
facet normal 0.0778467 0.884405 -0.460183
 outer loop
  vertex 13.3959 105.896 650.309
  vertex 4.16413 106.268 649.5
  vertex 12.9566 106.878 652.233
 endloop
endfacet
facet normal 0.0404212 0.925655 -0.376204
 outer loop
  vertex 12.9566 106.878 652.233
  vertex 4.16413 106.268 649.5
  vertex 4.06088 106.735 650.475
 endloop
endfacet
facet normal 0.0252073 0.971921 -0.233955
 outer loop
  vertex 12.8305 107.01 652.786
  vertex 4.06088 106.735 650.475
  vertex 3.69656 107.01 651.459
 endloop
endfacet
facet normal 0.0417036 0.96384 -0.263197
 outer loop
  vertex 12.8305 107.01 652.786
  vertex 12.9566 106.878 652.233
  vertex 4.06088 106.735 650.475
 endloop
endfacet
facet normal 0.0523822 0.977551 -0.204083
 outer loop
  vertex 12.8305 107.01 652.786
  vertex 18.0912 107.01 654.252
  vertex 12.9566 106.878 652.233
 endloop
endfacet
facet normal 0.0787199 0.970444 -0.228128
 outer loop
  vertex 12.9566 106.878 652.233
  vertex 18.0912 107.01 654.252
  vertex 25.2636 106.878 656.54
 endloop
endfacet
facet normal 0.149396 0.921786 -0.357758
 outer loop
  vertex 26.12 105.896 654.761
  vertex 12.9566 106.878 652.233
  vertex 25.2636 106.878 656.54
 endloop
endfacet
facet normal 0.0843232 0.977586 -0.192914
 outer loop
  vertex 18.0912 107.01 654.252
  vertex 25.0176 107.01 657.05
  vertex 25.2636 106.878 656.54
 endloop
endfacet
facet normal 0.101551 0.977682 -0.183916
 outer loop
  vertex 25.2636 106.878 656.54
  vertex 25.0176 107.01 657.05
  vertex 34.6962 107.01 662.948
 endloop
endfacet
facet normal 0.130183 0.977515 -0.165883
 outer loop
  vertex 36.3037 106.878 663.477
  vertex 34.6962 107.01 662.948
  vertex 35.9502 107.01 663.92
 endloop
endfacet
facet normal 0.155443 0.977733 -0.140981
 outer loop
  vertex 45.5234 106.878 672.696
  vertex 35.9502 107.01 663.92
  vertex 45.0801 107.01 673.05
 endloop
endfacet
facet normal 0.16869 0.977565 -0.126138
 outer loop
  vertex 48.7512 107.01 678.211
  vertex 45.5234 106.878 672.696
  vertex 45.0801 107.01 673.05
 endloop
endfacet
facet normal 0.204271 0.970442 -0.128514
 outer loop
  vertex 48.7512 107.01 678.211
  vertex 52.4604 106.878 683.736
  vertex 45.5234 106.878 672.696
 endloop
endfacet
facet normal 0.339861 0.921786 -0.18656
 outer loop
  vertex 45.5234 106.878 672.696
  vertex 52.4604 106.878 683.736
  vertex 54.2387 105.896 682.88
 endloop
endfacet
facet normal 0.204912 0.977521 -0.049634
 outer loop
  vertex 55.5533 107.01 693.558
  vertex 56.214 107.01 696.17
  vertex 56.7668 106.878 696.043
 endloop
endfacet
facet normal 0.664828 0.720164 -0.198413
 outer loop
  vertex 58.6911 105.896 695.604
  vertex 60.1394 104.266 695.274
  vertex 54.2387 105.896 682.88
 endloop
endfacet
facet normal 0.372854 0.921786 -0.106256
 outer loop
  vertex 56.7668 106.878 696.043
  vertex 58.6911 105.896 695.604
  vertex 52.4604 106.878 683.736
 endloop
endfacet
facet normal 0.604008 0.720164 -0.341377
 outer loop
  vertex 54.2387 105.896 682.88
  vertex 55.5771 104.266 682.235
  vertex 47.0666 105.896 671.466
 endloop
endfacet
facet normal 0.512901 0.720164 -0.467222
 outer loop
  vertex 47.0666 105.896 671.466
  vertex 48.228 104.266 670.539
  vertex 37.5344 105.896 661.933
 endloop
endfacet
facet normal 0.16566 0.970508 -0.17513
 outer loop
  vertex 35.9502 107.01 663.92
  vertex 45.5234 106.878 672.696
  vertex 36.3037 106.878 663.477
 endloop
endfacet
facet normal 0.289827 0.921786 -0.257509
 outer loop
  vertex 36.3037 106.878 663.477
  vertex 45.5234 106.878 672.696
  vertex 47.0666 105.896 671.466
 endloop
endfacet
facet normal 0.396075 0.720164 -0.569639
 outer loop
  vertex 37.5344 105.896 661.933
  vertex 38.4606 104.266 660.772
  vertex 26.12 105.896 654.761
 endloop
endfacet
facet normal 0.132571 0.97048 -0.201479
 outer loop
  vertex 34.6962 107.01 662.948
  vertex 36.3037 106.878 663.477
  vertex 25.2636 106.878 656.54
 endloop
endfacet
facet normal 0.225259 0.921786 -0.315545
 outer loop
  vertex 25.2636 106.878 656.54
  vertex 36.3037 106.878 663.477
  vertex 37.5344 105.896 661.933
 endloop
endfacet
facet normal -0.999657 0.0261769 -4.01121E-15
 outer loop
  vertex 4 100 646.501
  vertex 4 100 649.5
  vertex 4.03448 101.317 646.549
 endloop
endfacet
facet normal -0.999657 0.0261769 -4.01121E-15
 outer loop
  vertex 4.03448 101.317 646.549
  vertex 4 100 649.5
  vertex 4.10914 104.168 647.392
 endloop
endfacet
facet normal -0.999657 0.0261769 -4.01121E-15
 outer loop
  vertex 4.10914 104.168 647.392
  vertex 4 100 649.5
  vertex 4.16413 106.268 649.5
 endloop
endfacet
facet normal 8.89277E-18 1 -3.30405E-17
 outer loop
  vertex -2.75 100 649.25
  vertex -4 100 649.5
  vertex -2.38157 100 650.625
 endloop
endfacet
facet normal 8.89277E-18 1 -3.30405E-17
 outer loop
  vertex -2.75 100 649.25
  vertex -2.38157 100 647.875
  vertex -4 100 649.5
 endloop
endfacet
facet normal 8.89277E-18 1 -3.30405E-17
 outer loop
  vertex -4 100 649.5
  vertex -2.38157 100 647.875
  vertex -4 100 646.501
 endloop
endfacet
facet normal 8.89277E-18 1 -3.30405E-17
 outer loop
  vertex -4 100 646.501
  vertex -2.38157 100 647.875
  vertex -2.66768 100 646.43
 endloop
endfacet
facet normal 8.89277E-18 1 -3.30405E-17
 outer loop
  vertex -2.66768 100 646.43
  vertex -2.38157 100 647.875
  vertex -1.375 100 646.868
 endloop
endfacet
facet normal 8.89277E-18 1 -3.30405E-17
 outer loop
  vertex -1.33414 100 646.387
  vertex -1.375 100 646.868
  vertex 8.71243E-14 100 646.5
 endloop
endfacet
facet normal 8.89277E-18 1 -3.30405E-17
 outer loop
  vertex -1.14077E-13 100 646.373
  vertex 8.71243E-14 100 646.5
  vertex 1.33414 100 646.387
 endloop
endfacet
facet normal 8.89277E-18 1 -3.30405E-17
 outer loop
  vertex -1.14077E-13 100 646.373
  vertex -1.33414 100 646.387
  vertex 8.71243E-14 100 646.5
 endloop
endfacet
facet normal 8.89277E-18 1 -3.30405E-17
 outer loop
  vertex -2.38157 100 650.625
  vertex -3.4641 100 651.5
  vertex -1.375 100 651.632
 endloop
endfacet
facet normal 8.89277E-18 1 -3.30405E-17
 outer loop
  vertex -2.38157 100 650.625
  vertex -4 100 649.5
  vertex -3.4641 100 651.5
 endloop
endfacet
facet normal 8.89277E-18 1 -3.30405E-17
 outer loop
  vertex 8.71243E-14 100 646.5
  vertex 1.375 100 646.868
  vertex 1.33414 100 646.387
 endloop
endfacet
facet normal 8.89277E-18 1 -3.30405E-17
 outer loop
  vertex 1.33414 100 646.387
  vertex 1.375 100 646.868
  vertex 2.66768 100 646.43
 endloop
endfacet
facet normal 8.89277E-18 1 -3.30405E-17
 outer loop
  vertex 2.66768 100 646.43
  vertex 1.375 100 646.868
  vertex 2.38157 100 647.875
 endloop
endfacet
facet normal 8.89277E-18 1 -3.30405E-17
 outer loop
  vertex 4 100 646.501
  vertex 2.38157 100 647.875
  vertex 4 100 649.5
 endloop
endfacet
facet normal 8.89277E-18 1 -3.30405E-17
 outer loop
  vertex 4 100 646.501
  vertex 2.66768 100 646.43
  vertex 2.38157 100 647.875
 endloop
endfacet
facet normal 8.89277E-18 1 -3.30405E-17
 outer loop
  vertex 2.38157 100 647.875
  vertex 2.75 100 649.25
  vertex 4 100 649.5
 endloop
endfacet
facet normal 8.89277E-18 1 -3.30405E-17
 outer loop
  vertex 4 100 649.5
  vertex 2.75 100 649.25
  vertex 2.38157 100 650.625
 endloop
endfacet
facet normal 8.89277E-18 1 -3.30405E-17
 outer loop
  vertex 3.4641 100 651.5
  vertex 2.38157 100 650.625
  vertex 1.375 100 651.632
 endloop
endfacet
facet normal 8.89277E-18 1 -3.30405E-17
 outer loop
  vertex 2 100 652.964
  vertex 1.375 100 651.632
  vertex 8.77757E-14 100 652
 endloop
endfacet
facet normal 8.89277E-18 1 -3.30405E-17
 outer loop
  vertex 1.16153E-13 100 653.5
  vertex 8.77757E-14 100 652
  vertex -2 100 652.964
 endloop
endfacet
facet normal 8.89277E-18 1 -3.30405E-17
 outer loop
  vertex 1.16153E-13 100 653.5
  vertex 2 100 652.964
  vertex 8.77757E-14 100 652
 endloop
endfacet
facet normal 8.89277E-18 1 -3.30405E-17
 outer loop
  vertex -1.33414 100 646.387
  vertex -2.66768 100 646.43
  vertex -1.375 100 646.868
 endloop
endfacet
facet normal 8.89277E-18 1 -3.30405E-17
 outer loop
  vertex -3.4641 100 651.5
  vertex -2 100 652.964
  vertex -1.375 100 651.632
 endloop
endfacet
facet normal 8.89277E-18 1 -3.30405E-17
 outer loop
  vertex -1.375 100 651.632
  vertex -2 100 652.964
  vertex 8.77757E-14 100 652
 endloop
endfacet
facet normal 8.89277E-18 1 -3.30405E-17
 outer loop
  vertex 2 100 652.964
  vertex 3.4641 100 651.5
  vertex 1.375 100 651.632
 endloop
endfacet
facet normal 8.89277E-18 1 -3.30405E-17
 outer loop
  vertex 3.4641 100 651.5
  vertex 4 100 649.5
  vertex 2.38157 100 650.625
 endloop
endfacet
facet normal 0.999657 0.0261769 3.97449E-15
 outer loop
  vertex -4 100 646.501
  vertex -4.03448 101.317 646.549
  vertex -4 100 649.5
 endloop
endfacet
facet normal 0.999657 0.0261769 3.97449E-15
 outer loop
  vertex -4 100 649.5
  vertex -4.03448 101.317 646.549
  vertex -4.1092 104.17 647.393
 endloop
endfacet
facet normal 0.999657 0.0261769 3.97449E-15
 outer loop
  vertex -4.16413 106.268 649.5
  vertex -4 100 649.5
  vertex -4.1092 104.17 647.393
 endloop
endfacet
facet normal -0.348161 0.937113 -0.0245427
 outer loop
  vertex -58.5247 106.735 704.939
  vertex -57.5021 107.01 704.74
  vertex -59.5 106.268 704.836
 endloop
endfacet
facet normal -0.235264 0.971795 -0.0162968
 outer loop
  vertex -58.5247 106.735 704.939
  vertex -57.541 107.01 705.303
  vertex -57.5021 107.01 704.74
 endloop
endfacet
facet normal -0.321811 0.94608 -0.0370061
 outer loop
  vertex -59.5 106.268 704.836
  vertex -57.5021 107.01 704.74
  vertex -56.7668 106.878 696.043
 endloop
endfacet
facet normal -0.47363 0.867026 -0.154727
 outer loop
  vertex -58.6911 105.896 695.604
  vertex -56.7668 106.878 696.043
  vertex -54.2387 105.896 682.88
 endloop
endfacet
facet normal -0.670383 0.628667 -0.394163
 outer loop
  vertex -55.5771 104.266 682.235
  vertex -54.2387 105.896 682.88
  vertex -48.228 104.266 670.539
 endloop
endfacet
facet normal -0.696123 0.30413 -0.650321
 outer loop
  vertex -48.8508 102.21 670.043
  vertex -48.228 104.266 670.539
  vertex -38.9572 102.21 660.149
 endloop
endfacet
facet normal -0.561047 0.0852015 -0.823388
 outer loop
  vertex -39.0186 101.317 660.072
  vertex -38.9572 102.21 660.149
  vertex -27.1529 101.317 652.616
 endloop
endfacet
facet normal -0.673523 0.135208 -0.726695
 outer loop
  vertex -39.0186 101.317 660.072
  vertex -48.8508 102.21 670.043
  vertex -38.9572 102.21 660.149
 endloop
endfacet
facet normal -0.730201 0.0852015 -0.677899
 outer loop
  vertex -39.0186 101.317 660.072
  vertex -48.9278 101.317 669.981
  vertex -48.8508 102.21 670.043
 endloop
endfacet
facet normal -0.818342 0.135208 -0.558602
 outer loop
  vertex -48.8508 102.21 670.043
  vertex -48.9278 101.317 669.981
  vertex -56.2948 102.21 681.89
 endloop
endfacet
facet normal -0.843327 0.420419 -0.334735
 outer loop
  vertex -55.5771 104.266 682.235
  vertex -56.2948 102.21 681.89
  vertex -60.1394 104.266 695.274
 endloop
endfacet
facet normal -0.65623 0.744579 -0.12233
 outer loop
  vertex -58.6911 105.896 695.604
  vertex -60.1394 104.266 695.274
  vertex -59.5 106.268 704.836
 endloop
endfacet
facet normal -0.460183 0.884405 -0.0778467
 outer loop
  vertex -56.7668 106.878 696.043
  vertex -58.6911 105.896 695.604
  vertex -59.5 106.268 704.836
 endloop
endfacet
facet normal -0.206951 0.977611 -0.038043
 outer loop
  vertex -57.5021 107.01 704.74
  vertex -56.214 107.01 696.17
  vertex -56.7668 106.878 696.043
 endloop
endfacet
facet normal -0.202652 0.977631 -0.0563025
 outer loop
  vertex -56.7668 106.878 696.043
  vertex -56.214 107.01 696.17
  vertex -53.352 107.01 687.132
 endloop
endfacet
facet normal -0.191455 0.977527 -0.0882338
 outer loop
  vertex -52.4604 106.878 683.736
  vertex -53.352 107.01 687.132
  vertex -51.9495 107.01 683.982
 endloop
endfacet
facet normal -0.172036 0.977733 -0.120175
 outer loop
  vertex -45.5234 106.878 672.696
  vertex -51.9495 107.01 683.982
  vertex -45.0801 107.01 673.05
 endloop
endfacet
facet normal -0.161399 0.977546 -0.135477
 outer loop
  vertex -41.7226 107.01 669.202
  vertex -45.5234 106.878 672.696
  vertex -45.0801 107.01 673.05
 endloop
endfacet
facet normal -0.171636 0.970445 -0.16964
 outer loop
  vertex -41.7226 107.01 669.202
  vertex -36.3037 106.878 663.477
  vertex -45.5234 106.878 672.696
 endloop
endfacet
facet normal -0.137479 0.977593 -0.15941
 outer loop
  vertex -41.7226 107.01 669.202
  vertex -35.9502 107.01 663.92
  vertex -36.3037 106.878 663.477
 endloop
endfacet
facet normal -0.123798 0.977618 -0.170107
 outer loop
  vertex -36.3037 106.878 663.477
  vertex -35.9502 107.01 663.92
  vertex -28.5251 107.01 658.891
 endloop
endfacet
facet normal -0.095137 0.977532 -0.188094
 outer loop
  vertex -25.2636 106.878 656.54
  vertex -28.5251 107.01 658.891
  vertex -25.0176 107.01 657.05
 endloop
endfacet
facet normal -0.059575 0.977733 -0.201219
 outer loop
  vertex -12.9566 106.878 652.233
  vertex -25.0176 107.01 657.05
  vertex -12.8305 107.01 652.786
 endloop
endfacet
facet normal -0.0418916 0.977544 -0.206526
 outer loop
  vertex -7.97387 107.01 651.894
  vertex -12.9566 106.878 652.233
  vertex -12.8305 107.01 652.786
 endloop
endfacet
facet normal -0.0747654 0.933385 -0.351003
 outer loop
  vertex -7.97387 107.01 651.894
  vertex -13.3959 105.896 650.309
  vertex -12.9566 106.878 652.233
 endloop
endfacet
facet normal -0.0661659 0.898784 -0.43337
 outer loop
  vertex -7.97387 107.01 651.894
  vertex -4.16413 106.268 649.5
  vertex -13.3959 105.896 650.309
 endloop
endfacet
facet normal -0.0284445 0.937089 -0.347931
 outer loop
  vertex -7.97387 107.01 651.894
  vertex -4.06157 106.734 650.472
  vertex -4.16413 106.268 649.5
 endloop
endfacet
facet normal -0.0201705 0.971778 -0.235032
 outer loop
  vertex -7.97387 107.01 651.894
  vertex -3.69656 107.01 651.459
  vertex -4.06157 106.734 650.472
 endloop
endfacet
facet normal -0.12233 0.744579 -0.65623
 outer loop
  vertex -13.3959 105.896 650.309
  vertex -4.16413 106.268 649.5
  vertex -13.7264 104.266 648.861
 endloop
endfacet
facet normal -0.27837 0.628667 -0.726146
 outer loop
  vertex -26.12 105.896 654.761
  vertex -13.7264 104.266 648.861
  vertex -26.7645 104.266 653.423
 endloop
endfacet
facet normal -0.432973 0.628667 -0.645997
 outer loop
  vertex -37.5344 105.896 661.933
  vertex -26.7645 104.266 653.423
  vertex -38.4606 104.266 660.772
 endloop
endfacet
facet normal -0.565866 0.628667 -0.533455
 outer loop
  vertex -47.0666 105.896 671.466
  vertex -38.4606 104.266 660.772
  vertex -48.228 104.266 670.539
 endloop
endfacet
facet normal -0.569639 0.720164 -0.396075
 outer loop
  vertex -54.2387 105.896 682.88
  vertex -47.0666 105.896 671.466
  vertex -48.228 104.266 670.539
 endloop
endfacet
facet normal -0.427325 0.867026 -0.25624
 outer loop
  vertex -54.2387 105.896 682.88
  vertex -52.4604 106.878 683.736
  vertex -47.0666 105.896 671.466
 endloop
endfacet
facet normal -0.357758 0.921786 -0.149396
 outer loop
  vertex -54.2387 105.896 682.88
  vertex -56.7668 106.878 696.043
  vertex -52.4604 106.878 683.736
 endloop
endfacet
facet normal -0.226683 0.970456 -0.0826377
 outer loop
  vertex -52.4604 106.878 683.736
  vertex -56.7668 106.878 696.043
  vertex -53.352 107.01 687.132
 endloop
endfacet
facet normal -0.116315 0.249137 -0.961458
 outer loop
  vertex -4.03448 101.317 646.549
  vertex -13.9037 102.21 648.084
  vertex -4.1092 104.17 647.393
 endloop
endfacet
facet normal -0.169416 0.0849676 -0.981875
 outer loop
  vertex -4.03448 101.317 646.549
  vertex -13.9256 101.317 647.988
  vertex -13.9037 102.21 648.084
 endloop
endfacet
facet normal -0.291523 0.135208 -0.94696
 outer loop
  vertex -13.9037 102.21 648.084
  vertex -13.9256 101.317 647.988
  vertex -27.1101 102.21 652.705
 endloop
endfacet
facet normal -0.450636 0.420419 -0.787512
 outer loop
  vertex -26.7645 104.266 653.423
  vertex -27.1101 102.21 652.705
  vertex -38.4606 104.266 660.772
 endloop
endfacet
facet normal -0.345021 0.30413 -0.887956
 outer loop
  vertex -26.7645 104.266 653.423
  vertex -13.9037 102.21 648.084
  vertex -27.1101 102.21 652.705
 endloop
endfacet
facet normal -0.2641 0.420419 -0.868043
 outer loop
  vertex -26.7645 104.266 653.423
  vertex -13.7264 104.266 648.861
  vertex -13.9037 102.21 648.084
 endloop
endfacet
facet normal -0.157669 0.413743 -0.896636
 outer loop
  vertex -13.9037 102.21 648.084
  vertex -13.7264 104.266 648.861
  vertex -4.1092 104.17 647.393
 endloop
endfacet
facet normal -0.09674 0.650666 -0.753176
 outer loop
  vertex -4.1092 104.17 647.393
  vertex -13.7264 104.266 648.861
  vertex -4.16413 106.268 649.5
 endloop
endfacet
facet normal -0.363759 0.0852015 -0.927588
 outer loop
  vertex -13.9256 101.317 647.988
  vertex -27.1529 101.317 652.616
  vertex -27.1101 102.21 652.705
 endloop
endfacet
facet normal -0.494932 0.135208 -0.858348
 outer loop
  vertex -27.1101 102.21 652.705
  vertex -27.1529 101.317 652.616
  vertex -38.9572 102.21 660.149
 endloop
endfacet
facet normal -0.614576 0.420419 -0.667491
 outer loop
  vertex -38.4606 104.266 660.772
  vertex -38.9572 102.21 660.149
  vertex -48.228 104.266 670.539
 endloop
endfacet
facet normal -0.53396 0.30413 -0.788918
 outer loop
  vertex -38.4606 104.266 660.772
  vertex -27.1101 102.21 652.705
  vertex -38.9572 102.21 660.149
 endloop
endfacet
facet normal -0.86274 0.0852015 -0.498417
 outer loop
  vertex -48.9278 101.317 669.981
  vertex -56.3835 101.317 681.847
  vertex -56.2948 102.21 681.89
 endloop
endfacet
facet normal -0.922125 0.135208 -0.362498
 outer loop
  vertex -56.2948 102.21 681.89
  vertex -56.3835 101.317 681.847
  vertex -60.9159 102.21 695.096
 endloop
endfacet
facet normal -0.896689 0.413628 -0.157671
 outer loop
  vertex -60.1394 104.266 695.274
  vertex -60.9159 102.21 695.096
  vertex -61.6084 104.168 704.891
 endloop
endfacet
facet normal -0.753259 0.65057 -0.0967459
 outer loop
  vertex -59.5 106.268 704.836
  vertex -60.1394 104.266 695.274
  vertex -61.6084 104.168 704.891
 endloop
endfacet
facet normal -0.952018 0.0852015 -0.293943
 outer loop
  vertex -56.3835 101.317 681.847
  vertex -61.012 101.317 695.074
  vertex -60.9159 102.21 695.096
 endloop
endfacet
facet normal -0.981875 0.0849676 -0.169416
 outer loop
  vertex -60.9159 102.21 695.096
  vertex -61.012 101.317 695.074
  vertex -62.4508 101.317 704.966
 endloop
endfacet
facet normal -0.961489 0.249018 -0.116315
 outer loop
  vertex -61.6084 104.168 704.891
  vertex -60.9159 102.21 695.096
  vertex -62.4508 101.317 704.966
 endloop
endfacet
facet normal -0.643492 0.720164 -0.259388
 outer loop
  vertex -54.2387 105.896 682.88
  vertex -55.5771 104.266 682.235
  vertex -58.6911 105.896 695.604
 endloop
endfacet
facet normal -0.741285 0.628667 -0.235106
 outer loop
  vertex -58.6911 105.896 695.604
  vertex -55.5771 104.266 682.235
  vertex -60.1394 104.266 695.274
 endloop
endfacet
facet normal -0.909349 0.30413 -0.283883
 outer loop
  vertex -60.9159 102.21 695.096
  vertex -60.1394 104.266 695.274
  vertex -56.2948 102.21 681.89
 endloop
endfacet
facet normal -0.315545 0.921786 -0.225259
 outer loop
  vertex -47.0666 105.896 671.466
  vertex -52.4604 106.878 683.736
  vertex -45.5234 106.878 672.696
 endloop
endfacet
facet normal -0.257509 0.921786 -0.289827
 outer loop
  vertex -37.5344 105.896 661.933
  vertex -45.5234 106.878 672.696
  vertex -36.3037 106.878 663.477
 endloop
endfacet
facet normal -0.18656 0.921786 -0.339861
 outer loop
  vertex -26.12 105.896 654.761
  vertex -36.3037 106.878 663.477
  vertex -25.2636 106.878 656.54
 endloop
endfacet
facet normal -0.106256 0.921786 -0.372854
 outer loop
  vertex -13.3959 105.896 650.309
  vertex -25.2636 106.878 656.54
  vertex -12.9566 106.878 652.233
 endloop
endfacet
facet normal -0.174333 0.867026 -0.46677
 outer loop
  vertex -13.3959 105.896 650.309
  vertex -26.12 105.896 654.761
  vertex -25.2636 106.878 656.54
 endloop
endfacet
facet normal -0.198413 0.720164 -0.664828
 outer loop
  vertex -13.3959 105.896 650.309
  vertex -13.7264 104.266 648.861
  vertex -26.12 105.896 654.761
 endloop
endfacet
facet normal -0.747698 0.420419 -0.514
 outer loop
  vertex -48.228 104.266 670.539
  vertex -48.8508 102.21 670.043
  vertex -55.5771 104.266 682.235
 endloop
endfacet
facet normal -0.82338 0.30413 -0.479115
 outer loop
  vertex -55.5771 104.266 682.235
  vertex -48.8508 102.21 670.043
  vertex -56.2948 102.21 681.89
 endloop
endfacet
facet normal -0.467222 0.720164 -0.512901
 outer loop
  vertex -38.4606 104.266 660.772
  vertex -47.0666 105.896 671.466
  vertex -37.5344 105.896 661.933
 endloop
endfacet
facet normal -0.359593 0.867026 -0.344905
 outer loop
  vertex -37.5344 105.896 661.933
  vertex -47.0666 105.896 671.466
  vertex -45.5234 106.878 672.696
 endloop
endfacet
facet normal -0.207602 0.970508 -0.122537
 outer loop
  vertex -45.5234 106.878 672.696
  vertex -52.4604 106.878 683.736
  vertex -51.9495 107.01 683.982
 endloop
endfacet
facet normal -0.341377 0.720164 -0.604008
 outer loop
  vertex -26.7645 104.266 653.423
  vertex -37.5344 105.896 661.933
  vertex -26.12 105.896 654.761
 endloop
endfacet
facet normal -0.273828 0.867026 -0.416274
 outer loop
  vertex -26.12 105.896 654.761
  vertex -37.5344 105.896 661.933
  vertex -36.3037 106.878 663.477
 endloop
endfacet
facet normal -0.0859091 0.970508 -0.225241
 outer loop
  vertex -25.2636 106.878 656.54
  vertex -25.0176 107.01 657.05
  vertex -12.9566 106.878 652.233
 endloop
endfacet
facet normal -0.126167 0.970452 -0.205681
 outer loop
  vertex -25.2636 106.878 656.54
  vertex -36.3037 106.878 663.477
  vertex -28.5251 107.01 658.891
 endloop
endfacet
facet normal -1.437E-14 0.0261769 0.999657
 outer loop
  vertex -62.4991 100 705
  vertex -59.5 100 705
  vertex -62.4508 101.317 704.966
 endloop
endfacet
facet normal -1.437E-14 0.0261769 0.999657
 outer loop
  vertex -62.4508 101.317 704.966
  vertex -59.5 100 705
  vertex -61.6084 104.168 704.891
 endloop
endfacet
facet normal -1.437E-14 0.0261769 0.999657
 outer loop
  vertex -61.6084 104.168 704.891
  vertex -59.5 100 705
  vertex -59.5 106.268 704.836
 endloop
endfacet
facet normal 8.89277E-18 1 -3.30405E-17
 outer loop
  vertex -59.75 100 706.25
  vertex -59.5 100 705
  vertex -61.125 100 706.618
 endloop
endfacet
facet normal 8.89277E-18 1 -3.30405E-17
 outer loop
  vertex -59.75 100 706.25
  vertex -58.375 100 706.618
  vertex -59.5 100 705
 endloop
endfacet
facet normal 8.89277E-18 1 -3.30405E-17
 outer loop
  vertex -59.5 100 705
  vertex -58.375 100 706.618
  vertex -57.5 100 705.536
 endloop
endfacet
facet normal 8.89277E-18 1 -3.30405E-17
 outer loop
  vertex -57.5 100 705.536
  vertex -58.375 100 706.618
  vertex -57.3684 100 707.625
 endloop
endfacet
facet normal 8.89277E-18 1 -3.30405E-17
 outer loop
  vertex -56.0359 100 707
  vertex -57.3684 100 707.625
  vertex -57 100 709
 endloop
endfacet
facet normal 8.89277E-18 1 -3.30405E-17
 outer loop
  vertex -55.5 100 709
  vertex -57 100 709
  vertex -56.0359 100 711
 endloop
endfacet
facet normal 8.89277E-18 1 -3.30405E-17
 outer loop
  vertex -55.5 100 709
  vertex -56.0359 100 707
  vertex -57 100 709
 endloop
endfacet
facet normal 8.89277E-18 1 -3.30405E-17
 outer loop
  vertex -61.125 100 706.618
  vertex -62.4991 100 705
  vertex -62.1316 100 707.625
 endloop
endfacet
facet normal 8.89277E-18 1 -3.30405E-17
 outer loop
  vertex -61.125 100 706.618
  vertex -59.5 100 705
  vertex -62.4991 100 705
 endloop
endfacet
facet normal 8.89277E-18 1 -3.30405E-17
 outer loop
  vertex -57 100 709
  vertex -57.3684 100 710.375
  vertex -56.0359 100 711
 endloop
endfacet
facet normal 8.89277E-18 1 -3.30405E-17
 outer loop
  vertex -56.0359 100 711
  vertex -57.3684 100 710.375
  vertex -57.5 100 712.464
 endloop
endfacet
facet normal 8.89277E-18 1 -3.30405E-17
 outer loop
  vertex -57.5 100 712.464
  vertex -57.3684 100 710.375
  vertex -58.375 100 711.382
 endloop
endfacet
facet normal 8.89277E-18 1 -3.30405E-17
 outer loop
  vertex -59.5 100 713
  vertex -58.375 100 711.382
  vertex -59.75 100 711.75
 endloop
endfacet
facet normal 8.89277E-18 1 -3.30405E-17
 outer loop
  vertex -61.125 100 711.382
  vertex -59.5 100 713
  vertex -59.75 100 711.75
 endloop
endfacet
facet normal 8.89277E-18 1 -3.30405E-17
 outer loop
  vertex -61.125 100 711.382
  vertex -62.4991 100 713
  vertex -59.5 100 713
 endloop
endfacet
facet normal 8.89277E-18 1 -3.30405E-17
 outer loop
  vertex -61.125 100 711.382
  vertex -62.1316 100 710.375
  vertex -62.4991 100 713
 endloop
endfacet
facet normal 8.89277E-18 1 -3.30405E-17
 outer loop
  vertex -62.4991 100 713
  vertex -62.1316 100 710.375
  vertex -62.6128 100 710.334
 endloop
endfacet
facet normal 8.89277E-18 1 -3.30405E-17
 outer loop
  vertex -62.6128 100 710.334
  vertex -62.1316 100 710.375
  vertex -62.5 100 709
 endloop
endfacet
facet normal 8.89277E-18 1 -3.30405E-17
 outer loop
  vertex -62.6128 100 707.666
  vertex -62.5 100 709
  vertex -62.1316 100 707.625
 endloop
endfacet
facet normal 8.89277E-18 1 -3.30405E-17
 outer loop
  vertex -62.4991 100 705
  vertex -62.6128 100 707.666
  vertex -62.1316 100 707.625
 endloop
endfacet
facet normal 8.89277E-18 1 -3.30405E-17
 outer loop
  vertex -62.6128 100 707.666
  vertex -62.6128 100 710.334
  vertex -62.5 100 709
 endloop
endfacet
facet normal 8.89277E-18 1 -3.30405E-17
 outer loop
  vertex -59.5 100 713
  vertex -57.5 100 712.464
  vertex -58.375 100 711.382
 endloop
endfacet
facet normal 8.89277E-18 1 -3.30405E-17
 outer loop
  vertex -56.0359 100 707
  vertex -57.5 100 705.536
  vertex -57.3684 100 707.625
 endloop
endfacet
facet normal 1.43355E-14 0.0261769 -0.999657
 outer loop
  vertex -62.4991 100 713
  vertex -62.4508 101.317 713.034
  vertex -59.5 100 713
 endloop
endfacet
facet normal 1.43355E-14 0.0261769 -0.999657
 outer loop
  vertex -59.5 100 713
  vertex -62.4508 101.317 713.034
  vertex -61.6073 104.17 713.109
 endloop
endfacet
facet normal 1.43355E-14 0.0261769 -0.999657
 outer loop
  vertex -59.5 106.268 713.164
  vertex -59.5 100 713
  vertex -61.6073 104.17 713.109
 endloop
endfacet
facet normal -0.0252073 0.971921 0.233955
 outer loop
  vertex -3.69656 107.01 766.541
  vertex -12.8305 107.01 765.214
  vertex -4.06088 106.735 767.525
 endloop
endfacet
facet normal -0.0417036 0.96384 0.263197
 outer loop
  vertex -4.06088 106.735 767.525
  vertex -12.8305 107.01 765.214
  vertex -12.9566 106.878 765.767
 endloop
endfacet
facet normal -0.0778467 0.884405 0.460183
 outer loop
  vertex -4.16413 106.268 768.5
  vertex -12.9566 106.878 765.767
  vertex -13.3959 105.896 767.691
 endloop
endfacet
facet normal -0.235106 0.628667 0.741285
 outer loop
  vertex -13.7264 104.266 769.139
  vertex -13.3959 105.896 767.691
  vertex -26.7645 104.266 764.577
 endloop
endfacet
facet normal -0.479115 0.30413 0.82338
 outer loop
  vertex -27.1101 102.21 765.295
  vertex -26.7645 104.266 764.577
  vertex -38.9572 102.21 757.851
 endloop
endfacet
facet normal -0.677899 0.0852015 0.730201
 outer loop
  vertex -39.0186 101.317 757.928
  vertex -38.9572 102.21 757.851
  vertex -48.9278 101.317 748.019
 endloop
endfacet
facet normal -0.558602 0.135208 0.818342
 outer loop
  vertex -39.0186 101.317 757.928
  vertex -27.1101 102.21 765.295
  vertex -38.9572 102.21 757.851
 endloop
endfacet
facet normal -0.498417 0.0852015 0.86274
 outer loop
  vertex -39.0186 101.317 757.928
  vertex -27.1529 101.317 765.384
  vertex -27.1101 102.21 765.295
 endloop
endfacet
facet normal -0.362498 0.135208 0.922125
 outer loop
  vertex -27.1101 102.21 765.295
  vertex -27.1529 101.317 765.384
  vertex -13.9037 102.21 769.916
 endloop
endfacet
facet normal -0.157671 0.413628 0.896689
 outer loop
  vertex -13.7264 104.266 769.139
  vertex -13.9037 102.21 769.916
  vertex -4.10914 104.168 770.608
 endloop
endfacet
facet normal -0.0967459 0.65057 0.753259
 outer loop
  vertex -4.16413 106.268 768.5
  vertex -13.7264 104.266 769.139
  vertex -4.10914 104.168 770.608
 endloop
endfacet
facet normal -0.12233 0.744579 0.65623
 outer loop
  vertex -4.16413 106.268 768.5
  vertex -13.3959 105.896 767.691
  vertex -13.7264 104.266 769.139
 endloop
endfacet
facet normal -0.0523822 0.977551 0.204083
 outer loop
  vertex -12.8305 107.01 765.214
  vertex -18.0912 107.01 763.748
  vertex -12.9566 106.878 765.767
 endloop
endfacet
facet normal -0.0787199 0.970444 0.228128
 outer loop
  vertex -12.9566 106.878 765.767
  vertex -18.0912 107.01 763.748
  vertex -25.2636 106.878 761.46
 endloop
endfacet
facet normal -0.25624 0.867026 0.427325
 outer loop
  vertex -26.12 105.896 763.239
  vertex -25.2636 106.878 761.46
  vertex -37.5344 105.896 756.067
 endloop
endfacet
facet normal -0.533455 0.628667 0.565866
 outer loop
  vertex -38.4606 104.266 757.228
  vertex -37.5344 105.896 756.067
  vertex -48.228 104.266 747.461
 endloop
endfacet
facet normal -0.788918 0.30413 0.53396
 outer loop
  vertex -48.8508 102.21 747.957
  vertex -48.228 104.266 747.461
  vertex -56.2948 102.21 736.11
 endloop
endfacet
facet normal -0.927588 0.0852015 0.363759
 outer loop
  vertex -56.3835 101.317 736.153
  vertex -56.2948 102.21 736.11
  vertex -61.012 101.317 722.926
 endloop
endfacet
facet normal -0.858348 0.135208 0.494932
 outer loop
  vertex -56.3835 101.317 736.153
  vertex -48.8508 102.21 747.957
  vertex -56.2948 102.21 736.11
 endloop
endfacet
facet normal -0.823388 0.0852015 0.561047
 outer loop
  vertex -56.3835 101.317 736.153
  vertex -48.9278 101.317 748.019
  vertex -48.8508 102.21 747.957
 endloop
endfacet
facet normal -0.726695 0.135208 0.673523
 outer loop
  vertex -48.8508 102.21 747.957
  vertex -48.9278 101.317 748.019
  vertex -38.9572 102.21 757.851
 endloop
endfacet
facet normal -0.514 0.420419 0.747698
 outer loop
  vertex -38.4606 104.266 757.228
  vertex -38.9572 102.21 757.851
  vertex -26.7645 104.266 764.577
 endloop
endfacet
facet normal -0.259388 0.720164 0.643492
 outer loop
  vertex -26.12 105.896 763.239
  vertex -26.7645 104.266 764.577
  vertex -13.3959 105.896 767.691
 endloop
endfacet
facet normal -0.154727 0.867026 0.47363
 outer loop
  vertex -12.9566 106.878 765.767
  vertex -26.12 105.896 763.239
  vertex -13.3959 105.896 767.691
 endloop
endfacet
facet normal -0.149396 0.921786 0.357758
 outer loop
  vertex -12.9566 106.878 765.767
  vertex -25.2636 106.878 761.46
  vertex -26.12 105.896 763.239
 endloop
endfacet
facet normal -0.0843232 0.977586 0.192914
 outer loop
  vertex -18.0912 107.01 763.748
  vertex -25.0176 107.01 760.95
  vertex -25.2636 106.878 761.46
 endloop
endfacet
facet normal -0.101551 0.977682 0.183916
 outer loop
  vertex -25.2636 106.878 761.46
  vertex -25.0176 107.01 760.95
  vertex -34.6962 107.01 755.052
 endloop
endfacet
facet normal -0.130183 0.977515 0.165883
 outer loop
  vertex -36.3037 106.878 754.523
  vertex -34.6962 107.01 755.052
  vertex -35.9502 107.01 754.08
 endloop
endfacet
facet normal -0.155443 0.977733 0.140981
 outer loop
  vertex -45.5234 106.878 745.304
  vertex -35.9502 107.01 754.08
  vertex -45.0801 107.01 744.95
 endloop
endfacet
facet normal -0.16869 0.977565 0.126138
 outer loop
  vertex -48.7512 107.01 739.789
  vertex -45.5234 106.878 745.304
  vertex -45.0801 107.01 744.95
 endloop
endfacet
facet normal -0.204271 0.970442 0.128514
 outer loop
  vertex -48.7512 107.01 739.789
  vertex -52.4604 106.878 734.264
  vertex -45.5234 106.878 745.304
 endloop
endfacet
facet normal -0.186693 0.977569 0.0974877
 outer loop
  vertex -48.7512 107.01 739.789
  vertex -51.9495 107.01 734.018
  vertex -52.4604 106.878 734.264
 endloop
endfacet
facet normal -0.193762 0.977651 0.0815819
 outer loop
  vertex -52.4604 106.878 734.264
  vertex -51.9495 107.01 734.018
  vertex -55.5533 107.01 724.442
 endloop
endfacet
facet normal -0.204912 0.977521 0.049634
 outer loop
  vertex -56.7668 106.878 721.957
  vertex -55.5533 107.01 724.442
  vertex -56.214 107.01 721.83
 endloop
endfacet
facet normal -0.234129 0.971878 0.0252205
 outer loop
  vertex -58.5277 106.734 713.062
  vertex -56.214 107.01 721.83
  vertex -57.541 107.01 712.697
 endloop
endfacet
facet normal -0.26337 0.963793 0.0417169
 outer loop
  vertex -58.5277 106.734 713.062
  vertex -56.7668 106.878 721.957
  vertex -56.214 107.01 721.83
 endloop
endfacet
facet normal -0.376371 0.925586 0.0404336
 outer loop
  vertex -58.5277 106.734 713.062
  vertex -59.5 106.268 713.164
  vertex -56.7668 106.878 721.957
 endloop
endfacet
facet normal -0.460183 0.884405 0.0778467
 outer loop
  vertex -56.7668 106.878 721.957
  vertex -59.5 106.268 713.164
  vertex -58.6911 105.896 722.396
 endloop
endfacet
facet normal -0.46677 0.867026 0.174333
 outer loop
  vertex -52.4604 106.878 734.264
  vertex -58.6911 105.896 722.396
  vertex -54.2387 105.896 735.12
 endloop
endfacet
facet normal -0.416274 0.867026 0.273828
 outer loop
  vertex -45.5234 106.878 745.304
  vertex -54.2387 105.896 735.12
  vertex -47.0666 105.896 746.534
 endloop
endfacet
facet normal -0.344905 0.867026 0.359593
 outer loop
  vertex -36.3037 106.878 754.523
  vertex -47.0666 105.896 746.534
  vertex -37.5344 105.896 756.067
 endloop
endfacet
facet normal -0.225259 0.921786 0.315545
 outer loop
  vertex -25.2636 106.878 761.46
  vertex -36.3037 106.878 754.523
  vertex -37.5344 105.896 756.067
 endloop
endfacet
facet normal -0.132571 0.97048 0.201479
 outer loop
  vertex -25.2636 106.878 761.46
  vertex -34.6962 107.01 755.052
  vertex -36.3037 106.878 754.523
 endloop
endfacet
facet normal -0.65623 0.744579 0.12233
 outer loop
  vertex -58.6911 105.896 722.396
  vertex -59.5 106.268 713.164
  vertex -60.1394 104.266 722.726
 endloop
endfacet
facet normal -0.726146 0.628667 0.27837
 outer loop
  vertex -54.2387 105.896 735.12
  vertex -60.1394 104.266 722.726
  vertex -55.5771 104.266 735.765
 endloop
endfacet
facet normal -0.645997 0.628667 0.432973
 outer loop
  vertex -47.0666 105.896 746.534
  vertex -55.5771 104.266 735.765
  vertex -48.228 104.266 747.461
 endloop
endfacet
facet normal -0.512901 0.720164 0.467222
 outer loop
  vertex -37.5344 105.896 756.067
  vertex -47.0666 105.896 746.534
  vertex -48.228 104.266 747.461
 endloop
endfacet
facet normal -0.961458 0.249137 0.116315
 outer loop
  vertex -62.4508 101.317 713.034
  vertex -60.9159 102.21 722.904
  vertex -61.6073 104.17 713.109
 endloop
endfacet
facet normal -0.981875 0.0849676 0.169416
 outer loop
  vertex -62.4508 101.317 713.034
  vertex -61.012 101.317 722.926
  vertex -60.9159 102.21 722.904
 endloop
endfacet
facet normal -0.94696 0.135208 0.291523
 outer loop
  vertex -60.9159 102.21 722.904
  vertex -61.012 101.317 722.926
  vertex -56.2948 102.21 736.11
 endloop
endfacet
facet normal -0.787512 0.420419 0.450636
 outer loop
  vertex -55.5771 104.266 735.765
  vertex -56.2948 102.21 736.11
  vertex -48.228 104.266 747.461
 endloop
endfacet
facet normal -0.887956 0.30413 0.345021
 outer loop
  vertex -55.5771 104.266 735.765
  vertex -60.9159 102.21 722.904
  vertex -56.2948 102.21 736.11
 endloop
endfacet
facet normal -0.868043 0.420419 0.2641
 outer loop
  vertex -55.5771 104.266 735.765
  vertex -60.1394 104.266 722.726
  vertex -60.9159 102.21 722.904
 endloop
endfacet
facet normal -0.896636 0.413743 0.157669
 outer loop
  vertex -60.9159 102.21 722.904
  vertex -60.1394 104.266 722.726
  vertex -61.6073 104.17 713.109
 endloop
endfacet
facet normal -0.753176 0.650666 0.09674
 outer loop
  vertex -61.6073 104.17 713.109
  vertex -60.1394 104.266 722.726
  vertex -59.5 106.268 713.164
 endloop
endfacet
facet normal -0.293943 0.0852015 0.952018
 outer loop
  vertex -27.1529 101.317 765.384
  vertex -13.9256 101.317 770.012
  vertex -13.9037 102.21 769.916
 endloop
endfacet
facet normal -0.169416 0.0849676 0.981875
 outer loop
  vertex -13.9037 102.21 769.916
  vertex -13.9256 101.317 770.012
  vertex -4.03448 101.317 771.451
 endloop
endfacet
facet normal -0.116315 0.249018 0.961489
 outer loop
  vertex -4.10914 104.168 770.608
  vertex -13.9037 102.21 769.916
  vertex -4.03448 101.317 771.451
 endloop
endfacet
facet normal -0.334735 0.420419 0.843327
 outer loop
  vertex -26.7645 104.266 764.577
  vertex -27.1101 102.21 765.295
  vertex -13.7264 104.266 769.139
 endloop
endfacet
facet normal -0.283883 0.30413 0.909349
 outer loop
  vertex -13.7264 104.266 769.139
  vertex -27.1101 102.21 765.295
  vertex -13.9037 102.21 769.916
 endloop
endfacet
facet normal -0.396075 0.720164 0.569639
 outer loop
  vertex -37.5344 105.896 756.067
  vertex -38.4606 104.266 757.228
  vertex -26.12 105.896 763.239
 endloop
endfacet
facet normal -0.394163 0.628667 0.670383
 outer loop
  vertex -26.12 105.896 763.239
  vertex -38.4606 104.266 757.228
  vertex -26.7645 104.266 764.577
 endloop
endfacet
facet normal -0.289827 0.921786 0.257509
 outer loop
  vertex -47.0666 105.896 746.534
  vertex -36.3037 106.878 754.523
  vertex -45.5234 106.878 745.304
 endloop
endfacet
facet normal -0.16566 0.970508 0.17513
 outer loop
  vertex -45.5234 106.878 745.304
  vertex -36.3037 106.878 754.523
  vertex -35.9502 107.01 754.08
 endloop
endfacet
facet normal -0.667491 0.420419 0.614576
 outer loop
  vertex -48.228 104.266 747.461
  vertex -48.8508 102.21 747.957
  vertex -38.4606 104.266 757.228
 endloop
endfacet
facet normal -0.650321 0.30413 0.696123
 outer loop
  vertex -38.4606 104.266 757.228
  vertex -48.8508 102.21 747.957
  vertex -38.9572 102.21 757.851
 endloop
endfacet
facet normal -0.339861 0.921786 0.18656
 outer loop
  vertex -52.4604 106.878 734.264
  vertex -54.2387 105.896 735.12
  vertex -45.5234 106.878 745.304
 endloop
endfacet
facet normal -0.604008 0.720164 0.341377
 outer loop
  vertex -54.2387 105.896 735.12
  vertex -55.5771 104.266 735.765
  vertex -47.0666 105.896 746.534
 endloop
endfacet
facet normal -0.228968 0.970465 0.0759743
 outer loop
  vertex -55.5533 107.01 724.442
  vertex -56.7668 106.878 721.957
  vertex -52.4604 106.878 734.264
 endloop
endfacet
facet normal -0.372854 0.921786 0.106256
 outer loop
  vertex -52.4604 106.878 734.264
  vertex -56.7668 106.878 721.957
  vertex -58.6911 105.896 722.396
 endloop
endfacet
facet normal -0.664828 0.720164 0.198413
 outer loop
  vertex -58.6911 105.896 722.396
  vertex -60.1394 104.266 722.726
  vertex -54.2387 105.896 735.12
 endloop
endfacet
facet normal -0.0404212 0.925655 0.376204
 outer loop
  vertex -12.9566 106.878 765.767
  vertex -4.16413 106.268 768.5
  vertex -4.06088 106.735 767.525
 endloop
endfacet
facet normal 0.999657 0.0261769 4.00948E-15
 outer loop
  vertex -4 100 771.499
  vertex -4 100 768.5
  vertex -4.03448 101.317 771.451
 endloop
endfacet
facet normal 0.999657 0.0261769 4.00948E-15
 outer loop
  vertex -4.03448 101.317 771.451
  vertex -4 100 768.5
  vertex -4.10914 104.168 770.608
 endloop
endfacet
facet normal 0.999657 0.0261769 4.00948E-15
 outer loop
  vertex -4.10914 104.168 770.608
  vertex -4 100 768.5
  vertex -4.16413 106.268 768.5
 endloop
endfacet
facet normal 8.89277E-18 1 -3.30405E-17
 outer loop
  vertex -4 100 768.5
  vertex -4 100 771.499
  vertex -2.38157 100 770.125
 endloop
endfacet
facet normal 8.89277E-18 1 -3.30405E-17
 outer loop
  vertex -2.75 100 768.75
  vertex -4 100 768.5
  vertex -2.38157 100 770.125
 endloop
endfacet
facet normal 8.89277E-18 1 -3.30405E-17
 outer loop
  vertex -2.75 100 768.75
  vertex -2.38157 100 767.375
  vertex -4 100 768.5
 endloop
endfacet
facet normal 8.89277E-18 1 -3.30405E-17
 outer loop
  vertex -4 100 768.5
  vertex -2.38157 100 767.375
  vertex -3.4641 100 766.5
 endloop
endfacet
facet normal 8.89277E-18 1 -3.30405E-17
 outer loop
  vertex -3.4641 100 766.5
  vertex -2.38157 100 767.375
  vertex -1.375 100 766.368
 endloop
endfacet
facet normal 8.89277E-18 1 -3.30405E-17
 outer loop
  vertex -2 100 765.036
  vertex -1.375 100 766.368
  vertex -3.13176E-13 100 766
 endloop
endfacet
facet normal 8.89277E-18 1 -3.30405E-17
 outer loop
  vertex -3.41899E-13 100 764.5
  vertex -3.13176E-13 100 766
  vertex 2 100 765.036
 endloop
endfacet
facet normal 8.89277E-18 1 -3.30405E-17
 outer loop
  vertex -3.41899E-13 100 764.5
  vertex -2 100 765.036
  vertex -3.13176E-13 100 766
 endloop
endfacet
facet normal 8.89277E-18 1 -3.30405E-17
 outer loop
  vertex -2.38157 100 770.125
  vertex -2.66768 100 771.57
  vertex -1.375 100 771.132
 endloop
endfacet
facet normal 8.89277E-18 1 -3.30405E-17
 outer loop
  vertex -2.38157 100 770.125
  vertex -4 100 771.499
  vertex -2.66768 100 771.57
 endloop
endfacet
facet normal 8.89277E-18 1 -3.30405E-17
 outer loop
  vertex -3.13176E-13 100 766
  vertex 1.375 100 766.368
  vertex 2 100 765.036
 endloop
endfacet
facet normal 8.89277E-18 1 -3.30405E-17
 outer loop
  vertex 2 100 765.036
  vertex 1.375 100 766.368
  vertex 3.4641 100 766.5
 endloop
endfacet
facet normal 8.89277E-18 1 -3.30405E-17
 outer loop
  vertex 3.4641 100 766.5
  vertex 1.375 100 766.368
  vertex 2.38157 100 767.375
 endloop
endfacet
facet normal 8.89277E-18 1 -3.30405E-17
 outer loop
  vertex 4 100 768.5
  vertex 2.38157 100 767.375
  vertex 2.75 100 768.75
 endloop
endfacet
facet normal 8.89277E-18 1 -3.30405E-17
 outer loop
  vertex 2.38157 100 770.125
  vertex 4 100 768.5
  vertex 2.75 100 768.75
 endloop
endfacet
facet normal 8.89277E-18 1 -3.30405E-17
 outer loop
  vertex 2.38157 100 770.125
  vertex 4 100 771.499
  vertex 4 100 768.5
 endloop
endfacet
facet normal 8.89277E-18 1 -3.30405E-17
 outer loop
  vertex 2.38157 100 770.125
  vertex 2.66768 100 771.57
  vertex 4 100 771.499
 endloop
endfacet
facet normal 8.89277E-18 1 -3.30405E-17
 outer loop
  vertex 2.38157 100 770.125
  vertex 1.375 100 771.132
  vertex 2.66768 100 771.57
 endloop
endfacet
facet normal 8.89277E-18 1 -3.30405E-17
 outer loop
  vertex 2.66768 100 771.57
  vertex 1.375 100 771.132
  vertex 1.33414 100 771.613
 endloop
endfacet
facet normal 8.89277E-18 1 -3.30405E-17
 outer loop
  vertex 1.33414 100 771.613
  vertex 1.375 100 771.132
  vertex -3.12524E-13 100 771.5
 endloop
endfacet
facet normal 8.89277E-18 1 -3.30405E-17
 outer loop
  vertex -1.03999E-13 100 771.627
  vertex -3.12524E-13 100 771.5
  vertex -1.33414 100 771.613
 endloop
endfacet
facet normal 8.89277E-18 1 -3.30405E-17
 outer loop
  vertex -1.03999E-13 100 771.627
  vertex 1.33414 100 771.613
  vertex -3.12524E-13 100 771.5
 endloop
endfacet
facet normal 8.89277E-18 1 -3.30405E-17
 outer loop
  vertex -2.66768 100 771.57
  vertex -1.33414 100 771.613
  vertex -1.375 100 771.132
 endloop
endfacet
facet normal 8.89277E-18 1 -3.30405E-17
 outer loop
  vertex -1.375 100 771.132
  vertex -1.33414 100 771.613
  vertex -3.12524E-13 100 771.5
 endloop
endfacet
facet normal 8.89277E-18 1 -3.30405E-17
 outer loop
  vertex 4 100 768.5
  vertex 3.4641 100 766.5
  vertex 2.38157 100 767.375
 endloop
endfacet
facet normal 8.89277E-18 1 -3.30405E-17
 outer loop
  vertex -2 100 765.036
  vertex -3.4641 100 766.5
  vertex -1.375 100 766.368
 endloop
endfacet
facet normal -0.999657 0.0261769 -3.97622E-15
 outer loop
  vertex 4 100 771.499
  vertex 4.03448 101.317 771.451
  vertex 4 100 768.5
 endloop
endfacet
facet normal -0.999657 0.0261769 -3.97622E-15
 outer loop
  vertex 4 100 768.5
  vertex 4.03448 101.317 771.451
  vertex 4.1092 104.17 770.607
 endloop
endfacet
facet normal -0.999657 0.0261769 -3.97622E-15
 outer loop
  vertex 4.16413 106.268 768.5
  vertex 4 100 768.5
  vertex 4.1092 104.17 770.607
 endloop
endfacet
facet normal 0.348161 0.937113 0.0245427
 outer loop
  vertex 58.5247 106.735 713.061
  vertex 57.5021 107.01 713.26
  vertex 59.5 106.268 713.164
 endloop
endfacet
facet normal 0.235264 0.971795 0.0162968
 outer loop
  vertex 58.5247 106.735 713.061
  vertex 57.541 107.01 712.697
  vertex 57.5021 107.01 713.26
 endloop
endfacet
facet normal 0.321811 0.94608 0.0370061
 outer loop
  vertex 59.5 106.268 713.164
  vertex 57.5021 107.01 713.26
  vertex 56.7668 106.878 721.957
 endloop
endfacet
facet normal 0.47363 0.867026 0.154727
 outer loop
  vertex 58.6911 105.896 722.396
  vertex 56.7668 106.878 721.957
  vertex 54.2387 105.896 735.12
 endloop
endfacet
facet normal 0.670383 0.628667 0.394163
 outer loop
  vertex 55.5771 104.266 735.765
  vertex 54.2387 105.896 735.12
  vertex 48.228 104.266 747.461
 endloop
endfacet
facet normal 0.696123 0.30413 0.650321
 outer loop
  vertex 48.8508 102.21 747.957
  vertex 48.228 104.266 747.461
  vertex 38.9572 102.21 757.851
 endloop
endfacet
facet normal 0.561047 0.0852015 0.823388
 outer loop
  vertex 39.0186 101.317 757.928
  vertex 38.9572 102.21 757.851
  vertex 27.1529 101.317 765.384
 endloop
endfacet
facet normal 0.673523 0.135208 0.726695
 outer loop
  vertex 39.0186 101.317 757.928
  vertex 48.8508 102.21 747.957
  vertex 38.9572 102.21 757.851
 endloop
endfacet
facet normal 0.730201 0.0852015 0.677899
 outer loop
  vertex 39.0186 101.317 757.928
  vertex 48.9278 101.317 748.019
  vertex 48.8508 102.21 747.957
 endloop
endfacet
facet normal 0.818342 0.135208 0.558602
 outer loop
  vertex 48.8508 102.21 747.957
  vertex 48.9278 101.317 748.019
  vertex 56.2948 102.21 736.11
 endloop
endfacet
facet normal 0.843327 0.420419 0.334735
 outer loop
  vertex 55.5771 104.266 735.765
  vertex 56.2948 102.21 736.11
  vertex 60.1394 104.266 722.726
 endloop
endfacet
facet normal 0.65623 0.744579 0.12233
 outer loop
  vertex 58.6911 105.896 722.396
  vertex 60.1394 104.266 722.726
  vertex 59.5 106.268 713.164
 endloop
endfacet
facet normal 0.460183 0.884405 0.0778467
 outer loop
  vertex 56.7668 106.878 721.957
  vertex 58.6911 105.896 722.396
  vertex 59.5 106.268 713.164
 endloop
endfacet
facet normal 0.206951 0.977611 0.038043
 outer loop
  vertex 57.5021 107.01 713.26
  vertex 56.214 107.01 721.83
  vertex 56.7668 106.878 721.957
 endloop
endfacet
facet normal 0.202652 0.977631 0.0563025
 outer loop
  vertex 56.7668 106.878 721.957
  vertex 56.214 107.01 721.83
  vertex 53.352 107.01 730.868
 endloop
endfacet
facet normal 0.191455 0.977527 0.0882338
 outer loop
  vertex 52.4604 106.878 734.264
  vertex 53.352 107.01 730.868
  vertex 51.9495 107.01 734.018
 endloop
endfacet
facet normal 0.172036 0.977733 0.120175
 outer loop
  vertex 45.5234 106.878 745.304
  vertex 51.9495 107.01 734.018
  vertex 45.0801 107.01 744.95
 endloop
endfacet
facet normal 0.161399 0.977546 0.135477
 outer loop
  vertex 41.7226 107.01 748.798
  vertex 45.5234 106.878 745.304
  vertex 45.0801 107.01 744.95
 endloop
endfacet
facet normal 0.171636 0.970445 0.16964
 outer loop
  vertex 41.7226 107.01 748.798
  vertex 36.3037 106.878 754.523
  vertex 45.5234 106.878 745.304
 endloop
endfacet
facet normal 0.137479 0.977593 0.15941
 outer loop
  vertex 41.7226 107.01 748.798
  vertex 35.9502 107.01 754.08
  vertex 36.3037 106.878 754.523
 endloop
endfacet
facet normal 0.123798 0.977618 0.170107
 outer loop
  vertex 36.3037 106.878 754.523
  vertex 35.9502 107.01 754.08
  vertex 28.5251 107.01 759.109
 endloop
endfacet
facet normal 0.095137 0.977532 0.188094
 outer loop
  vertex 25.2636 106.878 761.46
  vertex 28.5251 107.01 759.109
  vertex 25.0176 107.01 760.95
 endloop
endfacet
facet normal 0.059575 0.977733 0.201219
 outer loop
  vertex 12.9566 106.878 765.767
  vertex 25.0176 107.01 760.95
  vertex 12.8305 107.01 765.214
 endloop
endfacet
facet normal 0.0418916 0.977544 0.206526
 outer loop
  vertex 7.97387 107.01 766.106
  vertex 12.9566 106.878 765.767
  vertex 12.8305 107.01 765.214
 endloop
endfacet
facet normal 0.0747654 0.933385 0.351003
 outer loop
  vertex 7.97387 107.01 766.106
  vertex 13.3959 105.896 767.691
  vertex 12.9566 106.878 765.767
 endloop
endfacet
facet normal 0.0661659 0.898784 0.43337
 outer loop
  vertex 7.97387 107.01 766.106
  vertex 4.16413 106.268 768.5
  vertex 13.3959 105.896 767.691
 endloop
endfacet
facet normal 0.0284445 0.937089 0.347931
 outer loop
  vertex 7.97387 107.01 766.106
  vertex 4.06157 106.734 767.528
  vertex 4.16413 106.268 768.5
 endloop
endfacet
facet normal 0.0201705 0.971778 0.235032
 outer loop
  vertex 7.97387 107.01 766.106
  vertex 3.69656 107.01 766.541
  vertex 4.06157 106.734 767.528
 endloop
endfacet
facet normal 0.12233 0.744579 0.65623
 outer loop
  vertex 13.3959 105.896 767.691
  vertex 4.16413 106.268 768.5
  vertex 13.7264 104.266 769.139
 endloop
endfacet
facet normal 0.27837 0.628667 0.726146
 outer loop
  vertex 26.12 105.896 763.239
  vertex 13.7264 104.266 769.139
  vertex 26.7645 104.266 764.577
 endloop
endfacet
facet normal 0.432973 0.628667 0.645997
 outer loop
  vertex 37.5344 105.896 756.067
  vertex 26.7645 104.266 764.577
  vertex 38.4606 104.266 757.228
 endloop
endfacet
facet normal 0.565866 0.628667 0.533455
 outer loop
  vertex 47.0666 105.896 746.534
  vertex 38.4606 104.266 757.228
  vertex 48.228 104.266 747.461
 endloop
endfacet
facet normal 0.569639 0.720164 0.396075
 outer loop
  vertex 54.2387 105.896 735.12
  vertex 47.0666 105.896 746.534
  vertex 48.228 104.266 747.461
 endloop
endfacet
facet normal 0.427325 0.867026 0.25624
 outer loop
  vertex 54.2387 105.896 735.12
  vertex 52.4604 106.878 734.264
  vertex 47.0666 105.896 746.534
 endloop
endfacet
facet normal 0.357758 0.921786 0.149396
 outer loop
  vertex 54.2387 105.896 735.12
  vertex 56.7668 106.878 721.957
  vertex 52.4604 106.878 734.264
 endloop
endfacet
facet normal 0.226683 0.970456 0.0826377
 outer loop
  vertex 52.4604 106.878 734.264
  vertex 56.7668 106.878 721.957
  vertex 53.352 107.01 730.868
 endloop
endfacet
facet normal 0.116315 0.249137 0.961458
 outer loop
  vertex 4.03448 101.317 771.451
  vertex 13.9037 102.21 769.916
  vertex 4.1092 104.17 770.607
 endloop
endfacet
facet normal 0.169416 0.0849676 0.981875
 outer loop
  vertex 4.03448 101.317 771.451
  vertex 13.9256 101.317 770.012
  vertex 13.9037 102.21 769.916
 endloop
endfacet
facet normal 0.291523 0.135208 0.94696
 outer loop
  vertex 13.9037 102.21 769.916
  vertex 13.9256 101.317 770.012
  vertex 27.1101 102.21 765.295
 endloop
endfacet
facet normal 0.450636 0.420419 0.787512
 outer loop
  vertex 26.7645 104.266 764.577
  vertex 27.1101 102.21 765.295
  vertex 38.4606 104.266 757.228
 endloop
endfacet
facet normal 0.345021 0.30413 0.887956
 outer loop
  vertex 26.7645 104.266 764.577
  vertex 13.9037 102.21 769.916
  vertex 27.1101 102.21 765.295
 endloop
endfacet
facet normal 0.2641 0.420419 0.868043
 outer loop
  vertex 26.7645 104.266 764.577
  vertex 13.7264 104.266 769.139
  vertex 13.9037 102.21 769.916
 endloop
endfacet
facet normal 0.157669 0.413743 0.896636
 outer loop
  vertex 13.9037 102.21 769.916
  vertex 13.7264 104.266 769.139
  vertex 4.1092 104.17 770.607
 endloop
endfacet
facet normal 0.09674 0.650666 0.753176
 outer loop
  vertex 4.1092 104.17 770.607
  vertex 13.7264 104.266 769.139
  vertex 4.16413 106.268 768.5
 endloop
endfacet
facet normal 0.363759 0.0852015 0.927588
 outer loop
  vertex 13.9256 101.317 770.012
  vertex 27.1529 101.317 765.384
  vertex 27.1101 102.21 765.295
 endloop
endfacet
facet normal 0.494932 0.135208 0.858348
 outer loop
  vertex 27.1101 102.21 765.295
  vertex 27.1529 101.317 765.384
  vertex 38.9572 102.21 757.851
 endloop
endfacet
facet normal 0.614576 0.420419 0.667491
 outer loop
  vertex 38.4606 104.266 757.228
  vertex 38.9572 102.21 757.851
  vertex 48.228 104.266 747.461
 endloop
endfacet
facet normal 0.53396 0.30413 0.788918
 outer loop
  vertex 38.4606 104.266 757.228
  vertex 27.1101 102.21 765.295
  vertex 38.9572 102.21 757.851
 endloop
endfacet
facet normal 0.86274 0.0852015 0.498417
 outer loop
  vertex 48.9278 101.317 748.019
  vertex 56.3835 101.317 736.153
  vertex 56.2948 102.21 736.11
 endloop
endfacet
facet normal 0.922125 0.135208 0.362498
 outer loop
  vertex 56.2948 102.21 736.11
  vertex 56.3835 101.317 736.153
  vertex 60.9159 102.21 722.904
 endloop
endfacet
facet normal 0.896689 0.413628 0.157671
 outer loop
  vertex 60.1394 104.266 722.726
  vertex 60.9159 102.21 722.904
  vertex 61.6084 104.168 713.109
 endloop
endfacet
facet normal 0.753259 0.65057 0.0967459
 outer loop
  vertex 59.5 106.268 713.164
  vertex 60.1394 104.266 722.726
  vertex 61.6084 104.168 713.109
 endloop
endfacet
facet normal 0.952018 0.0852015 0.293943
 outer loop
  vertex 56.3835 101.317 736.153
  vertex 61.012 101.317 722.926
  vertex 60.9159 102.21 722.904
 endloop
endfacet
facet normal 0.981875 0.0849676 0.169416
 outer loop
  vertex 60.9159 102.21 722.904
  vertex 61.012 101.317 722.926
  vertex 62.4508 101.317 713.034
 endloop
endfacet
facet normal 0.961489 0.249018 0.116315
 outer loop
  vertex 61.6084 104.168 713.109
  vertex 60.9159 102.21 722.904
  vertex 62.4508 101.317 713.034
 endloop
endfacet
facet normal 0.643492 0.720164 0.259388
 outer loop
  vertex 54.2387 105.896 735.12
  vertex 55.5771 104.266 735.765
  vertex 58.6911 105.896 722.396
 endloop
endfacet
facet normal 0.741285 0.628667 0.235106
 outer loop
  vertex 58.6911 105.896 722.396
  vertex 55.5771 104.266 735.765
  vertex 60.1394 104.266 722.726
 endloop
endfacet
facet normal 0.909349 0.30413 0.283883
 outer loop
  vertex 60.9159 102.21 722.904
  vertex 60.1394 104.266 722.726
  vertex 56.2948 102.21 736.11
 endloop
endfacet
facet normal 0.315545 0.921786 0.225259
 outer loop
  vertex 47.0666 105.896 746.534
  vertex 52.4604 106.878 734.264
  vertex 45.5234 106.878 745.304
 endloop
endfacet
facet normal 0.257509 0.921786 0.289827
 outer loop
  vertex 37.5344 105.896 756.067
  vertex 45.5234 106.878 745.304
  vertex 36.3037 106.878 754.523
 endloop
endfacet
facet normal 0.18656 0.921786 0.339861
 outer loop
  vertex 26.12 105.896 763.239
  vertex 36.3037 106.878 754.523
  vertex 25.2636 106.878 761.46
 endloop
endfacet
facet normal 0.106256 0.921786 0.372854
 outer loop
  vertex 13.3959 105.896 767.691
  vertex 25.2636 106.878 761.46
  vertex 12.9566 106.878 765.767
 endloop
endfacet
facet normal 0.174333 0.867026 0.46677
 outer loop
  vertex 13.3959 105.896 767.691
  vertex 26.12 105.896 763.239
  vertex 25.2636 106.878 761.46
 endloop
endfacet
facet normal 0.198413 0.720164 0.664828
 outer loop
  vertex 13.3959 105.896 767.691
  vertex 13.7264 104.266 769.139
  vertex 26.12 105.896 763.239
 endloop
endfacet
facet normal 0.747698 0.420419 0.514
 outer loop
  vertex 48.228 104.266 747.461
  vertex 48.8508 102.21 747.957
  vertex 55.5771 104.266 735.765
 endloop
endfacet
facet normal 0.82338 0.30413 0.479115
 outer loop
  vertex 55.5771 104.266 735.765
  vertex 48.8508 102.21 747.957
  vertex 56.2948 102.21 736.11
 endloop
endfacet
facet normal 0.467222 0.720164 0.512901
 outer loop
  vertex 38.4606 104.266 757.228
  vertex 47.0666 105.896 746.534
  vertex 37.5344 105.896 756.067
 endloop
endfacet
facet normal 0.359593 0.867026 0.344905
 outer loop
  vertex 37.5344 105.896 756.067
  vertex 47.0666 105.896 746.534
  vertex 45.5234 106.878 745.304
 endloop
endfacet
facet normal 0.207602 0.970508 0.122537
 outer loop
  vertex 45.5234 106.878 745.304
  vertex 52.4604 106.878 734.264
  vertex 51.9495 107.01 734.018
 endloop
endfacet
facet normal 0.341377 0.720164 0.604008
 outer loop
  vertex 26.7645 104.266 764.577
  vertex 37.5344 105.896 756.067
  vertex 26.12 105.896 763.239
 endloop
endfacet
facet normal 0.273828 0.867026 0.416274
 outer loop
  vertex 26.12 105.896 763.239
  vertex 37.5344 105.896 756.067
  vertex 36.3037 106.878 754.523
 endloop
endfacet
facet normal 0.0859091 0.970508 0.225241
 outer loop
  vertex 25.2636 106.878 761.46
  vertex 25.0176 107.01 760.95
  vertex 12.9566 106.878 765.767
 endloop
endfacet
facet normal 0.126167 0.970452 0.205681
 outer loop
  vertex 25.2636 106.878 761.46
  vertex 36.3037 106.878 754.523
  vertex 28.5251 107.01 759.109
 endloop
endfacet
facet normal 7.38987E-15 0.0261769 -0.999657
 outer loop
  vertex 62.4991 100 713
  vertex 59.5 100 713
  vertex 62.4508 101.317 713.034
 endloop
endfacet
facet normal 7.38987E-15 0.0261769 -0.999657
 outer loop
  vertex 62.4508 101.317 713.034
  vertex 59.5 100 713
  vertex 61.6084 104.168 713.109
 endloop
endfacet
facet normal 7.38987E-15 0.0261769 -0.999657
 outer loop
  vertex 61.6084 104.168 713.109
  vertex 59.5 100 713
  vertex 59.5 106.268 713.164
 endloop
endfacet
facet normal 2.70621E-18 1 3.24452E-18
 outer loop
  vertex 78.6184 47.2 825.625
  vertex 78.3153 47.2 825.45
  vertex 78.25 47.2 827
 endloop
endfacet
facet normal 2.70621E-18 1 3.24452E-18
 outer loop
  vertex 78.6184 47.2 825.625
  vertex 79.625 47.2 824.618
  vertex 78.3153 47.2 825.45
 endloop
endfacet
facet normal 2.70621E-18 1 3.24452E-18
 outer loop
  vertex 78.3153 47.2 825.45
  vertex 79.625 47.2 824.618
  vertex 79.45 47.2 824.315
 endloop
endfacet
facet normal 2.70621E-18 1 3.24452E-18
 outer loop
  vertex 79.45 47.2 824.315
  vertex 79.625 47.2 824.618
  vertex 81 47.2 824.25
 endloop
endfacet
facet normal 2.70621E-18 1 3.24452E-18
 outer loop
  vertex 81 47.2 823.9
  vertex 81 47.2 824.25
  vertex 82.55 47.2 824.315
 endloop
endfacet
facet normal 2.70621E-18 1 3.24452E-18
 outer loop
  vertex 81 47.2 823.9
  vertex 79.45 47.2 824.315
  vertex 81 47.2 824.25
 endloop
endfacet
facet normal 2.70621E-18 1 3.24452E-18
 outer loop
  vertex 78.25 47.2 827
  vertex 77.9 47.2 827
  vertex 78.6184 47.2 828.375
 endloop
endfacet
facet normal 2.70621E-18 1 3.24452E-18
 outer loop
  vertex 78.25 47.2 827
  vertex 78.3153 47.2 825.45
  vertex 77.9 47.2 827
 endloop
endfacet
facet normal 2.70621E-18 1 3.24452E-18
 outer loop
  vertex 81 47.2 824.25
  vertex 82.375 47.2 824.618
  vertex 82.55 47.2 824.315
 endloop
endfacet
facet normal 2.70621E-18 1 3.24452E-18
 outer loop
  vertex 82.55 47.2 824.315
  vertex 82.375 47.2 824.618
  vertex 83.6847 47.2 825.45
 endloop
endfacet
facet normal 2.70621E-18 1 3.24452E-18
 outer loop
  vertex 83.6847 47.2 825.45
  vertex 82.375 47.2 824.618
  vertex 83.3816 47.2 825.625
 endloop
endfacet
facet normal 2.70621E-18 1 3.24452E-18
 outer loop
  vertex 84.1 47.2 827
  vertex 83.3816 47.2 825.625
  vertex 83.75 47.2 827
 endloop
endfacet
facet normal 2.70621E-18 1 3.24452E-18
 outer loop
  vertex 83.3816 47.2 828.375
  vertex 84.1 47.2 827
  vertex 83.75 47.2 827
 endloop
endfacet
facet normal 2.70621E-18 1 3.24452E-18
 outer loop
  vertex 83.3816 47.2 828.375
  vertex 83.6847 47.2 828.55
  vertex 84.1 47.2 827
 endloop
endfacet
facet normal 2.70621E-18 1 3.24452E-18
 outer loop
  vertex 83.3816 47.2 828.375
  vertex 82.375 47.2 829.382
  vertex 83.6847 47.2 828.55
 endloop
endfacet
facet normal 2.70621E-18 1 3.24452E-18
 outer loop
  vertex 83.6847 47.2 828.55
  vertex 82.375 47.2 829.382
  vertex 82.55 47.2 829.685
 endloop
endfacet
facet normal 2.70621E-18 1 3.24452E-18
 outer loop
  vertex 82.55 47.2 829.685
  vertex 82.375 47.2 829.382
  vertex 81 47.2 829.75
 endloop
endfacet
facet normal 2.70621E-18 1 3.24452E-18
 outer loop
  vertex 81 47.2 830.1
  vertex 81 47.2 829.75
  vertex 79.45 47.2 829.685
 endloop
endfacet
facet normal 2.70621E-18 1 3.24452E-18
 outer loop
  vertex 81 47.2 830.1
  vertex 82.55 47.2 829.685
  vertex 81 47.2 829.75
 endloop
endfacet
facet normal 2.70621E-18 1 3.24452E-18
 outer loop
  vertex 77.9 47.2 827
  vertex 78.3153 47.2 828.55
  vertex 78.6184 47.2 828.375
 endloop
endfacet
facet normal 2.70621E-18 1 3.24452E-18
 outer loop
  vertex 78.6184 47.2 828.375
  vertex 78.3153 47.2 828.55
  vertex 79.625 47.2 829.382
 endloop
endfacet
facet normal 2.70621E-18 1 3.24452E-18
 outer loop
  vertex 79.625 47.2 829.382
  vertex 78.3153 47.2 828.55
  vertex 79.45 47.2 829.685
 endloop
endfacet
facet normal 2.70621E-18 1 3.24452E-18
 outer loop
  vertex 81 47.2 829.75
  vertex 79.625 47.2 829.382
  vertex 79.45 47.2 829.685
 endloop
endfacet
facet normal 2.70621E-18 1 3.24452E-18
 outer loop
  vertex 84.1 47.2 827
  vertex 83.6847 47.2 825.45
  vertex 83.3816 47.2 825.625
 endloop
endfacet
facet normal -0.171862 -3.66134E-18 -0.985121
 outer loop
  vertex 81 -50.2 824.25
  vertex 79.625 -50.2 824.618
  vertex 81 -47.2 824.25
 endloop
endfacet
facet normal -0.343724 -3.97702E-18 -0.939071
 outer loop
  vertex 81 -47.2 824.25
  vertex 79.625 -50.2 824.618
  vertex 79.625 -47.2 824.618
 endloop
endfacet
facet normal -0.641397 -4.22498E-18 -0.767209
 outer loop
  vertex 79.625 -47.2 824.618
  vertex 79.625 -50.2 824.618
  vertex 78.6184 -50.2 825.625
 endloop
endfacet
facet normal -0.939071 -3.65654E-18 -0.343724
 outer loop
  vertex 78.6184 -47.2 825.625
  vertex 78.6184 -50.2 825.625
  vertex 78.25 -50.2 827
 endloop
endfacet
facet normal -0.985121 -2.10834E-18 0.171862
 outer loop
  vertex 78.25 -47.2 827
  vertex 78.25 -50.2 827
  vertex 78.6184 -50.2 828.375
 endloop
endfacet
facet normal -0.767209 4.7966E-21 0.641397
 outer loop
  vertex 78.6184 -47.2 828.375
  vertex 78.6184 -50.2 828.375
  vertex 79.625 -50.2 829.382
 endloop
endfacet
facet normal -0.343724 2.11664E-18 0.939071
 outer loop
  vertex 79.625 -47.2 829.382
  vertex 79.625 -50.2 829.382
  vertex 81 -50.2 829.75
 endloop
endfacet
facet normal -0.171862 2.73115E-18 0.985121
 outer loop
  vertex 81 -47.2 829.75
  vertex 79.625 -47.2 829.382
  vertex 81 -50.2 829.75
 endloop
endfacet
facet normal -0.641397 7.53468E-19 0.767209
 outer loop
  vertex 79.625 -47.2 829.382
  vertex 78.6184 -47.2 828.375
  vertex 79.625 -50.2 829.382
 endloop
endfacet
facet normal -0.939071 -1.42611E-18 0.343724
 outer loop
  vertex 78.6184 -47.2 828.375
  vertex 78.25 -47.2 827
  vertex 78.6184 -50.2 828.375
 endloop
endfacet
facet normal -0.985121 -3.22355E-18 -0.171862
 outer loop
  vertex 78.25 -47.2 827
  vertex 78.6184 -47.2 825.625
  vertex 78.25 -50.2 827
 endloop
endfacet
facet normal -0.767209 -4.15726E-18 -0.641397
 outer loop
  vertex 78.6184 -47.2 825.625
  vertex 79.625 -47.2 824.618
  vertex 78.6184 -50.2 825.625
 endloop
endfacet
facet normal -1.94282E-15 0.052336 0.99863
 outer loop
  vertex 96 -1.60485E-14 871.572
  vertex 96 2.74764 871.428
  vertex 92.1188 -1.61133E-14 871.572
 endloop
endfacet
facet normal -1.94282E-15 0.052336 0.99863
 outer loop
  vertex 92.1188 -1.61133E-14 871.572
  vertex 96 2.74764 871.428
  vertex 92.1188 2.74764 871.428
 endloop
endfacet
facet normal 2.05413E-15 0.052336 -0.99863
 outer loop
  vertex 96 2.74764 766.572
  vertex 96 -6.08976E-15 766.428
  vertex 92.1188 2.74764 766.572
 endloop
endfacet
facet normal 2.05413E-15 0.052336 -0.99863
 outer loop
  vertex 92.1188 2.74764 766.572
  vertex 96 -6.08976E-15 766.428
  vertex 92.1188 -6.10026E-15 766.428
 endloop
endfacet
facet normal -0.00709702 0.0349013 0.999366
 outer loop
  vertex -1.03999E-13 100 771.627
  vertex -1.33414 100 771.613
  vertex -1.04098E-13 75 772.5
 endloop
endfacet
facet normal -0.02129 0.0349048 0.999164
 outer loop
  vertex -1.04098E-13 75 772.5
  vertex -1.33414 100 771.613
  vertex -2.66768 100 771.57
 endloop
endfacet
facet normal -0.0354797 0.0349118 0.99876
 outer loop
  vertex -4 100 771.499
  vertex -1.04098E-13 75 772.5
  vertex -2.66768 100 771.57
 endloop
endfacet
facet normal -0.125368 0.035222 0.991485
 outer loop
  vertex -4 100 771.499
  vertex -19.6226 75 769.392
  vertex -1.04098E-13 75 772.5
 endloop
endfacet
facet normal -0.199414 0.035087 0.979287
 outer loop
  vertex -4 100 771.499
  vertex -13.9256 101.317 770.012
  vertex -19.6226 75 769.392
 endloop
endfacet
facet normal -0.117215 0.0349991 0.99249
 outer loop
  vertex -4 100 771.499
  vertex -4.03448 101.317 771.451
  vertex -13.9256 101.317 770.012
 endloop
endfacet
facet normal -0.322981 0.0350482 0.945756
 outer loop
  vertex -13.9256 101.317 770.012
  vertex -27.1529 101.317 765.384
  vertex -19.6226 75 769.392
 endloop
endfacet
facet normal -0.446981 0.0351899 0.893851
 outer loop
  vertex -19.6226 75 769.392
  vertex -27.1529 101.317 765.384
  vertex -37.3244 75 760.373
 endloop
endfacet
facet normal -0.550634 0.0350639 0.83401
 outer loop
  vertex -37.3244 75 760.373
  vertex -27.1529 101.317 765.384
  vertex -39.0186 101.317 757.928
 endloop
endfacet
facet normal -0.668589 0.0351426 0.742801
 outer loop
  vertex -48.9278 101.317 748.019
  vertex -37.3244 75 760.373
  vertex -39.0186 101.317 757.928
 endloop
endfacet
facet normal -0.732795 0.0352374 0.679536
 outer loop
  vertex -48.9278 101.317 748.019
  vertex -51.3726 75 746.324
  vertex -37.3244 75 760.373
 endloop
endfacet
facet normal -0.83401 0.0350639 0.550634
 outer loop
  vertex -48.9278 101.317 748.019
  vertex -56.3835 101.317 736.153
  vertex -51.3726 75 746.324
 endloop
endfacet
facet normal -0.893851 0.0351899 0.446981
 outer loop
  vertex -51.3726 75 746.324
  vertex -56.3835 101.317 736.153
  vertex -60.3921 75 728.623
 endloop
endfacet
facet normal -0.945756 0.0350482 0.322981
 outer loop
  vertex -60.3921 75 728.623
  vertex -56.3835 101.317 736.153
  vertex -61.012 101.317 722.926
 endloop
endfacet
facet normal -0.99249 0.0349991 0.117215
 outer loop
  vertex -62.4991 100 713
  vertex -61.012 101.317 722.926
  vertex -62.4508 101.317 713.034
 endloop
endfacet
facet normal -0.979287 0.035087 0.199414
 outer loop
  vertex -62.4991 100 713
  vertex -60.3921 75 728.623
  vertex -61.012 101.317 722.926
 endloop
endfacet
facet normal -0.991485 0.035222 0.125368
 outer loop
  vertex -62.4991 100 713
  vertex -63.5 75 709
  vertex -60.3921 75 728.623
 endloop
endfacet
facet normal -0.998987 0.0349118 0.0283838
 outer loop
  vertex -62.4991 100 713
  vertex -62.6128 100 710.334
  vertex -63.5 75 709
 endloop
endfacet
facet normal -0.999391 0.0349048 -8.77505E-17
 outer loop
  vertex -63.5 75 709
  vertex -62.6128 100 710.334
  vertex -62.6128 100 707.666
 endloop
endfacet
facet normal -0.998987 0.0349118 -0.0283838
 outer loop
  vertex -62.4991 100 705
  vertex -63.5 75 709
  vertex -62.6128 100 707.666
 endloop
endfacet
facet normal -0.991485 0.035222 -0.125368
 outer loop
  vertex -62.4991 100 705
  vertex -60.3921 75 689.377
  vertex -63.5 75 709
 endloop
endfacet
facet normal -0.979287 0.035087 -0.199414
 outer loop
  vertex -62.4991 100 705
  vertex -61.012 101.317 695.074
  vertex -60.3921 75 689.377
 endloop
endfacet
facet normal -0.99249 0.0349991 -0.117215
 outer loop
  vertex -62.4991 100 705
  vertex -62.4508 101.317 704.966
  vertex -61.012 101.317 695.074
 endloop
endfacet
facet normal -0.945756 0.0350482 -0.322981
 outer loop
  vertex -61.012 101.317 695.074
  vertex -56.3835 101.317 681.847
  vertex -60.3921 75 689.377
 endloop
endfacet
facet normal -0.893851 0.0351899 -0.446981
 outer loop
  vertex -60.3921 75 689.377
  vertex -56.3835 101.317 681.847
  vertex -51.3726 75 671.676
 endloop
endfacet
facet normal -0.83401 0.0350639 -0.550634
 outer loop
  vertex -51.3726 75 671.676
  vertex -56.3835 101.317 681.847
  vertex -48.9278 101.317 669.981
 endloop
endfacet
facet normal -0.742801 0.0351426 -0.668589
 outer loop
  vertex -39.0186 101.317 660.072
  vertex -51.3726 75 671.676
  vertex -48.9278 101.317 669.981
 endloop
endfacet
facet normal -0.679536 0.0352374 -0.732795
 outer loop
  vertex -39.0186 101.317 660.072
  vertex -37.3244 75 657.627
  vertex -51.3726 75 671.676
 endloop
endfacet
facet normal -0.550634 0.0350639 -0.83401
 outer loop
  vertex -39.0186 101.317 660.072
  vertex -27.1529 101.317 652.616
  vertex -37.3244 75 657.627
 endloop
endfacet
facet normal -0.446981 0.0351899 -0.893851
 outer loop
  vertex -37.3244 75 657.627
  vertex -27.1529 101.317 652.616
  vertex -19.6226 75 648.608
 endloop
endfacet
facet normal -0.322981 0.0350482 -0.945756
 outer loop
  vertex -19.6226 75 648.608
  vertex -27.1529 101.317 652.616
  vertex -13.9256 101.317 647.988
 endloop
endfacet
facet normal -0.117215 0.0349991 -0.99249
 outer loop
  vertex -4 100 646.501
  vertex -13.9256 101.317 647.988
  vertex -4.03448 101.317 646.549
 endloop
endfacet
facet normal -0.199414 0.035087 -0.979287
 outer loop
  vertex -4 100 646.501
  vertex -19.6226 75 648.608
  vertex -13.9256 101.317 647.988
 endloop
endfacet
facet normal -0.125368 0.035222 -0.991485
 outer loop
  vertex -4 100 646.501
  vertex -1.14316E-13 75 645.5
  vertex -19.6226 75 648.608
 endloop
endfacet
facet normal -0.0354797 0.0349118 -0.99876
 outer loop
  vertex -4 100 646.501
  vertex -2.66768 100 646.43
  vertex -1.14316E-13 75 645.5
 endloop
endfacet
facet normal -0.02129 0.0349048 -0.999164
 outer loop
  vertex -1.14316E-13 75 645.5
  vertex -2.66768 100 646.43
  vertex -1.33414 100 646.387
 endloop
endfacet
facet normal -0.00709702 0.0349013 -0.999366
 outer loop
  vertex -1.14077E-13 100 646.373
  vertex -1.14316E-13 75 645.5
  vertex -1.33414 100 646.387
 endloop
endfacet
facet normal 0.914765 0.0513546 -0.400709
 outer loop
  vertex 81.5564 2.74767 759.843
  vertex 81.6869 -6.04164E-15 759.782
  vertex 76.7392 2.74778 748.47
 endloop
endfacet
facet normal 0.926815 0.0496374 -0.372223
 outer loop
  vertex 76.7392 2.74778 748.47
  vertex 81.6869 -6.04164E-15 759.782
  vertex 75.2828 2.74768 744.537
 endloop
endfacet
facet normal 0.938178 0.0455796 -0.34314
 outer loop
  vertex 75.2828 2.74768 744.537
  vertex 81.6869 -6.04164E-15 759.782
  vertex 70.8627 -5.70745E-11 730.201
 endloop
endfacet
facet normal 0.959962 0.0385363 -0.277465
 outer loop
  vertex 72.9765 2.7477 737.69
  vertex 70.8627 -5.70745E-11 730.201
  vertex 70.4706 2.74767 729.155
 endloop
endfacet
facet normal 0.952257 0.0422361 -0.302361
 outer loop
  vertex 72.9765 2.7477 737.69
  vertex 75.2828 2.74768 744.537
  vertex 70.8627 -5.70745E-11 730.201
 endloop
endfacet
facet normal 0.978108 0.0271133 -0.206323
 outer loop
  vertex 64.2133 -4.5652E-10 698.918
  vertex 66.4563 2.74768 711.933
  vertex 70.8627 -5.70745E-11 730.201
 endloop
endfacet
facet normal 0.985526 0.021437 -0.168166
 outer loop
  vertex 64.2133 -4.5652E-10 698.918
  vertex 64.1614 2.74762 698.942
  vertex 66.4563 2.74768 711.933
 endloop
endfacet
facet normal 0.973631 0.0296739 -0.22619
 outer loop
  vertex 66.4563 2.74768 711.933
  vertex 67.6571 2.74767 717.676
  vertex 70.8627 -5.70745E-11 730.201
 endloop
endfacet
facet normal 0.968253 0.0334367 -0.247725
 outer loop
  vertex 70.8627 -5.70745E-11 730.201
  vertex 67.6571 2.74767 717.676
  vertex 70.3039 2.74768 728.538
 endloop
endfacet
facet normal 0.96404 0.036214 -0.263277
 outer loop
  vertex 70.4706 2.74767 729.155
  vertex 70.8627 -5.70745E-11 730.201
  vertex 70.3039 2.74768 728.538
 endloop
endfacet
facet normal 0.991516 0.0177505 0.128771
 outer loop
  vertex 77.8223 51.6509 827
  vertex 77.9 47.2 827
  vertex 78.0572 51.8599 825.791
 endloop
endfacet
facet normal 0.953578 0.0178908 0.300615
 outer loop
  vertex 78.0572 51.8599 825.791
  vertex 77.9 47.2 827
  vertex 78.3153 47.2 825.45
 endloop
endfacet
facet normal 0.708022 0.017858 0.705965
 outer loop
  vertex 78.7388 52.0274 824.758
  vertex 78.3153 47.2 825.45
  vertex 79.45 47.2 824.315
 endloop
endfacet
facet normal 0.302437 0.0178937 0.953002
 outer loop
  vertex 79.7731 52.1382 824.06
  vertex 79.45 47.2 824.315
  vertex 81 47.2 823.9
 endloop
endfacet
facet normal -0.129362 0.0177567 0.991438
 outer loop
  vertex 80.9955 52.1891 823.813
  vertex 81 47.2 823.9
  vertex 82.2203 52.183 824.056
 endloop
endfacet
facet normal 0.131064 0.0177582 0.991215
 outer loop
  vertex 80.9955 52.1891 823.813
  vertex 79.7731 52.1382 824.06
  vertex 81 47.2 823.9
 endloop
endfacet
facet normal -0.301678 0.0178925 0.953242
 outer loop
  vertex 81 47.2 823.9
  vertex 82.55 47.2 824.315
  vertex 82.2203 52.183 824.056
 endloop
endfacet
facet normal -0.537556 0.0176894 0.843042
 outer loop
  vertex 82.2203 52.183 824.056
  vertex 82.55 47.2 824.315
  vertex 83.2569 52.1192 824.751
 endloop
endfacet
facet normal -0.707435 0.017858 0.706553
 outer loop
  vertex 83.2569 52.1192 824.751
  vertex 82.55 47.2 824.315
  vertex 83.6847 47.2 825.45
 endloop
endfacet
facet normal -0.953467 0.0178913 0.300965
 outer loop
  vertex 83.9437 51.996 825.787
  vertex 83.6847 47.2 825.45
  vertex 84.1 47.2 827
 endloop
endfacet
facet normal -0.99147 0.0177522 0.129121
 outer loop
  vertex 84.1806 51.8178 827
  vertex 83.9437 51.996 825.787
  vertex 84.1 47.2 827
 endloop
endfacet
facet normal -0.844082 0.0176869 0.535923
 outer loop
  vertex 83.9437 51.996 825.787
  vertex 83.2569 52.1192 824.751
  vertex 83.6847 47.2 825.45
 endloop
endfacet
facet normal 0.538888 0.0176901 0.842191
 outer loop
  vertex 79.7731 52.1382 824.06
  vertex 78.7388 52.0274 824.758
  vertex 79.45 47.2 824.315
 endloop
endfacet
facet normal 0.844704 0.0176849 0.534942
 outer loop
  vertex 78.7388 52.0274 824.758
  vertex 78.0572 51.8599 825.791
  vertex 78.3153 47.2 825.45
 endloop
endfacet
facet normal 0.91467 0.0539579 -0.400583
 outer loop
  vertex 81.5564 2.74767 759.843
  vertex 76.7392 2.74778 748.47
  vertex 81.5439 3.00113 759.849
 endloop
endfacet
facet normal 0.918296 0.102562 -0.382379
 outer loop
  vertex 81.5439 3.00113 759.849
  vertex 76.7392 2.74778 748.47
  vertex 77.4278 10.7325 752.911
 endloop
endfacet
facet normal 0.884816 0.261228 -0.385824
 outer loop
  vertex 79.7561 14.5563 760.682
  vertex 77.4278 10.7325 752.911
  vertex 78.3943 16.1718 758.881
 endloop
endfacet
facet normal 0.84598 0.366691 -0.387112
 outer loop
  vertex 78.6607 18.2305 761.193
  vertex 78.3943 16.1718 758.881
  vertex 76.6932 23.2681 762.111
 endloop
endfacet
facet normal 0.864256 0.310816 -0.395544
 outer loop
  vertex 78.6607 18.2305 761.193
  vertex 79.7561 14.5563 760.682
  vertex 78.3943 16.1718 758.881
 endloop
endfacet
facet normal 0.92761 0.111343 -0.35657
 outer loop
  vertex 77.4278 10.7325 752.911
  vertex 76.7392 2.74778 748.47
  vertex 75.943 4.91977 746.774
 endloop
endfacet
facet normal 0.932647 0.197302 -0.302062
 outer loop
  vertex 72.7431 18.2307 745.697
  vertex 75.943 4.91977 746.774
  vertex 72.3702 13.219 739.919
 endloop
endfacet
facet normal 0.944236 0.261125 -0.200578
 outer loop
  vertex 68.2777 25.887 738.553
  vertex 72.3702 13.219 739.919
  vertex 68.7043 21.4513 733.035
 endloop
endfacet
facet normal 0.963337 0.251118 -0.094455
 outer loop
  vertex 66.4399 29.9996 735.109
  vertex 68.7043 21.4513 733.035
  vertex 65.9028 30.3063 726.431
 endloop
endfacet
facet normal 0.981872 0.189401 0.00745108
 outer loop
  vertex 65.0104 34.4063 731.798
  vertex 65.9028 30.3063 726.431
  vertex 64.4709 40.1479 720.271
 endloop
endfacet
facet normal 0.991947 0.100121 0.0775703
 outer loop
  vertex 63.4755 44.1738 725.605
  vertex 64.4709 40.1479 720.271
  vertex 64.0285 50.7025 714.432
 endloop
endfacet
facet normal 0.997028 0.0451103 0.0624459
 outer loop
  vertex 63.2636 54.8944 719.84
  vertex 64.0285 50.7025 714.432
  vertex 63.7988 61.4102 708.661
 endloop
endfacet
facet normal 0.999421 0.0241536 0.0239637
 outer loop
  vertex 63.4773 65.9216 714.213
  vertex 63.7988 61.4102 708.661
  vertex 63.62 69 709
 endloop
endfacet
facet normal 0.998688 0.0223028 0.046103
 outer loop
  vertex 63.5164 69 712.628
  vertex 63.4773 65.9216 714.213
  vertex 63.62 69 709
 endloop
endfacet
facet normal 0.99531 0.0222455 0.0941435
 outer loop
  vertex 63.5164 69 712.628
  vertex 62.9567 69 718.163
  vertex 63.4773 65.9216 714.213
 endloop
endfacet
facet normal 0.990789 0.02215 0.133588
 outer loop
  vertex 63.4773 65.9216 714.213
  vertex 62.9567 69 718.163
  vertex 62.6351 69 720.151
 endloop
endfacet
facet normal 0.972046 0.0354904 0.232093
 outer loop
  vertex 61.9958 58.7241 725.085
  vertex 62.6351 69 720.151
  vertex 60.9816 69 727.132
 endloop
endfacet
facet normal 0.94259 0.0337003 0.332247
 outer loop
  vertex 60.2725 62.2257 730.183
  vertex 60.9816 69 727.132
  vertex 58.6547 69 733.64
 endloop
endfacet
facet normal 0.904121 0.0290631 0.426288
 outer loop
  vertex 58.1293 65.4246 735.144
  vertex 58.6547 69 733.64
  vertex 55.7132 69 739.717
 endloop
endfacet
facet normal 0.870644 0.0221131 0.491417
 outer loop
  vertex 55.5871 68.3362 739.976
  vertex 55.7132 69 739.717
  vertex 54.9107 69 741.13
 endloop
endfacet
facet normal 0.827761 0.04941 0.5589
 outer loop
  vertex 54.5703 62.1671 742.495
  vertex 54.9107 69 741.13
  vertex 48.0907 69 750.651
 endloop
endfacet
facet normal 0.728292 0.0331939 0.684463
 outer loop
  vertex 47.4665 66.5354 751.504
  vertex 48.0907 69 750.651
  vertex 43.4106 69 755.508
 endloop
endfacet
facet normal 0.663848 0.0237982 0.747489
 outer loop
  vertex 43.1647 68.1793 755.766
  vertex 43.4106 69 755.508
  vertex 40.1267 69 758.369
 endloop
endfacet
facet normal 0.622819 0.078948 0.778372
 outer loop
  vertex 41.5513 61.5803 758.091
  vertex 40.1267 69 758.369
  vertex 38.1184 69 759.936
 endloop
endfacet
facet normal 0.552848 0.0659832 0.830666
 outer loop
  vertex 36.1055 62.4001 761.981
  vertex 38.1184 69 759.936
  vertex 32.1571 69 763.895
 endloop
endfacet
facet normal 0.464597 0.0581843 0.883609
 outer loop
  vertex 29.9065 62.6771 765.628
  vertex 32.1571 69 763.895
  vertex 26.8867 68.9999 766.659
 endloop
endfacet
facet normal 0.436074 0.0868402 0.895711
 outer loop
  vertex 27.0095 63.7606 766.923
  vertex 29.9065 62.6771 765.628
  vertex 26.8867 68.9999 766.659
 endloop
endfacet
facet normal 0.434466 0.126292 0.89179
 outer loop
  vertex 27.0095 63.7606 766.923
  vertex 27.0694 62.5979 767.051
  vertex 29.9065 62.6771 765.628
 endloop
endfacet
facet normal 0.433127 0.15091 0.88861
 outer loop
  vertex 29.9065 62.6771 765.628
  vertex 27.0694 62.5979 767.051
  vertex 27.1418 61.5203 767.207
 endloop
endfacet
facet normal 0.417187 0.256803 0.871784
 outer loop
  vertex 29.1335 59.402 766.801
  vertex 27.1418 61.5203 767.207
  vertex 27.3623 59.3436 767.679
 endloop
endfacet
facet normal 0.378603 0.461662 0.802202
 outer loop
  vertex 29.1018 56.6608 768.215
  vertex 27.3623 59.3436 767.679
  vertex 27.8129 56.9174 768.645
 endloop
endfacet
facet normal 0.357238 0.545397 0.758237
 outer loop
  vertex 27.8928 56.6232 768.817
  vertex 29.1018 56.6608 768.215
  vertex 27.8129 56.9174 768.645
 endloop
endfacet
facet normal 0.332313 0.625918 0.705545
 outer loop
  vertex 27.8928 56.6232 768.817
  vertex 28.4143 55.2149 769.933
  vertex 29.1018 56.6608 768.215
 endloop
endfacet
facet normal 0.300617 0.719605 0.625937
 outer loop
  vertex 29.1018 56.6608 768.215
  vertex 28.4143 55.2149 769.933
  vertex 30.0756 54.6441 769.955
 endloop
endfacet
facet normal 0.276611 0.858696 0.431424
 outer loop
  vertex 36.4996 54.5291 766.381
  vertex 30.0756 54.6441 769.955
  vertex 35.2057 53.2501 770.214
 endloop
endfacet
facet normal 0.225784 0.958469 0.174237
 outer loop
  vertex 38.1641 53.0098 768.344
  vertex 35.2057 53.2501 770.214
  vertex 40.7254 51.79 774.851
 endloop
endfacet
facet normal 0.200121 0.978678 -0.0462661
 outer loop
  vertex 43.2184 51.2145 772.831
  vertex 40.7254 51.79 774.851
  vertex 43.9769 51.3424 777.367
 endloop
endfacet
facet normal 0.224573 0.971404 -0.0770851
 outer loop
  vertex 47.0799 50.4899 775.92
  vertex 43.2184 51.2145 772.831
  vertex 43.9769 51.3424 777.367
 endloop
endfacet
facet normal 0.284006 0.95759 -0.0486043
 outer loop
  vertex 47.0799 50.4899 775.92
  vertex 47.7374 49.7271 768.64
  vertex 43.2184 51.2145 772.831
 endloop
endfacet
facet normal 0.326112 0.940384 -0.0965868
 outer loop
  vertex 47.0799 50.4899 775.92
  vertex 53.0015 48.1513 773.158
  vertex 47.7374 49.7271 768.64
 endloop
endfacet
facet normal 0.364932 0.924021 -0.114057
 outer loop
  vertex 47.7374 49.7271 768.64
  vertex 53.0015 48.1513 773.158
  vertex 53.1842 48.0632 773.073
 endloop
endfacet
facet normal 0.444321 0.889767 -0.104372
 outer loop
  vertex 51.7397 47.8674 764.281
  vertex 53.1842 48.0632 773.073
  vertex 56.353 45.7543 768.625
 endloop
endfacet
facet normal 0.502873 0.846298 -0.17578
 outer loop
  vertex 59.245 43.0948 763.906
  vertex 56.353 45.7543 768.625
  vertex 58.5562 44.9948 770.568
 endloop
endfacet
facet normal 0.5365 0.817594 -0.209065
 outer loop
  vertex 63.7417 41.0152 768.15
  vertex 59.245 43.0948 763.906
  vertex 58.5562 44.9948 770.568
 endloop
endfacet
facet normal 0.569942 0.790323 -0.224847
 outer loop
  vertex 63.7417 41.0152 768.15
  vertex 63.921 40.8564 768.066
  vertex 59.245 43.0948 763.906
 endloop
endfacet
facet normal 0.600347 0.768644 -0.22084
 outer loop
  vertex 59.245 43.0948 763.906
  vertex 63.921 40.8564 768.066
  vertex 65.804 37.6404 763.224
 endloop
endfacet
facet normal 0.689987 0.694816 -0.202851
 outer loop
  vertex 61.796 40.1895 759.077
  vertex 65.804 37.6404 763.224
  vertex 67.468 34.0962 758.107
 endloop
endfacet
facet normal 0.771775 0.608011 -0.186241
 outer loop
  vertex 64.0108 37.0421 754.138
  vertex 67.468 34.0962 758.107
  vertex 68.829 30.3336 752.892
 endloop
endfacet
facet normal 0.840099 0.503039 -0.202941
 outer loop
  vertex 65.866 33.6356 749.084
  vertex 68.829 30.3336 752.892
  vertex 72.6172 22.8831 751.312
 endloop
endfacet
facet normal 0.892063 0.390202 -0.22796
 outer loop
  vertex 67.3113 29.9338 743.896
  vertex 72.6172 22.8831 751.312
  vertex 72.7431 18.2307 745.697
 endloop
endfacet
facet normal 0.929869 0.28311 -0.234929
 outer loop
  vertex 68.2777 25.887 738.553
  vertex 72.7431 18.2307 745.697
  vertex 72.3702 13.219 739.919
 endloop
endfacet
facet normal 0.912849 0.365523 -0.181932
 outer loop
  vertex 68.2777 25.887 738.553
  vertex 67.3113 29.9338 743.896
  vertex 72.7431 18.2307 745.697
 endloop
endfacet
facet normal 0.911799 0.399545 -0.0947945
 outer loop
  vertex 68.2777 25.887 738.553
  vertex 65.1723 33.8294 740.355
  vertex 67.3113 29.9338 743.896
 endloop
endfacet
facet normal 0.931082 0.35687 -0.0756993
 outer loop
  vertex 68.2777 25.887 738.553
  vertex 66.4399 29.9996 735.109
  vertex 65.1723 33.8294 740.355
 endloop
endfacet
facet normal 0.945164 0.300352 -0.128276
 outer loop
  vertex 68.2777 25.887 738.553
  vertex 68.7043 21.4513 733.035
  vertex 66.4399 29.9996 735.109
 endloop
endfacet
facet normal 0.958218 0.0608587 -0.279491
 outer loop
  vertex 70.4706 2.74767 729.155
  vertex 71.4638 7.82299 733.969
  vertex 72.9765 2.7477 737.69
 endloop
endfacet
facet normal 0.962387 0.0584494 -0.265321
 outer loop
  vertex 70.4706 2.74767 729.155
  vertex 70.3039 2.74768 728.538
  vertex 71.4638 7.82299 733.969
 endloop
endfacet
facet normal 0.964768 0.0976835 -0.244297
 outer loop
  vertex 71.4638 7.82299 733.969
  vertex 70.3039 2.74768 728.538
  vertex 68.5814 16.6197 727.339
 endloop
endfacet
facet normal 0.955604 0.198542 -0.217719
 outer loop
  vertex 72.3702 13.219 739.919
  vertex 68.5814 16.6197 727.339
  vertex 68.7043 21.4513 733.035
 endloop
endfacet
facet normal 0.956137 0.151269 -0.250838
 outer loop
  vertex 72.3702 13.219 739.919
  vertex 71.4638 7.82299 733.969
  vertex 68.5814 16.6197 727.339
 endloop
endfacet
facet normal 0.951493 0.114415 -0.285605
 outer loop
  vertex 72.3702 13.219 739.919
  vertex 72.9765 2.7477 737.69
  vertex 71.4638 7.82299 733.969
 endloop
endfacet
facet normal 0.946885 0.0973337 -0.306488
 outer loop
  vertex 72.3702 13.219 739.919
  vertex 75.2828 2.74768 744.537
  vertex 72.9765 2.7477 737.69
 endloop
endfacet
facet normal 0.940606 0.110557 -0.320995
 outer loop
  vertex 72.3702 13.219 739.919
  vertex 75.943 4.91977 746.774
  vertex 75.2828 2.74768 744.537
 endloop
endfacet
facet normal 0.936059 0.0615557 -0.346416
 outer loop
  vertex 75.2828 2.74768 744.537
  vertex 75.943 4.91977 746.774
  vertex 76.7392 2.74778 748.47
 endloop
endfacet
facet normal 0.972245 0.0782732 -0.220483
 outer loop
  vertex 68.5814 16.6197 727.339
  vertex 70.3039 2.74768 728.538
  vertex 67.0784 6.05079 715.54
 endloop
endfacet
facet normal 0.982276 0.0362408 -0.183904
 outer loop
  vertex 65.4813 15.7735 709.326
  vertex 67.0784 6.05079 715.54
  vertex 66.4563 2.74768 711.933
 endloop
endfacet
facet normal 0.985535 0.0213772 -0.168116
 outer loop
  vertex 64.0912 6.46969 698.975
  vertex 66.4563 2.74768 711.933
  vertex 64.1614 2.74762 698.942
 endloop
endfacet
facet normal 0.985401 0.0287843 -0.167801
 outer loop
  vertex 64.0912 6.46969 698.975
  vertex 65.4813 15.7735 709.326
  vertex 66.4563 2.74768 711.933
 endloop
endfacet
facet normal 0.987723 0.0272928 -0.153816
 outer loop
  vertex 64.0912 6.46969 698.975
  vertex 63.7962 22.1023 699.112
  vertex 65.4813 15.7735 709.326
 endloop
endfacet
facet normal 0.988843 0.028471 -0.146216
 outer loop
  vertex 65.4813 15.7735 709.326
  vertex 63.7962 22.1023 699.112
  vertex 64.3143 25.806 703.252
 endloop
endfacet
facet normal 0.99362 0.0732483 -0.0857522
 outer loop
  vertex 66.2262 25.7962 720.88
  vertex 64.3143 25.806 703.252
  vertex 64.903 35.7162 714.755
 endloop
endfacet
facet normal 0.992405 0.122733 -0.00827499
 outer loop
  vertex 65.9028 30.3063 726.431
  vertex 64.903 35.7162 714.755
  vertex 64.4709 40.1479 720.271
 endloop
endfacet
facet normal 0.989942 0.129753 -0.0563742
 outer loop
  vertex 65.9028 30.3063 726.431
  vertex 66.2262 25.7962 720.88
  vertex 64.903 35.7162 714.755
 endloop
endfacet
facet normal 0.976509 0.187853 -0.105552
 outer loop
  vertex 65.9028 30.3063 726.431
  vertex 68.7043 21.4513 733.035
  vertex 66.2262 25.7962 720.88
 endloop
endfacet
facet normal 0.971958 0.175121 -0.156939
 outer loop
  vertex 66.2262 25.7962 720.88
  vertex 68.7043 21.4513 733.035
  vertex 68.5814 16.6197 727.339
 endloop
endfacet
facet normal 0.979427 0.0798501 -0.185328
 outer loop
  vertex 65.4813 15.7735 709.326
  vertex 68.5814 16.6197 727.339
  vertex 67.0784 6.05079 715.54
 endloop
endfacet
facet normal 0.982767 0.108232 -0.14985
 outer loop
  vertex 65.4813 15.7735 709.326
  vertex 66.2262 25.7962 720.88
  vertex 68.5814 16.6197 727.339
 endloop
endfacet
facet normal 0.989725 0.0643021 -0.127708
 outer loop
  vertex 65.4813 15.7735 709.326
  vertex 64.3143 25.806 703.252
  vertex 66.2262 25.7962 720.88
 endloop
endfacet
facet normal 0.973502 0.0358972 -0.225842
 outer loop
  vertex 70.3039 2.74768 728.538
  vertex 67.6571 2.74767 717.676
  vertex 67.0784 6.05079 715.54
 endloop
endfacet
facet normal 0.978415 0.0316675 -0.204209
 outer loop
  vertex 67.0784 6.05079 715.54
  vertex 67.6571 2.74767 717.676
  vertex 66.4563 2.74768 711.933
 endloop
endfacet
facet normal 0.989172 0.0211723 -0.145222
 outer loop
  vertex 63.7962 22.1023 699.112
  vertex 63.5986 32.5738 699.204
  vertex 64.3143 25.806 703.252
 endloop
endfacet
facet normal 0.993881 0.0374262 -0.103922
 outer loop
  vertex 64.3143 25.806 703.252
  vertex 63.5986 32.5738 699.204
  vertex 64.903 35.7162 714.755
 endloop
endfacet
facet normal 0.993256 0.0362514 -0.110133
 outer loop
  vertex 64.903 35.7162 714.755
  vertex 63.5986 32.5738 699.204
  vertex 63.5011 37.7349 699.25
 endloop
endfacet
facet normal 0.993399 0.0241977 -0.112128
 outer loop
  vertex 64.2499 46.1189 708.847
  vertex 63.5011 37.7349 699.25
  vertex 63.2059 53.3674 699.387
 endloop
endfacet
facet normal 0.990934 0.0203612 -0.132798
 outer loop
  vertex 63.5916 56.5179 702.938
  vertex 63.2059 53.3674 699.387
  vertex 63.0353 62.399 699.467
 endloop
endfacet
facet normal 0.996822 0.0221335 -0.0765294
 outer loop
  vertex 63.7988 61.4102 708.661
  vertex 63.0353 62.399 699.467
  vertex 63.4567 69 704.446
 endloop
endfacet
facet normal 0.999386 0.0223311 -0.0269893
 outer loop
  vertex 63.62 69 709
  vertex 63.7988 61.4102 708.661
  vertex 63.4567 69 704.446
 endloop
endfacet
facet normal 0.992222 0.0200144 -0.122863
 outer loop
  vertex 63.0353 62.399 699.467
  vertex 62.9105 69 699.525
  vertex 63.4567 69 704.446
 endloop
endfacet
facet normal 0.254163 0.804178 0.537307
 outer loop
  vertex 28.4143 55.2149 769.933
  vertex 28.7417 54.6183 770.637
  vertex 30.0756 54.6441 769.955
 endloop
endfacet
facet normal 0.220835 0.857579 0.464533
 outer loop
  vertex 30.0756 54.6441 769.955
  vertex 28.7417 54.6183 770.637
  vertex 29.2235 53.9844 771.668
 endloop
endfacet
facet normal 0.148954 0.944977 0.291259
 outer loop
  vertex 32.0791 53.3691 772.028
  vertex 29.2235 53.9844 771.668
  vertex 29.9296 53.3748 773.185
 endloop
endfacet
facet normal 0.105232 0.975015 0.195633
 outer loop
  vertex 31.3858 52.7537 776.307
  vertex 32.0791 53.3691 772.028
  vertex 29.9296 53.3748 773.185
 endloop
endfacet
facet normal 0.104867 0.988524 0.108737
 outer loop
  vertex 31.3858 52.7537 776.307
  vertex 38.0332 52.222 776.806
  vertex 32.0791 53.3691 772.028
 endloop
endfacet
facet normal 0.0537764 0.998202 0.02646
 outer loop
  vertex 31.3858 52.7537 776.307
  vertex 33.9806 52.4999 781.873
  vertex 38.0332 52.222 776.806
 endloop
endfacet
facet normal 0.0386193 0.99924 -0.00526823
 outer loop
  vertex 38.0332 52.222 776.806
  vertex 33.9806 52.4999 781.873
  vertex 34.0404 52.5 782
 endloop
endfacet
facet normal 0.0807813 0.996395 -0.0259017
 outer loop
  vertex 40.7739 51.9715 778.86
  vertex 38.0332 52.222 776.806
  vertex 34.0404 52.5 782
 endloop
endfacet
facet normal 0.138753 0.989756 -0.0336255
 outer loop
  vertex 40.7739 51.9715 778.86
  vertex 40.7254 51.79 774.851
  vertex 38.0332 52.222 776.806
 endloop
endfacet
facet normal 0.163687 0.984763 -0.058715
 outer loop
  vertex 40.7739 51.9715 778.86
  vertex 43.9769 51.3424 777.367
  vertex 40.7254 51.79 774.851
 endloop
endfacet
facet normal 0.433819 0.8821 -0.183577
 outer loop
  vertex 53.1842 48.0632 773.073
  vertex 58.5562 44.9948 770.568
  vertex 56.353 45.7543 768.625
 endloop
endfacet
facet normal 0.628324 0.728075 -0.274072
 outer loop
  vertex 63.921 40.8564 768.066
  vertex 68.5351 36.1612 765.915
  vertex 65.804 37.6404 763.224
 endloop
endfacet
facet normal 0.671198 0.680392 -0.294211
 outer loop
  vertex 65.804 37.6404 763.224
  vertex 68.5351 36.1612 765.915
  vertex 70.733 33.4237 764.89
 endloop
endfacet
facet normal 0.725646 0.623221 -0.291606
 outer loop
  vertex 67.468 34.0962 758.107
  vertex 70.733 33.4237 764.89
  vertex 71.2656 31.3954 762.186
 endloop
endfacet
facet normal 0.762086 0.562649 -0.32039
 outer loop
  vertex 72.0972 27.2515 756.8
  vertex 71.2656 31.3954 762.186
  vertex 72.8852 30.3189 763.886
 endloop
endfacet
facet normal 0.788466 0.511902 -0.340995
 outer loop
  vertex 76.6932 23.2681 762.111
  vertex 72.0972 27.2515 756.8
  vertex 72.8852 30.3189 763.886
 endloop
endfacet
facet normal 0.829834 0.457033 -0.320152
 outer loop
  vertex 76.6932 23.2681 762.111
  vertex 72.6172 22.8831 751.312
  vertex 72.0972 27.2515 756.8
 endloop
endfacet
facet normal 0.851928 0.389464 -0.350053
 outer loop
  vertex 76.6932 23.2681 762.111
  vertex 78.3943 16.1718 758.881
  vertex 72.6172 22.8831 751.312
 endloop
endfacet
facet normal 0.886076 0.308047 -0.346376
 outer loop
  vertex 72.6172 22.8831 751.312
  vertex 78.3943 16.1718 758.881
  vertex 77.4278 10.7325 752.911
 endloop
endfacet
facet normal 0.922797 0.197409 -0.330872
 outer loop
  vertex 72.7431 18.2307 745.697
  vertex 77.4278 10.7325 752.911
  vertex 75.943 4.91977 746.774
 endloop
endfacet
facet normal 0.899524 0.307962 -0.309864
 outer loop
  vertex 72.7431 18.2307 745.697
  vertex 72.6172 22.8831 751.312
  vertex 77.4278 10.7325 752.911
 endloop
endfacet
facet normal 0.725728 0.604063 -0.329282
 outer loop
  vertex 70.733 33.4237 764.89
  vertex 72.8852 30.3189 763.886
  vertex 71.2656 31.3954 762.186
 endloop
endfacet
facet normal 0.899468 0.17835 -0.398935
 outer loop
  vertex 79.7561 14.5563 760.682
  vertex 81.5439 3.00113 759.849
  vertex 77.4278 10.7325 752.911
 endloop
endfacet
facet normal 0.958327 0.0490219 0.281436
 outer loop
  vertex 60.9816 69 727.132
  vertex 60.2725 62.2257 730.183
  vertex 61.9958 58.7241 725.085
 endloop
endfacet
facet normal 0.949714 0.112926 0.292047
 outer loop
  vertex 61.9958 58.7241 725.085
  vertex 60.2725 62.2257 730.183
  vertex 59.8222 51.028 735.733
 endloop
endfacet
facet normal 0.954965 0.236629 0.179023
 outer loop
  vertex 63.4755 44.1738 725.605
  vertex 59.8222 51.028 735.733
  vertex 63.5386 38.0891 736.977
 endloop
endfacet
facet normal 0.93895 0.342848 0.0287749
 outer loop
  vertex 65.0104 34.4063 731.798
  vertex 63.5386 38.0891 736.977
  vertex 65.1723 33.8294 740.355
 endloop
endfacet
facet normal 0.942881 0.332482 -0.0207755
 outer loop
  vertex 66.4399 29.9996 735.109
  vertex 65.0104 34.4063 731.798
  vertex 65.1723 33.8294 740.355
 endloop
endfacet
facet normal 0.965315 0.25941 -0.0295436
 outer loop
  vertex 66.4399 29.9996 735.109
  vertex 65.9028 30.3063 726.431
  vertex 65.0104 34.4063 731.798
 endloop
endfacet
facet normal 0.787956 0.0621313 0.612589
 outer loop
  vertex 48.0907 69 750.651
  vertex 47.4665 66.5354 751.504
  vertex 54.5703 62.1671 742.495
 endloop
endfacet
facet normal 0.817051 0.135707 0.560367
 outer loop
  vertex 54.5703 62.1671 742.495
  vertex 47.4665 66.5354 751.504
  vertex 54.1007 56.3921 745.19
 endloop
endfacet
facet normal 0.848231 0.297374 0.438261
 outer loop
  vertex 57.2123 53.8908 740.543
  vertex 54.1007 56.3921 745.19
  vertex 54.4837 51.2314 748.162
 endloop
endfacet
facet normal 0.821634 0.463769 0.331416
 outer loop
  vertex 57.6711 48.7847 743.539
  vertex 54.4837 51.2314 748.162
  vertex 55.9167 46.8272 751.475
 endloop
endfacet
facet normal 0.804118 0.571588 0.163347
 outer loop
  vertex 58.9643 44.2797 746.807
  vertex 55.9167 46.8272 751.475
  vertex 61.1128 40.3909 750.351
 endloop
endfacet
facet normal 0.832066 0.554432 -0.0164448
 outer loop
  vertex 63.3797 37.281 745.43
  vertex 61.1128 40.3909 750.351
  vertex 65.866 33.6356 749.084
 endloop
endfacet
facet normal 0.865883 0.470014 -0.171267
 outer loop
  vertex 67.3113 29.9338 743.896
  vertex 65.866 33.6356 749.084
  vertex 72.6172 22.8831 751.312
 endloop
endfacet
facet normal 0.862909 0.500454 -0.0702445
 outer loop
  vertex 67.3113 29.9338 743.896
  vertex 63.3797 37.281 745.43
  vertex 65.866 33.6356 749.084
 endloop
endfacet
facet normal 0.889402 0.455374 -0.0399928
 outer loop
  vertex 67.3113 29.9338 743.896
  vertex 65.1723 33.8294 740.355
  vertex 63.3797 37.281 745.43
 endloop
endfacet
facet normal 0.905487 0.423405 0.0286588
 outer loop
  vertex 63.3797 37.281 745.43
  vertex 65.1723 33.8294 740.355
  vertex 63.5386 38.0891 736.977
 endloop
endfacet
facet normal 0.916439 0.365971 0.161876
 outer loop
  vertex 61.512 41.3721 741.976
  vertex 63.5386 38.0891 736.977
  vertex 60.3344 45.9604 738.747
 endloop
endfacet
facet normal 0.877213 0.401701 0.262934
 outer loop
  vertex 58.9643 44.2797 746.807
  vertex 60.3344 45.9604 738.747
  vertex 57.6711 48.7847 743.539
 endloop
endfacet
facet normal 0.829426 0.493752 0.261268
 outer loop
  vertex 55.9167 46.8272 751.475
  vertex 58.9643 44.2797 746.807
  vertex 57.6711 48.7847 743.539
 endloop
endfacet
facet normal 0.884751 0.420514 0.200956
 outer loop
  vertex 60.3344 45.9604 738.747
  vertex 58.9643 44.2797 746.807
  vertex 61.512 41.3721 741.976
 endloop
endfacet
facet normal 0.866814 0.483283 0.12276
 outer loop
  vertex 61.512 41.3721 741.976
  vertex 58.9643 44.2797 746.807
  vertex 63.3797 37.281 745.43
 endloop
endfacet
facet normal 0.899348 0.429119 0.0838481
 outer loop
  vertex 63.5386 38.0891 736.977
  vertex 61.512 41.3721 741.976
  vertex 63.3797 37.281 745.43
 endloop
endfacet
facet normal 0.321394 0.927574 0.190558
 outer loop
  vertex 38.1641 53.0098 768.344
  vertex 43.2184 51.2145 772.831
  vertex 43.5604 52.1545 764.438
 endloop
endfacet
facet normal 0.516538 0.746373 0.419661
 outer loop
  vertex 42.1978 53.8911 762.572
  vertex 43.5604 52.1545 764.438
  vertex 47.1298 52.7012 758.515
 endloop
endfacet
facet normal 0.610221 0.565588 0.554743
 outer loop
  vertex 41.4276 56.0546 760.898
  vertex 47.1298 52.7012 758.515
  vertex 46.4362 54.9199 756.866
 endloop
endfacet
facet normal 0.649815 0.403237 0.644314
 outer loop
  vertex 41.2405 58.6381 759.414
  vertex 46.4362 54.9199 756.866
  vertex 46.1805 57.4539 755.359
 endloop
endfacet
facet normal 0.678472 0.260372 0.686937
 outer loop
  vertex 41.5513 61.5803 758.091
  vertex 46.1805 57.4539 755.359
  vertex 46.3166 60.2704 753.979
 endloop
endfacet
facet normal 0.71376 0.105823 0.69235
 outer loop
  vertex 43.1647 68.1793 755.766
  vertex 46.3166 60.2704 753.979
  vertex 47.4665 66.5354 751.504
 endloop
endfacet
facet normal 0.702153 0.0368777 0.711071
 outer loop
  vertex 43.4106 69 755.508
  vertex 43.1647 68.1793 755.766
  vertex 47.4665 66.5354 751.504
 endloop
endfacet
facet normal 0.542079 0.761539 0.355259
 outer loop
  vertex 47.1298 52.7012 758.515
  vertex 43.5604 52.1545 764.438
  vertex 48.2699 50.8043 760.308
 endloop
endfacet
facet normal 0.588598 0.782179 0.204325
 outer loop
  vertex 52.3646 49.0112 755.979
  vertex 48.2699 50.8043 760.308
  vertex 51.7397 47.8674 764.281
 endloop
endfacet
facet normal 0.561785 0.826812 -0.0279043
 outer loop
  vertex 55.2876 45.6804 759.775
  vertex 51.7397 47.8674 764.281
  vertex 59.245 43.0948 763.906
 endloop
endfacet
facet normal 0.634303 0.753156 -0.174401
 outer loop
  vertex 61.796 40.1895 759.077
  vertex 59.245 43.0948 763.906
  vertex 65.804 37.6404 763.224
 endloop
endfacet
facet normal 0.620785 0.780165 -0.0772569
 outer loop
  vertex 61.796 40.1895 759.077
  vertex 55.2876 45.6804 759.775
  vertex 59.245 43.0948 763.906
 endloop
endfacet
facet normal 0.667956 0.744096 -0.0124875
 outer loop
  vertex 61.796 40.1895 759.077
  vertex 58.41 43.1868 755.131
  vertex 55.2876 45.6804 759.775
 endloop
endfacet
facet normal 0.716888 0.694312 -0.0632743
 outer loop
  vertex 61.796 40.1895 759.077
  vertex 64.0108 37.0421 754.138
  vertex 58.41 43.1868 755.131
 endloop
endfacet
facet normal 0.724633 0.671168 -0.156336
 outer loop
  vertex 61.796 40.1895 759.077
  vertex 67.468 34.0962 758.107
  vertex 64.0108 37.0421 754.138
 endloop
endfacet
facet normal 0.656104 0.616513 0.435246
 outer loop
  vertex 46.4362 54.9199 756.866
  vertex 47.1298 52.7012 758.515
  vertex 52.3646 49.0112 755.979
 endloop
endfacet
facet normal 0.760142 0.568405 0.314802
 outer loop
  vertex 54.4837 51.2314 748.162
  vertex 52.3646 49.0112 755.979
  vertex 55.9167 46.8272 751.475
 endloop
endfacet
facet normal 0.726085 0.541178 0.424179
 outer loop
  vertex 54.4837 51.2314 748.162
  vertex 46.4362 54.9199 756.866
  vertex 52.3646 49.0112 755.979
 endloop
endfacet
facet normal 0.723693 0.428583 0.540911
 outer loop
  vertex 54.4837 51.2314 748.162
  vertex 46.1805 57.4539 755.359
  vertex 46.4362 54.9199 756.866
 endloop
endfacet
facet normal 0.785017 0.340262 0.517658
 outer loop
  vertex 54.4837 51.2314 748.162
  vertex 54.1007 56.3921 745.19
  vertex 46.1805 57.4539 755.359
 endloop
endfacet
facet normal 0.748894 0.274875 0.602994
 outer loop
  vertex 46.1805 57.4539 755.359
  vertex 54.1007 56.3921 745.19
  vertex 46.3166 60.2704 753.979
 endloop
endfacet
facet normal 0.769475 0.17597 0.613957
 outer loop
  vertex 46.3166 60.2704 753.979
  vertex 54.1007 56.3921 745.19
  vertex 47.4665 66.5354 751.504
 endloop
endfacet
facet normal 0.349577 0.932192 0.0938867
 outer loop
  vertex 43.2184 51.2145 772.831
  vertex 47.7374 49.7271 768.64
  vertex 43.5604 52.1545 764.438
 endloop
endfacet
facet normal 0.461996 0.862938 0.20469
 outer loop
  vertex 43.5604 52.1545 764.438
  vertex 47.7374 49.7271 768.64
  vertex 48.2699 50.8043 760.308
 endloop
endfacet
facet normal 0.482961 0.868915 0.108328
 outer loop
  vertex 48.2699 50.8043 760.308
  vertex 47.7374 49.7271 768.64
  vertex 51.7397 47.8674 764.281
 endloop
endfacet
facet normal 0.410237 0.91056 -0.0508555
 outer loop
  vertex 51.7397 47.8674 764.281
  vertex 47.7374 49.7271 768.64
  vertex 53.1842 48.0632 773.073
 endloop
endfacet
facet normal 0.405653 0.838335 0.364199
 outer loop
  vertex 43.5604 52.1545 764.438
  vertex 42.1978 53.8911 762.572
  vertex 38.1641 53.0098 768.344
 endloop
endfacet
facet normal 0.381348 0.815664 0.435047
 outer loop
  vertex 38.1641 53.0098 768.344
  vertex 42.1978 53.8911 762.572
  vertex 36.4996 54.5291 766.381
 endloop
endfacet
facet normal 0.287201 0.889323 0.355837
 outer loop
  vertex 35.2057 53.2501 770.214
  vertex 38.1641 53.0098 768.344
  vertex 36.4996 54.5291 766.381
 endloop
endfacet
facet normal 0.595449 0.126259 0.79341
 outer loop
  vertex 38.1184 69 759.936
  vertex 36.1055 62.4001 761.981
  vertex 41.5513 61.5803 758.091
 endloop
endfacet
facet normal 0.595352 0.236235 0.767951
 outer loop
  vertex 41.5513 61.5803 758.091
  vertex 36.1055 62.4001 761.981
  vertex 41.2405 58.6381 759.414
 endloop
endfacet
facet normal 0.641316 0.300913 0.705809
 outer loop
  vertex 46.1805 57.4539 755.359
  vertex 41.5513 61.5803 758.091
  vertex 41.2405 58.6381 759.414
 endloop
endfacet
facet normal 0.506908 0.10525 0.855551
 outer loop
  vertex 32.1571 69 763.895
  vertex 29.9065 62.6771 765.628
  vertex 36.1055 62.4001 761.981
 endloop
endfacet
facet normal 0.508265 0.206477 0.836083
 outer loop
  vertex 36.1055 62.4001 761.981
  vertex 29.9065 62.6771 765.628
  vertex 35.5584 59.2876 763.228
 endloop
endfacet
facet normal 0.555796 0.403183 0.727004
 outer loop
  vertex 41.2405 58.6381 759.414
  vertex 35.5584 59.2876 763.228
  vertex 41.4276 56.0546 760.898
 endloop
endfacet
facet normal 0.604943 0.464064 0.647062
 outer loop
  vertex 46.4362 54.9199 756.866
  vertex 41.2405 58.6381 759.414
  vertex 41.4276 56.0546 760.898
 endloop
endfacet
facet normal 0.498941 0.605831 0.619699
 outer loop
  vertex 42.1978 53.8911 762.572
  vertex 41.4276 56.0546 760.898
  vertex 35.6355 56.6248 764.677
 endloop
endfacet
facet normal 0.392184 0.635431 0.665147
 outer loop
  vertex 36.4996 54.5291 766.381
  vertex 35.6355 56.6248 764.677
  vertex 29.1018 56.6608 768.215
 endloop
endfacet
facet normal 0.328168 0.730966 0.598326
 outer loop
  vertex 30.0756 54.6441 769.955
  vertex 36.4996 54.5291 766.381
  vertex 29.1018 56.6608 768.215
 endloop
endfacet
facet normal 0.434975 0.690153 0.578348
 outer loop
  vertex 35.6355 56.6248 764.677
  vertex 36.4996 54.5291 766.381
  vertex 42.1978 53.8911 762.572
 endloop
endfacet
facet normal 0.415286 0.470849 0.778356
 outer loop
  vertex 29.1018 56.6608 768.215
  vertex 35.6355 56.6248 764.677
  vertex 29.1335 59.402 766.801
 endloop
endfacet
facet normal 0.402092 0.385472 0.830501
 outer loop
  vertex 27.3623 59.3436 767.679
  vertex 29.1018 56.6608 768.215
  vertex 29.1335 59.402 766.801
 endloop
endfacet
facet normal 0.467819 0.251286 0.847349
 outer loop
  vertex 29.9065 62.6771 765.628
  vertex 29.1335 59.402 766.801
  vertex 35.5584 59.2876 763.228
 endloop
endfacet
facet normal 0.436896 0.203369 0.876221
 outer loop
  vertex 29.9065 62.6771 765.628
  vertex 27.1418 61.5203 767.207
  vertex 29.1335 59.402 766.801
 endloop
endfacet
facet normal 0.463443 0.391503 0.79495
 outer loop
  vertex 29.1335 59.402 766.801
  vertex 35.6355 56.6248 764.677
  vertex 35.5584 59.2876 763.228
 endloop
endfacet
facet normal 0.504474 0.471872 0.723079
 outer loop
  vertex 35.5584 59.2876 763.228
  vertex 35.6355 56.6248 764.677
  vertex 41.4276 56.0546 760.898
 endloop
endfacet
facet normal 0.194881 0.904277 0.379875
 outer loop
  vertex 29.2235 53.9844 771.668
  vertex 32.0791 53.3691 772.028
  vertex 30.0756 54.6441 769.955
 endloop
endfacet
facet normal 0.207362 0.917282 0.339994
 outer loop
  vertex 30.0756 54.6441 769.955
  vertex 32.0791 53.3691 772.028
  vertex 35.2057 53.2501 770.214
 endloop
endfacet
facet normal 0.161362 0.973016 0.164932
 outer loop
  vertex 35.2057 53.2501 770.214
  vertex 32.0791 53.3691 772.028
  vertex 38.0332 52.222 776.806
 endloop
endfacet
facet normal 0.16895 0.98281 0.074437
 outer loop
  vertex 40.7254 51.79 774.851
  vertex 35.2057 53.2501 770.214
  vertex 38.0332 52.222 776.806
 endloop
endfacet
facet normal 0.649027 0.0834834 0.756171
 outer loop
  vertex 40.1267 69 758.369
  vertex 41.5513 61.5803 758.091
  vertex 43.1647 68.1793 755.766
 endloop
endfacet
facet normal 0.676175 0.152823 0.720717
 outer loop
  vertex 43.1647 68.1793 755.766
  vertex 41.5513 61.5803 758.091
  vertex 46.3166 60.2704 753.979
 endloop
endfacet
facet normal 0.553807 0.277123 0.785176
 outer loop
  vertex 35.5584 59.2876 763.228
  vertex 41.2405 58.6381 759.414
  vertex 36.1055 62.4001 761.981
 endloop
endfacet
facet normal 0.555912 0.638963 0.531685
 outer loop
  vertex 41.4276 56.0546 760.898
  vertex 42.1978 53.8911 762.572
  vertex 47.1298 52.7012 758.515
 endloop
endfacet
facet normal 0.623512 0.701403 0.34535
 outer loop
  vertex 47.1298 52.7012 758.515
  vertex 48.2699 50.8043 760.308
  vertex 52.3646 49.0112 755.979
 endloop
endfacet
facet normal 0.602661 0.789563 0.115711
 outer loop
  vertex 51.7397 47.8674 764.281
  vertex 55.2876 45.6804 759.775
  vertex 52.3646 49.0112 755.979
 endloop
endfacet
facet normal 0.693689 0.694503 0.190948
 outer loop
  vertex 52.3646 49.0112 755.979
  vertex 55.2876 45.6804 759.775
  vertex 55.9167 46.8272 751.475
 endloop
endfacet
facet normal 0.704068 0.701171 0.112462
 outer loop
  vertex 55.9167 46.8272 751.475
  vertex 55.2876 45.6804 759.775
  vertex 58.41 43.1868 755.131
 endloop
endfacet
facet normal 0.758417 0.651725 -0.00766106
 outer loop
  vertex 61.1128 40.3909 750.351
  vertex 58.41 43.1868 755.131
  vertex 64.0108 37.0421 754.138
 endloop
endfacet
facet normal 0.802726 0.57841 -0.145166
 outer loop
  vertex 65.866 33.6356 749.084
  vertex 64.0108 37.0421 754.138
  vertex 68.829 30.3336 752.892
 endloop
endfacet
facet normal 0.797965 0.599733 -0.0597708
 outer loop
  vertex 65.866 33.6356 749.084
  vertex 61.1128 40.3909 750.351
  vertex 64.0108 37.0421 754.138
 endloop
endfacet
facet normal 0.887731 0.0310738 0.459313
 outer loop
  vertex 55.7132 69 739.717
  vertex 55.5871 68.3362 739.976
  vertex 58.1293 65.4246 735.144
 endloop
endfacet
facet normal 0.881266 0.0599268 0.468806
 outer loop
  vertex 58.1293 65.4246 735.144
  vertex 55.5871 68.3362 739.976
  vertex 54.5703 62.1671 742.495
 endloop
endfacet
facet normal 0.860819 0.192609 0.471055
 outer loop
  vertex 57.2123 53.8908 740.543
  vertex 54.5703 62.1671 742.495
  vertex 54.1007 56.3921 745.19
 endloop
endfacet
facet normal 0.887418 0.128384 0.442728
 outer loop
  vertex 57.2123 53.8908 740.543
  vertex 58.1293 65.4246 735.144
  vertex 54.5703 62.1671 742.495
 endloop
endfacet
facet normal 0.917889 0.11318 0.380355
 outer loop
  vertex 57.2123 53.8908 740.543
  vertex 60.2725 62.2257 730.183
  vertex 58.1293 65.4246 735.144
 endloop
endfacet
facet normal 0.92193 0.16792 0.349066
 outer loop
  vertex 57.2123 53.8908 740.543
  vertex 59.8222 51.028 735.733
  vertex 60.2725 62.2257 730.183
 endloop
endfacet
facet normal 0.895905 0.271395 0.351708
 outer loop
  vertex 57.2123 53.8908 740.543
  vertex 57.6711 48.7847 743.539
  vertex 59.8222 51.028 735.733
 endloop
endfacet
facet normal 0.858229 0.340976 0.383637
 outer loop
  vertex 57.2123 53.8908 740.543
  vertex 54.4837 51.2314 748.162
  vertex 57.6711 48.7847 743.539
 endloop
endfacet
facet normal 0.864032 0.0509259 0.500854
 outer loop
  vertex 55.5871 68.3362 739.976
  vertex 54.9107 69 741.13
  vertex 54.5703 62.1671 742.495
 endloop
endfacet
facet normal 0.926838 0.042686 0.373027
 outer loop
  vertex 58.1293 65.4246 735.144
  vertex 60.2725 62.2257 730.183
  vertex 58.6547 69 733.64
 endloop
endfacet
facet normal 0.905041 0.301193 0.300307
 outer loop
  vertex 57.6711 48.7847 743.539
  vertex 60.3344 45.9604 738.747
  vertex 59.8222 51.028 735.733
 endloop
endfacet
facet normal 0.930387 0.294321 0.218528
 outer loop
  vertex 59.8222 51.028 735.733
  vertex 60.3344 45.9604 738.747
  vertex 63.5386 38.0891 736.977
 endloop
endfacet
facet normal 0.233805 0.969121 0.0783583
 outer loop
  vertex 43.2184 51.2145 772.831
  vertex 38.1641 53.0098 768.344
  vertex 40.7254 51.79 774.851
 endloop
endfacet
facet normal 0.513097 0.852898 -0.0964184
 outer loop
  vertex 51.7397 47.8674 764.281
  vertex 56.353 45.7543 768.625
  vertex 59.245 43.0948 763.906
 endloop
endfacet
facet normal 0.763214 0.636366 0.111993
 outer loop
  vertex 55.9167 46.8272 751.475
  vertex 58.41 43.1868 755.131
  vertex 61.1128 40.3909 750.351
 endloop
endfacet
facet normal 0.762381 0.582062 -0.282807
 outer loop
  vertex 71.2656 31.3954 762.186
  vertex 72.0972 27.2515 756.8
  vertex 67.468 34.0962 758.107
 endloop
endfacet
facet normal 0.787517 0.563898 -0.248668
 outer loop
  vertex 67.468 34.0962 758.107
  vertex 72.0972 27.2515 756.8
  vertex 68.829 30.3336 752.892
 endloop
endfacet
facet normal 0.829877 0.49049 -0.265941
 outer loop
  vertex 68.829 30.3336 752.892
  vertex 72.0972 27.2515 756.8
  vertex 72.6172 22.8831 751.312
 endloop
endfacet
facet normal 0.835176 0.543035 0.0871466
 outer loop
  vertex 58.9643 44.2797 746.807
  vertex 61.1128 40.3909 750.351
  vertex 63.3797 37.281 745.43
 endloop
endfacet
facet normal 0.698875 0.662558 -0.269428
 outer loop
  vertex 67.468 34.0962 758.107
  vertex 65.804 37.6404 763.224
  vertex 70.733 33.4237 764.89
 endloop
endfacet
facet normal 0.982513 0.173865 0.0666224
 outer loop
  vertex 64.4709 40.1479 720.271
  vertex 63.4755 44.1738 725.605
  vertex 65.0104 34.4063 731.798
 endloop
endfacet
facet normal 0.963758 0.254734 0.0792559
 outer loop
  vertex 65.0104 34.4063 731.798
  vertex 63.4755 44.1738 725.605
  vertex 63.5386 38.0891 736.977
 endloop
endfacet
facet normal 0.990291 0.0850964 0.109923
 outer loop
  vertex 64.0285 50.7025 714.432
  vertex 63.2636 54.8944 719.84
  vertex 63.4755 44.1738 725.605
 endloop
endfacet
facet normal 0.981032 0.0911326 0.171086
 outer loop
  vertex 63.4755 44.1738 725.605
  vertex 63.2636 54.8944 719.84
  vertex 61.9958 58.7241 725.085
 endloop
endfacet
facet normal 0.963161 0.141564 0.22865
 outer loop
  vertex 59.8222 51.028 735.733
  vertex 63.4755 44.1738 725.605
  vertex 61.9958 58.7241 725.085
 endloop
endfacet
facet normal 0.985709 0.037363 0.164259
 outer loop
  vertex 62.6351 69 720.151
  vertex 61.9958 58.7241 725.085
  vertex 63.4773 65.9216 714.213
 endloop
endfacet
facet normal 0.986772 0.0509354 0.153903
 outer loop
  vertex 63.4773 65.9216 714.213
  vertex 61.9958 58.7241 725.085
  vertex 63.2636 54.8944 719.84
 endloop
endfacet
facet normal 0.99668 0.0376642 0.0721897
 outer loop
  vertex 63.7988 61.4102 708.661
  vertex 63.4773 65.9216 714.213
  vertex 63.2636 54.8944 719.84
 endloop
endfacet
facet normal 0.999303 0.031776 -0.0195844
 outer loop
  vertex 63.7988 61.4102 708.661
  vertex 64.0285 50.7025 714.432
  vertex 63.5916 56.5179 702.938
 endloop
endfacet
facet normal 0.996001 0.0224635 -0.0864746
 outer loop
  vertex 63.0353 62.399 699.467
  vertex 63.7988 61.4102 708.661
  vertex 63.5916 56.5179 702.938
 endloop
endfacet
facet normal 0.997591 0.0691262 -0.00583917
 outer loop
  vertex 64.4709 40.1479 720.271
  vertex 64.903 35.7162 714.755
  vertex 64.2499 46.1189 708.847
 endloop
endfacet
facet normal 0.999013 0.0338847 -0.0287216
 outer loop
  vertex 64.0285 50.7025 714.432
  vertex 64.2499 46.1189 708.847
  vertex 63.5916 56.5179 702.938
 endloop
endfacet
facet normal 0.997843 0.0622211 0.0209455
 outer loop
  vertex 64.0285 50.7025 714.432
  vertex 64.4709 40.1479 720.271
  vertex 64.2499 46.1189 708.847
 endloop
endfacet
facet normal 0.995109 0.0245571 -0.0956783
 outer loop
  vertex 63.5916 56.5179 702.938
  vertex 64.2499 46.1189 708.847
  vertex 63.2059 53.3674 699.387
 endloop
endfacet
facet normal 0.99659 0.0404271 -0.0719315
 outer loop
  vertex 63.5011 37.7349 699.25
  vertex 64.2499 46.1189 708.847
  vertex 64.903 35.7162 714.755
 endloop
endfacet
facet normal -1.98458E-15 0.11512 0.993352
 outer loop
  vertex 92.1188 2.74764 871.428
  vertex 96 2.74764 871.428
  vertex 92.1188 12.5641 869.974
 endloop
endfacet
facet normal -1.94577E-15 0.226032 0.97412
 outer loop
  vertex 92.1188 12.5641 869.974
  vertex 96 2.74764 871.428
  vertex 96 19.9497 867.562
 endloop
endfacet
facet normal -1.72133E-15 0.5083 0.86118
 outer loop
  vertex 92.1188 24.398 865.486
  vertex 96 19.9497 867.562
  vertex 96 34.9018 858.219
 endloop
endfacet
facet normal -1.38537E-15 0.721599 0.692311
 outer loop
  vertex 92.1188 34.8139 858.297
  vertex 96 34.9018 858.219
  vertex 92.1188 43.2067 848.823
 endloop
endfacet
facet normal -1.59793E-15 0.60148 0.798888
 outer loop
  vertex 92.1188 34.8139 858.297
  vertex 92.1188 24.398 865.486
  vertex 96 34.9018 858.219
 endloop
endfacet
facet normal -1.21321E-15 0.795436 0.606038
 outer loop
  vertex 96 34.9018 858.219
  vertex 96 45.9175 844.453
  vertex 92.1188 43.2067 848.823
 endloop
endfacet
facet normal -9.45273E-16 0.881877 0.471479
 outer loop
  vertex 92.1188 43.2067 848.823
  vertex 96 45.9175 844.453
  vertex 92.1188 49.0884 837.617
 endloop
endfacet
facet normal -6.82172E-16 0.940783 0.339009
 outer loop
  vertex 92.1188 49.0884 837.617
  vertex 96 45.9175 844.453
  vertex 96 51.7546 827.816
 endloop
endfacet
facet normal -8.6128E-17 0.999174 0.040629
 outer loop
  vertex 92.1188 52.1172 825.328
  vertex 96 51.7546 827.816
  vertex 96 51.7546 810.184
 endloop
endfacet
facet normal 4.27277E-16 0.976498 -0.215527
 outer loop
  vertex 92.1188 52.1172 812.672
  vertex 96 51.7546 810.184
  vertex 92.1188 49.0884 800.383
 endloop
endfacet
facet normal 1.09249E-16 0.998407 -0.0564241
 outer loop
  vertex 92.1188 52.1172 812.672
  vertex 92.1188 52.1172 825.328
  vertex 96 51.7546 810.184
 endloop
endfacet
facet normal 6.7448E-16 0.940783 -0.339009
 outer loop
  vertex 96 51.7546 810.184
  vertex 96 45.9175 793.547
  vertex 92.1188 49.0884 800.383
 endloop
endfacet
facet normal 9.39444E-16 0.881877 -0.471479
 outer loop
  vertex 92.1188 49.0884 800.383
  vertex 96 45.9175 793.547
  vertex 92.1188 43.2067 789.177
 endloop
endfacet
facet normal 1.20865E-15 0.795436 -0.606038
 outer loop
  vertex 92.1188 43.2067 789.177
  vertex 96 45.9175 793.547
  vertex 96 34.9018 779.781
 endloop
endfacet
facet normal 1.5944E-15 0.60148 -0.798888
 outer loop
  vertex 92.1188 34.8139 779.703
  vertex 96 34.9018 779.781
  vertex 92.1188 24.398 772.514
 endloop
endfacet
facet normal 1.381E-15 0.721599 -0.692311
 outer loop
  vertex 92.1188 34.8139 779.703
  vertex 92.1188 43.2067 789.177
  vertex 96 34.9018 779.781
 endloop
endfacet
facet normal 1.71921E-15 0.5083 -0.86118
 outer loop
  vertex 96 34.9018 779.781
  vertex 96 19.9497 770.438
  vertex 92.1188 24.398 772.514
 endloop
endfacet
facet normal 1.86072E-15 0.36314 -0.931735
 outer loop
  vertex 92.1188 24.398 772.514
  vertex 96 19.9497 770.438
  vertex 92.1188 12.5641 768.026
 endloop
endfacet
facet normal 1.9459E-15 0.226032 -0.97412
 outer loop
  vertex 92.1188 12.5641 768.026
  vertex 96 19.9497 770.438
  vertex 96 2.74764 766.572
 endloop
endfacet
facet normal 1.98471E-15 0.11512 -0.993352
 outer loop
  vertex 92.1188 2.74764 766.572
  vertex 92.1188 12.5641 768.026
  vertex 96 2.74764 766.572
 endloop
endfacet
facet normal -4.35523E-16 0.976498 0.215527
 outer loop
  vertex 92.1188 52.1172 825.328
  vertex 92.1188 49.0884 837.617
  vertex 96 51.7546 827.816
 endloop
endfacet
facet normal -1.86249E-15 0.36314 0.931735
 outer loop
  vertex 92.1188 24.398 865.486
  vertex 92.1188 12.5641 869.974
  vertex 96 19.9497 867.562
 endloop
endfacet
facet normal -2.70621E-18 -1 -3.24452E-18
 outer loop
  vertex 83.75 -47.2 827
  vertex 84.1 -47.2 827
  vertex 83.3816 -47.2 828.375
 endloop
endfacet
facet normal -2.70621E-18 -1 -3.24452E-18
 outer loop
  vertex 83.75 -47.2 827
  vertex 83.3816 -47.2 825.625
  vertex 84.1 -47.2 827
 endloop
endfacet
facet normal -2.70621E-18 -1 -3.24452E-18
 outer loop
  vertex 84.1 -47.2 827
  vertex 83.3816 -47.2 825.625
  vertex 83.6847 -47.2 825.45
 endloop
endfacet
facet normal -2.70621E-18 -1 -3.24452E-18
 outer loop
  vertex 83.6847 -47.2 825.45
  vertex 83.3816 -47.2 825.625
  vertex 82.375 -47.2 824.618
 endloop
endfacet
facet normal -2.70621E-18 -1 -3.24452E-18
 outer loop
  vertex 82.55 -47.2 824.315
  vertex 82.375 -47.2 824.618
  vertex 81 -47.2 824.25
 endloop
endfacet
facet normal -2.70621E-18 -1 -3.24452E-18
 outer loop
  vertex 81 -47.2 823.9
  vertex 81 -47.2 824.25
  vertex 79.45 -47.2 824.315
 endloop
endfacet
facet normal -2.70621E-18 -1 -3.24452E-18
 outer loop
  vertex 81 -47.2 823.9
  vertex 82.55 -47.2 824.315
  vertex 81 -47.2 824.25
 endloop
endfacet
facet normal -2.70621E-18 -1 -3.24452E-18
 outer loop
  vertex 83.3816 -47.2 828.375
  vertex 83.6847 -47.2 828.55
  vertex 82.375 -47.2 829.382
 endloop
endfacet
facet normal -2.70621E-18 -1 -3.24452E-18
 outer loop
  vertex 83.3816 -47.2 828.375
  vertex 84.1 -47.2 827
  vertex 83.6847 -47.2 828.55
 endloop
endfacet
facet normal -2.70621E-18 -1 -3.24452E-18
 outer loop
  vertex 81 -47.2 824.25
  vertex 79.625 -47.2 824.618
  vertex 79.45 -47.2 824.315
 endloop
endfacet
facet normal -2.70621E-18 -1 -3.24452E-18
 outer loop
  vertex 79.45 -47.2 824.315
  vertex 79.625 -47.2 824.618
  vertex 78.3153 -47.2 825.45
 endloop
endfacet
facet normal -2.70621E-18 -1 -3.24452E-18
 outer loop
  vertex 78.3153 -47.2 825.45
  vertex 79.625 -47.2 824.618
  vertex 78.6184 -47.2 825.625
 endloop
endfacet
facet normal -2.70621E-18 -1 -3.24452E-18
 outer loop
  vertex 77.9 -47.2 827
  vertex 78.6184 -47.2 825.625
  vertex 78.25 -47.2 827
 endloop
endfacet
facet normal -2.70621E-18 -1 -3.24452E-18
 outer loop
  vertex 78.3153 -47.2 828.55
  vertex 78.25 -47.2 827
  vertex 78.6184 -47.2 828.375
 endloop
endfacet
facet normal -2.70621E-18 -1 -3.24452E-18
 outer loop
  vertex 79.625 -47.2 829.382
  vertex 78.3153 -47.2 828.55
  vertex 78.6184 -47.2 828.375
 endloop
endfacet
facet normal -2.70621E-18 -1 -3.24452E-18
 outer loop
  vertex 79.625 -47.2 829.382
  vertex 79.45 -47.2 829.685
  vertex 78.3153 -47.2 828.55
 endloop
endfacet
facet normal -2.70621E-18 -1 -3.24452E-18
 outer loop
  vertex 79.625 -47.2 829.382
  vertex 81 -47.2 829.75
  vertex 79.45 -47.2 829.685
 endloop
endfacet
facet normal -2.70621E-18 -1 -3.24452E-18
 outer loop
  vertex 79.45 -47.2 829.685
  vertex 81 -47.2 829.75
  vertex 81 -47.2 830.1
 endloop
endfacet
facet normal -2.70621E-18 -1 -3.24452E-18
 outer loop
  vertex 81 -47.2 830.1
  vertex 81 -47.2 829.75
  vertex 82.55 -47.2 829.685
 endloop
endfacet
facet normal -2.70621E-18 -1 -3.24452E-18
 outer loop
  vertex 82.55 -47.2 829.685
  vertex 81 -47.2 829.75
  vertex 82.375 -47.2 829.382
 endloop
endfacet
facet normal -2.70621E-18 -1 -3.24452E-18
 outer loop
  vertex 83.6847 -47.2 828.55
  vertex 82.55 -47.2 829.685
  vertex 82.375 -47.2 829.382
 endloop
endfacet
facet normal -2.70621E-18 -1 -3.24452E-18
 outer loop
  vertex 78.3153 -47.2 828.55
  vertex 77.9 -47.2 827
  vertex 78.25 -47.2 827
 endloop
endfacet
facet normal -2.70621E-18 -1 -3.24452E-18
 outer loop
  vertex 77.9 -47.2 827
  vertex 78.3153 -47.2 825.45
  vertex 78.6184 -47.2 825.625
 endloop
endfacet
facet normal -2.70621E-18 -1 -3.24452E-18
 outer loop
  vertex 82.55 -47.2 824.315
  vertex 83.6847 -47.2 825.45
  vertex 82.375 -47.2 824.618
 endloop
endfacet
facet normal -0.013406 0.0523454 0.998539
 outer loop
  vertex 92.1188 2.74764 871.428
  vertex 87.4274 2.74764 871.334
  vertex 92.1188 -1.61133E-14 871.572
 endloop
endfacet
facet normal -0.0878937 0.0525859 0.994741
 outer loop
  vertex 92.1188 -1.61133E-14 871.572
  vertex 87.4274 2.74764 871.334
  vertex 66.1606 -1.06758E-14 868.647
 endloop
endfacet
facet normal -0.154577 0.0525115 0.986584
 outer loop
  vertex 66.1606 -1.06758E-14 868.647
  vertex 87.4274 2.74764 871.334
  vertex 68.8137 2.74764 869.073
 endloop
endfacet
facet normal -0.25935 0.0524683 0.964357
 outer loop
  vertex 50.8037 2.74764 863.857
  vertex 66.1606 -1.06758E-14 868.647
  vertex 68.8137 2.74764 869.073
 endloop
endfacet
facet normal -0.337981 0.0525596 0.939684
 outer loop
  vertex 50.8037 2.74764 863.857
  vertex 41.5041 -1.17142E-14 860.019
  vertex 66.1606 -1.06758E-14 868.647
 endloop
endfacet
facet normal -0.429837 0.0524492 0.901382
 outer loop
  vertex 50.8037 2.74764 863.857
  vertex 33.8636 2.74764 855.819
  vertex 41.5041 -1.17142E-14 860.019
 endloop
endfacet
facet normal -0.520672 0.0525638 0.852137
 outer loop
  vertex 41.5041 -1.17142E-14 860.019
  vertex 33.8636 2.74764 855.819
  vertex 19.3856 -1.27802E-14 846.121
 endloop
endfacet
facet normal -0.586083 0.0524768 0.80855
 outer loop
  vertex 19.3856 -1.27802E-14 846.121
  vertex 33.8636 2.74764 855.819
  vertex 18.4323 2.74764 845.167
 endloop
endfacet
facet normal -0.669305 0.0524984 0.741131
 outer loop
  vertex 4.90951 2.74764 832.178
  vertex 19.3856 -1.27802E-14 846.121
  vertex 18.4323 2.74764 845.167
 endloop
endfacet
facet normal -0.720264 0.052577 0.691705
 outer loop
  vertex 4.90951 2.74764 832.178
  vertex 0.914297 -1.38203E-14 827.65
  vertex 19.3856 -1.27802E-14 846.121
 endloop
endfacet
facet normal -0.792541 0.0524538 0.607558
 outer loop
  vertex 4.90951 2.74764 832.178
  vertex -6.35464 2.74764 817.188
  vertex 0.914297 -1.38203E-14 827.65
 endloop
endfacet
facet normal -0.845044 0.0525557 0.532107
 outer loop
  vertex 0.914297 -1.38203E-14 827.65
  vertex -6.35464 2.74764 817.188
  vertex -12.9836 2.57843E-15 805.531
 endloop
endfacet
facet normal -0.882461 0.0524128 0.467457
 outer loop
  vertex -12.9836 2.57843E-15 805.531
  vertex -6.35464 2.74764 817.188
  vertex -12.853 2.74764 805.47
 endloop
endfacet
facet normal -1.99862E-15 -0.052336 0.99863
 outer loop
  vertex 96 -2.74764 871.428
  vertex 96 -1.60485E-14 871.572
  vertex 92.1188 -2.74764 871.428
 endloop
endfacet
facet normal -1.99862E-15 -0.052336 0.99863
 outer loop
  vertex 92.1188 -2.74764 871.428
  vertex 96 -1.60485E-14 871.572
  vertex 92.1188 -1.61133E-14 871.572
 endloop
endfacet
facet normal 1 -3.48034E-18 5.55112E-17
 outer loop
  vertex 96 2.74764 871.428
  vertex 96 -2.74764 871.428
  vertex 96 19.9497 867.562
 endloop
endfacet
facet normal 1 -3.48034E-18 5.55112E-17
 outer loop
  vertex 96 2.74764 871.428
  vertex 96 -1.60485E-14 871.572
  vertex 96 -2.74764 871.428
 endloop
endfacet
facet normal 1 -3.48034E-18 5.55112E-17
 outer loop
  vertex 96 19.9497 867.562
  vertex 96 -19.9497 867.562
  vertex 96 34.9018 858.219
 endloop
endfacet
facet normal 1 -3.48034E-18 5.55112E-17
 outer loop
  vertex 96 19.9497 867.562
  vertex 96 -2.74764 871.428
  vertex 96 -19.9497 867.562
 endloop
endfacet
facet normal 1 -3.48034E-18 5.55112E-17
 outer loop
  vertex 96 34.9018 858.219
  vertex 96 -34.9018 858.219
  vertex 96 45.9175 844.453
 endloop
endfacet
facet normal 1 -3.48034E-18 5.55112E-17
 outer loop
  vertex 96 34.9018 858.219
  vertex 96 -19.9497 867.562
  vertex 96 -34.9018 858.219
 endloop
endfacet
facet normal 1 -3.48034E-18 5.55112E-17
 outer loop
  vertex 96 45.9175 844.453
  vertex 96 -45.9175 844.453
  vertex 96 51.7546 827.816
 endloop
endfacet
facet normal 1 -3.48034E-18 5.55112E-17
 outer loop
  vertex 96 45.9175 844.453
  vertex 96 -34.9018 858.219
  vertex 96 -45.9175 844.453
 endloop
endfacet
facet normal 1 -3.48034E-18 5.55112E-17
 outer loop
  vertex 96 51.7546 827.816
  vertex 96 -51.7546 827.816
  vertex 96 51.7546 810.184
 endloop
endfacet
facet normal 1 -3.48034E-18 5.55112E-17
 outer loop
  vertex 96 51.7546 827.816
  vertex 96 -45.9175 844.453
  vertex 96 -51.7546 827.816
 endloop
endfacet
facet normal 1 -3.48034E-18 5.55112E-17
 outer loop
  vertex 96 -51.7546 827.816
  vertex 96 -51.7546 810.184
  vertex 96 51.7546 810.184
 endloop
endfacet
facet normal 1 -3.48034E-18 5.55112E-17
 outer loop
  vertex 96 51.7546 810.184
  vertex 96 -51.7546 810.184
  vertex 96 45.9175 793.547
 endloop
endfacet
facet normal 1 -3.48034E-18 5.55112E-17
 outer loop
  vertex 96 45.9175 793.547
  vertex 96 -51.7546 810.184
  vertex 96 -45.9175 793.547
 endloop
endfacet
facet normal 1 -3.48034E-18 5.55112E-17
 outer loop
  vertex 96 34.9018 779.781
  vertex 96 -45.9175 793.547
  vertex 96 -34.9018 779.781
 endloop
endfacet
facet normal 1 -3.48034E-18 5.55112E-17
 outer loop
  vertex 96 19.9497 770.438
  vertex 96 -34.9018 779.781
  vertex 96 -19.9497 770.438
 endloop
endfacet
facet normal 1 -3.48034E-18 5.55112E-17
 outer loop
  vertex 96 2.74764 766.572
  vertex 96 -19.9497 770.438
  vertex 96 -2.74764 766.572
 endloop
endfacet
facet normal 1 -3.48034E-18 5.55112E-17
 outer loop
  vertex 96 -6.08976E-15 766.428
  vertex 96 2.74764 766.572
  vertex 96 -2.74764 766.572
 endloop
endfacet
facet normal 1 -3.48034E-18 5.55112E-17
 outer loop
  vertex 96 -19.9497 770.438
  vertex 96 2.74764 766.572
  vertex 96 19.9497 770.438
 endloop
endfacet
facet normal 1 -3.48034E-18 5.55112E-17
 outer loop
  vertex 96 -34.9018 779.781
  vertex 96 19.9497 770.438
  vertex 96 34.9018 779.781
 endloop
endfacet
facet normal 1 -3.48034E-18 5.55112E-17
 outer loop
  vertex 96 -45.9175 793.547
  vertex 96 34.9018 779.781
  vertex 96 45.9175 793.547
 endloop
endfacet
facet normal 1.99834E-15 -0.052336 -0.99863
 outer loop
  vertex 96 -6.08976E-15 766.428
  vertex 96 -2.74764 766.572
  vertex 92.1188 -6.10026E-15 766.428
 endloop
endfacet
facet normal 1.99834E-15 -0.052336 -0.99863
 outer loop
  vertex 92.1188 -6.10026E-15 766.428
  vertex 96 -2.74764 766.572
  vertex 92.1188 -2.74764 766.572
 endloop
endfacet
facet normal 0.408449 0.0524735 -0.911272
 outer loop
  vertex 86.2917 2.74764 765.011
  vertex 87.9861 2.74764 765.815
  vertex 87.8691 -5.67116E-15 765.615
 endloop
endfacet
facet normal 0.524092 0.0529747 -0.850013
 outer loop
  vertex 84.2199 -5.84772E-15 763.29
  vertex 86.2917 2.74764 765.011
  vertex 87.8691 -5.67116E-15 765.615
 endloop
endfacet
facet normal 0.608267 0.052584 -0.791989
 outer loop
  vertex 84.2199 -5.84772E-15 763.29
  vertex 84.7481 2.74764 763.945
  vertex 86.2917 2.74764 765.011
 endloop
endfacet
facet normal 0.689614 0.0524495 -0.722275
 outer loop
  vertex 84.2199 -5.84772E-15 763.29
  vertex 83.3954 2.74764 762.646
  vertex 84.7481 2.74764 763.945
 endloop
endfacet
facet normal 0.763025 0.0526177 -0.644224
 outer loop
  vertex 84.2199 -5.84772E-15 763.29
  vertex 82.2687 2.74764 761.146
  vertex 83.3954 2.74764 762.646
 endloop
endfacet
facet normal 0.821543 0.0529859 -0.567679
 outer loop
  vertex 84.2199 -5.84772E-15 763.29
  vertex 81.6869 -6.04164E-15 759.782
  vertex 82.2687 2.74764 761.146
 endloop
endfacet
facet normal 0.886318 0.0524304 -0.4601
 outer loop
  vertex 82.2687 2.74764 761.146
  vertex 81.6869 -6.04164E-15 759.782
  vertex 81.5564 2.74767 759.843
 endloop
endfacet
facet normal 0.308505 0.0525029 -0.949773
 outer loop
  vertex 87.9861 2.74764 765.815
  vertex 89.7877 2.74764 766.336
  vertex 87.8691 -5.67116E-15 765.615
 endloop
endfacet
facet normal 0.191759 0.0529644 -0.980012
 outer loop
  vertex 87.8691 -5.67116E-15 765.615
  vertex 89.7877 2.74764 766.336
  vertex 92.1188 -6.10026E-15 766.428
 endloop
endfacet
facet normal 0.0802902 0.0525341 -0.995386
 outer loop
  vertex 92.1188 -6.10026E-15 766.428
  vertex 89.7877 2.74764 766.336
  vertex 91.6496 2.74764 766.563
 endloop
endfacet
facet normal 0.013406 0.0523454 -0.998539
 outer loop
  vertex 92.1188 2.74764 766.572
  vertex 92.1188 -6.10026E-15 766.428
  vertex 91.6496 2.74764 766.563
 endloop
endfacet
facet normal -0.900334 0.0523361 0.432041
 outer loop
  vertex -12.9836 2.57843E-15 805.531
  vertex -12.853 2.74764 805.47
  vertex -13.1929 2.57644E-15 805.094
 endloop
endfacet
facet normal -0.901527 0.0523363 0.429547
 outer loop
  vertex -13.1929 2.57644E-15 805.094
  vertex -12.853 2.74764 805.47
  vertex -13.4003 2.57446E-15 804.657
 endloop
endfacet
facet normal -0.902713 0.0523367 0.427049
 outer loop
  vertex -13.4003 2.57446E-15 804.657
  vertex -12.853 2.74764 805.47
  vertex -13.4755 2.74761 804.157
 endloop
endfacet
facet normal -0.904481 0.0523361 0.423292
 outer loop
  vertex -13.606 1.38092E-15 804.218
  vertex -13.4003 2.57446E-15 804.657
  vertex -13.4755 2.74761 804.157
 endloop
endfacet
facet normal 3.48034E-18 -1 3.30405E-17
 outer loop
  vertex 19.6114 -85 769.358
  vertex -19.6114 -85 769.358
  vertex 37.3031 -85 760.343
 endloop
endfacet
facet normal 3.48034E-18 -1 3.30405E-17
 outer loop
  vertex 19.6114 -85 769.358
  vertex 3.26586E-14 -85 772.464
  vertex -19.6114 -85 769.358
 endloop
endfacet
facet normal 3.48034E-18 -1 3.30405E-17
 outer loop
  vertex 37.3031 -85 760.343
  vertex -37.3031 -85 760.343
  vertex 51.3433 -85 746.303
 endloop
endfacet
facet normal 3.48034E-18 -1 3.30405E-17
 outer loop
  vertex 37.3031 -85 760.343
  vertex -19.6114 -85 769.358
  vertex -37.3031 -85 760.343
 endloop
endfacet
facet normal 3.48034E-18 -1 3.30405E-17
 outer loop
  vertex -37.3031 -85 760.343
  vertex -51.3433 -85 746.303
  vertex 51.3433 -85 746.303
 endloop
endfacet
facet normal 3.48034E-18 -1 3.30405E-17
 outer loop
  vertex 51.3433 -85 746.303
  vertex -51.3433 -85 746.303
  vertex 60.3577 -85 728.611
 endloop
endfacet
facet normal 3.48034E-18 -1 3.30405E-17
 outer loop
  vertex 60.3577 -85 728.611
  vertex -51.3433 -85 746.303
  vertex -60.3577 -85 728.611
 endloop
endfacet
facet normal 3.48034E-18 -1 3.30405E-17
 outer loop
  vertex 63.4639 -85 709
  vertex -60.3577 -85 728.611
  vertex -63.4639 -85 709
 endloop
endfacet
facet normal 3.48034E-18 -1 3.30405E-17
 outer loop
  vertex 60.3577 -85 689.389
  vertex -63.4639 -85 709
  vertex -60.3577 -85 689.389
 endloop
endfacet
facet normal 3.48034E-18 -1 3.30405E-17
 outer loop
  vertex 51.3433 -85 671.697
  vertex -60.3577 -85 689.389
  vertex -51.3433 -85 671.697
 endloop
endfacet
facet normal 3.48034E-18 -1 3.30405E-17
 outer loop
  vertex 37.3031 -85 657.657
  vertex -51.3433 -85 671.697
  vertex -37.3031 -85 657.657
 endloop
endfacet
facet normal 3.48034E-18 -1 3.30405E-17
 outer loop
  vertex 19.6114 -85 648.642
  vertex -37.3031 -85 657.657
  vertex -19.6114 -85 648.642
 endloop
endfacet
facet normal 3.48034E-18 -1 3.30405E-17
 outer loop
  vertex 2.56127E-14 -85 645.536
  vertex 19.6114 -85 648.642
  vertex -19.6114 -85 648.642
 endloop
endfacet
facet normal 3.48034E-18 -1 3.30405E-17
 outer loop
  vertex 19.6114 -85 648.642
  vertex 37.3031 -85 657.657
  vertex -37.3031 -85 657.657
 endloop
endfacet
facet normal 3.48034E-18 -1 3.30405E-17
 outer loop
  vertex 37.3031 -85 657.657
  vertex 51.3433 -85 671.697
  vertex -51.3433 -85 671.697
 endloop
endfacet
facet normal 3.48034E-18 -1 3.30405E-17
 outer loop
  vertex 51.3433 -85 671.697
  vertex 60.3577 -85 689.389
  vertex -60.3577 -85 689.389
 endloop
endfacet
facet normal 3.48034E-18 -1 3.30405E-17
 outer loop
  vertex 60.3577 -85 689.389
  vertex 63.4639 -85 709
  vertex -63.4639 -85 709
 endloop
endfacet
facet normal 3.48034E-18 -1 3.30405E-17
 outer loop
  vertex -60.3577 -85 728.611
  vertex 63.4639 -85 709
  vertex 60.3577 -85 728.611
 endloop
endfacet
facet normal 0.911713 -0.0518424 -0.407543
 outer loop
  vertex 81.5564 -2.74766 759.843
  vertex 78.2385 -2.74765 752.254
  vertex 81.6869 -6.04164E-15 759.782
 endloop
endfacet
facet normal 0.920886 -0.0508165 -0.386507
 outer loop
  vertex 81.6869 -6.04164E-15 759.782
  vertex 78.2385 -2.74765 752.254
  vertex 76.842 -2.74765 748.736
 endloop
endfacet
facet normal 0.926689 -0.0494821 -0.372559
 outer loop
  vertex 75.2653 -2.74765 744.485
  vertex 81.6869 -6.04164E-15 759.782
  vertex 76.842 -2.74765 748.736
 endloop
endfacet
facet normal 0.938244 -0.0450997 -0.343023
 outer loop
  vertex 75.2653 -2.74765 744.485
  vertex 70.8627 -5.70745E-11 730.201
  vertex 81.6869 -6.04164E-15 759.782
 endloop
endfacet
facet normal 0.952238 -0.0415813 -0.302511
 outer loop
  vertex 75.2653 -2.74765 744.485
  vertex 73.0381 -2.74764 737.877
  vertex 70.8627 -5.70745E-11 730.201
 endloop
endfacet
facet normal 0.959451 -0.0379439 -0.279309
 outer loop
  vertex 70.8627 -5.70745E-11 730.201
  vertex 73.0381 -2.74764 737.877
  vertex 70.7722 -2.74764 730.244
 endloop
endfacet
facet normal 0.963687 -0.035395 -0.264678
 outer loop
  vertex 70.2813 -2.74763 728.441
  vertex 70.8627 -5.70745E-11 730.201
  vertex 70.7722 -2.74764 730.244
 endloop
endfacet
facet normal 0.968324 -0.0321648 -0.247618
 outer loop
  vertex 70.2813 -2.74763 728.441
  vertex 67.6788 -2.74762 717.753
  vertex 70.8627 -5.70745E-11 730.201
 endloop
endfacet
facet normal 0.973698 -0.0281796 -0.226094
 outer loop
  vertex 70.8627 -5.70745E-11 730.201
  vertex 67.6788 -2.74762 717.753
  vertex 66.4352 -2.74762 711.802
 endloop
endfacet
facet normal 0.985592 -0.0195271 -0.168007
 outer loop
  vertex 64.2133 -4.5652E-10 698.918
  vertex 66.4352 -2.74762 711.802
  vertex 64.1664 -2.74759 698.939
 endloop
endfacet
facet normal 0.978186 -0.0254962 -0.206159
 outer loop
  vertex 64.2133 -4.5652E-10 698.918
  vertex 70.8627 -5.70745E-11 730.201
  vertex 66.4352 -2.74762 711.802
 endloop
endfacet
facet normal -0.99787 0.0200736 -0.0620723
 outer loop
  vertex -65 -1.21555E-14 709
  vertex -63.5 75 709
  vertex -63.8715 -1.26221E-14 696.94
 endloop
endfacet
facet normal -0.985886 0.0201634 -0.166197
 outer loop
  vertex -63.8715 -1.26221E-14 696.94
  vertex -63.5 75 709
  vertex -60.3921 75 689.377
 endloop
endfacet
facet normal -0.905285 0.020183 -0.424324
 outer loop
  vertex -60.525 -1.30525E-14 685.299
  vertex -60.3921 75 689.377
  vertex -51.3726 75 671.676
 endloop
endfacet
facet normal -0.799028 0.0200555 -0.600959
 outer loop
  vertex -55.0769 -1.34317E-14 674.481
  vertex -51.3726 75 671.676
  vertex -47.7162 -1.37465E-14 664.862
 endloop
endfacet
facet normal -0.86736 0.0201126 -0.497274
 outer loop
  vertex -55.0769 -1.34317E-14 674.481
  vertex -60.525 -1.30525E-14 685.299
  vertex -51.3726 75 671.676
 endloop
endfacet
facet normal -0.716153 0.0201648 -0.697652
 outer loop
  vertex -51.3726 75 671.676
  vertex -37.3244 75 657.627
  vertex -47.7162 -1.37465E-14 664.862
 endloop
endfacet
facet normal -0.641564 0.0200777 -0.766807
 outer loop
  vertex -47.7162 -1.37465E-14 664.862
  vertex -37.3244 75 657.627
  vertex -38.6986 -1.3986E-14 656.775
 endloop
endfacet
facet normal -0.541587 0.0200698 -0.840405
 outer loop
  vertex -38.6986 -1.3986E-14 656.775
  vertex -37.3244 75 657.627
  vertex -28.3373 -1.41418E-14 650.502
 endloop
endfacet
facet normal -0.447859 0.0201623 -0.893877
 outer loop
  vertex -28.3373 -1.41418E-14 650.502
  vertex -37.3244 75 657.627
  vertex -19.6226 75 648.608
 endloop
endfacet
facet normal -0.217153 0.0200998 -0.975931
 outer loop
  vertex -16.9919 -1.42086E-14 646.26
  vertex -19.6226 75 648.608
  vertex -5.0565 -1.4184E-14 644.197
 endloop
endfacet
facet normal -0.336442 0.0200584 -0.941491
 outer loop
  vertex -16.9919 -1.42086E-14 646.26
  vertex -28.3373 -1.41418E-14 650.502
  vertex -19.6226 75 648.608
 endloop
endfacet
facet normal -0.130068 0.0201755 -0.9913
 outer loop
  vertex -19.6226 75 648.608
  vertex -1.14316E-13 75 645.5
  vertex -5.0565 -1.4184E-14 644.197
 endloop
endfacet
facet normal 0.0102741 0.0200547 -0.999746
 outer loop
  vertex -5.0565 -1.4184E-14 644.197
  vertex -1.14316E-13 75 645.5
  vertex 7.05449 -1.40689E-14 644.384
 endloop
endfacet
facet normal 0.140342 0.0201667 -0.989898
 outer loop
  vertex 7.05449 -1.40689E-14 644.384
  vertex -1.14316E-13 75 645.5
  vertex 19.6226 75 648.608
 endloop
endfacet
facet normal 0.355724 0.0200665 -0.934376
 outer loop
  vertex 18.9205 -1.38673E-14 646.815
  vertex 19.6226 75 648.608
  vertex 30.1295 -1.35862E-14 651.405
 endloop
endfacet
facet normal 0.237182 0.0200822 -0.971258
 outer loop
  vertex 18.9205 -1.38673E-14 646.815
  vertex 7.05449 -1.40689E-14 644.384
  vertex 19.6226 75 648.608
 endloop
endfacet
facet normal 0.45711 0.0201617 -0.889182
 outer loop
  vertex 19.6226 75 648.608
  vertex 37.3244 75 657.627
  vertex 30.1295 -1.35862E-14 651.405
 endloop
endfacet
facet normal 0.558749 0.0200604 -0.829094
 outer loop
  vertex 30.1295 -1.35862E-14 651.405
  vertex 37.3244 75 657.627
  vertex 40.2923 -1.32353E-14 657.995
 endloop
endfacet
facet normal 0.657199 0.020094 -0.753449
 outer loop
  vertex 40.2923 -1.32353E-14 657.995
  vertex 37.3244 75 657.627
  vertex 49.056 -1.28269E-14 666.356
 endloop
endfacet
facet normal 0.723351 0.0201724 -0.690186
 outer loop
  vertex 49.056 -1.28269E-14 666.356
  vertex 37.3244 75 657.627
  vertex 51.3726 75 671.676
 endloop
endfacet
facet normal 0.881852 0.0201689 -0.471095
 outer loop
  vertex 56.1162 -1.2375E-14 676.198
  vertex 51.3726 75 671.676
  vertex 60.3921 75 689.377
 endloop
endfacet
facet normal 0.963619 0.0200659 -0.266526
 outer loop
  vertex 61.2278 -1.18955E-14 687.179
  vertex 60.3921 75 689.377
  vertex 63.5986 32.5738 699.204
 endloop
endfacet
facet normal 0.976516 0.0200756 -0.214508
 outer loop
  vertex 63.7962 22.1023 699.112
  vertex 61.2278 -1.18955E-14 687.179
  vertex 63.5986 32.5738 699.204
 endloop
endfacet
facet normal 0.976348 0.0200746 -0.215273
 outer loop
  vertex 63.7962 22.1023 699.112
  vertex 64.0912 6.46969 698.975
  vertex 61.2278 -1.18955E-14 687.179
 endloop
endfacet
facet normal 0.976223 0.0200739 -0.215837
 outer loop
  vertex 61.2278 -1.18955E-14 687.179
  vertex 64.0912 6.46969 698.975
  vertex 64.1614 2.74762 698.942
 endloop
endfacet
facet normal 0.976182 0.0200737 -0.216024
 outer loop
  vertex 64.2133 -4.5652E-10 698.918
  vertex 61.2278 -1.18955E-14 687.179
  vertex 64.1614 2.74762 698.942
 endloop
endfacet
facet normal 0.999515 0.0200074 -0.0238709
 outer loop
  vertex 63.62 69 709
  vertex 63.4567 69 704.446
  vertex 63.5 75 709
 endloop
endfacet
facet normal 0.997085 0.0200333 -0.0736273
 outer loop
  vertex 63.5 75 709
  vertex 63.4567 69 704.446
  vertex 62.9105 69 699.525
 endloop
endfacet
facet normal 0.978961 0.0200561 -0.203061
 outer loop
  vertex 60.3921 75 689.377
  vertex 62.9105 69 699.525
  vertex 63.0353 62.399 699.467
 endloop
endfacet
facet normal 0.978863 0.0200556 -0.203532
 outer loop
  vertex 63.2059 53.3674 699.387
  vertex 60.3921 75 689.377
  vertex 63.0353 62.399 699.467
 endloop
endfacet
facet normal 0.978709 0.0200548 -0.204271
 outer loop
  vertex 63.2059 53.3674 699.387
  vertex 63.5011 37.7349 699.25
  vertex 60.3921 75 689.377
 endloop
endfacet
facet normal 0.97858 0.0200541 -0.20489
 outer loop
  vertex 60.3921 75 689.377
  vertex 63.5011 37.7349 699.25
  vertex 63.5986 32.5738 699.204
 endloop
endfacet
facet normal 0.922784 0.0200871 -0.384793
 outer loop
  vertex 61.2278 -1.18955E-14 687.179
  vertex 56.1162 -1.2375E-14 676.198
  vertex 60.3921 75 689.377
 endloop
endfacet
facet normal 0.81121 0.0200542 -0.584411
 outer loop
  vertex 56.1162 -1.2375E-14 676.198
  vertex 49.056 -1.28269E-14 666.356
  vertex 51.3726 75 671.676
 endloop
endfacet
facet normal -0.957659 0.0200567 -0.287205
 outer loop
  vertex -60.525 -1.30525E-14 685.299
  vertex -63.8715 -1.26221E-14 696.94
  vertex -60.3921 75 689.377
 endloop
endfacet
facet normal 0.987884 0.0201615 -0.153881
 outer loop
  vertex 62.9105 69 699.525
  vertex 60.3921 75 689.377
  vertex 63.5 75 709
 endloop
endfacet
facet normal -0.824414 0.0393043 0.56462
 outer loop
  vertex -28.4884 2.74764 779
  vertex -35.957 2.74764 768.233
  vertex -28.6488 1.70581E-15 779
 endloop
endfacet
facet normal -0.816575 0.0361878 0.576104
 outer loop
  vertex -28.6488 1.70581E-15 779
  vertex -35.957 2.74764 768.233
  vertex -36.8032 2.74763 767.067
 endloop
endfacet
facet normal -0.782184 0.0190977 0.622755
 outer loop
  vertex -48.999 -4.56518E-10 751.709
  vertex -36.8032 2.74763 767.067
  vertex -43.9522 2.74762 757.682
 endloop
endfacet
facet normal -0.763829 0.0191435 0.645135
 outer loop
  vertex -48.9472 2.74759 751.685
  vertex -48.999 -4.56518E-10 751.709
  vertex -43.9522 2.74762 757.682
 endloop
endfacet
facet normal -0.799513 0.0360661 0.599565
 outer loop
  vertex -28.6488 1.70581E-15 779
  vertex -36.8032 2.74763 767.067
  vertex -48.999 -4.56518E-10 751.709
 endloop
endfacet
facet normal -0.900609 0.093065 0.42455
 outer loop
  vertex -13.4755 2.74761 804.157
  vertex -12.853 2.74764 805.47
  vertex -12.8143 9.13779 803.849
 endloop
endfacet
facet normal -0.881657 0.0932161 0.462593
 outer loop
  vertex -12.8143 9.13779 803.849
  vertex -12.853 2.74764 805.47
  vertex -6.35464 2.74764 817.188
 endloop
endfacet
facet normal -0.802553 0.178191 0.569347
 outer loop
  vertex -5.12607 12.5641 816.412
  vertex -6.35464 2.74764 817.188
  vertex 5.99755 12.5641 831.214
 endloop
endfacet
facet normal -0.655656 0.393071 0.644679
 outer loop
  vertex 9.35687 24.398 828.238
  vertex 5.99755 12.5641 831.214
  vertex 22.1901 24.398 840.565
 endloop
endfacet
facet normal -0.473121 0.601956 0.643277
 outer loop
  vertex 26.7371 34.8139 834.996
  vertex 22.1901 24.398 840.565
  vertex 40.4292 34.8139 844.447
 endloop
endfacet
facet normal -0.288759 0.775562 0.561358
 outer loop
  vertex 45.1659 43.2067 836.242
  vertex 40.4292 34.8139 844.447
  vertex 58.8194 43.2067 842.721
 endloop
endfacet
facet normal -0.133633 0.903957 0.406207
 outer loop
  vertex 62.7933 49.0884 832.243
  vertex 58.8194 43.2067 842.721
  vertex 75.5769 49.0884 835.945
 endloop
endfacet
facet normal -0.0492211 0.966057 0.253596
 outer loop
  vertex 78.0641 51.4309 828.206
  vertex 75.5769 49.0884 835.945
  vertex 78.7488 51.2416 829.233
 endloop
endfacet
facet normal -0.078411 0.952896 0.292988
 outer loop
  vertex 78.0641 51.4309 828.206
  vertex 62.7933 49.0884 832.243
  vertex 75.5769 49.0884 835.945
 endloop
endfacet
facet normal -0.0663697 0.96957 0.235647
 outer loop
  vertex 78.0641 51.4309 828.206
  vertex 77.8223 51.6509 827
  vertex 62.7933 49.0884 832.243
 endloop
endfacet
facet normal -0.0681474 0.975799 0.207781
 outer loop
  vertex 62.7933 49.0884 832.243
  vertex 77.8223 51.6509 827
  vertex 67.1509 52.1172 820.753
 endloop
endfacet
facet normal -0.094055 0.979907 0.175884
 outer loop
  vertex 50.7693 49.0884 826.537
  vertex 67.1509 52.1172 820.753
  vertex 56.9135 52.1172 815.895
 endloop
endfacet
facet normal -0.121051 0.979907 0.158518
 outer loop
  vertex 39.8161 49.0884 818.977
  vertex 56.9135 52.1172 815.895
  vertex 47.588 52.1172 809.458
 endloop
endfacet
facet normal -0.144911 0.979907 0.137048
 outer loop
  vertex 30.2176 49.0884 809.757
  vertex 47.588 52.1172 809.458
  vertex 39.4158 52.1172 801.608
 endloop
endfacet
facet normal -0.165019 0.979907 0.112028
 outer loop
  vertex 22.2223 49.0884 799.117
  vertex 39.4158 52.1172 801.608
  vertex 32.6085 52.1172 792.55
 endloop
endfacet
facet normal -0.1614 0.983567 0.0809116
 outer loop
  vertex 21.6259 50.6815 787.789
  vertex 32.6085 52.1172 792.55
  vertex 26.4305 51.824 785.549
 endloop
endfacet
facet normal -0.213759 0.969236 0.122018
 outer loop
  vertex 21.6259 50.6815 787.789
  vertex 22.2223 49.0884 799.117
  vertex 32.6085 52.1172 792.55
 endloop
endfacet
facet normal -0.286992 0.946046 0.150438
 outer loop
  vertex 21.6259 50.6815 787.789
  vertex 17.0476 49.0377 789.924
  vertex 22.2223 49.0884 799.117
 endloop
endfacet
facet normal -0.320435 0.932609 0.166015
 outer loop
  vertex 22.2223 49.0884 799.117
  vertex 17.0476 49.0377 789.924
  vertex 16.3132 48.7202 790.266
 endloop
endfacet
facet normal -0.348484 0.920043 0.179111
 outer loop
  vertex 12.6855 46.9153 791.958
  vertex 22.2223 49.0884 799.117
  vertex 16.3132 48.7202 790.266
 endloop
endfacet
facet normal -0.397627 0.88856 0.22881
 outer loop
  vertex 12.6855 46.9153 791.958
  vertex 12.7506 43.2067 805.107
  vertex 22.2223 49.0884 799.117
 endloop
endfacet
facet normal -0.48346 0.838272 0.252123
 outer loop
  vertex 12.6855 46.9153 791.958
  vertex 4.75941 41.3815 795.654
  vertex 12.7506 43.2067 805.107
 endloop
endfacet
facet normal -0.533406 0.799793 0.275335
 outer loop
  vertex 12.7506 43.2067 805.107
  vertex 4.75941 41.3815 795.654
  vertex 4.6044 41.2474 795.726
 endloop
endfacet
facet normal -0.632011 0.701231 0.329906
 outer loop
  vertex 4.74375 34.8139 810.17
  vertex 4.6044 41.2474 795.726
  vertex -2.34901 33.8246 798.969
 endloop
endfacet
facet normal -0.675063 0.649537 0.349844
 outer loop
  vertex -2.55886 33.5478 799.067
  vertex 4.74375 34.8139 810.17
  vertex -2.34901 33.8246 798.969
 endloop
endfacet
facet normal -0.708803 0.603199 0.365717
 outer loop
  vertex -2.55886 33.5478 799.067
  vertex -7.21409 26.1576 801.237
  vertex 4.74375 34.8139 810.17
 endloop
endfacet
facet normal -0.727293 0.545797 0.416114
 outer loop
  vertex 4.74375 34.8139 810.17
  vertex -7.21409 26.1576 801.237
  vertex -1.33285 24.398 814.013
 endloop
endfacet
facet normal -0.662824 0.535448 0.523411
 outer loop
  vertex 14.7384 34.8139 823.471
  vertex -1.33285 24.398 814.013
  vertex 9.35687 24.398 828.238
 endloop
endfacet
facet normal -0.57028 0.535448 0.622957
 outer loop
  vertex 26.7371 34.8139 834.996
  vertex 9.35687 24.398 828.238
  vertex 22.1901 24.398 840.565
 endloop
endfacet
facet normal -0.570183 0.601956 0.559053
 outer loop
  vertex 26.7371 34.8139 834.996
  vertex 14.7384 34.8139 823.471
  vertex 9.35687 24.398 828.238
 endloop
endfacet
facet normal -0.468011 0.722119 0.509421
 outer loop
  vertex 26.7371 34.8139 834.996
  vertex 32.7285 43.2067 827.657
  vertex 14.7384 34.8139 823.471
 endloop
endfacet
facet normal -0.375068 0.775562 0.507768
 outer loop
  vertex 26.7371 34.8139 834.996
  vertex 45.1659 43.2067 836.242
  vertex 32.7285 43.2067 827.657
 endloop
endfacet
facet normal -0.380233 0.722119 0.577899
 outer loop
  vertex 26.7371 34.8139 834.996
  vertex 40.4292 34.8139 844.447
  vertex 45.1659 43.2067 836.242
 endloop
endfacet
facet normal -0.778068 0.11545 0.61748
 outer loop
  vertex -6.35464 2.74764 817.188
  vertex 4.90951 2.74764 832.178
  vertex 5.99755 12.5641 831.214
 endloop
endfacet
facet normal -0.700831 0.178191 0.690713
 outer loop
  vertex 5.99755 12.5641 831.214
  vertex 4.90951 2.74764 832.178
  vertex 19.3517 12.5641 844.041
 endloop
endfacet
facet normal -0.543751 0.393071 0.741505
 outer loop
  vertex 22.1901 24.398 840.565
  vertex 19.3517 12.5641 844.041
  vertex 36.8344 24.398 850.673
 endloop
endfacet
facet normal -0.363805 0.601956 0.710841
 outer loop
  vertex 40.4292 34.8139 844.447
  vertex 36.8344 24.398 850.673
  vertex 55.4601 34.8139 851.579
 endloop
endfacet
facet normal -0.194972 0.775562 0.600408
 outer loop
  vertex 58.8194 43.2067 842.721
  vertex 55.4601 34.8139 851.579
  vertex 73.3353 43.2067 846.926
 endloop
endfacet
facet normal -0.0696479 0.8666 0.494119
 outer loop
  vertex 75.5769 49.0884 835.945
  vertex 73.3353 43.2067 846.926
  vertex 88.3376 43.2067 848.747
 endloop
endfacet
facet normal -0.0124652 0.903552 0.428296
 outer loop
  vertex 88.7889 49.0884 837.55
  vertex 88.3376 43.2067 848.747
  vertex 92.1188 49.0884 837.617
 endloop
endfacet
facet normal -0.00479061 0.960484 0.278293
 outer loop
  vertex 92.1188 52.1172 825.328
  vertex 88.7889 49.0884 837.55
  vertex 92.1188 49.0884 837.617
 endloop
endfacet
facet normal -0.00641896 0.979831 0.199726
 outer loop
  vertex 92.1188 52.1172 825.328
  vertex 89.2837 52.1172 825.271
  vertex 88.7889 49.0884 837.55
 endloop
endfacet
facet normal -0.00162839 0.999182 0.0404081
 outer loop
  vertex 92.1188 52.1172 825.328
  vertex 92.1188 52.1172 812.672
  vertex 89.2837 52.1172 825.271
 endloop
endfacet
facet normal 1.38687E-16 0.999182 -0.0404409
 outer loop
  vertex 89.2837 52.1172 825.271
  vertex 92.1188 52.1172 812.672
  vertex 89.7933 52.1172 812.625
 endloop
endfacet
facet normal -0.00866435 0.999313 0.036038
 outer loop
  vertex 83.2569 52.1192 824.751
  vertex 89.7933 52.1172 812.625
  vertex 82.2203 52.183 824.056
 endloop
endfacet
facet normal -0.00507763 0.999186 0.0400126
 outer loop
  vertex 83.2569 52.1192 824.751
  vertex 89.2837 52.1172 825.271
  vertex 89.7933 52.1172 812.625
 endloop
endfacet
facet normal -0.0119435 0.991999 0.125681
 outer loop
  vertex 83.2569 52.1192 824.751
  vertex 83.9437 51.996 825.787
  vertex 89.2837 52.1172 825.271
 endloop
endfacet
facet normal -0.012763 0.990185 0.13918
 outer loop
  vertex 89.2837 52.1172 825.271
  vertex 83.9437 51.996 825.787
  vertex 84.1806 51.8178 827
 endloop
endfacet
facet normal -0.0142906 0.987904 0.154406
 outer loop
  vertex 83.9388 51.6033 828.207
  vertex 89.2837 52.1172 825.271
  vertex 84.1806 51.8178 827
 endloop
endfacet
facet normal -0.0132513 0.975326 0.220372
 outer loop
  vertex 83.9388 51.6033 828.207
  vertex 88.7889 49.0884 837.55
  vertex 89.2837 52.1172 825.271
 endloop
endfacet
facet normal -0.0197141 0.968643 0.247675
 outer loop
  vertex 83.9388 51.6033 828.207
  vertex 83.2567 51.3861 829.231
  vertex 88.7889 49.0884 837.55
 endloop
endfacet
facet normal -0.0225063 0.965504 0.259412
 outer loop
  vertex 88.7889 49.0884 837.55
  vertex 83.2567 51.3861 829.231
  vertex 82.2303 51.2091 829.922
 endloop
endfacet
facet normal -0.0255315 0.963417 0.266788
 outer loop
  vertex 81.0077 51.1139 830.168
  vertex 88.7889 49.0884 837.55
  vertex 82.2303 51.2091 829.922
 endloop
endfacet
facet normal -0.0396041 0.949954 0.30987
 outer loop
  vertex 81.0077 51.1139 830.168
  vertex 75.5769 49.0884 835.945
  vertex 88.7889 49.0884 837.55
 endloop
endfacet
facet normal -0.0471475 0.962716 0.266372
 outer loop
  vertex 81.0077 51.1139 830.168
  vertex 79.7816 51.1259 829.925
  vertex 75.5769 49.0884 835.945
 endloop
endfacet
facet normal -0.0488894 0.963684 0.262531
 outer loop
  vertex 75.5769 49.0884 835.945
  vertex 79.7816 51.1259 829.925
  vertex 78.7488 51.2416 829.233
 endloop
endfacet
facet normal -0.668941 0.11545 0.734295
 outer loop
  vertex 4.90951 2.74764 832.178
  vertex 18.4323 2.74764 845.167
  vertex 19.3517 12.5641 844.041
 endloop
endfacet
facet normal -0.580957 0.178191 0.794189
 outer loop
  vertex 19.3517 12.5641 844.041
  vertex 18.4323 2.74764 845.167
  vertex 34.5904 12.5641 854.56
 endloop
endfacet
facet normal -0.417764 0.393071 0.819127
 outer loop
  vertex 36.8344 24.398 850.673
  vertex 34.5904 12.5641 854.56
  vertex 52.9106 24.398 858.301
 endloop
endfacet
facet normal -0.245067 0.601956 0.759994
 outer loop
  vertex 55.4601 34.8139 851.579
  vertex 52.9106 24.398 858.301
  vertex 71.4403 34.8139 856.208
 endloop
endfacet
facet normal -0.0986091 0.722119 0.684704
 outer loop
  vertex 73.3353 43.2067 846.926
  vertex 71.4403 34.8139 856.208
  vertex 87.9562 34.8139 858.213
 endloop
endfacet
facet normal -0.0177875 0.774769 0.631995
 outer loop
  vertex 88.3376 43.2067 848.747
  vertex 87.9562 34.8139 858.213
  vertex 92.1188 43.2067 848.823
 endloop
endfacet
facet normal -0.00767464 0.865979 0.500021
 outer loop
  vertex 92.1188 49.0884 837.617
  vertex 88.3376 43.2067 848.747
  vertex 92.1188 43.2067 848.823
 endloop
endfacet
facet normal -0.54249 0.11545 0.832092
 outer loop
  vertex 18.4323 2.74764 845.167
  vertex 33.8636 2.74764 855.819
  vertex 34.5904 12.5641 854.56
 endloop
endfacet
facet normal -0.446037 0.178191 0.877097
 outer loop
  vertex 34.5904 12.5641 854.56
  vertex 33.8636 2.74764 855.819
  vertex 51.3191 12.5641 862.498
 endloop
endfacet
facet normal -0.280957 0.393071 0.875533
 outer loop
  vertex 52.9106 24.398 858.301
  vertex 51.3191 12.5641 862.498
  vertex 70.0022 24.398 863.252
 endloop
endfacet
facet normal -0.121875 0.535448 0.835728
 outer loop
  vertex 71.4403 34.8139 856.208
  vertex 70.0022 24.398 863.252
  vertex 87.6667 24.398 865.397
 endloop
endfacet
facet normal -0.0220765 0.600949 0.798982
 outer loop
  vertex 87.9562 34.8139 858.213
  vertex 87.6667 24.398 865.397
  vertex 92.1188 34.8139 858.297
 endloop
endfacet
facet normal -0.0101129 0.721146 0.692709
 outer loop
  vertex 92.1188 43.2067 848.823
  vertex 87.9562 34.8139 858.213
  vertex 92.1188 34.8139 858.297
 endloop
endfacet
facet normal -0.401988 0.11545 0.908338
 outer loop
  vertex 33.8636 2.74764 855.819
  vertex 50.8037 2.74764 863.857
  vertex 51.3191 12.5641 862.498
 endloop
endfacet
facet normal -0.299565 0.178191 0.937288
 outer loop
  vertex 51.3191 12.5641 862.498
  vertex 50.8037 2.74764 863.857
  vertex 69.1045 12.5641 867.649
 endloop
endfacet
facet normal -0.138063 0.317337 0.938209
 outer loop
  vertex 70.0022 24.398 863.252
  vertex 69.1045 12.5641 867.649
  vertex 87.486 12.5641 869.881
 endloop
endfacet
facet normal -0.0250828 0.392187 0.919544
 outer loop
  vertex 87.6667 24.398 865.397
  vertex 87.486 12.5641 869.881
  vertex 92.1188 24.398 865.486
 endloop
endfacet
facet normal -0.0119636 0.534388 0.845154
 outer loop
  vertex 92.1188 34.8139 858.297
  vertex 87.6667 24.398 865.397
  vertex 92.1188 24.398 865.486
 endloop
endfacet
facet normal -0.251074 0.11545 0.961058
 outer loop
  vertex 50.8037 2.74764 863.857
  vertex 68.8137 2.74764 869.073
  vertex 69.1045 12.5641 867.649
 endloop
endfacet
facet normal -0.145334 0.178191 0.973204
 outer loop
  vertex 69.1045 12.5641 867.649
  vertex 68.8137 2.74764 869.073
  vertex 87.486 12.5641 869.881
 endloop
endfacet
facet normal -0.0936585 0.11545 0.988888
 outer loop
  vertex 87.486 12.5641 869.881
  vertex 68.8137 2.74764 869.073
  vertex 87.4274 2.74764 871.334
 endloop
endfacet
facet normal -0.0134595 0.115141 0.993258
 outer loop
  vertex 92.1188 12.5641 869.974
  vertex 87.4274 2.74764 871.334
  vertex 92.1188 2.74764 871.428
 endloop
endfacet
facet normal -0.0265457 0.177727 0.983722
 outer loop
  vertex 92.1188 12.5641 869.974
  vertex 87.486 12.5641 869.881
  vertex 87.4274 2.74764 871.334
 endloop
endfacet
facet normal -0.0131191 0.316554 0.948484
 outer loop
  vertex 92.1188 12.5641 869.974
  vertex 92.1188 24.398 865.486
  vertex 87.486 12.5641 869.881
 endloop
endfacet
facet normal 0.0016284 0.979831 -0.199822
 outer loop
  vertex 92.1188 52.1172 812.672
  vertex 92.1188 49.0884 800.383
  vertex 89.7933 52.1172 812.625
 endloop
endfacet
facet normal 0.00641902 0.960484 -0.278261
 outer loop
  vertex 89.7933 52.1172 812.625
  vertex 92.1188 49.0884 800.383
  vertex 90.2881 49.0884 800.346
 endloop
endfacet
facet normal 0.0366863 0.960705 -0.275135
 outer loop
  vertex 80.5665 52.1172 811.505
  vertex 90.2881 49.0884 800.346
  vertex 83.0245 49.0884 799.464
 endloop
endfacet
facet normal 0.080346 0.960705 -0.265687
 outer loop
  vertex 71.6389 52.1172 808.919
  vertex 83.0245 49.0884 799.464
  vertex 75.9965 49.0884 797.429
 endloop
endfacet
facet normal 0.121925 0.960705 -0.249358
 outer loop
  vertex 63.2417 52.1172 804.934
  vertex 75.9965 49.0884 797.429
  vertex 69.386 49.0884 794.292
 endloop
endfacet
facet normal 0.160346 0.960705 -0.226571
 outer loop
  vertex 55.5924 52.1172 799.654
  vertex 69.386 49.0884 794.292
  vertex 63.3643 49.0884 790.135
 endloop
endfacet
facet normal 0.194614 0.960705 -0.197916
 outer loop
  vertex 48.8892 52.1172 793.216
  vertex 63.3643 49.0884 790.135
  vertex 58.0873 49.0884 785.067
 endloop
endfacet
facet normal 0.223842 0.960705 -0.164135
 outer loop
  vertex 43.3055 52.1172 785.785
  vertex 58.0873 49.0884 785.067
  vertex 53.6917 49.0884 779.217
 endloop
endfacet
facet normal 0.3036 0.939576 -0.158189
 outer loop
  vertex 47.0799 50.4899 775.92
  vertex 53.6917 49.0884 779.217
  vertex 53.0015 48.1513 773.158
 endloop
endfacet
facet normal 0.217767 0.968106 -0.123889
 outer loop
  vertex 47.0799 50.4899 775.92
  vertex 43.3055 52.1172 785.785
  vertex 53.6917 49.0884 779.217
 endloop
endfacet
facet normal 0.180218 0.979529 -0.0896882
 outer loop
  vertex 47.0799 50.4899 775.92
  vertex 43.9769 51.3424 777.367
  vertex 43.3055 52.1172 785.785
 endloop
endfacet
facet normal 0.139907 0.987624 -0.0708829
 outer loop
  vertex 43.3055 52.1172 785.785
  vertex 43.9769 51.3424 777.367
  vertex 40.7739 51.9715 778.86
 endloop
endfacet
facet normal 0.0768617 0.996178 -0.0414914
 outer loop
  vertex 34.0404 52.5 782
  vertex 43.3055 52.1172 785.785
  vertex 40.7739 51.9715 778.86
 endloop
endfacet
facet normal -2.26233E-07 1 1.05494E-07
 outer loop
  vertex 34.0404 52.5 782
  vertex 32.6085 52.1172 792.55
  vertex 43.3055 52.1172 785.785
 endloop
endfacet
facet normal -0.0502753 0.998312 0.0290897
 outer loop
  vertex 34.0404 52.5 782
  vertex 31.4804 52.424 783.194
  vertex 32.6085 52.1172 792.55
 endloop
endfacet
facet normal -0.0986286 0.993784 0.0516359
 outer loop
  vertex 32.6085 52.1172 792.55
  vertex 31.4804 52.424 783.194
  vertex 26.4305 51.824 785.549
 endloop
endfacet
facet normal 0.00479068 0.903552 -0.428451
 outer loop
  vertex 92.1188 49.0884 800.383
  vertex 92.1188 43.2067 789.177
  vertex 90.2881 49.0884 800.346
 endloop
endfacet
facet normal 0.0124654 0.865979 -0.499924
 outer loop
  vertex 90.2881 49.0884 800.346
  vertex 92.1188 43.2067 789.177
  vertex 90.7394 43.2067 789.149
 endloop
endfacet
facet normal 0.0696479 0.8666 -0.494119
 outer loop
  vertex 83.0245 49.0884 799.464
  vertex 90.7394 43.2067 789.149
  vertex 85.2661 43.2067 788.484
 endloop
endfacet
facet normal 0.148008 0.8666 -0.476548
 outer loop
  vertex 75.9965 49.0884 797.429
  vertex 85.2661 43.2067 788.484
  vertex 79.9704 43.2067 786.95
 endloop
endfacet
facet normal 0.222535 0.8666 -0.446634
 outer loop
  vertex 69.386 49.0884 794.292
  vertex 79.9704 43.2067 786.95
  vertex 74.9893 43.2067 784.587
 endloop
endfacet
facet normal 0.291299 0.8666 -0.405153
 outer loop
  vertex 63.3643 49.0884 790.135
  vertex 74.9893 43.2067 784.587
  vertex 70.4519 43.2067 781.455
 endloop
endfacet
facet normal 0.352517 0.8666 -0.353179
 outer loop
  vertex 58.0873 49.0884 785.067
  vertex 70.4519 43.2067 781.455
  vertex 66.4756 43.2067 777.635
 endloop
endfacet
facet normal 0.404606 0.8666 -0.292058
 outer loop
  vertex 53.6917 49.0884 779.217
  vertex 66.4756 43.2067 777.635
  vertex 63.1635 43.2067 773.228
 endloop
endfacet
facet normal 0.505316 0.822116 -0.262263
 outer loop
  vertex 58.5562 44.9948 770.568
  vertex 63.1635 43.2067 773.228
  vertex 63.7417 41.0152 768.15
 endloop
endfacet
facet normal 0.417967 0.876648 -0.238312
 outer loop
  vertex 58.5562 44.9948 770.568
  vertex 53.6917 49.0884 779.217
  vertex 63.1635 43.2067 773.228
 endloop
endfacet
facet normal 0.378284 0.905338 -0.193038
 outer loop
  vertex 58.5562 44.9948 770.568
  vertex 53.1842 48.0632 773.073
  vertex 53.6917 49.0884 779.217
 endloop
endfacet
facet normal 0.342018 0.923048 -0.176084
 outer loop
  vertex 53.6917 49.0884 779.217
  vertex 53.1842 48.0632 773.073
  vertex 53.0015 48.1513 773.158
 endloop
endfacet
facet normal 0.00767479 0.774769 -0.632198
 outer loop
  vertex 92.1188 43.2067 789.177
  vertex 92.1188 34.8139 779.703
  vertex 90.7394 43.2067 789.149
 endloop
endfacet
facet normal 0.0177879 0.721146 -0.692555
 outer loop
  vertex 90.7394 43.2067 789.149
  vertex 92.1188 34.8139 779.703
  vertex 91.1208 34.8139 779.683
 endloop
endfacet
facet normal 0.0986091 0.722119 -0.684704
 outer loop
  vertex 85.2661 43.2067 788.484
  vertex 91.1208 34.8139 779.683
  vertex 87.1611 34.8139 779.202
 endloop
endfacet
facet normal 0.207166 0.722119 -0.66002
 outer loop
  vertex 79.9704 43.2067 786.95
  vertex 87.1611 34.8139 779.202
  vertex 83.3297 34.8139 778.093
 endloop
endfacet
facet normal 0.310358 0.722119 -0.618241
 outer loop
  vertex 74.9893 43.2067 784.587
  vertex 83.3297 34.8139 778.093
  vertex 79.726 34.8139 776.383
 endloop
endfacet
facet normal 0.405512 0.722119 -0.56045
 outer loop
  vertex 70.4519 43.2067 781.455
  vertex 79.726 34.8139 776.383
  vertex 76.4433 34.8139 774.117
 endloop
endfacet
facet normal 0.490163 0.722119 -0.488143
 outer loop
  vertex 66.4756 43.2067 777.635
  vertex 76.4433 34.8139 774.117
  vertex 73.5666 34.8139 771.354
 endloop
endfacet
facet normal 0.562119 0.722119 -0.403194
 outer loop
  vertex 63.1635 43.2067 773.228
  vertex 73.5666 34.8139 771.354
  vertex 71.1703 34.8139 768.165
 endloop
endfacet
facet normal 0.621784 0.712534 -0.325083
 outer loop
  vertex 63.921 40.8564 768.066
  vertex 71.1703 34.8139 768.165
  vertex 68.5351 36.1612 765.915
 endloop
endfacet
facet normal 0.563933 0.759213 -0.324922
 outer loop
  vertex 63.921 40.8564 768.066
  vertex 63.1635 43.2067 773.228
  vertex 71.1703 34.8139 768.165
 endloop
endfacet
facet normal 0.539 0.795125 -0.277949
 outer loop
  vertex 63.921 40.8564 768.066
  vertex 63.7417 41.0152 768.15
  vertex 63.1635 43.2067 773.228
 endloop
endfacet
facet normal 0.0101131 0.600949 -0.799223
 outer loop
  vertex 92.1188 34.8139 779.703
  vertex 92.1188 24.398 772.514
  vertex 91.1208 34.8139 779.683
 endloop
endfacet
facet normal 0.022077 0.534388 -0.844951
 outer loop
  vertex 91.1208 34.8139 779.683
  vertex 92.1188 24.398 772.514
  vertex 91.4103 24.398 772.499
 endloop
endfacet
facet normal 0.121875 0.535448 -0.835728
 outer loop
  vertex 87.1611 34.8139 779.202
  vertex 91.4103 24.398 772.499
  vertex 88.5992 24.398 772.158
 endloop
endfacet
facet normal 0.254357 0.535448 -0.805356
 outer loop
  vertex 83.3297 34.8139 778.093
  vertex 88.5992 24.398 772.158
  vertex 85.8792 24.398 771.37
 endloop
endfacet
facet normal 0.380251 0.535448 -0.754125
 outer loop
  vertex 79.726 34.8139 776.383
  vertex 85.8792 24.398 771.37
  vertex 83.3209 24.398 770.156
 endloop
endfacet
facet normal 0.496297 0.535448 -0.683363
 outer loop
  vertex 76.4433 34.8139 774.117
  vertex 83.3209 24.398 770.156
  vertex 80.9903 24.398 768.548
 endloop
endfacet
facet normal 0.599489 0.535448 -0.594901
 outer loop
  vertex 73.5666 34.8139 771.354
  vertex 80.9903 24.398 768.548
  vertex 78.9481 24.398 766.586
 endloop
endfacet
facet normal 0.687155 0.535448 -0.491033
 outer loop
  vertex 71.1703 34.8139 768.165
  vertex 78.9481 24.398 766.586
  vertex 77.2469 24.398 764.322
 endloop
endfacet
facet normal 0.76978 0.497001 -0.400535
 outer loop
  vertex 72.8852 30.3189 763.886
  vertex 77.2469 24.398 764.322
  vertex 76.6932 23.2681 762.111
 endloop
endfacet
facet normal 0.711299 0.57193 -0.408594
 outer loop
  vertex 72.8852 30.3189 763.886
  vertex 71.1703 34.8139 768.165
  vertex 77.2469 24.398 764.322
 endloop
endfacet
facet normal 0.691942 0.627082 -0.35775
 outer loop
  vertex 72.8852 30.3189 763.886
  vertex 70.733 33.4237 764.89
  vertex 71.1703 34.8139 768.165
 endloop
endfacet
facet normal 0.6638 0.663791 -0.344603
 outer loop
  vertex 71.1703 34.8139 768.165
  vertex 70.733 33.4237 764.89
  vertex 68.5351 36.1612 765.915
 endloop
endfacet
facet normal 0.0119639 0.392187 -0.919808
 outer loop
  vertex 92.1188 24.398 772.514
  vertex 92.1188 12.5641 768.026
  vertex 91.4103 24.398 772.499
 endloop
endfacet
facet normal 0.0250831 0.316554 -0.948243
 outer loop
  vertex 91.4103 24.398 772.499
  vertex 92.1188 12.5641 768.026
  vertex 91.591 12.5641 768.015
 endloop
endfacet
facet normal 0.138063 0.317337 -0.938209
 outer loop
  vertex 88.5992 24.398 772.158
  vertex 91.591 12.5641 768.015
  vertex 89.4969 12.5641 767.761
 endloop
endfacet
facet normal 0.286774 0.317337 -0.903912
 outer loop
  vertex 85.8792 24.398 771.37
  vertex 89.4969 12.5641 767.761
  vertex 87.4707 12.5641 767.174
 endloop
endfacet
facet normal 0.428059 0.317337 -0.846205
 outer loop
  vertex 83.3209 24.398 770.156
  vertex 87.4707 12.5641 767.174
  vertex 85.5649 12.5641 766.269
 endloop
endfacet
facet normal 0.558256 0.317337 -0.766582
 outer loop
  vertex 80.9903 24.398 768.548
  vertex 85.5649 12.5641 766.269
  vertex 83.8288 12.5641 765.071
 endloop
endfacet
facet normal 0.673995 0.317337 -0.667104
 outer loop
  vertex 78.9481 24.398 766.586
  vertex 83.8288 12.5641 765.071
  vertex 82.3074 12.5641 763.61
 endloop
endfacet
facet normal 0.772278 0.317337 -0.550349
 outer loop
  vertex 77.2469 24.398 764.322
  vertex 82.3074 12.5641 763.61
  vertex 81.0401 12.5641 761.923
 endloop
endfacet
facet normal 0.849452 0.28874 -0.441656
 outer loop
  vertex 78.6607 18.2305 761.193
  vertex 81.0401 12.5641 761.923
  vertex 79.7561 14.5563 760.682
 endloop
endfacet
facet normal 0.811539 0.352703 -0.465838
 outer loop
  vertex 78.6607 18.2305 761.193
  vertex 77.2469 24.398 764.322
  vertex 81.0401 12.5641 761.923
 endloop
endfacet
facet normal 0.806014 0.419662 -0.417402
 outer loop
  vertex 78.6607 18.2305 761.193
  vertex 76.6932 23.2681 762.111
  vertex 77.2469 24.398 764.322
 endloop
endfacet
facet normal 0.0130863 0.177727 -0.983993
 outer loop
  vertex 92.1188 12.5641 768.026
  vertex 92.1188 2.74764 766.572
  vertex 91.591 12.5641 768.015
 endloop
endfacet
facet normal 0.0265459 0.115141 -0.992994
 outer loop
  vertex 91.591 12.5641 768.015
  vertex 92.1188 2.74764 766.572
  vertex 91.6496 2.74764 766.563
 endloop
endfacet
facet normal 0.145719 0.11545 -0.982567
 outer loop
  vertex 89.4969 12.5641 767.761
  vertex 91.6496 2.74764 766.563
  vertex 89.7877 2.74764 766.336
 endloop
endfacet
facet normal 0.301447 0.11545 -0.946468
 outer loop
  vertex 87.4707 12.5641 767.174
  vertex 89.7877 2.74764 766.336
  vertex 87.9861 2.74764 765.815
 endloop
endfacet
facet normal 0.449368 0.11545 -0.885856
 outer loop
  vertex 85.5649 12.5641 766.269
  vertex 87.9861 2.74764 765.815
  vertex 86.2917 2.74764 765.011
 endloop
endfacet
facet normal 0.58565 0.11545 -0.8023
 outer loop
  vertex 83.8288 12.5641 765.071
  vertex 86.2917 2.74764 765.011
  vertex 84.7481 2.74764 763.945
 endloop
endfacet
facet normal 0.706764 0.11545 -0.697966
 outer loop
  vertex 82.3074 12.5641 763.61
  vertex 84.7481 2.74764 763.945
  vertex 83.3954 2.74764 762.646
 endloop
endfacet
facet normal 0.809573 0.11545 -0.575555
 outer loop
  vertex 81.0401 12.5641 761.923
  vertex 83.3954 2.74764 762.646
  vertex 82.2687 2.74764 761.146
 endloop
endfacet
facet normal 0.886239 0.0540431 -0.460065
 outer loop
  vertex 81.5439 3.00113 759.849
  vertex 82.2687 2.74764 761.146
  vertex 81.5564 2.74767 759.843
 endloop
endfacet
facet normal 0.861373 0.116934 -0.494332
 outer loop
  vertex 81.5439 3.00113 759.849
  vertex 81.0401 12.5641 761.923
  vertex 82.2687 2.74764 761.146
 endloop
endfacet
facet normal 0.871053 0.192495 -0.451899
 outer loop
  vertex 81.5439 3.00113 759.849
  vertex 79.7561 14.5563 760.682
  vertex 81.0401 12.5641 761.923
 endloop
endfacet
facet normal -0.783382 0.469928 0.406793
 outer loop
  vertex -7.21409 26.1576 801.237
  vertex -8.58445 23.3301 801.876
  vertex -1.33285 24.398 814.013
 endloop
endfacet
facet normal -0.805375 0.421189 0.417098
 outer loop
  vertex -1.33285 24.398 814.013
  vertex -8.58445 23.3301 801.876
  vertex -10.5178 18.414 802.778
 endloop
endfacet
facet normal -0.855622 0.265063 0.444582
 outer loop
  vertex -5.12607 12.5641 816.412
  vertex -10.5178 18.414 802.778
  vertex -12.5591 10.6084 803.73
 endloop
endfacet
facet normal -0.868727 0.205576 0.450612
 outer loop
  vertex -12.8143 9.13779 803.849
  vertex -5.12607 12.5641 816.412
  vertex -12.5591 10.6084 803.73
 endloop
endfacet
facet normal -0.856514 0.155988 0.491987
 outer loop
  vertex -12.8143 9.13779 803.849
  vertex -6.35464 2.74764 817.188
  vertex -5.12607 12.5641 816.412
 endloop
endfacet
facet normal -0.0359753 0.988469 0.147088
 outer loop
  vertex 77.8223 51.6509 827
  vertex 78.0572 51.8599 825.791
  vertex 67.1509 52.1172 820.753
 endloop
endfacet
facet normal -0.0323893 0.991263 0.127859
 outer loop
  vertex 67.1509 52.1172 820.753
  vertex 78.0572 51.8599 825.791
  vertex 78.0349 52.1172 823.905
 endloop
endfacet
facet normal -0.00580937 0.999336 0.0359819
 outer loop
  vertex 80.5665 52.1172 811.505
  vertex 78.0349 52.1172 823.905
  vertex 80.9955 52.1891 823.813
 endloop
endfacet
facet normal -0.00293784 0.999458 0.0327935
 outer loop
  vertex 82.2203 52.183 824.056
  vertex 80.5665 52.1172 811.505
  vertex 80.9955 52.1891 823.813
 endloop
endfacet
facet normal 0.0044974 0.999041 -0.0435632
 outer loop
  vertex 82.2203 52.183 824.056
  vertex 89.7933 52.1172 812.625
  vertex 80.5665 52.1172 811.505
 endloop
endfacet
facet normal 0.0145094 0.979907 -0.198924
 outer loop
  vertex 80.5665 52.1172 811.505
  vertex 89.7933 52.1172 812.625
  vertex 90.2881 49.0884 800.346
 endloop
endfacet
facet normal -0.0265345 0.990612 0.134107
 outer loop
  vertex 78.0572 51.8599 825.791
  vertex 78.7388 52.0274 824.758
  vertex 78.0349 52.1172 823.905
 endloop
endfacet
facet normal -0.0233007 0.992299 0.121655
 outer loop
  vertex 78.0349 52.1172 823.905
  vertex 78.7388 52.0274 824.758
  vertex 79.7731 52.1382 824.06
 endloop
endfacet
facet normal -0.0206777 0.993313 0.113587
 outer loop
  vertex 80.9955 52.1891 823.813
  vertex 78.0349 52.1172 823.905
  vertex 79.7731 52.1382 824.06
 endloop
endfacet
facet normal -0.750579 0.393071 0.531156
 outer loop
  vertex 9.35687 24.398 828.238
  vertex -1.33285 24.398 814.013
  vertex -5.12607 12.5641 816.412
 endloop
endfacet
facet normal -0.743481 0.317337 0.588671
 outer loop
  vertex 5.99755 12.5641 831.214
  vertex 9.35687 24.398 828.238
  vertex -5.12607 12.5641 816.412
 endloop
endfacet
facet normal -0.561166 0.761807 0.323639
 outer loop
  vertex 4.6044 41.2474 795.726
  vertex 4.74375 34.8139 810.17
  vertex 12.7506 43.2067 805.107
 endloop
endfacet
facet normal -0.516559 0.775562 0.362864
 outer loop
  vertex 12.7506 43.2067 805.107
  vertex 4.74375 34.8139 810.17
  vertex 21.8293 43.2067 817.189
 endloop
endfacet
facet normal -0.307101 0.903957 0.297576
 outer loop
  vertex 30.2176 49.0884 809.757
  vertex 21.8293 43.2067 817.189
  vertex 39.8161 49.0884 818.977
 endloop
endfacet
facet normal -0.189919 0.960705 0.202425
 outer loop
  vertex 47.588 52.1172 809.458
  vertex 30.2176 49.0884 809.757
  vertex 39.8161 49.0884 818.977
 endloop
endfacet
facet normal -0.543667 0.722119 0.42775
 outer loop
  vertex 21.8293 43.2067 817.189
  vertex 4.74375 34.8139 810.17
  vertex 14.7384 34.8139 823.471
 endloop
endfacet
facet normal -0.451662 0.775562 0.441027
 outer loop
  vertex 32.7285 43.2067 827.657
  vertex 21.8293 43.2067 817.189
  vertex 14.7384 34.8139 823.471
 endloop
endfacet
facet normal -0.338698 0.8666 0.366453
 outer loop
  vertex 32.7285 43.2067 827.657
  vertex 39.8161 49.0884 818.977
  vertex 21.8293 43.2067 817.189
 endloop
endfacet
facet normal -0.255389 0.903957 0.342985
 outer loop
  vertex 32.7285 43.2067 827.657
  vertex 50.7693 49.0884 826.537
  vertex 39.8161 49.0884 818.977
 endloop
endfacet
facet normal -0.275529 0.8666 0.416038
 outer loop
  vertex 32.7285 43.2067 827.657
  vertex 45.1659 43.2067 836.242
  vertex 50.7693 49.0884 826.537
 endloop
endfacet
facet normal -0.197063 0.903957 0.379511
 outer loop
  vertex 50.7693 49.0884 826.537
  vertex 45.1659 43.2067 836.242
  vertex 62.7933 49.0884 832.243
 endloop
endfacet
facet normal -0.116043 0.960705 0.252149
 outer loop
  vertex 67.1509 52.1172 820.753
  vertex 50.7693 49.0884 826.537
  vertex 62.7933 49.0884 832.243
 endloop
endfacet
facet normal -0.393095 0.8666 0.307376
 outer loop
  vertex 21.8293 43.2067 817.189
  vertex 30.2176 49.0884 809.757
  vertex 12.7506 43.2067 805.107
 endloop
endfacet
facet normal -0.350858 0.903957 0.24446
 outer loop
  vertex 12.7506 43.2067 805.107
  vertex 30.2176 49.0884 809.757
  vertex 22.2223 49.0884 799.117
 endloop
endfacet
facet normal -0.219931 0.960705 0.169339
 outer loop
  vertex 22.2223 49.0884 799.117
  vertex 30.2176 49.0884 809.757
  vertex 39.4158 52.1172 801.608
 endloop
endfacet
facet normal 0.0302704 0.999182 -0.0268173
 outer loop
  vertex 43.3055 52.1172 785.785
  vertex 32.6085 52.1172 792.55
  vertex 48.8892 52.1172 793.216
 endloop
endfacet
facet normal 0.153516 0.979907 -0.127335
 outer loop
  vertex 58.0873 49.0884 785.067
  vertex 43.3055 52.1172 785.785
  vertex 48.8892 52.1172 793.216
 endloop
endfacet
facet normal -0.811138 0.353873 0.465649
 outer loop
  vertex -10.5178 18.414 802.778
  vertex -5.12607 12.5641 816.412
  vertex -1.33285 24.398 814.013
 endloop
endfacet
facet normal -0.0341802 0.999182 0.0216143
 outer loop
  vertex 32.6085 52.1172 792.55
  vertex 39.4158 52.1172 801.608
  vertex 48.8892 52.1172 793.216
 endloop
endfacet
facet normal 0.0255767 0.999182 -0.0313257
 outer loop
  vertex 48.8892 52.1172 793.216
  vertex 39.4158 52.1172 801.608
  vertex 55.5924 52.1172 799.654
 endloop
endfacet
facet normal 0.131102 0.979907 -0.150312
 outer loop
  vertex 63.3643 49.0884 790.135
  vertex 48.8892 52.1172 793.216
  vertex 55.5924 52.1172 799.654
 endloop
endfacet
facet normal 0.332423 0.903957 -0.268993
 outer loop
  vertex 58.0873 49.0884 785.067
  vertex 66.4756 43.2067 777.635
  vertex 53.6917 49.0884 779.217
 endloop
endfacet
facet normal 0.492254 0.775562 -0.395209
 outer loop
  vertex 66.4756 43.2067 777.635
  vertex 73.5666 34.8139 771.354
  vertex 63.1635 43.2067 773.228
 endloop
endfacet
facet normal 0.623705 0.601956 -0.498639
 outer loop
  vertex 73.5666 34.8139 771.354
  vertex 78.9481 24.398 766.586
  vertex 71.1703 34.8139 768.165
 endloop
endfacet
facet normal 0.719009 0.393071 -0.573168
 outer loop
  vertex 78.9481 24.398 766.586
  vertex 82.3074 12.5641 763.61
  vertex 77.2469 24.398 764.322
 endloop
endfacet
facet normal 0.770153 0.178191 -0.612465
 outer loop
  vertex 82.3074 12.5641 763.61
  vertex 83.3954 2.74764 762.646
  vertex 81.0401 12.5641 761.923
 endloop
endfacet
facet normal -0.652477 0.601956 0.46035
 outer loop
  vertex 14.7384 34.8139 823.471
  vertex 4.74375 34.8139 810.17
  vertex -1.33285 24.398 814.013
 endloop
endfacet
facet normal -0.639424 0.317337 0.70031
 outer loop
  vertex 19.3517 12.5641 844.041
  vertex 22.1901 24.398 840.565
  vertex 5.99755 12.5641 831.214
 endloop
endfacet
facet normal -0.0302704 0.999182 0.0268173
 outer loop
  vertex 39.4158 52.1172 801.608
  vertex 47.588 52.1172 809.458
  vertex 55.5924 52.1172 799.654
 endloop
endfacet
facet normal 0.0202204 0.999182 -0.0350228
 outer loop
  vertex 55.5924 52.1172 799.654
  vertex 47.588 52.1172 809.458
  vertex 63.2417 52.1172 804.934
 endloop
endfacet
facet normal 0.105292 0.979907 -0.169396
 outer loop
  vertex 69.386 49.0884 794.292
  vertex 55.5924 52.1172 799.654
  vertex 63.2417 52.1172 804.934
 endloop
endfacet
facet normal 0.284969 0.903957 -0.318834
 outer loop
  vertex 63.3643 49.0884 790.135
  vertex 70.4519 43.2067 781.455
  vertex 58.0873 49.0884 785.067
 endloop
endfacet
facet normal 0.422483 0.775562 -0.469055
 outer loop
  vertex 70.4519 43.2067 781.455
  vertex 76.4433 34.8139 774.117
  vertex 66.4756 43.2067 777.635
 endloop
endfacet
facet normal 0.535641 0.601956 -0.592231
 outer loop
  vertex 76.4433 34.8139 774.117
  vertex 80.9903 24.398 768.548
  vertex 73.5666 34.8139 771.354
 endloop
endfacet
facet normal 0.617756 0.393071 -0.681083
 outer loop
  vertex 80.9903 24.398 768.548
  vertex 83.8288 12.5641 765.071
  vertex 78.9481 24.398 766.586
 endloop
endfacet
facet normal 0.661933 0.178191 -0.728075
 outer loop
  vertex 83.8288 12.5641 765.071
  vertex 84.7481 2.74764 763.945
  vertex 82.3074 12.5641 763.61
 endloop
endfacet
facet normal -0.518806 0.317337 0.793812
 outer loop
  vertex 34.5904 12.5641 854.56
  vertex 36.8344 24.398 850.673
  vertex 19.3517 12.5641 844.041
 endloop
endfacet
facet normal -0.462966 0.535448 0.70637
 outer loop
  vertex 36.8344 24.398 850.673
  vertex 40.4292 34.8139 844.447
  vertex 22.1901 24.398 840.565
 endloop
endfacet
facet normal -0.154988 0.960705 0.230269
 outer loop
  vertex 50.7693 49.0884 826.537
  vertex 56.9135 52.1172 815.895
  vertex 39.8161 49.0884 818.977
 endloop
endfacet
facet normal -0.0255766 0.999182 0.0313257
 outer loop
  vertex 47.588 52.1172 809.458
  vertex 56.9135 52.1172 815.895
  vertex 63.2417 52.1172 804.934
 endloop
endfacet
facet normal 0.0143405 0.999182 -0.0378129
 outer loop
  vertex 63.2417 52.1172 804.934
  vertex 56.9135 52.1172 815.895
  vertex 71.6389 52.1172 808.919
 endloop
endfacet
facet normal 0.0767556 0.979907 -0.184092
 outer loop
  vertex 75.9965 49.0884 797.429
  vertex 63.2417 52.1172 804.934
  vertex 71.6389 52.1172 808.919
 endloop
endfacet
facet normal 0.230134 0.903957 -0.360417
 outer loop
  vertex 69.386 49.0884 794.292
  vertex 74.9893 43.2067 784.587
  vertex 63.3643 49.0884 790.135
 endloop
endfacet
facet normal 0.34177 0.775562 -0.530751
 outer loop
  vertex 74.9893 43.2067 784.587
  vertex 79.726 34.8139 776.383
  vertex 70.4519 43.2067 781.455
 endloop
endfacet
facet normal 0.433704 0.601956 -0.670485
 outer loop
  vertex 79.726 34.8139 776.383
  vertex 83.3209 24.398 770.156
  vertex 76.4433 34.8139 774.117
 endloop
endfacet
facet normal 0.500503 0.393071 -0.771358
 outer loop
  vertex 83.3209 24.398 770.156
  vertex 85.5649 12.5641 766.269
  vertex 80.9903 24.398 768.548
 endloop
endfacet
facet normal 0.53657 0.178191 -0.824828
 outer loop
  vertex 85.5649 12.5641 766.269
  vertex 86.2917 2.74764 765.011
  vertex 83.8288 12.5641 765.071
 endloop
endfacet
facet normal -0.384751 0.317337 0.866755
 outer loop
  vertex 51.3191 12.5641 862.498
  vertex 52.9106 24.398 858.301
  vertex 34.5904 12.5641 854.56
 endloop
endfacet
facet normal -0.343661 0.535448 0.771487
 outer loop
  vertex 52.9106 24.398 858.301
  vertex 55.4601 34.8139 851.579
  vertex 36.8344 24.398 850.673
 endloop
endfacet
facet normal -0.282608 0.722119 0.631409
 outer loop
  vertex 55.4601 34.8139 851.579
  vertex 58.8194 43.2067 842.721
  vertex 40.4292 34.8139 844.447
 endloop
endfacet
facet normal -0.205224 0.8666 0.454849
 outer loop
  vertex 58.8194 43.2067 842.721
  vertex 62.7933 49.0884 832.243
  vertex 45.1659 43.2067 836.242
 endloop
endfacet
facet normal -0.0202204 0.999182 0.0350228
 outer loop
  vertex 56.9135 52.1172 815.895
  vertex 67.1509 52.1172 820.753
  vertex 71.6389 52.1172 808.919
 endloop
endfacet
facet normal 0.00808922 0.999182 -0.0396236
 outer loop
  vertex 71.6389 52.1172 808.919
  vertex 67.1509 52.1172 820.753
  vertex 80.5665 52.1172 811.505
 endloop
endfacet
facet normal 0.0462311 0.979907 -0.194021
 outer loop
  vertex 83.0245 49.0884 799.464
  vertex 71.6389 52.1172 808.919
  vertex 80.5665 52.1172 811.505
 endloop
endfacet
facet normal 0.169339 0.903957 -0.392666
 outer loop
  vertex 75.9965 49.0884 797.429
  vertex 79.9704 43.2067 786.95
  vertex 69.386 49.0884 794.292
 endloop
endfacet
facet normal 0.252206 0.775562 -0.578702
 outer loop
  vertex 79.9704 43.2067 786.95
  vertex 83.3297 34.8139 778.093
  vertex 74.9893 43.2067 784.587
 endloop
endfacet
facet normal 0.320534 0.601956 -0.731373
 outer loop
  vertex 83.3297 34.8139 778.093
  vertex 85.8792 24.398 771.37
  vertex 79.726 34.8139 776.383
 endloop
endfacet
facet normal 0.370287 0.393071 -0.841655
 outer loop
  vertex 85.8792 24.398 771.37
  vertex 87.4707 12.5641 767.174
  vertex 83.3209 24.398 770.156
 endloop
endfacet
facet normal 0.39731 0.178191 -0.900218
 outer loop
  vertex 87.4707 12.5641 767.174
  vertex 87.9861 2.74764 765.815
  vertex 85.5649 12.5641 766.269
 endloop
endfacet
facet normal -0.240731 0.317337 0.917249
 outer loop
  vertex 69.1045 12.5641 867.649
  vertex 70.0022 24.398 863.252
  vertex 51.3191 12.5641 862.498
 endloop
endfacet
facet normal -0.215455 0.535448 0.816624
 outer loop
  vertex 70.0022 24.398 863.252
  vertex 71.4403 34.8139 856.208
  vertex 52.9106 24.398 858.301
 endloop
endfacet
facet normal -0.177663 0.722119 0.668565
 outer loop
  vertex 71.4403 34.8139 856.208
  vertex 73.3353 43.2067 846.926
  vertex 55.4601 34.8139 851.579
 endloop
endfacet
facet normal -0.129603 0.8666 0.481879
 outer loop
  vertex 73.3353 43.2067 846.926
  vertex 75.5769 49.0884 835.945
  vertex 58.8194 43.2067 842.721
 endloop
endfacet
facet normal -0.0143405 0.999182 0.0378129
 outer loop
  vertex 78.0349 52.1172 823.905
  vertex 80.5665 52.1172 811.505
  vertex 67.1509 52.1172 820.753
 endloop
endfacet
facet normal 0.104158 0.903957 -0.414745
 outer loop
  vertex 83.0245 49.0884 799.464
  vertex 85.2661 43.2067 788.484
  vertex 75.9965 49.0884 797.429
 endloop
endfacet
facet normal 0.15611 0.775562 -0.611665
 outer loop
  vertex 85.2661 43.2067 788.484
  vertex 87.1611 34.8139 779.202
  vertex 79.9704 43.2067 786.95
 endloop
endfacet
facet normal 0.199063 0.601956 -0.773319
 outer loop
  vertex 87.1611 34.8139 779.202
  vertex 88.5992 24.398 772.158
  vertex 83.3297 34.8139 778.093
 endloop
endfacet
facet normal 0.230481 0.393071 -0.890154
 outer loop
  vertex 88.5992 24.398 772.158
  vertex 89.4969 12.5641 767.761
  vertex 85.8792 24.398 771.37
 endloop
endfacet
facet normal 0.247759 0.178191 -0.952294
 outer loop
  vertex 89.4969 12.5641 767.761
  vertex 89.7877 2.74764 766.336
  vertex 87.4707 12.5641 767.174
 endloop
endfacet
facet normal -0.0847052 0.393071 0.915598
 outer loop
  vertex 87.486 12.5641 869.881
  vertex 87.6667 24.398 865.397
  vertex 70.0022 24.398 863.252
 endloop
endfacet
facet normal -0.0724359 0.601956 0.795237
 outer loop
  vertex 87.6667 24.398 865.397
  vertex 87.9562 34.8139 858.213
  vertex 71.4403 34.8139 856.208
 endloop
endfacet
facet normal -0.0559701 0.775562 0.628786
 outer loop
  vertex 87.9562 34.8139 858.213
  vertex 88.3376 43.2067 848.747
  vertex 73.3353 43.2067 846.926
 endloop
endfacet
facet normal -0.0362796 0.903957 0.426082
 outer loop
  vertex 88.3376 43.2067 848.747
  vertex 88.7889 49.0884 837.55
  vertex 75.5769 49.0884 835.945
 endloop
endfacet
facet normal 0.0362796 0.903957 -0.426082
 outer loop
  vertex 90.2881 49.0884 800.346
  vertex 90.7394 43.2067 789.149
  vertex 83.0245 49.0884 799.464
 endloop
endfacet
facet normal 0.0559701 0.775562 -0.628786
 outer loop
  vertex 90.7394 43.2067 789.149
  vertex 91.1208 34.8139 779.683
  vertex 85.2661 43.2067 788.484
 endloop
endfacet
facet normal 0.0724359 0.601956 -0.795237
 outer loop
  vertex 91.1208 34.8139 779.683
  vertex 91.4103 24.398 772.499
  vertex 87.1611 34.8139 779.202
 endloop
endfacet
facet normal 0.0847052 0.393071 -0.915598
 outer loop
  vertex 91.4103 24.398 772.499
  vertex 91.591 12.5641 768.015
  vertex 88.5992 24.398 772.158
 endloop
endfacet
facet normal 0.0917924 0.178191 -0.979705
 outer loop
  vertex 91.591 12.5641 768.015
  vertex 91.6496 2.74764 766.563
  vertex 89.4969 12.5641 767.761
 endloop
endfacet
facet normal -5.55112E-17 -3.24452E-18 -1
 outer loop
  vertex 21.0771 52.1042 779
  vertex 16.7425 51.7828 779
  vertex 16.7421 51.7874 779
 endloop
endfacet
facet normal -5.55112E-17 -3.24452E-18 -1
 outer loop
  vertex 16.7421 51.7874 779
  vertex 16.7425 51.7828 779
  vertex 14.5945 51.5968 779
 endloop
endfacet
facet normal -5.55112E-17 -3.24452E-18 -1
 outer loop
  vertex 14.5939 51.6031 779
  vertex 14.5945 51.5968 779
  vertex 11.8298 51.3058 779
 endloop
endfacet
facet normal -5.55112E-17 -3.24452E-18 -1
 outer loop
  vertex 11.8288 51.3146 779
  vertex 11.8298 51.3058 779
  vertex 8.24987 50.7944 779
 endloop
endfacet
facet normal -5.55112E-17 -3.24452E-18 -1
 outer loop
  vertex 8.24787 50.8062 779
  vertex 8.24987 50.7944 779
  vertex 7.02909 50.5731 779
 endloop
endfacet
facet normal -5.55112E-17 -3.24452E-18 -1
 outer loop
  vertex 7.02663 50.5859 779
  vertex 7.02909 50.5731 779
  vertex 2.40139 49.4454 779
 endloop
endfacet
facet normal -5.55112E-17 -3.24452E-18 -1
 outer loop
  vertex 2.39676 49.4608 779
  vertex 2.40139 49.4454 779
  vertex 2.17347 49.3762 779
 endloop
endfacet
facet normal -5.55112E-17 -3.24452E-18 -1
 outer loop
  vertex 2.16872 49.3917 779
  vertex 2.17347 49.3762 779
  vertex -2.01304 47.8295 779
 endloop
endfacet
facet normal -5.55112E-17 -3.24452E-18 -1
 outer loop
  vertex -2.02009 47.8457 779
  vertex -2.01304 47.8295 779
  vertex -3.53873 47.1216 779
 endloop
endfacet
facet normal -5.55112E-17 -3.24452E-18 -1
 outer loop
  vertex -3.54656 47.1375 779
  vertex -3.53873 47.1216 779
  vertex -6.20323 45.6928 779
 endloop
endfacet
facet normal -5.55112E-17 -3.24452E-18 -1
 outer loop
  vertex -3.54656 47.1375 779
  vertex -2.02009 47.8457 779
  vertex -3.53873 47.1216 779
 endloop
endfacet
facet normal -5.55112E-17 -3.24452E-18 -1
 outer loop
  vertex -3.53873 47.1216 779
  vertex -6.19424 45.6777 779
  vertex -6.20323 45.6928 779
 endloop
endfacet
facet normal -5.55112E-17 -3.24452E-18 -1
 outer loop
  vertex -6.20323 45.6928 779
  vertex -6.19424 45.6777 779
  vertex -8.85491 43.9485 779
 endloop
endfacet
facet normal -5.55112E-17 -3.24452E-18 -1
 outer loop
  vertex -8.85491 43.9485 779
  vertex -6.19424 45.6777 779
  vertex -8.84509 43.9349 779
 endloop
endfacet
facet normal -5.55112E-17 -3.24452E-18 -1
 outer loop
  vertex -13.7344 39.777 779
  vertex -8.84509 43.9349 779
  vertex -13.7241 39.7667 779
 endloop
endfacet
facet normal -5.55112E-17 -3.24452E-18 -1
 outer loop
  vertex -13.8182 39.6719 779
  vertex -13.7344 39.777 779
  vertex -13.7241 39.7667 779
 endloop
endfacet
facet normal -5.55112E-17 -3.24452E-18 -1
 outer loop
  vertex -13.8182 39.6719 779
  vertex -13.8285 39.6821 779
  vertex -13.7344 39.777 779
 endloop
endfacet
facet normal -5.55112E-17 -3.24452E-18 -1
 outer loop
  vertex -13.8182 39.6719 779
  vertex -18.5276 34.0396 779
  vertex -13.8285 39.6821 779
 endloop
endfacet
facet normal -5.55112E-17 -3.24452E-18 -1
 outer loop
  vertex -13.8182 39.6719 779
  vertex -18.518 34.0328 779
  vertex -18.5276 34.0396 779
 endloop
endfacet
facet normal -5.55112E-17 -3.24452E-18 -1
 outer loop
  vertex -18.5276 34.0396 779
  vertex -18.518 34.0328 779
  vertex -20.3794 31.1994 779
 endloop
endfacet
facet normal -5.55112E-17 -3.24452E-18 -1
 outer loop
  vertex -20.3794 31.1994 779
  vertex -18.518 34.0328 779
  vertex -20.3703 31.1939 779
 endloop
endfacet
facet normal -5.55112E-17 -3.24452E-18 -1
 outer loop
  vertex -21.1331 29.9105 779
  vertex -20.3703 31.1939 779
  vertex -21.1242 29.9055 779
 endloop
endfacet
facet normal -5.55112E-17 -3.24452E-18 -1
 outer loop
  vertex -22.0629 28.1712 779
  vertex -21.1331 29.9105 779
  vertex -21.1242 29.9055 779
 endloop
endfacet
facet normal -5.55112E-17 -3.24452E-18 -1
 outer loop
  vertex -22.0629 28.1712 779
  vertex -22.0713 28.1756 779
  vertex -21.1331 29.9105 779
 endloop
endfacet
facet normal -5.55112E-17 -3.24452E-18 -1
 outer loop
  vertex -22.0629 28.1712 779
  vertex -23.9384 24.1712 779
  vertex -22.0713 28.1756 779
 endloop
endfacet
facet normal -5.55112E-17 -3.24452E-18 -1
 outer loop
  vertex -22.0629 28.1712 779
  vertex -23.9309 24.168 779
  vertex -23.9384 24.1712 779
 endloop
endfacet
facet normal -5.55112E-17 -3.24452E-18 -1
 outer loop
  vertex -23.9384 24.1712 779
  vertex -23.9309 24.168 779
  vertex -25.3683 20.3759 779
 endloop
endfacet
facet normal -5.55112E-17 -3.24452E-18 -1
 outer loop
  vertex -25.3683 20.3759 779
  vertex -23.9309 24.168 779
  vertex -25.3614 20.3736 779
 endloop
endfacet
facet normal -5.55112E-17 -3.24452E-18 -1
 outer loop
  vertex -25.5964 19.661 779
  vertex -25.3683 20.3759 779
  vertex -25.3614 20.3736 779
 endloop
endfacet
facet normal -5.55112E-17 -3.24452E-18 -1
 outer loop
  vertex -25.5964 19.661 779
  vertex -25.6031 19.6632 779
  vertex -25.3683 20.3759 779
 endloop
endfacet
facet normal -5.55112E-17 -3.24452E-18 -1
 outer loop
  vertex -25.5964 19.661 779
  vertex -26.7453 15.6242 779
  vertex -25.6031 19.6632 779
 endloop
endfacet
facet normal -5.55112E-17 -3.24452E-18 -1
 outer loop
  vertex -25.5964 19.661 779
  vertex -26.7398 15.6229 779
  vertex -26.7453 15.6242 779
 endloop
endfacet
facet normal -5.55112E-17 -3.24452E-18 -1
 outer loop
  vertex -26.7453 15.6242 779
  vertex -26.7398 15.6229 779
  vertex -26.8394 15.21 779
 endloop
endfacet
facet normal -5.55112E-17 -3.24452E-18 -1
 outer loop
  vertex -26.8447 15.2112 779
  vertex -26.8394 15.21 779
  vertex -27.7626 10.5071 779
 endloop
endfacet
facet normal -5.55112E-17 -3.24452E-18 -1
 outer loop
  vertex -26.8447 15.2112 779
  vertex -26.7453 15.6242 779
  vertex -26.8394 15.21 779
 endloop
endfacet
facet normal -5.55112E-17 -3.24452E-18 -1
 outer loop
  vertex -26.8394 15.21 779
  vertex -27.7588 10.5065 779
  vertex -27.7626 10.5071 779
 endloop
endfacet
facet normal -5.55112E-17 -3.24452E-18 -1
 outer loop
  vertex -27.7626 10.5071 779
  vertex -27.7588 10.5065 779
  vertex -28.2235 6.80538 779
 endloop
endfacet
facet normal -5.55112E-17 -3.24452E-18 -1
 outer loop
  vertex -28.2235 6.80538 779
  vertex -27.7588 10.5065 779
  vertex -28.2211 6.80516 779
 endloop
endfacet
facet normal -5.55112E-17 -3.24452E-18 -1
 outer loop
  vertex -28.4884 2.74764 779
  vertex -28.2235 6.80538 779
  vertex -28.2211 6.80516 779
 endloop
endfacet
facet normal -5.55112E-17 -3.24452E-18 -1
 outer loop
  vertex -21.1331 29.9105 779
  vertex -20.3794 31.1994 779
  vertex -20.3703 31.1939 779
 endloop
endfacet
facet normal -5.55112E-17 -3.24452E-18 -1
 outer loop
  vertex -13.7344 39.777 779
  vertex -8.85491 43.9485 779
  vertex -8.84509 43.9349 779
 endloop
endfacet
facet normal -5.55112E-17 -3.24452E-18 -1
 outer loop
  vertex -2.02009 47.8457 779
  vertex 2.16872 49.3917 779
  vertex -2.01304 47.8295 779
 endloop
endfacet
facet normal -5.55112E-17 -3.24452E-18 -1
 outer loop
  vertex 2.16872 49.3917 779
  vertex 2.39676 49.4608 779
  vertex 2.17347 49.3762 779
 endloop
endfacet
facet normal -5.55112E-17 -3.24452E-18 -1
 outer loop
  vertex 2.39676 49.4608 779
  vertex 7.02663 50.5859 779
  vertex 2.40139 49.4454 779
 endloop
endfacet
facet normal -5.55112E-17 -3.24452E-18 -1
 outer loop
  vertex 7.02663 50.5859 779
  vertex 8.24787 50.8062 779
  vertex 7.02909 50.5731 779
 endloop
endfacet
facet normal -5.55112E-17 -3.24452E-18 -1
 outer loop
  vertex 8.24787 50.8062 779
  vertex 11.8288 51.3146 779
  vertex 8.24987 50.7944 779
 endloop
endfacet
facet normal -5.55112E-17 -3.24452E-18 -1
 outer loop
  vertex 11.8288 51.3146 779
  vertex 14.5939 51.6031 779
  vertex 11.8298 51.3058 779
 endloop
endfacet
facet normal -5.55112E-17 -3.24452E-18 -1
 outer loop
  vertex 14.5939 51.6031 779
  vertex 16.7421 51.7874 779
  vertex 14.5945 51.5968 779
 endloop
endfacet
facet normal -0.271899 0.911587 0.30835
 outer loop
  vertex 13.2243 48.6178 785.935
  vertex 12.8693 48.959 784.5
  vertex 12.3864 49.1949 783.464
 endloop
endfacet
facet normal -0.309352 0.890761 0.332937
 outer loop
  vertex 12.6621 47.3054 790.164
  vertex 12.3864 49.1949 783.464
  vertex 7.89001 47.7281 783.65
 endloop
endfacet
facet normal -0.355965 0.838953 0.411639
 outer loop
  vertex 8.38173 45.4421 789.812
  vertex 7.89001 47.7281 783.65
  vertex 3.49756 46.0704 783.577
 endloop
endfacet
facet normal -0.436674 0.788981 0.432233
 outer loop
  vertex 4.18611 43.4234 789.249
  vertex 3.49756 46.0704 783.577
  vertex 0.0661966 41.2658 788.498
 endloop
endfacet
facet normal -0.561931 0.743808 0.361916
 outer loop
  vertex 4.59858 41.2828 795.608
  vertex 0.0661966 41.2658 788.498
  vertex -3.20371 36.1649 793.017
 endloop
endfacet
facet normal -0.627437 0.706482 0.327423
 outer loop
  vertex 4.6044 41.2474 795.726
  vertex -3.20371 36.1649 793.017
  vertex -2.34901 33.8246 798.969
 endloop
endfacet
facet normal -0.581854 0.753176 0.306875
 outer loop
  vertex 4.6044 41.2474 795.726
  vertex 4.59858 41.2828 795.608
  vertex -3.20371 36.1649 793.017
 endloop
endfacet
facet normal -0.558952 0.78674 0.261941
 outer loop
  vertex 4.6044 41.2474 795.726
  vertex 4.75941 41.3815 795.654
  vertex 4.59858 41.2828 795.608
 endloop
endfacet
facet normal -0.527967 0.797082 0.293107
 outer loop
  vertex 4.59858 41.2828 795.608
  vertex 4.75941 41.3815 795.654
  vertex 4.18611 43.4234 789.249
 endloop
endfacet
facet normal -0.509056 0.787009 0.34854
 outer loop
  vertex 0.0661966 41.2658 788.498
  vertex 4.59858 41.2828 795.608
  vertex 4.18611 43.4234 789.249
 endloop
endfacet
facet normal -0.252048 0.909677 0.330091
 outer loop
  vertex 12.8693 48.959 784.5
  vertex 13.0556 49.3931 783.414
  vertex 12.3864 49.1949 783.464
 endloop
endfacet
facet normal -0.231275 0.909873 0.344447
 outer loop
  vertex 12.3864 49.1949 783.464
  vertex 13.0556 49.3931 783.414
  vertex 13.6328 49.9056 782.426
 endloop
endfacet
facet normal -0.162287 0.893126 0.419511
 outer loop
  vertex 11.8288 51.3146 779
  vertex 13.6328 49.9056 782.426
  vertex 14.5422 50.3761 781.701
 endloop
endfacet
facet normal -0.140501 0.911377 0.386848
 outer loop
  vertex 14.5939 51.6031 779
  vertex 14.5422 50.3761 781.701
  vertex 15.6977 50.7182 781.353
 endloop
endfacet
facet normal -0.130391 0.929029 0.34627
 outer loop
  vertex 16.7421 51.7874 779
  vertex 15.6977 50.7182 781.353
  vertex 16.9323 50.8859 781.476
 endloop
endfacet
facet normal -0.132233 0.937631 0.321501
 outer loop
  vertex 17.8985 50.9053 781.969
  vertex 16.7421 51.7874 779
  vertex 16.9323 50.8859 781.476
 endloop
endfacet
facet normal -0.10184 0.944967 0.310913
 outer loop
  vertex 17.8985 50.9053 781.969
  vertex 21.0771 52.1042 779
  vertex 16.7421 51.7874 779
 endloop
endfacet
facet normal -0.126355 0.964297 0.232736
 outer loop
  vertex 17.8985 50.9053 781.969
  vertex 21.735 51.4761 782.208
  vertex 21.0771 52.1042 779
 endloop
endfacet
facet normal -0.164532 0.961959 0.218091
 outer loop
  vertex 17.8985 50.9053 781.969
  vertex 18.6409 50.8399 782.758
  vertex 21.735 51.4761 782.208
 endloop
endfacet
facet normal -0.17491 0.964579 0.197467
 outer loop
  vertex 21.735 51.4761 782.208
  vertex 18.6409 50.8399 782.758
  vertex 19.0289 50.7323 783.594
 endloop
endfacet
facet normal -0.185993 0.96532 0.183203
 outer loop
  vertex 19.159 50.5809 784.5
  vertex 21.735 51.4761 782.208
  vertex 19.0289 50.7323 783.594
 endloop
endfacet
facet normal -0.199548 0.967812 0.153363
 outer loop
  vertex 19.159 50.5809 784.5
  vertex 21.6259 50.6815 787.789
  vertex 21.735 51.4761 782.208
 endloop
endfacet
facet normal -0.228239 0.961409 0.153621
 outer loop
  vertex 19.159 50.5809 784.5
  vertex 19.0024 50.3666 785.47
  vertex 21.6259 50.6815 787.789
 endloop
endfacet
facet normal -0.241083 0.959057 0.148622
 outer loop
  vertex 21.6259 50.6815 787.789
  vertex 19.0024 50.3666 785.47
  vertex 18.5642 50.1037 786.331
 endloop
endfacet
facet normal -0.253651 0.955876 0.148197
 outer loop
  vertex 17.8953 49.7996 787.01
  vertex 21.6259 50.6815 787.789
  vertex 18.5642 50.1037 786.331
 endloop
endfacet
facet normal -0.277459 0.950003 0.143217
 outer loop
  vertex 17.8953 49.7996 787.01
  vertex 17.0476 49.0377 789.924
  vertex 21.6259 50.6815 787.789
 endloop
endfacet
facet normal -0.294101 0.941324 0.16557
 outer loop
  vertex 17.8953 49.7996 787.01
  vertex 17.0601 49.4713 787.455
  vertex 17.0476 49.0377 789.924
 endloop
endfacet
facet normal -0.305744 0.935856 0.175197
 outer loop
  vertex 17.0476 49.0377 789.924
  vertex 17.0601 49.4713 787.455
  vertex 15.6193 48.9843 787.608
 endloop
endfacet
facet normal -0.341743 0.920632 0.18881
 outer loop
  vertex 16.3132 48.7202 790.266
  vertex 15.6193 48.9843 787.608
  vertex 12.6621 47.3054 790.164
 endloop
endfacet
facet normal -0.404744 0.885708 0.227383
 outer loop
  vertex 12.6855 46.9153 791.958
  vertex 12.6621 47.3054 790.164
  vertex 8.38173 45.4421 789.812
 endloop
endfacet
facet normal -0.483823 0.822465 0.299108
 outer loop
  vertex 4.75941 41.3815 795.654
  vertex 8.38173 45.4421 789.812
  vertex 4.18611 43.4234 789.249
 endloop
endfacet
facet normal -0.464988 0.85078 0.244865
 outer loop
  vertex 4.75941 41.3815 795.654
  vertex 12.6855 46.9153 791.958
  vertex 8.38173 45.4421 789.812
 endloop
endfacet
facet normal -0.333012 0.918655 0.212545
 outer loop
  vertex 15.6193 48.9843 787.608
  vertex 14.2309 48.644 787.076
  vertex 12.6621 47.3054 790.164
 endloop
endfacet
facet normal -0.33353 0.914413 0.229359
 outer loop
  vertex 12.6621 47.3054 790.164
  vertex 14.2309 48.644 787.076
  vertex 13.658 48.5831 786.568
 endloop
endfacet
facet normal -0.329441 0.91249 0.242551
 outer loop
  vertex 13.2243 48.6178 785.935
  vertex 12.6621 47.3054 790.164
  vertex 13.658 48.5831 786.568
 endloop
endfacet
facet normal -0.309858 0.909747 0.276313
 outer loop
  vertex 13.2243 48.6178 785.935
  vertex 12.3864 49.1949 783.464
  vertex 12.6621 47.3054 790.164
 endloop
endfacet
facet normal -0.105208 0.90922 0.402804
 outer loop
  vertex 16.7421 51.7874 779
  vertex 14.5939 51.6031 779
  vertex 15.6977 50.7182 781.353
 endloop
endfacet
facet normal -0.119966 0.880862 0.457919
 outer loop
  vertex 14.5939 51.6031 779
  vertex 11.8288 51.3146 779
  vertex 14.5422 50.3761 781.701
 endloop
endfacet
facet normal -0.185354 0.889399 0.417867
 outer loop
  vertex 13.6328 49.9056 782.426
  vertex 11.8288 51.3146 779
  vertex 12.3864 49.1949 783.464
 endloop
endfacet
facet normal -0.160011 0.843344 0.512998
 outer loop
  vertex 12.3864 49.1949 783.464
  vertex 11.8288 51.3146 779
  vertex 8.24787 50.8062 779
 endloop
endfacet
facet normal -0.190716 0.794077 0.577121
 outer loop
  vertex 7.89001 47.7281 783.65
  vertex 8.24787 50.8062 779
  vertex 7.02663 50.5859 779
 endloop
endfacet
facet normal -0.229826 0.739654 0.632528
 outer loop
  vertex 3.49756 46.0704 783.577
  vertex 7.02663 50.5859 779
  vertex 2.39676 49.4608 779
 endloop
endfacet
facet normal -0.250208 0.712693 0.655336
 outer loop
  vertex 2.16872 49.3917 779
  vertex 3.49756 46.0704 783.577
  vertex 2.39676 49.4608 779
 endloop
endfacet
facet normal -0.312232 0.730672 0.607148
 outer loop
  vertex 2.16872 49.3917 779
  vertex -0.797677 44.2345 783.262
  vertex 3.49756 46.0704 783.577
 endloop
endfacet
facet normal -0.286348 0.66839 0.686484
 outer loop
  vertex 2.16872 49.3917 779
  vertex -2.02009 47.8457 779
  vertex -0.797677 44.2345 783.262
 endloop
endfacet
facet normal -0.315015 0.642678 0.698377
 outer loop
  vertex -0.797677 44.2345 783.262
  vertex -2.02009 47.8457 779
  vertex -3.54656 47.1375 779
 endloop
endfacet
facet normal -0.351962 0.601933 0.716798
 outer loop
  vertex -4.99927 42.2267 782.714
  vertex -3.54656 47.1375 779
  vertex -6.20323 45.6928 779
 endloop
endfacet
facet normal -0.382945 0.582504 0.716967
 outer loop
  vertex -8.85491 43.9485 779
  vertex -4.99927 42.2267 782.714
  vertex -6.20323 45.6928 779
 endloop
endfacet
facet normal -0.445614 0.567708 0.692197
 outer loop
  vertex -8.85491 43.9485 779
  vertex -13.1139 37.6818 780.901
  vertex -4.99927 42.2267 782.714
 endloop
endfacet
facet normal -0.461704 0.507846 0.727271
 outer loop
  vertex -8.85491 43.9485 779
  vertex -13.7344 39.777 779
  vertex -13.1139 37.6818 780.901
 endloop
endfacet
facet normal -0.494358 0.489113 0.718595
 outer loop
  vertex -13.1139 37.6818 780.901
  vertex -13.7344 39.777 779
  vertex -13.8285 39.6821 779
 endloop
endfacet
facet normal -0.531322 0.468563 0.705795
 outer loop
  vertex -18.5276 34.0396 779
  vertex -13.1139 37.6818 780.901
  vertex -13.8285 39.6821 779
 endloop
endfacet
facet normal -0.569847 0.493758 0.656869
 outer loop
  vertex -18.5276 34.0396 779
  vertex -11.8497 33.9785 785.14
  vertex -13.1139 37.6818 780.901
 endloop
endfacet
facet normal -0.62055 0.456669 0.637472
 outer loop
  vertex -18.5276 34.0396 779
  vertex -19.348 28.303 781.793
  vertex -11.8497 33.9785 785.14
 endloop
endfacet
facet normal -0.631422 0.399541 0.664585
 outer loop
  vertex -18.5276 34.0396 779
  vertex -20.3794 31.1994 779
  vertex -19.348 28.303 781.793
 endloop
endfacet
facet normal -0.651993 0.384066 0.653757
 outer loop
  vertex -19.348 28.303 781.793
  vertex -20.3794 31.1994 779
  vertex -21.1331 29.9105 779
 endloop
endfacet
facet normal -0.665858 0.372723 0.646305
 outer loop
  vertex -22.0713 28.1756 779
  vertex -19.348 28.303 781.793
  vertex -21.1331 29.9105 779
 endloop
endfacet
facet normal -0.689665 0.350757 0.633508
 outer loop
  vertex -22.0713 28.1756 779
  vertex -23.9384 24.1712 779
  vertex -19.348 28.303 781.793
 endloop
endfacet
facet normal -0.704659 0.367167 0.60716
 outer loop
  vertex -19.348 28.303 781.793
  vertex -23.9384 24.1712 779
  vertex -18.0279 24.4973 785.894
 endloop
endfacet
facet normal -0.663167 0.500409 0.556598
 outer loop
  vertex -11.8497 33.9785 785.14
  vertex -18.0279 24.4973 785.894
  vertex -10.7641 30.6032 789.825
 endloop
endfacet
facet normal -0.60887 0.642545 0.465203
 outer loop
  vertex -3.98156 38.9758 787.568
  vertex -10.7641 30.6032 789.825
  vertex -3.20371 36.1649 793.017
 endloop
endfacet
facet normal -0.551378 0.710583 0.437097
 outer loop
  vertex 0.0661966 41.2658 788.498
  vertex -3.98156 38.9758 787.568
  vertex -3.20371 36.1649 793.017
 endloop
endfacet
facet normal -0.473582 0.725756 0.498997
 outer loop
  vertex 0.0661966 41.2658 788.498
  vertex -0.797677 44.2345 783.262
  vertex -3.98156 38.9758 787.568
 endloop
endfacet
facet normal -0.410078 0.758622 0.50629
 outer loop
  vertex 0.0661966 41.2658 788.498
  vertex 3.49756 46.0704 783.577
  vertex -0.797677 44.2345 783.262
 endloop
endfacet
facet normal -0.741815 0.312775 0.593197
 outer loop
  vertex -18.0279 24.4973 785.894
  vertex -23.9384 24.1712 779
  vertex -24.8445 17.5711 780.851
 endloop
endfacet
facet normal -0.793595 0.208651 0.571552
 outer loop
  vertex -23.3566 13.4575 784.534
  vertex -24.8445 17.5711 780.851
  vertex -26.8447 15.2112 779
 endloop
endfacet
facet normal -0.805997 0.171944 0.566396
 outer loop
  vertex -27.7626 10.5071 779
  vertex -23.3566 13.4575 784.534
  vertex -26.8447 15.2112 779
 endloop
endfacet
facet normal -0.817343 0.135596 0.559967
 outer loop
  vertex -27.7626 10.5071 779
  vertex -28.2235 6.80538 779
  vertex -23.3566 13.4575 784.534
 endloop
endfacet
facet normal -0.825815 0.105001 0.55408
 outer loop
  vertex -23.3566 13.4575 784.534
  vertex -28.2235 6.80538 779
  vertex -26.1721 2.74764 782.515
 endloop
endfacet
facet normal -0.841119 0.0750479 0.535617
 outer loop
  vertex -21.8453 9.30098 788.159
  vertex -26.1721 2.74764 782.515
  vertex -21.6684 2.74764 789.617
 endloop
endfacet
facet normal -0.853227 0.0571506 0.5184
 outer loop
  vertex -20.2704 5.02786 791.625
  vertex -21.6684 2.74764 789.617
  vertex -19.4179 2.74763 793.327
 endloop
endfacet
facet normal -0.858711 0.0595373 0.50899
 outer loop
  vertex -17.3816 2.74763 796.809
  vertex -20.2704 5.02786 791.625
  vertex -19.4179 2.74763 793.327
 endloop
endfacet
facet normal -0.858225 0.130681 0.496359
 outer loop
  vertex -17.3816 2.74763 796.809
  vertex -14.3094 13.5239 798.798
  vertex -20.2704 5.02786 791.625
 endloop
endfacet
facet normal -0.869419 0.165254 0.46562
 outer loop
  vertex -17.3816 2.74763 796.809
  vertex -13.0515 9.83238 803.053
  vertex -14.3094 13.5239 798.798
 endloop
endfacet
facet normal -0.88776 0.0964746 0.450083
 outer loop
  vertex -17.3816 2.74763 796.809
  vertex -13.4755 2.74761 804.157
  vertex -13.0515 9.83238 803.053
 endloop
endfacet
facet normal -0.895357 0.13818 0.423369
 outer loop
  vertex -13.0515 9.83238 803.053
  vertex -13.4755 2.74761 804.157
  vertex -12.8143 9.13779 803.849
 endloop
endfacet
facet normal -0.887872 0.187828 0.420004
 outer loop
  vertex -12.5591 10.6084 803.73
  vertex -13.0515 9.83238 803.053
  vertex -12.8143 9.13779 803.849
 endloop
endfacet
facet normal -0.87318 0.215785 0.437028
 outer loop
  vertex -12.5591 10.6084 803.73
  vertex -14.3094 13.5239 798.798
  vertex -13.0515 9.83238 803.053
 endloop
endfacet
facet normal -0.862596 0.270761 0.427338
 outer loop
  vertex -12.5591 10.6084 803.73
  vertex -10.5178 18.414 802.778
  vertex -14.3094 13.5239 798.798
 endloop
endfacet
facet normal -0.834991 0.309894 0.454704
 outer loop
  vertex -14.3094 13.5239 798.798
  vertex -10.5178 18.414 802.778
  vertex -15.5468 17.1779 794.491
 endloop
endfacet
facet normal -0.833856 0.185201 0.519985
 outer loop
  vertex -20.2704 5.02786 791.625
  vertex -15.5468 17.1779 794.491
  vertex -21.8453 9.30098 788.159
 endloop
endfacet
facet normal -0.845155 0.0916513 0.526605
 outer loop
  vertex -21.6684 2.74764 789.617
  vertex -20.2704 5.02786 791.625
  vertex -21.8453 9.30098 788.159
 endloop
endfacet
facet normal -0.75312 0.264587 0.602332
 outer loop
  vertex -23.9384 24.1712 779
  vertex -25.3683 20.3759 779
  vertex -24.8445 17.5711 780.851
 endloop
endfacet
facet normal -0.766421 0.24576 0.593466
 outer loop
  vertex -24.8445 17.5711 780.851
  vertex -25.3683 20.3759 779
  vertex -25.6031 19.6632 779
 endloop
endfacet
facet normal -0.77793 0.225297 0.586571
 outer loop
  vertex -26.7453 15.6242 779
  vertex -24.8445 17.5711 780.851
  vertex -25.6031 19.6632 779
 endloop
endfacet
facet normal -0.788031 0.20596 0.580162
 outer loop
  vertex -26.7453 15.6242 779
  vertex -26.8447 15.2112 779
  vertex -24.8445 17.5711 780.851
 endloop
endfacet
facet normal -0.831864 0.0477136 0.552925
 outer loop
  vertex -28.2235 6.80538 779
  vertex -28.4884 2.74764 779
  vertex -26.1721 2.74764 782.515
 endloop
endfacet
facet normal -0.818271 0.379677 0.431599
 outer loop
  vertex -15.5468 17.1779 794.491
  vertex -10.5178 18.414 802.778
  vertex -8.89871 24.4132 799.954
 endloop
endfacet
facet normal -0.770948 0.492921 0.403322
 outer loop
  vertex -9.79539 27.4421 794.8
  vertex -8.89871 24.4132 799.954
  vertex -7.21409 26.1576 801.237
 endloop
endfacet
facet normal -0.728289 0.594607 0.340643
 outer loop
  vertex -2.5796 33.636 798.85
  vertex -7.21409 26.1576 801.237
  vertex -2.55886 33.5478 799.067
 endloop
endfacet
facet normal -0.694893 0.641321 0.325316
 outer loop
  vertex -2.34901 33.8246 798.969
  vertex -2.5796 33.636 798.85
  vertex -2.55886 33.5478 799.067
 endloop
endfacet
facet normal -0.670055 0.655655 0.348057
 outer loop
  vertex -2.34901 33.8246 798.969
  vertex -3.20371 36.1649 793.017
  vertex -2.5796 33.636 798.85
 endloop
endfacet
facet normal -0.685596 0.614416 0.390449
 outer loop
  vertex -2.5796 33.636 798.85
  vertex -3.20371 36.1649 793.017
  vertex -9.79539 27.4421 794.8
 endloop
endfacet
facet normal -0.740591 0.553243 0.381375
 outer loop
  vertex -7.21409 26.1576 801.237
  vertex -2.5796 33.636 798.85
  vertex -9.79539 27.4421 794.8
 endloop
endfacet
facet normal -0.818795 0.420569 0.390764
 outer loop
  vertex -10.5178 18.414 802.778
  vertex -8.58445 23.3301 801.876
  vertex -8.89871 24.4132 799.954
 endloop
endfacet
facet normal -0.796975 0.46927 0.380285
 outer loop
  vertex -8.89871 24.4132 799.954
  vertex -8.58445 23.3301 801.876
  vertex -7.21409 26.1576 801.237
 endloop
endfacet
facet normal -0.375207 0.907997 0.186444
 outer loop
  vertex 12.6855 46.9153 791.958
  vertex 16.3132 48.7202 790.266
  vertex 12.6621 47.3054 790.164
 endloop
endfacet
facet normal -0.322416 0.931396 0.168967
 outer loop
  vertex 16.3132 48.7202 790.266
  vertex 17.0476 49.0377 789.924
  vertex 15.6193 48.9843 787.608
 endloop
endfacet
facet normal -0.176852 0.9775 0.114969
 outer loop
  vertex 21.6259 50.6815 787.789
  vertex 26.4305 51.824 785.549
  vertex 21.735 51.4761 782.208
 endloop
endfacet
facet normal -0.125602 0.985813 0.111338
 outer loop
  vertex 21.735 51.4761 782.208
  vertex 26.4305 51.824 785.549
  vertex 26.6298 52.2122 781.031
 endloop
endfacet
facet normal -0.0726969 0.987562 0.139417
 outer loop
  vertex 23.0309 52.207 779.128
  vertex 26.6298 52.2122 781.031
  vertex 26.6627 52.3141 780.079
 endloop
endfacet
facet normal -0.0992792 0.98228 0.158965
 outer loop
  vertex 23.0309 52.207 779.128
  vertex 21.735 51.4761 782.208
  vertex 26.6298 52.2122 781.031
 endloop
endfacet
facet normal -0.0932267 0.973474 0.208944
 outer loop
  vertex 23.0309 52.207 779.128
  vertex 21.7048 52.1431 779.013
  vertex 21.735 51.4761 782.208
 endloop
endfacet
facet normal -0.0929886 0.969073 0.228585
 outer loop
  vertex 21.735 51.4761 782.208
  vertex 21.7048 52.1431 779.013
  vertex 21.0771 52.1042 779
 endloop
endfacet
facet normal -0.0818324 0.995919 0.038073
 outer loop
  vertex 31.4804 52.424 783.194
  vertex 31.1941 52.4162 782.925
  vertex 26.4305 51.824 785.549
 endloop
endfacet
facet normal -0.086803 0.994504 0.0585403
 outer loop
  vertex 26.4305 51.824 785.549
  vertex 31.1941 52.4162 782.925
  vertex 27.9186 52.3425 780.65
 endloop
endfacet
facet normal -0.0710348 0.993321 0.0909253
 outer loop
  vertex 26.6298 52.2122 781.031
  vertex 27.9186 52.3425 780.65
  vertex 27.5428 52.3342 780.464
 endloop
endfacet
facet normal -0.0721328 0.992363 0.100067
 outer loop
  vertex 26.6627 52.3141 780.079
  vertex 26.6298 52.2122 781.031
  vertex 27.5428 52.3342 780.464
 endloop
endfacet
facet normal -0.51702 0.574307 0.634714
 outer loop
  vertex -13.1139 37.6818 780.901
  vertex -11.8497 33.9785 785.14
  vertex -4.99927 42.2267 782.714
 endloop
endfacet
facet normal -0.521166 0.63491 0.570329
 outer loop
  vertex -4.99927 42.2267 782.714
  vertex -11.8497 33.9785 785.14
  vertex -3.98156 38.9758 787.568
 endloop
endfacet
facet normal -0.449853 0.69112 0.565673
 outer loop
  vertex -0.797677 44.2345 783.262
  vertex -4.99927 42.2267 782.714
  vertex -3.98156 38.9758 787.568
 endloop
endfacet
facet normal -0.3698 0.657896 0.656065
 outer loop
  vertex -0.797677 44.2345 783.262
  vertex -3.54656 47.1375 779
  vertex -4.99927 42.2267 782.714
 endloop
endfacet
facet normal -0.0978889 0.99176 0.0826402
 outer loop
  vertex 26.6298 52.2122 781.031
  vertex 26.4305 51.824 785.549
  vertex 27.9186 52.3425 780.65
 endloop
endfacet
facet normal -0.412863 0.825705 0.38439
 outer loop
  vertex 4.18611 43.4234 789.249
  vertex 8.38173 45.4421 789.812
  vertex 3.49756 46.0704 783.577
 endloop
endfacet
facet normal -0.369318 0.875922 0.310427
 outer loop
  vertex 8.38173 45.4421 789.812
  vertex 12.6621 47.3054 790.164
  vertex 7.89001 47.7281 783.65
 endloop
endfacet
facet normal -0.261595 0.801619 0.537563
 outer loop
  vertex 7.89001 47.7281 783.65
  vertex 7.02663 50.5859 779
  vertex 3.49756 46.0704 783.577
 endloop
endfacet
facet normal -0.226226 0.850005 0.475724
 outer loop
  vertex 7.89001 47.7281 783.65
  vertex 12.3864 49.1949 783.464
  vertex 8.24787 50.8062 779
 endloop
endfacet
facet normal -0.67621 0.583028 0.450353
 outer loop
  vertex -3.20371 36.1649 793.017
  vertex -10.7641 30.6032 789.825
  vertex -9.79539 27.4421 794.8
 endloop
endfacet
facet normal -0.724248 0.478662 0.496335
 outer loop
  vertex -9.79539 27.4421 794.8
  vertex -10.7641 30.6032 789.825
  vertex -16.776 20.8167 790.164
 endloop
endfacet
facet normal -0.804551 0.280394 0.523524
 outer loop
  vertex -15.5468 17.1779 794.491
  vertex -16.776 20.8167 790.164
  vertex -21.8453 9.30098 788.159
 endloop
endfacet
facet normal -0.770894 0.402568 0.493621
 outer loop
  vertex -15.5468 17.1779 794.491
  vertex -9.79539 27.4421 794.8
  vertex -16.776 20.8167 790.164
 endloop
endfacet
facet normal -0.780495 0.434974 0.449028
 outer loop
  vertex -15.5468 17.1779 794.491
  vertex -8.89871 24.4132 799.954
  vertex -9.79539 27.4421 794.8
 endloop
endfacet
facet normal -0.827742 0.128472 0.546204
 outer loop
  vertex -26.1721 2.74764 782.515
  vertex -21.8453 9.30098 788.159
  vertex -23.3566 13.4575 784.534
 endloop
endfacet
facet normal -0.804964 0.240696 0.542309
 outer loop
  vertex -23.3566 13.4575 784.534
  vertex -21.8453 9.30098 788.159
  vertex -16.776 20.8167 790.164
 endloop
endfacet
facet normal -0.719509 0.439456 0.53776
 outer loop
  vertex -18.0279 24.4973 785.894
  vertex -16.776 20.8167 790.164
  vertex -10.7641 30.6032 789.825
 endloop
endfacet
facet normal -0.766902 0.323846 0.554063
 outer loop
  vertex -18.0279 24.4973 785.894
  vertex -23.3566 13.4575 784.534
  vertex -16.776 20.8167 790.164
 endloop
endfacet
facet normal -0.771792 0.279649 0.571082
 outer loop
  vertex -18.0279 24.4973 785.894
  vertex -24.8445 17.5711 780.851
  vertex -23.3566 13.4575 784.534
 endloop
endfacet
facet normal -0.664133 0.451158 0.59614
 outer loop
  vertex -19.348 28.303 781.793
  vertex -18.0279 24.4973 785.894
  vertex -11.8497 33.9785 785.14
 endloop
endfacet
facet normal -0.600381 0.598969 0.529887
 outer loop
  vertex -3.98156 38.9758 787.568
  vertex -11.8497 33.9785 785.14
  vertex -10.7641 30.6032 789.825
 endloop
endfacet
facet normal -0.838701 0.221591 0.497471
 outer loop
  vertex -14.3094 13.5239 798.798
  vertex -15.5468 17.1779 794.491
  vertex -20.2704 5.02786 791.625
 endloop
endfacet
facet normal 0.992981 0.017697 0.116945
 outer loop
  vertex 12.8693 48.959 784.5
  vertex 12.9 47.2 784.5
  vertex 13.0556 49.3931 783.414
 endloop
endfacet
facet normal 0.957224 0.0178748 0.288794
 outer loop
  vertex 13.0556 49.3931 783.414
  vertex 12.9 47.2 784.5
  vertex 13.3153 47.2 782.95
 endloop
endfacet
facet normal 0.72271 0.0178667 0.690921
 outer loop
  vertex 13.6328 49.9056 782.426
  vertex 13.3153 47.2 782.95
  vertex 14.45 47.2 781.815
 endloop
endfacet
facet normal 0.329832 0.0179541 0.943869
 outer loop
  vertex 14.5422 50.3761 781.701
  vertex 14.45 47.2 781.815
  vertex 16 47.2 781.4
 endloop
endfacet
facet normal -0.0672693 0.0177017 0.997578
 outer loop
  vertex 15.6977 50.7182 781.353
  vertex 16 47.2 781.4
  vertex 16.9323 50.8859 781.476
 endloop
endfacet
facet normal 0.189912 0.0178343 0.981639
 outer loop
  vertex 15.6977 50.7182 781.353
  vertex 14.5422 50.3761 781.701
  vertex 16 47.2 781.4
 endloop
endfacet
facet normal -0.27103 0.0178607 0.962405
 outer loop
  vertex 16 47.2 781.4
  vertex 17.55 47.2 781.815
  vertex 16.9323 50.8859 781.476
 endloop
endfacet
facet normal -0.469566 0.0176315 0.882721
 outer loop
  vertex 16.9323 50.8859 781.476
  vertex 17.55 47.2 781.815
  vertex 17.8985 50.9053 781.969
 endloop
endfacet
facet normal -0.671979 0.0178984 0.740354
 outer loop
  vertex 17.8985 50.9053 781.969
  vertex 17.55 47.2 781.815
  vertex 18.6847 47.2 782.95
 endloop
endfacet
facet normal -0.893239 0.017592 0.449238
 outer loop
  vertex 18.6409 50.8399 782.758
  vertex 18.6847 47.2 782.95
  vertex 19.0289 50.7323 783.594
 endloop
endfacet
facet normal -0.779101 0.017732 0.626648
 outer loop
  vertex 18.6409 50.8399 782.758
  vertex 17.8985 50.9053 781.969
  vertex 18.6847 47.2 782.95
 endloop
endfacet
facet normal -0.96317 0.0178596 0.268298
 outer loop
  vertex 18.6847 47.2 782.95
  vertex 19.1 47.2 784.5
  vertex 19.0289 50.7323 783.594
 endloop
endfacet
facet normal -0.995183 0.0176174 0.0964424
 outer loop
  vertex 19.0289 50.7323 783.594
  vertex 19.1 47.2 784.5
  vertex 19.159 50.5809 784.5
 endloop
endfacet
facet normal 0.579215 0.0176943 0.814983
 outer loop
  vertex 14.5422 50.3761 781.701
  vertex 13.6328 49.9056 782.426
  vertex 14.45 47.2 781.815
 endloop
endfacet
facet normal 0.861614 0.0176493 0.507256
 outer loop
  vertex 13.6328 49.9056 782.426
  vertex 13.0556 49.3931 783.414
  vertex 13.3153 47.2 782.95
 endloop
endfacet
facet normal 2.70621E-18 1 3.24452E-18
 outer loop
  vertex 14.45 47.2 787.185
  vertex 17.55 47.2 787.185
  vertex 13.3153 47.2 786.05
 endloop
endfacet
facet normal 2.70621E-18 1 3.24452E-18
 outer loop
  vertex 14.45 47.2 787.185
  vertex 16 47.2 787.6
  vertex 17.55 47.2 787.185
 endloop
endfacet
facet normal 2.70621E-18 1 3.24452E-18
 outer loop
  vertex 17.55 47.2 787.185
  vertex 18.6847 47.2 786.05
  vertex 13.3153 47.2 786.05
 endloop
endfacet
facet normal 2.70621E-18 1 3.24452E-18
 outer loop
  vertex 13.3153 47.2 786.05
  vertex 18.6847 47.2 786.05
  vertex 12.9 47.2 784.5
 endloop
endfacet
facet normal 2.70621E-18 1 3.24452E-18
 outer loop
  vertex 12.9 47.2 784.5
  vertex 18.6847 47.2 786.05
  vertex 19.1 47.2 784.5
 endloop
endfacet
facet normal 2.70621E-18 1 3.24452E-18
 outer loop
  vertex 13.3153 47.2 782.95
  vertex 19.1 47.2 784.5
  vertex 18.6847 47.2 782.95
 endloop
endfacet
facet normal 2.70621E-18 1 3.24452E-18
 outer loop
  vertex 14.45 47.2 781.815
  vertex 18.6847 47.2 782.95
  vertex 17.55 47.2 781.815
 endloop
endfacet
facet normal 2.70621E-18 1 3.24452E-18
 outer loop
  vertex 16 47.2 781.4
  vertex 14.45 47.2 781.815
  vertex 17.55 47.2 781.815
 endloop
endfacet
facet normal 2.70621E-18 1 3.24452E-18
 outer loop
  vertex 14.45 47.2 781.815
  vertex 13.3153 47.2 782.95
  vertex 18.6847 47.2 782.95
 endloop
endfacet
facet normal 2.70621E-18 1 3.24452E-18
 outer loop
  vertex 13.3153 47.2 782.95
  vertex 12.9 47.2 784.5
  vertex 19.1 47.2 784.5
 endloop
endfacet
facet normal -0.833305 0.0430695 0.551133
 outer loop
  vertex -28.4884 2.74764 779
  vertex -28.6488 1.70581E-15 779
  vertex -26.1721 2.74764 782.515
 endloop
endfacet
facet normal -0.839673 0.0468061 0.541072
 outer loop
  vertex -26.1721 2.74764 782.515
  vertex -28.6488 1.70581E-15 779
  vertex -21.6684 2.74764 789.617
 endloop
endfacet
facet normal -0.846596 0.0558332 0.5293
 outer loop
  vertex -21.6684 2.74764 789.617
  vertex -28.6488 1.70581E-15 779
  vertex -19.362 1.83153E-15 793.701
 endloop
endfacet
facet normal -0.861119 0.0504001 0.505899
 outer loop
  vertex -19.4179 2.74763 793.327
  vertex -19.362 1.83153E-15 793.701
  vertex -17.3816 2.74763 796.809
 endloop
endfacet
facet normal -0.855656 0.047893 0.515323
 outer loop
  vertex -19.4179 2.74763 793.327
  vertex -21.6684 2.74764 789.617
  vertex -19.362 1.83153E-15 793.701
 endloop
endfacet
facet normal -0.867134 0.0538747 0.495153
 outer loop
  vertex -19.362 1.83153E-15 793.701
  vertex -15.9457 1.63933E-15 799.665
  vertex -17.3816 2.74763 796.809
 endloop
endfacet
facet normal -0.88321 0.0515121 0.46614
 outer loop
  vertex -17.3816 2.74763 796.809
  vertex -15.9457 1.63933E-15 799.665
  vertex -13.4755 2.74761 804.157
 endloop
endfacet
facet normal -0.895785 0.0530795 0.441307
 outer loop
  vertex -13.4755 2.74761 804.157
  vertex -15.9457 1.63933E-15 799.665
  vertex -13.606 1.38092E-15 804.218
 endloop
endfacet
facet normal 0.991513 -0.0177506 -0.128793
 outer loop
  vertex 77.8223 -51.6509 827
  vertex 77.9 -47.2 827
  vertex 78.0642 -51.4308 828.206
 endloop
endfacet
facet normal 0.953571 -0.0178908 -0.300638
 outer loop
  vertex 78.0642 -51.4308 828.206
  vertex 77.9 -47.2 827
  vertex 78.3153 -47.2 828.55
 endloop
endfacet
facet normal 0.707884 -0.017858 -0.706103
 outer loop
  vertex 78.7498 -51.2414 829.234
  vertex 78.3153 -47.2 828.55
  vertex 79.45 -47.2 829.685
 endloop
endfacet
facet normal 0.301985 -0.017893 -0.953145
 outer loop
  vertex 79.784 -51.1258 829.926
  vertex 79.45 -47.2 829.685
  vertex 81 -47.2 830.1
 endloop
endfacet
facet normal -0.132505 -0.0177618 -0.991023
 outer loop
  vertex 81.009 -51.1139 830.168
  vertex 81 -47.2 830.1
  vertex 82.2294 -51.209 829.922
 endloop
endfacet
facet normal 0.129196 -0.0177593 -0.99146
 outer loop
  vertex 81.009 -51.1139 830.168
  vertex 79.784 -51.1258 829.926
  vertex 81 -47.2 830.1
 endloop
endfacet
facet normal -0.303404 -0.0178954 -0.952694
 outer loop
  vertex 81 -47.2 830.1
  vertex 82.55 -47.2 829.685
  vertex 82.2294 -51.209 829.922
 endloop
endfacet
facet normal -0.54001 -0.0176884 -0.841473
 outer loop
  vertex 82.2294 -51.209 829.922
  vertex 82.55 -47.2 829.685
  vertex 83.2555 -51.3858 829.232
 endloop
endfacet
facet normal -0.708269 -0.017858 -0.705716
 outer loop
  vertex 83.2555 -51.3858 829.232
  vertex 82.55 -47.2 829.685
  vertex 83.6847 -47.2 828.55
 endloop
endfacet
facet normal -0.953546 -0.0178909 -0.300716
 outer loop
  vertex 83.9383 -51.6031 828.208
  vertex 83.6847 -47.2 828.55
  vertex 84.1 -47.2 827
 endloop
endfacet
facet normal -0.991502 -0.017751 -0.128871
 outer loop
  vertex 84.1806 -51.8178 827
  vertex 83.9383 -51.6031 828.208
  vertex 84.1 -47.2 827
 endloop
endfacet
facet normal -0.84483 -0.0176833 -0.534742
 outer loop
  vertex 83.9383 -51.6031 828.208
  vertex 83.2555 -51.3858 829.232
  vertex 83.6847 -47.2 828.55
 endloop
endfacet
facet normal 0.538339 -0.0176908 -0.842543
 outer loop
  vertex 79.784 -51.1258 829.926
  vertex 78.7498 -51.2414 829.234
  vertex 79.45 -47.2 829.685
 endloop
endfacet
facet normal 0.844591 -0.0176856 -0.535121
 outer loop
  vertex 78.7498 -51.2414 829.234
  vertex 78.0642 -51.4308 828.206
  vertex 78.3153 -47.2 828.55
 endloop
endfacet
facet normal -0.013406 -0.0523454 0.998539
 outer loop
  vertex 92.1188 -2.74764 871.428
  vertex 92.1188 -1.61133E-14 871.572
  vertex 87.4274 -2.74764 871.334
 endloop
endfacet
facet normal -0.0878937 -0.0525859 0.994741
 outer loop
  vertex 87.4274 -2.74764 871.334
  vertex 92.1188 -1.61133E-14 871.572
  vertex 66.1606 -1.06758E-14 868.647
 endloop
endfacet
facet normal -0.25935 -0.0524683 0.964357
 outer loop
  vertex 68.8137 -2.74764 869.073
  vertex 66.1606 -1.06758E-14 868.647
  vertex 50.8037 -2.74764 863.857
 endloop
endfacet
facet normal -0.154577 -0.0525115 0.986584
 outer loop
  vertex 68.8137 -2.74764 869.073
  vertex 87.4274 -2.74764 871.334
  vertex 66.1606 -1.06758E-14 868.647
 endloop
endfacet
facet normal -0.337981 -0.0525596 0.939684
 outer loop
  vertex 66.1606 -1.06758E-14 868.647
  vertex 41.5041 -1.17142E-14 860.019
  vertex 50.8037 -2.74764 863.857
 endloop
endfacet
facet normal -0.429837 -0.0524492 0.901382
 outer loop
  vertex 50.8037 -2.74764 863.857
  vertex 41.5041 -1.17142E-14 860.019
  vertex 33.8636 -2.74764 855.819
 endloop
endfacet
facet normal -0.520672 -0.0525638 0.852137
 outer loop
  vertex 33.8636 -2.74764 855.819
  vertex 41.5041 -1.17142E-14 860.019
  vertex 19.3856 -1.27802E-14 846.121
 endloop
endfacet
facet normal -0.669305 -0.0524984 0.741131
 outer loop
  vertex 18.4323 -2.74764 845.167
  vertex 19.3856 -1.27802E-14 846.121
  vertex 4.90951 -2.74764 832.178
 endloop
endfacet
facet normal -0.586083 -0.0524768 0.80855
 outer loop
  vertex 18.4323 -2.74764 845.167
  vertex 33.8636 -2.74764 855.819
  vertex 19.3856 -1.27802E-14 846.121
 endloop
endfacet
facet normal -0.720264 -0.052577 0.691705
 outer loop
  vertex 19.3856 -1.27802E-14 846.121
  vertex 0.914297 -1.38203E-14 827.65
  vertex 4.90951 -2.74764 832.178
 endloop
endfacet
facet normal -0.792541 -0.0524538 0.607558
 outer loop
  vertex 4.90951 -2.74764 832.178
  vertex 0.914297 -1.38203E-14 827.65
  vertex -6.35464 -2.74764 817.188
 endloop
endfacet
facet normal -0.845044 -0.0525557 0.532107
 outer loop
  vertex -6.35464 -2.74764 817.188
  vertex 0.914297 -1.38203E-14 827.65
  vertex -12.9836 2.57843E-15 805.531
 endloop
endfacet
facet normal -0.882461 -0.0524128 0.467457
 outer loop
  vertex -12.853 -2.74764 805.47
  vertex -6.35464 -2.74764 817.188
  vertex -12.9836 2.57843E-15 805.531
 endloop
endfacet
facet normal 1.98458E-15 -0.11512 -0.993352
 outer loop
  vertex 92.1188 -2.74764 766.572
  vertex 96 -2.74764 766.572
  vertex 92.1188 -12.5641 768.026
 endloop
endfacet
facet normal 1.94577E-15 -0.226032 -0.97412
 outer loop
  vertex 92.1188 -12.5641 768.026
  vertex 96 -2.74764 766.572
  vertex 96 -19.9497 770.438
 endloop
endfacet
facet normal 1.72133E-15 -0.5083 -0.86118
 outer loop
  vertex 92.1188 -24.398 772.514
  vertex 96 -19.9497 770.438
  vertex 96 -34.9018 779.781
 endloop
endfacet
facet normal 1.38537E-15 -0.721599 -0.692311
 outer loop
  vertex 92.1188 -34.8139 779.703
  vertex 96 -34.9018 779.781
  vertex 92.1188 -43.2067 789.177
 endloop
endfacet
facet normal 1.59793E-15 -0.60148 -0.798888
 outer loop
  vertex 92.1188 -34.8139 779.703
  vertex 92.1188 -24.398 772.514
  vertex 96 -34.9018 779.781
 endloop
endfacet
facet normal 1.21321E-15 -0.795436 -0.606038
 outer loop
  vertex 96 -34.9018 779.781
  vertex 96 -45.9175 793.547
  vertex 92.1188 -43.2067 789.177
 endloop
endfacet
facet normal 9.45273E-16 -0.881877 -0.471479
 outer loop
  vertex 92.1188 -43.2067 789.177
  vertex 96 -45.9175 793.547
  vertex 92.1188 -49.0884 800.383
 endloop
endfacet
facet normal 6.82172E-16 -0.940783 -0.339009
 outer loop
  vertex 92.1188 -49.0884 800.383
  vertex 96 -45.9175 793.547
  vertex 96 -51.7546 810.184
 endloop
endfacet
facet normal 8.6128E-17 -0.999174 -0.040629
 outer loop
  vertex 92.1188 -52.1172 812.672
  vertex 96 -51.7546 810.184
  vertex 96 -51.7546 827.816
 endloop
endfacet
facet normal -4.27277E-16 -0.976498 0.215527
 outer loop
  vertex 92.1188 -52.1172 825.328
  vertex 96 -51.7546 827.816
  vertex 92.1188 -49.0884 837.617
 endloop
endfacet
facet normal -1.09249E-16 -0.998407 0.0564241
 outer loop
  vertex 92.1188 -52.1172 825.328
  vertex 92.1188 -52.1172 812.672
  vertex 96 -51.7546 827.816
 endloop
endfacet
facet normal -6.7448E-16 -0.940783 0.339009
 outer loop
  vertex 96 -51.7546 827.816
  vertex 96 -45.9175 844.453
  vertex 92.1188 -49.0884 837.617
 endloop
endfacet
facet normal -9.39444E-16 -0.881877 0.471479
 outer loop
  vertex 92.1188 -49.0884 837.617
  vertex 96 -45.9175 844.453
  vertex 92.1188 -43.2067 848.823
 endloop
endfacet
facet normal -1.20865E-15 -0.795436 0.606038
 outer loop
  vertex 92.1188 -43.2067 848.823
  vertex 96 -45.9175 844.453
  vertex 96 -34.9018 858.219
 endloop
endfacet
facet normal -1.5944E-15 -0.60148 0.798888
 outer loop
  vertex 92.1188 -34.8139 858.297
  vertex 96 -34.9018 858.219
  vertex 92.1188 -24.398 865.486
 endloop
endfacet
facet normal -1.381E-15 -0.721599 0.692311
 outer loop
  vertex 92.1188 -34.8139 858.297
  vertex 92.1188 -43.2067 848.823
  vertex 96 -34.9018 858.219
 endloop
endfacet
facet normal -1.72004E-15 -0.5083 0.86118
 outer loop
  vertex 96 -34.9018 858.219
  vertex 96 -19.9497 867.562
  vertex 92.1188 -24.398 865.486
 endloop
endfacet
facet normal -1.86153E-15 -0.36314 0.931735
 outer loop
  vertex 92.1188 -24.398 865.486
  vertex 96 -19.9497 867.562
  vertex 92.1188 -12.5641 869.974
 endloop
endfacet
facet normal -1.94672E-15 -0.226032 0.97412
 outer loop
  vertex 92.1188 -12.5641 869.974
  vertex 96 -19.9497 867.562
  vertex 96 -2.74764 871.428
 endloop
endfacet
facet normal -1.98471E-15 -0.11512 0.993352
 outer loop
  vertex 92.1188 -2.74764 871.428
  vertex 92.1188 -12.5641 869.974
  vertex 96 -2.74764 871.428
 endloop
endfacet
facet normal 4.35523E-16 -0.976498 -0.215527
 outer loop
  vertex 92.1188 -52.1172 812.672
  vertex 92.1188 -49.0884 800.383
  vertex 96 -51.7546 810.184
 endloop
endfacet
facet normal 1.86249E-15 -0.36314 -0.931735
 outer loop
  vertex 92.1188 -24.398 772.514
  vertex 92.1188 -12.5641 768.026
  vertex 96 -19.9497 770.438
 endloop
endfacet
facet normal 0.013406 -0.0523454 -0.998539
 outer loop
  vertex 92.1188 -2.74764 766.572
  vertex 91.6496 -2.74764 766.563
  vertex 92.1188 -6.10026E-15 766.428
 endloop
endfacet
facet normal 0.0802902 -0.0525341 -0.995386
 outer loop
  vertex 92.1188 -6.10026E-15 766.428
  vertex 91.6496 -2.74764 766.563
  vertex 89.7877 -2.74764 766.336
 endloop
endfacet
facet normal 0.308505 -0.0525029 -0.949773
 outer loop
  vertex 87.8691 -5.67116E-15 765.615
  vertex 89.7877 -2.74764 766.336
  vertex 87.9861 -2.74764 765.815
 endloop
endfacet
facet normal 0.408449 -0.0524735 -0.911272
 outer loop
  vertex 86.2917 -2.74764 765.011
  vertex 87.8691 -5.67116E-15 765.615
  vertex 87.9861 -2.74764 765.815
 endloop
endfacet
facet normal 0.524092 -0.0529747 -0.850013
 outer loop
  vertex 86.2917 -2.74764 765.011
  vertex 84.2199 -5.84772E-15 763.29
  vertex 87.8691 -5.67116E-15 765.615
 endloop
endfacet
facet normal 0.608267 -0.052584 -0.791989
 outer loop
  vertex 86.2917 -2.74764 765.011
  vertex 84.7481 -2.74764 763.945
  vertex 84.2199 -5.84772E-15 763.29
 endloop
endfacet
facet normal 0.689614 -0.0524495 -0.722275
 outer loop
  vertex 84.2199 -5.84772E-15 763.29
  vertex 84.7481 -2.74764 763.945
  vertex 83.3954 -2.74764 762.646
 endloop
endfacet
facet normal 0.763025 -0.0526177 -0.644224
 outer loop
  vertex 82.2687 -2.74764 761.146
  vertex 84.2199 -5.84772E-15 763.29
  vertex 83.3954 -2.74764 762.646
 endloop
endfacet
facet normal 0.821543 -0.0529859 -0.567679
 outer loop
  vertex 82.2687 -2.74764 761.146
  vertex 81.6869 -6.04164E-15 759.782
  vertex 84.2199 -5.84772E-15 763.29
 endloop
endfacet
facet normal 0.886318 -0.0524304 -0.4601
 outer loop
  vertex 82.2687 -2.74764 761.146
  vertex 81.5564 -2.74766 759.843
  vertex 81.6869 -6.04164E-15 759.782
 endloop
endfacet
facet normal 0.191759 -0.0529644 -0.980012
 outer loop
  vertex 87.8691 -5.67116E-15 765.615
  vertex 92.1188 -6.10026E-15 766.428
  vertex 89.7877 -2.74764 766.336
 endloop
endfacet
facet normal -0.900334 -0.0523361 0.432041
 outer loop
  vertex -12.9836 2.57843E-15 805.531
  vertex -13.1929 2.57644E-15 805.094
  vertex -12.853 -2.74764 805.47
 endloop
endfacet
facet normal -0.902121 -0.0523367 0.428298
 outer loop
  vertex -12.853 -2.74764 805.47
  vertex -13.1929 2.57644E-15 805.094
  vertex -13.4755 -2.74761 804.157
 endloop
endfacet
facet normal -0.903305 -0.0523363 0.425794
 outer loop
  vertex -13.4755 -2.74761 804.157
  vertex -13.1929 2.57644E-15 805.094
  vertex -13.4003 2.57446E-15 804.657
 endloop
endfacet
facet normal -0.904481 -0.0523361 0.423292
 outer loop
  vertex -13.606 1.38092E-15 804.218
  vertex -13.4755 -2.74761 804.157
  vertex -13.4003 2.57446E-15 804.657
 endloop
endfacet
facet normal 0.91319 -0.0795642 -0.399693
 outer loop
  vertex 78.2385 -2.74765 752.254
  vertex 81.5564 -2.74766 759.843
  vertex 79.6658 -7.04487 756.641
 endloop
endfacet
facet normal 0.902321 -0.178147 -0.39253
 outer loop
  vertex 77.4516 -10.8788 753.054
  vertex 79.6658 -7.04487 756.641
  vertex 80.6582 -10.5108 760.262
 endloop
endfacet
facet normal 0.87654 -0.264664 -0.402033
 outer loop
  vertex 78.4158 -16.3131 759.042
  vertex 80.6582 -10.5108 760.262
  vertex 79.6821 -14.8361 760.717
 endloop
endfacet
facet normal 0.863297 -0.313416 -0.395586
 outer loop
  vertex 78.6639 -18.2209 761.192
  vertex 78.4158 -16.3131 759.042
  vertex 79.6821 -14.8361 760.717
 endloop
endfacet
facet normal 0.845032 -0.368852 -0.387129
 outer loop
  vertex 78.6639 -18.2209 761.192
  vertex 76.6016 -23.4713 762.153
  vertex 78.4158 -16.3131 759.042
 endloop
endfacet
facet normal 0.832397 -0.425231 -0.355379
 outer loop
  vertex 78.4158 -16.3131 759.042
  vertex 76.6016 -23.4713 762.153
  vertex 72.0776 -27.3555 756.903
 endloop
endfacet
facet normal 0.88128 -0.363431 -0.302098
 outer loop
  vertex 75.1154 -14.6254 749.428
  vertex 72.0776 -27.3555 756.903
  vertex 72.7346 -18.34 745.786
 endloop
endfacet
facet normal 0.93116 -0.21951 -0.291128
 outer loop
  vertex 74.2328 -9.24962 743.467
  vertex 72.7346 -18.34 745.786
  vertex 72.3683 -13.3343 739.997
 endloop
endfacet
facet normal 0.956286 -0.152218 -0.249694
 outer loop
  vertex 71.4727 -7.94913 734.032
  vertex 72.3683 -13.3343 739.997
  vertex 68.5945 -16.7282 727.375
 endloop
endfacet
facet normal 0.972531 -0.0771176 -0.21963
 outer loop
  vertex 70.2813 -2.74763 728.441
  vertex 68.5945 -16.7282 727.375
  vertex 67.0839 -6.15914 715.538
 endloop
endfacet
facet normal 0.978509 -0.0301215 -0.203991
 outer loop
  vertex 67.6788 -2.74762 717.753
  vertex 67.0839 -6.15914 715.538
  vertex 66.4352 -2.74762 711.802
 endloop
endfacet
facet normal 0.973606 -0.034448 -0.22562
 outer loop
  vertex 67.6788 -2.74762 717.753
  vertex 70.2813 -2.74763 728.441
  vertex 67.0839 -6.15914 715.538
 endloop
endfacet
facet normal 0.906383 -0.0837363 -0.414075
 outer loop
  vertex 81.5564 -2.74766 759.843
  vertex 81.5204 -3.42356 759.86
  vertex 79.6658 -7.04487 756.641
 endloop
endfacet
facet normal 0.901572 -0.133048 -0.411664
 outer loop
  vertex 79.6658 -7.04487 756.641
  vertex 81.5204 -3.42356 759.86
  vertex 80.6582 -10.5108 760.262
 endloop
endfacet
facet normal 0.786648 -0.521072 -0.331163
 outer loop
  vertex 72.0776 -27.3555 756.903
  vertex 76.6016 -23.4713 762.153
  vertex 71.2327 -31.4931 762.29
 endloop
endfacet
facet normal 0.725173 -0.624411 -0.290232
 outer loop
  vertex 67.4294 -34.1881 758.175
  vertex 71.2327 -31.4931 762.29
  vertex 70.7139 -33.4492 764.899
 endloop
endfacet
facet normal 0.670323 -0.681746 -0.29307
 outer loop
  vertex 65.7432 -37.7227 763.283
  vertex 70.7139 -33.4492 764.899
  vertex 68.4405 -36.2707 765.959
 endloop
endfacet
facet normal 0.625916 -0.730836 -0.272226
 outer loop
  vertex 63.6541 -41.0923 768.191
  vertex 65.7432 -37.7227 763.283
  vertex 68.4405 -36.2707 765.959
 endloop
endfacet
facet normal 0.598805 -0.770808 -0.217459
 outer loop
  vertex 63.6541 -41.0923 768.191
  vertex 59.1633 -43.1708 763.913
  vertex 65.7432 -37.7227 763.283
 endloop
endfacet
facet normal 0.535772 -0.818627 -0.206875
 outer loop
  vertex 63.6541 -41.0923 768.191
  vertex 58.4793 -45.0458 770.604
  vertex 59.1633 -43.1708 763.913
 endloop
endfacet
facet normal 0.502771 -0.847089 -0.172223
 outer loop
  vertex 59.1633 -43.1708 763.913
  vertex 58.4793 -45.0458 770.604
  vertex 56.2385 -45.8177 768.609
 endloop
endfacet
facet normal 0.444556 -0.890298 -0.0986934
 outer loop
  vertex 51.6642 -47.96 764.239
  vertex 56.2385 -45.8177 768.609
  vertex 52.9238 -48.185 773.175
 endloop
endfacet
facet normal 0.365025 -0.924623 -0.10876
 outer loop
  vertex 47.6294 -49.8113 768.566
  vertex 52.9238 -48.185 773.175
  vertex 52.8997 -48.2 773.206
 endloop
endfacet
facet normal 0.327552 -0.940359 -0.0918426
 outer loop
  vertex 47.0343 -50.5042 775.941
  vertex 47.6294 -49.8113 768.566
  vertex 52.8997 -48.2 773.206
 endloop
endfacet
facet normal 0.288777 -0.956625 -0.0384118
 outer loop
  vertex 47.0343 -50.5042 775.941
  vertex 43.069 -51.2859 772.718
  vertex 47.6294 -49.8113 768.566
 endloop
endfacet
facet normal 0.206925 -0.976422 -0.0615071
 outer loop
  vertex 47.0343 -50.5042 775.941
  vertex 40.749 -51.9755 778.872
  vertex 43.069 -51.2859 772.718
 endloop
endfacet
facet normal 0.164772 -0.986102 -0.0212889
 outer loop
  vertex 43.069 -51.2859 772.718
  vertex 40.749 -51.9755 778.872
  vertex 37.8288 -52.2731 776.644
 endloop
endfacet
facet normal 0.200609 -0.960165 0.194524
 outer loop
  vertex 38.1946 -53.2132 768.248
  vertex 37.8288 -52.2731 776.644
  vertex 32.1461 -53.6211 771.906
 endloop
endfacet
facet normal 0.271375 -0.855435 0.441119
 outer loop
  vertex 36.5989 -54.78 766.292
  vertex 32.1461 -53.6211 771.906
  vertex 30.2398 -54.9653 769.847
 endloop
endfacet
facet normal 0.315527 -0.692481 0.648778
 outer loop
  vertex 29.2786 -56.9869 768.103
  vertex 30.2398 -54.9653 769.847
  vertex 28.1706 -56.0934 769.413
 endloop
endfacet
facet normal 0.342053 -0.601258 0.722141
 outer loop
  vertex 27.8817 -56.9534 768.795
  vertex 29.2786 -56.9869 768.103
  vertex 28.1706 -56.0934 769.413
 endloop
endfacet
facet normal 0.364332 -0.524009 0.769855
 outer loop
  vertex 27.8817 -56.9534 768.795
  vertex 27.6364 -57.9499 768.266
  vertex 29.2786 -56.9869 768.103
 endloop
endfacet
facet normal 0.393513 -0.433525 0.810681
 outer loop
  vertex 29.2786 -56.9869 768.103
  vertex 27.6364 -57.9499 768.266
  vertex 29.3171 -59.7249 766.69
 endloop
endfacet
facet normal 0.466392 -0.383261 0.797239
 outer loop
  vertex 35.7695 -56.896 764.592
  vertex 29.3171 -59.7249 766.69
  vertex 35.72 -59.571 763.15
 endloop
endfacet
facet normal 0.559896 -0.393072 0.729391
 outer loop
  vertex 41.5215 -56.2755 760.835
  vertex 35.72 -59.571 763.15
  vertex 41.3664 -58.8749 759.358
 endloop
endfacet
facet normal 0.65365 -0.39344 0.646488
 outer loop
  vertex 46.5004 -55.1009 756.822
  vertex 41.3664 -58.8749 759.358
  vertex 46.2734 -57.6488 755.321
 endloop
endfacet
facet normal 0.786646 -0.333429 0.519628
 outer loop
  vertex 54.5256 -51.3666 748.153
  vertex 46.2734 -57.6488 755.321
  vertex 54.1775 -56.5382 745.187
 endloop
endfacet
facet normal 0.861326 -0.18746 0.472204
 outer loop
  vertex 57.2802 -54.0188 740.551
  vertex 54.1775 -56.5382 745.187
  vertex 54.6798 -62.3192 742.504
 endloop
endfacet
facet normal 0.881586 -0.0557068 0.468724
 outer loop
  vertex 58.2477 -65.5543 735.171
  vertex 54.6798 -62.3192 742.504
  vertex 55.7211 -68.4866 739.999
 endloop
endfacet
facet normal 0.871681 -0.019692 0.489678
 outer loop
  vertex 55.8198 -69 739.799
  vertex 55.7211 -68.4866 739.999
  vertex 55.2092 -69 740.881
 endloop
endfacet
facet normal 0.887886 -0.0280607 0.459207
 outer loop
  vertex 55.8198 -69 739.799
  vertex 58.2477 -65.5543 735.171
  vertex 55.7211 -68.4866 739.999
 endloop
endfacet
facet normal 0.904079 -0.0265651 0.426539
 outer loop
  vertex 55.8198 -69 739.799
  vertex 58.7633 -69 733.725
  vertex 58.2477 -65.5543 735.171
 endloop
endfacet
facet normal 0.926867 -0.0396615 0.37329
 outer loop
  vertex 58.2477 -65.5543 735.171
  vertex 58.7633 -69 733.725
  vertex 60.3791 -62.3388 730.212
 endloop
endfacet
facet normal 0.922161 -0.164243 0.350204
 outer loop
  vertex 57.2802 -54.0188 740.551
  vertex 60.3791 -62.3388 730.212
  vertex 59.8856 -51.1431 735.749
 endloop
endfacet
facet normal 0.905417 -0.298041 0.30231
 outer loop
  vertex 57.7119 -48.9072 743.545
  vertex 59.8856 -51.1431 735.749
  vertex 60.3764 -46.0738 738.762
 endloop
endfacet
facet normal 0.885295 -0.418065 0.20365
 outer loop
  vertex 58.9788 -44.3942 746.816
  vertex 60.3764 -46.0738 738.762
  vertex 61.5337 -41.4823 741.997
 endloop
endfacet
facet normal 0.899958 -0.427347 0.0863141
 outer loop
  vertex 63.3827 -37.3865 745.462
  vertex 61.5337 -41.4823 741.997
  vertex 63.565 -38.195 737.005
 endloop
endfacet
facet normal 0.939522 -0.3411 0.0308066
 outer loop
  vertex 65.1824 -33.9332 740.393
  vertex 63.565 -38.195 737.005
  vertex 65.0406 -34.5094 731.828
 endloop
endfacet
facet normal 0.970582 -0.236455 -0.045393
 outer loop
  vertex 66.4549 -30.1021 735.148
  vertex 65.0406 -34.5094 731.828
  vertex 66.2594 -25.8966 720.898
 endloop
endfacet
facet normal 0.983114 -0.106792 -0.148598
 outer loop
  vertex 68.5945 -16.7282 727.375
  vertex 66.2594 -25.8966 720.898
  vertex 65.5064 -15.8705 709.313
 endloop
endfacet
facet normal 0.984812 -0.0330211 -0.170456
 outer loop
  vertex 67.0839 -6.15914 715.538
  vertex 65.5064 -15.8705 709.313
  vertex 64.1008 -6.59809 698.97
 endloop
endfacet
facet normal 0.985565 -0.0194555 -0.168177
 outer loop
  vertex 66.4352 -2.74762 711.802
  vertex 64.1008 -6.59809 698.97
  vertex 64.1664 -2.74759 698.939
 endloop
endfacet
facet normal 0.982552 -0.027258 -0.18398
 outer loop
  vertex 66.4352 -2.74762 711.802
  vertex 67.0839 -6.15914 715.538
  vertex 64.1008 -6.59809 698.97
 endloop
endfacet
facet normal 0.431838 -0.88359 -0.181067
 outer loop
  vertex 56.2385 -45.8177 768.609
  vertex 58.4793 -45.0458 770.604
  vertex 52.9238 -48.185 773.175
 endloop
endfacet
facet normal 0.395961 -0.899702 -0.183715
 outer loop
  vertex 52.9238 -48.185 773.175
  vertex 58.4793 -45.0458 770.604
  vertex 52.8997 -48.2 773.206
 endloop
endfacet
facet normal 0.0830745 -0.996362 -0.0189951
 outer loop
  vertex 40.749 -51.9755 778.872
  vertex 34.0404 -52.5001 782
  vertex 37.8288 -52.2731 776.644
 endloop
endfacet
facet normal 0.0436087 -0.999015 0.00818008
 outer loop
  vertex 37.8288 -52.2731 776.644
  vertex 34.0404 -52.5001 782
  vertex 33.374 -52.5171 780.57
 endloop
endfacet
facet normal 0.0494881 -0.998545 0.0214394
 outer loop
  vertex 32.9035 -52.5535 779.561
  vertex 37.8288 -52.2731 776.644
  vertex 33.374 -52.5171 780.57
 endloop
endfacet
facet normal 0.0718162 -0.995011 0.0692517
 outer loop
  vertex 32.9035 -52.5535 779.561
  vertex 30.892 -53.0446 775.248
  vertex 37.8288 -52.2731 776.644
 endloop
endfacet
facet normal 0.124242 -0.981068 0.148558
 outer loop
  vertex 37.8288 -52.2731 776.644
  vertex 30.892 -53.0446 775.248
  vertex 32.1461 -53.6211 771.906
 endloop
endfacet
facet normal 0.126963 -0.962286 0.240597
 outer loop
  vertex 32.1461 -53.6211 771.906
  vertex 30.892 -53.0446 775.248
  vertex 29.8911 -53.6328 773.102
 endloop
endfacet
facet normal 0.146828 -0.947817 0.282992
 outer loop
  vertex 29.8201 -53.6889 772.949
  vertex 32.1461 -53.6211 771.906
  vertex 29.8911 -53.6328 773.102
 endloop
endfacet
facet normal 0.17722 -0.920609 0.347954
 outer loop
  vertex 29.8201 -53.6889 772.949
  vertex 28.9027 -54.6832 770.983
  vertex 32.1461 -53.6211 771.906
 endloop
endfacet
facet normal 0.219426 -0.879504 0.422286
 outer loop
  vertex 32.1461 -53.6211 771.906
  vertex 28.9027 -54.6832 770.983
  vertex 30.2398 -54.9653 769.847
 endloop
endfacet
facet normal 0.240059 -0.832665 0.49904
 outer loop
  vertex 30.2398 -54.9653 769.847
  vertex 28.9027 -54.6832 770.983
  vertex 28.7308 -54.946 770.615
 endloop
endfacet
facet normal 0.271895 -0.777242 0.567422
 outer loop
  vertex 28.1706 -56.0934 769.413
  vertex 30.2398 -54.9653 769.847
  vertex 28.7308 -54.946 770.615
 endloop
endfacet
facet normal 0.40541 -0.34081 0.848229
 outer loop
  vertex 27.6364 -57.9499 768.266
  vertex 27.3521 -59.673 767.658
  vertex 29.3171 -59.7249 766.69
 endloop
endfacet
facet normal 0.419307 -0.232235 0.877638
 outer loop
  vertex 29.3171 -59.7249 766.69
  vertex 27.3521 -59.673 767.658
  vertex 27.0879 -62.8362 767.089
 endloop
endfacet
facet normal 0.435031 -0.118261 0.892615
 outer loop
  vertex 30.1468 -63.0301 765.54
  vertex 27.0879 -62.8362 767.089
  vertex 27.0811 -62.9693 767.075
 endloop
endfacet
facet normal 0.436455 -0.0836679 0.895827
 outer loop
  vertex 26.9433 -68.9999 766.78
  vertex 30.1468 -63.0301 765.54
  vertex 27.0811 -62.9693 767.075
 endloop
endfacet
facet normal 0.465748 -0.0500563 0.8835
 outer loop
  vertex 26.9433 -68.9999 766.78
  vertex 32.3283 -69 763.948
  vertex 30.1468 -63.0301 765.54
 endloop
endfacet
facet normal 0.508706 -0.0938557 0.855809
 outer loop
  vertex 30.1468 -63.0301 765.54
  vertex 32.3283 -69 763.948
  vertex 36.3042 -62.7003 761.919
 endloop
endfacet
facet normal 0.556374 -0.266566 0.787014
 outer loop
  vertex 35.72 -59.571 763.15
  vertex 36.3042 -62.7003 761.919
  vertex 41.3664 -58.8749 759.358
 endloop
endfacet
facet normal 0.510459 -0.19283 0.838003
 outer loop
  vertex 35.72 -59.571 763.15
  vertex 30.1468 -63.0301 765.54
  vertex 36.3042 -62.7003 761.919
 endloop
endfacet
facet normal 0.469922 -0.238823 0.849786
 outer loop
  vertex 35.72 -59.571 763.15
  vertex 29.3171 -59.7249 766.69
  vertex 30.1468 -63.0301 765.54
 endloop
endfacet
facet normal 0.439505 -0.175093 0.88101
 outer loop
  vertex 30.1468 -63.0301 765.54
  vertex 29.3171 -59.7249 766.69
  vertex 27.0879 -62.8362 767.089
 endloop
endfacet
facet normal 0.554129 -0.0603218 0.830243
 outer loop
  vertex 32.3283 -69 763.948
  vertex 38.2621 -69 759.995
  vertex 36.3042 -62.7003 761.919
 endloop
endfacet
facet normal 0.602295 -0.060876 0.795949
 outer loop
  vertex 36.3042 -62.7003 761.919
  vertex 38.2621 -69 759.995
  vertex 41.5046 -69 757.392
 endloop
endfacet
facet normal 0.657107 -0.0776377 0.749789
 outer loop
  vertex 41.7068 -61.8294 758.046
  vertex 41.5046 -69 757.392
  vertex 43.3671 -68.4404 755.747
 endloop
endfacet
facet normal 0.715554 -0.0986563 0.691556
 outer loop
  vertex 46.4359 -60.4758 753.95
  vertex 43.3671 -68.4404 755.747
  vertex 47.629 -66.7519 751.496
 endloop
endfacet
facet normal 0.817843 -0.129833 0.560603
 outer loop
  vertex 54.1775 -56.5382 745.187
  vertex 47.629 -66.7519 751.496
  vertex 54.6798 -62.3192 742.504
 endloop
endfacet
facet normal 0.770854 -0.168907 0.614211
 outer loop
  vertex 54.1775 -56.5382 745.187
  vertex 46.4359 -60.4758 753.95
  vertex 47.629 -66.7519 751.496
 endloop
endfacet
facet normal 0.750879 -0.266803 0.60415
 outer loop
  vertex 54.1775 -56.5382 745.187
  vertex 46.2734 -57.6488 755.321
  vertex 46.4359 -60.4758 753.95
 endloop
endfacet
facet normal 0.681165 -0.250909 0.687793
 outer loop
  vertex 46.4359 -60.4758 753.95
  vertex 46.2734 -57.6488 755.321
  vertex 41.7068 -61.8294 758.046
 endloop
endfacet
facet normal 0.678379 -0.144451 0.720372
 outer loop
  vertex 43.3671 -68.4404 755.747
  vertex 46.4359 -60.4758 753.95
  vertex 41.7068 -61.8294 758.046
 endloop
endfacet
facet normal 0.671276 -0.0207088 0.740918
 outer loop
  vertex 41.5046 -69 757.392
  vertex 43.5361 -69 755.573
  vertex 43.3671 -68.4404 755.747
 endloop
endfacet
facet normal 0.703454 -0.0321445 0.710013
 outer loop
  vertex 43.3671 -68.4404 755.747
  vertex 43.5361 -69 755.573
  vertex 47.629 -66.7519 751.496
 endloop
endfacet
facet normal 0.728996 -0.0298918 0.683865
 outer loop
  vertex 47.629 -66.7519 751.496
  vertex 43.5361 -69 755.573
  vertex 48.2048 -69 750.722
 endloop
endfacet
facet normal 0.792657 -0.0299123 0.608934
 outer loop
  vertex 55.2092 -69 740.881
  vertex 47.629 -66.7519 751.496
  vertex 48.2048 -69 750.722
 endloop
endfacet
facet normal 0.82587 -0.0573041 0.560942
 outer loop
  vertex 55.2092 -69 740.881
  vertex 54.6798 -62.3192 742.504
  vertex 47.629 -66.7519 751.496
 endloop
endfacet
facet normal 0.865232 -0.0472994 0.499135
 outer loop
  vertex 55.2092 -69 740.881
  vertex 55.7211 -68.4866 739.999
  vertex 54.6798 -62.3192 742.504
 endloop
endfacet
facet normal 0.942483 -0.0313005 0.332784
 outer loop
  vertex 58.7633 -69 733.725
  vertex 61.095 -69 727.217
  vertex 60.3791 -62.3388 730.212
 endloop
endfacet
facet normal 0.958309 -0.046215 0.28197
 outer loop
  vertex 60.3791 -62.3388 730.212
  vertex 61.095 -69 727.217
  vertex 62.0934 -58.8243 725.114
 endloop
endfacet
facet normal 0.963298 -0.138783 0.229773
 outer loop
  vertex 59.8856 -51.1431 735.749
  vertex 62.0934 -58.8243 725.114
  vertex 63.5362 -44.2732 725.627
 endloop
endfacet
facet normal 0.949425 -0.270519 0.159407
 outer loop
  vertex 60.3764 -46.0738 738.762
  vertex 63.5362 -44.2732 725.627
  vertex 63.565 -38.195 737.005
 endloop
endfacet
facet normal 0.916918 -0.363794 0.164059
 outer loop
  vertex 61.5337 -41.4823 741.997
  vertex 60.3764 -46.0738 738.762
  vertex 63.565 -38.195 737.005
 endloop
endfacet
facet normal 0.971951 -0.0332422 0.232824
 outer loop
  vertex 61.095 -69 727.217
  vertex 62.7556 -69 720.233
  vertex 62.0934 -58.8243 725.114
 endloop
endfacet
facet normal 0.985702 -0.0348573 0.164853
 outer loop
  vertex 62.0934 -58.8243 725.114
  vertex 62.7556 -69 720.233
  vertex 63.5993 -66.0026 714.246
 endloop
endfacet
facet normal 0.996739 -0.0350947 0.0726647
 outer loop
  vertex 63.3542 -54.9848 719.865
  vertex 63.5993 -66.0026 714.246
  vertex 63.9112 -61.4829 708.682
 endloop
endfacet
facet normal 0.99938 -0.029787 -0.0187702
 outer loop
  vertex 64.1152 -50.787 714.451
  vertex 63.9112 -61.4829 708.682
  vertex 63.6991 -56.5877 702.944
 endloop
endfacet
facet normal 0.995189 -0.0228446 -0.0952721
 outer loop
  vertex 64.3347 -46.2012 708.856
  vertex 63.6991 -56.5877 702.944
  vertex 63.3025 -53.3995 699.342
 endloop
endfacet
facet normal 0.993426 -0.022424 -0.11226
 outer loop
  vertex 63.5687 -37.7991 699.218
  vertex 64.3347 -46.2012 708.856
  vertex 63.3025 -53.3995 699.342
 endloop
endfacet
facet normal 0.996698 -0.0386681 -0.0713955
 outer loop
  vertex 63.5687 -37.7991 699.218
  vertex 64.9641 -35.8103 714.766
  vertex 64.3347 -46.2012 708.856
 endloop
endfacet
facet normal 0.993338 -0.0343382 -0.110005
 outer loop
  vertex 63.5687 -37.7991 699.218
  vertex 63.6565 -32.6506 699.177
  vertex 64.9641 -35.8103 714.766
 endloop
endfacet
facet normal 0.993979 -0.0354727 -0.103667
 outer loop
  vertex 64.9641 -35.8103 714.766
  vertex 63.6565 -32.6506 699.177
  vertex 64.3608 -25.8914 703.231
 endloop
endfacet
facet normal 0.989931 -0.0623877 -0.127064
 outer loop
  vertex 66.2594 -25.8966 720.898
  vertex 64.3608 -25.8914 703.231
  vertex 65.5064 -15.8705 709.313
 endloop
endfacet
facet normal 0.993832 -0.071362 -0.0848858
 outer loop
  vertex 66.2594 -25.8966 720.898
  vertex 64.9641 -35.8103 714.766
  vertex 64.3608 -25.8914 703.231
 endloop
endfacet
facet normal 0.987575 -0.153443 -0.0339255
 outer loop
  vertex 66.2594 -25.8966 720.898
  vertex 65.0406 -34.5094 731.828
  vertex 64.9641 -35.8103 714.766
 endloop
endfacet
facet normal 0.986213 -0.159805 0.0429618
 outer loop
  vertex 64.9641 -35.8103 714.766
  vertex 65.0406 -34.5094 731.828
  vertex 63.5362 -44.2732 725.627
 endloop
endfacet
facet normal 0.99036 -0.0831031 0.110818
 outer loop
  vertex 64.1152 -50.787 714.451
  vertex 63.5362 -44.2732 725.627
  vertex 63.3542 -54.9848 719.865
 endloop
endfacet
facet normal 0.997087 -0.0428841 0.0630715
 outer loop
  vertex 63.9112 -61.4829 708.682
  vertex 64.1152 -50.787 714.451
  vertex 63.3542 -54.9848 719.865
 endloop
endfacet
facet normal 0.990843 -0.0200803 0.133515
 outer loop
  vertex 62.7556 -69 720.233
  vertex 63.102 -69 718.088
  vertex 63.5993 -66.0026 714.246
 endloop
endfacet
facet normal 0.995359 -0.0201197 0.0941052
 outer loop
  vertex 63.5993 -66.0026 714.246
  vertex 63.102 -69 718.088
  vertex 63.6454 -69 712.702
 endloop
endfacet
facet normal 0.998713 -0.0201091 0.0465604
 outer loop
  vertex 63.753 -69 709
  vertex 63.5993 -66.0026 714.246
  vertex 63.6454 -69 712.702
 endloop
endfacet
facet normal 0.99947 -0.0217284 0.0242552
 outer loop
  vertex 63.753 -69 709
  vertex 63.9112 -61.4829 708.682
  vertex 63.5993 -66.0026 714.246
 endloop
endfacet
facet normal 0.999448 -0.0201121 -0.0264506
 outer loop
  vertex 63.753 -69 709
  vertex 63.5942 -69 704.504
  vertex 63.9112 -61.4829 708.682
 endloop
endfacet
facet normal 0.996896 -0.0199496 -0.0761618
 outer loop
  vertex 63.9112 -61.4829 708.682
  vertex 63.5942 -69 704.504
  vertex 63.1463 -62.5527 699.415
 endloop
endfacet
facet normal 0.990967 -0.0184987 -0.132824
 outer loop
  vertex 63.6991 -56.5877 702.944
  vertex 63.1463 -62.5527 699.415
  vertex 63.3025 -53.3995 699.342
 endloop
endfacet
facet normal 0.996079 -0.0203579 -0.0860917
 outer loop
  vertex 63.6991 -56.5877 702.944
  vertex 63.9112 -61.4829 708.682
  vertex 63.1463 -62.5527 699.415
 endloop
endfacet
facet normal 0.992256 -0.0180832 -0.122883
 outer loop
  vertex 63.5942 -69 704.504
  vertex 63.0362 -69 699.467
  vertex 63.1463 -62.5527 699.415
 endloop
endfacet
facet normal 0.989174 -0.0192062 -0.145484
 outer loop
  vertex 63.6565 -32.6506 699.177
  vertex 63.8348 -22.1986 699.094
  vertex 64.3608 -25.8914 703.231
 endloop
endfacet
facet normal 0.988913 -0.0264911 -0.146117
 outer loop
  vertex 64.3608 -25.8914 703.231
  vertex 63.8348 -22.1986 699.094
  vertex 65.5064 -15.8705 709.313
 endloop
endfacet
facet normal 0.987778 -0.0253522 -0.153793
 outer loop
  vertex 65.5064 -15.8705 709.313
  vertex 63.8348 -22.1986 699.094
  vertex 64.1008 -6.59809 698.97
 endloop
endfacet
facet normal 0.965056 -0.0975317 -0.243217
 outer loop
  vertex 68.5945 -16.7282 727.375
  vertex 70.2813 -2.74763 728.441
  vertex 71.4727 -7.94913 734.032
 endloop
endfacet
facet normal 0.962097 -0.0583568 -0.26639
 outer loop
  vertex 71.4727 -7.94913 734.032
  vertex 70.2813 -2.74763 728.441
  vertex 70.7722 -2.74764 730.244
 endloop
endfacet
facet normal 0.956177 -0.0445213 -0.289383
 outer loop
  vertex 72.8282 -3.49966 737.333
  vertex 70.7722 -2.74764 730.244
  vertex 73.0381 -2.74764 737.877
 endloop
endfacet
facet normal 0.944484 -0.0805357 -0.318534
 outer loop
  vertex 74.2328 -9.24962 743.467
  vertex 73.0381 -2.74764 737.877
  vertex 75.2653 -2.74765 744.485
 endloop
endfacet
facet normal 0.935844 -0.0623916 -0.346847
 outer loop
  vertex 75.9747 -5.0771 746.896
  vertex 75.2653 -2.74765 744.485
  vertex 76.842 -2.74765 748.736
 endloop
endfacet
facet normal 0.930409 -0.0637222 -0.360941
 outer loop
  vertex 78.2385 -2.74765 752.254
  vertex 75.9747 -5.0771 746.896
  vertex 76.842 -2.74765 748.736
 endloop
endfacet
facet normal 0.92449 -0.113793 -0.363827
 outer loop
  vertex 78.2385 -2.74765 752.254
  vertex 77.4516 -10.8788 753.054
  vertex 75.9747 -5.0771 746.896
 endloop
endfacet
facet normal 0.915418 -0.129105 -0.381238
 outer loop
  vertex 78.2385 -2.74765 752.254
  vertex 79.6658 -7.04487 756.641
  vertex 77.4516 -10.8788 753.054
 endloop
endfacet
facet normal 0.867515 -0.481256 0.12574
 outer loop
  vertex 61.5337 -41.4823 741.997
  vertex 63.3827 -37.3865 745.462
  vertex 58.9788 -44.3942 746.816
 endloop
endfacet
facet normal 0.835984 -0.541202 0.0907215
 outer loop
  vertex 58.9788 -44.3942 746.816
  vertex 63.3827 -37.3865 745.462
  vertex 61.103 -40.4957 750.372
 endloop
endfacet
facet normal 0.764567 -0.633843 0.116962
 outer loop
  vertex 55.9229 -46.9471 751.468
  vertex 61.103 -40.4957 750.372
  vertex 58.3823 -43.2888 755.136
 endloop
endfacet
facet normal 0.669746 -0.742564 -0.00626047
 outer loop
  vertex 55.2383 -45.7786 759.759
  vertex 58.3823 -43.2888 755.136
  vertex 61.743 -40.2766 759.103
 endloop
endfacet
facet normal 0.634705 -0.753805 -0.170082
 outer loop
  vertex 59.1633 -43.1708 763.913
  vertex 61.743 -40.2766 759.103
  vertex 65.7432 -37.7227 763.283
 endloop
endfacet
facet normal 0.622363 -0.779484 -0.0711926
 outer loop
  vertex 59.1633 -43.1708 763.913
  vertex 55.2383 -45.7786 759.759
  vertex 61.743 -40.2766 759.103
 endloop
endfacet
facet normal 0.564614 -0.825108 -0.0201795
 outer loop
  vertex 59.1633 -43.1708 763.913
  vertex 51.6642 -47.96 764.239
  vertex 55.2383 -45.7786 759.759
 endloop
endfacet
facet normal 0.515079 -0.85244 -0.0896665
 outer loop
  vertex 59.1633 -43.1708 763.913
  vertex 56.2385 -45.8177 768.609
  vertex 51.6642 -47.96 764.239
 endloop
endfacet
facet normal 0.606248 -0.785577 0.123822
 outer loop
  vertex 55.2383 -45.7786 759.759
  vertex 51.6642 -47.96 764.239
  vertex 52.3637 -49.1393 755.953
 endloop
endfacet
facet normal 0.762076 -0.563194 0.319458
 outer loop
  vertex 55.9229 -46.9471 751.468
  vertex 52.3637 -49.1393 755.953
  vertex 54.5256 -51.3666 748.153
 endloop
endfacet
facet normal 0.858913 -0.336589 0.385975
 outer loop
  vertex 57.7119 -48.9072 743.545
  vertex 54.5256 -51.3666 748.153
  vertex 57.2802 -54.0188 740.551
 endloop
endfacet
facet normal 0.896288 -0.267683 0.353572
 outer loop
  vertex 59.8856 -51.1431 735.749
  vertex 57.7119 -48.9072 743.545
  vertex 57.2802 -54.0188 740.551
 endloop
endfacet
facet normal 0.488969 -0.86414 0.119046
 outer loop
  vertex 51.6642 -47.96 764.239
  vertex 47.6294 -49.8113 768.566
  vertex 48.2657 -50.9452 760.259
 endloop
endfacet
facet normal 0.62871 -0.693265 0.352288
 outer loop
  vertex 52.3637 -49.1393 755.953
  vertex 48.2657 -50.9452 760.259
  vertex 47.1616 -52.8644 758.467
 endloop
endfacet
facet normal 0.615777 -0.555438 0.558844
 outer loop
  vertex 46.5004 -55.1009 756.822
  vertex 47.1616 -52.8644 758.467
  vertex 41.5215 -56.2755 760.835
 endloop
endfacet
facet normal 0.609861 -0.453816 0.649708
 outer loop
  vertex 41.3664 -58.8749 759.358
  vertex 46.5004 -55.1009 756.822
  vertex 41.5215 -56.2755 760.835
 endloop
endfacet
facet normal 0.761887 -0.583509 -0.281152
 outer loop
  vertex 71.2327 -31.4931 762.29
  vertex 67.4294 -34.1881 758.175
  vertex 72.0776 -27.3555 756.903
 endloop
endfacet
facet normal 0.787522 -0.564804 -0.246586
 outer loop
  vertex 72.0776 -27.3555 756.903
  vertex 67.4294 -34.1881 758.175
  vertex 68.8081 -30.4331 752.966
 endloop
endfacet
facet normal 0.846802 -0.511476 -0.146006
 outer loop
  vertex 67.3073 -30.0352 743.949
  vertex 68.8081 -30.4331 752.966
  vertex 65.8538 -33.7367 749.134
 endloop
endfacet
facet normal 0.832882 -0.553294 -0.0131341
 outer loop
  vertex 63.3827 -37.3865 745.462
  vertex 65.8538 -33.7367 749.134
  vertex 61.103 -40.4957 750.372
 endloop
endfacet
facet normal 0.86372 -0.499402 -0.0677196
 outer loop
  vertex 63.3827 -37.3865 745.462
  vertex 67.3073 -30.0352 743.949
  vertex 65.8538 -33.7367 749.134
 endloop
endfacet
facet normal 0.890217 -0.453976 -0.037675
 outer loop
  vertex 63.3827 -37.3865 745.462
  vertex 65.1824 -33.9332 740.393
  vertex 67.3073 -30.0352 743.949
 endloop
endfacet
facet normal 0.906174 -0.421768 0.0309981
 outer loop
  vertex 63.3827 -37.3865 745.462
  vertex 63.565 -38.195 737.005
  vertex 65.1824 -33.9332 740.393
 endloop
endfacet
facet normal 0.752151 -0.563777 -0.341211
 outer loop
  vertex 70.7139 -33.4492 764.899
  vertex 71.2327 -31.4931 762.29
  vertex 76.6016 -23.4713 762.153
 endloop
endfacet
facet normal 0.358621 -0.92721 0.10804
 outer loop
  vertex 47.6294 -49.8113 768.566
  vertex 43.069 -51.2859 772.718
  vertex 43.5635 -52.3181 764.364
 endloop
endfacet
facet normal 0.55006 -0.751644 0.363957
 outer loop
  vertex 48.2657 -50.9452 760.259
  vertex 43.5635 -52.3181 764.364
  vertex 47.1616 -52.8644 758.467
 endloop
endfacet
facet normal 0.470486 -0.85556 0.216008
 outer loop
  vertex 48.2657 -50.9452 760.259
  vertex 47.6294 -49.8113 768.566
  vertex 43.5635 -52.3181 764.364
 endloop
endfacet
facet normal 0.284588 -0.884882 0.368772
 outer loop
  vertex 32.1461 -53.6211 771.906
  vertex 36.5989 -54.78 766.292
  vertex 38.1946 -53.2132 768.248
 endloop
endfacet
facet normal 0.394976 -0.803945 0.444596
 outer loop
  vertex 38.1946 -53.2132 768.248
  vertex 36.5989 -54.78 766.292
  vertex 42.2521 -54.0887 762.503
 endloop
endfacet
facet normal 0.52565 -0.735348 0.427734
 outer loop
  vertex 43.5635 -52.3181 764.364
  vertex 42.2521 -54.0887 762.503
  vertex 47.1616 -52.8644 758.467
 endloop
endfacet
facet normal 0.418967 -0.82657 0.375831
 outer loop
  vertex 43.5635 -52.3181 764.364
  vertex 38.1946 -53.2132 768.248
  vertex 42.2521 -54.0887 762.503
 endloop
endfacet
facet normal 0.334395 -0.919666 0.205898
 outer loop
  vertex 43.5635 -52.3181 764.364
  vertex 43.069 -51.2859 772.718
  vertex 38.1946 -53.2132 768.248
 endloop
endfacet
facet normal 0.225055 -0.969257 0.0994559
 outer loop
  vertex 38.1946 -53.2132 768.248
  vertex 43.069 -51.2859 772.718
  vertex 37.8288 -52.2731 776.644
 endloop
endfacet
facet normal 0.412601 -0.909925 -0.0423797
 outer loop
  vertex 52.9238 -48.185 773.175
  vertex 47.6294 -49.8113 768.566
  vertex 51.6642 -47.96 764.239
 endloop
endfacet
facet normal 0.593435 -0.776257 0.212745
 outer loop
  vertex 51.6642 -47.96 764.239
  vertex 48.2657 -50.9452 760.259
  vertex 52.3637 -49.1393 755.953
 endloop
endfacet
facet normal 0.805186 -0.568864 0.167538
 outer loop
  vertex 61.103 -40.4957 750.372
  vertex 55.9229 -46.9471 751.468
  vertex 58.9788 -44.3942 746.816
 endloop
endfacet
facet normal 0.830346 -0.490283 0.264854
 outer loop
  vertex 58.9788 -44.3942 746.816
  vertex 55.9229 -46.9471 751.468
  vertex 57.7119 -48.9072 743.545
 endloop
endfacet
facet normal 0.877756 -0.398731 0.265626
 outer loop
  vertex 60.3764 -46.0738 738.762
  vertex 58.9788 -44.3942 746.816
  vertex 57.7119 -48.9072 743.545
 endloop
endfacet
facet normal 0.69625 -0.690167 0.197242
 outer loop
  vertex 52.3637 -49.1393 755.953
  vertex 55.9229 -46.9471 751.468
  vertex 55.2383 -45.7786 759.759
 endloop
endfacet
facet normal 0.706048 -0.698166 0.118579
 outer loop
  vertex 55.2383 -45.7786 759.759
  vertex 55.9229 -46.9471 751.468
  vertex 58.3823 -43.2888 755.136
 endloop
endfacet
facet normal 0.717947 -0.69366 -0.058211
 outer loop
  vertex 61.743 -40.2766 759.103
  vertex 58.3823 -43.2888 755.136
  vertex 63.9819 -37.1381 754.179
 endloop
endfacet
facet normal 0.772157 -0.608484 -0.183088
 outer loop
  vertex 67.4294 -34.1881 758.175
  vertex 63.9819 -37.1381 754.179
  vertex 68.8081 -30.4331 752.966
 endloop
endfacet
facet normal 0.725146 -0.671564 -0.152202
 outer loop
  vertex 67.4294 -34.1881 758.175
  vertex 61.743 -40.2766 759.103
  vertex 63.9819 -37.1381 754.179
 endloop
endfacet
facet normal 0.69011 -0.695721 -0.1993
 outer loop
  vertex 67.4294 -34.1881 758.175
  vertex 65.7432 -37.7227 763.283
  vertex 61.743 -40.2766 759.103
 endloop
endfacet
facet normal 0.698616 -0.663597 -0.267533
 outer loop
  vertex 67.4294 -34.1881 758.175
  vertex 70.7139 -33.4492 764.899
  vertex 65.7432 -37.7227 763.283
 endloop
endfacet
facet normal 0.798757 -0.599041 -0.0560106
 outer loop
  vertex 61.103 -40.4957 750.372
  vertex 65.8538 -33.7367 749.134
  vertex 63.9819 -37.1381 754.179
 endloop
endfacet
facet normal 0.759471 -0.650535 -0.00286921
 outer loop
  vertex 58.3823 -43.2888 755.136
  vertex 61.103 -40.4957 750.372
  vertex 63.9819 -37.1381 754.179
 endloop
endfacet
facet normal 0.803351 -0.578299 -0.142116
 outer loop
  vertex 63.9819 -37.1381 754.179
  vertex 65.8538 -33.7367 749.134
  vertex 68.8081 -30.4331 752.966
 endloop
endfacet
facet normal 0.972808 -0.199204 -0.118163
 outer loop
  vertex 66.2594 -25.8966 720.898
  vertex 68.5945 -16.7282 727.375
  vertex 66.4549 -30.1021 735.148
 endloop
endfacet
facet normal 0.953194 -0.270911 -0.134269
 outer loop
  vertex 66.4549 -30.1021 735.148
  vertex 68.5945 -16.7282 727.375
  vertex 68.2789 -25.9884 738.605
 endloop
endfacet
facet normal 0.912609 -0.398184 -0.0927077
 outer loop
  vertex 65.1824 -33.9332 740.393
  vertex 68.2789 -25.9884 738.605
  vertex 67.3073 -30.0352 743.949
 endloop
endfacet
facet normal 0.931824 -0.355384 -0.0735347
 outer loop
  vertex 65.1824 -33.9332 740.393
  vertex 66.4549 -30.1021 735.148
  vertex 68.2789 -25.9884 738.605
 endloop
endfacet
facet normal 0.943502 -0.330841 -0.0186848
 outer loop
  vertex 65.1824 -33.9332 740.393
  vertex 65.0406 -34.5094 731.828
  vertex 66.4549 -30.1021 735.148
 endloop
endfacet
facet normal 0.948467 -0.081791 -0.30614
 outer loop
  vertex 73.0381 -2.74764 737.877
  vertex 74.2328 -9.24962 743.467
  vertex 72.8282 -3.49966 737.333
 endloop
endfacet
facet normal 0.94968 -0.10127 -0.296399
 outer loop
  vertex 72.8282 -3.49966 737.333
  vertex 74.2328 -9.24962 743.467
  vertex 71.4727 -7.94913 734.032
 endloop
endfacet
facet normal 0.957918 -0.0640247 -0.279811
 outer loop
  vertex 70.7722 -2.74764 730.244
  vertex 72.8282 -3.49966 737.333
  vertex 71.4727 -7.94913 734.032
 endloop
endfacet
facet normal 0.839261 -0.501384 -0.210367
 outer loop
  vertex 68.8081 -30.4331 752.966
  vertex 67.3073 -30.0352 743.949
  vertex 72.0776 -27.3555 756.903
 endloop
endfacet
facet normal 0.875042 -0.424474 -0.232644
 outer loop
  vertex 72.0776 -27.3555 756.903
  vertex 67.3073 -30.0352 743.949
  vertex 72.7346 -18.34 745.786
 endloop
endfacet
facet normal 0.913309 -0.365147 -0.180373
 outer loop
  vertex 72.7346 -18.34 745.786
  vertex 67.3073 -30.0352 743.949
  vertex 68.2789 -25.9884 738.605
 endloop
endfacet
facet normal 0.950388 -0.232246 -0.206943
 outer loop
  vertex 72.3683 -13.3343 739.997
  vertex 68.2789 -25.9884 738.605
  vertex 68.5945 -16.7282 727.375
 endloop
endfacet
facet normal 0.929973 -0.283718 -0.233783
 outer loop
  vertex 72.3683 -13.3343 739.997
  vertex 72.7346 -18.34 745.786
  vertex 68.2789 -25.9884 738.605
 endloop
endfacet
facet normal 0.889987 -0.237517 -0.389241
 outer loop
  vertex 80.6582 -10.5108 760.262
  vertex 78.4158 -16.3131 759.042
  vertex 77.4516 -10.8788 753.054
 endloop
endfacet
facet normal 0.896676 -0.257834 -0.359853
 outer loop
  vertex 77.4516 -10.8788 753.054
  vertex 78.4158 -16.3131 759.042
  vertex 75.1154 -14.6254 749.428
 endloop
endfacet
facet normal 0.92926 -0.166105 -0.329977
 outer loop
  vertex 75.9747 -5.0771 746.896
  vertex 75.1154 -14.6254 749.428
  vertex 74.2328 -9.24962 743.467
 endloop
endfacet
facet normal 0.938196 -0.0949227 -0.332834
 outer loop
  vertex 75.2653 -2.74765 744.485
  vertex 75.9747 -5.0771 746.896
  vertex 74.2328 -9.24962 743.467
 endloop
endfacet
facet normal 0.919925 -0.183549 -0.34648
 outer loop
  vertex 75.9747 -5.0771 746.896
  vertex 77.4516 -10.8788 753.054
  vertex 75.1154 -14.6254 749.428
 endloop
endfacet
facet normal 0.945307 -0.150278 -0.289501
 outer loop
  vertex 72.3683 -13.3343 739.997
  vertex 71.4727 -7.94913 734.032
  vertex 74.2328 -9.24962 743.467
 endloop
endfacet
facet normal 0.920911 -0.240176 -0.306983
 outer loop
  vertex 75.1154 -14.6254 749.428
  vertex 72.7346 -18.34 745.786
  vertex 74.2328 -9.24962 743.467
 endloop
endfacet
facet normal 0.9641 -0.252873 0.0810285
 outer loop
  vertex 65.0406 -34.5094 731.828
  vertex 63.565 -38.195 737.005
  vertex 63.5362 -44.2732 725.627
 endloop
endfacet
facet normal 0.979703 -0.0785471 -0.184427
 outer loop
  vertex 65.5064 -15.8705 709.313
  vertex 67.0839 -6.15914 715.538
  vertex 68.5945 -16.7282 727.375
 endloop
endfacet
facet normal 0.644545 -0.291084 0.706988
 outer loop
  vertex 46.2734 -57.6488 755.321
  vertex 41.3664 -58.8749 759.358
  vertex 41.7068 -61.8294 758.046
 endloop
endfacet
facet normal 0.598123 -0.225491 0.769027
 outer loop
  vertex 41.7068 -61.8294 758.046
  vertex 41.3664 -58.8749 759.358
  vertex 36.3042 -62.7003 761.919
 endloop
endfacet
facet normal 0.614306 -0.118631 0.780099
 outer loop
  vertex 41.5046 -69 757.392
  vertex 41.7068 -61.8294 758.046
  vertex 36.3042 -62.7003 761.919
 endloop
endfacet
facet normal 0.336224 -0.725502 0.6005
 outer loop
  vertex 30.2398 -54.9653 769.847
  vertex 29.2786 -56.9869 768.103
  vertex 36.5989 -54.78 766.292
 endloop
endfacet
facet normal 0.398548 -0.63073 0.665837
 outer loop
  vertex 36.5989 -54.78 766.292
  vertex 29.2786 -56.9869 768.103
  vertex 35.7695 -56.896 764.592
 endloop
endfacet
facet normal 0.506132 -0.595981 0.623407
 outer loop
  vertex 42.2521 -54.0887 762.503
  vertex 35.7695 -56.896 764.592
  vertex 41.5215 -56.2755 760.835
 endloop
endfacet
facet normal 0.563257 -0.628085 0.53689
 outer loop
  vertex 47.1616 -52.8644 758.467
  vertex 42.2521 -54.0887 762.503
  vertex 41.5215 -56.2755 760.835
 endloop
endfacet
facet normal 0.509141 -0.462975 0.725555
 outer loop
  vertex 35.7695 -56.896 764.592
  vertex 35.72 -59.571 763.15
  vertex 41.5215 -56.2755 760.835
 endloop
endfacet
facet normal 0.418266 -0.467385 0.778848
 outer loop
  vertex 35.7695 -56.896 764.592
  vertex 29.2786 -56.9869 768.103
  vertex 29.3171 -59.7249 766.69
 endloop
endfacet
facet normal 0.4443 -0.680316 0.582896
 outer loop
  vertex 36.5989 -54.78 766.292
  vertex 35.7695 -56.896 764.592
  vertex 42.2521 -54.0887 762.503
 endloop
endfacet
facet normal 0.72657 -0.420341 0.543516
 outer loop
  vertex 46.2734 -57.6488 755.321
  vertex 54.5256 -51.3666 748.153
  vertex 46.5004 -55.1009 756.822
 endloop
endfacet
facet normal 0.728961 -0.533963 0.428367
 outer loop
  vertex 46.5004 -55.1009 756.822
  vertex 54.5256 -51.3666 748.153
  vertex 52.3637 -49.1393 755.953
 endloop
endfacet
facet normal 0.660639 -0.607896 0.440475
 outer loop
  vertex 47.1616 -52.8644 758.467
  vertex 46.5004 -55.1009 756.822
  vertex 52.3637 -49.1393 755.953
 endloop
endfacet
facet normal 0.822698 -0.459435 0.334795
 outer loop
  vertex 55.9229 -46.9471 751.468
  vertex 54.5256 -51.3666 748.153
  vertex 57.7119 -48.9072 743.545
 endloop
endfacet
facet normal 0.949857 -0.109645 0.29283
 outer loop
  vertex 59.8856 -51.1431 735.749
  vertex 60.3791 -62.3388 730.212
  vertex 62.0934 -58.8243 725.114
 endloop
endfacet
facet normal 0.84897 -0.292298 0.440241
 outer loop
  vertex 54.1775 -56.5382 745.187
  vertex 57.2802 -54.0188 740.551
  vertex 54.5256 -51.3666 748.153
 endloop
endfacet
facet normal 0.945535 -0.224126 0.236075
 outer loop
  vertex 60.3764 -46.0738 738.762
  vertex 59.8856 -51.1431 735.749
  vertex 63.5362 -44.2732 725.627
 endloop
endfacet
facet normal 0.887741 -0.123869 0.443366
 outer loop
  vertex 54.6798 -62.3192 742.504
  vertex 58.2477 -65.5543 735.171
  vertex 57.2802 -54.0188 740.551
 endloop
endfacet
facet normal 0.918099 -0.109342 0.380971
 outer loop
  vertex 57.2802 -54.0188 740.551
  vertex 58.2477 -65.5543 735.171
  vertex 60.3791 -62.3388 730.212
 endloop
endfacet
facet normal 0.994861 -0.0859267 0.0535542
 outer loop
  vertex 63.5362 -44.2732 725.627
  vertex 64.1152 -50.787 714.451
  vertex 64.9641 -35.8103 714.766
 endloop
endfacet
facet normal 0.99884 -0.048045 -0.00333037
 outer loop
  vertex 64.9641 -35.8103 714.766
  vertex 64.1152 -50.787 714.451
  vertex 64.3347 -46.2012 708.856
 endloop
endfacet
facet normal 0.999091 -0.0322904 -0.0278265
 outer loop
  vertex 64.3347 -46.2012 708.856
  vertex 64.1152 -50.787 714.451
  vertex 63.6991 -56.5877 702.944
 endloop
endfacet
facet normal 0.981121 -0.0886214 0.171897
 outer loop
  vertex 63.5362 -44.2732 725.627
  vertex 62.0934 -58.8243 725.114
  vertex 63.3542 -54.9848 719.865
 endloop
endfacet
facet normal 0.986836 -0.0482088 0.154371
 outer loop
  vertex 63.3542 -54.9848 719.865
  vertex 62.0934 -58.8243 725.114
  vertex 63.5993 -66.0026 714.246
 endloop
endfacet
facet normal 0.867472 -0.364003 -0.339108
 outer loop
  vertex 72.0776 -27.3555 756.903
  vertex 75.1154 -14.6254 749.428
  vertex 78.4158 -16.3131 759.042
 endloop
endfacet
facet normal 0.99956 -0.0180793 -0.0235144
 outer loop
  vertex 63.753 -69 709
  vertex 63.4639 -85 709
  vertex 63.5942 -69 704.504
 endloop
endfacet
facet normal 0.997133 -0.0181033 -0.073477
 outer loop
  vertex 63.5942 -69 704.504
  vertex 63.4639 -85 709
  vertex 63.0362 -69 699.467
 endloop
endfacet
facet normal 0.987889 -0.0182189 -0.154092
 outer loop
  vertex 63.0362 -69 699.467
  vertex 63.4639 -85 709
  vertex 60.3577 -85 689.389
 endloop
endfacet
facet normal 0.97883 -0.0181229 -0.20387
 outer loop
  vertex 63.1463 -62.5527 699.415
  vertex 60.3577 -85 689.389
  vertex 63.3025 -53.3995 699.342
 endloop
endfacet
facet normal 0.978918 -0.0181233 -0.203447
 outer loop
  vertex 63.1463 -62.5527 699.415
  vertex 63.0362 -69 699.467
  vertex 60.3577 -85 689.389
 endloop
endfacet
facet normal 0.558769 -0.0181275 -0.829125
 outer loop
  vertex 30.1295 -1.35862E-14 651.405
  vertex 40.2923 -1.32353E-14 657.995
  vertex 37.3031 -85 657.657
 endloop
endfacet
facet normal 0.457127 -0.0182191 -0.889215
 outer loop
  vertex 19.6114 -85 648.642
  vertex 30.1295 -1.35862E-14 651.405
  vertex 37.3031 -85 657.657
 endloop
endfacet
facet normal 0.355737 -0.0181331 -0.93441
 outer loop
  vertex 19.6114 -85 648.642
  vertex 18.9205 -1.38673E-14 646.815
  vertex 30.1295 -1.35862E-14 651.405
 endloop
endfacet
facet normal 0.23719 -0.0181472 -0.971294
 outer loop
  vertex 19.6114 -85 648.642
  vertex 7.05449 -1.40689E-14 644.384
  vertex 18.9205 -1.38673E-14 646.815
 endloop
endfacet
facet normal 0.140348 -0.0182236 -0.989935
 outer loop
  vertex 19.6114 -85 648.642
  vertex 2.56127E-14 -85 645.536
  vertex 7.05449 -1.40689E-14 644.384
 endloop
endfacet
facet normal 0.0102745 -0.0181224 -0.999783
 outer loop
  vertex 7.05449 -1.40689E-14 644.384
  vertex 2.56127E-14 -85 645.536
  vertex -5.0565 -1.4184E-14 644.197
 endloop
endfacet
facet normal -0.130073 -0.0182316 -0.991337
 outer loop
  vertex -5.0565 -1.4184E-14 644.197
  vertex 2.56127E-14 -85 645.536
  vertex -19.6114 -85 648.642
 endloop
endfacet
facet normal -0.336455 -0.0181257 -0.941525
 outer loop
  vertex -16.9919 -1.42086E-14 646.26
  vertex -19.6114 -85 648.642
  vertex -28.3373 -1.41418E-14 650.502
 endloop
endfacet
facet normal -0.217161 -0.0181632 -0.975967
 outer loop
  vertex -16.9919 -1.42086E-14 646.26
  vertex -5.0565 -1.4184E-14 644.197
  vertex -19.6114 -85 648.642
 endloop
endfacet
facet normal 0.723378 -0.0182287 -0.690212
 outer loop
  vertex 37.3031 -85 657.657
  vertex 49.056 -1.28269E-14 666.356
  vertex 51.3433 -85 671.697
 endloop
endfacet
facet normal 0.657223 -0.0181579 -0.753477
 outer loop
  vertex 37.3031 -85 657.657
  vertex 40.2923 -1.32353E-14 657.995
  vertex 49.056 -1.28269E-14 666.356
 endloop
endfacet
facet normal -0.447876 -0.0182196 -0.89391
 outer loop
  vertex -19.6114 -85 648.642
  vertex -37.3031 -85 657.657
  vertex -28.3373 -1.41418E-14 650.502
 endloop
endfacet
facet normal -0.541607 -0.0181361 -0.840436
 outer loop
  vertex -28.3373 -1.41418E-14 650.502
  vertex -37.3031 -85 657.657
  vertex -38.6986 -1.3986E-14 656.775
 endloop
endfacet
facet normal -0.641587 -0.0181432 -0.766835
 outer loop
  vertex -38.6986 -1.3986E-14 656.775
  vertex -37.3031 -85 657.657
  vertex -47.7162 -1.37465E-14 664.862
 endloop
endfacet
facet normal -0.71618 -0.0182219 -0.697678
 outer loop
  vertex -47.7162 -1.37465E-14 664.862
  vertex -37.3031 -85 657.657
  vertex -51.3433 -85 671.697
 endloop
endfacet
facet normal -0.876952 -0.0182348 -0.480233
 outer loop
  vertex -55.0769 -1.34317E-14 674.481
  vertex -51.3433 -85 671.697
  vertex -60.3577 -85 689.389
 endloop
endfacet
facet normal -0.957694 -0.0181242 -0.287216
 outer loop
  vertex -60.525 -1.30525E-14 685.299
  vertex -60.3577 -85 689.389
  vertex -63.8715 -1.26221E-14 696.94
 endloop
endfacet
facet normal -0.914706 -0.0181688 -0.40371
 outer loop
  vertex -60.525 -1.30525E-14 685.299
  vertex -55.0769 -1.34317E-14 674.481
  vertex -60.3577 -85 689.389
 endloop
endfacet
facet normal -0.985923 -0.0182206 -0.166203
 outer loop
  vertex -60.3577 -85 689.389
  vertex -63.4639 -85 709
  vertex -63.8715 -1.26221E-14 696.94
 endloop
endfacet
facet normal -0.997907 -0.0181394 -0.0620746
 outer loop
  vertex -63.8715 -1.26221E-14 696.94
  vertex -63.4639 -85 709
  vertex -65 -1.21555E-14 709
 endloop
endfacet
facet normal -0.799057 -0.0181231 -0.600982
 outer loop
  vertex -55.0769 -1.34317E-14 674.481
  vertex -47.7162 -1.37465E-14 664.862
  vertex -51.3433 -85 671.697
 endloop
endfacet
facet normal 0.81124 -0.0181219 -0.584433
 outer loop
  vertex 49.056 -1.28269E-14 666.356
  vertex 56.1162 -1.2375E-14 676.198
  vertex 51.3433 -85 671.697
 endloop
endfacet
facet normal 0.881885 -0.0182256 -0.471113
 outer loop
  vertex 51.3433 -85 671.697
  vertex 56.1162 -1.2375E-14 676.198
  vertex 60.3577 -85 689.389
 endloop
endfacet
facet normal 0.922818 -0.0181517 -0.384807
 outer loop
  vertex 60.3577 -85 689.389
  vertex 56.1162 -1.2375E-14 676.198
  vertex 61.2278 -1.18955E-14 687.179
 endloop
endfacet
facet normal 0.97661 -0.0181416 -0.214252
 outer loop
  vertex 63.5687 -37.7991 699.218
  vertex 61.2278 -1.18955E-14 687.179
  vertex 63.6565 -32.6506 699.177
 endloop
endfacet
facet normal 0.963667 -0.0181326 -0.26649
 outer loop
  vertex 63.5687 -37.7991 699.218
  vertex 60.3577 -85 689.389
  vertex 61.2278 -1.18955E-14 687.179
 endloop
endfacet
facet normal 0.978691 -0.0181222 -0.204537
 outer loop
  vertex 63.5687 -37.7991 699.218
  vertex 63.3025 -53.3995 699.342
  vertex 60.3577 -85 689.389
 endloop
endfacet
facet normal 0.976216 -0.0181395 -0.21604
 outer loop
  vertex 64.2133 -4.5652E-10 698.918
  vertex 64.1664 -2.74759 698.939
  vertex 61.2278 -1.18955E-14 687.179
 endloop
endfacet
facet normal 0.976254 -0.0181397 -0.215867
 outer loop
  vertex 61.2278 -1.18955E-14 687.179
  vertex 64.1664 -2.74759 698.939
  vertex 64.1008 -6.59809 698.97
 endloop
endfacet
facet normal 0.976367 -0.0181403 -0.215355
 outer loop
  vertex 63.8348 -22.1986 699.094
  vertex 61.2278 -1.18955E-14 687.179
  vertex 64.1008 -6.59809 698.97
 endloop
endfacet
facet normal 0.976519 -0.0181411 -0.214667
 outer loop
  vertex 63.8348 -22.1986 699.094
  vertex 63.6565 -32.6506 699.177
  vertex 61.2278 -1.18955E-14 687.179
 endloop
endfacet
facet normal -0.824428 -0.0380053 0.564689
 outer loop
  vertex -28.4917 -2.74764 779
  vertex -28.6488 1.70581E-15 779
  vertex -35.9484 -2.74764 768.252
 endloop
endfacet
facet normal -0.816738 -0.0347456 0.575961
 outer loop
  vertex -35.9484 -2.74764 768.252
  vertex -28.6488 1.70581E-15 779
  vertex -36.6562 -2.74764 767.276
 endloop
endfacet
facet normal -0.799688 -0.0345203 0.599422
 outer loop
  vertex -36.6562 -2.74764 767.276
  vertex -28.6488 1.70581E-15 779
  vertex -48.999 -4.56518E-10 751.709
 endloop
endfacet
facet normal -0.763723 -0.0172186 0.645314
 outer loop
  vertex -43.9192 -2.74766 757.732
  vertex -48.999 -4.56518E-10 751.709
  vertex -48.9522 -2.74757 751.688
 endloop
endfacet
facet normal -0.782213 -0.0172924 0.622771
 outer loop
  vertex -43.9192 -2.74766 757.732
  vertex -36.6562 -2.74764 767.276
  vertex -48.999 -4.56518E-10 751.709
 endloop
endfacet
facet normal -0.895786 -0.0530548 0.441308
 outer loop
  vertex -13.606 1.38092E-15 804.218
  vertex -15.9457 1.63933E-15 799.665
  vertex -13.4755 -2.74761 804.157
 endloop
endfacet
facet normal -0.883253 -0.0514536 0.466066
 outer loop
  vertex -13.4755 -2.74761 804.157
  vertex -15.9457 1.63933E-15 799.665
  vertex -17.3492 -2.7477 796.867
 endloop
endfacet
facet normal -0.867184 -0.0537274 0.495082
 outer loop
  vertex -17.3492 -2.7477 796.867
  vertex -15.9457 1.63933E-15 799.665
  vertex -19.362 1.83153E-15 793.701
 endloop
endfacet
facet normal -0.855931 -0.0477201 0.514884
 outer loop
  vertex -19.2501 -2.74762 793.61
  vertex -19.362 1.83153E-15 793.701
  vertex -21.5938 -2.74764 789.741
 endloop
endfacet
facet normal -0.861368 -0.0502871 0.505486
 outer loop
  vertex -19.2501 -2.74762 793.61
  vertex -17.3492 -2.7477 796.867
  vertex -19.362 1.83153E-15 793.701
 endloop
endfacet
facet normal -0.846682 -0.055374 0.529209
 outer loop
  vertex -19.362 1.83153E-15 793.701
  vertex -28.6488 1.70581E-15 779
  vertex -21.5938 -2.74764 789.741
 endloop
endfacet
facet normal -0.84048 -0.0466667 0.539829
 outer loop
  vertex -21.5938 -2.74764 789.741
  vertex -28.6488 1.70581E-15 779
  vertex -26.049 -2.74765 782.708
 endloop
endfacet
facet normal -0.834049 -0.0427472 0.550032
 outer loop
  vertex -26.049 -2.74765 782.708
  vertex -28.6488 1.70581E-15 779
  vertex -28.4917 -2.74764 779
 endloop
endfacet
facet normal -0.0130863 -0.177727 0.983993
 outer loop
  vertex 92.1188 -12.5641 869.974
  vertex 92.1188 -2.74764 871.428
  vertex 87.486 -12.5641 869.881
 endloop
endfacet
facet normal -0.0847052 -0.393071 0.915598
 outer loop
  vertex 87.6667 -24.398 865.397
  vertex 87.486 -12.5641 869.881
  vertex 70.0022 -24.398 863.252
 endloop
endfacet
facet normal -0.199063 -0.601956 0.773319
 outer loop
  vertex 71.4403 -34.8139 856.208
  vertex 70.0022 -24.398 863.252
  vertex 55.4601 -34.8139 851.579
 endloop
endfacet
facet normal -0.252206 -0.775562 0.578702
 outer loop
  vertex 58.8194 -43.2067 842.721
  vertex 55.4601 -34.8139 851.579
  vertex 45.1659 -43.2067 836.242
 endloop
endfacet
facet normal -0.230134 -0.903957 0.360417
 outer loop
  vertex 50.7693 -49.0884 826.537
  vertex 45.1659 -43.2067 836.242
  vertex 39.8161 -49.0884 818.977
 endloop
endfacet
facet normal -0.131102 -0.979907 0.150312
 outer loop
  vertex 47.588 -52.1172 809.458
  vertex 39.8161 -49.0884 818.977
  vertex 39.4158 -52.1172 801.608
 endloop
endfacet
facet normal 0.0341802 -0.999182 -0.0216143
 outer loop
  vertex 48.8892 -52.1172 793.216
  vertex 39.4158 -52.1172 801.608
  vertex 43.3055 -52.1172 785.785
 endloop
endfacet
facet normal 0.217474 -0.968189 -0.123752
 outer loop
  vertex 53.6917 -49.0884 779.217
  vertex 43.3055 -52.1172 785.785
  vertex 47.0343 -50.5042 775.941
 endloop
endfacet
facet normal 0.302655 -0.939955 -0.157748
 outer loop
  vertex 52.8997 -48.2 773.206
  vertex 53.6917 -49.0884 779.217
  vertex 47.0343 -50.5042 775.941
 endloop
endfacet
facet normal 0.375978 -0.906527 -0.191963
 outer loop
  vertex 52.8997 -48.2 773.206
  vertex 58.4793 -45.0458 770.604
  vertex 53.6917 -49.0884 779.217
 endloop
endfacet
facet normal 0.417464 -0.876951 -0.238077
 outer loop
  vertex 53.6917 -49.0884 779.217
  vertex 58.4793 -45.0458 770.604
  vertex 63.1635 -43.2067 773.228
 endloop
endfacet
facet normal 0.393095 -0.8666 -0.307376
 outer loop
  vertex 58.0873 -49.0884 785.067
  vertex 63.1635 -43.2067 773.228
  vertex 66.4756 -43.2067 777.635
 endloop
endfacet
facet normal 0.338698 -0.8666 -0.366453
 outer loop
  vertex 63.3643 -49.0884 790.135
  vertex 66.4756 -43.2067 777.635
  vertex 70.4519 -43.2067 781.455
 endloop
endfacet
facet normal 0.275529 -0.8666 -0.416038
 outer loop
  vertex 69.386 -49.0884 794.292
  vertex 70.4519 -43.2067 781.455
  vertex 74.9893 -43.2067 784.587
 endloop
endfacet
facet normal 0.205224 -0.8666 -0.454849
 outer loop
  vertex 75.9965 -49.0884 797.429
  vertex 74.9893 -43.2067 784.587
  vertex 79.9704 -43.2067 786.95
 endloop
endfacet
facet normal 0.129603 -0.8666 -0.481879
 outer loop
  vertex 83.0245 -49.0884 799.464
  vertex 79.9704 -43.2067 786.95
  vertex 85.2661 -43.2067 788.484
 endloop
endfacet
facet normal 0.0559701 -0.775562 -0.628786
 outer loop
  vertex 90.7394 -43.2067 789.149
  vertex 85.2661 -43.2067 788.484
  vertex 91.1208 -34.8139 779.683
 endloop
endfacet
facet normal 0.0101129 -0.721146 -0.692709
 outer loop
  vertex 92.1188 -43.2067 789.177
  vertex 91.1208 -34.8139 779.683
  vertex 92.1188 -34.8139 779.703
 endloop
endfacet
facet normal 0.0177875 -0.774769 -0.631995
 outer loop
  vertex 92.1188 -43.2067 789.177
  vertex 90.7394 -43.2067 789.149
  vertex 91.1208 -34.8139 779.683
 endloop
endfacet
facet normal 0.00767464 -0.865979 -0.500021
 outer loop
  vertex 92.1188 -43.2067 789.177
  vertex 92.1188 -49.0884 800.383
  vertex 90.7394 -43.2067 789.149
 endloop
endfacet
facet normal 0.0124652 -0.903552 -0.428296
 outer loop
  vertex 90.7394 -43.2067 789.149
  vertex 92.1188 -49.0884 800.383
  vertex 90.2881 -49.0884 800.346
 endloop
endfacet
facet normal 0.0366863 -0.960705 -0.275135
 outer loop
  vertex 83.0245 -49.0884 799.464
  vertex 90.2881 -49.0884 800.346
  vertex 80.5665 -52.1172 811.505
 endloop
endfacet
facet normal 0.0646233 -0.979907 -0.188693
 outer loop
  vertex 75.9965 -49.0884 797.429
  vertex 80.5665 -52.1172 811.505
  vertex 71.6389 -52.1172 808.919
 endloop
endfacet
facet normal 0.094055 -0.979907 -0.175884
 outer loop
  vertex 69.386 -49.0884 794.292
  vertex 71.6389 -52.1172 808.919
  vertex 63.2417 -52.1172 804.934
 endloop
endfacet
facet normal 0.121051 -0.979907 -0.158518
 outer loop
  vertex 63.3643 -49.0884 790.135
  vertex 63.2417 -52.1172 804.934
  vertex 55.5924 -52.1172 799.654
 endloop
endfacet
facet normal 0.144911 -0.979907 -0.137048
 outer loop
  vertex 58.0873 -49.0884 785.067
  vertex 55.5924 -52.1172 799.654
  vertex 48.8892 -52.1172 793.216
 endloop
endfacet
facet normal 0.165019 -0.979907 -0.112028
 outer loop
  vertex 53.6917 -49.0884 779.217
  vertex 48.8892 -52.1172 793.216
  vertex 43.3055 -52.1172 785.785
 endloop
endfacet
facet normal 0.219931 -0.960705 -0.169339
 outer loop
  vertex 53.6917 -49.0884 779.217
  vertex 58.0873 -49.0884 785.067
  vertex 48.8892 -52.1172 793.216
 endloop
endfacet
facet normal 0.350858 -0.903957 -0.24446
 outer loop
  vertex 53.6917 -49.0884 779.217
  vertex 63.1635 -43.2067 773.228
  vertex 58.0873 -49.0884 785.067
 endloop
endfacet
facet normal -0.809573 -0.11545 0.575555
 outer loop
  vertex -6.35464 -2.74764 817.188
  vertex -5.12607 -12.5641 816.412
  vertex 4.90951 -2.74764 832.178
 endloop
endfacet
facet normal -0.859464 -0.115289 0.498026
 outer loop
  vertex -6.35464 -2.74764 817.188
  vertex -12.853 -2.74764 805.47
  vertex -5.12607 -12.5641 816.412
 endloop
endfacet
facet normal -0.874649 -0.158545 0.458097
 outer loop
  vertex -5.12607 -12.5641 816.412
  vertex -12.853 -2.74764 805.47
  vertex -12.7482 -9.54137 803.818
 endloop
endfacet
facet normal -0.868275 -0.207944 0.450398
 outer loop
  vertex -12.5645 -10.5796 803.732
  vertex -5.12607 -12.5641 816.412
  vertex -12.7482 -9.54137 803.818
 endloop
endfacet
facet normal -0.855708 -0.264719 0.444622
 outer loop
  vertex -12.5645 -10.5796 803.732
  vertex -10.5263 -18.389 802.782
  vertex -5.12607 -12.5641 816.412
 endloop
endfacet
facet normal -0.811193 -0.353714 0.465675
 outer loop
  vertex -5.12607 -12.5641 816.412
  vertex -10.5263 -18.389 802.782
  vertex -1.33285 -24.398 814.013
 endloop
endfacet
facet normal -0.719009 -0.393071 0.573168
 outer loop
  vertex 5.99755 -12.5641 831.214
  vertex -1.33285 -24.398 814.013
  vertex 9.35687 -24.398 828.238
 endloop
endfacet
facet normal -0.617756 -0.393071 0.681083
 outer loop
  vertex 19.3517 -12.5641 844.041
  vertex 9.35687 -24.398 828.238
  vertex 22.1901 -24.398 840.565
 endloop
endfacet
facet normal -0.500503 -0.393071 0.771358
 outer loop
  vertex 34.5904 -12.5641 854.56
  vertex 22.1901 -24.398 840.565
  vertex 36.8344 -24.398 850.673
 endloop
endfacet
facet normal -0.370287 -0.393071 0.841655
 outer loop
  vertex 51.3191 -12.5641 862.498
  vertex 36.8344 -24.398 850.673
  vertex 52.9106 -24.398 858.301
 endloop
endfacet
facet normal -0.230481 -0.393071 0.890154
 outer loop
  vertex 69.1045 -12.5641 867.649
  vertex 52.9106 -24.398 858.301
  vertex 70.0022 -24.398 863.252
 endloop
endfacet
facet normal -0.138063 -0.317337 0.938209
 outer loop
  vertex 87.486 -12.5641 869.881
  vertex 69.1045 -12.5641 867.649
  vertex 70.0022 -24.398 863.252
 endloop
endfacet
facet normal -0.0917924 -0.178191 0.979705
 outer loop
  vertex 87.486 -12.5641 869.881
  vertex 87.4274 -2.74764 871.334
  vertex 69.1045 -12.5641 867.649
 endloop
endfacet
facet normal -0.0265459 -0.115141 0.992994
 outer loop
  vertex 87.486 -12.5641 869.881
  vertex 92.1188 -2.74764 871.428
  vertex 87.4274 -2.74764 871.334
 endloop
endfacet
facet normal -0.706764 -0.11545 0.697966
 outer loop
  vertex 4.90951 -2.74764 832.178
  vertex 5.99755 -12.5641 831.214
  vertex 18.4323 -2.74764 845.167
 endloop
endfacet
facet normal -0.770153 -0.178191 0.612465
 outer loop
  vertex 4.90951 -2.74764 832.178
  vertex -5.12607 -12.5641 816.412
  vertex 5.99755 -12.5641 831.214
 endloop
endfacet
facet normal -0.772278 -0.317337 0.550349
 outer loop
  vertex 5.99755 -12.5641 831.214
  vertex -5.12607 -12.5641 816.412
  vertex -1.33285 -24.398 814.013
 endloop
endfacet
facet normal -0.58565 -0.11545 0.8023
 outer loop
  vertex 18.4323 -2.74764 845.167
  vertex 19.3517 -12.5641 844.041
  vertex 33.8636 -2.74764 855.819
 endloop
endfacet
facet normal -0.661933 -0.178191 0.728075
 outer loop
  vertex 18.4323 -2.74764 845.167
  vertex 5.99755 -12.5641 831.214
  vertex 19.3517 -12.5641 844.041
 endloop
endfacet
facet normal -0.673995 -0.317337 0.667104
 outer loop
  vertex 19.3517 -12.5641 844.041
  vertex 5.99755 -12.5641 831.214
  vertex 9.35687 -24.398 828.238
 endloop
endfacet
facet normal -0.900386 -0.0956528 0.424447
 outer loop
  vertex -12.853 -2.74764 805.47
  vertex -13.4755 -2.74761 804.157
  vertex -12.7482 -9.54137 803.818
 endloop
endfacet
facet normal -0.805158 -0.421702 0.416999
 outer loop
  vertex -10.5263 -18.389 802.782
  vertex -8.53784 -23.4334 801.855
  vertex -1.33285 -24.398 814.013
 endloop
endfacet
facet normal -0.783022 -0.470674 0.406624
 outer loop
  vertex -1.33285 -24.398 814.013
  vertex -8.53784 -23.4334 801.855
  vertex -7.20614 -26.1729 801.234
 endloop
endfacet
facet normal -0.708736 -0.603298 0.365685
 outer loop
  vertex 4.74375 -34.8139 810.17
  vertex -7.20614 -26.1729 801.234
  vertex -2.55773 -33.5493 799.066
 endloop
endfacet
facet normal -0.633655 -0.699381 0.330678
 outer loop
  vertex 4.56967 -41.2172 795.742
  vertex 4.74375 -34.8139 810.17
  vertex -2.55773 -33.5493 799.066
 endloop
endfacet
facet normal -0.561382 -0.761606 0.323739
 outer loop
  vertex 4.56967 -41.2172 795.742
  vertex 12.7506 -43.2067 805.107
  vertex 4.74375 -34.8139 810.17
 endloop
endfacet
facet normal -0.485051 -0.837128 0.252867
 outer loop
  vertex 4.56967 -41.2172 795.742
  vertex 12.6336 -46.8865 791.982
  vertex 12.7506 -43.2067 805.107
 endloop
endfacet
facet normal -0.397957 -0.888373 0.228964
 outer loop
  vertex 12.7506 -43.2067 805.107
  vertex 12.6336 -46.8865 791.982
  vertex 22.2223 -49.0884 799.117
 endloop
endfacet
facet normal -0.332423 -0.903957 0.268993
 outer loop
  vertex 21.8293 -43.2067 817.189
  vertex 22.2223 -49.0884 799.117
  vertex 30.2176 -49.0884 809.757
 endloop
endfacet
facet normal -0.284969 -0.903957 0.318834
 outer loop
  vertex 32.7285 -43.2067 827.657
  vertex 30.2176 -49.0884 809.757
  vertex 39.8161 -49.0884 818.977
 endloop
endfacet
facet normal -0.291299 -0.8666 0.405153
 outer loop
  vertex 45.1659 -43.2067 836.242
  vertex 32.7285 -43.2067 827.657
  vertex 39.8161 -49.0884 818.977
 endloop
endfacet
facet normal -0.34177 -0.775562 0.530751
 outer loop
  vertex 45.1659 -43.2067 836.242
  vertex 40.4292 -34.8139 844.447
  vertex 32.7285 -43.2067 827.657
 endloop
endfacet
facet normal -0.310358 -0.722119 0.618241
 outer loop
  vertex 45.1659 -43.2067 836.242
  vertex 55.4601 -34.8139 851.579
  vertex 40.4292 -34.8139 844.447
 endloop
endfacet
facet normal -0.320534 -0.601956 0.731373
 outer loop
  vertex 40.4292 -34.8139 844.447
  vertex 55.4601 -34.8139 851.579
  vertex 52.9106 -24.398 858.301
 endloop
endfacet
facet normal -0.380251 -0.535448 0.754125
 outer loop
  vertex 36.8344 -24.398 850.673
  vertex 40.4292 -34.8139 844.447
  vertex 52.9106 -24.398 858.301
 endloop
endfacet
facet normal -0.433704 -0.601956 0.670485
 outer loop
  vertex 36.8344 -24.398 850.673
  vertex 26.7371 -34.8139 834.996
  vertex 40.4292 -34.8139 844.447
 endloop
endfacet
facet normal -0.496297 -0.535448 0.683363
 outer loop
  vertex 36.8344 -24.398 850.673
  vertex 22.1901 -24.398 840.565
  vertex 26.7371 -34.8139 834.996
 endloop
endfacet
facet normal -0.535641 -0.601956 0.592231
 outer loop
  vertex 26.7371 -34.8139 834.996
  vertex 22.1901 -24.398 840.565
  vertex 14.7384 -34.8139 823.471
 endloop
endfacet
facet normal -0.492254 -0.775562 0.395209
 outer loop
  vertex 21.8293 -43.2067 817.189
  vertex 14.7384 -34.8139 823.471
  vertex 12.7506 -43.2067 805.107
 endloop
endfacet
facet normal -0.404606 -0.8666 0.292058
 outer loop
  vertex 22.2223 -49.0884 799.117
  vertex 21.8293 -43.2067 817.189
  vertex 12.7506 -43.2067 805.107
 endloop
endfacet
facet normal -0.344527 -0.921888 0.177269
 outer loop
  vertex 12.6336 -46.8865 791.982
  vertex 16.9962 -49.0159 789.948
  vertex 22.2223 -49.0884 799.117
 endloop
endfacet
facet normal -0.287595 -0.945819 0.150719
 outer loop
  vertex 22.2223 -49.0884 799.117
  vertex 16.9962 -49.0159 789.948
  vertex 21.5822 -50.6684 787.809
 endloop
endfacet
facet normal -0.161854 -0.983475 0.0811236
 outer loop
  vertex 32.6085 -52.1172 792.55
  vertex 21.5822 -50.6684 787.809
  vertex 26.4033 -51.8192 785.561
 endloop
endfacet
facet normal -0.0988026 -0.993762 0.0517171
 outer loop
  vertex 31.4803 -52.424 783.194
  vertex 32.6085 -52.1172 792.55
  vertex 26.4033 -51.8192 785.561
 endloop
endfacet
facet normal -0.0502759 -0.998312 0.02909
 outer loop
  vertex 31.4803 -52.424 783.194
  vertex 34.0404 -52.5001 782
  vertex 32.6085 -52.1172 792.55
 endloop
endfacet
facet normal -7.03217E-07 -1 3.27917E-07
 outer loop
  vertex 32.6085 -52.1172 792.55
  vertex 34.0404 -52.5001 782
  vertex 43.3055 -52.1172 785.785
 endloop
endfacet
facet normal -0.0302704 -0.999182 0.0268173
 outer loop
  vertex 39.4158 -52.1172 801.608
  vertex 32.6085 -52.1172 792.55
  vertex 43.3055 -52.1172 785.785
 endloop
endfacet
facet normal -0.153516 -0.979907 0.127335
 outer loop
  vertex 39.4158 -52.1172 801.608
  vertex 30.2176 -49.0884 809.757
  vertex 32.6085 -52.1172 792.55
 endloop
endfacet
facet normal -0.194614 -0.960705 0.197916
 outer loop
  vertex 39.4158 -52.1172 801.608
  vertex 39.8161 -49.0884 818.977
  vertex 30.2176 -49.0884 809.757
 endloop
endfacet
facet normal 0.0767021 -0.996193 -0.0414169
 outer loop
  vertex 34.0404 -52.5001 782
  vertex 40.749 -51.9755 778.872
  vertex 43.3055 -52.1172 785.785
 endloop
endfacet
facet normal 0.15944 -0.983961 -0.0800011
 outer loop
  vertex 43.3055 -52.1172 785.785
  vertex 40.749 -51.9755 778.872
  vertex 47.0343 -50.5042 775.941
 endloop
endfacet
facet normal 0.504261 -0.82292 -0.261771
 outer loop
  vertex 58.4793 -45.0458 770.604
  vertex 63.6541 -41.0923 768.191
  vertex 63.1635 -43.2067 773.228
 endloop
endfacet
facet normal 0.562269 -0.760776 -0.32415
 outer loop
  vertex 63.1635 -43.2067 773.228
  vertex 63.6541 -41.0923 768.191
  vertex 71.1703 -34.8139 768.165
 endloop
endfacet
facet normal 0.543667 -0.722119 -0.42775
 outer loop
  vertex 66.4756 -43.2067 777.635
  vertex 71.1703 -34.8139 768.165
  vertex 73.5666 -34.8139 771.354
 endloop
endfacet
facet normal 0.468011 -0.722119 -0.509421
 outer loop
  vertex 70.4519 -43.2067 781.455
  vertex 73.5666 -34.8139 771.354
  vertex 76.4433 -34.8139 774.117
 endloop
endfacet
facet normal 0.380233 -0.722119 -0.577899
 outer loop
  vertex 74.9893 -43.2067 784.587
  vertex 76.4433 -34.8139 774.117
  vertex 79.726 -34.8139 776.383
 endloop
endfacet
facet normal 0.282608 -0.722119 -0.631409
 outer loop
  vertex 79.9704 -43.2067 786.95
  vertex 79.726 -34.8139 776.383
  vertex 83.3297 -34.8139 778.093
 endloop
endfacet
facet normal 0.177663 -0.722119 -0.668565
 outer loop
  vertex 85.2661 -43.2067 788.484
  vertex 83.3297 -34.8139 778.093
  vertex 87.1611 -34.8139 779.202
 endloop
endfacet
facet normal 0.0724359 -0.601956 -0.795237
 outer loop
  vertex 91.1208 -34.8139 779.683
  vertex 87.1611 -34.8139 779.202
  vertex 91.4103 -24.398 772.499
 endloop
endfacet
facet normal 0.0119636 -0.534388 -0.845154
 outer loop
  vertex 92.1188 -34.8139 779.703
  vertex 91.4103 -24.398 772.499
  vertex 92.1188 -24.398 772.514
 endloop
endfacet
facet normal 0.0220765 -0.600949 -0.798982
 outer loop
  vertex 92.1188 -34.8139 779.703
  vertex 91.1208 -34.8139 779.683
  vertex 91.4103 -24.398 772.499
 endloop
endfacet
facet normal 0.619609 -0.714884 -0.324077
 outer loop
  vertex 63.6541 -41.0923 768.191
  vertex 68.4405 -36.2707 765.959
  vertex 71.1703 -34.8139 768.165
 endloop
endfacet
facet normal 0.663094 -0.664666 -0.344274
 outer loop
  vertex 71.1703 -34.8139 768.165
  vertex 68.4405 -36.2707 765.959
  vertex 70.7139 -33.4492 764.899
 endloop
endfacet
facet normal 0.757547 -0.519747 -0.394951
 outer loop
  vertex 77.2469 -24.398 764.322
  vertex 70.7139 -33.4492 764.899
  vertex 76.6016 -23.4713 762.153
 endloop
endfacet
facet normal 0.805488 -0.420914 -0.417158
 outer loop
  vertex 78.6639 -18.2209 761.192
  vertex 77.2469 -24.398 764.322
  vertex 76.6016 -23.4713 762.153
 endloop
endfacet
facet normal 0.81156 -0.352642 -0.465848
 outer loop
  vertex 78.6639 -18.2209 761.192
  vertex 81.0401 -12.5641 761.923
  vertex 77.2469 -24.398 764.322
 endloop
endfacet
facet normal 0.848982 -0.290454 -0.441436
 outer loop
  vertex 78.6639 -18.2209 761.192
  vertex 79.6821 -14.8361 760.717
  vertex 81.0401 -12.5641 761.923
 endloop
endfacet
facet normal 0.861302 -0.241261 -0.447161
 outer loop
  vertex 81.0401 -12.5641 761.923
  vertex 79.6821 -14.8361 760.717
  vertex 80.6582 -10.5108 760.262
 endloop
endfacet
facet normal 0.882376 -0.10635 -0.458369
 outer loop
  vertex 82.2687 -2.74764 761.146
  vertex 80.6582 -10.5108 760.262
  vertex 81.5204 -3.42356 759.86
 endloop
endfacet
facet normal 0.886104 -0.0567309 -0.460002
 outer loop
  vertex 81.5564 -2.74766 759.843
  vertex 82.2687 -2.74764 761.146
  vertex 81.5204 -3.42356 759.86
 endloop
endfacet
facet normal 0.0134595 -0.115141 -0.993258
 outer loop
  vertex 92.1188 -2.74764 766.572
  vertex 92.1188 -12.5641 768.026
  vertex 91.6496 -2.74764 766.563
 endloop
endfacet
facet normal 0.0265457 -0.177727 -0.983722
 outer loop
  vertex 91.6496 -2.74764 766.563
  vertex 92.1188 -12.5641 768.026
  vertex 91.591 -12.5641 768.015
 endloop
endfacet
facet normal 0.145334 -0.178191 -0.973204
 outer loop
  vertex 89.7877 -2.74764 766.336
  vertex 91.591 -12.5641 768.015
  vertex 89.4969 -12.5641 767.761
 endloop
endfacet
facet normal 0.299565 -0.178191 -0.937288
 outer loop
  vertex 87.9861 -2.74764 765.815
  vertex 89.4969 -12.5641 767.761
  vertex 87.4707 -12.5641 767.174
 endloop
endfacet
facet normal 0.446037 -0.178191 -0.877097
 outer loop
  vertex 86.2917 -2.74764 765.011
  vertex 87.4707 -12.5641 767.174
  vertex 85.5649 -12.5641 766.269
 endloop
endfacet
facet normal 0.580957 -0.178191 -0.794189
 outer loop
  vertex 84.7481 -2.74764 763.945
  vertex 85.5649 -12.5641 766.269
  vertex 83.8288 -12.5641 765.071
 endloop
endfacet
facet normal 0.700831 -0.178191 -0.690713
 outer loop
  vertex 83.3954 -2.74764 762.646
  vertex 83.8288 -12.5641 765.071
  vertex 82.3074 -12.5641 763.61
 endloop
endfacet
facet normal 0.802553 -0.178191 -0.569347
 outer loop
  vertex 82.2687 -2.74764 761.146
  vertex 82.3074 -12.5641 763.61
  vertex 81.0401 -12.5641 761.923
 endloop
endfacet
facet normal 0.855203 -0.164787 -0.491399
 outer loop
  vertex 80.6582 -10.5108 760.262
  vertex 82.2687 -2.74764 761.146
  vertex 81.0401 -12.5641 761.923
 endloop
endfacet
facet normal 0.668941 -0.11545 -0.734295
 outer loop
  vertex 83.3954 -2.74764 762.646
  vertex 84.7481 -2.74764 763.945
  vertex 83.8288 -12.5641 765.071
 endloop
endfacet
facet normal 0.54249 -0.11545 -0.832092
 outer loop
  vertex 84.7481 -2.74764 763.945
  vertex 86.2917 -2.74764 765.011
  vertex 85.5649 -12.5641 766.269
 endloop
endfacet
facet normal 0.401988 -0.11545 -0.908338
 outer loop
  vertex 86.2917 -2.74764 765.011
  vertex 87.9861 -2.74764 765.815
  vertex 87.4707 -12.5641 767.174
 endloop
endfacet
facet normal 0.251074 -0.11545 -0.961058
 outer loop
  vertex 87.9861 -2.74764 765.815
  vertex 89.7877 -2.74764 766.336
  vertex 89.4969 -12.5641 767.761
 endloop
endfacet
facet normal 0.0936585 -0.11545 -0.988888
 outer loop
  vertex 89.7877 -2.74764 766.336
  vertex 91.6496 -2.74764 766.563
  vertex 91.591 -12.5641 768.015
 endloop
endfacet
facet normal 0.0131191 -0.316554 -0.948484
 outer loop
  vertex 92.1188 -12.5641 768.026
  vertex 92.1188 -24.398 772.514
  vertex 91.591 -12.5641 768.015
 endloop
endfacet
facet normal 0.0250828 -0.392187 -0.919544
 outer loop
  vertex 91.591 -12.5641 768.015
  vertex 92.1188 -24.398 772.514
  vertex 91.4103 -24.398 772.499
 endloop
endfacet
facet normal 0.121875 -0.535448 -0.835728
 outer loop
  vertex 88.5992 -24.398 772.158
  vertex 91.4103 -24.398 772.499
  vertex 87.1611 -34.8139 779.202
 endloop
endfacet
facet normal 0.245067 -0.601956 -0.759994
 outer loop
  vertex 85.8792 -24.398 771.37
  vertex 87.1611 -34.8139 779.202
  vertex 83.3297 -34.8139 778.093
 endloop
endfacet
facet normal 0.363805 -0.601956 -0.710841
 outer loop
  vertex 83.3209 -24.398 770.156
  vertex 83.3297 -34.8139 778.093
  vertex 79.726 -34.8139 776.383
 endloop
endfacet
facet normal 0.473121 -0.601956 -0.643277
 outer loop
  vertex 80.9903 -24.398 768.548
  vertex 79.726 -34.8139 776.383
  vertex 76.4433 -34.8139 774.117
 endloop
endfacet
facet normal 0.570183 -0.601956 -0.559053
 outer loop
  vertex 78.9481 -24.398 766.586
  vertex 76.4433 -34.8139 774.117
  vertex 73.5666 -34.8139 771.354
 endloop
endfacet
facet normal 0.652477 -0.601956 -0.46035
 outer loop
  vertex 77.2469 -24.398 764.322
  vertex 73.5666 -34.8139 771.354
  vertex 71.1703 -34.8139 768.165
 endloop
endfacet
facet normal 0.697956 -0.592375 -0.40243
 outer loop
  vertex 70.7139 -33.4492 764.899
  vertex 77.2469 -24.398 764.322
  vertex 71.1703 -34.8139 768.165
 endloop
endfacet
facet normal 0.00479061 -0.960484 -0.278293
 outer loop
  vertex 92.1188 -49.0884 800.383
  vertex 92.1188 -52.1172 812.672
  vertex 90.2881 -49.0884 800.346
 endloop
endfacet
facet normal 0.00641896 -0.979831 -0.199726
 outer loop
  vertex 90.2881 -49.0884 800.346
  vertex 92.1188 -52.1172 812.672
  vertex 89.7933 -52.1172 812.625
 endloop
endfacet
facet normal 0.0044976 -0.999041 -0.043562
 outer loop
  vertex 80.5665 -52.1172 811.505
  vertex 89.7933 -52.1172 812.625
  vertex 82.221 -52.1829 824.056
 endloop
endfacet
facet normal -0.00293678 -0.999458 0.0327935
 outer loop
  vertex 80.9968 -52.1891 823.813
  vertex 80.5665 -52.1172 811.505
  vertex 82.221 -52.1829 824.056
 endloop
endfacet
facet normal -0.00580851 -0.999336 0.0359807
 outer loop
  vertex 80.9968 -52.1891 823.813
  vertex 78.0349 -52.1172 823.905
  vertex 80.5665 -52.1172 811.505
 endloop
endfacet
facet normal -0.0206763 -0.993313 0.113584
 outer loop
  vertex 80.9968 -52.1891 823.813
  vertex 79.7736 -52.1382 824.059
  vertex 78.0349 -52.1172 823.905
 endloop
endfacet
facet normal -0.0232956 -0.992301 0.121636
 outer loop
  vertex 78.0349 -52.1172 823.905
  vertex 79.7736 -52.1382 824.059
  vertex 78.7412 -52.0278 824.756
 endloop
endfacet
facet normal -0.0265272 -0.990616 0.134077
 outer loop
  vertex 78.0579 -51.8603 825.79
  vertex 78.0349 -52.1172 823.905
  vertex 78.7412 -52.0278 824.756
 endloop
endfacet
facet normal -0.0297576 -0.98841 0.148866
 outer loop
  vertex 78.0579 -51.8603 825.79
  vertex 77.8223 -51.6509 827
  vertex 78.0349 -52.1172 823.905
 endloop
endfacet
facet normal -0.0435261 -0.97567 0.214882
 outer loop
  vertex 78.0349 -52.1172 823.905
  vertex 77.8223 -51.6509 827
  vertex 75.5769 -49.0884 835.945
 endloop
endfacet
facet normal -0.080346 -0.960705 0.265687
 outer loop
  vertex 67.1509 -52.1172 820.753
  vertex 75.5769 -49.0884 835.945
  vertex 62.7933 -49.0884 832.243
 endloop
endfacet
facet normal -0.121925 -0.960705 0.249358
 outer loop
  vertex 56.9135 -52.1172 815.895
  vertex 62.7933 -49.0884 832.243
  vertex 50.7693 -49.0884 826.537
 endloop
endfacet
facet normal -0.160346 -0.960705 0.226571
 outer loop
  vertex 47.588 -52.1172 809.458
  vertex 50.7693 -49.0884 826.537
  vertex 39.8161 -49.0884 818.977
 endloop
endfacet
facet normal -0.105292 -0.979907 0.169396
 outer loop
  vertex 47.588 -52.1172 809.458
  vertex 56.9135 -52.1172 815.895
  vertex 50.7693 -49.0884 826.537
 endloop
endfacet
facet normal -0.0202204 -0.999182 0.0350228
 outer loop
  vertex 47.588 -52.1172 809.458
  vertex 55.5924 -52.1172 799.654
  vertex 56.9135 -52.1172 815.895
 endloop
endfacet
facet normal 0.0302704 -0.999182 -0.0268173
 outer loop
  vertex 47.588 -52.1172 809.458
  vertex 48.8892 -52.1172 793.216
  vertex 55.5924 -52.1172 799.654
 endloop
endfacet
facet normal -0.0255767 -0.999182 0.0313257
 outer loop
  vertex 47.588 -52.1172 809.458
  vertex 39.4158 -52.1172 801.608
  vertex 48.8892 -52.1172 793.216
 endloop
endfacet
facet normal 0.00162839 -0.999182 -0.0404081
 outer loop
  vertex 92.1188 -52.1172 812.672
  vertex 92.1188 -52.1172 825.328
  vertex 89.7933 -52.1172 812.625
 endloop
endfacet
facet normal -1.13951E-16 -0.999182 0.0404409
 outer loop
  vertex 89.7933 -52.1172 812.625
  vertex 92.1188 -52.1172 825.328
  vertex 89.2837 -52.1172 825.271
 endloop
endfacet
facet normal -0.011943 -0.992 0.125669
 outer loop
  vertex 83.2562 -52.1193 824.751
  vertex 89.2837 -52.1172 825.271
  vertex 83.9432 -51.9961 825.786
 endloop
endfacet
facet normal -0.00507758 -0.999186 0.0400087
 outer loop
  vertex 83.2562 -52.1193 824.751
  vertex 89.7933 -52.1172 812.625
  vertex 89.2837 -52.1172 825.271
 endloop
endfacet
facet normal -0.0086641 -0.999313 0.0360352
 outer loop
  vertex 83.2562 -52.1193 824.751
  vertex 82.221 -52.1829 824.056
  vertex 89.7933 -52.1172 812.625
 endloop
endfacet
facet normal -0.0016284 -0.979831 0.199822
 outer loop
  vertex 92.1188 -52.1172 825.328
  vertex 92.1188 -49.0884 837.617
  vertex 89.2837 -52.1172 825.271
 endloop
endfacet
facet normal -0.00641902 -0.960484 0.278261
 outer loop
  vertex 89.2837 -52.1172 825.271
  vertex 92.1188 -49.0884 837.617
  vertex 88.7889 -49.0884 837.55
 endloop
endfacet
facet normal -0.0197172 -0.968639 0.24769
 outer loop
  vertex 83.9383 -51.6031 828.208
  vertex 88.7889 -49.0884 837.55
  vertex 83.2555 -51.3858 829.232
 endloop
endfacet
facet normal -0.0132525 -0.975324 0.22038
 outer loop
  vertex 83.9383 -51.6031 828.208
  vertex 89.2837 -52.1172 825.271
  vertex 88.7889 -49.0884 837.55
 endloop
endfacet
facet normal -0.0142917 -0.987903 0.154414
 outer loop
  vertex 83.9383 -51.6031 828.208
  vertex 84.1806 -51.8178 827
  vertex 89.2837 -52.1172 825.271
 endloop
endfacet
facet normal -0.0127626 -0.990186 0.139173
 outer loop
  vertex 89.2837 -52.1172 825.271
  vertex 84.1806 -51.8178 827
  vertex 83.9432 -51.9961 825.786
 endloop
endfacet
facet normal -0.00479068 -0.903552 0.428451
 outer loop
  vertex 92.1188 -49.0884 837.617
  vertex 92.1188 -43.2067 848.823
  vertex 88.7889 -49.0884 837.55
 endloop
endfacet
facet normal -0.0124654 -0.865979 0.499924
 outer loop
  vertex 88.7889 -49.0884 837.55
  vertex 92.1188 -43.2067 848.823
  vertex 88.3376 -43.2067 848.747
 endloop
endfacet
facet normal -0.0696479 -0.8666 0.494119
 outer loop
  vertex 75.5769 -49.0884 835.945
  vertex 88.3376 -43.2067 848.747
  vertex 73.3353 -43.2067 846.926
 endloop
endfacet
facet normal -0.148008 -0.8666 0.476548
 outer loop
  vertex 62.7933 -49.0884 832.243
  vertex 73.3353 -43.2067 846.926
  vertex 58.8194 -43.2067 842.721
 endloop
endfacet
facet normal -0.222535 -0.8666 0.446634
 outer loop
  vertex 50.7693 -49.0884 826.537
  vertex 58.8194 -43.2067 842.721
  vertex 45.1659 -43.2067 836.242
 endloop
endfacet
facet normal -0.169339 -0.903957 0.392666
 outer loop
  vertex 50.7693 -49.0884 826.537
  vertex 62.7933 -49.0884 832.243
  vertex 58.8194 -43.2067 842.721
 endloop
endfacet
facet normal -0.00767479 -0.774769 0.632198
 outer loop
  vertex 92.1188 -43.2067 848.823
  vertex 92.1188 -34.8139 858.297
  vertex 88.3376 -43.2067 848.747
 endloop
endfacet
facet normal -0.0177879 -0.721146 0.692555
 outer loop
  vertex 88.3376 -43.2067 848.747
  vertex 92.1188 -34.8139 858.297
  vertex 87.9562 -34.8139 858.213
 endloop
endfacet
facet normal -0.0986091 -0.722119 0.684704
 outer loop
  vertex 73.3353 -43.2067 846.926
  vertex 87.9562 -34.8139 858.213
  vertex 71.4403 -34.8139 856.208
 endloop
endfacet
facet normal -0.207166 -0.722119 0.66002
 outer loop
  vertex 58.8194 -43.2067 842.721
  vertex 71.4403 -34.8139 856.208
  vertex 55.4601 -34.8139 851.579
 endloop
endfacet
facet normal -0.15611 -0.775562 0.611665
 outer loop
  vertex 58.8194 -43.2067 842.721
  vertex 73.3353 -43.2067 846.926
  vertex 71.4403 -34.8139 856.208
 endloop
endfacet
facet normal -0.0101131 -0.600949 0.799223
 outer loop
  vertex 92.1188 -34.8139 858.297
  vertex 92.1188 -24.398 865.486
  vertex 87.9562 -34.8139 858.213
 endloop
endfacet
facet normal -0.022077 -0.534388 0.844951
 outer loop
  vertex 87.9562 -34.8139 858.213
  vertex 92.1188 -24.398 865.486
  vertex 87.6667 -24.398 865.397
 endloop
endfacet
facet normal -0.121875 -0.535448 0.835728
 outer loop
  vertex 71.4403 -34.8139 856.208
  vertex 87.6667 -24.398 865.397
  vertex 70.0022 -24.398 863.252
 endloop
endfacet
facet normal -0.0724359 -0.601956 0.795237
 outer loop
  vertex 71.4403 -34.8139 856.208
  vertex 87.9562 -34.8139 858.213
  vertex 87.6667 -24.398 865.397
 endloop
endfacet
facet normal -0.0119639 -0.392187 0.919808
 outer loop
  vertex 92.1188 -24.398 865.486
  vertex 92.1188 -12.5641 869.974
  vertex 87.6667 -24.398 865.397
 endloop
endfacet
facet normal -0.0250831 -0.316554 0.948243
 outer loop
  vertex 87.6667 -24.398 865.397
  vertex 92.1188 -12.5641 869.974
  vertex 87.486 -12.5641 869.881
 endloop
endfacet
facet normal -0.0480235 -0.969359 0.240907
 outer loop
  vertex 77.8223 -51.6509 827
  vertex 78.0642 -51.4308 828.206
  vertex 75.5769 -49.0884 835.945
 endloop
endfacet
facet normal -0.0492211 -0.966055 0.253603
 outer loop
  vertex 75.5769 -49.0884 835.945
  vertex 78.0642 -51.4308 828.206
  vertex 78.7498 -51.2414 829.234
 endloop
endfacet
facet normal -0.0488874 -0.963682 0.26254
 outer loop
  vertex 79.784 -51.1258 829.926
  vertex 75.5769 -49.0884 835.945
  vertex 78.7498 -51.2414 829.234
 endloop
endfacet
facet normal -0.0471442 -0.962716 0.266375
 outer loop
  vertex 79.784 -51.1258 829.926
  vertex 81.009 -51.1139 830.168
  vertex 75.5769 -49.0884 835.945
 endloop
endfacet
facet normal -0.0396026 -0.949954 0.309869
 outer loop
  vertex 75.5769 -49.0884 835.945
  vertex 81.009 -51.1139 830.168
  vertex 88.7889 -49.0884 837.55
 endloop
endfacet
facet normal -0.0362796 -0.903957 0.426082
 outer loop
  vertex 88.3376 -43.2067 848.747
  vertex 75.5769 -49.0884 835.945
  vertex 88.7889 -49.0884 837.55
 endloop
endfacet
facet normal -0.0255313 -0.963416 0.26679
 outer loop
  vertex 81.009 -51.1139 830.168
  vertex 82.2294 -51.209 829.922
  vertex 88.7889 -49.0884 837.55
 endloop
endfacet
facet normal -0.0225094 -0.965501 0.259423
 outer loop
  vertex 88.7889 -49.0884 837.55
  vertex 82.2294 -51.209 829.922
  vertex 83.2555 -51.3858 829.232
 endloop
endfacet
facet normal 0.778068 -0.11545 -0.61748
 outer loop
  vertex 83.3954 -2.74764 762.646
  vertex 82.3074 -12.5641 763.61
  vertex 82.2687 -2.74764 761.146
 endloop
endfacet
facet normal -0.449368 -0.11545 0.885856
 outer loop
  vertex 33.8636 -2.74764 855.819
  vertex 34.5904 -12.5641 854.56
  vertex 50.8037 -2.74764 863.857
 endloop
endfacet
facet normal -0.53657 -0.178191 0.824828
 outer loop
  vertex 33.8636 -2.74764 855.819
  vertex 19.3517 -12.5641 844.041
  vertex 34.5904 -12.5641 854.56
 endloop
endfacet
facet normal -0.558256 -0.317337 0.766582
 outer loop
  vertex 34.5904 -12.5641 854.56
  vertex 19.3517 -12.5641 844.041
  vertex 22.1901 -24.398 840.565
 endloop
endfacet
facet normal -0.301447 -0.11545 0.946468
 outer loop
  vertex 50.8037 -2.74764 863.857
  vertex 51.3191 -12.5641 862.498
  vertex 68.8137 -2.74764 869.073
 endloop
endfacet
facet normal -0.39731 -0.178191 0.900218
 outer loop
  vertex 50.8037 -2.74764 863.857
  vertex 34.5904 -12.5641 854.56
  vertex 51.3191 -12.5641 862.498
 endloop
endfacet
facet normal -0.428059 -0.317337 0.846205
 outer loop
  vertex 51.3191 -12.5641 862.498
  vertex 34.5904 -12.5641 854.56
  vertex 36.8344 -24.398 850.673
 endloop
endfacet
facet normal -0.145719 -0.11545 0.982567
 outer loop
  vertex 87.4274 -2.74764 871.334
  vertex 68.8137 -2.74764 869.073
  vertex 69.1045 -12.5641 867.649
 endloop
endfacet
facet normal -0.247759 -0.178191 0.952294
 outer loop
  vertex 69.1045 -12.5641 867.649
  vertex 68.8137 -2.74764 869.073
  vertex 51.3191 -12.5641 862.498
 endloop
endfacet
facet normal -0.286774 -0.317337 0.903912
 outer loop
  vertex 52.9106 -24.398 858.301
  vertex 69.1045 -12.5641 867.649
  vertex 51.3191 -12.5641 862.498
 endloop
endfacet
facet normal -0.0559701 -0.775562 0.628786
 outer loop
  vertex 88.3376 -43.2067 848.747
  vertex 87.9562 -34.8139 858.213
  vertex 73.3353 -43.2067 846.926
 endloop
endfacet
facet normal 0.0145094 -0.979907 -0.198924
 outer loop
  vertex 90.2881 -49.0884 800.346
  vertex 89.7933 -52.1172 812.625
  vertex 80.5665 -52.1172 811.505
 endloop
endfacet
facet normal 0.0696479 -0.8666 -0.494119
 outer loop
  vertex 85.2661 -43.2067 788.484
  vertex 90.7394 -43.2067 789.149
  vertex 83.0245 -49.0884 799.464
 endloop
endfacet
facet normal 0.0362796 -0.903957 -0.426082
 outer loop
  vertex 83.0245 -49.0884 799.464
  vertex 90.7394 -43.2067 789.149
  vertex 90.2881 -49.0884 800.346
 endloop
endfacet
facet normal 0.138063 -0.317337 -0.938209
 outer loop
  vertex 89.4969 -12.5641 767.761
  vertex 91.591 -12.5641 768.015
  vertex 88.5992 -24.398 772.158
 endloop
endfacet
facet normal 0.280957 -0.393071 -0.875533
 outer loop
  vertex 87.4707 -12.5641 767.174
  vertex 88.5992 -24.398 772.158
  vertex 85.8792 -24.398 771.37
 endloop
endfacet
facet normal 0.417764 -0.393071 -0.819127
 outer loop
  vertex 85.5649 -12.5641 766.269
  vertex 85.8792 -24.398 771.37
  vertex 83.3209 -24.398 770.156
 endloop
endfacet
facet normal 0.543751 -0.393071 -0.741505
 outer loop
  vertex 83.8288 -12.5641 765.071
  vertex 83.3209 -24.398 770.156
  vertex 80.9903 -24.398 768.548
 endloop
endfacet
facet normal 0.655656 -0.393071 -0.644679
 outer loop
  vertex 82.3074 -12.5641 763.61
  vertex 80.9903 -24.398 768.548
  vertex 78.9481 -24.398 766.586
 endloop
endfacet
facet normal 0.750579 -0.393071 -0.531156
 outer loop
  vertex 81.0401 -12.5641 761.923
  vertex 78.9481 -24.398 766.586
  vertex 77.2469 -24.398 764.322
 endloop
endfacet
facet normal 0.743481 -0.317337 -0.588671
 outer loop
  vertex 81.0401 -12.5641 761.923
  vertex 82.3074 -12.5641 763.61
  vertex 78.9481 -24.398 766.586
 endloop
endfacet
facet normal -0.104158 -0.903957 0.414745
 outer loop
  vertex 75.5769 -49.0884 835.945
  vertex 73.3353 -43.2067 846.926
  vertex 62.7933 -49.0884 832.243
 endloop
endfacet
facet normal -0.0462311 -0.979907 0.194021
 outer loop
  vertex 75.5769 -49.0884 835.945
  vertex 67.1509 -52.1172 820.753
  vertex 78.0349 -52.1172 823.905
 endloop
endfacet
facet normal -0.00808922 -0.999182 0.0396236
 outer loop
  vertex 78.0349 -52.1172 823.905
  vertex 67.1509 -52.1172 820.753
  vertex 71.6389 -52.1172 808.919
 endloop
endfacet
facet normal 0.0143405 -0.999182 -0.0378129
 outer loop
  vertex 80.5665 -52.1172 811.505
  vertex 78.0349 -52.1172 823.905
  vertex 71.6389 -52.1172 808.919
 endloop
endfacet
facet normal 0.133633 -0.903957 -0.406207
 outer loop
  vertex 79.9704 -43.2067 786.95
  vertex 83.0245 -49.0884 799.464
  vertex 75.9965 -49.0884 797.429
 endloop
endfacet
facet normal 0.0740931 -0.960705 -0.267498
 outer loop
  vertex 75.9965 -49.0884 797.429
  vertex 83.0245 -49.0884 799.464
  vertex 80.5665 -52.1172 811.505
 endloop
endfacet
facet normal 0.0986091 -0.722119 -0.684704
 outer loop
  vertex 85.2661 -43.2067 788.484
  vertex 87.1611 -34.8139 779.202
  vertex 91.1208 -34.8139 779.683
 endloop
endfacet
facet normal 0.215455 -0.535448 -0.816624
 outer loop
  vertex 88.5992 -24.398 772.158
  vertex 87.1611 -34.8139 779.202
  vertex 85.8792 -24.398 771.37
 endloop
endfacet
facet normal 0.240731 -0.317337 -0.917249
 outer loop
  vertex 89.4969 -12.5641 767.761
  vertex 88.5992 -24.398 772.158
  vertex 87.4707 -12.5641 767.174
 endloop
endfacet
facet normal 0.0847052 -0.393071 -0.915598
 outer loop
  vertex 91.4103 -24.398 772.499
  vertex 88.5992 -24.398 772.158
  vertex 91.591 -12.5641 768.015
 endloop
endfacet
facet normal -0.254357 -0.535448 0.805356
 outer loop
  vertex 52.9106 -24.398 858.301
  vertex 55.4601 -34.8139 851.579
  vertex 70.0022 -24.398 863.252
 endloop
endfacet
facet normal -0.0767556 -0.979907 0.184092
 outer loop
  vertex 62.7933 -49.0884 832.243
  vertex 56.9135 -52.1172 815.895
  vertex 67.1509 -52.1172 820.753
 endloop
endfacet
facet normal -0.0143405 -0.999182 0.0378129
 outer loop
  vertex 67.1509 -52.1172 820.753
  vertex 56.9135 -52.1172 815.895
  vertex 63.2417 -52.1172 804.934
 endloop
endfacet
facet normal 0.0202204 -0.999182 -0.0350228
 outer loop
  vertex 71.6389 -52.1172 808.919
  vertex 67.1509 -52.1172 820.753
  vertex 63.2417 -52.1172 804.934
 endloop
endfacet
facet normal 0.197063 -0.903957 -0.379511
 outer loop
  vertex 74.9893 -43.2067 784.587
  vertex 75.9965 -49.0884 797.429
  vertex 69.386 -49.0884 794.292
 endloop
endfacet
facet normal 0.116043 -0.960705 -0.252149
 outer loop
  vertex 69.386 -49.0884 794.292
  vertex 75.9965 -49.0884 797.429
  vertex 71.6389 -52.1172 808.919
 endloop
endfacet
facet normal 0.194972 -0.775562 -0.600408
 outer loop
  vertex 79.9704 -43.2067 786.95
  vertex 83.3297 -34.8139 778.093
  vertex 85.2661 -43.2067 788.484
 endloop
endfacet
facet normal 0.343661 -0.535448 -0.771487
 outer loop
  vertex 85.8792 -24.398 771.37
  vertex 83.3297 -34.8139 778.093
  vertex 83.3209 -24.398 770.156
 endloop
endfacet
facet normal 0.384751 -0.317337 -0.866755
 outer loop
  vertex 87.4707 -12.5641 767.174
  vertex 85.8792 -24.398 771.37
  vertex 85.5649 -12.5641 766.269
 endloop
endfacet
facet normal 0.0255766 -0.999182 -0.0313257
 outer loop
  vertex 63.2417 -52.1172 804.934
  vertex 56.9135 -52.1172 815.895
  vertex 55.5924 -52.1172 799.654
 endloop
endfacet
facet normal 0.255389 -0.903957 -0.342985
 outer loop
  vertex 70.4519 -43.2067 781.455
  vertex 69.386 -49.0884 794.292
  vertex 63.3643 -49.0884 790.135
 endloop
endfacet
facet normal 0.154988 -0.960705 -0.230269
 outer loop
  vertex 63.3643 -49.0884 790.135
  vertex 69.386 -49.0884 794.292
  vertex 63.2417 -52.1172 804.934
 endloop
endfacet
facet normal 0.288759 -0.775562 -0.561358
 outer loop
  vertex 74.9893 -43.2067 784.587
  vertex 79.726 -34.8139 776.383
  vertex 79.9704 -43.2067 786.95
 endloop
endfacet
facet normal 0.462966 -0.535448 -0.70637
 outer loop
  vertex 83.3209 -24.398 770.156
  vertex 79.726 -34.8139 776.383
  vertex 80.9903 -24.398 768.548
 endloop
endfacet
facet normal 0.518806 -0.317337 -0.793812
 outer loop
  vertex 85.5649 -12.5641 766.269
  vertex 83.3209 -24.398 770.156
  vertex 83.8288 -12.5641 765.071
 endloop
endfacet
facet normal -0.405512 -0.722119 0.56045
 outer loop
  vertex 40.4292 -34.8139 844.447
  vertex 26.7371 -34.8139 834.996
  vertex 32.7285 -43.2067 827.657
 endloop
endfacet
facet normal -0.422483 -0.775562 0.469055
 outer loop
  vertex 32.7285 -43.2067 827.657
  vertex 26.7371 -34.8139 834.996
  vertex 21.8293 -43.2067 817.189
 endloop
endfacet
facet normal -0.352517 -0.8666 0.353179
 outer loop
  vertex 30.2176 -49.0884 809.757
  vertex 32.7285 -43.2067 827.657
  vertex 21.8293 -43.2067 817.189
 endloop
endfacet
facet normal 0.307101 -0.903957 -0.297576
 outer loop
  vertex 66.4756 -43.2067 777.635
  vertex 63.3643 -49.0884 790.135
  vertex 58.0873 -49.0884 785.067
 endloop
endfacet
facet normal 0.189919 -0.960705 -0.202425
 outer loop
  vertex 58.0873 -49.0884 785.067
  vertex 63.3643 -49.0884 790.135
  vertex 55.5924 -52.1172 799.654
 endloop
endfacet
facet normal 0.375068 -0.775562 -0.507768
 outer loop
  vertex 70.4519 -43.2067 781.455
  vertex 76.4433 -34.8139 774.117
  vertex 74.9893 -43.2067 784.587
 endloop
endfacet
facet normal 0.57028 -0.535448 -0.622957
 outer loop
  vertex 80.9903 -24.398 768.548
  vertex 76.4433 -34.8139 774.117
  vertex 78.9481 -24.398 766.586
 endloop
endfacet
facet normal 0.639424 -0.317337 -0.70031
 outer loop
  vertex 83.8288 -12.5641 765.071
  vertex 80.9903 -24.398 768.548
  vertex 82.3074 -12.5641 763.61
 endloop
endfacet
facet normal -0.599489 -0.535448 0.594901
 outer loop
  vertex 22.1901 -24.398 840.565
  vertex 9.35687 -24.398 828.238
  vertex 14.7384 -34.8139 823.471
 endloop
endfacet
facet normal -0.623705 -0.601956 0.498639
 outer loop
  vertex 14.7384 -34.8139 823.471
  vertex 9.35687 -24.398 828.238
  vertex 4.74375 -34.8139 810.17
 endloop
endfacet
facet normal -0.562119 -0.722119 0.403194
 outer loop
  vertex 12.7506 -43.2067 805.107
  vertex 14.7384 -34.8139 823.471
  vertex 4.74375 -34.8139 810.17
 endloop
endfacet
facet normal -0.490163 -0.722119 0.488143
 outer loop
  vertex 14.7384 -34.8139 823.471
  vertex 21.8293 -43.2067 817.189
  vertex 26.7371 -34.8139 834.996
 endloop
endfacet
facet normal 0.451662 -0.775562 -0.441027
 outer loop
  vertex 66.4756 -43.2067 777.635
  vertex 73.5666 -34.8139 771.354
  vertex 70.4519 -43.2067 781.455
 endloop
endfacet
facet normal 0.662824 -0.535448 -0.523411
 outer loop
  vertex 78.9481 -24.398 766.586
  vertex 73.5666 -34.8139 771.354
  vertex 77.2469 -24.398 764.322
 endloop
endfacet
facet normal -0.727237 -0.545891 0.416088
 outer loop
  vertex -7.20614 -26.1729 801.234
  vertex 4.74375 -34.8139 810.17
  vertex -1.33285 -24.398 814.013
 endloop
endfacet
facet normal -0.687155 -0.535448 0.491033
 outer loop
  vertex -1.33285 -24.398 814.013
  vertex 4.74375 -34.8139 810.17
  vertex 9.35687 -24.398 828.238
 endloop
endfacet
facet normal -0.214039 -0.969158 0.122149
 outer loop
  vertex 21.5822 -50.6684 787.809
  vertex 32.6085 -52.1172 792.55
  vertex 22.2223 -49.0884 799.117
 endloop
endfacet
facet normal -0.223842 -0.960705 0.164135
 outer loop
  vertex 22.2223 -49.0884 799.117
  vertex 32.6085 -52.1172 792.55
  vertex 30.2176 -49.0884 809.757
 endloop
endfacet
facet normal 0.516559 -0.775562 -0.362864
 outer loop
  vertex 63.1635 -43.2067 773.228
  vertex 71.1703 -34.8139 768.165
  vertex 66.4756 -43.2067 777.635
 endloop
endfacet
facet normal -0.0140069 -0.999799 0.0143677
 outer loop
  vertex 34.0404 -52.5001 782
  vertex 31.4803 -52.424 783.194
  vertex 33.374 -52.5171 780.57
 endloop
endfacet
facet normal -0.0309276 -0.99901 0.031962
 outer loop
  vertex 33.374 -52.5171 780.57
  vertex 31.4803 -52.424 783.194
  vertex 29.9849 -52.3942 781.931
 endloop
endfacet
facet normal -0.00432787 -0.995226 0.0975039
 outer loop
  vertex 32.9035 -52.5535 779.561
  vertex 29.9849 -52.3942 781.931
  vertex 27.503 -52.9541 776.647
 endloop
endfacet
facet normal 0.0669982 -0.97142 0.227716
 outer loop
  vertex 30.892 -53.0446 775.248
  vertex 27.503 -52.9541 776.647
  vertex 27.3847 -53.6585 773.994
 endloop
endfacet
facet normal 0.122997 -0.946771 0.297483
 outer loop
  vertex 29.8911 -53.6328 773.102
  vertex 27.3847 -53.6585 773.994
  vertex 29.8201 -53.6889 772.949
 endloop
endfacet
facet normal 0.102987 -0.961361 0.2553
 outer loop
  vertex 29.8911 -53.6328 773.102
  vertex 30.892 -53.0446 775.248
  vertex 27.3847 -53.6585 773.994
 endloop
endfacet
facet normal -0.0291121 -0.991506 0.126761
 outer loop
  vertex 29.9849 -52.3942 781.931
  vertex 26.8627 -52.3742 780.161
  vertex 27.503 -52.9541 776.647
 endloop
endfacet
facet normal -0.0311803 -0.987591 0.15392
 outer loop
  vertex 27.503 -52.9541 776.647
  vertex 26.8627 -52.3742 780.161
  vertex 26.5695 -52.3727 780.042
 endloop
endfacet
facet normal -0.0323008 -0.978383 0.204265
 outer loop
  vertex 21.5279 -52.2571 779.007
  vertex 27.503 -52.9541 776.647
  vertex 26.5695 -52.3727 780.042
 endloop
endfacet
facet normal -0.0314304 -0.965071 0.260096
 outer loop
  vertex 21.5279 -52.2571 779.007
  vertex 20.9085 -52.282 778.8
  vertex 27.503 -52.9541 776.647
 endloop
endfacet
facet normal -0.0595017 -0.955192 0.289946
 outer loop
  vertex 21.5279 -52.2571 779.007
  vertex 21.0771 -52.2302 779
  vertex 20.9085 -52.282 778.8
 endloop
endfacet
facet normal -0.059872 -0.953404 0.295698
 outer loop
  vertex 20.9085 -52.282 778.8
  vertex 21.0771 -52.2302 779
  vertex 20.9214 -52.2201 779
 endloop
endfacet
facet normal -0.0605135 -0.950614 0.304419
 outer loop
  vertex 20.1677 -52.1702 779
  vertex 20.9085 -52.282 778.8
  vertex 20.9214 -52.2201 779
 endloop
endfacet
facet normal -0.0285011 -0.936978 0.348223
 outer loop
  vertex 20.1677 -52.1702 779
  vertex 20.6761 -53.191 776.432
  vertex 20.9085 -52.282 778.8
 endloop
endfacet
facet normal -0.034389 -0.920441 0.389365
 outer loop
  vertex 20.1677 -52.1702 779
  vertex 16.5175 -51.9009 779.002
  vertex 20.6761 -53.191 776.432
 endloop
endfacet
facet normal 0.0311351 -0.877901 0.477829
 outer loop
  vertex 20.6761 -53.191 776.432
  vertex 16.5175 -51.9009 779.002
  vertex 20.2915 -54.3731 774.446
 endloop
endfacet
facet normal 0.146686 -0.873868 0.463505
 outer loop
  vertex 27.3847 -53.6585 773.994
  vertex 20.2915 -54.3731 774.446
  vertex 27.0892 -54.6807 771.785
 endloop
endfacet
facet normal 0.186706 -0.888488 0.419201
 outer loop
  vertex 29.8201 -53.6889 772.949
  vertex 27.0892 -54.6807 771.785
  vertex 28.9027 -54.6832 770.983
 endloop
endfacet
facet normal 0.147479 -0.918132 0.367809
 outer loop
  vertex 29.8201 -53.6889 772.949
  vertex 27.3847 -53.6585 773.994
  vertex 27.0892 -54.6807 771.785
 endloop
endfacet
facet normal -0.0141033 -0.850513 0.525764
 outer loop
  vertex 16.5175 -51.9009 779.002
  vertex 11.5673 -51.411 779
  vertex 20.2915 -54.3731 774.446
 endloop
endfacet
facet normal -0.015065 -0.777274 0.628982
 outer loop
  vertex 20.2915 -54.3731 774.446
  vertex 11.5673 -51.411 779
  vertex 7.57337 -52.1841 777.573
 endloop
endfacet
facet normal 0.0534724 -0.605606 0.793966
 outer loop
  vertex 19.7278 -55.8765 772.907
  vertex 7.57337 -52.1841 777.573
  vertex 6.19926 -55.6335 775.114
 endloop
endfacet
facet normal 0.151269 -0.38293 0.911308
 outer loop
  vertex 18.9746 -57.7198 771.843
  vertex 6.19926 -55.6335 775.114
  vertex 10.5693 -61.2806 772.629
 endloop
endfacet
facet normal 0.218642 -0.132265 0.9668
 outer loop
  vertex 16.9703 -62.2999 770.96
  vertex 10.5693 -61.2806 772.629
  vertex 13.9215 -69 771.214
 endloop
endfacet
facet normal 0.273397 -0.0664607 0.959602
 outer loop
  vertex 20.8047 -69 769.263
  vertex 16.9703 -62.2999 770.96
  vertex 13.9215 -69 771.214
 endloop
endfacet
facet normal 0.323664 -0.102592 0.940594
 outer loop
  vertex 20.8047 -69 769.263
  vertex 23.657 -62.8065 768.576
  vertex 16.9703 -62.2999 770.96
 endloop
endfacet
facet normal 0.373435 -0.0530949 0.926136
 outer loop
  vertex 20.8047 -69 769.263
  vertex 26.9433 -68.9999 766.78
  vertex 23.657 -62.8065 768.576
 endloop
endfacet
facet normal 0.404044 -0.0866387 0.910628
 outer loop
  vertex 23.657 -62.8065 768.576
  vertex 26.9433 -68.9999 766.78
  vertex 27.0811 -62.9693 767.075
 endloop
endfacet
facet normal 0.402293 -0.121033 0.907476
 outer loop
  vertex 27.0879 -62.8362 767.089
  vertex 23.657 -62.8065 768.576
  vertex 27.0811 -62.9693 767.075
 endloop
endfacet
facet normal 0.398765 -0.178537 0.899506
 outer loop
  vertex 27.0879 -62.8362 767.089
  vertex 27.3521 -59.673 767.658
  vertex 23.657 -62.8065 768.576
 endloop
endfacet
facet normal 0.388108 -0.288862 0.875175
 outer loop
  vertex 23.657 -62.8065 768.576
  vertex 27.3521 -59.673 767.658
  vertex 27.6364 -57.9499 768.266
 endloop
endfacet
facet normal 0.33408 -0.492495 0.803641
 outer loop
  vertex 18.9746 -57.7198 771.843
  vertex 27.6364 -57.9499 768.266
  vertex 27.8817 -56.9534 768.795
 endloop
endfacet
facet normal 0.294626 -0.632647 0.716208
 outer loop
  vertex 19.7278 -55.8765 772.907
  vertex 27.8817 -56.9534 768.795
  vertex 28.1706 -56.0934 769.413
 endloop
endfacet
facet normal 0.253378 -0.789125 0.559537
 outer loop
  vertex 27.0892 -54.6807 771.785
  vertex 28.1706 -56.0934 769.413
  vertex 28.7308 -54.946 770.615
 endloop
endfacet
facet normal 0.220717 -0.84303 0.490494
 outer loop
  vertex 28.9027 -54.6832 770.983
  vertex 27.0892 -54.6807 771.785
  vertex 28.7308 -54.946 770.615
 endloop
endfacet
facet normal -0.103285 -0.755216 0.647288
 outer loop
  vertex 11.5673 -51.411 779
  vertex 8.04903 -50.8941 779
  vertex 7.57337 -52.1841 777.573
 endloop
endfacet
facet normal -0.137436 -0.700178 0.700616
 outer loop
  vertex 7.57337 -52.1841 777.573
  vertex 8.04903 -50.8941 779
  vertex 2.09422 -49.4852 779
 endloop
endfacet
facet normal -0.253291 -0.596065 0.761939
 outer loop
  vertex -4.12158 -48.1594 778.141
  vertex 2.09422 -49.4852 779
  vertex -3.73517 -47.1613 779.001
 endloop
endfacet
facet normal -0.297494 -0.559964 0.773264
 outer loop
  vertex -6.50696 -45.6312 779.001
  vertex -4.12158 -48.1594 778.141
  vertex -3.73517 -47.1613 779.001
 endloop
endfacet
facet normal -0.347018 -0.504818 0.790403
 outer loop
  vertex -6.50696 -45.6312 779.001
  vertex -14.9993 -42.6685 776.663
  vertex -4.12158 -48.1594 778.141
 endloop
endfacet
facet normal -0.418833 -0.481294 0.770022
 outer loop
  vertex -6.50696 -45.6312 779.001
  vertex -13.8697 -39.7805 779
  vertex -14.9993 -42.6685 776.663
 endloop
endfacet
facet normal -0.467453 -0.453332 0.758932
 outer loop
  vertex -14.9993 -42.6685 776.663
  vertex -13.8697 -39.7805 779
  vertex -14.0993 -39.5462 779
 endloop
endfacet
facet normal -0.506908 -0.431897 0.745995
 outer loop
  vertex -18.8741 -33.6889 779
  vertex -14.9993 -42.6685 776.663
  vertex -14.0993 -39.5462 779
 endloop
endfacet
facet normal -0.545422 -0.364663 0.754676
 outer loop
  vertex -18.8741 -33.6889 779
  vertex -25.0304 -35.6587 773.067
  vertex -14.9993 -42.6685 776.663
 endloop
endfacet
facet normal -0.611109 -0.352206 0.70887
 outer loop
  vertex -18.8741 -33.6889 779
  vertex -20.5827 -31.0086 779
  vertex -25.0304 -35.6587 773.067
 endloop
endfacet
facet normal -0.634686 -0.329959 0.698785
 outer loop
  vertex -25.0304 -35.6587 773.067
  vertex -20.5827 -31.0086 779
  vertex -22.4094 -28.9882 778.305
 endloop
endfacet
facet normal -0.705431 -0.294655 0.644629
 outer loop
  vertex -26.978 -24.6814 775.389
  vertex -22.4094 -28.9882 778.305
  vertex -24.1405 -23.8038 779
 endloop
endfacet
facet normal -0.734977 -0.265198 0.624082
 outer loop
  vertex -25.3605 -20.5018 779
  vertex -26.978 -24.6814 775.389
  vertex -24.1405 -23.8038 779
 endloop
endfacet
facet normal -0.748046 -0.247389 0.615813
 outer loop
  vertex -25.3605 -20.5018 779
  vertex -25.7013 -19.4527 779
  vertex -26.978 -24.6814 775.389
 endloop
endfacet
facet normal -0.750793 -0.217506 0.623699
 outer loop
  vertex -26.978 -24.6814 775.389
  vertex -25.7013 -19.4527 779
  vertex -31.2999 -19.932 771.855
 endloop
endfacet
facet normal -0.749623 -0.111942 0.65233
 outer loop
  vertex -34.1045 -26.932 767.077
  vertex -31.2999 -19.932 771.855
  vertex -42.3335 -16.6889 758.972
 endloop
endfacet
facet normal -0.753688 -0.0276497 0.656651
 outer loop
  vertex -45.4705 -24.2852 755.025
  vertex -42.3335 -16.6889 758.972
  vertex -48.6576 -20.0252 751.55
 endloop
endfacet
facet normal -0.749326 -0.0198856 0.661902
 outer loop
  vertex -48.462 -31.4962 751.459
  vertex -45.4705 -24.2852 755.025
  vertex -48.6576 -20.0252 751.55
 endloop
endfacet
facet normal -0.748876 -0.0198834 0.662411
 outer loop
  vertex -48.462 -31.4962 751.459
  vertex -48.4488 -32.2689 751.453
  vertex -45.4705 -24.2852 755.025
 endloop
endfacet
facet normal -0.726186 -0.0402854 0.686316
 outer loop
  vertex -45.4705 -24.2852 755.025
  vertex -48.4488 -32.2689 751.453
  vertex -37.1722 -34.4039 762.957
 endloop
endfacet
facet normal -0.668165 -0.160188 0.726564
 outer loop
  vertex -34.1045 -26.932 767.077
  vertex -37.1722 -34.4039 762.957
  vertex -25.0304 -35.6587 773.067
 endloop
endfacet
facet normal -0.66381 -0.286864 0.6907
 outer loop
  vertex -26.978 -24.6814 775.389
  vertex -25.0304 -35.6587 773.067
  vertex -22.4094 -28.9882 778.305
 endloop
endfacet
facet normal -0.681852 -0.216631 0.698677
 outer loop
  vertex -26.978 -24.6814 775.389
  vertex -34.1045 -26.932 767.077
  vertex -25.0304 -35.6587 773.067
 endloop
endfacet
facet normal -0.735407 -0.180873 0.65304
 outer loop
  vertex -26.978 -24.6814 775.389
  vertex -31.2999 -19.932 771.855
  vertex -34.1045 -26.932 767.077
 endloop
endfacet
facet normal -0.650931 -0.362139 0.667191
 outer loop
  vertex -20.5827 -31.0086 779
  vertex -21.112 -30.0949 779
  vertex -22.4094 -28.9882 778.305
 endloop
endfacet
facet normal -0.663574 -0.351556 0.660362
 outer loop
  vertex -22.4094 -28.9882 778.305
  vertex -21.112 -30.0949 779
  vertex -22.118 -28.228 779
 endloop
endfacet
facet normal -0.689361 -0.327259 0.646283
 outer loop
  vertex -24.1405 -23.8038 779
  vertex -22.4094 -28.9882 778.305
  vertex -22.118 -28.228 779
 endloop
endfacet
facet normal -0.773642 -0.198863 0.601607
 outer loop
  vertex -25.7013 -19.4527 779
  vertex -26.7546 -15.6665 779
  vertex -31.2999 -19.932 771.855
 endloop
endfacet
facet normal -0.785937 -0.167883 0.595079
 outer loop
  vertex -31.2999 -19.932 771.855
  vertex -26.7546 -15.6665 779
  vertex -28.6705 -13.2464 777.072
 endloop
endfacet
facet normal -0.803017 -0.0723918 0.591543
 outer loop
  vertex -39.3377 -9.34601 763.272
  vertex -28.6705 -13.2464 777.072
  vertex -35.9484 -2.74764 768.252
 endloop
endfacet
facet normal -0.803857 -0.0294647 0.594092
 outer loop
  vertex -36.6562 -2.74764 767.276
  vertex -39.3377 -9.34601 763.272
  vertex -35.9484 -2.74764 768.252
 endloop
endfacet
facet normal -0.794102 -0.0284173 0.60712
 outer loop
  vertex -36.6562 -2.74764 767.276
  vertex -43.9192 -2.74766 757.732
  vertex -39.3377 -9.34601 763.272
 endloop
endfacet
facet normal -0.779354 -0.0357811 0.625562
 outer loop
  vertex -39.3377 -9.34601 763.272
  vertex -43.9192 -2.74766 757.732
  vertex -42.3335 -16.6889 758.972
 endloop
endfacet
facet normal -0.774531 -0.0848385 0.626821
 outer loop
  vertex -31.2999 -19.932 771.855
  vertex -39.3377 -9.34601 763.272
  vertex -42.3335 -16.6889 758.972
 endloop
endfacet
facet normal -0.787189 -0.120337 0.604857
 outer loop
  vertex -31.2999 -19.932 771.855
  vertex -28.6705 -13.2464 777.072
  vertex -39.3377 -9.34601 763.272
 endloop
endfacet
facet normal -0.796548 -0.173945 0.579011
 outer loop
  vertex -26.7546 -15.6665 779
  vertex -26.942 -14.8712 779
  vertex -28.6705 -13.2464 777.072
 endloop
endfacet
facet normal -0.804393 -0.152917 0.574081
 outer loop
  vertex -28.6705 -13.2464 777.072
  vertex -26.942 -14.8712 779
  vertex -27.7223 -10.828 779
 endloop
endfacet
facet normal -0.81487 -0.117123 0.567687
 outer loop
  vertex -28.2556 -6.51361 779
  vertex -28.6705 -13.2464 777.072
  vertex -27.7223 -10.828 779
 endloop
endfacet
facet normal -0.814308 -0.0807827 0.574784
 outer loop
  vertex -28.2556 -6.51361 779
  vertex -35.9484 -2.74764 768.252
  vertex -28.6705 -13.2464 777.072
 endloop
endfacet
facet normal -0.823131 -0.0414295 0.566338
 outer loop
  vertex -28.2556 -6.51361 779
  vertex -28.4917 -2.74764 779
  vertex -35.9484 -2.74764 768.252
 endloop
endfacet
facet normal -0.763197 -0.0174071 0.645931
 outer loop
  vertex -48.9522 -2.74757 751.688
  vertex -48.8663 -7.78149 751.648
  vertex -43.9192 -2.74766 757.732
 endloop
endfacet
facet normal -0.766518 -0.0253772 0.641722
 outer loop
  vertex -43.9192 -2.74766 757.732
  vertex -48.8663 -7.78149 751.648
  vertex -42.3335 -16.6889 758.972
 endloop
endfacet
facet normal -0.756929 -0.0258202 0.652987
 outer loop
  vertex -42.3335 -16.6889 758.972
  vertex -48.8663 -7.78149 751.648
  vertex -48.6576 -20.0252 751.55
 endloop
endfacet
facet normal -0.702309 -0.046188 0.710372
 outer loop
  vertex -37.1722 -34.4039 762.957
  vertex -48.4488 -32.2689 751.453
  vertex -40.4442 -42.2424 759.348
 endloop
endfacet
facet normal -0.58392 -0.0993998 0.805703
 outer loop
  vertex -28.0615 -43.0649 768.856
  vertex -40.4442 -42.2424 759.348
  vertex -31.4393 -51.0933 765.512
 endloop
endfacet
facet normal -0.477159 -0.132135 0.868827
 outer loop
  vertex -23.1577 -46.7704 770.933
  vertex -31.4393 -51.0933 765.512
  vertex -26.6178 -54.9463 767.795
 endloop
endfacet
facet normal -0.38841 -0.146707 0.909734
 outer loop
  vertex -18.0362 -50.0852 772.466
  vertex -26.6178 -54.9463 767.795
  vertex -21.607 -58.4598 769.605
 endloop
endfacet
facet normal -0.296972 -0.14925 0.94315
 outer loop
  vertex -12.7117 -53.0359 773.491
  vertex -21.607 -58.4598 769.605
  vertex -16.4248 -61.6656 770.986
 endloop
endfacet
facet normal -0.235655 -0.143705 0.961153
 outer loop
  vertex -9.97694 -54.3811 773.822
  vertex -16.4248 -61.6656 770.986
  vertex -13.7734 -63.1605 771.525
 endloop
endfacet
facet normal -0.189177 -0.137338 0.972291
 outer loop
  vertex -7.19458 -55.6409 774.034
  vertex -13.7734 -63.1605 771.525
  vertex -11.0831 -64.5855 771.968
 endloop
endfacet
facet normal -0.14231 -0.128914 0.981391
 outer loop
  vertex -4.36435 -56.8148 774.126
  vertex -11.0831 -64.5855 771.968
  vertex -8.35404 -65.9409 772.313
 endloop
endfacet
facet normal -0.106983 -0.0376142 0.993549
 outer loop
  vertex -5.58564 -67.2258 772.56
  vertex -8.35404 -65.9409 772.313
  vertex -6.37832 -69 772.433
 endloop
endfacet
facet normal -0.0785922 -0.0259749 0.996568
 outer loop
  vertex -3.02904 -69 772.681
  vertex -5.58564 -67.2258 772.56
  vertex -6.37832 -69 772.433
 endloop
endfacet
facet normal -0.0597802 -0.0283424 0.997809
 outer loop
  vertex -3.02904 -69 772.681
  vertex -2.7767 -68.4379 772.705
  vertex -5.58564 -67.2258 772.56
 endloop
endfacet
facet normal -0.0376733 -0.0213991 0.999061
 outer loop
  vertex -3.02904 -69 772.681
  vertex -1.39552 -69 772.738
  vertex -2.7767 -68.4379 772.705
 endloop
endfacet
facet normal -0.0200987 -0.0214775 0.999567
 outer loop
  vertex -2.7767 -68.4379 772.705
  vertex -1.39552 -69 772.738
  vertex 0.33358 -69 772.752
 endloop
endfacet
facet normal 0.0146861 -0.173466 0.98473
 outer loop
  vertex 1.44461 -58.8963 773.939
  vertex 0.33358 -69 772.752
  vertex 4.42788 -59.7956 773.648
 endloop
endfacet
facet normal 0.0564297 -0.312818 0.948135
 outer loop
  vertex 6.19926 -55.6335 775.114
  vertex 4.42788 -59.7956 773.648
  vertex 7.46812 -60.5928 773.215
 endloop
endfacet
facet normal 0.126465 -0.154621 0.979846
 outer loop
  vertex 10.5693 -61.2806 772.629
  vertex 7.46812 -60.5928 773.215
  vertex 7.09941 -69 772.357
 endloop
endfacet
facet normal 0.164728 -0.0830883 0.982833
 outer loop
  vertex 13.9215 -69 771.214
  vertex 10.5693 -61.2806 772.629
  vertex 7.09941 -69 772.357
 endloop
endfacet
facet normal -0.712392 -0.0193568 0.701515
 outer loop
  vertex -45.3863 -69 753.772
  vertex -42.9214 -63.1264 756.302
  vertex -47.9714 -60.2439 751.23
 endloop
endfacet
facet normal -0.737234 -0.0180367 0.675397
 outer loop
  vertex -47.8219 -69 751.161
  vertex -45.3863 -69 753.772
  vertex -47.9714 -60.2439 751.23
 endloop
endfacet
facet normal -0.745362 -0.0181014 0.666414
 outer loop
  vertex -47.9714 -60.2439 751.23
  vertex -47.058 -58.0446 752.305
  vertex -48.0309 -56.7563 751.258
 endloop
endfacet
facet normal -0.720922 -0.0194014 0.692745
 outer loop
  vertex -47.9714 -60.2439 751.23
  vertex -42.9214 -63.1264 756.302
  vertex -47.058 -58.0446 752.305
 endloop
endfacet
facet normal -0.681234 -0.0246758 0.731649
 outer loop
  vertex -47.058 -58.0446 752.305
  vertex -42.9214 -63.1264 756.302
  vertex -39.4953 -55.0115 759.525
 endloop
endfacet
facet normal -0.666394 -0.032777 0.744879
 outer loop
  vertex -43.7797 -50.1947 755.898
  vertex -39.4953 -55.0115 759.525
  vertex -40.4442 -42.2424 759.348
 endloop
endfacet
facet normal -0.725573 -0.0258051 0.687661
 outer loop
  vertex -48.2399 -44.5126 751.355
  vertex -40.4442 -42.2424 759.348
  vertex -48.4488 -32.2689 751.453
 endloop
endfacet
facet normal -0.707123 -0.0275364 0.706555
 outer loop
  vertex -48.2399 -44.5126 751.355
  vertex -43.7797 -50.1947 755.898
  vertex -40.4442 -42.2424 759.348
 endloop
endfacet
facet normal -0.732563 -0.0198138 0.68041
 outer loop
  vertex -48.2399 -44.5126 751.355
  vertex -48.0309 -56.7563 751.258
  vertex -43.7797 -50.1947 755.898
 endloop
endfacet
facet normal -0.728092 -0.0198506 0.685192
 outer loop
  vertex -43.7797 -50.1947 755.898
  vertex -48.0309 -56.7563 751.258
  vertex -47.058 -58.0446 752.305
 endloop
endfacet
facet normal -0.688822 -0.0251359 0.724495
 outer loop
  vertex -39.4953 -55.0115 759.525
  vertex -43.7797 -50.1947 755.898
  vertex -47.058 -58.0446 752.305
 endloop
endfacet
facet normal -0.667132 -0.019639 0.744681
 outer loop
  vertex -45.3863 -69 753.772
  vertex -39.0731 -69 759.376
  vertex -42.9214 -63.1264 756.302
 endloop
endfacet
facet normal -0.631002 -0.0204068 0.775512
 outer loop
  vertex -42.9214 -63.1264 756.302
  vertex -39.0731 -69 759.376
  vertex -38.5789 -67.8388 759.784
 endloop
endfacet
facet normal -0.546534 -0.0331305 0.836781
 outer loop
  vertex -34.9996 -59.449 762.624
  vertex -38.5789 -67.8388 759.784
  vertex -30.3172 -63.5516 765.256
 endloop
endfacet
facet normal -0.426327 -0.0795032 0.901068
 outer loop
  vertex -26.6178 -54.9463 767.795
  vertex -30.3172 -63.5516 765.256
  vertex -21.607 -58.4598 769.605
 endloop
endfacet
facet normal -0.492607 -0.0596502 0.868205
 outer loop
  vertex -26.6178 -54.9463 767.795
  vertex -34.9996 -59.449 762.624
  vertex -30.3172 -63.5516 765.256
 endloop
endfacet
facet normal -0.509647 -0.0760456 0.857016
 outer loop
  vertex -26.6178 -54.9463 767.795
  vertex -31.4393 -51.0933 765.512
  vertex -34.9996 -59.449 762.624
 endloop
endfacet
facet normal -0.571439 -0.0539914 0.818866
 outer loop
  vertex -34.9996 -59.449 762.624
  vertex -31.4393 -51.0933 765.512
  vertex -39.4953 -55.0115 759.525
 endloop
endfacet
facet normal -0.620244 -0.0322599 0.783746
 outer loop
  vertex -42.9214 -63.1264 756.302
  vertex -34.9996 -59.449 762.624
  vertex -39.4953 -55.0115 759.525
 endloop
endfacet
facet normal -0.6122 -0.0277812 0.790215
 outer loop
  vertex -42.9214 -63.1264 756.302
  vertex -38.5789 -67.8388 759.784
  vertex -34.9996 -59.449 762.624
 endloop
endfacet
facet normal -0.546017 -0.0193539 0.837551
 outer loop
  vertex -39.0731 -69 759.376
  vertex -26.1859 -69 767.127
  vertex -38.5789 -67.8388 759.784
 endloop
endfacet
facet normal -0.49982 -0.0257005 0.865748
 outer loop
  vertex -38.5789 -67.8388 759.784
  vertex -26.1859 -69 767.127
  vertex -30.3172 -63.5516 765.256
 endloop
endfacet
facet normal -0.429458 -0.0274555 0.90267
 outer loop
  vertex -30.3172 -63.5516 765.256
  vertex -26.1859 -69 767.127
  vertex -25.473 -67.364 767.482
 endloop
endfacet
facet normal -0.373482 -0.0482322 0.926382
 outer loop
  vertex -21.607 -58.4598 769.605
  vertex -25.473 -67.364 767.482
  vertex -23.2361 -69 768.368
 endloop
endfacet
facet normal -0.34304 -0.045689 0.938209
 outer loop
  vertex -19.6405 -69 769.652
  vertex -21.607 -58.4598 769.605
  vertex -23.2361 -69 768.368
 endloop
endfacet
facet normal -0.310391 -0.0691405 0.948091
 outer loop
  vertex -19.6405 -69 769.652
  vertex -16.4248 -61.6656 770.986
  vertex -21.607 -58.4598 769.605
 endloop
endfacet
facet normal -0.277112 -0.0417523 0.95993
 outer loop
  vertex -19.6405 -69 769.652
  vertex -16.3456 -69 770.622
  vertex -16.4248 -61.6656 770.986
 endloop
endfacet
facet normal -0.248272 -0.0619339 0.966708
 outer loop
  vertex -16.4248 -61.6656 770.986
  vertex -16.3456 -69 770.622
  vertex -13.7734 -63.1605 771.525
 endloop
endfacet
facet normal -0.22764 -0.0385331 0.972983
 outer loop
  vertex -13.7734 -63.1605 771.525
  vertex -16.3456 -69 770.622
  vertex -13.0368 -69 771.406
 endloop
endfacet
facet normal -0.17807 -0.0347047 0.983406
 outer loop
  vertex -11.0831 -64.5855 771.968
  vertex -13.0368 -69 771.406
  vertex -9.71428 -69 772.008
 endloop
endfacet
facet normal -0.128392 -0.0304577 0.991256
 outer loop
  vertex -8.35404 -65.9409 772.313
  vertex -9.71428 -69 772.008
  vertex -6.37832 -69 772.433
 endloop
endfacet
facet normal -0.154107 -0.0465703 0.986956
 outer loop
  vertex -8.35404 -65.9409 772.313
  vertex -11.0831 -64.5855 771.968
  vertex -9.71428 -69 772.008
 endloop
endfacet
facet normal -0.391616 -0.0209125 0.919891
 outer loop
  vertex -26.1859 -69 767.127
  vertex -23.2361 -69 768.368
  vertex -25.473 -67.364 767.482
 endloop
endfacet
facet normal 0.0370741 -0.0947629 0.994809
 outer loop
  vertex 0.33358 -69 772.752
  vertex 3.70965 -69 772.645
  vertex 4.42788 -59.7956 773.648
 endloop
endfacet
facet normal 0.0702589 -0.165478 0.983708
 outer loop
  vertex 4.42788 -59.7956 773.648
  vertex 3.70965 -69 772.645
  vertex 7.46812 -60.5928 773.215
 endloop
endfacet
facet normal 0.0917435 -0.0899262 0.991714
 outer loop
  vertex 7.46812 -60.5928 773.215
  vertex 3.70965 -69 772.645
  vertex 7.09941 -69 772.357
 endloop
endfacet
facet normal 0.0379977 -0.990153 0.134734
 outer loop
  vertex 30.892 -53.0446 775.248
  vertex 32.9035 -52.5535 779.561
  vertex 27.503 -52.9541 776.647
 endloop
endfacet
facet normal -0.00903545 -0.999239 0.0379513
 outer loop
  vertex 32.9035 -52.5535 779.561
  vertex 33.374 -52.5171 780.57
  vertex 29.9849 -52.3942 781.931
 endloop
endfacet
facet normal -0.329001 -0.199393 0.923039
 outer loop
  vertex -21.607 -58.4598 769.605
  vertex -12.7117 -53.0359 773.491
  vertex -18.0362 -50.0852 772.466
 endloop
endfacet
facet normal -0.34047 -0.274427 0.899317
 outer loop
  vertex -18.0362 -50.0852 772.466
  vertex -12.7117 -53.0359 773.491
  vertex -16.4403 -46.2379 774.371
 endloop
endfacet
facet normal -0.428893 -0.316378 0.846142
 outer loop
  vertex -23.1577 -46.7704 770.933
  vertex -16.4403 -46.2379 774.371
  vertex -14.9993 -42.6685 776.663
 endloop
endfacet
facet normal -0.499356 -0.298296 0.813427
 outer loop
  vertex -25.0304 -35.6587 773.067
  vertex -23.1577 -46.7704 770.933
  vertex -14.9993 -42.6685 776.663
 endloop
endfacet
facet normal -0.533983 -0.216097 0.817413
 outer loop
  vertex -25.0304 -35.6587 773.067
  vertex -28.0615 -43.0649 768.856
  vertex -23.1577 -46.7704 770.933
 endloop
endfacet
facet normal -0.610077 -0.173093 0.773204
 outer loop
  vertex -25.0304 -35.6587 773.067
  vertex -37.1722 -34.4039 762.957
  vertex -28.0615 -43.0649 768.856
 endloop
endfacet
facet normal -0.634637 -0.0967269 0.766733
 outer loop
  vertex -28.0615 -43.0649 768.856
  vertex -37.1722 -34.4039 762.957
  vertex -40.4442 -42.2424 759.348
 endloop
endfacet
facet normal -0.404002 -0.258115 0.877587
 outer loop
  vertex -16.4403 -46.2379 774.371
  vertex -23.1577 -46.7704 770.933
  vertex -18.0362 -50.0852 772.466
 endloop
endfacet
facet normal -0.421897 -0.182868 0.88801
 outer loop
  vertex -18.0362 -50.0852 772.466
  vertex -23.1577 -46.7704 770.933
  vertex -26.6178 -54.9463 767.795
 endloop
endfacet
facet normal -0.366045 -0.429884 0.825355
 outer loop
  vertex -14.9993 -42.6685 776.663
  vertex -16.4403 -46.2379 774.371
  vertex -4.12158 -48.1594 778.141
 endloop
endfacet
facet normal -0.287958 -0.427943 0.856706
 outer loop
  vertex -4.12158 -48.1594 778.141
  vertex -16.4403 -46.2379 774.371
  vertex -5.5359 -51.6809 775.782
 endloop
endfacet
facet normal -0.0828901 -0.377085 0.922462
 outer loop
  vertex 6.19926 -55.6335 775.114
  vertex -5.5359 -51.6809 775.782
  vertex -1.48521 -57.901 774.096
 endloop
endfacet
facet normal -0.0385057 -0.181132 0.982705
 outer loop
  vertex 1.44461 -58.8963 773.939
  vertex -1.48521 -57.901 774.096
  vertex -2.7767 -68.4379 772.705
 endloop
endfacet
facet normal -0.0157604 -0.100304 0.994832
 outer loop
  vertex 0.33358 -69 772.752
  vertex 1.44461 -58.8963 773.939
  vertex -2.7767 -68.4379 772.705
 endloop
endfacet
facet normal -0.151286 -0.473341 0.867791
 outer loop
  vertex -5.5359 -51.6809 775.782
  vertex 6.19926 -55.6335 775.114
  vertex -4.12158 -48.1594 778.141
 endloop
endfacet
facet normal -0.10966 -0.568183 0.815563
 outer loop
  vertex -4.12158 -48.1594 778.141
  vertex 6.19926 -55.6335 775.114
  vertex 7.57337 -52.1841 777.573
 endloop
endfacet
facet normal -0.182454 -0.630737 0.754242
 outer loop
  vertex 2.09422 -49.4852 779
  vertex -4.12158 -48.1594 778.141
  vertex 7.57337 -52.1841 777.573
 endloop
endfacet
facet normal 0.185265 -0.776784 0.601899
 outer loop
  vertex 27.0892 -54.6807 771.785
  vertex 20.2915 -54.3731 774.446
  vertex 19.7278 -55.8765 772.907
 endloop
endfacet
facet normal 0.246448 -0.733452 0.633492
 outer loop
  vertex 28.1706 -56.0934 769.413
  vertex 27.0892 -54.6807 771.785
  vertex 19.7278 -55.8765 772.907
 endloop
endfacet
facet normal 0.0535697 -0.947584 0.314984
 outer loop
  vertex 27.3847 -53.6585 773.994
  vertex 27.503 -52.9541 776.647
  vertex 20.6761 -53.191 776.432
 endloop
endfacet
facet normal 0.0904644 -0.892435 0.442014
 outer loop
  vertex 20.2915 -54.3731 774.446
  vertex 27.3847 -53.6585 773.994
  vertex 20.6761 -53.191 776.432
 endloop
endfacet
facet normal 0.000339235 -0.95074 0.309989
 outer loop
  vertex 27.503 -52.9541 776.647
  vertex 20.9085 -52.282 778.8
  vertex 20.6761 -53.191 776.432
 endloop
endfacet
facet normal -0.018241 -0.325789 0.945267
 outer loop
  vertex -1.48521 -57.901 774.096
  vertex 1.44461 -58.8963 773.939
  vertex 6.19926 -55.6335 775.114
 endloop
endfacet
facet normal 0.0185437 -0.320388 0.947105
 outer loop
  vertex 6.19926 -55.6335 775.114
  vertex 1.44461 -58.8963 773.939
  vertex 4.42788 -59.7956 773.648
 endloop
endfacet
facet normal 0.280609 -0.562623 0.777634
 outer loop
  vertex 27.8817 -56.9534 768.795
  vertex 19.7278 -55.8765 772.907
  vertex 18.9746 -57.7198 771.843
 endloop
endfacet
facet normal 0.169791 -0.530539 0.830481
 outer loop
  vertex 18.9746 -57.7198 771.843
  vertex 19.7278 -55.8765 772.907
  vertex 6.19926 -55.6335 775.114
 endloop
endfacet
facet normal 0.307805 -0.254712 0.916721
 outer loop
  vertex 16.9703 -62.2999 770.96
  vertex 23.657 -62.8065 768.576
  vertex 18.9746 -57.7198 771.843
 endloop
endfacet
facet normal 0.237216 -0.28365 0.929124
 outer loop
  vertex 10.5693 -61.2806 772.629
  vertex 16.9703 -62.2999 770.96
  vertex 18.9746 -57.7198 771.843
 endloop
endfacet
facet normal 0.0922056 -0.722061 0.685657
 outer loop
  vertex 19.7278 -55.8765 772.907
  vertex 20.2915 -54.3731 774.446
  vertex 7.57337 -52.1841 777.573
 endloop
endfacet
facet normal -0.287266 -0.330626 0.89898
 outer loop
  vertex -16.4403 -46.2379 774.371
  vertex -12.7117 -53.0359 773.491
  vertex -5.5359 -51.6809 775.782
 endloop
endfacet
facet normal -0.228204 -0.308658 0.923392
 outer loop
  vertex -5.5359 -51.6809 775.782
  vertex -12.7117 -53.0359 773.491
  vertex -9.97694 -54.3811 773.822
 endloop
endfacet
facet normal -0.202215 -0.202562 0.958164
 outer loop
  vertex -7.19458 -55.6409 774.034
  vertex -9.97694 -54.3811 773.822
  vertex -13.7734 -63.1605 771.525
 endloop
endfacet
facet normal -0.194954 -0.310983 0.930206
 outer loop
  vertex -7.19458 -55.6409 774.034
  vertex -5.5359 -51.6809 775.782
  vertex -9.97694 -54.3811 773.822
 endloop
endfacet
facet normal -0.161182 -0.311672 0.936419
 outer loop
  vertex -7.19458 -55.6409 774.034
  vertex -4.36435 -56.8148 774.126
  vertex -5.5359 -51.6809 775.782
 endloop
endfacet
facet normal -0.153501 -0.199302 0.967841
 outer loop
  vertex -7.19458 -55.6409 774.034
  vertex -11.0831 -64.5855 771.968
  vertex -4.36435 -56.8148 774.126
 endloop
endfacet
facet normal -0.742974 -0.0651689 0.66614
 outer loop
  vertex -42.3335 -16.6889 758.972
  vertex -45.4705 -24.2852 755.025
  vertex -34.1045 -26.932 767.077
 endloop
endfacet
facet normal -0.715144 -0.0777902 0.694635
 outer loop
  vertex -34.1045 -26.932 767.077
  vertex -45.4705 -24.2852 755.025
  vertex -37.1722 -34.4039 762.957
 endloop
endfacet
facet normal 0.0951326 -0.302813 0.94829
 outer loop
  vertex 7.46812 -60.5928 773.215
  vertex 10.5693 -61.2806 772.629
  vertex 6.19926 -55.6335 775.114
 endloop
endfacet
facet normal -0.201195 -0.0548019 0.978017
 outer loop
  vertex -13.0368 -69 771.406
  vertex -11.0831 -64.5855 771.968
  vertex -13.7734 -63.1605 771.525
 endloop
endfacet
facet normal -0.112561 -0.119901 0.986384
 outer loop
  vertex -8.35404 -65.9409 772.313
  vertex -5.58564 -67.2258 772.56
  vertex -4.36435 -56.8148 774.126
 endloop
endfacet
facet normal -0.0890973 -0.189093 0.977909
 outer loop
  vertex -4.36435 -56.8148 774.126
  vertex -5.58564 -67.2258 772.56
  vertex -1.48521 -57.901 774.096
 endloop
endfacet
facet normal -0.126682 -0.310695 0.94203
 outer loop
  vertex -5.5359 -51.6809 775.782
  vertex -4.36435 -56.8148 774.126
  vertex -1.48521 -57.901 774.096
 endloop
endfacet
facet normal -0.0651856 -0.109386 0.99186
 outer loop
  vertex -1.48521 -57.901 774.096
  vertex -5.58564 -67.2258 772.56
  vertex -2.7767 -68.4379 772.705
 endloop
endfacet
facet normal -0.250266 -0.203324 0.946587
 outer loop
  vertex -12.7117 -53.0359 773.491
  vertex -16.4248 -61.6656 770.986
  vertex -9.97694 -54.3811 773.822
 endloop
endfacet
facet normal -0.411595 -0.0548281 0.909716
 outer loop
  vertex -25.473 -67.364 767.482
  vertex -21.607 -58.4598 769.605
  vertex -30.3172 -63.5516 765.256
 endloop
endfacet
facet normal -0.510343 -0.155098 0.845869
 outer loop
  vertex -28.0615 -43.0649 768.856
  vertex -31.4393 -51.0933 765.512
  vertex -23.1577 -46.7704 770.933
 endloop
endfacet
facet normal 0.34419 -0.349638 0.871371
 outer loop
  vertex 18.9746 -57.7198 771.843
  vertex 23.657 -62.8065 768.576
  vertex 27.6364 -57.9499 768.266
 endloop
endfacet
facet normal -0.611701 -0.0541671 0.789232
 outer loop
  vertex -40.4442 -42.2424 759.348
  vertex -39.4953 -55.0115 759.525
  vertex -31.4393 -51.0933 765.512
 endloop
endfacet
facet normal -0.832121 -0.0460835 0.552676
 outer loop
  vertex -28.4917 -2.74764 779
  vertex -28.2556 -6.51361 779
  vertex -26.049 -2.74765 782.708
 endloop
endfacet
facet normal -0.826422 -0.102529 0.553637
 outer loop
  vertex -26.049 -2.74765 782.708
  vertex -28.2556 -6.51361 779
  vertex -23.3483 -13.3105 784.623
 endloop
endfacet
facet normal -0.805512 -0.238447 0.542488
 outer loop
  vertex -21.7873 -9.24844 788.278
  vertex -23.3483 -13.3105 784.623
  vertex -16.785 -20.7354 790.233
 endloop
endfacet
facet normal -0.770902 -0.401349 0.4946
 outer loop
  vertex -15.5009 -17.1701 794.581
  vertex -16.785 -20.7354 790.233
  vertex -9.81034 -27.4223 794.814
 endloop
endfacet
facet normal -0.770666 -0.492961 0.40381
 outer loop
  vertex -8.85787 -24.452 799.991
  vertex -9.81034 -27.4223 794.814
  vertex -7.20614 -26.1729 801.234
 endloop
endfacet
facet normal -0.796526 -0.470253 0.380012
 outer loop
  vertex -8.53784 -23.4334 801.855
  vertex -8.85787 -24.452 799.991
  vertex -7.20614 -26.1729 801.234
 endloop
endfacet
facet normal -0.818531 -0.421324 0.390503
 outer loop
  vertex -8.53784 -23.4334 801.855
  vertex -10.5263 -18.389 802.782
  vertex -8.85787 -24.452 799.991
 endloop
endfacet
facet normal -0.81832 -0.37961 0.431566
 outer loop
  vertex -8.85787 -24.452 799.991
  vertex -10.5263 -18.389 802.782
  vertex -15.5009 -17.1701 794.581
 endloop
endfacet
facet normal -0.780285 -0.434753 0.449606
 outer loop
  vertex -9.81034 -27.4223 794.814
  vertex -8.85787 -24.452 799.991
  vertex -15.5009 -17.1701 794.581
 endloop
endfacet
facet normal -0.817579 -0.134178 0.559964
 outer loop
  vertex -28.2556 -6.51361 779
  vertex -27.7223 -10.828 779
  vertex -23.3483 -13.3105 784.623
 endloop
endfacet
facet normal -0.806663 -0.169903 0.566063
 outer loop
  vertex -23.3483 -13.3105 784.623
  vertex -27.7223 -10.828 779
  vertex -26.942 -14.8712 779
 endloop
endfacet
facet normal -0.789455 -0.201987 0.579622
 outer loop
  vertex -24.889 -17.3361 780.918
  vertex -26.942 -14.8712 779
  vertex -26.7546 -15.6665 779
 endloop
endfacet
facet normal -0.779246 -0.221548 0.586253
 outer loop
  vertex -25.7013 -19.4527 779
  vertex -24.889 -17.3361 780.918
  vertex -26.7546 -15.6665 779
 endloop
endfacet
facet normal -0.767539 -0.24197 0.593578
 outer loop
  vertex -25.7013 -19.4527 779
  vertex -25.3605 -20.5018 779
  vertex -24.889 -17.3361 780.918
 endloop
endfacet
facet normal -0.754879 -0.259914 0.602165
 outer loop
  vertex -24.889 -17.3361 780.918
  vertex -25.3605 -20.5018 779
  vertex -24.1405 -23.8038 779
 endloop
endfacet
facet normal -0.707512 -0.361266 0.607382
 outer loop
  vertex -18.097 -24.3507 785.956
  vertex -24.1405 -23.8038 779
  vertex -19.4804 -28.0941 781.857
 endloop
endfacet
facet normal -0.623931 -0.451193 0.638071
 outer loop
  vertex -11.9988 -33.8716 785.169
  vertex -19.4804 -28.0941 781.857
  vertex -18.8741 -33.6889 779
 endloop
endfacet
facet normal -0.535678 -0.463651 0.705746
 outer loop
  vertex -13.3318 -37.5245 780.943
  vertex -18.8741 -33.6889 779
  vertex -14.0993 -39.5462 779
 endloop
endfacet
facet normal -0.496697 -0.485447 0.719467
 outer loop
  vertex -13.8697 -39.7805 779
  vertex -13.3318 -37.5245 780.943
  vertex -14.0993 -39.5462 779
 endloop
endfacet
facet normal -0.479565 -0.545905 0.687027
 outer loop
  vertex -13.8697 -39.7805 779
  vertex -5.22655 -42.183 782.695
  vertex -13.3318 -37.5245 780.943
 endloop
endfacet
facet normal -0.417868 -0.561497 0.714218
 outer loop
  vertex -13.8697 -39.7805 779
  vertex -6.50696 -45.6312 779.001
  vertex -5.22655 -42.183 782.695
 endloop
endfacet
facet normal -0.353325 -0.596568 0.720602
 outer loop
  vertex -5.22655 -42.183 782.695
  vertex -6.50696 -45.6312 779.001
  vertex -3.73517 -47.1613 779.001
 endloop
endfacet
facet normal -0.279623 -0.681038 0.676756
 outer loop
  vertex 3.27813 -46.1249 783.447
  vertex -3.73517 -47.1613 779.001
  vertex 2.09422 -49.4852 779
 endloop
endfacet
facet normal -0.225979 -0.738178 0.63563
 outer loop
  vertex 8.04903 -50.8941 779
  vertex 3.27813 -46.1249 783.447
  vertex 2.09422 -49.4852 779
 endloop
endfacet
facet normal -0.238529 -0.821208 0.518384
 outer loop
  vertex 8.04903 -50.8941 779
  vertex 12.1978 -49.3222 783.161
  vertex 3.27813 -46.1249 783.447
 endloop
endfacet
facet normal -0.158439 -0.832647 0.530656
 outer loop
  vertex 8.04903 -50.8941 779
  vertex 11.5673 -51.411 779
  vertex 12.1978 -49.3222 783.161
 endloop
endfacet
facet normal -0.180311 -0.881333 0.436738
 outer loop
  vertex 12.1978 -49.3222 783.161
  vertex 11.5673 -51.411 779
  vertex 13.8013 -50.0847 782.244
 endloop
endfacet
facet normal -0.221192 -0.904903 0.363628
 outer loop
  vertex 13.2077 -49.6233 783.059
  vertex 12.1978 -49.3222 783.161
  vertex 13.8013 -50.0847 782.244
 endloop
endfacet
facet normal -0.244115 -0.90526 0.347725
 outer loop
  vertex 13.2077 -49.6233 783.059
  vertex 12.8686 -49.0001 784.5
  vertex 12.1978 -49.3222 783.161
 endloop
endfacet
facet normal -0.267472 -0.907923 0.322698
 outer loop
  vertex 12.1978 -49.3222 783.161
  vertex 12.8686 -49.0001 784.5
  vertex 13.2129 -48.646 785.914
 endloop
endfacet
facet normal -0.325512 -0.911566 0.251176
 outer loop
  vertex 12.5823 -47.3709 789.76
  vertex 13.2129 -48.646 785.914
  vertex 13.635 -48.6018 786.542
 endloop
endfacet
facet normal -0.329735 -0.913691 0.237579
 outer loop
  vertex 14.1946 -48.6523 787.051
  vertex 12.5823 -47.3709 789.76
  vertex 13.635 -48.6018 786.542
 endloop
endfacet
facet normal -0.329593 -0.91809 0.220179
 outer loop
  vertex 14.1946 -48.6523 787.051
  vertex 15.559 -48.9742 787.6
  vertex 12.5823 -47.3709 789.76
 endloop
endfacet
facet normal -0.333842 -0.922748 0.192576
 outer loop
  vertex 12.5823 -47.3709 789.76
  vertex 15.559 -48.9742 787.6
  vertex 16.9964 -49.0516 789.731
 endloop
endfacet
facet normal -0.29506 -0.94542 0.138277
 outer loop
  vertex 16.9962 -49.0159 789.948
  vertex 16.9964 -49.0516 789.731
  vertex 21.5822 -50.6684 787.809
 endloop
endfacet
facet normal -0.340551 -0.923802 0.174972
 outer loop
  vertex 16.9962 -49.0159 789.948
  vertex 12.5823 -47.3709 789.76
  vertex 16.9964 -49.0516 789.731
 endloop
endfacet
facet normal -0.369253 -0.910232 0.187429
 outer loop
  vertex 16.9962 -49.0159 789.948
  vertex 12.6336 -46.8865 791.982
  vertex 12.5823 -47.3709 789.76
 endloop
endfacet
facet normal -0.415699 -0.87181 0.259117
 outer loop
  vertex 12.5823 -47.3709 789.76
  vertex 12.6336 -46.8865 791.982
  vertex 4.05981 -43.461 789.052
 endloop
endfacet
facet normal -0.445198 -0.765276 0.46492
 outer loop
  vertex 3.27813 -46.1249 783.447
  vertex 4.05981 -43.461 789.052
  vertex -4.12966 -38.9536 787.511
 endloop
endfacet
facet normal -0.521015 -0.630573 0.575257
 outer loop
  vertex -5.22655 -42.183 782.695
  vertex -4.12966 -38.9536 787.511
  vertex -11.9988 -33.8716 785.169
 endloop
endfacet
facet normal -0.573316 -0.488802 0.657557
 outer loop
  vertex -13.3318 -37.5245 780.943
  vertex -11.9988 -33.8716 785.169
  vertex -18.8741 -33.6889 779
 endloop
endfacet
facet normal -0.518424 -0.569817 0.637609
 outer loop
  vertex -13.3318 -37.5245 780.943
  vertex -5.22655 -42.183 782.695
  vertex -11.9988 -33.8716 785.169
 endloop
endfacet
facet normal -0.691979 -0.34536 0.63395
 outer loop
  vertex -24.1405 -23.8038 779
  vertex -22.118 -28.228 779
  vertex -19.4804 -28.0941 781.857
 endloop
endfacet
facet normal -0.666045 -0.369583 0.647914
 outer loop
  vertex -19.4804 -28.0941 781.857
  vertex -22.118 -28.228 779
  vertex -21.112 -30.0949 779
 endloop
endfacet
facet normal -0.65335 -0.380143 0.654695
 outer loop
  vertex -20.5827 -31.0086 779
  vertex -19.4804 -28.0941 781.857
  vertex -21.112 -30.0949 779
 endloop
endfacet
facet normal -0.635553 -0.393765 0.664094
 outer loop
  vertex -20.5827 -31.0086 779
  vertex -18.8741 -33.6889 779
  vertex -19.4804 -28.0941 781.857
 endloop
endfacet
facet normal -0.158845 -0.886401 0.434812
 outer loop
  vertex 13.8013 -50.0847 782.244
  vertex 11.5673 -51.411 779
  vertex 14.6427 -50.496 781.649
 endloop
endfacet
facet normal -0.116722 -0.88317 0.454298
 outer loop
  vertex 14.6427 -50.496 781.649
  vertex 11.5673 -51.411 779
  vertex 16.5175 -51.9009 779.002
 endloop
endfacet
facet normal -0.128905 -0.921312 0.366836
 outer loop
  vertex 15.6691 -50.7973 781.355
  vertex 16.5175 -51.9009 779.002
  vertex 16.7623 -50.9548 781.428
 endloop
endfacet
facet normal -0.135673 -0.914214 0.381844
 outer loop
  vertex 15.6691 -50.7973 781.355
  vertex 14.6427 -50.496 781.649
  vertex 16.5175 -51.9009 779.002
 endloop
endfacet
facet normal -0.0972578 -0.929716 0.355202
 outer loop
  vertex 16.5175 -51.9009 779.002
  vertex 20.1677 -52.1702 779
  vertex 16.7623 -50.9548 781.428
 endloop
endfacet
facet normal -0.0934015 -0.945788 0.311064
 outer loop
  vertex 16.7623 -50.9548 781.428
  vertex 20.1677 -52.1702 779
  vertex 20.9214 -52.2201 779
 endloop
endfacet
facet normal -0.129989 -0.950754 0.281371
 outer loop
  vertex 17.5923 -50.9837 781.763
  vertex 20.9214 -52.2201 779
  vertex 18.2943 -50.9444 782.319
 endloop
endfacet
facet normal -0.125079 -0.944925 0.302442
 outer loop
  vertex 17.5923 -50.9837 781.763
  vertex 16.7623 -50.9548 781.428
  vertex 20.9214 -52.2201 779
 endloop
endfacet
facet normal -0.120391 -0.960283 0.251721
 outer loop
  vertex 18.2943 -50.9444 782.319
  vertex 20.9214 -52.2201 779
  vertex 21.6162 -51.6248 781.627
 endloop
endfacet
facet normal -0.176131 -0.962847 0.204704
 outer loop
  vertex 18.9389 -50.8123 783.33
  vertex 21.6162 -51.6248 781.627
  vertex 19.1595 -50.6068 784.5
 endloop
endfacet
facet normal -0.16221 -0.960393 0.226569
 outer loop
  vertex 18.9389 -50.8123 783.33
  vertex 18.2943 -50.9444 782.319
  vertex 21.6162 -51.6248 781.627
 endloop
endfacet
facet normal -0.0846558 -0.96126 0.262321
 outer loop
  vertex 20.9214 -52.2201 779
  vertex 21.0771 -52.2302 779
  vertex 21.6162 -51.6248 781.627
 endloop
endfacet
facet normal -0.0842694 -0.962861 0.256509
 outer loop
  vertex 21.6162 -51.6248 781.627
  vertex 21.0771 -52.2302 779
  vertex 21.5279 -52.2571 779.007
 endloop
endfacet
facet normal -0.0606706 -0.981538 0.181388
 outer loop
  vertex 26.5664 -52.3436 780.257
  vertex 21.5279 -52.2571 779.007
  vertex 26.5695 -52.3727 780.042
 endloop
endfacet
facet normal -0.0594461 -0.989608 0.130928
 outer loop
  vertex 26.8627 -52.3742 780.161
  vertex 26.5664 -52.3436 780.257
  vertex 26.5695 -52.3727 780.042
 endloop
endfacet
facet normal -0.0573823 -0.99295 0.103715
 outer loop
  vertex 26.8627 -52.3742 780.161
  vertex 29.9849 -52.3942 781.931
  vertex 26.5664 -52.3436 780.257
 endloop
endfacet
facet normal -0.0869971 -0.992714 0.0833684
 outer loop
  vertex 26.5664 -52.3436 780.257
  vertex 29.9849 -52.3942 781.931
  vertex 26.4033 -51.8192 785.561
 endloop
endfacet
facet normal -0.171784 -0.977063 0.125852
 outer loop
  vertex 21.6162 -51.6248 781.627
  vertex 26.4033 -51.8192 785.561
  vertex 21.5822 -50.6684 787.809
 endloop
endfacet
facet normal -0.22652 -0.960717 0.160349
 outer loop
  vertex 19.1595 -50.6068 784.5
  vertex 21.5822 -50.6684 787.809
  vertex 18.9966 -50.3778 785.488
 endloop
endfacet
facet normal -0.193048 -0.966696 0.168021
 outer loop
  vertex 19.1595 -50.6068 784.5
  vertex 21.6162 -51.6248 781.627
  vertex 21.5822 -50.6684 787.809
 endloop
endfacet
facet normal -0.0826021 -0.995481 0.0468394
 outer loop
  vertex 29.9849 -52.3942 781.931
  vertex 31.4803 -52.424 783.194
  vertex 26.4033 -51.8192 785.561
 endloop
endfacet
facet normal -0.477187 -0.834628 0.275115
 outer loop
  vertex 4.05981 -43.461 789.052
  vertex 12.6336 -46.8865 791.982
  vertex 4.54906 -41.3218 795.388
 endloop
endfacet
facet normal -0.580687 -0.752873 0.309814
 outer loop
  vertex -3.27634 -36.1612 792.937
  vertex 4.54906 -41.3218 795.388
  vertex 4.56967 -41.2172 795.742
 endloop
endfacet
facet normal -0.653758 -0.691777 0.306666
 outer loop
  vertex -2.58811 -33.665 798.775
  vertex 4.56967 -41.2172 795.742
  vertex -2.55773 -33.5493 799.066
 endloop
endfacet
facet normal -0.727967 -0.594902 0.340816
 outer loop
  vertex -7.20614 -26.1729 801.234
  vertex -2.58811 -33.665 798.775
  vertex -2.55773 -33.5493 799.066
 endloop
endfacet
facet normal -0.740145 -0.553255 0.382223
 outer loop
  vertex -7.20614 -26.1729 801.234
  vertex -9.81034 -27.4223 794.814
  vertex -2.58811 -33.665 798.775
 endloop
endfacet
facet normal -0.684603 -0.613904 0.39299
 outer loop
  vertex -2.58811 -33.665 798.775
  vertex -9.81034 -27.4223 794.814
  vertex -3.27634 -36.1612 792.937
 endloop
endfacet
facet normal -0.627376 -0.704948 0.330828
 outer loop
  vertex 4.56967 -41.2172 795.742
  vertex -2.58811 -33.665 798.775
  vertex -3.27634 -36.1612 792.937
 endloop
endfacet
facet normal -0.835136 -0.310072 0.454317
 outer loop
  vertex -15.5009 -17.1701 794.581
  vertex -10.5263 -18.389 802.782
  vertex -14.2157 -13.6029 798.926
 endloop
endfacet
facet normal -0.858421 -0.131499 0.495803
 outer loop
  vertex -20.1683 -5.08237 791.788
  vertex -14.2157 -13.6029 798.926
  vertex -17.3492 -2.7477 796.867
 endloop
endfacet
facet normal -0.858982 -0.0599075 0.508489
 outer loop
  vertex -19.2501 -2.74762 793.61
  vertex -20.1683 -5.08237 791.788
  vertex -17.3492 -2.7477 796.867
 endloop
endfacet
facet normal -0.853528 -0.0573566 0.517881
 outer loop
  vertex -19.2501 -2.74762 793.61
  vertex -21.5938 -2.74764 789.741
  vertex -20.1683 -5.08237 791.788
 endloop
endfacet
facet normal -0.845293 -0.0912445 0.526455
 outer loop
  vertex -20.1683 -5.08237 791.788
  vertex -21.5938 -2.74764 789.741
  vertex -21.7873 -9.24844 788.278
 endloop
endfacet
facet normal -0.804783 -0.278939 0.523945
 outer loop
  vertex -15.5009 -17.1701 794.581
  vertex -21.7873 -9.24844 788.278
  vertex -16.785 -20.7354 790.233
 endloop
endfacet
facet normal -0.833946 -0.184715 0.520013
 outer loop
  vertex -15.5009 -17.1701 794.581
  vertex -20.1683 -5.08237 791.788
  vertex -21.7873 -9.24844 788.278
 endloop
endfacet
facet normal -0.838811 -0.222158 0.497033
 outer loop
  vertex -15.5009 -17.1701 794.581
  vertex -14.2157 -13.6029 798.926
  vertex -20.1683 -5.08237 791.788
 endloop
endfacet
facet normal -0.887713 -0.191401 0.418726
 outer loop
  vertex -12.7482 -9.54137 803.818
  vertex -12.9201 -10.017 803.244
  vertex -12.5645 -10.5796 803.732
 endloop
endfacet
facet normal -0.895328 -0.141966 0.422176
 outer loop
  vertex -12.7482 -9.54137 803.818
  vertex -13.4755 -2.74761 804.157
  vertex -12.9201 -10.017 803.244
 endloop
endfacet
facet normal -0.888172 -0.0977492 0.448995
 outer loop
  vertex -12.9201 -10.017 803.244
  vertex -13.4755 -2.74761 804.157
  vertex -17.3492 -2.7477 796.867
 endloop
endfacet
facet normal -0.869899 -0.167049 0.464081
 outer loop
  vertex -14.2157 -13.6029 798.926
  vertex -12.9201 -10.017 803.244
  vertex -17.3492 -2.7477 796.867
 endloop
endfacet
facet normal -0.873555 -0.217299 0.435527
 outer loop
  vertex -14.2157 -13.6029 798.926
  vertex -12.5645 -10.5796 803.732
  vertex -12.9201 -10.017 803.244
 endloop
endfacet
facet normal -0.862767 -0.270927 0.426886
 outer loop
  vertex -14.2157 -13.6029 798.926
  vertex -10.5263 -18.389 802.782
  vertex -12.5645 -10.5796 803.732
 endloop
endfacet
facet normal -0.841326 -0.0743453 0.535391
 outer loop
  vertex -21.5938 -2.74764 789.741
  vertex -26.049 -2.74765 782.708
  vertex -21.7873 -9.24844 788.278
 endloop
endfacet
facet normal -0.828188 -0.126895 0.545895
 outer loop
  vertex -21.7873 -9.24844 788.278
  vertex -26.049 -2.74765 782.708
  vertex -23.3483 -13.3105 784.623
 endloop
endfacet
facet normal -0.304427 -0.935355 0.180099
 outer loop
  vertex 15.559 -48.9742 787.6
  vertex 16.9861 -49.45 787.48
  vertex 16.9964 -49.0516 789.731
 endloop
endfacet
facet normal -0.292913 -0.940852 0.170293
 outer loop
  vertex 16.9964 -49.0516 789.731
  vertex 16.9861 -49.45 787.48
  vertex 17.8486 -49.7869 787.044
 endloop
endfacet
facet normal -0.253088 -0.955352 0.152475
 outer loop
  vertex 21.5822 -50.6684 787.809
  vertex 17.8486 -49.7869 787.044
  vertex 18.5417 -50.1021 786.362
 endloop
endfacet
facet normal -0.239971 -0.958513 0.153841
 outer loop
  vertex 18.9966 -50.3778 785.488
  vertex 21.5822 -50.6684 787.809
  vertex 18.5417 -50.1021 786.362
 endloop
endfacet
facet normal -0.767853 -0.32068 0.554587
 outer loop
  vertex -16.785 -20.7354 790.233
  vertex -23.3483 -13.3105 784.623
  vertex -18.097 -24.3507 785.956
 endloop
endfacet
facet normal -0.663929 -0.496476 0.559205
 outer loop
  vertex -10.8436 -30.5375 789.839
  vertex -18.097 -24.3507 785.956
  vertex -11.9988 -33.8716 785.169
 endloop
endfacet
facet normal -0.600108 -0.59531 0.5343
 outer loop
  vertex -4.12966 -38.9536 787.511
  vertex -10.8436 -30.5375 789.839
  vertex -11.9988 -33.8716 785.169
 endloop
endfacet
facet normal -0.607702 -0.639918 0.470322
 outer loop
  vertex -4.12966 -38.9536 787.511
  vertex -3.27634 -36.1612 792.937
  vertex -10.8436 -30.5375 789.839
 endloop
endfacet
facet normal -0.538707 -0.72944 0.421559
 outer loop
  vertex -4.12966 -38.9536 787.511
  vertex 4.05981 -43.461 789.052
  vertex -3.27634 -36.1612 792.937
 endloop
endfacet
facet normal -0.547776 -0.76253 0.344224
 outer loop
  vertex -3.27634 -36.1612 792.937
  vertex 4.05981 -43.461 789.052
  vertex 4.54906 -41.3218 795.388
 endloop
endfacet
facet normal -0.720078 -0.436191 0.539653
 outer loop
  vertex -18.097 -24.3507 785.956
  vertex -10.8436 -30.5375 789.839
  vertex -16.785 -20.7354 790.233
 endloop
endfacet
facet normal -0.724192 -0.476551 0.498443
 outer loop
  vertex -16.785 -20.7354 790.233
  vertex -10.8436 -30.5375 789.839
  vertex -9.81034 -27.4223 794.814
 endloop
endfacet
facet normal -0.675411 -0.581243 0.453846
 outer loop
  vertex -9.81034 -27.4223 794.814
  vertex -10.8436 -30.5375 789.839
  vertex -3.27634 -36.1612 792.937
 endloop
endfacet
facet normal -0.355444 -0.677073 0.644384
 outer loop
  vertex -3.73517 -47.1613 779.001
  vertex 3.27813 -46.1249 783.447
  vertex -5.22655 -42.183 782.695
 endloop
endfacet
facet normal -0.434462 -0.710121 0.554049
 outer loop
  vertex -5.22655 -42.183 782.695
  vertex 3.27813 -46.1249 783.447
  vertex -4.12966 -38.9536 787.511
 endloop
endfacet
facet normal -0.320142 -0.869543 0.376037
 outer loop
  vertex 3.27813 -46.1249 783.447
  vertex 12.1978 -49.3222 783.161
  vertex 12.5823 -47.3709 789.76
 endloop
endfacet
facet normal -0.394633 -0.839684 0.37309
 outer loop
  vertex 4.05981 -43.461 789.052
  vertex 3.27813 -46.1249 783.447
  vertex 12.5823 -47.3709 789.76
 endloop
endfacet
facet normal -0.510555 -0.825388 0.240975
 outer loop
  vertex 4.56967 -41.2172 795.742
  vertex 4.54906 -41.3218 795.388
  vertex 12.6336 -46.8865 791.982
 endloop
endfacet
facet normal -0.113037 -0.984655 0.132953
 outer loop
  vertex 26.4033 -51.8192 785.561
  vertex 21.6162 -51.6248 781.627
  vertex 26.5664 -52.3436 780.257
 endloop
endfacet
facet normal -0.084542 -0.975405 0.203565
 outer loop
  vertex 26.5664 -52.3436 780.257
  vertex 21.6162 -51.6248 781.627
  vertex 21.5279 -52.2571 779.007
 endloop
endfacet
facet normal -0.665912 -0.446475 0.597681
 outer loop
  vertex -19.4804 -28.0941 781.857
  vertex -11.9988 -33.8716 785.169
  vertex -18.097 -24.3507 785.956
 endloop
endfacet
facet normal -0.744358 -0.307123 0.592965
 outer loop
  vertex -24.1405 -23.8038 779
  vertex -18.097 -24.3507 785.956
  vertex -24.889 -17.3361 780.918
 endloop
endfacet
facet normal -0.773268 -0.275696 0.571007
 outer loop
  vertex -24.889 -17.3361 780.918
  vertex -18.097 -24.3507 785.956
  vertex -23.3483 -13.3105 784.623
 endloop
endfacet
facet normal -0.795351 -0.204131 0.570742
 outer loop
  vertex -26.942 -14.8712 779
  vertex -24.889 -17.3361 780.918
  vertex -23.3483 -13.3105 784.623
 endloop
endfacet
facet normal -0.276795 -0.949765 0.146053
 outer loop
  vertex 17.8486 -49.7869 787.044
  vertex 21.5822 -50.6684 787.809
  vertex 16.9964 -49.0516 789.731
 endloop
endfacet
facet normal -0.304025 -0.907298 0.290482
 outer loop
  vertex 12.1978 -49.3222 783.161
  vertex 13.2129 -48.646 785.914
  vertex 12.5823 -47.3709 789.76
 endloop
endfacet
facet normal 0.987824 -0.0178876 -0.154541
 outer loop
  vertex 12.8686 -49.0001 784.5
  vertex 12.9 -47.2 784.5
  vertex 13.2129 -48.646 785.914
 endloop
endfacet
facet normal 0.945069 -0.0179448 -0.326377
 outer loop
  vertex 13.2129 -48.646 785.914
  vertex 12.9 -47.2 784.5
  vertex 13.3153 -47.2 786.05
 endloop
endfacet
facet normal 0.72442 -0.0178687 -0.689128
 outer loop
  vertex 13.635 -48.6018 786.542
  vertex 13.3153 -47.2 786.05
  vertex 14.45 -47.2 787.185
 endloop
endfacet
facet normal 0.414823 -0.0178265 -0.909728
 outer loop
  vertex 14.1946 -48.6523 787.051
  vertex 14.45 -47.2 787.185
  vertex 15.559 -48.9742 787.6
 endloop
endfacet
facet normal 0.617588 -0.0176278 -0.786304
 outer loop
  vertex 14.1946 -48.6523 787.051
  vertex 13.635 -48.6018 786.542
  vertex 14.45 -47.2 787.185
 endloop
endfacet
facet normal 0.218908 -0.0178871 -0.975582
 outer loop
  vertex 14.45 -47.2 787.185
  vertex 16 -47.2 787.6
  vertex 15.559 -48.9742 787.6
 endloop
endfacet
facet normal -0.0588275 -0.0177811 -0.99811
 outer loop
  vertex 15.559 -48.9742 787.6
  vertex 16 -47.2 787.6
  vertex 16.9861 -49.45 787.48
 endloop
endfacet
facet normal -0.277736 -0.0178646 -0.960491
 outer loop
  vertex 16.9861 -49.45 787.48
  vertex 16 -47.2 787.6
  vertex 17.55 -47.2 787.185
 endloop
endfacet
facet normal -0.668164 -0.0179075 -0.743798
 outer loop
  vertex 17.8486 -49.7869 787.044
  vertex 17.55 -47.2 787.185
  vertex 18.6847 -47.2 786.05
 endloop
endfacet
facet normal -0.88144 -0.0176008 -0.471968
 outer loop
  vertex 18.5417 -50.1021 786.362
  vertex 18.6847 -47.2 786.05
  vertex 18.9966 -50.3778 785.488
 endloop
endfacet
facet normal -0.765412 -0.0177304 -0.643296
 outer loop
  vertex 18.5417 -50.1021 786.362
  vertex 17.8486 -49.7869 787.044
  vertex 18.6847 -47.2 786.05
 endloop
endfacet
facet normal -0.960576 -0.0178644 -0.277442
 outer loop
  vertex 18.6847 -47.2 786.05
  vertex 19.1 -47.2 784.5
  vertex 18.9966 -50.3778 785.488
 endloop
endfacet
facet normal -0.994253 -0.0176509 -0.105589
 outer loop
  vertex 18.9966 -50.3778 785.488
  vertex 19.1 -47.2 784.5
  vertex 19.1595 -50.6068 784.5
 endloop
endfacet
facet normal -0.471103 -0.0175968 -0.881903
 outer loop
  vertex 17.8486 -49.7869 787.044
  vertex 16.9861 -49.45 787.48
  vertex 17.55 -47.2 787.185
 endloop
endfacet
facet normal 0.842679 -0.0175472 -0.53813
 outer loop
  vertex 13.635 -48.6018 786.542
  vertex 13.2129 -48.646 785.914
  vertex 13.3153 -47.2 786.05
 endloop
endfacet
facet normal -2.70621E-18 -1 -3.24452E-18
 outer loop
  vertex 18.75 -47.2 784.5
  vertex 19.1 -47.2 784.5
  vertex 18.3816 -47.2 785.875
 endloop
endfacet
facet normal -2.70621E-18 -1 -3.24452E-18
 outer loop
  vertex 18.75 -47.2 784.5
  vertex 18.3816 -47.2 783.125
  vertex 19.1 -47.2 784.5
 endloop
endfacet
facet normal -2.70621E-18 -1 -3.24452E-18
 outer loop
  vertex 19.1 -47.2 784.5
  vertex 18.3816 -47.2 783.125
  vertex 18.6847 -47.2 782.95
 endloop
endfacet
facet normal -2.70621E-18 -1 -3.24452E-18
 outer loop
  vertex 18.6847 -47.2 782.95
  vertex 18.3816 -47.2 783.125
  vertex 17.375 -47.2 782.118
 endloop
endfacet
facet normal -2.70621E-18 -1 -3.24452E-18
 outer loop
  vertex 17.55 -47.2 781.815
  vertex 17.375 -47.2 782.118
  vertex 16 -47.2 781.75
 endloop
endfacet
facet normal -2.70621E-18 -1 -3.24452E-18
 outer loop
  vertex 16 -47.2 781.4
  vertex 16 -47.2 781.75
  vertex 14.45 -47.2 781.815
 endloop
endfacet
facet normal -2.70621E-18 -1 -3.24452E-18
 outer loop
  vertex 16 -47.2 781.4
  vertex 17.55 -47.2 781.815
  vertex 16 -47.2 781.75
 endloop
endfacet
facet normal -2.70621E-18 -1 -3.24452E-18
 outer loop
  vertex 18.3816 -47.2 785.875
  vertex 18.6847 -47.2 786.05
  vertex 17.375 -47.2 786.882
 endloop
endfacet
facet normal -2.70621E-18 -1 -3.24452E-18
 outer loop
  vertex 18.3816 -47.2 785.875
  vertex 19.1 -47.2 784.5
  vertex 18.6847 -47.2 786.05
 endloop
endfacet
facet normal -2.70621E-18 -1 -3.24452E-18
 outer loop
  vertex 16 -47.2 781.75
  vertex 14.625 -47.2 782.118
  vertex 14.45 -47.2 781.815
 endloop
endfacet
facet normal -2.70621E-18 -1 -3.24452E-18
 outer loop
  vertex 14.45 -47.2 781.815
  vertex 14.625 -47.2 782.118
  vertex 13.3153 -47.2 782.95
 endloop
endfacet
facet normal -2.70621E-18 -1 -3.24452E-18
 outer loop
  vertex 13.3153 -47.2 782.95
  vertex 14.625 -47.2 782.118
  vertex 13.6184 -47.2 783.125
 endloop
endfacet
facet normal -2.70621E-18 -1 -3.24452E-18
 outer loop
  vertex 12.9 -47.2 784.5
  vertex 13.6184 -47.2 783.125
  vertex 13.25 -47.2 784.5
 endloop
endfacet
facet normal -2.70621E-18 -1 -3.24452E-18
 outer loop
  vertex 13.3153 -47.2 786.05
  vertex 13.25 -47.2 784.5
  vertex 13.6184 -47.2 785.875
 endloop
endfacet
facet normal -2.70621E-18 -1 -3.24452E-18
 outer loop
  vertex 14.625 -47.2 786.882
  vertex 13.3153 -47.2 786.05
  vertex 13.6184 -47.2 785.875
 endloop
endfacet
facet normal -2.70621E-18 -1 -3.24452E-18
 outer loop
  vertex 14.625 -47.2 786.882
  vertex 14.45 -47.2 787.185
  vertex 13.3153 -47.2 786.05
 endloop
endfacet
facet normal -2.70621E-18 -1 -3.24452E-18
 outer loop
  vertex 14.625 -47.2 786.882
  vertex 16 -47.2 787.25
  vertex 14.45 -47.2 787.185
 endloop
endfacet
facet normal -2.70621E-18 -1 -3.24452E-18
 outer loop
  vertex 14.45 -47.2 787.185
  vertex 16 -47.2 787.25
  vertex 16 -47.2 787.6
 endloop
endfacet
facet normal -2.70621E-18 -1 -3.24452E-18
 outer loop
  vertex 16 -47.2 787.6
  vertex 16 -47.2 787.25
  vertex 17.55 -47.2 787.185
 endloop
endfacet
facet normal -2.70621E-18 -1 -3.24452E-18
 outer loop
  vertex 17.55 -47.2 787.185
  vertex 16 -47.2 787.25
  vertex 17.375 -47.2 786.882
 endloop
endfacet
facet normal -2.70621E-18 -1 -3.24452E-18
 outer loop
  vertex 18.6847 -47.2 786.05
  vertex 17.55 -47.2 787.185
  vertex 17.375 -47.2 786.882
 endloop
endfacet
facet normal -2.70621E-18 -1 -3.24452E-18
 outer loop
  vertex 13.3153 -47.2 786.05
  vertex 12.9 -47.2 784.5
  vertex 13.25 -47.2 784.5
 endloop
endfacet
facet normal -2.70621E-18 -1 -3.24452E-18
 outer loop
  vertex 12.9 -47.2 784.5
  vertex 13.3153 -47.2 782.95
  vertex 13.6184 -47.2 783.125
 endloop
endfacet
facet normal -2.70621E-18 -1 -3.24452E-18
 outer loop
  vertex 17.55 -47.2 781.815
  vertex 18.6847 -47.2 782.95
  vertex 17.375 -47.2 782.118
 endloop
endfacet
facet normal -0.763031 0.0191975 0.646076
 outer loop
  vertex -48.9472 2.74759 751.685
  vertex -43.9522 2.74762 757.682
  vertex -48.8507 7.86127 751.64
 endloop
endfacet
facet normal -0.766411 0.027373 0.641767
 outer loop
  vertex -48.8507 7.86127 751.64
  vertex -43.9522 2.74762 757.682
  vertex -42.2607 16.7772 759.011
 endloop
endfacet
facet normal -0.75357 0.029934 0.656686
 outer loop
  vertex -48.62 20.089 751.533
  vertex -42.2607 16.7772 759.011
  vertex -45.3026 24.4826 755.136
 endloop
endfacet
facet normal -0.725283 0.0429284 0.687111
 outer loop
  vertex -48.3902 32.2626 751.425
  vertex -45.3026 24.4826 755.136
  vertex -36.9353 34.5399 763.066
 endloop
endfacet
facet normal -0.631478 0.100763 0.768819
 outer loop
  vertex -40.1111 42.4911 759.524
  vertex -36.9353 34.5399 763.066
  vertex -27.7467 43.0902 768.954
 endloop
endfacet
facet normal -0.506532 0.160043 0.847238
 outer loop
  vertex -31.0161 51.2132 765.645
  vertex -27.7467 43.0902 768.954
  vertex -22.8028 46.724 771.029
 endloop
endfacet
facet normal -0.417803 0.188961 0.88867
 outer loop
  vertex -26.1477 54.9853 767.907
  vertex -22.8028 46.724 771.029
  vertex -17.6398 49.9558 772.559
 endloop
endfacet
facet normal -0.324638 0.20753 0.92279
 outer loop
  vertex -21.0871 58.405 769.692
  vertex -17.6398 49.9558 772.559
  vertex -12.2717 52.8112 773.579
 endloop
endfacet
facet normal -0.245562 0.213697 0.945533
 outer loop
  vertex -15.8506 61.502 771.039
  vertex -12.2717 52.8112 773.579
  vertex -9.51382 54.1034 773.905
 endloop
endfacet
facet normal -0.197245 0.214733 0.956548
 outer loop
  vertex -13.1701 62.9362 771.558
  vertex -9.51382 54.1034 773.905
  vertex -6.70723 55.3063 774.11
 endloop
endfacet
facet normal -0.152075 0.139865 0.978423
 outer loop
  vertex -10.4491 64.2962 771.976
  vertex -6.70723 55.3063 774.11
  vertex -7.68762 65.5817 772.293
 endloop
endfacet
facet normal -0.1195 0.0345051 0.992234
 outer loop
  vertex -9.14899 69 771.959
  vertex -7.68762 65.5817 772.293
  vertex -5.83382 69 772.352
 endloop
endfacet
facet normal -0.144982 0.0526315 0.988033
 outer loop
  vertex -9.14899 69 771.959
  vertex -10.4491 64.2962 771.976
  vertex -7.68762 65.5817 772.293
 endloop
endfacet
facet normal -0.169267 0.0385975 0.984814
 outer loop
  vertex -9.14899 69 771.959
  vertex -12.45 69 771.39
  vertex -10.4491 64.2962 771.976
 endloop
endfacet
facet normal -0.192442 0.0604779 0.979443
 outer loop
  vertex -10.4491 64.2962 771.976
  vertex -12.45 69 771.39
  vertex -13.1701 62.9362 771.558
 endloop
endfacet
facet normal -0.182255 0.147705 0.972094
 outer loop
  vertex -6.70723 55.3063 774.11
  vertex -10.4491 64.2962 771.976
  vertex -13.1701 62.9362 771.558
 endloop
endfacet
facet normal -0.779256 0.0374899 0.625583
 outer loop
  vertex -42.2607 16.7772 759.011
  vertex -43.9522 2.74762 757.682
  vertex -39.3563 9.32396 763.228
 endloop
endfacet
facet normal -0.78735 0.121704 0.604374
 outer loop
  vertex -31.2663 19.8899 771.847
  vertex -39.3563 9.32396 763.228
  vertex -28.7339 13.1191 776.989
 endloop
endfacet
facet normal -0.79604 0.176534 0.578927
 outer loop
  vertex -26.7398 15.6229 779
  vertex -28.7339 13.1191 776.989
  vertex -26.8394 15.21 779
 endloop
endfacet
facet normal -0.786159 0.169382 0.59436
 outer loop
  vertex -26.7398 15.6229 779
  vertex -31.2663 19.8899 771.847
  vertex -28.7339 13.1191 776.989
 endloop
endfacet
facet normal -0.7731 0.20232 0.601151
 outer loop
  vertex -26.7398 15.6229 779
  vertex -25.5964 19.661 779
  vertex -31.2663 19.8899 771.847
 endloop
endfacet
facet normal -0.75031 0.221648 0.622822
 outer loop
  vertex -31.2663 19.8899 771.847
  vertex -25.5964 19.661 779
  vertex -26.9182 24.6167 775.403
 endloop
endfacet
facet normal -0.681341 0.220631 0.697923
 outer loop
  vertex -33.9681 26.9714 767.127
  vertex -26.9182 24.6167 775.403
  vertex -24.8302 35.6148 773.141
 endloop
endfacet
facet normal -0.607918 0.177462 0.773914
 outer loop
  vertex -36.9353 34.5399 763.066
  vertex -24.8302 35.6148 773.141
  vertex -27.7467 43.0902 768.954
 endloop
endfacet
facet normal -0.666652 0.164209 0.727056
 outer loop
  vertex -36.9353 34.5399 763.066
  vertex -33.9681 26.9714 767.127
  vertex -24.8302 35.6148 773.141
 endloop
endfacet
facet normal -0.713864 0.0810614 0.695577
 outer loop
  vertex -36.9353 34.5399 763.066
  vertex -45.3026 24.4826 755.136
  vertex -33.9681 26.9714 767.127
 endloop
endfacet
facet normal -0.742567 0.0680847 0.666302
 outer loop
  vertex -33.9681 26.9714 767.127
  vertex -45.3026 24.4826 755.136
  vertex -42.2607 16.7772 759.011
 endloop
endfacet
facet normal -0.774554 0.087119 0.626479
 outer loop
  vertex -31.2663 19.8899 771.847
  vertex -42.2607 16.7772 759.011
  vertex -39.3563 9.32396 763.228
 endloop
endfacet
facet normal -0.749371 0.11513 0.652064
 outer loop
  vertex -31.2663 19.8899 771.847
  vertex -33.9681 26.9714 767.127
  vertex -42.2607 16.7772 759.011
 endloop
endfacet
facet normal -0.735227 0.184385 0.65226
 outer loop
  vertex -31.2663 19.8899 771.847
  vertex -26.9182 24.6167 775.403
  vertex -33.9681 26.9714 767.127
 endloop
endfacet
facet normal -0.793833 0.0297357 0.607408
 outer loop
  vertex -43.9522 2.74762 757.682
  vertex -36.8032 2.74763 767.067
  vertex -39.3563 9.32396 763.228
 endloop
endfacet
facet normal -0.803646 0.030798 0.59431
 outer loop
  vertex -39.3563 9.32396 763.228
  vertex -36.8032 2.74763 767.067
  vertex -35.957 2.74764 768.233
 endloop
endfacet
facet normal -0.814235 0.0827672 0.574605
 outer loop
  vertex -28.7339 13.1191 776.989
  vertex -35.957 2.74764 768.233
  vertex -28.2211 6.80516 779
 endloop
endfacet
facet normal -0.815116 0.117736 0.567207
 outer loop
  vertex -27.7588 10.5065 779
  vertex -28.7339 13.1191 776.989
  vertex -28.2211 6.80516 779
 endloop
endfacet
facet normal -0.804268 0.154152 0.573925
 outer loop
  vertex -27.7588 10.5065 779
  vertex -26.8394 15.21 779
  vertex -28.7339 13.1191 776.989
 endloop
endfacet
facet normal -0.822985 0.0436868 0.566381
 outer loop
  vertex -35.957 2.74764 768.233
  vertex -28.4884 2.74764 779
  vertex -28.2211 6.80516 779
 endloop
endfacet
facet normal -0.74779 0.251025 0.614651
 outer loop
  vertex -25.5964 19.661 779
  vertex -25.3614 20.3736 779
  vertex -26.9182 24.6167 775.403
 endloop
endfacet
facet normal -0.7341 0.269713 0.623179
 outer loop
  vertex -26.9182 24.6167 775.403
  vertex -25.3614 20.3736 779
  vertex -23.9309 24.168 779
 endloop
endfacet
facet normal -0.688359 0.332251 0.644803
 outer loop
  vertex -22.3246 28.8933 778.349
  vertex -23.9309 24.168 779
  vertex -22.0629 28.1712 779
 endloop
endfacet
facet normal -0.664743 0.354347 0.657689
 outer loop
  vertex -21.1242 29.9055 779
  vertex -22.3246 28.8933 778.349
  vertex -22.0629 28.1712 779
 endloop
endfacet
facet normal -0.650967 0.365746 0.665186
 outer loop
  vertex -21.1242 29.9055 779
  vertex -20.3703 31.1939 779
  vertex -22.3246 28.8933 778.349
 endloop
endfacet
facet normal -0.633654 0.334579 0.697524
 outer loop
  vertex -22.3246 28.8933 778.349
  vertex -20.3703 31.1939 779
  vertex -24.8302 35.6148 773.141
 endloop
endfacet
facet normal -0.663908 0.290797 0.688958
 outer loop
  vertex -26.9182 24.6167 775.403
  vertex -22.3246 28.8933 778.349
  vertex -24.8302 35.6148 773.141
 endloop
endfacet
facet normal -0.704435 0.299785 0.643351
 outer loop
  vertex -26.9182 24.6167 775.403
  vertex -23.9309 24.168 779
  vertex -22.3246 28.8933 778.349
 endloop
endfacet
facet normal -0.607796 0.358014 0.708809
 outer loop
  vertex -20.3703 31.1939 779
  vertex -18.518 34.0328 779
  vertex -24.8302 35.6148 773.141
 endloop
endfacet
facet normal -0.543359 0.371121 0.753014
 outer loop
  vertex -24.8302 35.6148 773.141
  vertex -18.518 34.0328 779
  vertex -14.7391 42.5092 776.785
 endloop
endfacet
facet normal -0.418239 0.294996 0.8591
 outer loop
  vertex -22.8028 46.724 771.029
  vertex -14.7391 42.5092 776.785
  vertex -17.6398 49.9558 772.559
 endloop
endfacet
facet normal -0.498388 0.304446 0.81174
 outer loop
  vertex -22.8028 46.724 771.029
  vertex -24.8302 35.6148 773.141
  vertex -14.7391 42.5092 776.785
 endloop
endfacet
facet normal -0.531652 0.221231 0.817559
 outer loop
  vertex -22.8028 46.724 771.029
  vertex -27.7467 43.0902 768.954
  vertex -24.8302 35.6148 773.141
 endloop
endfacet
facet normal -0.504065 0.438444 0.7441
 outer loop
  vertex -18.518 34.0328 779
  vertex -13.8182 39.6719 779
  vertex -14.7391 42.5092 776.785
 endloop
endfacet
facet normal -0.466713 0.458743 0.756131
 outer loop
  vertex -14.7391 42.5092 776.785
  vertex -13.8182 39.6719 779
  vertex -13.7241 39.7667 779
 endloop
endfacet
facet normal -0.43374 0.477201 0.764297
 outer loop
  vertex -8.84509 43.9349 779
  vertex -14.7391 42.5092 776.785
  vertex -13.7241 39.7667 779
 endloop
endfacet
facet normal -0.390968 0.480636 0.784942
 outer loop
  vertex -8.84509 43.9349 779
  vertex -9.3727 45.3678 777.809
  vertex -14.7391 42.5092 776.785
 endloop
endfacet
facet normal -0.356848 0.526901 0.771385
 outer loop
  vertex -8.84509 43.9349 779
  vertex -6.19424 45.6777 779
  vertex -9.3727 45.3678 777.809
 endloop
endfacet
facet normal -0.319649 0.536993 0.780681
 outer loop
  vertex -9.3727 45.3678 777.809
  vertex -6.19424 45.6777 779
  vertex -3.8099 47.866 778.345
 endloop
endfacet
facet normal -0.191369 0.483405 0.854223
 outer loop
  vertex -5.13435 51.3583 775.919
  vertex -3.8099 47.866 778.345
  vertex 0.661362 53.4292 775.875
 endloop
endfacet
facet normal -0.0898571 0.342938 0.93505
 outer loop
  vertex -3.8514 56.4189 774.193
  vertex 0.661362 53.4292 775.875
  vertex -0.944816 57.4383 774.15
 endloop
endfacet
facet normal -0.0563562 0.122681 0.990845
 outer loop
  vertex -4.88489 66.7917 772.508
  vertex -0.944816 57.4383 774.15
  vertex -2.03959 67.9236 772.617
 endloop
endfacet
facet normal -0.0194778 0.0255016 0.999485
 outer loop
  vertex -2.50454 69 772.571
  vertex -2.03959 67.9236 772.617
  vertex 0.838894 69 772.614
 endloop
endfacet
facet normal -0.0497488 0.0348197 0.998155
 outer loop
  vertex -2.50454 69 772.571
  vertex -4.88489 66.7917 772.508
  vertex -2.03959 67.9236 772.617
 endloop
endfacet
facet normal -0.0695713 0.0300888 0.997123
 outer loop
  vertex -2.50454 69 772.571
  vertex -5.83382 69 772.352
  vertex -4.88489 66.7917 772.508
 endloop
endfacet
facet normal -0.0974239 0.0439628 0.994272
 outer loop
  vertex -4.88489 66.7917 772.508
  vertex -5.83382 69 772.352
  vertex -7.68762 65.5817 772.293
 endloop
endfacet
facet normal -0.133088 0.209394 0.968732
 outer loop
  vertex -3.8514 56.4189 774.193
  vertex -7.68762 65.5817 772.293
  vertex -6.70723 55.3063 774.11
 endloop
endfacet
facet normal -0.193052 0.326631 0.925226
 outer loop
  vertex -5.13435 51.3583 775.919
  vertex -6.70723 55.3063 774.11
  vertex -9.51382 54.1034 773.905
 endloop
endfacet
facet normal -0.22639 0.322773 0.919002
 outer loop
  vertex -12.2717 52.8112 773.579
  vertex -5.13435 51.3583 775.919
  vertex -9.51382 54.1034 773.905
 endloop
endfacet
facet normal -0.274459 0.396147 0.876208
 outer loop
  vertex -12.2717 52.8112 773.579
  vertex -9.3727 45.3678 777.809
  vertex -5.13435 51.3583 775.919
 endloop
endfacet
facet normal -0.327695 0.337581 0.882415
 outer loop
  vertex -12.2717 52.8112 773.579
  vertex -17.6398 49.9558 772.559
  vertex -9.3727 45.3678 777.809
 endloop
endfacet
facet normal -0.385265 0.387633 0.837444
 outer loop
  vertex -9.3727 45.3678 777.809
  vertex -17.6398 49.9558 772.559
  vertex -14.7391 42.5092 776.785
 endloop
endfacet
facet normal -0.29824 0.569754 0.765789
 outer loop
  vertex -6.19424 45.6777 779
  vertex -3.53873 47.1216 779
  vertex -3.8099 47.866 778.345
 endloop
endfacet
facet normal -0.275197 0.585739 0.76235
 outer loop
  vertex -3.8099 47.866 778.345
  vertex -3.53873 47.1216 779
  vertex -2.01304 47.8295 779
 endloop
endfacet
facet normal -0.217703 0.636388 0.740011
 outer loop
  vertex 1.95085 50.0011 778.388
  vertex -2.01304 47.8295 779
  vertex 2.17347 49.3762 779
 endloop
endfacet
facet normal -0.196077 0.656326 0.728554
 outer loop
  vertex 2.40139 49.4454 779
  vertex 1.95085 50.0011 778.388
  vertex 2.17347 49.3762 779
 endloop
endfacet
facet normal -0.176278 0.684482 0.707397
 outer loop
  vertex 2.40139 49.4454 779
  vertex 7.02909 50.5731 779
  vertex 1.95085 50.0011 778.388
 endloop
endfacet
facet normal -0.138166 0.699642 0.701007
 outer loop
  vertex 1.95085 50.0011 778.388
  vertex 7.02909 50.5731 779
  vertex 7.92893 51.7374 777.891
 endloop
endfacet
facet normal -0.0332186 0.708806 0.704621
 outer loop
  vertex 7.36022 53.3119 776.446
  vertex 7.92893 51.7374 777.891
  vertex 14.1597 53.01 776.766
 endloop
endfacet
facet normal 0.0711379 0.777607 0.624713
 outer loop
  vertex 13.6383 54.4978 775.203
  vertex 14.1597 53.01 776.766
  vertex 20.6777 53.7557 774.927
 endloop
endfacet
facet normal 0.157369 0.832628 0.531004
 outer loop
  vertex 20.2195 55.1275 773.207
  vertex 20.6777 53.7557 774.927
  vertex 27.4715 53.9954 772.402
 endloop
endfacet
facet normal 0.226674 0.833608 0.503703
 outer loop
  vertex 28.4143 55.2149 769.933
  vertex 27.4715 53.9954 772.402
  vertex 28.7417 54.6183 770.637
 endloop
endfacet
facet normal 0.216317 0.797407 0.563338
 outer loop
  vertex 28.4143 55.2149 769.933
  vertex 20.2195 55.1275 773.207
  vertex 27.4715 53.9954 772.402
 endloop
endfacet
facet normal 0.279064 0.678686 0.679345
 outer loop
  vertex 28.4143 55.2149 769.933
  vertex 27.8928 56.6232 768.817
  vertex 20.2195 55.1275 773.207
 endloop
endfacet
facet normal 0.273332 0.602137 0.750147
 outer loop
  vertex 20.2195 55.1275 773.207
  vertex 27.8928 56.6232 768.817
  vertex 19.5642 56.8609 771.977
 endloop
endfacet
facet normal 0.16624 0.572228 0.803069
 outer loop
  vertex 13.6383 54.4978 775.203
  vertex 19.5642 56.8609 771.977
  vertex 12.9733 56.249 773.997
 endloop
endfacet
facet normal 0.0435395 0.543046 0.838573
 outer loop
  vertex 7.36022 53.3119 776.446
  vertex 12.9733 56.249 773.997
  vertex 6.68457 55.0827 775.266
 endloop
endfacet
facet normal -0.0289319 0.413677 0.909964
 outer loop
  vertex 0.661362 53.4292 775.875
  vertex 6.68457 55.0827 775.266
  vertex 2.01478 58.3605 773.975
 endloop
endfacet
facet normal -0.0313482 0.199901 0.979315
 outer loop
  vertex -0.944816 57.4383 774.15
  vertex 2.01478 58.3605 773.975
  vertex -2.03959 67.9236 772.617
 endloop
endfacet
facet normal -0.0536618 0.341985 0.938172
 outer loop
  vertex -0.944816 57.4383 774.15
  vertex 0.661362 53.4292 775.875
  vertex 2.01478 58.3605 773.975
 endloop
endfacet
facet normal -0.12045 0.742623 0.658789
 outer loop
  vertex 7.02909 50.5731 779
  vertex 8.24987 50.7944 779
  vertex 7.92893 51.7374 777.891
 endloop
endfacet
facet normal -0.105831 0.773627 0.624741
 outer loop
  vertex 7.92893 51.7374 777.891
  vertex 8.24987 50.7944 779
  vertex 11.8298 51.3058 779
 endloop
endfacet
facet normal -0.0553828 0.837589 0.543486
 outer loop
  vertex 14.1597 53.01 776.766
  vertex 11.8298 51.3058 779
  vertex 14.5945 51.5968 779
 endloop
endfacet
facet normal -0.0470518 0.866666 0.496665
 outer loop
  vertex 16.7425 51.7828 779
  vertex 14.1597 53.01 776.766
  vertex 14.5945 51.5968 779
 endloop
endfacet
facet normal 0.0158946 0.859935 0.510155
 outer loop
  vertex 16.7425 51.7828 779
  vertex 20.6777 53.7557 774.927
  vertex 14.1597 53.01 776.766
 endloop
endfacet
facet normal -0.0117305 0.918927 0.394253
 outer loop
  vertex 16.7425 51.7828 779
  vertex 21.0771 52.1042 779
  vertex 20.6777 53.7557 774.927
 endloop
endfacet
facet normal -0.00914066 0.939048 0.343664
 outer loop
  vertex 20.6777 53.7557 774.927
  vertex 21.0771 52.1042 779
  vertex 21.7048 52.1431 779.013
 endloop
endfacet
facet normal -0.00929429 0.945776 0.324688
 outer loop
  vertex 23.0309 52.207 779.128
  vertex 20.6777 53.7557 774.927
  vertex 21.7048 52.1431 779.013
 endloop
endfacet
facet normal 0.00813596 0.957567 0.288097
 outer loop
  vertex 23.0309 52.207 779.128
  vertex 27.6291 52.644 777.729
  vertex 20.6777 53.7557 774.927
 endloop
endfacet
facet normal -0.0497387 0.987138 0.151938
 outer loop
  vertex 23.0309 52.207 779.128
  vertex 26.6627 52.3141 780.079
  vertex 27.6291 52.644 777.729
 endloop
endfacet
facet normal -0.0492855 0.992409 0.112677
 outer loop
  vertex 27.6291 52.644 777.729
  vertex 26.6627 52.3141 780.079
  vertex 27.5428 52.3342 780.464
 endloop
endfacet
facet normal -0.0481733 0.993458 0.103543
 outer loop
  vertex 27.9186 52.3425 780.65
  vertex 27.6291 52.644 777.729
  vertex 27.5428 52.3342 780.464
 endloop
endfacet
facet normal -0.0114779 0.994426 0.104807
 outer loop
  vertex 27.9186 52.3425 780.65
  vertex 31.3858 52.7537 776.307
  vertex 27.6291 52.644 777.729
 endloop
endfacet
facet normal -0.0234195 0.997409 0.068027
 outer loop
  vertex 27.9186 52.3425 780.65
  vertex 31.1941 52.4162 782.925
  vertex 31.3858 52.7537 776.307
 endloop
endfacet
facet normal -0.00192264 0.999185 0.0403232
 outer loop
  vertex 31.3858 52.7537 776.307
  vertex 31.1941 52.4162 782.925
  vertex 33.9806 52.4999 781.873
 endloop
endfacet
facet normal -0.033173 0.999321 0.0160332
 outer loop
  vertex 33.9806 52.4999 781.873
  vertex 31.1941 52.4162 782.925
  vertex 31.4804 52.424 783.194
 endloop
endfacet
facet normal -0.0165626 0.999838 0.00699546
 outer loop
  vertex 34.0404 52.5 782
  vertex 33.9806 52.4999 781.873
  vertex 31.4804 52.424 783.194
 endloop
endfacet
facet normal 0.0485578 0.985954 0.159803
 outer loop
  vertex 31.3858 52.7537 776.307
  vertex 29.9296 53.3748 773.185
  vertex 27.6291 52.644 777.729
 endloop
endfacet
facet normal 0.0880149 0.960735 0.263137
 outer loop
  vertex 27.6291 52.644 777.729
  vertex 29.9296 53.3748 773.185
  vertex 27.4715 53.9954 772.402
 endloop
endfacet
facet normal 0.085305 0.931948 0.352414
 outer loop
  vertex 20.6777 53.7557 774.927
  vertex 27.6291 52.644 777.729
  vertex 27.4715 53.9954 772.402
 endloop
endfacet
facet normal 0.15165 0.926988 0.343067
 outer loop
  vertex 29.9296 53.3748 773.185
  vertex 29.2235 53.9844 771.668
  vertex 27.4715 53.9954 772.402
 endloop
endfacet
facet normal 0.191565 0.882945 0.428614
 outer loop
  vertex 27.4715 53.9954 772.402
  vertex 29.2235 53.9844 771.668
  vertex 28.7417 54.6183 770.637
 endloop
endfacet
facet normal 0.325073 0.535604 0.779395
 outer loop
  vertex 27.8928 56.6232 768.817
  vertex 27.8129 56.9174 768.645
  vertex 19.5642 56.8609 771.977
 endloop
endfacet
facet normal 0.338945 0.414107 0.844768
 outer loop
  vertex 19.5642 56.8609 771.977
  vertex 27.8129 56.9174 768.645
  vertex 24.497 61.5773 768.359
 endloop
endfacet
facet normal 0.347343 0.127534 0.929025
 outer loop
  vertex 21.0737 61.5059 769.688
  vertex 24.497 61.5773 768.359
  vertex 21.2148 69 768.979
 endloop
endfacet
facet normal 0.314827 0.0746871 0.946206
 outer loop
  vertex 17.7783 69 770.085
  vertex 21.0737 61.5059 769.688
  vertex 21.2148 69 768.979
 endloop
endfacet
facet normal 0.297061 0.137169 0.944955
 outer loop
  vertex 17.7783 69 770.085
  vertex 17.7268 61.2943 770.826
  vertex 21.0737 61.5059 769.688
 endloop
endfacet
facet normal 0.262804 0.0811632 0.961429
 outer loop
  vertex 17.7783 69 770.085
  vertex 14.3591 69 770.978
  vertex 17.7268 61.2943 770.826
 endloop
endfacet
facet normal 0.24541 0.151047 0.95758
 outer loop
  vertex 17.7268 61.2943 770.826
  vertex 14.3591 69 770.978
  vertex 14.4509 60.9524 771.787
 endloop
endfacet
facet normal 0.213485 0.427768 0.878316
 outer loop
  vertex 19.5642 56.8609 771.977
  vertex 14.4509 60.9524 771.787
  vertex 12.9733 56.249 773.997
 endloop
endfacet
facet normal 0.259986 0.322533 0.910154
 outer loop
  vertex 19.5642 56.8609 771.977
  vertex 17.7268 61.2943 770.826
  vertex 14.4509 60.9524 771.787
 endloop
endfacet
facet normal 0.29458 0.309127 0.904247
 outer loop
  vertex 19.5642 56.8609 771.977
  vertex 21.0737 61.5059 769.688
  vertex 17.7268 61.2943 770.826
 endloop
endfacet
facet normal 0.327816 0.299749 0.895928
 outer loop
  vertex 19.5642 56.8609 771.977
  vertex 24.497 61.5773 768.359
  vertex 21.0737 61.5059 769.688
 endloop
endfacet
facet normal 0.38493 0.336011 0.859608
 outer loop
  vertex 27.8129 56.9174 768.645
  vertex 27.3623 59.3436 767.679
  vertex 24.497 61.5773 768.359
 endloop
endfacet
facet normal 0.399546 0.217555 0.890524
 outer loop
  vertex 24.497 61.5773 768.359
  vertex 27.3623 59.3436 767.679
  vertex 27.1418 61.5203 767.207
 endloop
endfacet
facet normal 0.404012 0.164407 0.899858
 outer loop
  vertex 27.0694 62.5979 767.051
  vertex 24.497 61.5773 768.359
  vertex 27.1418 61.5203 767.207
 endloop
endfacet
facet normal 0.405655 0.139811 0.90327
 outer loop
  vertex 27.0694 62.5979 767.051
  vertex 27.0095 63.7606 766.923
  vertex 24.497 61.5773 768.359
 endloop
endfacet
facet normal 0.3959 0.100283 0.912802
 outer loop
  vertex 24.497 61.5773 768.359
  vertex 27.0095 63.7606 766.923
  vertex 24.6698 69 767.642
 endloop
endfacet
facet normal 0.367092 0.0717567 0.927413
 outer loop
  vertex 21.2148 69 768.979
  vertex 24.497 61.5773 768.359
  vertex 24.6698 69 767.642
 endloop
endfacet
facet normal 0.410677 0.0476645 0.910534
 outer loop
  vertex 27.0095 63.7606 766.923
  vertex 26.8867 68.9999 766.659
  vertex 24.6698 69 767.642
 endloop
endfacet
facet normal 0.209411 0.088724 0.973794
 outer loop
  vertex 14.3591 69 770.978
  vertex 10.9562 69 771.669
  vertex 14.4509 60.9524 771.787
 endloop
endfacet
facet normal 0.190943 0.165051 0.967625
 outer loop
  vertex 14.4509 60.9524 771.787
  vertex 10.9562 69 771.669
  vertex 11.2447 60.4827 772.576
 endloop
endfacet
facet normal 0.142853 0.344835 0.927729
 outer loop
  vertex 12.9733 56.249 773.997
  vertex 11.2447 60.4827 772.576
  vertex 8.10581 59.8895 773.197
 endloop
endfacet
facet normal 0.0609795 0.345001 0.936619
 outer loop
  vertex 6.68457 55.0827 775.266
  vertex 8.10581 59.8895 773.197
  vertex 5.03044 59.1798 773.66
 endloop
endfacet
facet normal 0.0215282 0.192111 0.981137
 outer loop
  vertex 2.01478 58.3605 773.975
  vertex 5.03044 59.1798 773.66
  vertex 0.850459 68.9734 772.615
 endloop
endfacet
facet normal -0.00189763 0.0256418 0.999669
 outer loop
  vertex -2.03959 67.9236 772.617
  vertex 0.850459 68.9734 772.615
  vertex 0.838894 69 772.614
 endloop
endfacet
facet normal -0.00736563 0.112404 0.993635
 outer loop
  vertex -2.03959 67.9236 772.617
  vertex 2.01478 58.3605 773.975
  vertex 0.850459 68.9734 772.615
 endloop
endfacet
facet normal 0.154754 0.0957767 0.9833
 outer loop
  vertex 10.9562 69 771.669
  vertex 7.56895 69 772.168
  vertex 11.2447 60.4827 772.576
 endloop
endfacet
facet normal 0.134595 0.177 0.974964
 outer loop
  vertex 11.2447 60.4827 772.576
  vertex 7.56895 69 772.168
  vertex 8.10581 59.8895 773.197
 endloop
endfacet
facet normal 0.0996224 0.101416 0.989843
 outer loop
  vertex 8.10581 59.8895 773.197
  vertex 7.56895 69 772.168
  vertex 4.19663 69 772.481
 endloop
endfacet
facet normal 0.0446987 0.105431 0.993421
 outer loop
  vertex 5.03044 59.1798 773.66
  vertex 4.19663 69 772.481
  vertex 0.850459 68.9734 772.615
 endloop
endfacet
facet normal 0.0777773 0.186005 0.979466
 outer loop
  vertex 5.03044 59.1798 773.66
  vertex 8.10581 59.8895 773.197
  vertex 4.19663 69 772.481
 endloop
endfacet
facet normal 0.0308423 0.0209395 0.999305
 outer loop
  vertex 4.19663 69 772.481
  vertex 0.838894 69 772.614
  vertex 0.850459 68.9734 772.615
 endloop
endfacet
facet normal -0.218892 0.0422223 0.974835
 outer loop
  vertex -12.45 69 771.39
  vertex -15.7365 69 770.643
  vertex -13.1701 62.9362 771.558
 endloop
endfacet
facet normal -0.239846 0.0671759 0.968484
 outer loop
  vertex -13.1701 62.9362 771.558
  vertex -15.7365 69 770.643
  vertex -15.8506 61.502 771.039
 endloop
endfacet
facet normal -0.229192 0.152784 0.961316
 outer loop
  vertex -9.51382 54.1034 773.905
  vertex -13.1701 62.9362 771.558
  vertex -15.8506 61.502 771.039
 endloop
endfacet
facet normal -0.268393 0.0452181 0.962248
 outer loop
  vertex -15.7365 69 770.643
  vertex -19.0084 69 769.714
  vertex -15.8506 61.502 771.039
 endloop
endfacet
facet normal -0.302423 0.0737402 0.950317
 outer loop
  vertex -15.8506 61.502 771.039
  vertex -19.0084 69 769.714
  vertex -21.0871 58.405 769.692
 endloop
endfacet
facet normal -0.291065 0.156954 0.943741
 outer loop
  vertex -12.2717 52.8112 773.579
  vertex -15.8506 61.502 771.039
  vertex -21.0871 58.405 769.692
 endloop
endfacet
facet normal -0.334708 0.0487309 0.941061
 outer loop
  vertex -19.0084 69 769.714
  vertex -22.6192 69 768.463
  vertex -21.0871 58.405 769.692
 endloop
endfacet
facet normal -0.365249 0.0513176 0.929494
 outer loop
  vertex -21.0871 58.405 769.692
  vertex -22.6192 69 768.463
  vertex -24.8491 67.4317 767.607
 endloop
endfacet
facet normal -0.420538 0.0294953 0.906796
 outer loop
  vertex -29.7462 63.7121 765.416
  vertex -24.8491 67.4317 767.607
  vertex -25.5058 69 767.283
 endloop
endfacet
facet normal -0.5362 0.0209221 0.843832
 outer loop
  vertex -37.9727 68.2255 760.065
  vertex -25.5058 69 767.283
  vertex -38.2891 69 759.808
 endloop
endfacet
facet normal -0.656925 0.0213703 0.753653
 outer loop
  vertex -42.366 63.5816 756.622
  vertex -38.2891 69 759.808
  vertex -44.5473 69 754.421
 endloop
endfacet
facet normal -0.733279 0.0199754 0.679634
 outer loop
  vertex -47.8328 61.7765 751.166
  vertex -44.5473 69 754.421
  vertex -47.6963 69 751.102
 endloop
endfacet
facet normal -0.705976 0.021192 0.707919
 outer loop
  vertex -47.8328 61.7765 751.166
  vertex -42.366 63.5816 756.622
  vertex -44.5473 69 754.421
 endloop
endfacet
facet normal -0.716386 0.0213326 0.697378
 outer loop
  vertex -47.8328 61.7765 751.166
  vertex -46.5547 58.5623 752.669
  vertex -42.366 63.5816 756.622
 endloop
endfacet
facet normal -0.743298 0.0201237 0.668658
 outer loop
  vertex -47.8328 61.7765 751.166
  vertex -47.9273 56.7723 751.21
  vertex -46.5547 58.5623 752.669
 endloop
endfacet
facet normal -0.72425 0.0222334 0.689178
 outer loop
  vertex -46.5547 58.5623 752.669
  vertex -47.9273 56.7723 751.21
  vertex -43.3568 50.5705 756.156
 endloop
endfacet
facet normal -0.661142 0.036027 0.749395
 outer loop
  vertex -39.023 55.3237 759.748
  vertex -43.3568 50.5705 756.156
  vertex -40.1111 42.4911 759.524
 endloop
endfacet
facet normal -0.579889 0.103573 0.808085
 outer loop
  vertex -31.0161 51.2132 765.645
  vertex -40.1111 42.4911 759.524
  vertex -27.7467 43.0902 768.954
 endloop
endfacet
facet normal -0.606565 0.0577712 0.792932
 outer loop
  vertex -31.0161 51.2132 765.645
  vertex -39.023 55.3237 759.748
  vertex -40.1111 42.4911 759.524
 endloop
endfacet
facet normal -0.565236 0.0571672 0.822946
 outer loop
  vertex -31.0161 51.2132 765.645
  vertex -34.4786 59.6904 762.816
  vertex -39.023 55.3237 759.748
 endloop
endfacet
facet normal -0.503575 0.0796453 0.860273
 outer loop
  vertex -31.0161 51.2132 765.645
  vertex -26.1477 54.9853 767.907
  vertex -34.4786 59.6904 762.816
 endloop
endfacet
facet normal -0.472369 0.136943 0.870698
 outer loop
  vertex -31.0161 51.2132 765.645
  vertex -22.8028 46.724 771.029
  vertex -26.1477 54.9853 767.907
 endloop
endfacet
facet normal -0.382353 0.0228474 0.923734
 outer loop
  vertex -22.6192 69 768.463
  vertex -25.5058 69 767.283
  vertex -24.8491 67.4317 767.607
 endloop
endfacet
facet normal -0.730802 0.0221049 0.682232
 outer loop
  vertex -47.9273 56.7723 751.21
  vertex -48.1583 44.5445 751.317
  vertex -43.3568 50.5705 756.156
 endloop
endfacet
facet normal -0.704079 0.0303858 0.709471
 outer loop
  vertex -43.3568 50.5705 756.156
  vertex -48.1583 44.5445 751.317
  vertex -40.1111 42.4911 759.524
 endloop
endfacet
facet normal -0.724445 0.0282934 0.688752
 outer loop
  vertex -40.1111 42.4911 759.524
  vertex -48.1583 44.5445 751.317
  vertex -48.3902 32.2626 751.425
 endloop
endfacet
facet normal -0.700264 0.0492525 0.712183
 outer loop
  vertex -36.9353 34.5399 763.066
  vertex -40.1111 42.4911 759.524
  vertex -48.3902 32.2626 751.425
 endloop
endfacet
facet normal -0.749189 0.0219476 0.661993
 outer loop
  vertex -48.3902 32.2626 751.425
  vertex -48.62 20.089 751.533
  vertex -45.3026 24.4826 755.136
 endloop
endfacet
facet normal -0.756858 0.0279752 0.65298
 outer loop
  vertex -48.62 20.089 751.533
  vertex -48.8507 7.86127 751.64
  vertex -42.2607 16.7772 759.011
 endloop
endfacet
facet normal -0.383123 0.152594 0.911006
 outer loop
  vertex -17.6398 49.9558 772.559
  vertex -21.0871 58.405 769.692
  vertex -26.1477 54.9853 767.907
 endloop
endfacet
facet normal -0.419432 0.0834818 0.90394
 outer loop
  vertex -26.1477 54.9853 767.907
  vertex -21.0871 58.405 769.692
  vertex -29.7462 63.7121 765.416
 endloop
endfacet
facet normal -0.538776 0.0350414 0.84172
 outer loop
  vertex -34.4786 59.6904 762.816
  vertex -29.7462 63.7121 765.416
  vertex -37.9727 68.2255 760.065
 endloop
endfacet
facet normal -0.622018 0.0218955 0.782697
 outer loop
  vertex -42.366 63.5816 756.622
  vertex -37.9727 68.2255 760.065
  vertex -38.2891 69 759.808
 endloop
endfacet
facet normal -0.604519 0.0295012 0.796044
 outer loop
  vertex -42.366 63.5816 756.622
  vertex -34.4786 59.6904 762.816
  vertex -37.9727 68.2255 760.065
 endloop
endfacet
facet normal -0.613219 0.0346323 0.789153
 outer loop
  vertex -42.366 63.5816 756.622
  vertex -39.023 55.3237 759.748
  vertex -34.4786 59.6904 762.816
 endloop
endfacet
facet normal -0.674551 0.0270077 0.737734
 outer loop
  vertex -42.366 63.5816 756.622
  vertex -46.5547 58.5623 752.669
  vertex -39.023 55.3237 759.748
 endloop
endfacet
facet normal -0.682812 0.027926 0.73006
 outer loop
  vertex -39.023 55.3237 759.748
  vertex -46.5547 58.5623 752.669
  vertex -43.3568 50.5705 756.156
 endloop
endfacet
facet normal 0.0223463 0.350527 0.936286
 outer loop
  vertex 5.03044 59.1798 773.66
  vertex 2.01478 58.3605 773.975
  vertex 6.68457 55.0827 775.266
 endloop
endfacet
facet normal 0.181837 0.333703 0.924974
 outer loop
  vertex 14.4509 60.9524 771.787
  vertex 11.2447 60.4827 772.576
  vertex 12.9733 56.249 773.997
 endloop
endfacet
facet normal -0.104562 0.131946 0.985727
 outer loop
  vertex -7.68762 65.5817 772.293
  vertex -3.8514 56.4189 774.193
  vertex -4.88489 66.7917 772.508
 endloop
endfacet
facet normal -0.0828554 0.205643 0.975113
 outer loop
  vertex -4.88489 66.7917 772.508
  vertex -3.8514 56.4189 774.193
  vertex -0.944816 57.4383 774.15
 endloop
endfacet
facet normal -0.13794 0.389816 0.910503
 outer loop
  vertex 0.661362 53.4292 775.875
  vertex -3.8514 56.4189 774.193
  vertex -5.13435 51.3583 775.919
 endloop
endfacet
facet normal -0.159104 0.329084 0.9308
 outer loop
  vertex -5.13435 51.3583 775.919
  vertex -3.8514 56.4189 774.193
  vertex -6.70723 55.3063 774.11
 endloop
endfacet
facet normal -0.403677 0.0580188 0.91306
 outer loop
  vertex -24.8491 67.4317 767.607
  vertex -29.7462 63.7121 765.416
  vertex -21.0871 58.405 769.692
 endloop
endfacet
facet normal -0.485645 0.0626373 0.871909
 outer loop
  vertex -29.7462 63.7121 765.416
  vertex -34.4786 59.6904 762.816
  vertex -26.1477 54.9853 767.907
 endloop
endfacet
facet normal 0.186143 0.63847 0.746797
 outer loop
  vertex 19.5642 56.8609 771.977
  vertex 13.6383 54.4978 775.203
  vertex 20.2195 55.1275 773.207
 endloop
endfacet
facet normal 0.133477 0.752179 0.645298
 outer loop
  vertex 20.2195 55.1275 773.207
  vertex 13.6383 54.4978 775.203
  vertex 20.6777 53.7557 774.927
 endloop
endfacet
facet normal -0.0996646 0.655265 0.748795
 outer loop
  vertex 7.92893 51.7374 777.891
  vertex 7.36022 53.3119 776.446
  vertex 1.95085 50.0011 778.388
 endloop
endfacet
facet normal -0.104092 0.572328 0.813392
 outer loop
  vertex 1.95085 50.0011 778.388
  vertex 7.36022 53.3119 776.446
  vertex 0.661362 53.4292 775.875
 endloop
endfacet
facet normal -0.18538 0.555581 0.810533
 outer loop
  vertex -3.8099 47.866 778.345
  vertex 1.95085 50.0011 778.388
  vertex 0.661362 53.4292 775.875
 endloop
endfacet
facet normal -0.239926 0.601778 0.761773
 outer loop
  vertex -3.8099 47.866 778.345
  vertex -2.01304 47.8295 779
  vertex 1.95085 50.0011 778.388
 endloop
endfacet
facet normal 0.0908873 0.428232 0.899087
 outer loop
  vertex 6.68457 55.0827 775.266
  vertex 12.9733 56.249 773.997
  vertex 8.10581 59.8895 773.197
 endloop
endfacet
facet normal -0.0569167 0.782005 0.620667
 outer loop
  vertex 14.1597 53.01 776.766
  vertex 7.92893 51.7374 777.891
  vertex 11.8298 51.3058 779
 endloop
endfacet
facet normal 0.0685666 0.601281 0.79609
 outer loop
  vertex 12.9733 56.249 773.997
  vertex 7.36022 53.3119 776.446
  vertex 13.6383 54.4978 775.203
 endloop
endfacet
facet normal 0.0262038 0.693598 0.719886
 outer loop
  vertex 13.6383 54.4978 775.203
  vertex 7.36022 53.3119 776.446
  vertex 14.1597 53.01 776.766
 endloop
endfacet
facet normal -0.0372536 0.52369 0.851094
 outer loop
  vertex 7.36022 53.3119 776.446
  vertex 6.68457 55.0827 775.266
  vertex 0.661362 53.4292 775.875
 endloop
endfacet
facet normal -0.276262 0.492768 0.825142
 outer loop
  vertex -3.8099 47.866 778.345
  vertex -5.13435 51.3583 775.919
  vertex -9.3727 45.3678 777.809
 endloop
endfacet
facet normal -0.803095 0.0732021 0.591338
 outer loop
  vertex -35.957 2.74764 768.233
  vertex -28.7339 13.1191 776.989
  vertex -39.3563 9.32396 763.228
 endloop
endfacet
facet normal -0.491105 0.0274593 0.870667
 outer loop
  vertex -29.7462 63.7121 765.416
  vertex -25.5058 69 767.283
  vertex -37.9727 68.2255 760.065
 endloop
endfacet
endsolid Link3
