solid Link1
facet normal 0.0110917 0.997915 -0.0635888
 outer loop
  vertex -4.44765E-12 110.589 233.6
  vertex -2.01228E-13 111.97 260.34
  vertex 11.3431 110.589 235.72
 endloop
endfacet
facet normal 0.025895 0.989116 -0.144844
 outer loop
  vertex 2.16377 107.316 209.09
  vertex 11.3431 110.589 235.72
  vertex 13.7988 107.01 209.016
 endloop
endfacet
facet normal 0.0195276 0.984102 -0.176529
 outer loop
  vertex 3.04135 107.183 208.379
  vertex 13.7988 107.01 209.016
  vertex 3.69656 107.01 207.459
 endloop
endfacet
facet normal 0.0179324 0.984469 -0.174642
 outer loop
  vertex 3.04135 107.183 208.379
  vertex 2.16377 107.316 209.09
  vertex 13.7988 107.01 209.016
 endloop
endfacet
facet normal 0.0250859 0.999241 -0.0297986
 outer loop
  vertex 3.01286 111.97 261.445
  vertex 21.1542 110.589 241.795
  vertex 1.8708 111.97 260.732
 endloop
endfacet
facet normal 0.0273568 0.999241 -0.0277284
 outer loop
  vertex 3.01286 111.97 261.445
  vertex 4.12659 111.97 262.835
  vertex 21.1542 110.589 241.795
 endloop
endfacet
facet normal 0.0519784 0.997915 -0.0382728
 outer loop
  vertex 21.1542 110.589 241.795
  vertex 4.12659 111.97 262.835
  vertex 28.1083 110.589 251.004
 endloop
endfacet
facet normal 0.129174 0.988727 -0.0757225
 outer loop
  vertex 47.4529 107.01 232.246
  vertex 28.1083 110.589 251.004
  vertex 50.8632 107.01 237.842
 endloop
endfacet
facet normal 0.0963578 0.992755 -0.0717759
 outer loop
  vertex 47.4529 107.01 232.246
  vertex 21.1542 110.589 241.795
  vertex 28.1083 110.589 251.004
 endloop
endfacet
facet normal 0.110026 0.988739 -0.101433
 outer loop
  vertex 47.4529 107.01 232.246
  vertex 39.7034 107.01 223.188
  vertex 21.1542 110.589 241.795
 endloop
endfacet
facet normal 0.101481 0.988651 -0.110776
 outer loop
  vertex 21.1542 110.589 241.795
  vertex 39.7034 107.01 223.188
  vertex 38.2354 107.01 221.841
 endloop
endfacet
facet normal 0.0865319 0.988851 -0.121185
 outer loop
  vertex 26.7958 107.01 213.945
  vertex 21.1542 110.589 241.795
  vertex 38.2354 107.01 221.841
 endloop
endfacet
facet normal 0.0579793 0.992773 -0.105069
 outer loop
  vertex 26.7958 107.01 213.945
  vertex 11.3431 110.589 235.72
  vertex 21.1542 110.589 241.795
 endloop
endfacet
facet normal 0.0588768 0.988667 -0.138099
 outer loop
  vertex 26.7958 107.01 213.945
  vertex 19.4938 107.01 210.736
  vertex 11.3431 110.589 235.72
 endloop
endfacet
facet normal 0.0452518 0.988714 -0.142814
 outer loop
  vertex 11.3431 110.589 235.72
  vertex 19.4938 107.01 210.736
  vertex 13.7988 107.01 209.016
 endloop
endfacet
facet normal 0.0618664 0.997915 -0.0184151
 outer loop
  vertex 28.1083 110.589 251.004
  vertex 4.12659 111.97 262.835
  vertex 31.2663 110.589 262.103
 endloop
endfacet
facet normal 0.145186 0.988858 -0.032865
 outer loop
  vertex 53.9127 107.01 244.554
  vertex 31.2663 110.589 262.103
  vertex 57.2392 107.01 258.05
 endloop
endfacet
facet normal 0.113325 0.992779 -0.0393466
 outer loop
  vertex 53.9127 107.01 244.554
  vertex 28.1083 110.589 251.004
  vertex 31.2663 110.589 262.103
 endloop
endfacet
facet normal 0.136239 0.988661 -0.0631507
 outer loop
  vertex 53.9127 107.01 244.554
  vertex 50.8632 107.01 237.842
  vertex 28.1083 110.589 251.004
 endloop
endfacet
facet normal 0.0378564 0.999241 0.00917364
 outer loop
  vertex 4.45619 111.97 266.364
  vertex 30.2015 110.589 273.593
  vertex 4.65141 111.97 264.713
 endloop
endfacet
facet normal 0.0370154 0.999241 0.0121292
 outer loop
  vertex 4.45619 111.97 266.364
  vertex 3.82413 111.97 267.663
  vertex 30.2015 110.589 273.593
 endloop
endfacet
facet normal 0.0574292 0.997915 0.0294695
 outer loop
  vertex 30.2015 110.589 273.593
  vertex 3.82413 111.97 267.663
  vertex 25.0579 110.589 283.923
 endloop
endfacet
facet normal 0.129606 0.988825 0.0736677
 outer loop
  vertex 53.9127 107.01 285.446
  vertex 25.0579 110.589 283.923
  vertex 47.4529 107.01 297.754
 endloop
endfacet
facet normal 0.109943 0.992773 0.0481107
 outer loop
  vertex 53.9127 107.01 285.446
  vertex 30.2015 110.589 273.593
  vertex 25.0579 110.589 283.923
 endloop
endfacet
facet normal 0.142706 0.988664 0.0466716
 outer loop
  vertex 53.9127 107.01 285.446
  vertex 55.2576 107.01 281.469
  vertex 30.2015 110.589 273.593
 endloop
endfacet
facet normal 0.146163 0.988721 0.0326826
 outer loop
  vertex 30.2015 110.589 273.593
  vertex 55.2576 107.01 281.469
  vertex 57.2392 107.01 271.95
 endloop
endfacet
facet normal 0.175528 0.984394 0.0125761
 outer loop
  vertex 55.9101 107.316 267.164
  vertex 57.2392 107.01 271.95
  vertex 56.6207 107.183 268.041
 endloop
endfacet
facet normal 0.146633 0.98903 0.0178438
 outer loop
  vertex 55.9101 107.316 267.164
  vertex 30.2015 110.589 273.593
  vertex 57.2392 107.01 271.95
 endloop
endfacet
facet normal 0.144526 0.989431 0.0117994
 outer loop
  vertex 55.9101 107.316 267.164
  vertex 55.4599 107.4 266.125
  vertex 30.2015 110.589 273.593
 endloop
endfacet
facet normal 0.117346 0.993068 0.006731
 outer loop
  vertex 30.2015 110.589 273.593
  vertex 55.4599 107.4 266.125
  vertex 31.2663 110.589 262.103
 endloop
endfacet
facet normal 0.0386139 0.999241 -0.00512114
 outer loop
  vertex 4.65141 111.97 264.713
  vertex 31.2663 110.589 262.103
  vertex 4.12659 111.97 262.835
 endloop
endfacet
facet normal 0.064341 0.997915 0.00517714
 outer loop
  vertex 4.65141 111.97 264.713
  vertex 30.2015 110.589 273.593
  vertex 31.2663 110.589 262.103
 endloop
endfacet
facet normal 0.0301343 0.999241 0.0246817
 outer loop
  vertex 3.82413 111.97 267.663
  vertex 2.41051 111.97 268.988
  vertex 25.0579 110.589 283.923
 endloop
endfacet
facet normal 0.0429055 0.997915 0.0482253
 outer loop
  vertex 25.0579 110.589 283.923
  vertex 2.41051 111.97 268.988
  vertex 16.5301 110.589 291.697
 endloop
endfacet
facet normal 0.0870506 0.988728 0.121813
 outer loop
  vertex 38.2354 107.01 308.159
  vertex 16.5301 110.589 291.697
  vertex 30.1387 107.01 314.156
 endloop
endfacet
facet normal 0.0803159 0.992756 0.0893637
 outer loop
  vertex 38.2354 107.01 308.159
  vertex 25.0579 110.589 283.923
  vertex 16.5301 110.589 291.697
 endloop
endfacet
facet normal 0.112834 0.988775 0.0979419
 outer loop
  vertex 38.2354 107.01 308.159
  vertex 46.9587 107.01 298.459
  vertex 25.0579 110.589 283.923
 endloop
endfacet
facet normal 0.122375 0.988651 0.087144
 outer loop
  vertex 25.0579 110.589 283.923
  vertex 46.9587 107.01 298.459
  vertex 47.4529 107.01 297.754
 endloop
endfacet
facet normal 0.0240449 0.997915 0.0599033
 outer loop
  vertex 16.5301 110.589 291.697
  vertex 2.41051 111.97 268.988
  vertex 5.76977 110.589 295.866
 endloop
endfacet
facet normal 0.0477328 0.988834 0.14117
 outer loop
  vertex 26.7958 107.01 316.055
  vertex 5.76977 110.589 295.866
  vertex 13.7988 107.01 320.984
 endloop
endfacet
facet normal 0.0495922 0.992778 0.109233
 outer loop
  vertex 26.7958 107.01 316.055
  vertex 16.5301 110.589 291.697
  vertex 5.76977 110.589 295.866
 endloop
endfacet
facet normal 0.0751859 0.98866 0.129991
 outer loop
  vertex 26.7958 107.01 316.055
  vertex 30.1387 107.01 314.156
  vertex 16.5301 110.589 291.697
 endloop
endfacet
facet normal 0.000781526 0.999234 0.0391362
 outer loop
  vertex -2.01799E-13 111.97 269.66
  vertex 4.03782E-12 110.589 296.4
  vertex 0.673347 111.97 269.611
 endloop
endfacet
facet normal 0.00642314 0.99786 0.0650635
 outer loop
  vertex 0.673347 111.97 269.611
  vertex 4.03782E-12 110.589 296.4
  vertex 5.76977 110.589 295.866
 endloop
endfacet
facet normal 0.00866214 0.999241 0.0379767
 outer loop
  vertex 2.41051 111.97 268.988
  vertex 0.673347 111.97 269.611
  vertex 5.76977 110.589 295.866
 endloop
endfacet
facet normal 0.00116302 0.989434 0.144981
 outer loop
  vertex 2.93384E-11 107.429 320.305
  vertex 1.12709 107.4 320.461
  vertex 4.03782E-12 110.589 296.4
 endloop
endfacet
facet normal 0.00680489 0.992976 0.118116
 outer loop
  vertex 4.03782E-12 110.589 296.4
  vertex 1.12709 107.4 320.461
  vertex 5.76977 110.589 295.866
 endloop
endfacet
facet normal 0.009045 0.989365 0.14517
 outer loop
  vertex 5.76977 110.589 295.866
  vertex 1.12709 107.4 320.461
  vertex 2.1685 107.315 320.913
 endloop
endfacet
facet normal 0.0110333 0.989146 0.146524
 outer loop
  vertex 3.04578 107.182 321.625
  vertex 5.76977 110.589 295.866
  vertex 2.1685 107.315 320.913
 endloop
endfacet
facet normal 0.0200796 0.988863 0.14747
 outer loop
  vertex 3.04578 107.182 321.625
  vertex 10.8868 107.01 321.622
  vertex 5.76977 110.589 295.866
 endloop
endfacet
facet normal 0.0182543 0.984079 0.176791
 outer loop
  vertex 3.04578 107.182 321.625
  vertex 3.69656 107.01 322.541
  vertex 10.8868 107.01 321.622
 endloop
endfacet
facet normal 0.0312325 0.988656 0.146916
 outer loop
  vertex 10.8868 107.01 321.622
  vertex 13.7988 107.01 320.984
  vertex 5.76977 110.589 295.866
 endloop
endfacet
facet normal 0.177416 0.984034 0.0141713
 outer loop
  vertex 57.2392 107.01 271.95
  vertex 57.541 107.01 268.697
  vertex 56.6207 107.183 268.041
 endloop
endfacet
facet normal 0.144852 0.989452 -0.00167207
 outer loop
  vertex 55.4599 107.4 266.125
  vertex 55.3055 107.429 265
  vertex 31.2663 110.589 262.103
 endloop
endfacet
facet normal 0.144851 0.989445 -0.00399594
 outer loop
  vertex 31.2663 110.589 262.103
  vertex 55.3055 107.429 265
  vertex 55.4605 107.4 263.873
 endloop
endfacet
facet normal 0.145557 0.98933 -0.00623591
 outer loop
  vertex 55.913 107.315 262.832
  vertex 31.2663 110.589 262.103
  vertex 55.4605 107.4 263.873
 endloop
endfacet
facet normal 0.147913 0.988952 -0.00981631
 outer loop
  vertex 55.913 107.315 262.832
  vertex 57.4778 107.01 260.424
  vertex 31.2663 110.589 262.103
 endloop
endfacet
facet normal 0.175781 0.984377 -0.0101262
 outer loop
  vertex 55.913 107.315 262.832
  vertex 56.6254 107.182 261.954
  vertex 57.4778 107.01 260.424
 endloop
endfacet
facet normal 0.177666 0.984021 -0.0117165
 outer loop
  vertex 57.4778 107.01 260.424
  vertex 56.6254 107.182 261.954
  vertex 57.541 107.01 261.303
 endloop
endfacet
facet normal 0.149495 0.988652 -0.0147813
 outer loop
  vertex 57.4778 107.01 260.424
  vertex 57.2392 107.01 258.05
  vertex 31.2663 110.589 262.103
 endloop
endfacet
facet normal 0.0133286 0.99303 -0.117104
 outer loop
  vertex 11.3431 110.589 235.72
  vertex 2.16377 107.316 209.09
  vertex -4.44765E-12 110.589 233.6
 endloop
endfacet
facet normal 0.00339584 0.989325 -0.145683
 outer loop
  vertex -4.44765E-12 110.589 233.6
  vertex 2.16377 107.316 209.09
  vertex 1.12496 107.4 209.54
 endloop
endfacet
facet normal 0.00116082 0.989434 -0.14498
 outer loop
  vertex -2.97721E-11 107.429 209.695
  vertex -4.44765E-12 110.589 233.6
  vertex 1.12496 107.4 209.54
 endloop
endfacet
facet normal 0.0126274 0.999241 -0.0368484
 outer loop
  vertex -2.01228E-13 111.97 260.34
  vertex 1.8708 111.97 260.732
  vertex 11.3431 110.589 235.72
 endloop
endfacet
facet normal 0.0333136 0.997915 -0.055288
 outer loop
  vertex 11.3431 110.589 235.72
  vertex 1.8708 111.97 260.732
  vertex 21.1542 110.589 241.795
 endloop
endfacet
facet normal 0.0529039 0.0349008 0.99799
 outer loop
  vertex 2.66768 100 327.57
  vertex 3.32333 75 328.413
  vertex 4 100 327.499
 endloop
endfacet
facet normal 0.0387247 0.0349024 0.99864
 outer loop
  vertex 2.66768 100 327.57
  vertex 1.33414 100 327.613
  vertex 3.32333 75 328.413
 endloop
endfacet
facet normal 0.024537 0.0349076 0.999089
 outer loop
  vertex 3.32333 75 328.413
  vertex 1.33414 100 327.613
  vertex -1.93328E-13 75 328.5
 endloop
endfacet
facet normal 0.00709702 0.0349013 0.999366
 outer loop
  vertex -1.93328E-13 75 328.5
  vertex 1.33414 100 327.613
  vertex -1.93558E-13 100 327.627
 endloop
endfacet
facet normal 0.102827 0.0349705 0.994084
 outer loop
  vertex 3.32333 75 328.413
  vertex 12.1816 75 327.321
  vertex 4 100 327.499
 endloop
endfacet
facet normal 0.165371 0.0349977 0.98561
 outer loop
  vertex 4 100 327.499
  vertex 12.1816 75 327.321
  vertex 14.9766 101.317 325.763
 endloop
endfacet
facet normal 0.122906 0.0350218 0.9918
 outer loop
  vertex 4.03448 101.317 327.451
  vertex 4 100 327.499
  vertex 14.9766 101.317 325.763
 endloop
endfacet
facet normal 0.26999 0.035017 0.962226
 outer loop
  vertex 12.1816 75 327.321
  vertex 23.9136 75 323.825
  vertex 14.9766 101.317 325.763
 endloop
endfacet
facet normal 0.361769 0.0350719 0.931608
 outer loop
  vertex 14.9766 101.317 325.763
  vertex 23.9136 75 323.825
  vertex 29.0828 101.317 320.413
 endloop
endfacet
facet normal 0.464045 0.035008 0.885119
 outer loop
  vertex 29.0828 101.317 320.413
  vertex 23.9136 75 323.825
  vertex 34.7568 75 318.143
 endloop
endfacet
facet normal 0.637842 0.0350175 0.769371
 outer loop
  vertex 41.4989 101.317 311.843
  vertex 34.7568 75 318.143
  vertex 44.3083 75 310.487
 endloop
endfacet
facet normal 0.783787 0.0350453 0.620041
 outer loop
  vertex 51.5032 101.317 300.55
  vertex 44.3083 75 310.487
  vertex 52.2131 75 301.139
 endloop
endfacet
facet normal 0.856802 0.0350434 0.514453
 outer loop
  vertex 58.1774 75 290.449
  vertex 51.5032 101.317 300.55
  vertex 52.2131 75 301.139
 endloop
endfacet
facet normal 0.895698 0.0350894 0.443277
 outer loop
  vertex 58.1774 75 290.449
  vertex 58.5142 101.317 287.192
  vertex 51.5032 101.317 300.55
 endloop
endfacet
facet normal 0.945 0.0350165 0.325189
 outer loop
  vertex 58.1774 75 290.449
  vertex 61.9795 75 278.813
  vertex 58.5142 101.317 287.192
 endloop
endfacet
facet normal 0.97211 0.0350717 0.231886
 outer loop
  vertex 58.5142 101.317 287.192
  vertex 61.9795 75 278.813
  vertex 62.1247 101.317 272.543
 endloop
endfacet
facet normal 0.990341 0.0349714 0.134171
 outer loop
  vertex 62.1247 101.317 272.543
  vertex 61.9795 75 278.813
  vertex 62.4991 100 269
 endloop
endfacet
facet normal 0.995943 0.0349119 0.0829373
 outer loop
  vertex 62.4508 101.317 269.034
  vertex 62.1247 101.317 272.543
  vertex 62.4991 100 269
 endloop
endfacet
facet normal 0.994083 0.0350215 0.102825
 outer loop
  vertex 61.9795 75 278.813
  vertex 63.4783 75 266.663
  vertex 62.4991 100 269
 endloop
endfacet
facet normal 0.998702 0.0349058 0.0371061
 outer loop
  vertex 62.4991 100 269
  vertex 63.4783 75 266.663
  vertex 62.6128 100 266.334
 endloop
endfacet
facet normal 0.999352 0.0349074 0.00872762
 outer loop
  vertex 62.6128 100 266.334
  vertex 63.4783 75 266.663
  vertex 62.6128 100 263.666
 endloop
endfacet
facet normal 0.999197 0.0349231 -0.0196614
 outer loop
  vertex 62.6128 100 263.666
  vertex 63.4783 75 266.663
  vertex 62.4991 100 261
 endloop
endfacet
facet normal 0.997064 0.0350082 -0.0680997
 outer loop
  vertex 62.4991 100 261
  vertex 63.4783 75 266.663
  vertex 62.6179 75 254.452
 endloop
endfacet
facet normal 0.976028 0.0350916 -0.214797
 outer loop
  vertex 62.1247 101.317 257.457
  vertex 62.6179 75 254.452
  vertex 58.5142 101.317 242.808
 endloop
endfacet
facet normal 0.992533 0.0349304 -0.116872
 outer loop
  vertex 62.1247 101.317 257.457
  vertex 62.4991 100 261
  vertex 62.6179 75 254.452
 endloop
endfacet
facet normal 0.995943 0.0349119 -0.0829373
 outer loop
  vertex 62.1247 101.317 257.457
  vertex 62.4508 101.317 260.966
  vertex 62.4991 100 261
 endloop
endfacet
facet normal 0.955766 0.0350463 -0.292032
 outer loop
  vertex 62.6179 75 254.452
  vertex 59.4303 75 242.633
  vertex 58.5142 101.317 242.808
 endloop
endfacet
facet normal 0.910446 0.0350425 -0.412141
 outer loop
  vertex 58.5142 101.317 242.808
  vertex 59.4303 75 242.633
  vertex 54.034 75 231.645
 endloop
endfacet
facet normal 0.804936 0.0350161 -0.592328
 outer loop
  vertex 51.5032 101.317 229.45
  vertex 54.034 75 231.645
  vertex 46.6296 75 221.896
 endloop
endfacet
facet normal 0.664281 0.0350081 -0.746663
 outer loop
  vertex 41.4989 101.317 218.157
  vertex 46.6296 75 221.896
  vertex 37.4921 75 213.75
 endloop
endfacet
facet normal 0.494625 0.0350185 -0.8684
 outer loop
  vertex 29.0828 101.317 209.587
  vertex 37.4921 75 213.75
  vertex 26.9614 75 207.508
 endloop
endfacet
facet normal 0.303385 0.0350472 -0.952223
 outer loop
  vertex 14.9766 101.317 204.237
  vertex 26.9614 75 207.508
  vertex 15.4286 75 203.403
 endloop
endfacet
facet normal 0.120121 0.0350361 -0.992141
 outer loop
  vertex 4 100 202.501
  vertex 15.4286 75 203.403
  vertex 3.32333 75 201.587
 endloop
endfacet
facet normal 0.031633 0.0349085 -0.99889
 outer loop
  vertex 2.66768 100 202.43
  vertex 3.32333 75 201.587
  vertex -1.60151E-13 75 201.5
 endloop
endfacet
facet normal 0.00709702 0.0349013 -0.999366
 outer loop
  vertex 1.33414 100 202.387
  vertex -1.60151E-13 75 201.5
  vertex -2.01228E-13 100 202.373
 endloop
endfacet
facet normal 0.02129 0.0349048 -0.999164
 outer loop
  vertex 1.33414 100 202.387
  vertex 2.66768 100 202.43
  vertex -1.60151E-13 75 201.5
 endloop
endfacet
facet normal 0.0529039 0.0349008 -0.99799
 outer loop
  vertex 2.66768 100 202.43
  vertex 4 100 202.501
  vertex 3.32333 75 201.587
 endloop
endfacet
facet normal 0.122906 0.0350218 -0.9918
 outer loop
  vertex 4.03448 101.317 202.549
  vertex 14.9766 101.317 204.237
  vertex 4 100 202.501
 endloop
endfacet
facet normal 0.182594 0.0350248 -0.982564
 outer loop
  vertex 4 100 202.501
  vertex 14.9766 101.317 204.237
  vertex 15.4286 75 203.403
 endloop
endfacet
facet normal 0.378057 0.0350923 -0.925117
 outer loop
  vertex 14.9766 101.317 204.237
  vertex 29.0828 101.317 209.587
  vertex 26.9614 75 207.508
 endloop
endfacet
facet normal 0.575249 0.0350727 -0.817226
 outer loop
  vertex 29.0828 101.317 209.587
  vertex 41.4989 101.317 218.157
  vertex 37.4921 75 213.75
 endloop
endfacet
facet normal 0.743338 0.0350715 -0.667996
 outer loop
  vertex 41.4989 101.317 218.157
  vertex 51.5032 101.317 229.45
  vertex 46.6296 75 221.896
 endloop
endfacet
facet normal 0.873825 0.0350887 -0.484972
 outer loop
  vertex 51.5032 101.317 229.45
  vertex 58.5142 101.317 242.808
  vertex 54.034 75 231.645
 endloop
endfacet
facet normal 0.731504 0.0350909 0.680934
 outer loop
  vertex 51.5032 101.317 300.55
  vertex 41.4989 101.317 311.843
  vertex 44.3083 75 310.487
 endloop
endfacet
facet normal 0.56082 0.0350722 0.827195
 outer loop
  vertex 41.4989 101.317 311.843
  vertex 29.0828 101.317 320.413
  vertex 34.7568 75 318.143
 endloop
endfacet
facet normal 0.171862 0 -0.985121
 outer loop
  vertex -59.75 103 262.25
  vertex -58.375 103 262.618
  vertex -59.75 100 262.25
 endloop
endfacet
facet normal 0.343724 0 -0.939071
 outer loop
  vertex -59.75 100 262.25
  vertex -58.375 103 262.618
  vertex -58.375 100 262.618
 endloop
endfacet
facet normal 0.641397 0 -0.767209
 outer loop
  vertex -58.375 100 262.618
  vertex -58.375 103 262.618
  vertex -57.3684 103 263.625
 endloop
endfacet
facet normal 0.939071 0 -0.343724
 outer loop
  vertex -57.3684 100 263.625
  vertex -57.3684 103 263.625
  vertex -57 103 265
 endloop
endfacet
facet normal 0.985121 0 0.171862
 outer loop
  vertex -57 100 265
  vertex -57 103 265
  vertex -57.3684 103 266.375
 endloop
endfacet
facet normal 0.767209 0 0.641397
 outer loop
  vertex -57.3684 100 266.375
  vertex -57.3684 103 266.375
  vertex -58.375 103 267.382
 endloop
endfacet
facet normal 0.343724 0 0.939071
 outer loop
  vertex -58.375 100 267.382
  vertex -58.375 103 267.382
  vertex -59.75 103 267.75
 endloop
endfacet
facet normal 0.171862 0 0.985121
 outer loop
  vertex -59.75 100 267.75
  vertex -58.375 100 267.382
  vertex -59.75 103 267.75
 endloop
endfacet
facet normal 0.641397 0 0.767209
 outer loop
  vertex -58.375 100 267.382
  vertex -57.3684 100 266.375
  vertex -58.375 103 267.382
 endloop
endfacet
facet normal 0.939071 0 0.343724
 outer loop
  vertex -57.3684 100 266.375
  vertex -57 100 265
  vertex -57.3684 103 266.375
 endloop
endfacet
facet normal 0.985121 0 -0.171862
 outer loop
  vertex -57 100 265
  vertex -57.3684 100 263.625
  vertex -57 103 265
 endloop
endfacet
facet normal 0.767209 0 -0.641397
 outer loop
  vertex -57.3684 100 263.625
  vertex -58.375 100 262.618
  vertex -57.3684 103 263.625
 endloop
endfacet
facet normal 0.171862 0 -0.985121
 outer loop
  vertex -5.55112E-14 103 202.5
  vertex 1.375 103 202.868
  vertex -5.55112E-14 100 202.5
 endloop
endfacet
facet normal 0.343724 0 -0.939071
 outer loop
  vertex -5.55112E-14 100 202.5
  vertex 1.375 103 202.868
  vertex 1.375 100 202.868
 endloop
endfacet
facet normal 0.641397 0 -0.767209
 outer loop
  vertex 1.375 100 202.868
  vertex 1.375 103 202.868
  vertex 2.38157 103 203.875
 endloop
endfacet
facet normal 0.939071 0 -0.343724
 outer loop
  vertex 2.38157 100 203.875
  vertex 2.38157 103 203.875
  vertex 2.75 103 205.25
 endloop
endfacet
facet normal 0.985121 0 0.171862
 outer loop
  vertex 2.75 100 205.25
  vertex 2.75 103 205.25
  vertex 2.38157 103 206.625
 endloop
endfacet
facet normal 0.767209 0 0.641397
 outer loop
  vertex 2.38157 100 206.625
  vertex 2.38157 103 206.625
  vertex 1.375 103 207.632
 endloop
endfacet
facet normal 0.343724 0 0.939071
 outer loop
  vertex 1.375 100 207.632
  vertex 1.375 103 207.632
  vertex -5.51744E-14 103 208
 endloop
endfacet
facet normal 0.171862 0 0.985121
 outer loop
  vertex -5.51744E-14 100 208
  vertex 1.375 100 207.632
  vertex -5.51744E-14 103 208
 endloop
endfacet
facet normal 0.641397 0 0.767209
 outer loop
  vertex 1.375 100 207.632
  vertex 2.38157 100 206.625
  vertex 1.375 103 207.632
 endloop
endfacet
facet normal 0.939071 0 0.343724
 outer loop
  vertex 2.38157 100 206.625
  vertex 2.75 100 205.25
  vertex 2.38157 103 206.625
 endloop
endfacet
facet normal 0.985121 0 -0.171862
 outer loop
  vertex 2.75 100 205.25
  vertex 2.38157 100 203.875
  vertex 2.75 103 205.25
 endloop
endfacet
facet normal 0.767209 0 -0.641397
 outer loop
  vertex 2.38157 100 203.875
  vertex 1.375 100 202.868
  vertex 2.38157 103 203.875
 endloop
endfacet
facet normal 0.171862 0 -0.985121
 outer loop
  vertex 59.75 103 262.25
  vertex 61.125 103 262.618
  vertex 59.75 100 262.25
 endloop
endfacet
facet normal 0.343724 0 -0.939071
 outer loop
  vertex 59.75 100 262.25
  vertex 61.125 103 262.618
  vertex 61.125 100 262.618
 endloop
endfacet
facet normal 0.641397 0 -0.767209
 outer loop
  vertex 61.125 100 262.618
  vertex 61.125 103 262.618
  vertex 62.1316 103 263.625
 endloop
endfacet
facet normal 0.939071 0 -0.343724
 outer loop
  vertex 62.1316 100 263.625
  vertex 62.1316 103 263.625
  vertex 62.5 103 265
 endloop
endfacet
facet normal 0.985121 0 0.171862
 outer loop
  vertex 62.5 100 265
  vertex 62.5 103 265
  vertex 62.1316 103 266.375
 endloop
endfacet
facet normal 0.767209 0 0.641397
 outer loop
  vertex 62.1316 100 266.375
  vertex 62.1316 103 266.375
  vertex 61.125 103 267.382
 endloop
endfacet
facet normal 0.343724 0 0.939071
 outer loop
  vertex 61.125 100 267.382
  vertex 61.125 103 267.382
  vertex 59.75 103 267.75
 endloop
endfacet
facet normal 0.171862 0 0.985121
 outer loop
  vertex 59.75 100 267.75
  vertex 61.125 100 267.382
  vertex 59.75 103 267.75
 endloop
endfacet
facet normal 0.641397 0 0.767209
 outer loop
  vertex 61.125 100 267.382
  vertex 62.1316 100 266.375
  vertex 61.125 103 267.382
 endloop
endfacet
facet normal 0.939071 0 0.343724
 outer loop
  vertex 62.1316 100 266.375
  vertex 62.5 100 265
  vertex 62.1316 103 266.375
 endloop
endfacet
facet normal 0.985121 0 -0.171862
 outer loop
  vertex 62.5 100 265
  vertex 62.1316 100 263.625
  vertex 62.5 103 265
 endloop
endfacet
facet normal 0.767209 0 -0.641397
 outer loop
  vertex 62.1316 100 263.625
  vertex 61.125 100 262.618
  vertex 62.1316 103 263.625
 endloop
endfacet
facet normal -0.117544 0.50716 0.853798
 outer loop
  vertex -2.01228E-13 111.97 260.34
  vertex -2.01228E-13 111 260.9
  vertex 1.8708 111.97 260.732
 endloop
endfacet
facet normal -0.265224 0.509611 0.818506
 outer loop
  vertex 1.8708 111.97 260.732
  vertex -2.01228E-13 111 260.9
  vertex 2.05 111 261.449
 endloop
endfacet
facet normal -0.59134 0.508929 0.625547
 outer loop
  vertex 3.01286 111.97 261.445
  vertex 2.05 111 261.449
  vertex 3.5507 111 262.95
 endloop
endfacet
facet normal -0.811327 0.510723 0.284449
 outer loop
  vertex 4.12659 111.97 262.835
  vertex 3.5507 111 262.95
  vertex 4.1 111 265
 endloop
endfacet
facet normal -0.860714 0.504619 -0.0673122
 outer loop
  vertex 4.65141 111.97 264.713
  vertex 4.1 111 265
  vertex 4.45619 111.97 266.364
 endloop
endfacet
facet normal -0.846939 0.508722 0.154585
 outer loop
  vertex 4.65141 111.97 264.713
  vertex 4.12659 111.97 262.835
  vertex 4.1 111 265
 endloop
endfacet
facet normal -0.828874 0.508693 -0.232807
 outer loop
  vertex 4.1 111 265
  vertex 3.5507 111 267.05
  vertex 4.45619 111.97 266.364
 endloop
endfacet
facet normal -0.767872 0.503249 -0.396375
 outer loop
  vertex 4.45619 111.97 266.364
  vertex 3.5507 111 267.05
  vertex 3.82413 111.97 267.663
 endloop
endfacet
facet normal -0.643806 0.50997 -0.570478
 outer loop
  vertex 3.82413 111.97 267.663
  vertex 3.5507 111 267.05
  vertex 2.05 111 268.551
 endloop
endfacet
facet normal -0.33962 0.506345 -0.792637
 outer loop
  vertex 2.41051 111.97 268.988
  vertex 2.05 111 268.551
  vertex 0.673347 111.97 269.611
 endloop
endfacet
facet normal -0.53874 0.507733 -0.672284
 outer loop
  vertex 2.41051 111.97 268.988
  vertex 3.82413 111.97 267.663
  vertex 2.05 111 268.551
 endloop
endfacet
facet normal -0.189478 0.509219 -0.83952
 outer loop
  vertex 2.05 111 268.551
  vertex -2.01764E-13 111 269.1
  vertex 0.673347 111.97 269.611
 endloop
endfacet
facet normal -0.0417829 0.500877 -0.864509
 outer loop
  vertex 0.673347 111.97 269.611
  vertex -2.01764E-13 111 269.1
  vertex -2.01799E-13 111.97 269.66
 endloop
endfacet
facet normal -0.700018 0.505614 0.504311
 outer loop
  vertex 4.12659 111.97 262.835
  vertex 3.01286 111.97 261.445
  vertex 3.5507 111 262.95
 endloop
endfacet
facet normal -0.449248 0.502683 0.73857
 outer loop
  vertex 3.01286 111.97 261.445
  vertex 1.8708 111.97 260.732
  vertex 2.05 111 261.449
 endloop
endfacet
facet normal 0.171862 0 -0.985121
 outer loop
  vertex 0 103 322
  vertex 1.375 103 322.368
  vertex 0 100 322
 endloop
endfacet
facet normal 0.343724 0 -0.939071
 outer loop
  vertex 0 100 322
  vertex 1.375 103 322.368
  vertex 1.375 100 322.368
 endloop
endfacet
facet normal 0.641397 0 -0.767209
 outer loop
  vertex 1.375 100 322.368
  vertex 1.375 103 322.368
  vertex 2.38157 103 323.375
 endloop
endfacet
facet normal 0.939071 0 -0.343724
 outer loop
  vertex 2.38157 100 323.375
  vertex 2.38157 103 323.375
  vertex 2.75 103 324.75
 endloop
endfacet
facet normal 0.985121 0 0.171862
 outer loop
  vertex 2.75 100 324.75
  vertex 2.75 103 324.75
  vertex 2.38157 103 326.125
 endloop
endfacet
facet normal 0.767209 0 0.641397
 outer loop
  vertex 2.38157 100 326.125
  vertex 2.38157 103 326.125
  vertex 1.375 103 327.132
 endloop
endfacet
facet normal 0.343724 0 0.939071
 outer loop
  vertex 1.375 100 327.132
  vertex 1.375 103 327.132
  vertex 3.36778E-16 103 327.5
 endloop
endfacet
facet normal 0.171862 0 0.985121
 outer loop
  vertex 3.36778E-16 100 327.5
  vertex 1.375 100 327.132
  vertex 3.36778E-16 103 327.5
 endloop
endfacet
facet normal 0.641397 0 0.767209
 outer loop
  vertex 1.375 100 327.132
  vertex 2.38157 100 326.125
  vertex 1.375 103 327.132
 endloop
endfacet
facet normal 0.939071 0 0.343724
 outer loop
  vertex 2.38157 100 326.125
  vertex 2.75 100 324.75
  vertex 2.38157 103 326.125
 endloop
endfacet
facet normal 0.985121 0 -0.171862
 outer loop
  vertex 2.75 100 324.75
  vertex 2.38157 100 323.375
  vertex 2.75 103 324.75
 endloop
endfacet
facet normal 0.767209 0 -0.641397
 outer loop
  vertex 2.38157 100 323.375
  vertex 1.375 100 322.368
  vertex 2.38157 103 323.375
 endloop
endfacet
facet normal -0.171862 0 0.985121
 outer loop
  vertex 3.36778E-16 103 327.5
  vertex -1.375 103 327.132
  vertex 3.36778E-16 100 327.5
 endloop
endfacet
facet normal -0.343724 0 0.939071
 outer loop
  vertex 3.36778E-16 100 327.5
  vertex -1.375 103 327.132
  vertex -1.375 100 327.132
 endloop
endfacet
facet normal -0.641397 0 0.767209
 outer loop
  vertex -1.375 100 327.132
  vertex -1.375 103 327.132
  vertex -2.38157 103 326.125
 endloop
endfacet
facet normal -0.939071 0 0.343724
 outer loop
  vertex -2.38157 100 326.125
  vertex -2.38157 103 326.125
  vertex -2.75 103 324.75
 endloop
endfacet
facet normal -0.985121 0 -0.171862
 outer loop
  vertex -2.75 100 324.75
  vertex -2.75 103 324.75
  vertex -2.38157 103 323.375
 endloop
endfacet
facet normal -0.767209 0 -0.641397
 outer loop
  vertex -2.38157 100 323.375
  vertex -2.38157 103 323.375
  vertex -1.375 103 322.368
 endloop
endfacet
facet normal -0.343724 0 -0.939071
 outer loop
  vertex -1.375 100 322.368
  vertex -1.375 103 322.368
  vertex 0 103 322
 endloop
endfacet
facet normal -0.171862 0 -0.985121
 outer loop
  vertex 0 100 322
  vertex -1.375 100 322.368
  vertex 0 103 322
 endloop
endfacet
facet normal -0.641397 0 -0.767209
 outer loop
  vertex -1.375 100 322.368
  vertex -2.38157 100 323.375
  vertex -1.375 103 322.368
 endloop
endfacet
facet normal -0.939071 0 -0.343724
 outer loop
  vertex -2.38157 100 323.375
  vertex -2.75 100 324.75
  vertex -2.38157 103 323.375
 endloop
endfacet
facet normal -0.985121 0 0.171862
 outer loop
  vertex -2.75 100 324.75
  vertex -2.38157 100 326.125
  vertex -2.75 103 324.75
 endloop
endfacet
facet normal -0.767209 0 0.641397
 outer loop
  vertex -2.38157 100 326.125
  vertex -1.375 100 327.132
  vertex -2.38157 103 326.125
 endloop
endfacet
facet normal 0 1 0
 outer loop
  vertex 0 103 322
  vertex -1.375 103 322.368
  vertex 1.375 103 322.368
 endloop
endfacet
facet normal 0 1 0
 outer loop
  vertex 1.375 103 322.368
  vertex -1.375 103 322.368
  vertex 2.38157 103 323.375
 endloop
endfacet
facet normal 0 1 0
 outer loop
  vertex 2.38157 103 323.375
  vertex -1.375 103 322.368
  vertex -2.38157 103 323.375
 endloop
endfacet
facet normal 0 1 0
 outer loop
  vertex 2.75 103 324.75
  vertex -2.38157 103 323.375
  vertex -2.75 103 324.75
 endloop
endfacet
facet normal 0 1 0
 outer loop
  vertex 2.38157 103 326.125
  vertex -2.75 103 324.75
  vertex -2.38157 103 326.125
 endloop
endfacet
facet normal 0 1 0
 outer loop
  vertex 1.375 103 327.132
  vertex -2.38157 103 326.125
  vertex -1.375 103 327.132
 endloop
endfacet
facet normal 0 1 0
 outer loop
  vertex 3.36778E-16 103 327.5
  vertex 1.375 103 327.132
  vertex -1.375 103 327.132
 endloop
endfacet
facet normal 0 1 0
 outer loop
  vertex 1.375 103 327.132
  vertex 2.38157 103 326.125
  vertex -2.38157 103 326.125
 endloop
endfacet
facet normal 0 1 0
 outer loop
  vertex 2.38157 103 326.125
  vertex 2.75 103 324.75
  vertex -2.75 103 324.75
 endloop
endfacet
facet normal 0 1 0
 outer loop
  vertex 2.75 103 324.75
  vertex 2.38157 103 323.375
  vertex -2.38157 103 323.375
 endloop
endfacet
facet normal -0.052336 -0.99863 -0
 outer loop
  vertex -4.33862E-16 -63.5871 188.5
  vertex 4.33499E-16 -63.5871 190
  vertex -3.32333 -63.413 188.5
 endloop
endfacet
facet normal -0.052336 -0.99863 -0
 outer loop
  vertex -3.32333 -63.413 188.5
  vertex 4.33499E-16 -63.5871 190
  vertex -3.32344 -63.4131 190
 endloop
endfacet
facet normal -0.052336 0.99863 0
 outer loop
  vertex -1.55417E-18 63.5871 188.5
  vertex -3.32333 63.413 188.5
  vertex 2.16063E-16 63.5871 190
 endloop
endfacet
facet normal -0.052336 0.99863 0
 outer loop
  vertex 2.16063E-16 63.5871 190
  vertex -3.32333 63.413 188.5
  vertex -3.32361 63.4132 190
 endloop
endfacet
facet normal 0.052336 0.99863 0
 outer loop
  vertex -1.55417E-18 63.5871 188.5
  vertex 2.16063E-16 63.5871 190
  vertex 3.32333 63.413 188.5
 endloop
endfacet
facet normal 0.052336 0.99863 0
 outer loop
  vertex 3.32333 63.413 188.5
  vertex 2.16063E-16 63.5871 190
  vertex 3.32361 63.4132 190
 endloop
endfacet
facet normal 0 0 -1
 outer loop
  vertex -1.55417E-18 63.5871 188.5
  vertex 3.32333 63.413 188.5
  vertex -3.32333 63.413 188.5
 endloop
endfacet
facet normal 0 0 -1
 outer loop
  vertex -3.32333 63.413 188.5
  vertex 3.32333 63.413 188.5
  vertex -22.1343 59.5174 188.5
 endloop
endfacet
facet normal 0 0 -1
 outer loop
  vertex -22.1343 59.5174 188.5
  vertex 3.32333 63.413 188.5
  vertex 22.1343 59.5174 188.5
 endloop
endfacet
facet normal 0 0 -1
 outer loop
  vertex -38.9196 50.1748 188.5
  vertex 22.1343 59.5174 188.5
  vertex 38.9196 50.1748 188.5
 endloop
endfacet
facet normal 0 0 -1
 outer loop
  vertex -52.143 36.2403 188.5
  vertex 38.9196 50.1748 188.5
  vertex 52.143 36.2403 188.5
 endloop
endfacet
facet normal 0 0 -1
 outer loop
  vertex -60.5943 18.9891 188.5
  vertex 52.143 36.2403 188.5
  vertex 60.5943 18.9891 188.5
 endloop
endfacet
facet normal 0 0 -1
 outer loop
  vertex -63.5 0 188.5
  vertex 60.5943 18.9891 188.5
  vertex 63.5 0 188.5
 endloop
endfacet
facet normal 0 0 -1
 outer loop
  vertex -60.5943 -18.9891 188.5
  vertex 63.5 0 188.5
  vertex 60.5943 -18.9891 188.5
 endloop
endfacet
facet normal 0 0 -1
 outer loop
  vertex -52.143 -36.2403 188.5
  vertex 60.5943 -18.9891 188.5
  vertex 52.143 -36.2403 188.5
 endloop
endfacet
facet normal 0 0 -1
 outer loop
  vertex -38.9196 -50.1748 188.5
  vertex 52.143 -36.2403 188.5
  vertex 38.9196 -50.1748 188.5
 endloop
endfacet
facet normal 0 0 -1
 outer loop
  vertex -22.1343 -59.5174 188.5
  vertex 38.9196 -50.1748 188.5
  vertex 22.1343 -59.5174 188.5
 endloop
endfacet
facet normal 0 0 -1
 outer loop
  vertex -3.32333 -63.413 188.5
  vertex 22.1343 -59.5174 188.5
  vertex 3.32333 -63.413 188.5
 endloop
endfacet
facet normal 0 0 -1
 outer loop
  vertex -4.33862E-16 -63.5871 188.5
  vertex -3.32333 -63.413 188.5
  vertex 3.32333 -63.413 188.5
 endloop
endfacet
facet normal 0 0 -1
 outer loop
  vertex -3.32333 -63.413 188.5
  vertex -22.1343 -59.5174 188.5
  vertex 22.1343 -59.5174 188.5
 endloop
endfacet
facet normal 0 0 -1
 outer loop
  vertex -22.1343 -59.5174 188.5
  vertex -38.9196 -50.1748 188.5
  vertex 38.9196 -50.1748 188.5
 endloop
endfacet
facet normal 0 0 -1
 outer loop
  vertex -38.9196 -50.1748 188.5
  vertex -52.143 -36.2403 188.5
  vertex 52.143 -36.2403 188.5
 endloop
endfacet
facet normal 0 0 -1
 outer loop
  vertex -52.143 -36.2403 188.5
  vertex -60.5943 -18.9891 188.5
  vertex 60.5943 -18.9891 188.5
 endloop
endfacet
facet normal 0 0 -1
 outer loop
  vertex -60.5943 -18.9891 188.5
  vertex -63.5 0 188.5
  vertex 63.5 0 188.5
 endloop
endfacet
facet normal 0 0 -1
 outer loop
  vertex -63.5 0 188.5
  vertex -60.5943 18.9891 188.5
  vertex 60.5943 18.9891 188.5
 endloop
endfacet
facet normal 0 0 -1
 outer loop
  vertex -60.5943 18.9891 188.5
  vertex -52.143 36.2403 188.5
  vertex 52.143 36.2403 188.5
 endloop
endfacet
facet normal 0 0 -1
 outer loop
  vertex -52.143 36.2403 188.5
  vertex -38.9196 50.1748 188.5
  vertex 38.9196 50.1748 188.5
 endloop
endfacet
facet normal 0 0 -1
 outer loop
  vertex -38.9196 50.1748 188.5
  vertex -22.1343 59.5174 188.5
  vertex 22.1343 59.5174 188.5
 endloop
endfacet
facet normal 0.052336 -0.99863 0
 outer loop
  vertex -4.33862E-16 -63.5871 188.5
  vertex 3.32333 -63.413 188.5
  vertex 4.33499E-16 -63.5871 190
 endloop
endfacet
facet normal 0.052336 -0.99863 0
 outer loop
  vertex 4.33499E-16 -63.5871 190
  vertex 3.32333 -63.413 188.5
  vertex 3.32344 -63.4131 190
 endloop
endfacet
facet normal 0 1 0
 outer loop
  vertex 3.5507 111 267.05
  vertex 3.5507 111 262.95
  vertex 2.05 111 268.551
 endloop
endfacet
facet normal 0 1 0
 outer loop
  vertex 3.5507 111 267.05
  vertex 4.1 111 265
  vertex 3.5507 111 262.95
 endloop
endfacet
facet normal 0 1 0
 outer loop
  vertex 3.5507 111 262.95
  vertex 2.05 111 261.449
  vertex 2.05 111 268.551
 endloop
endfacet
facet normal 0 1 0
 outer loop
  vertex 2.05 111 268.551
  vertex 2.05 111 261.449
  vertex -2.01764E-13 111 269.1
 endloop
endfacet
facet normal 0 1 0
 outer loop
  vertex -2.01764E-13 111 269.1
  vertex 2.05 111 261.449
  vertex -2.01228E-13 111 260.9
 endloop
endfacet
facet normal 0 1 0
 outer loop
  vertex -2.05 111 268.551
  vertex -2.01228E-13 111 260.9
  vertex -2.05 111 261.449
 endloop
endfacet
facet normal 0 1 0
 outer loop
  vertex -3.5507 111 267.05
  vertex -2.05 111 261.449
  vertex -3.5507 111 262.95
 endloop
endfacet
facet normal 0 1 0
 outer loop
  vertex -4.1 111 265
  vertex -3.5507 111 267.05
  vertex -3.5507 111 262.95
 endloop
endfacet
facet normal 0 1 0
 outer loop
  vertex -3.5507 111 267.05
  vertex -2.05 111 268.551
  vertex -2.05 111 261.449
 endloop
endfacet
facet normal 0 1 0
 outer loop
  vertex -2.05 111 268.551
  vertex -2.01764E-13 111 269.1
  vertex -2.01228E-13 111 260.9
 endloop
endfacet
facet normal -0.999745 -0.0226009 0
 outer loop
  vertex -63.4999 0.000214612 190
  vertex -63.5 0 188.5
  vertex -63.3539 -4.30348 190
 endloop
endfacet
facet normal -0.992368 -0.123313 0
 outer loop
  vertex -63.3539 -4.30348 190
  vertex -63.5 0 188.5
  vertex -60.5943 -18.9891 188.5
 endloop
endfacet
facet normal -0.957326 -0.289012 0
 outer loop
  vertex -61.9042 -14.147 190
  vertex -60.5943 -18.9891 188.5
  vertex -59.6244 -21.8458 190
 endloop
endfacet
facet normal -0.980307 -0.197481 0
 outer loop
  vertex -61.9042 -14.147 190
  vertex -63.3539 -4.30348 190
  vertex -60.5943 -18.9891 188.5
 endloop
endfacet
facet normal -0.799129 -0.60116 0
 outer loop
  vertex -47.7114 -41.9035 190
  vertex -52.1618 -36.2133 190
  vertex -52.143 -36.2403 188.5
 endloop
endfacet
facet normal -0.734224 -0.678907 0
 outer loop
  vertex -38.9196 -50.1748 188.5
  vertex -47.7114 -41.9035 190
  vertex -52.143 -36.2403 188.5
 endloop
endfacet
facet normal -0.688052 -0.725662 0
 outer loop
  vertex -38.9196 -50.1748 188.5
  vertex -44.0458 -45.7414 190
  vertex -47.7114 -41.9035 190
 endloop
endfacet
facet normal -0.660754 -0.750602 0
 outer loop
  vertex -38.9196 -50.1748 188.5
  vertex -42.78 -46.9277 190
  vertex -44.0458 -45.7414 190
 endloop
endfacet
facet normal -0.625827 -0.779962 0
 outer loop
  vertex -38.9196 -50.1748 188.5
  vertex -37.394 -51.3227 190
  vertex -42.78 -46.9277 190
 endloop
endfacet
facet normal -0.567294 -0.823515 0
 outer loop
  vertex -38.9196 -50.1748 188.5
  vertex -31.5622 -55.1009 190
  vertex -37.394 -51.3227 190
 endloop
endfacet
facet normal -0.48994 -0.871756 0
 outer loop
  vertex -38.9196 -50.1748 188.5
  vertex -22.1343 -59.5174 188.5
  vertex -31.5622 -55.1009 190
 endloop
endfacet
facet normal -0.415532 -0.909579 0
 outer loop
  vertex -31.5622 -55.1009 190
  vertex -22.1343 -59.5174 188.5
  vertex -25.2777 -58.2522 190
 endloop
endfacet
facet normal -0.346444 -0.938071 0
 outer loop
  vertex -25.2777 -58.2522 190
  vertex -22.1343 -59.5174 188.5
  vertex -18.5147 -60.741 190
 endloop
endfacet
facet normal -0.308424 -0.951249 0
 outer loop
  vertex -18.5147 -60.741 190
  vertex -22.1343 -59.5174 188.5
  vertex -18.079 -60.8721 190
 endloop
endfacet
facet normal -0.270747 -0.96265 0
 outer loop
  vertex -18.079 -60.8721 190
  vertex -22.1343 -59.5174 188.5
  vertex -11.2247 -62.5002 190
 endloop
endfacet
facet normal -0.194062 -0.980989 0
 outer loop
  vertex -11.2247 -62.5002 190
  vertex -22.1343 -59.5174 188.5
  vertex -3.32333 -63.413 188.5
 endloop
endfacet
facet normal -0.0542229 -0.998529 0
 outer loop
  vertex -3.68267 -63.3934 190
  vertex -3.32333 -63.413 188.5
  vertex -3.32344 -63.4131 190
 endloop
endfacet
facet normal -0.0958592 -0.995395 0
 outer loop
  vertex -3.68267 -63.3934 190
  vertex -11.2247 -62.5002 190
  vertex -3.32333 -63.413 188.5
 endloop
endfacet
facet normal -0.843239 -0.537538 0
 outer loop
  vertex -52.1618 -36.2133 190
  vertex -56.0805 -29.7869 190
  vertex -52.143 -36.2403 188.5
 endloop
endfacet
facet normal -0.893138 -0.449783 0
 outer loop
  vertex -52.143 -36.2403 188.5
  vertex -56.0805 -29.7869 190
  vertex -60.5943 -18.9891 188.5
 endloop
endfacet
facet normal -0.926913 -0.375277 0
 outer loop
  vertex -60.5943 -18.9891 188.5
  vertex -56.0805 -29.7869 190
  vertex -59.3794 -22.5027 190
 endloop
endfacet
facet normal -0.943073 -0.332587 0
 outer loop
  vertex -59.6244 -21.8458 190
  vertex -60.5943 -18.9891 188.5
  vertex -59.3794 -22.5027 190
 endloop
endfacet
facet normal -0.0936304 0.995607 0
 outer loop
  vertex -3.32361 63.4132 190
  vertex -3.32333 63.413 188.5
  vertex -11.159 62.5117 190
 endloop
endfacet
facet normal -0.193716 0.981058 0
 outer loop
  vertex -11.159 62.5117 190
  vertex -3.32333 63.413 188.5
  vertex -22.1343 59.5174 188.5
 endloop
endfacet
facet normal -0.345816 0.938302 0
 outer loop
  vertex -18.4548 60.7592 190
  vertex -22.1343 59.5174 188.5
  vertex -25.2181 58.278 190
 endloop
endfacet
facet normal -0.272399 0.962185 0
 outer loop
  vertex -18.4548 60.7592 190
  vertex -11.159 62.5117 190
  vertex -22.1343 59.5174 188.5
 endloop
endfacet
facet normal -0.414876 0.909878 0
 outer loop
  vertex -25.2181 58.278 190
  vertex -22.1343 59.5174 188.5
  vertex -31.4993 55.1369 190
 endloop
endfacet
facet normal -0.489605 0.871944 0
 outer loop
  vertex -31.4993 55.1369 190
  vertex -22.1343 59.5174 188.5
  vertex -38.9196 50.1748 188.5
 endloop
endfacet
facet normal -0.625059 0.780578 0
 outer loop
  vertex -37.3249 51.3722 190
  vertex -38.9196 50.1748 188.5
  vertex -42.7039 46.9965 190
 endloop
endfacet
facet normal -0.566613 0.823984 0
 outer loop
  vertex -37.3249 51.3722 190
  vertex -31.4993 55.1369 190
  vertex -38.9196 50.1748 188.5
 endloop
endfacet
facet normal -0.658783 0.752333 0
 outer loop
  vertex -42.7039 46.9965 190
  vertex -38.9196 50.1748 188.5
  vertex -43.7587 46.0159 190
 endloop
endfacet
facet normal -0.713403 0.700754 0
 outer loop
  vertex -43.7587 46.0159 190
  vertex -38.9196 50.1748 188.5
  vertex -52.143 36.2403 188.5
 endloop
endfacet
facet normal -0.842231 0.539117 0
 outer loop
  vertex -52.0717 36.3426 190
  vertex -52.143 36.2403 188.5
  vertex -55.9867 29.963 190
 endloop
endfacet
facet normal -0.780303 0.625402 0
 outer loop
  vertex -52.0717 36.3426 190
  vertex -43.7587 46.0159 190
  vertex -52.143 36.2403 188.5
 endloop
endfacet
facet normal -0.892663 0.450725 0
 outer loop
  vertex -52.143 36.2403 188.5
  vertex -60.5943 18.9891 188.5
  vertex -55.9867 29.963 190
 endloop
endfacet
facet normal -0.926009 0.377502 0
 outer loop
  vertex -55.9867 29.963 190
  vertex -60.5943 18.9891 188.5
  vertex -59.2878 22.7435 190
 endloop
endfacet
facet normal -0.942607 0.333905 0
 outer loop
  vertex -59.2878 22.7435 190
  vertex -60.5943 18.9891 188.5
  vertex -59.6215 21.8541 190
 endloop
endfacet
facet normal -0.956791 0.290778 0
 outer loop
  vertex -59.6215 21.8541 190
  vertex -60.5943 18.9891 188.5
  vertex -61.8269 14.4814 190
 endloop
endfacet
facet normal -0.984179 0.177177 0
 outer loop
  vertex -61.8269 14.4814 190
  vertex -60.5943 18.9891 188.5
  vertex -63.5 0 188.5
 endloop
endfacet
facet normal -0.999684 0.0251454 0
 outer loop
  vertex -63.3194 4.78696 190
  vertex -63.5 0 188.5
  vertex -63.4999 0.000214612 190
 endloop
endfacet
facet normal -0.994824 0.101611 0
 outer loop
  vertex -63.3194 4.78696 190
  vertex -61.8269 14.4814 190
  vertex -63.5 0 188.5
 endloop
endfacet
facet normal -0.0523124 -0.998619 -0.00482291
 outer loop
  vertex -3.32344 -63.4131 190
  vertex 4.33499E-16 -63.5871 190
  vertex -3.32337 -63.4132 190.032
 endloop
endfacet
facet normal -0.0472001 -0.994731 -0.0910077
 outer loop
  vertex -3.32337 -63.4132 190.032
  vertex 4.33499E-16 -63.5871 190
  vertex -3.32323 -64.0466 197.545
 endloop
endfacet
facet normal -0.0417209 -0.971322 -0.234079
 outer loop
  vertex -3.32323 -64.0466 197.545
  vertex 4.33499E-16 -63.5871 190
  vertex 1.34145E-17 -64.5991 198.733
 endloop
endfacet
facet normal -0.03524 -0.913805 -0.404622
 outer loop
  vertex -3.32324 -64.1501 197.896
  vertex 1.34145E-17 -64.5991 198.733
  vertex -3.32325 -64.6495 199.087
 endloop
endfacet
facet normal -0.0355097 -0.942667 -0.33184
 outer loop
  vertex -3.32324 -64.1501 197.896
  vertex -3.32323 -64.0466 197.545
  vertex 1.34145E-17 -64.5991 198.733
 endloop
endfacet
facet normal -0.0352288 -0.869167 -0.493263
 outer loop
  vertex -3.32325 -64.6495 199.087
  vertex 1.34145E-17 -64.5991 198.733
  vertex -3.32329 -64.9192 199.525
 endloop
endfacet
facet normal -0.0360132 -0.824166 -0.565202
 outer loop
  vertex -3.32329 -64.9192 199.525
  vertex 1.34145E-17 -64.5991 198.733
  vertex -5.67108E-17 -65.3999 199.93
 endloop
endfacet
facet normal -0.0369735 -0.722801 -0.690067
 outer loop
  vertex -3.32332 -65.0891 199.754
  vertex -5.67108E-17 -65.3999 199.93
  vertex -3.3234 -65.6448 200.333
 endloop
endfacet
facet normal -0.0361595 -0.779075 -0.625887
 outer loop
  vertex -3.32332 -65.0891 199.754
  vertex -3.32329 -64.9192 199.525
  vertex -5.67108E-17 -65.3999 199.93
 endloop
endfacet
facet normal -0.0389388 -0.615065 -0.787515
 outer loop
  vertex -5.67108E-17 -65.3999 199.93
  vertex -1.30683E-16 -66.5308 200.765
  vertex -3.3234 -65.6448 200.333
 endloop
endfacet
facet normal -0.0397649 -0.542189 -0.839315
 outer loop
  vertex -3.3234 -65.6448 200.333
  vertex -1.30683E-16 -66.5308 200.765
  vertex -3.32336 -66.1923 200.731
 endloop
endfacet
facet normal -0.0404279 -0.485288 -0.873419
 outer loop
  vertex -3.32336 -66.1923 200.731
  vertex -1.30683E-16 -66.5308 200.765
  vertex -3.32332 -66.3327 200.813
 endloop
endfacet
facet normal -0.0416935 -0.4202 -0.906473
 outer loop
  vertex -3.32332 -66.3327 200.813
  vertex -1.30683E-16 -66.5308 200.765
  vertex -3.32302 -67.1681 201.181
 endloop
endfacet
facet normal -0.0464318 -0.261331 -0.964132
 outer loop
  vertex -3.32302 -67.1681 201.181
  vertex -1.30683E-16 -66.5308 200.765
  vertex -3.25471E-16 -70 201.413
 endloop
endfacet
facet normal -0.0516606 -0.0233404 -0.998392
 outer loop
  vertex -3.32279 -69.3073 201.564
  vertex -3.25471E-16 -70 201.413
  vertex -3.32357 -70.0002 201.587
 endloop
endfacet
facet normal -0.0491426 -0.128427 -0.990501
 outer loop
  vertex -3.32279 -69.3073 201.564
  vertex -3.32302 -67.1681 201.181
  vertex -3.25471E-16 -70 201.413
 endloop
endfacet
facet normal -0.0518826 0.998633 -0.00641584
 outer loop
  vertex -3.32361 63.4132 190
  vertex -3.32359 63.4199 190.705
  vertex 2.16063E-16 63.5871 190
 endloop
endfacet
facet normal -0.0480201 0.997889 -0.0437282
 outer loop
  vertex 2.16063E-16 63.5871 190
  vertex -3.32359 63.4199 190.705
  vertex 1.50441E-16 63.8271 195.597
 endloop
endfacet
facet normal -0.0428935 0.987841 -0.149432
 outer loop
  vertex 1.50441E-16 63.8271 195.597
  vertex -3.32359 63.4199 190.705
  vertex -3.3234 64.2163 198.107
 endloop
endfacet
facet normal -0.0358277 0.905386 -0.423075
 outer loop
  vertex 5.0132E-16 64.7614 199.096
  vertex -3.3234 64.2163 198.107
  vertex -3.32339 64.6743 199.183
 endloop
endfacet
facet normal -0.0356341 0.862945 -0.50404
 outer loop
  vertex -3.32338 64.9143 199.579
  vertex 5.0132E-16 64.7614 199.096
  vertex -3.32339 64.6743 199.183
 endloop
endfacet
facet normal -0.0365657 0.803131 -0.594679
 outer loop
  vertex -3.32338 64.9143 199.579
  vertex 9.38119E-16 65.59 200.186
  vertex 5.0132E-16 64.7614 199.096
 endloop
endfacet
facet normal -0.0369308 0.740768 -0.670745
 outer loop
  vertex -3.32338 64.9143 199.579
  vertex -3.32338 65.4211 200.195
  vertex 9.38119E-16 65.59 200.186
 endloop
endfacet
facet normal -0.0372699 0.68712 -0.725588
 outer loop
  vertex 9.38119E-16 65.59 200.186
  vertex -3.32338 65.4211 200.195
  vertex -3.32338 65.5248 200.295
 endloop
endfacet
facet normal -0.0380937 0.633941 -0.772443
 outer loop
  vertex -3.32339 66.0621 200.71
  vertex 9.38119E-16 65.59 200.186
  vertex -3.32338 65.5248 200.295
 endloop
endfacet
facet normal -0.0396523 0.541223 -0.839943
 outer loop
  vertex -3.32339 66.0621 200.71
  vertex 1.60516E-15 66.7133 200.901
  vertex 9.38119E-16 65.59 200.186
 endloop
endfacet
facet normal -0.0406749 0.444108 -0.895049
 outer loop
  vertex -3.32339 66.0621 200.71
  vertex -3.3234 66.6699 201.032
  vertex 1.60516E-15 66.7133 200.901
 endloop
endfacet
facet normal -0.0414694 0.383 -0.922817
 outer loop
  vertex 1.60516E-15 66.7133 200.901
  vertex -3.3234 66.6699 201.032
  vertex -3.3234 66.8559 201.108
 endloop
endfacet
facet normal -0.0429223 0.318764 -0.946862
 outer loop
  vertex -3.32342 67.8121 201.384
  vertex 1.60516E-15 66.7133 200.901
  vertex -3.3234 66.8559 201.108
 endloop
endfacet
facet normal -0.0468746 0.200265 -0.97862
 outer loop
  vertex -3.32342 67.8121 201.384
  vertex 3.7945E-15 70 201.413
  vertex 1.60516E-15 66.7133 200.901
 endloop
endfacet
facet normal -0.0501546 0.0711867 -0.996201
 outer loop
  vertex -3.32342 67.8121 201.384
  vertex -3.32347 70.0001 201.587
  vertex 3.7945E-15 70 201.413
 endloop
endfacet
facet normal -0.0378181 0.951553 -0.30515
 outer loop
  vertex 5.0132E-16 64.7614 199.096
  vertex 1.50441E-16 63.8271 195.597
  vertex -3.3234 64.2163 198.107
 endloop
endfacet
facet normal 0.0518813 0.998633 -0.0064212
 outer loop
  vertex 3.32361 63.4132 190
  vertex 2.16063E-16 63.5871 190
  vertex 3.32231 63.4188 190.707
 endloop
endfacet
facet normal 0.048019 0.997889 -0.0437335
 outer loop
  vertex 3.32231 63.4188 190.707
  vertex 2.16063E-16 63.5871 190
  vertex 1.50441E-16 63.8271 195.597
 endloop
endfacet
facet normal 0.0378958 0.953799 -0.298046
 outer loop
  vertex 3.3234 64.1584 197.925
  vertex 1.50441E-16 63.8271 195.597
  vertex 5.0132E-16 64.7614 199.096
 endloop
endfacet
facet normal 0.0360195 0.891807 -0.45098
 outer loop
  vertex 3.32337 64.2167 198.108
  vertex 5.0132E-16 64.7614 199.096
  vertex 3.32332 64.9088 199.571
 endloop
endfacet
facet normal 0.0361178 0.931793 -0.36119
 outer loop
  vertex 3.32337 64.2167 198.108
  vertex 3.3234 64.1584 197.925
  vertex 5.0132E-16 64.7614 199.096
 endloop
endfacet
facet normal 0.0365638 0.803557 -0.594103
 outer loop
  vertex 5.0132E-16 64.7614 199.096
  vertex 9.38119E-16 65.59 200.186
  vertex 3.32332 64.9088 199.571
 endloop
endfacet
facet normal 0.0369325 0.741176 -0.670294
 outer loop
  vertex 3.32332 64.9088 199.571
  vertex 9.38119E-16 65.59 200.186
  vertex 3.32341 65.422 200.196
 endloop
endfacet
facet normal 0.0380231 0.64335 -0.764627
 outer loop
  vertex 3.32341 65.422 200.196
  vertex 9.38119E-16 65.59 200.186
  vertex 3.3232 66.0631 200.71
 endloop
endfacet
facet normal 0.0396535 0.541138 -0.839999
 outer loop
  vertex 3.3232 66.0631 200.71
  vertex 9.38119E-16 65.59 200.186
  vertex 1.60516E-15 66.7133 200.901
 endloop
endfacet
facet normal 0.0410063 0.421684 -0.905815
 outer loop
  vertex 3.32318 66.1759 200.78
  vertex 1.60516E-15 66.7133 200.901
  vertex 3.32318 66.8572 201.108
 endloop
endfacet
facet normal 0.0400929 0.481668 -0.875436
 outer loop
  vertex 3.32318 66.1759 200.78
  vertex 3.3232 66.0631 200.71
  vertex 1.60516E-15 66.7133 200.901
 endloop
endfacet
facet normal 0.0432305 0.309494 -0.949918
 outer loop
  vertex 3.32318 66.8572 201.108
  vertex 1.60516E-15 66.7133 200.901
  vertex 3.32356 67.8135 201.384
 endloop
endfacet
facet normal 0.0471327 0.190604 -0.980535
 outer loop
  vertex 3.32356 67.8135 201.384
  vertex 1.60516E-15 66.7133 200.901
  vertex 3.7945E-15 70 201.413
 endloop
endfacet
facet normal 0.0503466 0.0615252 -0.996835
 outer loop
  vertex 3.32347 70.0001 201.587
  vertex 3.32356 67.8135 201.384
  vertex 3.7945E-15 70 201.413
 endloop
endfacet
facet normal 0.0429189 0.988908 -0.142194
 outer loop
  vertex 3.3234 64.1584 197.925
  vertex 3.32231 63.4188 190.707
  vertex 1.50441E-16 63.8271 195.597
 endloop
endfacet
facet normal 0.999683 0.0251579 0
 outer loop
  vertex 63.4999 0.000214612 190
  vertex 63.5 0 188.5
  vertex 63.3192 4.78934 190
 endloop
endfacet
facet normal 0.992047 0.125868 0
 outer loop
  vertex 63.3192 4.78934 190
  vertex 63.5 0 188.5
  vertex 60.5943 18.9891 188.5
 endloop
endfacet
facet normal 0.956783 0.290804 0
 outer loop
  vertex 61.8265 14.4832 190
  vertex 60.5943 18.9891 188.5
  vertex 59.6204 21.8571 190
 endloop
endfacet
facet normal 0.979435 0.20176 0
 outer loop
  vertex 61.8265 14.4832 190
  vertex 63.3192 4.78934 190
  vertex 60.5943 18.9891 188.5
 endloop
endfacet
facet normal 0.780285 0.625424 0
 outer loop
  vertex 43.7556 46.0188 190
  vertex 52.071 36.3435 190
  vertex 52.143 36.2403 188.5
 endloop
endfacet
facet normal 0.713387 0.700771 0
 outer loop
  vertex 38.9196 50.1748 188.5
  vertex 43.7556 46.0188 190
  vertex 52.143 36.2403 188.5
 endloop
endfacet
facet normal 0.658762 0.752351 0
 outer loop
  vertex 38.9196 50.1748 188.5
  vertex 42.7034 46.997 190
  vertex 43.7556 46.0188 190
 endloop
endfacet
facet normal 0.625053 0.780582 0
 outer loop
  vertex 38.9196 50.1748 188.5
  vertex 37.3243 51.3726 190
  vertex 42.7034 46.997 190
 endloop
endfacet
facet normal 0.566608 0.823987 0
 outer loop
  vertex 38.9196 50.1748 188.5
  vertex 31.4989 55.1372 190
  vertex 37.3243 51.3726 190
 endloop
endfacet
facet normal 0.489603 0.871945 0
 outer loop
  vertex 38.9196 50.1748 188.5
  vertex 22.1343 59.5174 188.5
  vertex 31.4989 55.1372 190
 endloop
endfacet
facet normal 0.414872 0.90988 0
 outer loop
  vertex 31.4989 55.1372 190
  vertex 22.1343 59.5174 188.5
  vertex 25.2178 58.2782 190
 endloop
endfacet
facet normal 0.345813 0.938303 0
 outer loop
  vertex 25.2178 58.2782 190
  vertex 22.1343 59.5174 188.5
  vertex 18.4545 60.7593 190
 endloop
endfacet
facet normal 0.272396 0.962185 0
 outer loop
  vertex 18.4545 60.7593 190
  vertex 22.1343 59.5174 188.5
  vertex 11.1589 62.5117 190
 endloop
endfacet
facet normal 0.193715 0.981058 0
 outer loop
  vertex 11.1589 62.5117 190
  vertex 22.1343 59.5174 188.5
  vertex 3.32333 63.413 188.5
 endloop
endfacet
facet normal 0.0936296 0.995607 0
 outer loop
  vertex 3.32361 63.4132 190
  vertex 11.1589 62.5117 190
  vertex 3.32333 63.413 188.5
 endloop
endfacet
facet normal 0.842224 0.539128 0
 outer loop
  vertex 52.071 36.3435 190
  vertex 55.9861 29.9641 190
  vertex 52.143 36.2403 188.5
 endloop
endfacet
facet normal 0.89266 0.450731 0
 outer loop
  vertex 52.143 36.2403 188.5
  vertex 55.9861 29.9641 190
  vertex 60.5943 18.9891 188.5
 endloop
endfacet
facet normal 0.926003 0.377515 0
 outer loop
  vertex 60.5943 18.9891 188.5
  vertex 55.9861 29.9641 190
  vertex 59.2872 22.745 190
 endloop
endfacet
facet normal 0.942598 0.333929 0
 outer loop
  vertex 59.6204 21.8571 190
  vertex 60.5943 18.9891 188.5
  vertex 59.2872 22.745 190
 endloop
endfacet
facet normal 0.346444 -0.938071 0
 outer loop
  vertex 25.2777 -58.2522 190
  vertex 18.5147 -60.741 190
  vertex 22.1343 -59.5174 188.5
 endloop
endfacet
facet normal 0.48994 -0.871756 0
 outer loop
  vertex 31.5622 -55.1009 190
  vertex 22.1343 -59.5174 188.5
  vertex 38.9196 -50.1748 188.5
 endloop
endfacet
facet normal 0.625826 -0.779962 0
 outer loop
  vertex 37.394 -51.3227 190
  vertex 38.9196 -50.1748 188.5
  vertex 42.7799 -46.9277 190
 endloop
endfacet
facet normal 0.567294 -0.823515 0
 outer loop
  vertex 37.394 -51.3227 190
  vertex 31.5622 -55.1009 190
  vertex 38.9196 -50.1748 188.5
 endloop
endfacet
facet normal 0.660753 -0.750603 0
 outer loop
  vertex 42.7799 -46.9277 190
  vertex 38.9196 -50.1748 188.5
  vertex 44.0456 -45.7416 190
 endloop
endfacet
facet normal 0.714872 -0.699255 0
 outer loop
  vertex 44.0456 -45.7416 190
  vertex 38.9196 -50.1748 188.5
  vertex 52.143 -36.2403 188.5
 endloop
endfacet
facet normal 0.799128 -0.60116 0
 outer loop
  vertex 47.7114 -41.9035 190
  vertex 52.143 -36.2403 188.5
  vertex 52.1617 -36.2134 190
 endloop
endfacet
facet normal 0.757843 -0.652437 0
 outer loop
  vertex 47.7114 -41.9035 190
  vertex 44.0456 -45.7416 190
  vertex 52.143 -36.2403 188.5
 endloop
endfacet
facet normal 0.843239 -0.537539 0
 outer loop
  vertex 52.1617 -36.2134 190
  vertex 52.143 -36.2403 188.5
  vertex 56.0805 -29.7869 190
 endloop
endfacet
facet normal 0.893138 -0.449783 0
 outer loop
  vertex 56.0805 -29.7869 190
  vertex 52.143 -36.2403 188.5
  vertex 60.5943 -18.9891 188.5
 endloop
endfacet
facet normal 0.943072 -0.332589 0
 outer loop
  vertex 59.3794 -22.5028 190
  vertex 60.5943 -18.9891 188.5
  vertex 59.6243 -21.8461 190
 endloop
endfacet
facet normal 0.926912 -0.375278 0
 outer loop
  vertex 59.3794 -22.5028 190
  vertex 56.0805 -29.7869 190
  vertex 60.5943 -18.9891 188.5
 endloop
endfacet
facet normal 0.957325 -0.289014 0
 outer loop
  vertex 59.6243 -21.8461 190
  vertex 60.5943 -18.9891 188.5
  vertex 61.9042 -14.1471 190
 endloop
endfacet
facet normal 0.984499 -0.175392 0
 outer loop
  vertex 61.9042 -14.1471 190
  vertex 60.5943 -18.9891 188.5
  vertex 63.5 0 188.5
 endloop
endfacet
facet normal 0.999745 -0.0226016 0
 outer loop
  vertex 63.3539 -4.30361 190
  vertex 63.5 0 188.5
  vertex 63.4999 0.000214612 190
 endloop
endfacet
facet normal 0.995257 -0.0972843 0
 outer loop
  vertex 63.3539 -4.30361 190
  vertex 61.9042 -14.1471 190
  vertex 63.5 0 188.5
 endloop
endfacet
facet normal 0.415532 -0.909579 0
 outer loop
  vertex 31.5622 -55.1009 190
  vertex 25.2777 -58.2522 190
  vertex 22.1343 -59.5174 188.5
 endloop
endfacet
facet normal 0.273051 -0.961999 0
 outer loop
  vertex 18.5147 -60.741 190
  vertex 11.2247 -62.5002 190
  vertex 22.1343 -59.5174 188.5
 endloop
endfacet
facet normal 0.194062 -0.980989 0
 outer loop
  vertex 22.1343 -59.5174 188.5
  vertex 11.2247 -62.5002 190
  vertex 3.32333 -63.413 188.5
 endloop
endfacet
facet normal 0.0958658 -0.995394 0
 outer loop
  vertex 3.32333 -63.413 188.5
  vertex 11.2247 -62.5002 190
  vertex 3.68392 -63.3933 190
 endloop
endfacet
facet normal 0.0542295 -0.998528 0
 outer loop
  vertex 3.32344 -63.4131 190
  vertex 3.32333 -63.413 188.5
  vertex 3.68392 -63.3933 190
 endloop
endfacet
facet normal 0.0523123 -0.998619 -0.0048233
 outer loop
  vertex 3.32344 -63.4131 190
  vertex 3.32344 -63.4133 190.032
  vertex 4.33499E-16 -63.5871 190
 endloop
endfacet
facet normal 0.0471999 -0.99473 -0.0910132
 outer loop
  vertex 4.33499E-16 -63.5871 190
  vertex 3.32344 -63.4133 190.032
  vertex 3.32337 -64.0468 197.545
 endloop
endfacet
facet normal 0.0353636 -0.92597 -0.375937
 outer loop
  vertex 1.34145E-17 -64.5991 198.733
  vertex 3.32337 -64.0468 197.545
  vertex 3.32338 -64.5121 198.82
 endloop
endfacet
facet normal 0.0349647 -0.893776 -0.447148
 outer loop
  vertex 3.32338 -64.6497 199.087
  vertex 1.34145E-17 -64.5991 198.733
  vertex 3.32338 -64.5121 198.82
 endloop
endfacet
facet normal 0.0358861 -0.843312 -0.536225
 outer loop
  vertex 3.32338 -64.6497 199.087
  vertex -5.67108E-17 -65.3999 199.93
  vertex 1.34145E-17 -64.5991 198.733
 endloop
endfacet
facet normal 0.0361278 -0.800136 -0.598729
 outer loop
  vertex 3.32338 -64.6497 199.087
  vertex 3.32339 -65.089 199.754
  vertex -5.67108E-17 -65.3999 199.93
 endloop
endfacet
facet normal 0.0365283 -0.746378 -0.664519
 outer loop
  vertex -5.67108E-17 -65.3999 199.93
  vertex 3.32339 -65.089 199.754
  vertex 3.3234 -65.3346 200.039
 endloop
endfacet
facet normal 0.037161 -0.702135 -0.711073
 outer loop
  vertex 3.32341 -65.6443 200.334
  vertex -5.67108E-17 -65.3999 199.93
  vertex 3.3234 -65.3346 200.039
 endloop
endfacet
facet normal 0.0389389 -0.615056 -0.787522
 outer loop
  vertex 3.32341 -65.6443 200.334
  vertex -1.30683E-16 -66.5308 200.765
  vertex -5.67108E-17 -65.3999 199.93
 endloop
endfacet
facet normal 0.0399572 -0.531765 -0.845949
 outer loop
  vertex 3.32341 -65.6443 200.334
  vertex 3.32343 -66.3327 200.813
  vertex -1.30683E-16 -66.5308 200.765
 endloop
endfacet
facet normal 0.0407733 -0.463197 -0.885317
 outer loop
  vertex -1.30683E-16 -66.5308 200.765
  vertex 3.32343 -66.3327 200.813
  vertex 3.32343 -66.4873 200.896
 endloop
endfacet
facet normal 0.0418482 -0.408541 -0.91178
 outer loop
  vertex 3.32346 -67.168 201.181
  vertex -1.30683E-16 -66.5308 200.765
  vertex 3.32343 -66.4873 200.896
 endloop
endfacet
facet normal 0.0464318 -0.261331 -0.964132
 outer loop
  vertex 3.32346 -67.168 201.181
  vertex -3.25471E-16 -70 201.413
  vertex -1.30683E-16 -66.5308 200.765
 endloop
endfacet
facet normal 0.0491425 -0.128429 -0.9905
 outer loop
  vertex 3.32346 -67.168 201.181
  vertex 3.32354 -69.3072 201.563
  vertex -3.25471E-16 -70 201.413
 endloop
endfacet
facet normal 0.0516605 -0.023343 -0.998392
 outer loop
  vertex -3.25471E-16 -70 201.413
  vertex 3.32354 -69.3072 201.563
  vertex 3.32357 -70.0002 201.587
 endloop
endfacet
facet normal 0.0417209 -0.971321 -0.234084
 outer loop
  vertex 1.34145E-17 -64.5991 198.733
  vertex 4.33499E-16 -63.5871 190
  vertex 3.32337 -64.0468 197.545
 endloop
endfacet
facet normal 0 1 0
 outer loop
  vertex 57.3684 103 263.625
  vertex 57.3684 103 266.375
  vertex 58.375 103 262.618
 endloop
endfacet
facet normal 0 1 0
 outer loop
  vertex 57.3684 103 263.625
  vertex 57 103 265
  vertex 57.3684 103 266.375
 endloop
endfacet
facet normal 0 1 0
 outer loop
  vertex 57.3684 103 266.375
  vertex 58.375 103 267.382
  vertex 58.375 103 262.618
 endloop
endfacet
facet normal 0 1 0
 outer loop
  vertex 58.375 103 262.618
  vertex 58.375 103 267.382
  vertex 59.75 103 262.25
 endloop
endfacet
facet normal 0 1 0
 outer loop
  vertex 59.75 103 262.25
  vertex 58.375 103 267.382
  vertex 59.75 103 267.75
 endloop
endfacet
facet normal 0 1 0
 outer loop
  vertex 61.125 103 262.618
  vertex 59.75 103 267.75
  vertex 61.125 103 267.382
 endloop
endfacet
facet normal 0 1 0
 outer loop
  vertex 62.1316 103 263.625
  vertex 61.125 103 267.382
  vertex 62.1316 103 266.375
 endloop
endfacet
facet normal 0 1 0
 outer loop
  vertex 62.5 103 265
  vertex 62.1316 103 263.625
  vertex 62.1316 103 266.375
 endloop
endfacet
facet normal 0 1 0
 outer loop
  vertex 62.1316 103 263.625
  vertex 61.125 103 262.618
  vertex 61.125 103 267.382
 endloop
endfacet
facet normal 0 1 0
 outer loop
  vertex 61.125 103 262.618
  vertex 59.75 103 262.25
  vertex 59.75 103 267.75
 endloop
endfacet
facet normal 0 1 0
 outer loop
  vertex -5.55112E-14 103 202.5
  vertex -1.375 103 202.868
  vertex 1.375 103 202.868
 endloop
endfacet
facet normal 0 1 0
 outer loop
  vertex 1.375 103 202.868
  vertex -1.375 103 202.868
  vertex 2.38157 103 203.875
 endloop
endfacet
facet normal 0 1 0
 outer loop
  vertex 2.38157 103 203.875
  vertex -1.375 103 202.868
  vertex -2.38157 103 203.875
 endloop
endfacet
facet normal 0 1 0
 outer loop
  vertex 2.75 103 205.25
  vertex -2.38157 103 203.875
  vertex -2.75 103 205.25
 endloop
endfacet
facet normal 0 1 0
 outer loop
  vertex 2.38157 103 206.625
  vertex -2.75 103 205.25
  vertex -2.38157 103 206.625
 endloop
endfacet
facet normal 0 1 0
 outer loop
  vertex 1.375 103 207.632
  vertex -2.38157 103 206.625
  vertex -1.375 103 207.632
 endloop
endfacet
facet normal 0 1 0
 outer loop
  vertex -5.51744E-14 103 208
  vertex 1.375 103 207.632
  vertex -1.375 103 207.632
 endloop
endfacet
facet normal 0 1 0
 outer loop
  vertex 1.375 103 207.632
  vertex 2.38157 103 206.625
  vertex -2.38157 103 206.625
 endloop
endfacet
facet normal 0 1 0
 outer loop
  vertex 2.38157 103 206.625
  vertex 2.75 103 205.25
  vertex -2.75 103 205.25
 endloop
endfacet
facet normal 0 1 0
 outer loop
  vertex 2.75 103 205.25
  vertex 2.38157 103 203.875
  vertex -2.38157 103 203.875
 endloop
endfacet
facet normal 0 1 0
 outer loop
  vertex -62.1316 103 263.625
  vertex -62.1316 103 266.375
  vertex -61.125 103 262.618
 endloop
endfacet
facet normal 0 1 0
 outer loop
  vertex -62.1316 103 263.625
  vertex -62.5 103 265
  vertex -62.1316 103 266.375
 endloop
endfacet
facet normal 0 1 0
 outer loop
  vertex -62.1316 103 266.375
  vertex -61.125 103 267.382
  vertex -61.125 103 262.618
 endloop
endfacet
facet normal 0 1 0
 outer loop
  vertex -61.125 103 262.618
  vertex -61.125 103 267.382
  vertex -59.75 103 262.25
 endloop
endfacet
facet normal 0 1 0
 outer loop
  vertex -59.75 103 262.25
  vertex -61.125 103 267.382
  vertex -59.75 103 267.75
 endloop
endfacet
facet normal 0 1 0
 outer loop
  vertex -58.375 103 262.618
  vertex -59.75 103 267.75
  vertex -58.375 103 267.382
 endloop
endfacet
facet normal 0 1 0
 outer loop
  vertex -57.3684 103 263.625
  vertex -58.375 103 267.382
  vertex -57.3684 103 266.375
 endloop
endfacet
facet normal 0 1 0
 outer loop
  vertex -57 103 265
  vertex -57.3684 103 263.625
  vertex -57.3684 103 266.375
 endloop
endfacet
facet normal 0 1 0
 outer loop
  vertex -57.3684 103 263.625
  vertex -58.375 103 262.618
  vertex -58.375 103 267.382
 endloop
endfacet
facet normal 0 1 0
 outer loop
  vertex -58.375 103 262.618
  vertex -59.75 103 262.25
  vertex -59.75 103 267.75
 endloop
endfacet
facet normal 0.117544 0.50716 -0.853798
 outer loop
  vertex -2.01799E-13 111.97 269.66
  vertex -2.01764E-13 111 269.1
  vertex -1.8708 111.97 269.268
 endloop
endfacet
facet normal 0.265224 0.509611 -0.818506
 outer loop
  vertex -1.8708 111.97 269.268
  vertex -2.01764E-13 111 269.1
  vertex -2.05 111 268.551
 endloop
endfacet
facet normal 0.59134 0.508929 -0.625547
 outer loop
  vertex -3.01286 111.97 268.555
  vertex -2.05 111 268.551
  vertex -3.5507 111 267.05
 endloop
endfacet
facet normal 0.811327 0.510723 -0.284449
 outer loop
  vertex -4.12659 111.97 267.165
  vertex -3.5507 111 267.05
  vertex -4.1 111 265
 endloop
endfacet
facet normal 0.860714 0.504619 0.0673122
 outer loop
  vertex -4.65141 111.97 265.287
  vertex -4.1 111 265
  vertex -4.45619 111.97 263.636
 endloop
endfacet
facet normal 0.846939 0.508722 -0.154585
 outer loop
  vertex -4.65141 111.97 265.287
  vertex -4.12659 111.97 267.165
  vertex -4.1 111 265
 endloop
endfacet
facet normal 0.828874 0.508693 0.232807
 outer loop
  vertex -4.1 111 265
  vertex -3.5507 111 262.95
  vertex -4.45619 111.97 263.636
 endloop
endfacet
facet normal 0.767872 0.503249 0.396375
 outer loop
  vertex -4.45619 111.97 263.636
  vertex -3.5507 111 262.95
  vertex -3.82413 111.97 262.337
 endloop
endfacet
facet normal 0.643806 0.50997 0.570478
 outer loop
  vertex -3.82413 111.97 262.337
  vertex -3.5507 111 262.95
  vertex -2.05 111 261.449
 endloop
endfacet
facet normal 0.33962 0.506345 0.792637
 outer loop
  vertex -2.41051 111.97 261.012
  vertex -2.05 111 261.449
  vertex -0.673347 111.97 260.389
 endloop
endfacet
facet normal 0.53874 0.507733 0.672284
 outer loop
  vertex -2.41051 111.97 261.012
  vertex -3.82413 111.97 262.337
  vertex -2.05 111 261.449
 endloop
endfacet
facet normal 0.189478 0.509219 0.83952
 outer loop
  vertex -2.05 111 261.449
  vertex -2.01228E-13 111 260.9
  vertex -0.673347 111.97 260.389
 endloop
endfacet
facet normal 0.0417829 0.500877 0.864509
 outer loop
  vertex -0.673347 111.97 260.389
  vertex -2.01228E-13 111 260.9
  vertex -2.01228E-13 111.97 260.34
 endloop
endfacet
facet normal 0.700018 0.505614 -0.504311
 outer loop
  vertex -4.12659 111.97 267.165
  vertex -3.01286 111.97 268.555
  vertex -3.5507 111 267.05
 endloop
endfacet
facet normal 0.449248 0.502683 -0.73857
 outer loop
  vertex -3.01286 111.97 268.555
  vertex -1.8708 111.97 269.268
  vertex -2.05 111 268.551
 endloop
endfacet
facet normal -0.997859 -0.00461846 -0.0652458
 outer loop
  vertex -63.4725 -69.9996 263.134
  vertex -63.5002 -70 265
  vertex -62.5977 -63.5631 253.998
 endloop
endfacet
facet normal -0.981149 -0.00437692 -0.193201
 outer loop
  vertex -62.6179 -69.9998 254.452
  vertex -62.5977 -63.5631 253.998
  vertex -61.5238 -70 249.28
 endloop
endfacet
facet normal -0.992695 -0.00430688 -0.120578
 outer loop
  vertex -62.6179 -69.9998 254.452
  vertex -63.4725 -69.9996 263.134
  vertex -62.5977 -63.5631 253.998
 endloop
endfacet
facet normal -0.999997 -0.00238327 6.76036E-05
 outer loop
  vertex -63.5001 0.000112915 265
  vertex -63.4999 0.000139819 254.046
  vertex -63.5001 -6.49863 265
 endloop
endfacet
facet normal -0.999942 -0.00532397 -0.00934171
 outer loop
  vertex -63.5001 -6.49863 265
  vertex -63.4999 0.000139819 254.046
  vertex -63.3664 -18.3908 256.039
 endloop
endfacet
facet normal -0.9992 -0.00724162 -0.0393221
 outer loop
  vertex -63.4998 -23.7012 265
  vertex -63.3664 -18.3908 256.039
  vertex -63.0546 -41.0433 254.959
 endloop
endfacet
facet normal -0.995997 -0.0158577 -0.0879667
 outer loop
  vertex -63.5003 -47.4034 265
  vertex -63.0546 -41.0433 254.959
  vertex -62.1655 -48.5074 249.441
 endloop
endfacet
facet normal -0.97798 -0.0370556 -0.205382
 outer loop
  vertex -62.5977 -63.5631 253.998
  vertex -62.1655 -48.5074 249.441
  vertex -60.6715 -55.4186 244.421
 endloop
endfacet
facet normal -0.92801 -0.106553 -0.356993
 outer loop
  vertex -58.6306 -61.8299 239.85
  vertex -60.6715 -55.4186 244.421
  vertex -55.8901 -52.9411 230.942
 endloop
endfacet
facet normal -0.860806 -0.164971 -0.481454
 outer loop
  vertex -54.3936 -63.0421 231.504
  vertex -55.8901 -52.9411 230.942
  vertex -52.6901 -58.2932 227.324
 endloop
endfacet
facet normal -0.782421 -0.218091 -0.583313
 outer loop
  vertex -49.1582 -63.3417 223.98
  vertex -52.6901 -58.2932 227.324
  vertex -47.3031 -58.4542 219.924
 endloop
endfacet
facet normal -0.685846 -0.32835 -0.649462
 outer loop
  vertex -43.0475 -62.8413 217.175
  vertex -47.3031 -58.4542 219.924
  vertex -41.2823 -58.036 213.045
 endloop
endfacet
facet normal -0.612035 -0.462265 -0.641658
 outer loop
  vertex -36.2685 -61.7301 210.919
  vertex -41.2823 -58.036 213.045
  vertex -40.7302 -55.9353 210.709
 endloop
endfacet
facet normal -0.601709 -0.571168 -0.558314
 outer loop
  vertex -35.5022 -59.4337 208.759
  vertex -40.7302 -55.9353 210.709
  vertex -40.4166 -54.0527 208.177
 endloop
endfacet
facet normal -0.574578 -0.700203 -0.423764
 outer loop
  vertex -35.0721 -57.4446 206.322
  vertex -40.4166 -54.0527 208.177
  vertex -35.1847 -54.3555 200.649
 endloop
endfacet
facet normal -0.498824 -0.845816 -0.189132
 outer loop
  vertex -29.4277 -57.3704 199.134
  vertex -35.1847 -54.3555 200.649
  vertex -30.8995 -55.5236 192.343
 endloop
endfacet
facet normal -0.426344 -0.90439 -0.0175876
 outer loop
  vertex -24.9773 -58.3874 190.964
  vertex -30.8995 -55.5236 192.343
  vertex -25.2777 -58.2522 190
 endloop
endfacet
facet normal -0.361575 -0.932337 -0.00328123
 outer loop
  vertex -18.5147 -60.741 190
  vertex -24.9773 -58.3874 190.964
  vertex -25.2777 -58.2522 190
 endloop
endfacet
facet normal -0.325894 -0.945399 -0.00375434
 outer loop
  vertex -18.5147 -60.741 190
  vertex -18.501 -60.7449 190.04
  vertex -24.9773 -58.3874 190.964
 endloop
endfacet
facet normal -0.289177 -0.957274 0.00166483
 outer loop
  vertex -18.5147 -60.741 190
  vertex -18.079 -60.8721 190
  vertex -18.501 -60.7449 190.04
 endloop
endfacet
facet normal -0.276522 -0.957708 -0.079573
 outer loop
  vertex -18.501 -60.7449 190.04
  vertex -18.079 -60.8721 190
  vertex -16.3982 -62.015 197.35
 endloop
endfacet
facet normal -0.322802 -0.89171 -0.317258
 outer loop
  vertex -23.1939 -59.9495 198.011
  vertex -16.3982 -62.015 197.35
  vertex -22.9017 -61.2784 201.042
 endloop
endfacet
facet normal -0.420099 -0.780433 -0.463078
 outer loop
  vertex -29.1668 -58.7279 202.139
  vertex -22.9017 -61.2784 201.042
  vertex -29.1915 -59.5485 203.514
 endloop
endfacet
facet normal -0.483682 -0.68542 -0.544289
 outer loop
  vertex -35.0721 -57.4446 206.322
  vertex -29.1915 -59.5485 203.514
  vertex -29.3301 -60.4732 204.795
 endloop
endfacet
facet normal -0.435939 -0.540728 -0.719424
 outer loop
  vertex -29.9672 -62.6515 207.061
  vertex -29.3301 -60.4732 204.795
  vertex -23.6254 -64.3339 204.632
 endloop
endfacet
facet normal -0.365573 -0.349564 -0.862648
 outer loop
  vertex -24.2111 -65.6672 205.546
  vertex -23.6254 -64.3339 204.632
  vertex -21.282 -67.1284 204.83
 endloop
endfacet
facet normal -0.336703 -0.117772 -0.934217
 outer loop
  vertex -24.1612 -69.9999 206.276
  vertex -21.282 -67.1284 204.83
  vertex -18.3456 -68.5828 204.12
 endloop
endfacet
facet normal -0.279069 -0.0429805 -0.959309
 outer loop
  vertex -19.221 -70.0001 204.479
  vertex -18.3456 -68.5828 204.12
  vertex -15.5138 -69.9998 203.424
 endloop
endfacet
facet normal -0.324733 -0.0418341 -0.94488
 outer loop
  vertex -19.221 -70.0001 204.479
  vertex -24.1612 -69.9999 206.276
  vertex -18.3456 -68.5828 204.12
 endloop
endfacet
facet normal -0.999948 -0.00293521 -0.00981083
 outer loop
  vertex -63.4998 -23.7012 265
  vertex -63.5001 -6.49863 265
  vertex -63.3664 -18.3908 256.039
 endloop
endfacet
facet normal -0.999685 -0.0170394 -0.0184369
 outer loop
  vertex -63.3664 -18.3908 256.039
  vertex -63.4999 0.000139819 254.046
  vertex -63.1754 -11.8322 245.035
 endloop
endfacet
facet normal -0.993144 -0.0720709 -0.0920322
 outer loop
  vertex -62.0945 -33.7818 244.587
  vertex -63.1754 -11.8322 245.035
  vertex -61.3636 -26.7297 234.027
 endloop
endfacet
facet normal -0.975275 -0.13813 -0.172508
 outer loop
  vertex -60.6542 -40.7421 239.522
  vertex -61.3636 -26.7297 234.027
  vertex -59.5797 -33.376 229.244
 endloop
endfacet
facet normal -0.945191 -0.202629 -0.256037
 outer loop
  vertex -58.5752 -47.1186 234.983
  vertex -59.5797 -33.376 229.244
  vertex -57.1229 -39.4072 225.016
 endloop
endfacet
facet normal -0.907135 -0.326456 -0.265579
 outer loop
  vertex -53.9958 -44.8258 221.338
  vertex -57.1229 -39.4072 225.016
  vertex -56.822 -32.7482 214.102
 endloop
endfacet
facet normal -0.839884 -0.509495 -0.187109
 outer loop
  vertex -49.7358 -42.8249 207.431
  vertex -56.822 -32.7482 214.102
  vertex -50.2498 -40.1027 201.427
 endloop
endfacet
facet normal -0.745705 -0.640809 -0.182449
 outer loop
  vertex -45.3576 -47.1 204.782
  vertex -50.2498 -40.1027 201.427
  vertex -46.0416 -44.5332 198.639
 endloop
endfacet
facet normal -0.670302 -0.72167 -0.172882
 outer loop
  vertex -40.4963 -50.9335 202.53
  vertex -46.0416 -44.5332 198.639
  vertex -41.4037 -48.5709 196.203
 endloop
endfacet
facet normal -0.60415 -0.794501 -0.0614097
 outer loop
  vertex -36.3594 -52.2372 194.102
  vertex -41.4037 -48.5709 196.203
  vertex -37.394 -51.3227 190
 endloop
endfacet
facet normal -0.553043 -0.83281 -0.023906
 outer loop
  vertex -31.5622 -55.1009 190
  vertex -36.3594 -52.2372 194.102
  vertex -37.394 -51.3227 190
 endloop
endfacet
facet normal -0.518457 -0.854263 -0.0379142
 outer loop
  vertex -31.5622 -55.1009 190
  vertex -30.8995 -55.5236 192.343
  vertex -36.3594 -52.2372 194.102
 endloop
endfacet
facet normal -0.460927 -0.887359 -0.0118057
 outer loop
  vertex -31.5622 -55.1009 190
  vertex -25.2777 -58.2522 190
  vertex -30.8995 -55.5236 192.343
 endloop
endfacet
facet normal -0.995929 -0.0873294 -0.0223427
 outer loop
  vertex -63.4999 9.95091E-05 222.999
  vertex -61.298 -20.2857 222.919
  vertex -63.5 9.09855E-05 223.562
 endloop
endfacet
facet normal -0.995921 -0.087416 -0.0223417
 outer loop
  vertex -63.4999 9.95091E-05 222.999
  vertex -63.4999 0.000116987 221.963
  vertex -61.298 -20.2857 222.919
 endloop
endfacet
facet normal -0.990487 -0.134812 -0.0275798
 outer loop
  vertex -61.298 -20.2857 222.919
  vertex -63.4999 0.000116987 221.963
  vertex -61.9189 -14.4692 211.247
 endloop
endfacet
facet normal -0.978931 -0.203614 -0.0153471
 outer loop
  vertex -60.175 -21.152 206.432
  vertex -61.9189 -14.4692 211.247
  vertex -62.8374 -8.92473 199.33
 endloop
endfacet
facet normal -0.979132 -0.203222 0.00132671
 outer loop
  vertex -61.4703 -15.952 194.206
  vertex -62.8374 -8.92473 199.33
  vertex -61.9042 -14.147 190
 endloop
endfacet
facet normal -0.962148 -0.272527 -0.000660444
 outer loop
  vertex -59.6244 -21.8458 190
  vertex -61.4703 -15.952 194.206
  vertex -61.9042 -14.147 190
 endloop
endfacet
facet normal -0.948638 -0.316364 -0.000224362
 outer loop
  vertex -59.6244 -21.8458 190
  vertex -59.3794 -22.5027 190
  vertex -61.4703 -15.952 194.206
 endloop
endfacet
facet normal -0.942325 -0.334125 -0.0195876
 outer loop
  vertex -61.4703 -15.952 194.206
  vertex -59.3794 -22.5027 190
  vertex -57.752 -27.2142 202.176
 endloop
endfacet
facet normal -0.93258 -0.350416 -0.086616
 outer loop
  vertex -60.175 -21.152 206.432
  vertex -57.752 -27.2142 202.176
  vertex -56.822 -32.7482 214.102
 endloop
endfacet
facet normal -0.959522 -0.244354 -0.14003
 outer loop
  vertex -61.298 -20.2857 222.919
  vertex -56.822 -32.7482 214.102
  vertex -59.5797 -33.376 229.244
 endloop
endfacet
facet normal -0.978943 -0.162598 -0.12342
 outer loop
  vertex -61.3636 -26.7297 234.027
  vertex -61.298 -20.2857 222.919
  vertex -59.5797 -33.376 229.244
 endloop
endfacet
facet normal -0.99098 -0.117391 -0.0646417
 outer loop
  vertex -61.3636 -26.7297 234.027
  vertex -63.254 -5.52007 233.809
  vertex -61.298 -20.2857 222.919
 endloop
endfacet
facet normal -0.996181 -0.0705723 -0.0514183
 outer loop
  vertex -61.3636 -26.7297 234.027
  vertex -63.1754 -11.8322 245.035
  vertex -63.254 -5.52007 233.809
 endloop
endfacet
facet normal -0.999139 -0.0396049 -0.0123937
 outer loop
  vertex -63.254 -5.52007 233.809
  vertex -63.1754 -11.8322 245.035
  vertex -63.4999 0.000161587 238.034
 endloop
endfacet
facet normal -0.999103 -0.0422305 -0.00325665
 outer loop
  vertex -63.5 9.09855E-05 223.562
  vertex -63.254 -5.52007 233.809
  vertex -63.4999 0.000161587 238.034
 endloop
endfacet
facet normal -0.99553 -0.0909034 -0.025624
 outer loop
  vertex -63.5 9.09855E-05 223.562
  vertex -61.298 -20.2857 222.919
  vertex -63.254 -5.52007 233.809
 endloop
endfacet
facet normal -0.996286 -0.0859521 -0.00521878
 outer loop
  vertex -63.4999 0.000116987 221.963
  vertex -63.4995 0.000464542 205.981
  vertex -61.9189 -14.4692 211.247
 endloop
endfacet
facet normal -0.993117 -0.117084 -0.00302123
 outer loop
  vertex -61.9189 -14.4692 211.247
  vertex -63.4995 0.000464542 205.981
  vertex -62.8374 -8.92473 199.33
 endloop
endfacet
facet normal -0.998459 -0.0554472 0.00223444
 outer loop
  vertex -62.8374 -8.92473 199.33
  vertex -63.4995 0.000464542 205.981
  vertex -63.4999 0.000214612 190
 endloop
endfacet
facet normal -0.997656 -0.0683756 0.00283964
 outer loop
  vertex -63.3539 -4.30348 190
  vertex -62.8374 -8.92473 199.33
  vertex -63.4999 0.000214612 190
 endloop
endfacet
facet normal -0.989768 -0.142664 0.00261567
 outer loop
  vertex -63.3539 -4.30348 190
  vertex -61.9042 -14.147 190
  vertex -62.8374 -8.92473 199.33
 endloop
endfacet
facet normal -0.913157 -0.407176 -0.0187313
 outer loop
  vertex -59.3794 -22.5027 190
  vertex -56.0805 -29.7869 190
  vertex -57.752 -27.2142 202.176
 endloop
endfacet
facet normal -0.889676 -0.454802 -0.0403887
 outer loop
  vertex -57.752 -27.2142 202.176
  vertex -56.0805 -29.7869 190
  vertex -54.726 -32.7252 198.415
 endloop
endfacet
facet normal -0.864457 -0.486979 -0.124765
 outer loop
  vertex -56.822 -32.7482 214.102
  vertex -54.726 -32.7252 198.415
  vertex -50.2498 -40.1027 201.427
 endloop
endfacet
facet normal -0.902222 -0.420506 -0.0957636
 outer loop
  vertex -56.822 -32.7482 214.102
  vertex -57.752 -27.2142 202.176
  vertex -54.726 -32.7252 198.415
 endloop
endfacet
facet normal -0.858081 -0.51307 -0.0213816
 outer loop
  vertex -56.0805 -29.7869 190
  vertex -52.1618 -36.2133 190
  vertex -54.726 -32.7252 198.415
 endloop
endfacet
facet normal -0.832544 -0.552567 -0.0392461
 outer loop
  vertex -54.726 -32.7252 198.415
  vertex -52.1618 -36.2133 190
  vertex -51.2024 -37.7813 195.063
 endloop
endfacet
facet normal -0.777292 -0.619426 -0.11013
 outer loop
  vertex -50.2498 -40.1027 201.427
  vertex -51.2024 -37.7813 195.063
  vertex -46.0416 -44.5332 198.639
 endloop
endfacet
facet normal -0.824256 -0.559517 -0.0868517
 outer loop
  vertex -50.2498 -40.1027 201.427
  vertex -54.726 -32.7252 198.415
  vertex -51.2024 -37.7813 195.063
 endloop
endfacet
facet normal -0.794574 -0.606897 -0.0181291
 outer loop
  vertex -52.1618 -36.2133 190
  vertex -47.7114 -41.9035 190
  vertex -51.2024 -37.7813 195.063
 endloop
endfacet
facet normal -0.768605 -0.639157 -0.0269252
 outer loop
  vertex -51.2024 -37.7813 195.063
  vertex -47.7114 -41.9035 190
  vertex -47.2595 -42.4543 192.057
 endloop
endfacet
facet normal -0.7223 -0.689477 -0.0538927
 outer loop
  vertex -46.0416 -44.5332 198.639
  vertex -47.2595 -42.4543 192.057
  vertex -44.0458 -45.7414 190
 endloop
endfacet
facet normal -0.673353 -0.738397 -0.0369569
 outer loop
  vertex -41.4037 -48.5709 196.203
  vertex -44.0458 -45.7414 190
  vertex -42.78 -46.9277 190
 endloop
endfacet
facet normal -0.63892 -0.768412 -0.0363969
 outer loop
  vertex -37.394 -51.3227 190
  vertex -41.4037 -48.5709 196.203
  vertex -42.78 -46.9277 190
 endloop
endfacet
facet normal -0.730316 -0.683044 -0.00948491
 outer loop
  vertex -47.7114 -41.9035 190
  vertex -44.0458 -45.7414 190
  vertex -47.2595 -42.4543 192.057
 endloop
endfacet
facet normal -0.238291 -0.96794 -0.0794375
 outer loop
  vertex -18.079 -60.8721 190
  vertex -11.2247 -62.5002 190
  vertex -16.3982 -62.015 197.35
 endloop
endfacet
facet normal -0.186981 -0.968884 -0.162177
 outer loop
  vertex -16.3982 -62.015 197.35
  vertex -11.2247 -62.5002 190
  vertex -8.93762 -63.4728 197.236
 endloop
endfacet
facet normal -0.16559 -0.922665 -0.348238
 outer loop
  vertex -16.1642 -62.5991 198.938
  vertex -8.93762 -63.4728 197.236
  vertex -8.70644 -64.0595 198.821
 endloop
endfacet
facet normal -0.160173 -0.86769 -0.470594
 outer loop
  vertex -16.1171 -62.955 199.674
  vertex -8.70644 -64.0595 198.821
  vertex -8.69623 -64.4492 199.527
 endloop
endfacet
facet normal -0.16018 -0.802976 -0.574083
 outer loop
  vertex -16.1226 -63.3591 200.367
  vertex -8.69623 -64.4492 199.527
  vertex -8.76769 -64.9135 200.166
 endloop
endfacet
facet normal -0.101186 -0.648907 -0.754109
 outer loop
  vertex -8.92681 -65.4579 200.733
  vertex -8.76769 -64.9135 200.166
  vertex -5.08666 -66.0864 200.766
 endloop
endfacet
facet normal -0.0584999 -0.420253 -0.905519
 outer loop
  vertex -5.44001 -66.8084 201.173
  vertex -5.08666 -66.0864 200.766
  vertex -3.32302 -67.1681 201.181
 endloop
endfacet
facet normal -0.056502 -0.261308 -0.9636
 outer loop
  vertex -3.32279 -69.3073 201.564
  vertex -5.44001 -66.8084 201.173
  vertex -3.32302 -67.1681 201.181
 endloop
endfacet
facet normal -0.0931051 -0.241654 -0.965886
 outer loop
  vertex -3.32279 -69.3073 201.564
  vertex -9.95039 -67.5905 201.984
  vertex -5.44001 -66.8084 201.173
 endloop
endfacet
facet normal -0.0862063 -0.110503 -0.99013
 outer loop
  vertex -3.32279 -69.3073 201.564
  vertex -3.32357 -70.0002 201.587
  vertex -9.95039 -67.5905 201.984
 endloop
endfacet
facet normal -0.126602 -0.108344 -0.986019
 outer loop
  vertex -9.95039 -67.5905 201.984
  vertex -3.32357 -70.0002 201.587
  vertex -11.0733 -69.4148 202.456
 endloop
endfacet
facet normal -0.203344 -0.206074 -0.957175
 outer loop
  vertex -13.3763 -66.5834 202.291
  vertex -11.0733 -69.4148 202.456
  vertex -14.2561 -68.1855 202.963
 endloop
endfacet
facet normal -0.255159 -0.320795 -0.912132
 outer loop
  vertex -16.734 -65.5139 202.655
  vertex -14.2561 -68.1855 202.963
  vertex -17.416 -66.9353 203.489
 endloop
endfacet
facet normal -0.305685 -0.421116 -0.853943
 outer loop
  vertex -20.0164 -64.3756 203.08
  vertex -17.416 -66.9353 203.489
  vertex -20.5449 -65.6567 204.041
 endloop
endfacet
facet normal -0.355118 -0.49907 -0.790456
 outer loop
  vertex -23.2134 -63.1593 203.576
  vertex -20.5449 -65.6567 204.041
  vertex -23.6254 -64.3339 204.632
 endloop
endfacet
facet normal -0.400046 -0.587922 -0.703072
 outer loop
  vertex -29.3301 -60.4732 204.795
  vertex -23.2134 -63.1593 203.576
  vertex -23.6254 -64.3339 204.632
 endloop
endfacet
facet normal -0.426127 -0.672475 -0.605139
 outer loop
  vertex -29.3301 -60.4732 204.795
  vertex -29.1915 -59.5485 203.514
  vertex -23.2134 -63.1593 203.576
 endloop
endfacet
facet normal -0.393285 -0.696008 -0.60075
 outer loop
  vertex -23.2134 -63.1593 203.576
  vertex -29.1915 -59.5485 203.514
  vertex -22.9744 -62.1428 202.377
 endloop
endfacet
facet normal -0.308712 -0.659217 -0.68566
 outer loop
  vertex -20.0164 -64.3756 203.08
  vertex -22.9744 -62.1428 202.377
  vertex -16.3057 -64.3245 201.612
 endloop
endfacet
facet normal -0.241789 -0.520832 -0.818702
 outer loop
  vertex -16.734 -65.5139 202.655
  vertex -16.3057 -64.3245 201.612
  vertex -13.3763 -66.5834 202.291
 endloop
endfacet
facet normal -0.232687 -0.352174 -0.906549
 outer loop
  vertex -14.2561 -68.1855 202.963
  vertex -16.734 -65.5139 202.655
  vertex -13.3763 -66.5834 202.291
 endloop
endfacet
facet normal -0.123021 -0.988933 -0.0829341
 outer loop
  vertex -11.2247 -62.5002 190
  vertex -3.68267 -63.3934 190
  vertex -8.93762 -63.4728 197.236
 endloop
endfacet
facet normal -0.0760658 -0.982133 -0.172129
 outer loop
  vertex -8.93762 -63.4728 197.236
  vertex -3.68267 -63.3934 190
  vertex -3.32323 -64.0466 197.545
 endloop
endfacet
facet normal -0.0644781 -0.941415 -0.33103
 outer loop
  vertex -8.70644 -64.0595 198.821
  vertex -3.32323 -64.0466 197.545
  vertex -3.32324 -64.1501 197.896
 endloop
endfacet
facet normal -0.0637468 -0.912577 -0.403904
 outer loop
  vertex -3.32325 -64.6495 199.087
  vertex -8.70644 -64.0595 198.821
  vertex -3.32324 -64.1501 197.896
 endloop
endfacet
facet normal -0.0904651 -0.872177 -0.480753
 outer loop
  vertex -3.32325 -64.6495 199.087
  vertex -8.69623 -64.4492 199.527
  vertex -8.70644 -64.0595 198.821
 endloop
endfacet
facet normal -0.0619764 -0.846425 -0.528888
 outer loop
  vertex -3.32325 -64.6495 199.087
  vertex -3.32329 -64.9192 199.525
  vertex -8.69623 -64.4492 199.527
 endloop
endfacet
facet normal -0.0618084 -0.815632 -0.57526
 outer loop
  vertex -8.69623 -64.4492 199.527
  vertex -3.32329 -64.9192 199.525
  vertex -3.32332 -65.0891 199.754
 endloop
endfacet
facet normal -0.0412415 -0.70875 -0.704253
 outer loop
  vertex -4.84613 -65.4676 200.266
  vertex -3.32332 -65.0891 199.754
  vertex -3.3234 -65.6448 200.333
 endloop
endfacet
facet normal -0.042318 -0.620685 -0.782917
 outer loop
  vertex -3.32336 -66.1923 200.731
  vertex -4.84613 -65.4676 200.266
  vertex -3.3234 -65.6448 200.333
 endloop
endfacet
facet normal -0.050768 -0.583739 -0.810353
 outer loop
  vertex -3.32336 -66.1923 200.731
  vertex -5.08666 -66.0864 200.766
  vertex -4.84613 -65.4676 200.266
 endloop
endfacet
facet normal -0.0452047 -0.51603 -0.855377
 outer loop
  vertex -3.32336 -66.1923 200.731
  vertex -3.32332 -66.3327 200.813
  vertex -5.08666 -66.0864 200.766
 endloop
endfacet
facet normal -0.047194 -0.452172 -0.890681
 outer loop
  vertex -5.08666 -66.0864 200.766
  vertex -3.32332 -66.3327 200.813
  vertex -3.32302 -67.1681 201.181
 endloop
endfacet
facet normal -0.0538355 -0.998538 -0.00479951
 outer loop
  vertex -3.32344 -63.4131 190
  vertex -3.32337 -63.4132 190.032
  vertex -3.68267 -63.3934 190
 endloop
endfacet
facet normal -0.0492184 -0.994564 -0.0917616
 outer loop
  vertex -3.68267 -63.3934 190
  vertex -3.32337 -63.4132 190.032
  vertex -3.32323 -64.0466 197.545
 endloop
endfacet
facet normal -0.135609 -0.0215473 -0.990528
 outer loop
  vertex -3.32357 -70.0002 201.587
  vertex -11.4601 -70 202.543
  vertex -11.0733 -69.4148 202.456
 endloop
endfacet
facet normal -0.193048 -0.0775565 -0.978119
 outer loop
  vertex -11.0733 -69.4148 202.456
  vertex -11.4601 -70 202.543
  vertex -14.2561 -68.1855 202.963
 endloop
endfacet
facet normal -0.216196 -0.0614922 -0.974412
 outer loop
  vertex -14.2561 -68.1855 202.963
  vertex -11.4601 -70 202.543
  vertex -15.389 -69.9998 203.393
 endloop
endfacet
facet normal -0.237047 -0.0618822 -0.969525
 outer loop
  vertex -15.4285 -69.9998 203.403
  vertex -14.2561 -68.1855 202.963
  vertex -15.389 -69.9998 203.393
 endloop
endfacet
facet normal -0.237702 -0.0618809 -0.969365
 outer loop
  vertex -15.4285 -69.9998 203.403
  vertex -15.5138 -69.9998 203.424
  vertex -14.2561 -68.1855 202.963
 endloop
endfacet
facet normal -0.248959 -0.158057 -0.95553
 outer loop
  vertex -14.2561 -68.1855 202.963
  vertex -15.5138 -69.9998 203.424
  vertex -17.416 -66.9353 203.489
 endloop
endfacet
facet normal -0.270839 -0.139391 -0.952479
 outer loop
  vertex -17.416 -66.9353 203.489
  vertex -15.5138 -69.9998 203.424
  vertex -18.3456 -68.5828 204.12
 endloop
endfacet
facet normal -0.318177 -0.250308 -0.91439
 outer loop
  vertex -20.5449 -65.6567 204.041
  vertex -18.3456 -68.5828 204.12
  vertex -21.282 -67.1284 204.83
 endloop
endfacet
facet normal -0.345786 -0.370971 -0.861866
 outer loop
  vertex -23.6254 -64.3339 204.632
  vertex -20.5449 -65.6567 204.041
  vertex -21.282 -67.1284 204.83
 endloop
endfacet
facet normal -0.402689 -0.0261756 -0.914962
 outer loop
  vertex -26.5998 -70 207.34
  vertex -25.88 -68.7885 206.964
  vertex -24.1612 -69.9999 206.276
 endloop
endfacet
facet normal -0.417337 -0.0256104 -0.908391
 outer loop
  vertex -26.5998 -70 207.34
  vertex -26.9614 -70 207.508
  vertex -25.88 -68.7885 206.964
 endloop
endfacet
facet normal -0.443635 -0.114134 -0.88891
 outer loop
  vertex -25.88 -68.7885 206.964
  vertex -26.9614 -70 207.508
  vertex -31.0816 -65.266 208.935
 endloop
endfacet
facet normal -0.507004 -0.42819 -0.748064
 outer loop
  vertex -29.9672 -62.6515 207.061
  vertex -31.0816 -65.266 208.935
  vertex -35.5022 -59.4337 208.759
 endloop
endfacet
facet normal -0.572847 -0.609944 -0.547554
 outer loop
  vertex -35.0721 -57.4446 206.322
  vertex -35.5022 -59.4337 208.759
  vertex -40.4166 -54.0527 208.177
 endloop
endfacet
facet normal -0.522945 -0.559625 -0.642922
 outer loop
  vertex -35.0721 -57.4446 206.322
  vertex -29.9672 -62.6515 207.061
  vertex -35.5022 -59.4337 208.759
 endloop
endfacet
facet normal -0.492621 -0.602158 -0.628276
 outer loop
  vertex -35.0721 -57.4446 206.322
  vertex -29.3301 -60.4732 204.795
  vertex -29.9672 -62.6515 207.061
 endloop
endfacet
facet normal -0.485223 -0.0887734 -0.869872
 outer loop
  vertex -26.9614 -70 207.508
  vertex -33.5999 -70.0001 211.117
  vertex -31.0816 -65.266 208.935
 endloop
endfacet
facet normal -0.532771 -0.0876349 -0.84171
 outer loop
  vertex -31.0816 -65.266 208.935
  vertex -33.5999 -70.0001 211.117
  vertex -36.0132 -70 212.7
 endloop
endfacet
facet normal -0.588064 -0.167438 -0.791293
 outer loop
  vertex -36.2685 -61.7301 210.919
  vertex -36.0132 -70 212.7
  vertex -38.719 -67.1618 214.485
 endloop
endfacet
facet normal -0.663619 -0.114581 -0.739243
 outer loop
  vertex -43.0475 -62.8413 217.175
  vertex -38.719 -67.1618 214.485
  vertex -44.3809 -70 219.584
 endloop
endfacet
facet normal -0.715677 -0.0150137 -0.69827
 outer loop
  vertex -45.5476 -68.3184 220.7
  vertex -44.3809 -70 219.584
  vertex -46.3791 -69.9999 221.627
 endloop
endfacet
facet normal -0.727396 -0.0151803 -0.68605
 outer loop
  vertex -46.6294 -69.9999 221.896
  vertex -45.5476 -68.3184 220.7
  vertex -46.3791 -69.9999 221.627
 endloop
endfacet
facet normal -0.742987 -0.0670993 -0.665934
 outer loop
  vertex -46.6294 -69.9999 221.896
  vertex -49.1582 -63.3417 223.98
  vertex -45.5476 -68.3184 220.7
 endloop
endfacet
facet normal -0.770652 -0.0515046 -0.635172
 outer loop
  vertex -46.6294 -69.9999 221.896
  vertex -50.6813 -69.9999 226.742
  vertex -49.1582 -63.3417 223.98
 endloop
endfacet
facet normal -0.794981 -0.0610247 -0.603557
 outer loop
  vertex -49.1582 -63.3417 223.98
  vertex -50.6813 -69.9999 226.742
  vertex -51.4168 -68.598 227.703
 endloop
endfacet
facet normal -0.840675 -0.0442838 -0.539726
 outer loop
  vertex -54.3936 -63.0421 231.504
  vertex -51.4168 -68.598 227.703
  vertex -54.034 -69.9999 231.645
 endloop
endfacet
facet normal -0.870771 -0.00784938 -0.491626
 outer loop
  vertex -56.2783 -67.9567 235.535
  vertex -54.034 -69.9999 231.645
  vertex -55.4743 -70 234.099
 endloop
endfacet
facet normal -0.886576 -0.00753023 -0.462521
 outer loop
  vertex -57.0783 -70.0001 237.172
  vertex -56.2783 -67.9567 235.535
  vertex -55.4743 -70 234.099
 endloop
endfacet
facet normal -0.904296 -0.0306755 -0.425802
 outer loop
  vertex -57.0783 -70.0001 237.172
  vertex -58.6306 -61.8299 239.85
  vertex -56.2783 -67.9567 235.535
 endloop
endfacet
facet normal -0.920934 -0.0215606 -0.389123
 outer loop
  vertex -57.0783 -70.0001 237.172
  vertex -59.4304 -70 242.633
  vertex -58.6306 -61.8299 239.85
 endloop
endfacet
facet normal -0.945193 -0.0218513 -0.32578
 outer loop
  vertex -58.6306 -61.8299 239.85
  vertex -59.4304 -70 242.633
  vertex -61.5238 -70 249.28
 endloop
endfacet
facet normal -0.964128 -0.0275542 -0.264003
 outer loop
  vertex -62.5977 -63.5631 253.998
  vertex -58.6306 -61.8299 239.85
  vertex -61.5238 -70 249.28
 endloop
endfacet
facet normal -0.960693 -0.0483426 -0.273372
 outer loop
  vertex -62.5977 -63.5631 253.998
  vertex -60.6715 -55.4186 244.421
  vertex -58.6306 -61.8299 239.85
 endloop
endfacet
facet normal -0.589574 -0.0343761 -0.806983
 outer loop
  vertex -36.0132 -70 212.7
  vertex -37.4921 -70 213.75
  vertex -38.719 -67.1618 214.485
 endloop
endfacet
facet normal -0.611622 -0.0344388 -0.7904
 outer loop
  vertex -38.719 -67.1618 214.485
  vertex -37.4921 -70 213.75
  vertex -40.2056 -70 215.849
 endloop
endfacet
facet normal -0.648473 -0.0348136 -0.760441
 outer loop
  vertex -44.3809 -70 219.584
  vertex -38.719 -67.1618 214.485
  vertex -40.2056 -70 215.849
 endloop
endfacet
facet normal -0.809303 -0.00921663 -0.587319
 outer loop
  vertex -50.6813 -69.9999 226.742
  vertex -52.0489 -69.9999 228.624
  vertex -51.4168 -68.598 227.703
 endloop
endfacet
facet normal -0.827236 -0.00899079 -0.561783
 outer loop
  vertex -51.4168 -68.598 227.703
  vertex -52.0489 -69.9999 228.624
  vertex -54.034 -69.9999 231.645
 endloop
endfacet
facet normal -0.690463 -0.687079 -0.226236
 outer loop
  vertex -46.0416 -44.5332 198.639
  vertex -40.4963 -50.9335 202.53
  vertex -45.3576 -47.1 204.782
 endloop
endfacet
facet normal -0.658179 -0.672262 -0.338916
 outer loop
  vertex -45.3576 -47.1 204.782
  vertex -40.4963 -50.9335 202.53
  vertex -40.4166 -54.0527 208.177
 endloop
endfacet
facet normal -0.714625 -0.528614 -0.458125
 outer loop
  vertex -49.7302 -46.0118 213.016
  vertex -40.4166 -54.0527 208.177
  vertex -45.9845 -54.057 215.428
 endloop
endfacet
facet normal -0.775776 -0.386463 -0.498817
 outer loop
  vertex -50.2558 -49.6842 218.165
  vertex -45.9845 -54.057 215.428
  vertex -51.2748 -53.8075 222.907
 endloop
endfacet
facet normal -0.859209 -0.279492 -0.428537
 outer loop
  vertex -53.9958 -44.8258 221.338
  vertex -51.2748 -53.8075 222.907
  vertex -55.8901 -52.9411 230.942
 endloop
endfacet
facet normal -0.932523 -0.133915 -0.335361
 outer loop
  vertex -58.5752 -47.1186 234.983
  vertex -55.8901 -52.9411 230.942
  vertex -60.6715 -55.4186 244.421
 endloop
endfacet
facet normal -0.963619 -0.0820979 -0.254358
 outer loop
  vertex -62.1655 -48.5074 249.441
  vertex -58.5752 -47.1186 234.983
  vertex -60.6715 -55.4186 244.421
 endloop
endfacet
facet normal -0.96759 -0.095738 -0.233675
 outer loop
  vertex -62.1655 -48.5074 249.441
  vertex -60.6542 -40.7421 239.522
  vertex -58.5752 -47.1186 234.983
 endloop
endfacet
facet normal -0.982718 -0.0650336 -0.17331
 outer loop
  vertex -62.1655 -48.5074 249.441
  vertex -62.0945 -33.7818 244.587
  vertex -60.6542 -40.7421 239.522
 endloop
endfacet
facet normal -0.990695 -0.0353144 -0.13144
 outer loop
  vertex -62.1655 -48.5074 249.441
  vertex -63.0546 -41.0433 254.959
  vertex -62.0945 -33.7818 244.587
 endloop
endfacet
facet normal -0.996213 -0.0267205 -0.0827335
 outer loop
  vertex -62.0945 -33.7818 244.587
  vertex -63.0546 -41.0433 254.959
  vertex -63.3664 -18.3908 256.039
 endloop
endfacet
facet normal -0.997471 -0.034149 -0.062333
 outer loop
  vertex -63.1754 -11.8322 245.035
  vertex -62.0945 -33.7818 244.587
  vertex -63.3664 -18.3908 256.039
 endloop
endfacet
facet normal -0.769523 -0.453169 -0.449968
 outer loop
  vertex -45.9845 -54.057 215.428
  vertex -50.2558 -49.6842 218.165
  vertex -49.7302 -46.0118 213.016
 endloop
endfacet
facet normal -0.820061 -0.418684 -0.390132
 outer loop
  vertex -49.7302 -46.0118 213.016
  vertex -50.2558 -49.6842 218.165
  vertex -53.9958 -44.8258 221.338
 endloop
endfacet
facet normal -0.865743 -0.427507 -0.260242
 outer loop
  vertex -49.7358 -42.8249 207.431
  vertex -53.9958 -44.8258 221.338
  vertex -56.822 -32.7482 214.102
 endloop
endfacet
facet normal -0.820033 -0.471668 -0.324152
 outer loop
  vertex -49.7358 -42.8249 207.431
  vertex -49.7302 -46.0118 213.016
  vertex -53.9958 -44.8258 221.338
 endloop
endfacet
facet normal -0.765403 -0.572916 -0.293131
 outer loop
  vertex -49.7358 -42.8249 207.431
  vertex -45.3576 -47.1 204.782
  vertex -49.7302 -46.0118 213.016
 endloop
endfacet
facet normal -0.766936 -0.602476 -0.220978
 outer loop
  vertex -49.7358 -42.8249 207.431
  vertex -50.2498 -40.1027 201.427
  vertex -45.3576 -47.1 204.782
 endloop
endfacet
facet normal -0.39432 -0.138167 -0.908527
 outer loop
  vertex -24.1612 -69.9999 206.276
  vertex -25.88 -68.7885 206.964
  vertex -24.2111 -65.6672 205.546
 endloop
endfacet
facet normal -0.369819 -0.191187 -0.90922
 outer loop
  vertex -21.282 -67.1284 204.83
  vertex -24.1612 -69.9999 206.276
  vertex -24.2111 -65.6672 205.546
 endloop
endfacet
facet normal -0.760494 -0.645411 -0.071366
 outer loop
  vertex -51.2024 -37.7813 195.063
  vertex -47.2595 -42.4543 192.057
  vertex -46.0416 -44.5332 198.639
 endloop
endfacet
facet normal -0.390463 -0.840084 -0.37656
 outer loop
  vertex -22.9017 -61.2784 201.042
  vertex -29.1668 -58.7279 202.139
  vertex -23.1939 -59.9495 198.011
 endloop
endfacet
facet normal -0.424106 -0.851724 -0.307735
 outer loop
  vertex -23.1939 -59.9495 198.011
  vertex -29.1668 -58.7279 202.139
  vertex -29.4277 -57.3704 199.134
 endloop
endfacet
facet normal -0.448224 -0.88781 -0.104347
 outer loop
  vertex -24.9773 -58.3874 190.964
  vertex -29.4277 -57.3704 199.134
  vertex -30.8995 -55.5236 192.343
 endloop
endfacet
facet normal -0.405734 -0.897521 -0.172733
 outer loop
  vertex -24.9773 -58.3874 190.964
  vertex -23.1939 -59.9495 198.011
  vertex -29.4277 -57.3704 199.134
 endloop
endfacet
facet normal -0.350444 -0.932579 -0.08652
 outer loop
  vertex -24.9773 -58.3874 190.964
  vertex -18.501 -60.7449 190.04
  vertex -23.1939 -59.9495 198.011
 endloop
endfacet
facet normal -0.301691 -0.939461 -0.162467
 outer loop
  vertex -23.1939 -59.9495 198.011
  vertex -18.501 -60.7449 190.04
  vertex -16.3982 -62.015 197.35
 endloop
endfacet
facet normal -0.283666 -0.889002 -0.359456
 outer loop
  vertex -22.9017 -61.2784 201.042
  vertex -16.3982 -62.015 197.35
  vertex -16.1642 -62.5991 198.938
 endloop
endfacet
facet normal -0.202271 -0.886713 -0.415723
 outer loop
  vertex -16.1171 -62.955 199.674
  vertex -16.1642 -62.5991 198.938
  vertex -8.70644 -64.0595 198.821
 endloop
endfacet
facet normal -0.2808 -0.859186 -0.427728
 outer loop
  vertex -16.1171 -62.955 199.674
  vertex -22.9017 -61.2784 201.042
  vertex -16.1642 -62.5991 198.938
 endloop
endfacet
facet normal -0.280942 -0.830457 -0.481053
 outer loop
  vertex -16.1171 -62.955 199.674
  vertex -16.1226 -63.3591 200.367
  vertex -22.9017 -61.2784 201.042
 endloop
endfacet
facet normal -0.201732 -0.838388 -0.506368
 outer loop
  vertex -16.1171 -62.955 199.674
  vertex -8.69623 -64.4492 199.527
  vertex -16.1226 -63.3591 200.367
 endloop
endfacet
facet normal -0.0964908 -0.945156 -0.31204
 outer loop
  vertex -8.93762 -63.4728 197.236
  vertex -3.32323 -64.0466 197.545
  vertex -8.70644 -64.0595 198.821
 endloop
endfacet
facet normal -0.603402 -0.721901 -0.338769
 outer loop
  vertex -40.4166 -54.0527 208.177
  vertex -40.4963 -50.9335 202.53
  vertex -35.1847 -54.3555 200.649
 endloop
endfacet
facet normal -0.584653 -0.784551 -0.206545
 outer loop
  vertex -35.1847 -54.3555 200.649
  vertex -40.4963 -50.9335 202.53
  vertex -36.3594 -52.2372 194.102
 endloop
endfacet
facet normal -0.536893 -0.83378 -0.128676
 outer loop
  vertex -30.8995 -55.5236 192.343
  vertex -35.1847 -54.3555 200.649
  vertex -36.3594 -52.2372 194.102
 endloop
endfacet
facet normal -0.619429 -0.769889 -0.153555
 outer loop
  vertex -40.4963 -50.9335 202.53
  vertex -41.4037 -48.5709 196.203
  vertex -36.3594 -52.2372 194.102
 endloop
endfacet
facet normal -0.519697 -0.77798 -0.353075
 outer loop
  vertex -35.1847 -54.3555 200.649
  vertex -29.4277 -57.3704 199.134
  vertex -35.0721 -57.4446 206.322
 endloop
endfacet
facet normal -0.487258 -0.774486 -0.403424
 outer loop
  vertex -35.0721 -57.4446 206.322
  vertex -29.4277 -57.3704 199.134
  vertex -29.1668 -58.7279 202.139
 endloop
endfacet
facet normal -0.482624 -0.729172 -0.485163
 outer loop
  vertex -29.1915 -59.5485 203.514
  vertex -35.0721 -57.4446 206.322
  vertex -29.1668 -58.7279 202.139
 endloop
endfacet
facet normal -0.690993 -0.718252 -0.0815038
 outer loop
  vertex -41.4037 -48.5709 196.203
  vertex -46.0416 -44.5332 198.639
  vertex -44.0458 -45.7414 190
 endloop
endfacet
facet normal -0.582466 -0.492597 -0.646593
 outer loop
  vertex -40.7302 -55.9353 210.709
  vertex -35.5022 -59.4337 208.759
  vertex -36.2685 -61.7301 210.919
 endloop
endfacet
facet normal -0.538239 -0.400481 -0.741562
 outer loop
  vertex -36.2685 -61.7301 210.919
  vertex -35.5022 -59.4337 208.759
  vertex -31.0816 -65.266 208.935
 endloop
endfacet
facet normal -0.547785 -0.220802 -0.806956
 outer loop
  vertex -36.0132 -70 212.7
  vertex -36.2685 -61.7301 210.919
  vertex -31.0816 -65.266 208.935
 endloop
endfacet
facet normal -0.426786 -0.29789 -0.853882
 outer loop
  vertex -24.2111 -65.6672 205.546
  vertex -25.88 -68.7885 206.964
  vertex -29.9672 -62.6515 207.061
 endloop
endfacet
facet normal -0.409445 -0.429027 -0.805165
 outer loop
  vertex -23.6254 -64.3339 204.632
  vertex -24.2111 -65.6672 205.546
  vertex -29.9672 -62.6515 207.061
 endloop
endfacet
facet normal -0.284805 -0.452058 -0.845298
 outer loop
  vertex -17.416 -66.9353 203.489
  vertex -20.0164 -64.3756 203.08
  vertex -16.734 -65.5139 202.655
 endloop
endfacet
facet normal -0.275872 -0.577555 -0.768326
 outer loop
  vertex -16.734 -65.5139 202.655
  vertex -20.0164 -64.3756 203.08
  vertex -16.3057 -64.3245 201.612
 endloop
endfacet
facet normal -0.319604 -0.787762 -0.526577
 outer loop
  vertex -22.9017 -61.2784 201.042
  vertex -16.1226 -63.3591 200.367
  vertex -22.9744 -62.1428 202.377
 endloop
endfacet
facet normal -0.389141 -0.761338 -0.518588
 outer loop
  vertex -29.1915 -59.5485 203.514
  vertex -22.9017 -61.2784 201.042
  vertex -22.9744 -62.1428 202.377
 endloop
endfacet
facet normal -0.16304 -0.740924 -0.651498
 outer loop
  vertex -8.76769 -64.9135 200.166
  vertex -8.92681 -65.4579 200.733
  vertex -16.1226 -63.3591 200.367
 endloop
endfacet
facet normal -0.169114 -0.668234 -0.724475
 outer loop
  vertex -16.1226 -63.3591 200.367
  vertex -8.92681 -65.4579 200.733
  vertex -9.17679 -66.0854 201.225
 endloop
endfacet
facet normal -0.198383 -0.530766 -0.823973
 outer loop
  vertex -16.3057 -64.3245 201.612
  vertex -9.17679 -66.0854 201.225
  vertex -13.3763 -66.5834 202.291
 endloop
endfacet
facet normal -0.212113 -0.678165 -0.703634
 outer loop
  vertex -16.3057 -64.3245 201.612
  vertex -16.1226 -63.3591 200.367
  vertex -9.17679 -66.0854 201.225
 endloop
endfacet
facet normal -0.285387 -0.741557 -0.607164
 outer loop
  vertex -16.3057 -64.3245 201.612
  vertex -22.9744 -62.1428 202.377
  vertex -16.1226 -63.3591 200.367
 endloop
endfacet
facet normal -0.208406 -0.935182 -0.286358
 outer loop
  vertex -16.1642 -62.5991 198.938
  vertex -16.3982 -62.015 197.35
  vertex -8.93762 -63.4728 197.236
 endloop
endfacet
facet normal -0.0780071 -0.663282 -0.744293
 outer loop
  vertex -5.08666 -66.0864 200.766
  vertex -8.76769 -64.9135 200.166
  vertex -4.84613 -65.4676 200.266
 endloop
endfacet
facet normal -0.0967927 -0.761696 -0.640664
 outer loop
  vertex -4.84613 -65.4676 200.266
  vertex -8.76769 -64.9135 200.166
  vertex -8.69623 -64.4492 199.527
 endloop
endfacet
facet normal -0.0687189 -0.772863 -0.630841
 outer loop
  vertex -3.32332 -65.0891 199.754
  vertex -4.84613 -65.4676 200.266
  vertex -8.69623 -64.4492 199.527
 endloop
endfacet
facet normal -0.164142 -0.390804 -0.905721
 outer loop
  vertex -13.3763 -66.5834 202.291
  vertex -9.17679 -66.0854 201.225
  vertex -9.95039 -67.5905 201.984
 endloop
endfacet
facet normal -0.17893 -0.236622 -0.954984
 outer loop
  vertex -11.0733 -69.4148 202.456
  vertex -13.3763 -66.5834 202.291
  vertex -9.95039 -67.5905 201.984
 endloop
endfacet
facet normal -0.085717 -0.528905 -0.844341
 outer loop
  vertex -5.08666 -66.0864 200.766
  vertex -5.44001 -66.8084 201.173
  vertex -8.92681 -65.4579 200.733
 endloop
endfacet
facet normal -0.109553 -0.520971 -0.846515
 outer loop
  vertex -8.92681 -65.4579 200.733
  vertex -5.44001 -66.8084 201.173
  vertex -9.17679 -66.0854 201.225
 endloop
endfacet
facet normal -0.118886 -0.393511 -0.911601
 outer loop
  vertex -9.17679 -66.0854 201.225
  vertex -5.44001 -66.8084 201.173
  vertex -9.95039 -67.5905 201.984
 endloop
endfacet
facet normal -0.346511 -0.639278 -0.686479
 outer loop
  vertex -22.9744 -62.1428 202.377
  vertex -20.0164 -64.3756 203.08
  vertex -23.2134 -63.1593 203.576
 endloop
endfacet
facet normal -0.335378 -0.528386 -0.779955
 outer loop
  vertex -23.2134 -63.1593 203.576
  vertex -20.0164 -64.3756 203.08
  vertex -20.5449 -65.6567 204.041
 endloop
endfacet
facet normal -0.712909 -0.597016 -0.367875
 outer loop
  vertex -40.4166 -54.0527 208.177
  vertex -49.7302 -46.0118 213.016
  vertex -45.3576 -47.1 204.782
 endloop
endfacet
facet normal -0.29734 -0.270524 -0.915645
 outer loop
  vertex -17.416 -66.9353 203.489
  vertex -18.3456 -68.5828 204.12
  vertex -20.5449 -65.6567 204.041
 endloop
endfacet
facet normal -0.462597 -0.274473 -0.843012
 outer loop
  vertex -25.88 -68.7885 206.964
  vertex -31.0816 -65.266 208.935
  vertex -29.9672 -62.6515 207.061
 endloop
endfacet
facet normal -0.658055 -0.541473 -0.523231
 outer loop
  vertex -40.4166 -54.0527 208.177
  vertex -40.7302 -55.9353 210.709
  vertex -45.9845 -54.057 215.428
 endloop
endfacet
facet normal -0.661623 -0.479955 -0.576106
 outer loop
  vertex -45.9845 -54.057 215.428
  vertex -40.7302 -55.9353 210.709
  vertex -41.2823 -58.036 213.045
 endloop
endfacet
facet normal -0.699606 -0.398347 -0.593187
 outer loop
  vertex -47.3031 -58.4542 219.924
  vertex -45.9845 -54.057 215.428
  vertex -41.2823 -58.036 213.045
 endloop
endfacet
facet normal -0.757069 -0.350105 -0.55161
 outer loop
  vertex -47.3031 -58.4542 219.924
  vertex -51.2748 -53.8075 222.907
  vertex -45.9845 -54.057 215.428
 endloop
endfacet
facet normal -0.794506 -0.267101 -0.54536
 outer loop
  vertex -47.3031 -58.4542 219.924
  vertex -52.6901 -58.2932 227.324
  vertex -51.2748 -53.8075 222.907
 endloop
endfacet
facet normal -0.845334 -0.230713 -0.481853
 outer loop
  vertex -51.2748 -53.8075 222.907
  vertex -52.6901 -58.2932 227.324
  vertex -55.8901 -52.9411 230.942
 endloop
endfacet
facet normal -0.619323 -0.246243 -0.745522
 outer loop
  vertex -38.719 -67.1618 214.485
  vertex -43.0475 -62.8413 217.175
  vertex -36.2685 -61.7301 210.919
 endloop
endfacet
facet normal -0.627363 -0.359193 -0.690938
 outer loop
  vertex -36.2685 -61.7301 210.919
  vertex -43.0475 -62.8413 217.175
  vertex -41.2823 -58.036 213.045
 endloop
endfacet
facet normal -0.956584 -0.277208 -0.0900169
 outer loop
  vertex -56.822 -32.7482 214.102
  vertex -61.298 -20.2857 222.919
  vertex -60.175 -21.152 206.432
 endloop
endfacet
facet normal -0.975494 -0.21638 -0.0398776
 outer loop
  vertex -60.175 -21.152 206.432
  vertex -61.298 -20.2857 222.919
  vertex -61.9189 -14.4692 211.247
 endloop
endfacet
facet normal -0.974249 -0.225217 -0.0108005
 outer loop
  vertex -62.8374 -8.92473 199.33
  vertex -61.4703 -15.952 194.206
  vertex -60.175 -21.152 206.432
 endloop
endfacet
facet normal -0.949566 -0.311915 -0.0321527
 outer loop
  vertex -60.175 -21.152 206.432
  vertex -61.4703 -15.952 194.206
  vertex -57.752 -27.2142 202.176
 endloop
endfacet
facet normal -0.938898 -0.274648 -0.207459
 outer loop
  vertex -57.1229 -39.4072 225.016
  vertex -59.5797 -33.376 229.244
  vertex -56.822 -32.7482 214.102
 endloop
endfacet
facet normal -0.902978 -0.228756 -0.363731
 outer loop
  vertex -55.8901 -52.9411 230.942
  vertex -58.5752 -47.1186 234.983
  vertex -53.9958 -44.8258 221.338
 endloop
endfacet
facet normal -0.914483 -0.254619 -0.314467
 outer loop
  vertex -53.9958 -44.8258 221.338
  vertex -58.5752 -47.1186 234.983
  vertex -57.1229 -39.4072 225.016
 endloop
endfacet
facet normal -0.866009 -0.0434629 -0.498136
 outer loop
  vertex -54.034 -69.9999 231.645
  vertex -56.2783 -67.9567 235.535
  vertex -54.3936 -63.0421 231.504
 endloop
endfacet
facet normal -0.891307 -0.0665023 -0.448496
 outer loop
  vertex -54.3936 -63.0421 231.504
  vertex -56.2783 -67.9567 235.535
  vertex -58.6306 -61.8299 239.85
 endloop
endfacet
facet normal -0.893062 -0.12125 -0.433288
 outer loop
  vertex -55.8901 -52.9411 230.942
  vertex -54.3936 -63.0421 231.504
  vertex -58.6306 -61.8299 239.85
 endloop
endfacet
facet normal -0.699507 -0.0942479 -0.708384
 outer loop
  vertex -44.3809 -70 219.584
  vertex -45.5476 -68.3184 220.7
  vertex -43.0475 -62.8413 217.175
 endloop
endfacet
facet normal -0.723133 -0.146285 -0.67504
 outer loop
  vertex -43.0475 -62.8413 217.175
  vertex -45.5476 -68.3184 220.7
  vertex -49.1582 -63.3417 223.98
 endloop
endfacet
facet normal -0.729341 -0.230304 -0.644222
 outer loop
  vertex -47.3031 -58.4542 219.924
  vertex -43.0475 -62.8413 217.175
  vertex -49.1582 -63.3417 223.98
 endloop
endfacet
facet normal -0.815115 -0.0963322 -0.571234
 outer loop
  vertex -51.4168 -68.598 227.703
  vertex -54.3936 -63.0421 231.504
  vertex -49.1582 -63.3417 223.98
 endloop
endfacet
facet normal -0.821583 -0.153437 -0.549053
 outer loop
  vertex -49.1582 -63.3417 223.98
  vertex -54.3936 -63.0421 231.504
  vertex -52.6901 -58.2932 227.324
 endloop
endfacet
facet normal -0.999533 -0.00430676 -0.0302379
 outer loop
  vertex -63.0546 -41.0433 254.959
  vertex -63.5003 -47.4034 265
  vertex -63.4998 -23.7012 265
 endloop
endfacet
facet normal -0.826533 -0.35214 -0.439135
 outer loop
  vertex -53.9958 -44.8258 221.338
  vertex -50.2558 -49.6842 218.165
  vertex -51.2748 -53.8075 222.907
 endloop
endfacet
facet normal -0.96014 -0.147412 -0.237489
 outer loop
  vertex -60.6542 -40.7421 239.522
  vertex -59.5797 -33.376 229.244
  vertex -58.5752 -47.1186 234.983
 endloop
endfacet
facet normal -0.983515 -0.094339 -0.154267
 outer loop
  vertex -62.0945 -33.7818 244.587
  vertex -61.3636 -26.7297 234.027
  vertex -60.6542 -40.7421 239.522
 endloop
endfacet
facet normal -0.999669 -0.0240405 -0.0091287
 outer loop
  vertex -63.1754 -11.8322 245.035
  vertex -63.4999 0.000139819 254.046
  vertex -63.4999 0.000161587 238.034
 endloop
endfacet
facet normal -0.998437 -0.00502498 -0.0556589
 outer loop
  vertex -63.5002 -70 265
  vertex -63.5003 -47.4034 265
  vertex -62.5977 -63.5631 253.998
 endloop
endfacet
facet normal -0.993369 -0.0166766 -0.11375
 outer loop
  vertex -62.5977 -63.5631 253.998
  vertex -63.5003 -47.4034 265
  vertex -62.1655 -48.5074 249.441
 endloop
endfacet
facet normal -0.999991 0.00114757 -0.00396235
 outer loop
  vertex -63.4999 0.000139819 254.046
  vertex -63.5001 0.000112915 265
  vertex -63.4342 18.4095 256.104
 endloop
endfacet
facet normal -0.998656 0.0351428 -0.0380963
 outer loop
  vertex -63.4981 12.1831 244.805
  vertex -63.4342 18.4095 256.104
  vertex -62.3285 33.8965 244.519
 endloop
endfacet
facet normal -0.985422 0.114751 -0.125605
 outer loop
  vertex -62.0301 27.3427 233.521
  vertex -62.3285 33.8965 244.519
  vertex -60.8875 40.8373 239.465
 endloop
endfacet
facet normal -0.960115 0.176147 -0.217143
 outer loop
  vertex -60.2024 33.9338 228.789
  vertex -60.8875 40.8373 239.465
  vertex -58.7628 47.16 234.979
 endloop
endfacet
facet normal -0.917711 0.232562 -0.322059
 outer loop
  vertex -57.6036 39.828 224.697
  vertex -58.7628 47.16 234.979
  vertex -56.0177 52.9219 231.009
 endloop
endfacet
facet normal -0.852889 0.306257 -0.422832
 outer loop
  vertex -54.309 45.0933 221.184
  vertex -56.0177 52.9219 231.009
  vertex -51.402 53.851 222.972
 endloop
endfacet
facet normal -0.767625 0.40621 -0.495726
 outer loop
  vertex -50.4333 49.8334 218.155
  vertex -51.402 53.851 222.972
  vertex -46.0902 54.1508 215.514
 endloop
endfacet
facet normal -0.702653 0.541792 -0.461238
 outer loop
  vertex -49.935 46.2409 212.946
  vertex -46.0902 54.1508 215.514
  vertex -40.4702 54.1721 208.311
 endloop
endfacet
facet normal -0.675102 0.652381 -0.344436
 outer loop
  vertex -49.9093 43.0755 207.345
  vertex -40.4702 54.1721 208.311
  vertex -40.4995 51.0566 202.664
 endloop
endfacet
facet normal -0.615657 0.771108 -0.162356
 outer loop
  vertex -41.3436 48.6775 196.339
  vertex -40.4995 51.0566 202.664
  vertex -36.2688 52.3336 194.307
 endloop
endfacet
facet normal -0.551809 0.833512 -0.0276464
 outer loop
  vertex -37.3249 51.3722 190
  vertex -36.2688 52.3336 194.307
  vertex -31.4993 55.1369 190
 endloop
endfacet
facet normal -0.60211 0.795536 -0.0677247
 outer loop
  vertex -37.3249 51.3722 190
  vertex -41.3436 48.6775 196.339
  vertex -36.2688 52.3336 194.307
 endloop
endfacet
facet normal -0.637145 0.769691 -0.0402766
 outer loop
  vertex -37.3249 51.3722 190
  vertex -42.7039 46.9965 190
  vertex -41.3436 48.6775 196.339
 endloop
endfacet
facet normal -0.67044 0.740842 -0.0407876
 outer loop
  vertex -41.3436 48.6775 196.339
  vertex -42.7039 46.9965 190
  vertex -43.7587 46.0159 190
 endloop
endfacet
facet normal -0.774379 0.632225 -0.0250855
 outer loop
  vertex -51.1612 37.9229 195.058
  vertex -43.7587 46.0159 190
  vertex -52.0717 36.3426 190
 endloop
endfacet
facet normal -0.854461 0.518284 -0.0357601
 outer loop
  vertex -54.7974 32.9665 198.287
  vertex -52.0717 36.3426 190
  vertex -55.9867 29.963 190
 endloop
endfacet
facet normal -0.909407 0.413998 -0.0397929
 outer loop
  vertex -58.0315 27.6465 201.85
  vertex -55.9867 29.963 190
  vertex -59.2878 22.7435 190
 endloop
endfacet
facet normal -0.947851 0.318537 -0.0106237
 outer loop
  vertex -61.4608 16.2189 194.006
  vertex -59.2878 22.7435 190
  vertex -59.6215 21.8541 190
 endloop
endfacet
facet normal -0.96134 0.27515 -0.010827
 outer loop
  vertex -61.8269 14.4814 190
  vertex -61.4608 16.2189 194.006
  vertex -59.6215 21.8541 190
 endloop
endfacet
facet normal -0.978888 0.203257 -0.0215641
 outer loop
  vertex -61.8269 14.4814 190
  vertex -62.984 9.35245 198.991
  vertex -61.4608 16.2189 194.006
 endloop
endfacet
facet normal -0.989459 0.144357 -0.0115237
 outer loop
  vertex -61.8269 14.4814 190
  vertex -63.3194 4.78696 190
  vertex -62.984 9.35245 198.991
 endloop
endfacet
facet normal -0.997616 0.0681077 -0.0111333
 outer loop
  vertex -62.984 9.35245 198.991
  vertex -63.3194 4.78696 190
  vertex -63.4999 0.000214612 190
 endloop
endfacet
facet normal -0.999364 0.033987 -0.0108303
 outer loop
  vertex -63.4995 0.000464542 205.981
  vertex -62.984 9.35245 198.991
  vertex -63.4999 0.000214612 190
 endloop
endfacet
facet normal -0.995561 0.0894537 -0.029263
 outer loop
  vertex -63.4995 0.000464542 205.981
  vertex -62.6244 15.3115 210.536
  vertex -62.984 9.35245 198.991
 endloop
endfacet
facet normal -0.999306 0.0323859 -0.0183977
 outer loop
  vertex -63.4995 0.000464542 205.981
  vertex -63.4999 0.000116987 221.963
  vertex -62.6244 15.3115 210.536
 endloop
endfacet
facet normal -0.994115 0.100976 -0.0392281
 outer loop
  vertex -62.6244 15.3115 210.536
  vertex -63.4999 0.000116987 221.963
  vertex -62.2606 21.2669 222.084
 endloop
endfacet
facet normal -0.948838 0.292712 -0.118428
 outer loop
  vertex -60.7123 21.8265 205.873
  vertex -62.2606 21.2669 222.084
  vertex -57.448 33.4033 213.581
 endloop
endfacet
facet normal -0.887205 0.439982 -0.138866
 outer loop
  vertex -58.0315 27.6465 201.85
  vertex -57.448 33.4033 213.581
  vertex -54.7974 32.9665 198.287
 endloop
endfacet
facet normal -0.882894 0.463555 -0.0749368
 outer loop
  vertex -55.9867 29.963 190
  vertex -58.0315 27.6465 201.85
  vertex -54.7974 32.9665 198.287
 endloop
endfacet
facet normal -0.999628 0.00514384 -0.0268018
 outer loop
  vertex -63.5002 46.9452 265
  vertex -63.0925 40.8713 255.129
  vertex -63.5001 23.4708 265
 endloop
endfacet
facet normal -0.999638 0.00514311 -0.0264077
 outer loop
  vertex -63.5002 46.9452 265
  vertex -63.5002 48.8896 265
  vertex -63.0925 40.8713 255.129
 endloop
endfacet
facet normal -0.998777 0.00662717 -0.0490011
 outer loop
  vertex -63.0925 40.8713 255.129
  vertex -63.5002 48.8896 265
  vertex -63.3305 55.6139 259.924
 endloop
endfacet
facet normal -0.985268 0.0370029 -0.166967
 outer loop
  vertex -62.2143 48.3207 249.607
  vertex -63.3305 55.6139 259.924
  vertex -60.7284 55.2208 244.59
 endloop
endfacet
facet normal -0.933351 0.14906 -0.326554
 outer loop
  vertex -58.7628 47.16 234.979
  vertex -60.7284 55.2208 244.59
  vertex -56.0177 52.9219 231.009
 endloop
endfacet
facet normal -0.965145 0.0934477 -0.244464
 outer loop
  vertex -58.7628 47.16 234.979
  vertex -62.2143 48.3207 249.607
  vertex -60.7284 55.2208 244.59
 endloop
endfacet
facet normal -0.969009 0.112909 -0.21971
 outer loop
  vertex -58.7628 47.16 234.979
  vertex -60.8875 40.8373 239.465
  vertex -62.2143 48.3207 249.607
 endloop
endfacet
facet normal -0.984788 0.0794404 -0.154537
 outer loop
  vertex -62.2143 48.3207 249.607
  vertex -60.8875 40.8373 239.465
  vertex -62.3285 33.8965 244.519
 endloop
endfacet
facet normal -0.997271 0.0328863 -0.0660989
 outer loop
  vertex -63.0925 40.8713 255.129
  vertex -62.3285 33.8965 244.519
  vertex -63.4342 18.4095 256.104
 endloop
endfacet
facet normal -0.999987 0.00317582 -0.00402547
 outer loop
  vertex -63.5001 23.4708 265
  vertex -63.4342 18.4095 256.104
  vertex -63.5001 0.000112915 265
 endloop
endfacet
facet normal -0.999478 0.00831415 -0.031232
 outer loop
  vertex -63.5001 23.4708 265
  vertex -63.0925 40.8713 255.129
  vertex -63.4342 18.4095 256.104
 endloop
endfacet
facet normal -0.999752 0.0014759 -0.0222172
 outer loop
  vertex -63.5002 48.8896 265
  vertex -63.5001 58.6823 265
  vertex -63.3305 55.6139 259.924
 endloop
endfacet
facet normal -0.999737 0.00145524 -0.0228983
 outer loop
  vertex -63.3305 55.6139 259.924
  vertex -63.5001 58.6823 265
  vertex -63.5002 59.4449 265
 endloop
endfacet
facet normal -0.999434 0.000147473 -0.0336491
 outer loop
  vertex -63.2489 66.9254 259.363
  vertex -63.5002 59.4449 265
  vertex -63.4957 69.9999 264.26
 endloop
endfacet
facet normal -0.996047 -0.000195352 -0.0888316
 outer loop
  vertex -62.6179 69.9999 254.452
  vertex -63.2489 66.9254 259.363
  vertex -63.4957 69.9999 264.26
 endloop
endfacet
facet normal -0.990334 0.00363404 -0.138653
 outer loop
  vertex -62.6179 69.9999 254.452
  vertex -62.6228 63.2174 254.261
  vertex -63.2489 66.9254 259.363
 endloop
endfacet
facet normal -0.981403 0.00328158 -0.191933
 outer loop
  vertex -62.6179 69.9999 254.452
  vertex -61.5228 69.9998 249.277
  vertex -62.6228 63.2174 254.261
 endloop
endfacet
facet normal -0.973863 0.0254219 -0.225708
 outer loop
  vertex -62.6228 63.2174 254.261
  vertex -61.5228 69.9998 249.277
  vertex -60.7284 55.2208 244.59
 endloop
endfacet
facet normal -0.985806 0.0269779 -0.165704
 outer loop
  vertex -63.3305 55.6139 259.924
  vertex -62.6228 63.2174 254.261
  vertex -60.7284 55.2208 244.59
 endloop
endfacet
facet normal -0.994404 0.00547095 -0.105498
 outer loop
  vertex -63.3305 55.6139 259.924
  vertex -63.2489 66.9254 259.363
  vertex -62.6228 63.2174 254.261
 endloop
endfacet
facet normal -0.998649 0.00181072 -0.0519386
 outer loop
  vertex -63.3305 55.6139 259.924
  vertex -63.5002 59.4449 265
  vertex -63.2489 66.9254 259.363
 endloop
endfacet
facet normal -0.99999 -0.000280196 -0.00442791
 outer loop
  vertex -63.5002 59.4449 265
  vertex -63.5002 70.0001 265
  vertex -63.4957 69.9999 264.26
 endloop
endfacet
facet normal -0.956955 0.0221649 -0.28939
 outer loop
  vertex -61.5228 69.9998 249.277
  vertex -59.4304 69.9999 242.633
  vertex -60.7284 55.2208 244.59
 endloop
endfacet
facet normal -0.942769 0.0449159 -0.330406
 outer loop
  vertex -60.7284 55.2208 244.59
  vertex -59.4304 69.9999 242.633
  vertex -58.7122 61.6417 240.014
 endloop
endfacet
facet normal -0.89415 0.127451 -0.429247
 outer loop
  vertex -56.0177 52.9219 231.009
  vertex -58.7122 61.6417 240.014
  vertex -54.4932 62.9293 231.647
 endloop
endfacet
facet normal -0.822755 0.155747 -0.546642
 outer loop
  vertex -52.7902 58.2479 227.44
  vertex -54.4932 62.9293 231.647
  vertex -49.2701 63.3093 224.115
 endloop
endfacet
facet normal -0.730576 0.231189 -0.642503
 outer loop
  vertex -47.4081 58.4842 220.04
  vertex -49.2701 63.3093 224.115
  vertex -43.1691 62.8958 217.313
 endloop
endfacet
facet normal -0.628181 0.355859 -0.691919
 outer loop
  vertex -41.3732 58.1305 213.183
  vertex -43.1691 62.8958 217.313
  vertex -36.3828 61.8628 211.08
 endloop
endfacet
facet normal -0.582318 0.488307 -0.649971
 outer loop
  vertex -40.8034 56.0443 210.846
  vertex -36.3828 61.8628 211.08
  vertex -35.585 59.5707 208.932
 endloop
endfacet
facet normal -0.57114 0.606779 -0.552827
 outer loop
  vertex -40.4702 54.1721 208.311
  vertex -35.585 59.5707 208.932
  vertex -35.1205 57.5798 206.507
 endloop
endfacet
facet normal -0.573612 0.732523 -0.366579
 outer loop
  vertex -40.4995 51.0566 202.664
  vertex -35.1205 57.5798 206.507
  vertex -35.1622 54.4754 200.85
 endloop
endfacet
facet normal -0.534732 0.833764 -0.137475
 outer loop
  vertex -36.2688 52.3336 194.307
  vertex -35.1622 54.4754 200.85
  vertex -30.7772 55.6129 192.621
 endloop
endfacet
facet normal -0.459589 0.887993 -0.0156847
 outer loop
  vertex -31.4993 55.1369 190
  vertex -30.7772 55.6129 192.621
  vertex -25.2181 58.278 190
 endloop
endfacet
facet normal -0.516838 0.85494 -0.04423
 outer loop
  vertex -31.4993 55.1369 190
  vertex -36.2688 52.3336 194.307
  vertex -30.7772 55.6129 192.621
 endloop
endfacet
facet normal -0.9224 0.0235797 -0.385516
 outer loop
  vertex -59.4304 69.9999 242.633
  vertex -57.2547 70 237.538
  vertex -58.7122 61.6417 240.014
 endloop
endfacet
facet normal -0.906337 0.032773 -0.421283
 outer loop
  vertex -58.7122 61.6417 240.014
  vertex -57.2547 70 237.538
  vertex -56.3762 67.7735 235.704
 endloop
endfacet
facet normal -0.866878 0.0452626 -0.496461
 outer loop
  vertex -54.4932 62.9293 231.647
  vertex -56.3762 67.7735 235.704
  vertex -54.0344 70.0003 231.644
 endloop
endfacet
facet normal -0.828638 0.010504 -0.559687
 outer loop
  vertex -51.5325 68.4964 227.857
  vertex -54.0344 70.0003 231.644
  vertex -52.2187 70.0003 228.868
 endloop
endfacet
facet normal -0.811087 0.0103763 -0.584834
 outer loop
  vertex -50.7484 70.0002 226.83
  vertex -51.5325 68.4964 227.857
  vertex -52.2187 70.0003 228.868
 endloop
endfacet
facet normal -0.796447 0.0618032 -0.601541
 outer loop
  vertex -50.7484 70.0002 226.83
  vertex -49.2701 63.3093 224.115
  vertex -51.5325 68.4964 227.857
 endloop
endfacet
facet normal -0.771617 0.05166 -0.633986
 outer loop
  vertex -50.7484 70.0002 226.83
  vertex -46.6295 69.9999 221.896
  vertex -49.2701 63.3093 224.115
 endloop
endfacet
facet normal -0.744308 0.0668062 -0.664486
 outer loop
  vertex -49.2701 63.3093 224.115
  vertex -46.6295 69.9999 221.896
  vertex -45.6859 68.3128 220.843
 endloop
endfacet
facet normal -0.701492 0.0931054 -0.70657
 outer loop
  vertex -43.1691 62.8958 217.313
  vertex -45.6859 68.3128 220.843
  vertex -44.5314 69.9999 219.732
 endloop
endfacet
facet normal -0.67459 0.0768812 -0.734179
 outer loop
  vertex -40.3372 69.9999 215.957
  vertex -43.1691 62.8958 217.313
  vertex -44.5314 69.9999 219.732
 endloop
endfacet
facet normal -0.643432 0.11122 -0.75738
 outer loop
  vertex -40.3372 69.9999 215.957
  vertex -38.8798 67.2619 214.627
  vertex -43.1691 62.8958 217.313
 endloop
endfacet
facet normal -0.613173 0.0317073 -0.789312
 outer loop
  vertex -40.3372 69.9999 215.957
  vertex -37.4922 70 213.75
  vertex -38.8798 67.2619 214.627
 endloop
endfacet
facet normal -0.592095 0.0314579 -0.805254
 outer loop
  vertex -38.8798 67.2619 214.627
  vertex -37.4922 70 213.75
  vertex -36.3335 70.0001 212.922
 endloop
endfacet
facet normal -0.566045 0.127234 -0.814497
 outer loop
  vertex -36.3828 61.8628 211.08
  vertex -36.3335 70.0001 212.922
  vertex -33.7091 69.9999 211.186
 endloop
endfacet
facet normal -0.486294 0.0823225 -0.869909
 outer loop
  vertex -31.2459 65.4628 209.099
  vertex -33.7091 69.9999 211.186
  vertex -26.9614 70 207.508
 endloop
endfacet
facet normal -0.419025 0.0169608 -0.907816
 outer loop
  vertex -26.1311 69.0829 207.1
  vertex -26.9614 70 207.508
  vertex -26.687 70 207.38
 endloop
endfacet
facet normal -0.408208 0.0174162 -0.912723
 outer loop
  vertex -24.8971 70 206.584
  vertex -26.1311 69.0829 207.1
  vertex -26.687 70 207.38
 endloop
endfacet
facet normal -0.399683 0.119928 -0.908774
 outer loop
  vertex -24.8971 70 206.584
  vertex -24.3909 65.9388 205.735
  vertex -26.1311 69.0829 207.1
 endloop
endfacet
facet normal -0.374889 0.167834 -0.911751
 outer loop
  vertex -24.8971 70 206.584
  vertex -21.514 67.46 205.001
  vertex -24.3909 65.9388 205.735
 endloop
endfacet
facet normal -0.346614 0.0664711 -0.93565
 outer loop
  vertex -24.8971 70 206.584
  vertex -19.2867 70 204.499
  vertex -21.514 67.46 205.001
 endloop
endfacet
facet normal -0.313154 0.0922693 -0.94521
 outer loop
  vertex -21.514 67.46 205.001
  vertex -19.2867 70 204.499
  vertex -18.6478 68.9909 204.258
 endloop
endfacet
facet normal -0.301058 0.227604 -0.926046
 outer loop
  vertex -20.7225 65.9591 204.254
  vertex -18.6478 68.9909 204.258
  vertex -17.6534 67.3066 203.68
 endloop
endfacet
facet normal -0.287594 0.405771 -0.867548
 outer loop
  vertex -20.1361 64.6435 203.336
  vertex -17.6534 67.3066 203.68
  vertex -16.8978 65.8381 202.902
 endloop
endfacet
facet normal -0.244447 0.467384 -0.849587
 outer loop
  vertex -16.394 64.5972 201.915
  vertex -16.8978 65.8381 202.902
  vertex -13.6021 66.9807 202.516
 endloop
endfacet
facet normal -0.168559 0.316272 -0.933574
 outer loop
  vertex -9.3666 66.4883 201.506
  vertex -13.6021 66.9807 202.516
  vertex -10.2642 68.0852 202.166
 endloop
endfacet
facet normal -0.13494 0.0643889 -0.988759
 outer loop
  vertex -4.00435 70.0005 201.626
  vertex -10.2642 68.0852 202.166
  vertex -11.4936 69.982 202.549
 endloop
endfacet
facet normal -0.19719 0.0403989 -0.979533
 outer loop
  vertex -11.5058 69.9998 202.551
  vertex -11.4936 69.982 202.549
  vertex -14.5731 68.6439 203.115
 endloop
endfacet
facet normal -0.245838 0.0409481 -0.968446
 outer loop
  vertex -15.4448 70.0001 203.407
  vertex -14.5731 68.6439 203.115
  vertex -16.8003 70.0001 203.763
 endloop
endfacet
facet normal -0.218027 0.0403955 -0.975106
 outer loop
  vertex -15.4448 70.0001 203.407
  vertex -11.5058 69.9998 202.551
  vertex -14.5731 68.6439 203.115
 endloop
endfacet
facet normal -0.888161 0.010398 -0.459415
 outer loop
  vertex -57.2547 70 237.538
  vertex -55.4993 70.0002 234.143
  vertex -56.3762 67.7735 235.704
 endloop
endfacet
facet normal -0.871421 0.010226 -0.490429
 outer loop
  vertex -56.3762 67.7735 235.704
  vertex -55.4993 70.0002 234.143
  vertex -54.0344 70.0003 231.644
 endloop
endfacet
facet normal -0.728884 0.014922 -0.684475
 outer loop
  vertex -46.6295 69.9999 221.896
  vertex -46.5317 69.9999 221.791
  vertex -45.6859 68.3128 220.843
 endloop
endfacet
facet normal -0.717953 0.014645 -0.695937
 outer loop
  vertex -45.6859 68.3128 220.843
  vertex -46.5317 69.9999 221.791
  vertex -44.5314 69.9999 219.732
 endloop
endfacet
facet normal -0.287539 0.0275255 -0.957373
 outer loop
  vertex -19.2867 70 204.499
  vertex -16.8003 70.0001 203.763
  vertex -18.6478 68.9909 204.258
 endloop
endfacet
facet normal -0.279942 0.108365 -0.953881
 outer loop
  vertex -18.6478 68.9909 204.258
  vertex -16.8003 70.0001 203.763
  vertex -17.6534 67.3066 203.68
 endloop
endfacet
facet normal -0.258096 0.121948 -0.958392
 outer loop
  vertex -17.6534 67.3066 203.68
  vertex -16.8003 70.0001 203.763
  vertex -14.5731 68.6439 203.115
 endloop
endfacet
facet normal -0.236226 0.294729 -0.925922
 outer loop
  vertex -16.8978 65.8381 202.902
  vertex -14.5731 68.6439 203.115
  vertex -13.6021 66.9807 202.516
 endloop
endfacet
facet normal -0.258809 0.268745 -0.92779
 outer loop
  vertex -16.8978 65.8381 202.902
  vertex -17.6534 67.3066 203.68
  vertex -14.5731 68.6439 203.115
 endloop
endfacet
facet normal -0.14211 0.00146816 -0.98985
 outer loop
  vertex -11.5058 69.9998 202.551
  vertex -4.00435 70.0005 201.626
  vertex -11.4936 69.982 202.549
 endloop
endfacet
facet normal -0.0540304 0.069836 -0.996094
 outer loop
  vertex -3.32347 70.0001 201.587
  vertex -3.32342 67.8121 201.384
  vertex -4.00435 70.0005 201.626
 endloop
endfacet
facet normal -0.0635719 0.165267 -0.984198
 outer loop
  vertex -4.00435 70.0005 201.626
  vertex -3.32342 67.8121 201.384
  vertex -5.71674 67.3109 201.415
 endloop
endfacet
facet normal -0.113658 0.433454 -0.893979
 outer loop
  vertex -9.3666 66.4883 201.506
  vertex -5.71674 67.3109 201.415
  vertex -9.0534 65.8125 201.064
 endloop
endfacet
facet normal -0.163551 0.686671 -0.708332
 outer loop
  vertex -16.1401 63.5821 200.721
  vertex -9.0534 65.8125 201.064
  vertex -8.83336 65.2208 200.544
 endloop
endfacet
facet normal -0.0954907 0.696164 -0.711503
 outer loop
  vertex -8.70534 64.7123 199.947
  vertex -8.83336 65.2208 200.544
  vertex -4.95373 65.8357 200.644
 endloop
endfacet
facet normal -0.0419811 0.659925 -0.750157
 outer loop
  vertex -3.32338 65.4211 200.195
  vertex -4.95373 65.8357 200.644
  vertex -3.32338 65.5248 200.295
 endloop
endfacet
facet normal -0.0683195 0.701589 -0.709299
 outer loop
  vertex -3.32338 65.4211 200.195
  vertex -8.70534 64.7123 199.947
  vertex -4.95373 65.8357 200.644
 endloop
endfacet
facet normal -0.062173 0.778143 -0.625002
 outer loop
  vertex -3.32338 65.4211 200.195
  vertex -3.32338 64.9143 199.579
  vertex -8.70534 64.7123 199.947
 endloop
endfacet
facet normal -0.0886294 0.831158 -0.548927
 outer loop
  vertex -8.70534 64.7123 199.947
  vertex -3.32338 64.9143 199.579
  vertex -8.66476 64.2829 199.278
 endloop
endfacet
facet normal -0.200454 0.864504 -0.460923
 outer loop
  vertex -16.1021 63.155 200.049
  vertex -8.66476 64.2829 199.278
  vertex -16.1191 62.7776 199.333
 endloop
endfacet
facet normal -0.281975 0.876885 -0.389311
 outer loop
  vertex -22.9054 61.454 201.348
  vertex -16.1191 62.7776 199.333
  vertex -16.3009 62.1564 197.776
 endloop
endfacet
facet normal -0.299003 0.936928 -0.181004
 outer loop
  vertex -23.1245 60.081 198.354
  vertex -16.3009 62.1564 197.776
  vertex -18.2882 60.8107 190.5
 endloop
endfacet
facet normal -0.323484 0.946188 -0.00927277
 outer loop
  vertex -24.8137 58.4658 191.327
  vertex -18.2882 60.8107 190.5
  vertex -18.4548 60.7592 190
 endloop
endfacet
facet normal -0.359961 0.932945 -0.00652288
 outer loop
  vertex -25.2181 58.278 190
  vertex -24.8137 58.4658 191.327
  vertex -18.4548 60.7592 190
 endloop
endfacet
facet normal -0.424309 0.905208 -0.0236774
 outer loop
  vertex -25.2181 58.278 190
  vertex -30.7772 55.6129 192.621
  vertex -24.8137 58.4658 191.327
 endloop
endfacet
facet normal -0.445839 0.887759 -0.114504
 outer loop
  vertex -24.8137 58.4658 191.327
  vertex -30.7772 55.6129 192.621
  vertex -29.3856 57.4972 199.4
 endloop
endfacet
facet normal -0.390047 0.855253 -0.341182
 outer loop
  vertex -23.1245 60.081 198.354
  vertex -29.3856 57.4972 199.4
  vertex -22.9054 61.454 201.348
 endloop
endfacet
facet normal -0.320528 0.883564 -0.341432
 outer loop
  vertex -16.3009 62.1564 197.776
  vertex -23.1245 60.081 198.354
  vertex -22.9054 61.454 201.348
 endloop
endfacet
facet normal -0.0635289 0.309694 -0.948712
 outer loop
  vertex -5.71674 67.3109 201.415
  vertex -3.32342 67.8121 201.384
  vertex -5.27845 66.5219 201.076
 endloop
endfacet
facet normal -0.102672 0.568044 -0.816569
 outer loop
  vertex -9.0534 65.8125 201.064
  vertex -5.27845 66.5219 201.076
  vertex -8.83336 65.2208 200.544
 endloop
endfacet
facet normal -0.0899693 0.433349 -0.896724
 outer loop
  vertex -9.0534 65.8125 201.064
  vertex -5.71674 67.3109 201.415
  vertex -5.27845 66.5219 201.076
 endloop
endfacet
facet normal -0.0506819 0.333418 -0.941416
 outer loop
  vertex -3.32342 67.8121 201.384
  vertex -3.3234 66.8559 201.108
  vertex -5.27845 66.5219 201.076
 endloop
endfacet
facet normal -0.048631 0.397444 -0.916337
 outer loop
  vertex -5.27845 66.5219 201.076
  vertex -3.3234 66.8559 201.108
  vertex -3.3234 66.6699 201.032
 endloop
endfacet
facet normal -0.0443479 0.512206 -0.857717
 outer loop
  vertex -4.95373 65.8357 200.644
  vertex -3.3234 66.6699 201.032
  vertex -3.32339 66.0621 200.71
 endloop
endfacet
facet normal -0.0429194 0.605009 -0.795061
 outer loop
  vertex -3.32338 65.5248 200.295
  vertex -4.95373 65.8357 200.644
  vertex -3.32339 66.0621 200.71
 endloop
endfacet
facet normal -0.0620191 0.859165 -0.507926
 outer loop
  vertex -3.32338 64.9143 199.579
  vertex -3.32339 64.6743 199.183
  vertex -8.66476 64.2829 199.278
 endloop
endfacet
facet normal -0.0625046 0.902104 -0.426968
 outer loop
  vertex -8.66476 64.2829 199.278
  vertex -3.32339 64.6743 199.183
  vertex -3.3234 64.2163 198.107
 endloop
endfacet
facet normal -0.0726975 0.975797 -0.206241
 outer loop
  vertex -8.81334 63.6317 197.749
  vertex -3.3234 64.2163 198.107
  vertex -3.32359 63.4199 190.705
 endloop
endfacet
facet normal -0.0934053 0.995609 -0.00613624
 outer loop
  vertex -11.0685 62.5281 190.251
  vertex -3.32359 63.4199 190.705
  vertex -3.32361 63.4132 190
 endloop
endfacet
facet normal -0.134373 0.99093 -0.00151223
 outer loop
  vertex -11.159 62.5117 190
  vertex -11.0685 62.5281 190.251
  vertex -3.32361 63.4132 190
 endloop
endfacet
facet normal -0.21299 0.97705 -0.00300219
 outer loop
  vertex -11.159 62.5117 190
  vertex -18.2882 60.8107 190.5
  vertex -11.0685 62.5281 190.251
 endloop
endfacet
facet normal -0.25182 0.967773 -0.00144472
 outer loop
  vertex -11.159 62.5117 190
  vertex -18.4548 60.7592 190
  vertex -18.2882 60.8107 190.5
 endloop
endfacet
facet normal -0.999288 0.0314714 -0.0208259
 outer loop
  vertex -63.4999 0.000116987 221.963
  vertex -63.4999 9.95091E-05 222.999
  vertex -62.2606 21.2669 222.084
 endloop
endfacet
facet normal -0.998818 0.0444404 -0.0196988
 outer loop
  vertex -62.2606 21.2669 222.084
  vertex -63.4999 9.95091E-05 222.999
  vertex -63.62 6.00915 233.458
 endloop
endfacet
facet normal -0.998175 0.0553242 -0.0242258
 outer loop
  vertex -62.0301 27.3427 233.521
  vertex -63.62 6.00915 233.458
  vertex -63.4981 12.1831 244.805
 endloop
endfacet
facet normal -0.994892 0.0809677 -0.0602842
 outer loop
  vertex -62.3285 33.8965 244.519
  vertex -62.0301 27.3427 233.521
  vertex -63.4981 12.1831 244.805
 endloop
endfacet
facet normal -0.999581 -0.0289359 0.0011033
 outer loop
  vertex -63.4999 9.95091E-05 222.999
  vertex -63.5 9.09855E-05 223.562
  vertex -63.62 6.00915 233.458
 endloop
endfacet
facet normal -0.999699 -0.0245225 0.00111373
 outer loop
  vertex -63.62 6.00915 233.458
  vertex -63.5 9.09855E-05 223.562
  vertex -63.4999 0.000161587 238.034
 endloop
endfacet
facet normal -0.999991 -0.00418374 0.000922774
 outer loop
  vertex -63.4981 12.1831 244.805
  vertex -63.4999 0.000161587 238.034
  vertex -63.4999 0.000139819 254.046
 endloop
endfacet
facet normal -0.999959 0.00852347 -0.00316693
 outer loop
  vertex -63.4342 18.4095 256.104
  vertex -63.4981 12.1831 244.805
  vertex -63.4999 0.000139819 254.046
 endloop
endfacet
facet normal -0.802986 0.451169 -0.389435
 outer loop
  vertex -50.4333 49.8334 218.155
  vertex -49.935 46.2409 212.946
  vertex -54.309 45.0933 221.184
 endloop
endfacet
facet normal -0.815709 0.382254 -0.434166
 outer loop
  vertex -51.402 53.851 222.972
  vertex -50.4333 49.8334 218.155
  vertex -54.309 45.0933 221.184
 endloop
endfacet
facet normal -0.755281 0.475352 -0.451211
 outer loop
  vertex -50.4333 49.8334 218.155
  vertex -46.0902 54.1508 215.514
  vertex -49.935 46.2409 212.946
 endloop
endfacet
facet normal -0.684046 0.693706 -0.225507
 outer loop
  vertex -40.4995 51.0566 202.664
  vertex -41.3436 48.6775 196.339
  vertex -49.9093 43.0755 207.345
 endloop
endfacet
facet normal -0.745522 0.648115 -0.155382
 outer loop
  vertex -49.9093 43.0755 207.345
  vertex -41.3436 48.6775 196.339
  vertex -51.1612 37.9229 195.058
 endloop
endfacet
facet normal -0.827818 0.557812 -0.059691
 outer loop
  vertex -54.7974 32.9665 198.287
  vertex -51.1612 37.9229 195.058
  vertex -52.0717 36.3426 190
 endloop
endfacet
facet normal -0.812754 0.562859 -0.150402
 outer loop
  vertex -54.7974 32.9665 198.287
  vertex -49.9093 43.0755 207.345
  vertex -51.1612 37.9229 195.058
 endloop
endfacet
facet normal -0.844712 0.500068 -0.190771
 outer loop
  vertex -54.7974 32.9665 198.287
  vertex -57.448 33.4033 213.581
  vertex -49.9093 43.0755 207.345
 endloop
endfacet
facet normal -0.815686 0.507175 -0.278262
 outer loop
  vertex -49.9093 43.0755 207.345
  vertex -57.448 33.4033 213.581
  vertex -49.935 46.2409 212.946
 endloop
endfacet
facet normal -0.722168 0.58324 -0.371893
 outer loop
  vertex -40.4702 54.1721 208.311
  vertex -49.9093 43.0755 207.345
  vertex -49.935 46.2409 212.946
 endloop
endfacet
facet normal -0.717065 0.693988 -0.0648034
 outer loop
  vertex -43.7587 46.0159 190
  vertex -51.1612 37.9229 195.058
  vertex -41.3436 48.6775 196.339
 endloop
endfacet
facet normal -0.0933637 0.927166 -0.362831
 outer loop
  vertex -3.3234 64.2163 198.107
  vertex -8.81334 63.6317 197.749
  vertex -8.66476 64.2829 199.278
 endloop
endfacet
facet normal -0.163967 0.922947 -0.348258
 outer loop
  vertex -8.66476 64.2829 199.278
  vertex -8.81334 63.6317 197.749
  vertex -16.3009 62.1564 197.776
 endloop
endfacet
facet normal -0.202385 0.898831 -0.388771
 outer loop
  vertex -16.1191 62.7776 199.333
  vertex -8.66476 64.2829 199.278
  vertex -16.3009 62.1564 197.776
 endloop
endfacet
facet normal -0.347471 0.932515 -0.098388
 outer loop
  vertex -18.2882 60.8107 190.5
  vertex -24.8137 58.4658 191.327
  vertex -23.1245 60.081 198.354
 endloop
endfacet
facet normal -0.403077 0.895996 -0.186332
 outer loop
  vertex -23.1245 60.081 198.354
  vertex -24.8137 58.4658 191.327
  vertex -29.3856 57.4972 199.4
 endloop
endfacet
facet normal -0.483924 0.811678 -0.327102
 outer loop
  vertex -29.3856 57.4972 199.4
  vertex -35.1622 54.4754 200.85
  vertex -29.1742 58.8772 202.388
 endloop
endfacet
facet normal -0.418813 0.770286 -0.48089
 outer loop
  vertex -22.9054 61.454 201.348
  vertex -29.1742 58.8772 202.388
  vertex -29.2257 59.7092 203.751
 endloop
endfacet
facet normal -0.393176 0.677723 -0.621373
 outer loop
  vertex -23.0208 62.3439 202.658
  vertex -29.2257 59.7092 203.751
  vertex -23.3042 63.3855 203.828
 endloop
endfacet
facet normal -0.337196 0.493891 -0.80148
 outer loop
  vertex -20.1361 64.6435 203.336
  vertex -23.3042 63.3855 203.828
  vertex -20.7225 65.9591 204.254
 endloop
endfacet
facet normal -0.308579 0.378801 -0.872519
 outer loop
  vertex -17.6534 67.3066 203.68
  vertex -20.1361 64.6435 203.336
  vertex -20.7225 65.9591 204.254
 endloop
endfacet
facet normal -0.496554 0.844767 -0.199507
 outer loop
  vertex -29.3856 57.4972 199.4
  vertex -30.7772 55.6129 192.621
  vertex -35.1622 54.4754 200.85
 endloop
endfacet
facet normal -0.119286 0.987637 -0.101703
 outer loop
  vertex -3.32359 63.4199 190.705
  vertex -11.0685 62.5281 190.251
  vertex -8.81334 63.6317 197.749
 endloop
endfacet
facet normal -0.184128 0.964844 -0.187543
 outer loop
  vertex -8.81334 63.6317 197.749
  vertex -11.0685 62.5281 190.251
  vertex -16.3009 62.1564 197.776
 endloop
endfacet
facet normal -0.238169 0.966714 -0.0934824
 outer loop
  vertex -16.3009 62.1564 197.776
  vertex -11.0685 62.5281 190.251
  vertex -18.2882 60.8107 190.5
 endloop
endfacet
facet normal -0.581193 0.78479 -0.21522
 outer loop
  vertex -40.4995 51.0566 202.664
  vertex -35.1622 54.4754 200.85
  vertex -36.2688 52.3336 194.307
 endloop
endfacet
facet normal -0.465356 0.257148 -0.846947
 outer loop
  vertex -31.2459 65.4628 209.099
  vertex -26.1311 69.0829 207.1
  vertex -30.0838 62.8414 207.254
 endloop
endfacet
facet normal -0.523595 0.550718 -0.650044
 outer loop
  vertex -35.585 59.5707 208.932
  vertex -30.0838 62.8414 207.254
  vertex -35.1205 57.5798 206.507
 endloop
endfacet
facet normal -0.508704 0.415923 -0.753809
 outer loop
  vertex -35.585 59.5707 208.932
  vertex -31.2459 65.4628 209.099
  vertex -30.0838 62.8414 207.254
 endloop
endfacet
facet normal -0.540097 0.390816 -0.745357
 outer loop
  vertex -35.585 59.5707 208.932
  vertex -36.3828 61.8628 211.08
  vertex -31.2459 65.4628 209.099
 endloop
endfacet
facet normal -0.536695 0.21255 -0.816567
 outer loop
  vertex -31.2459 65.4628 209.099
  vertex -36.3828 61.8628 211.08
  vertex -33.7091 69.9999 211.186
 endloop
endfacet
facet normal -0.421046 0.815357 -0.397382
 outer loop
  vertex -29.3856 57.4972 199.4
  vertex -29.1742 58.8772 202.388
  vertex -22.9054 61.454 201.348
 endloop
endfacet
facet normal -0.348264 0.335583 -0.875269
 outer loop
  vertex -21.514 67.46 205.001
  vertex -20.7225 65.9591 204.254
  vertex -23.7612 64.5842 204.853
 endloop
endfacet
facet normal -0.411164 0.404143 -0.817076
 outer loop
  vertex -24.3909 65.9388 205.735
  vertex -23.7612 64.5842 204.853
  vertex -30.0838 62.8414 207.254
 endloop
endfacet
facet normal -0.429376 0.275424 -0.860103
 outer loop
  vertex -26.1311 69.0829 207.1
  vertex -24.3909 65.9388 205.735
  vertex -30.0838 62.8414 207.254
 endloop
endfacet
facet normal -0.437 0.52172 -0.732693
 outer loop
  vertex -30.0838 62.8414 207.254
  vertex -23.7612 64.5842 204.853
  vertex -29.3922 60.6452 205.018
 endloop
endfacet
facet normal -0.483132 0.676426 -0.555905
 outer loop
  vertex -35.1205 57.5798 206.507
  vertex -29.3922 60.6452 205.018
  vertex -29.2257 59.7092 203.751
 endloop
endfacet
facet normal -0.481557 0.721884 -0.496978
 outer loop
  vertex -29.1742 58.8772 202.388
  vertex -35.1205 57.5798 206.507
  vertex -29.2257 59.7092 203.751
 endloop
endfacet
facet normal -0.514659 0.749276 -0.416787
 outer loop
  vertex -29.1742 58.8772 202.388
  vertex -35.1622 54.4754 200.85
  vertex -35.1205 57.5798 206.507
 endloop
endfacet
facet normal -0.492947 0.591331 -0.638225
 outer loop
  vertex -29.3922 60.6452 205.018
  vertex -35.1205 57.5798 206.507
  vertex -30.0838 62.8414 207.254
 endloop
endfacet
facet normal -0.426206 0.656844 -0.622016
 outer loop
  vertex -29.2257 59.7092 203.751
  vertex -29.3922 60.6452 205.018
  vertex -23.3042 63.3855 203.828
 endloop
endfacet
facet normal -0.400807 0.565531 -0.720783
 outer loop
  vertex -23.3042 63.3855 203.828
  vertex -29.3922 60.6452 205.018
  vertex -23.7612 64.5842 204.853
 endloop
endfacet
facet normal -0.35674 0.467299 -0.80893
 outer loop
  vertex -20.7225 65.9591 204.254
  vertex -23.3042 63.3855 203.828
  vertex -23.7612 64.5842 204.853
 endloop
endfacet
facet normal -0.277856 0.533205 -0.799055
 outer loop
  vertex -16.8978 65.8381 202.902
  vertex -16.394 64.5972 201.915
  vertex -20.1361 64.6435 203.336
 endloop
endfacet
facet normal -0.309818 0.625658 -0.715936
 outer loop
  vertex -20.1361 64.6435 203.336
  vertex -16.394 64.5972 201.915
  vertex -23.0208 62.3439 202.658
 endloop
endfacet
facet normal -0.347264 0.611557 -0.710919
 outer loop
  vertex -23.3042 63.3855 203.828
  vertex -20.1361 64.6435 203.336
  vertex -23.0208 62.3439 202.658
 endloop
endfacet
facet normal -0.279582 0.842089 -0.461215
 outer loop
  vertex -16.1191 62.7776 199.333
  vertex -22.9054 61.454 201.348
  vertex -16.1021 63.155 200.049
 endloop
endfacet
facet normal -0.28025 0.809212 -0.516367
 outer loop
  vertex -16.1021 63.155 200.049
  vertex -22.9054 61.454 201.348
  vertex -16.1401 63.5821 200.721
 endloop
endfacet
facet normal -0.159325 0.758228 -0.632223
 outer loop
  vertex -8.70534 64.7123 199.947
  vertex -16.1401 63.5821 200.721
  vertex -8.83336 65.2208 200.544
 endloop
endfacet
facet normal -0.200851 0.806918 -0.555465
 outer loop
  vertex -8.70534 64.7123 199.947
  vertex -16.1021 63.155 200.049
  vertex -16.1401 63.5821 200.721
 endloop
endfacet
facet normal -0.158052 0.835791 -0.525808
 outer loop
  vertex -8.70534 64.7123 199.947
  vertex -8.66476 64.2829 199.278
  vertex -16.1021 63.155 200.049
 endloop
endfacet
facet normal -0.201267 0.467081 -0.861004
 outer loop
  vertex -13.6021 66.9807 202.516
  vertex -9.3666 66.4883 201.506
  vertex -16.394 64.5972 201.915
 endloop
endfacet
facet normal -0.214347 0.627869 -0.748222
 outer loop
  vertex -16.394 64.5972 201.915
  vertex -9.3666 66.4883 201.506
  vertex -16.1401 63.5821 200.721
 endloop
endfacet
facet normal -0.285505 0.744563 -0.603418
 outer loop
  vertex -22.9054 61.454 201.348
  vertex -16.394 64.5972 201.915
  vertex -16.1401 63.5821 200.721
 endloop
endfacet
facet normal -0.323263 0.719381 -0.614811
 outer loop
  vertex -22.9054 61.454 201.348
  vertex -23.0208 62.3439 202.658
  vertex -16.394 64.5972 201.915
 endloop
endfacet
facet normal -0.38819 0.74682 -0.539971
 outer loop
  vertex -22.9054 61.454 201.348
  vertex -29.2257 59.7092 203.751
  vertex -23.0208 62.3439 202.658
 endloop
endfacet
facet normal -0.0941611 0.245983 -0.96469
 outer loop
  vertex -5.71674 67.3109 201.415
  vertex -9.3666 66.4883 201.506
  vertex -4.00435 70.0005 201.626
 endloop
endfacet
facet normal -0.120839 0.211807 -0.969812
 outer loop
  vertex -4.00435 70.0005 201.626
  vertex -9.3666 66.4883 201.506
  vertex -10.2642 68.0852 202.166
 endloop
endfacet
facet normal -0.208393 0.148268 -0.966741
 outer loop
  vertex -14.5731 68.6439 203.115
  vertex -11.4936 69.982 202.549
  vertex -13.6021 66.9807 202.516
 endloop
endfacet
facet normal -0.184751 0.171907 -0.967634
 outer loop
  vertex -13.6021 66.9807 202.516
  vertex -11.4936 69.982 202.549
  vertex -10.2642 68.0852 202.166
 endloop
endfacet
facet normal -0.171152 0.607179 -0.775913
 outer loop
  vertex -9.3666 66.4883 201.506
  vertex -9.0534 65.8125 201.064
  vertex -16.1401 63.5821 200.721
 endloop
endfacet
facet normal -0.0526855 0.476888 -0.877384
 outer loop
  vertex -3.3234 66.6699 201.032
  vertex -4.95373 65.8357 200.644
  vertex -5.27845 66.5219 201.076
 endloop
endfacet
facet normal -0.0786262 0.576794 -0.813097
 outer loop
  vertex -5.27845 66.5219 201.076
  vertex -4.95373 65.8357 200.644
  vertex -8.83336 65.2208 200.544
 endloop
endfacet
facet normal -0.597668 0.675736 -0.431479
 outer loop
  vertex -40.4702 54.1721 208.311
  vertex -35.1205 57.5798 206.507
  vertex -40.4995 51.0566 202.664
 endloop
endfacet
facet normal -0.445657 0.101265 -0.889458
 outer loop
  vertex -26.1311 69.0829 207.1
  vertex -31.2459 65.4628 209.099
  vertex -26.9614 70 207.508
 endloop
endfacet
facet normal -0.367846 0.317584 -0.873974
 outer loop
  vertex -24.3909 65.9388 205.735
  vertex -21.514 67.46 205.001
  vertex -23.7612 64.5842 204.853
 endloop
endfacet
facet normal -0.321743 0.211604 -0.922878
 outer loop
  vertex -21.514 67.46 205.001
  vertex -18.6478 68.9909 204.258
  vertex -20.7225 65.9591 204.254
 endloop
endfacet
facet normal -0.61133 0.46027 -0.643761
 outer loop
  vertex -36.3828 61.8628 211.08
  vertex -40.8034 56.0443 210.846
  vertex -41.3732 58.1305 213.183
 endloop
endfacet
facet normal -0.657808 0.48434 -0.576804
 outer loop
  vertex -41.3732 58.1305 213.183
  vertex -40.8034 56.0443 210.846
  vertex -46.0902 54.1508 215.514
 endloop
endfacet
facet normal -0.753468 0.362192 -0.548729
 outer loop
  vertex -47.4081 58.4842 220.04
  vertex -46.0902 54.1508 215.514
  vertex -51.402 53.851 222.972
 endloop
endfacet
facet normal -0.843871 0.245138 -0.477273
 outer loop
  vertex -52.7902 58.2479 227.44
  vertex -51.402 53.851 222.972
  vertex -56.0177 52.9219 231.009
 endloop
endfacet
facet normal -0.861106 0.173212 -0.478011
 outer loop
  vertex -54.4932 62.9293 231.647
  vertex -52.7902 58.2479 227.44
  vertex -56.0177 52.9219 231.009
 endloop
endfacet
facet normal -0.686046 0.329283 -0.648778
 outer loop
  vertex -43.1691 62.8958 217.313
  vertex -41.3732 58.1305 213.183
  vertex -47.4081 58.4842 220.04
 endloop
endfacet
facet normal -0.696943 0.404026 -0.592481
 outer loop
  vertex -47.4081 58.4842 220.04
  vertex -41.3732 58.1305 213.183
  vertex -46.0902 54.1508 215.514
 endloop
endfacet
facet normal -0.652723 0.546456 -0.524727
 outer loop
  vertex -46.0902 54.1508 215.514
  vertex -40.8034 56.0443 210.846
  vertex -40.4702 54.1721 208.311
 endloop
endfacet
facet normal -0.599214 0.570178 -0.561997
 outer loop
  vertex -40.4702 54.1721 208.311
  vertex -40.8034 56.0443 210.846
  vertex -35.585 59.5707 208.932
 endloop
endfacet
facet normal -0.95235 0.271758 -0.13848
 outer loop
  vertex -57.448 33.4033 213.581
  vertex -62.2606 21.2669 222.084
  vertex -60.2024 33.9338 228.789
 endloop
endfacet
facet normal -0.9412 0.240248 -0.237537
 outer loop
  vertex -57.6036 39.828 224.697
  vertex -60.2024 33.9338 228.789
  vertex -58.7628 47.16 234.979
 endloop
endfacet
facet normal -0.92675 0.316717 -0.202053
 outer loop
  vertex -57.6036 39.828 224.697
  vertex -57.448 33.4033 213.581
  vertex -60.2024 33.9338 228.789
 endloop
endfacet
facet normal -0.890326 0.368826 -0.266997
 outer loop
  vertex -57.6036 39.828 224.697
  vertex -54.309 45.0933 221.184
  vertex -57.448 33.4033 213.581
 endloop
endfacet
facet normal -0.889696 0.304214 -0.340432
 outer loop
  vertex -57.6036 39.828 224.697
  vertex -56.0177 52.9219 231.009
  vertex -54.309 45.0933 221.184
 endloop
endfacet
facet normal -0.977644 0.185116 -0.0997233
 outer loop
  vertex -60.2024 33.9338 228.789
  vertex -62.2606 21.2669 222.084
  vertex -62.0301 27.3427 233.521
 endloop
endfacet
facet normal -0.975432 0.167134 -0.143519
 outer loop
  vertex -60.8875 40.8373 239.465
  vertex -60.2024 33.9338 228.789
  vertex -62.0301 27.3427 233.521
 endloop
endfacet
facet normal -0.978561 0.196357 -0.0621504
 outer loop
  vertex -62.984 9.35245 198.991
  vertex -62.6244 15.3115 210.536
  vertex -60.7123 21.8265 205.873
 endloop
endfacet
facet normal -0.944187 0.318878 -0.0826305
 outer loop
  vertex -61.4608 16.2189 194.006
  vertex -60.7123 21.8265 205.873
  vertex -58.0315 27.6465 201.85
 endloop
endfacet
facet normal -0.938815 0.340791 -0.0498742
 outer loop
  vertex -59.2878 22.7435 190
  vertex -61.4608 16.2189 194.006
  vertex -58.0315 27.6465 201.85
 endloop
endfacet
facet normal -0.91948 0.368675 -0.136512
 outer loop
  vertex -58.0315 27.6465 201.85
  vertex -60.7123 21.8265 205.873
  vertex -57.448 33.4033 213.581
 endloop
endfacet
facet normal -0.974504 0.212516 -0.0719724
 outer loop
  vertex -60.7123 21.8265 205.873
  vertex -62.6244 15.3115 210.536
  vertex -62.2606 21.2669 222.084
 endloop
endfacet
facet normal -0.97278 0.225309 -0.0541683
 outer loop
  vertex -60.7123 21.8265 205.873
  vertex -61.4608 16.2189 194.006
  vertex -62.984 9.35245 198.991
 endloop
endfacet
facet normal -0.999993 -0.00322957 0.00203741
 outer loop
  vertex -63.4981 12.1831 244.805
  vertex -63.62 6.00915 233.458
  vertex -63.4999 0.000161587 238.034
 endloop
endfacet
facet normal -0.993151 0.107425 -0.0459543
 outer loop
  vertex -62.2606 21.2669 222.084
  vertex -63.62 6.00915 233.458
  vertex -62.0301 27.3427 233.521
 endloop
endfacet
facet normal -0.892863 0.0677774 -0.445199
 outer loop
  vertex -56.3762 67.7735 235.704
  vertex -54.4932 62.9293 231.647
  vertex -58.7122 61.6417 240.014
 endloop
endfacet
facet normal -0.724981 0.145227 -0.673284
 outer loop
  vertex -45.6859 68.3128 220.843
  vertex -43.1691 62.8958 217.313
  vertex -49.2701 63.3093 224.115
 endloop
endfacet
facet normal -0.79339 0.277339 -0.541862
 outer loop
  vertex -51.402 53.851 222.972
  vertex -52.7902 58.2479 227.44
  vertex -47.4081 58.4842 220.04
 endloop
endfacet
facet normal -0.783178 0.221853 -0.580873
 outer loop
  vertex -47.4081 58.4842 220.04
  vertex -52.7902 58.2479 227.44
  vertex -49.2701 63.3093 224.115
 endloop
endfacet
facet normal -0.621287 0.240946 -0.745619
 outer loop
  vertex -43.1691 62.8958 217.313
  vertex -38.8798 67.2619 214.627
  vertex -36.3828 61.8628 211.08
 endloop
endfacet
facet normal -0.590986 0.162289 -0.790189
 outer loop
  vertex -36.3828 61.8628 211.08
  vertex -38.8798 67.2619 214.627
  vertex -36.3335 70.0001 212.922
 endloop
endfacet
facet normal -0.841602 0.0456996 -0.538162
 outer loop
  vertex -54.0344 70.0003 231.644
  vertex -51.5325 68.4964 227.857
  vertex -54.4932 62.9293 231.647
 endloop
endfacet
facet normal -0.816634 0.0971273 -0.568925
 outer loop
  vertex -54.4932 62.9293 231.647
  vertex -51.5325 68.4964 227.857
  vertex -49.2701 63.3093 224.115
 endloop
endfacet
facet normal -0.994314 0.0202699 -0.104538
 outer loop
  vertex -63.3305 55.6139 259.924
  vertex -62.2143 48.3207 249.607
  vertex -63.0925 40.8713 255.129
 endloop
endfacet
facet normal -0.992164 0.0433555 -0.117177
 outer loop
  vertex -63.0925 40.8713 255.129
  vertex -62.2143 48.3207 249.607
  vertex -62.3285 33.8965 244.519
 endloop
endfacet
facet normal -0.929529 0.113906 -0.350716
 outer loop
  vertex -60.7284 55.2208 244.59
  vertex -58.7122 61.6417 240.014
  vertex -56.0177 52.9219 231.009
 endloop
endfacet
facet normal -0.843742 0.441279 -0.305568
 outer loop
  vertex -54.309 45.0933 221.184
  vertex -49.935 46.2409 212.946
  vertex -57.448 33.4033 213.581
 endloop
endfacet
facet normal -0.0523371 5.0105E-17 -0.998629
 outer loop
  vertex -3.25471E-16 -70 201.413
  vertex 7.80541E-15 -85 201.413
  vertex -3.32357 -70.0002 201.587
 endloop
endfacet
facet normal -0.0523371 -3.0271E-15 -0.998629
 outer loop
  vertex -3.32357 -70.0002 201.587
  vertex 7.80541E-15 -85 201.413
  vertex -3.32333 -85 201.587
 endloop
endfacet
facet normal -0.0523367 5.81293E-17 -0.998629
 outer loop
  vertex -3.32333 75 201.587
  vertex 7.80541E-15 75 201.413
  vertex -3.32347 70.0001 201.587
 endloop
endfacet
facet normal -0.0523367 5.79401E-17 -0.998629
 outer loop
  vertex -3.32347 70.0001 201.587
  vertex 7.80541E-15 75 201.413
  vertex 3.7945E-15 70 201.413
 endloop
endfacet
facet normal 0.0523367 -1.18158E-16 -0.998629
 outer loop
  vertex 3.32333 75 201.587
  vertex 3.32347 70.0001 201.587
  vertex 7.80541E-15 75 201.413
 endloop
endfacet
facet normal 0.0523367 -6.09333E-17 -0.998629
 outer loop
  vertex 7.80541E-15 75 201.413
  vertex 3.32347 70.0001 201.587
  vertex 3.7945E-15 70 201.413
 endloop
endfacet
facet normal 0.99999 -0.000280629 -0.00444651
 outer loop
  vertex 63.5002 70.0001 265
  vertex 63.5002 59.445 265
  vertex 63.4958 70.0001 264.257
 endloop
endfacet
facet normal 0.999433 0.000146887 -0.0336734
 outer loop
  vertex 63.4958 70.0001 264.257
  vertex 63.5002 59.445 265
  vertex 63.2488 66.9268 259.362
 endloop
endfacet
facet normal 0.990333 0.00363374 -0.138664
 outer loop
  vertex 62.6179 70 254.452
  vertex 63.2488 66.9268 259.362
  vertex 62.6226 63.2188 254.26
 endloop
endfacet
facet normal 0.964965 0.0264524 -0.26104
 outer loop
  vertex 61.5226 70 249.277
  vertex 62.6226 63.2188 254.26
  vertex 58.7119 61.6431 240.014
 endloop
endfacet
facet normal 0.922395 0.0235773 -0.385528
 outer loop
  vertex 59.4303 70 242.633
  vertex 58.7119 61.6431 240.014
  vertex 57.2538 70 237.536
 endloop
endfacet
facet normal 0.945731 0.0231301 -0.324127
 outer loop
  vertex 59.4303 70 242.633
  vertex 61.5226 70 249.277
  vertex 58.7119 61.6431 240.014
 endloop
endfacet
facet normal 0.999737 0.00145575 -0.0229048
 outer loop
  vertex 63.5002 58.6846 265
  vertex 63.3305 55.6156 259.923
  vertex 63.5002 59.445 265
 endloop
endfacet
facet normal 0.999752 0.0014645 -0.0222012
 outer loop
  vertex 63.5002 58.6846 265
  vertex 63.5001 46.9478 265
  vertex 63.3305 55.6156 259.923
 endloop
endfacet
facet normal 0.998777 0.00661692 -0.0489893
 outer loop
  vertex 63.3305 55.6156 259.923
  vertex 63.5001 46.9478 265
  vertex 63.0924 40.8733 255.128
 endloop
endfacet
facet normal 0.992162 0.0433601 -0.117193
 outer loop
  vertex 62.2141 48.3225 249.606
  vertex 63.0924 40.8733 255.128
  vertex 62.3282 33.8985 244.518
 endloop
endfacet
facet normal 0.985418 0.114759 -0.125624
 outer loop
  vertex 60.8872 40.839 239.464
  vertex 62.3282 33.8985 244.518
  vertex 62.0298 27.3447 233.521
 endloop
endfacet
facet normal 0.977639 0.185133 -0.0997407
 outer loop
  vertex 60.2019 33.9356 228.789
  vertex 62.0298 27.3447 233.521
  vertex 62.2602 21.269 222.084
 endloop
endfacet
facet normal 0.94883 0.292735 -0.118442
 outer loop
  vertex 57.4474 33.4049 213.581
  vertex 62.2602 21.269 222.084
  vertex 60.7118 21.8284 205.874
 endloop
endfacet
facet normal 0.944177 0.318905 -0.0826408
 outer loop
  vertex 58.0308 27.6482 201.851
  vertex 60.7118 21.8284 205.874
  vertex 61.4603 16.2209 194.006
 endloop
endfacet
facet normal 0.94784 0.31857 -0.0106265
 outer loop
  vertex 59.2872 22.745 190
  vertex 61.4603 16.2209 194.006
  vertex 59.6204 21.8571 190
 endloop
endfacet
facet normal 0.938806 0.340817 -0.0498807
 outer loop
  vertex 59.2872 22.745 190
  vertex 58.0308 27.6482 201.851
  vertex 61.4603 16.2209 194.006
 endloop
endfacet
facet normal 0.909397 0.41402 -0.0397966
 outer loop
  vertex 59.2872 22.745 190
  vertex 55.9861 29.9641 190
  vertex 58.0308 27.6482 201.851
 endloop
endfacet
facet normal 0.882882 0.463576 -0.0749449
 outer loop
  vertex 58.0308 27.6482 201.851
  vertex 55.9861 29.9641 190
  vertex 54.7967 32.9679 198.288
 endloop
endfacet
facet normal 0.8447 0.500081 -0.190788
 outer loop
  vertex 57.4474 33.4049 213.581
  vertex 54.7967 32.9679 198.288
  vertex 49.9086 43.0767 207.345
 endloop
endfacet
facet normal 0.799556 0.500948 -0.331302
 outer loop
  vertex 54.3084 45.0947 221.185
  vertex 49.9086 43.0767 207.345
  vertex 49.9344 46.2421 212.947
 endloop
endfacet
facet normal 0.755273 0.475341 -0.451235
 outer loop
  vertex 50.4328 49.8346 218.155
  vertex 49.9344 46.2421 212.947
  vertex 46.0897 54.152 215.514
 endloop
endfacet
facet normal 0.753462 0.362172 -0.54875
 outer loop
  vertex 51.4016 53.8523 222.972
  vertex 46.0897 54.152 215.514
  vertex 47.4078 58.4854 220.041
 endloop
endfacet
facet normal 0.783173 0.221831 -0.580888
 outer loop
  vertex 52.7899 58.2492 227.44
  vertex 47.4078 58.4854 220.041
  vertex 49.2698 63.3105 224.115
 endloop
endfacet
facet normal 0.81663 0.0971062 -0.568934
 outer loop
  vertex 54.4929 62.9305 231.647
  vertex 49.2698 63.3105 224.115
  vertex 51.5323 68.4976 227.857
 endloop
endfacet
facet normal 0.828632 0.0105 -0.559695
 outer loop
  vertex 54.034 70 231.644
  vertex 51.5323 68.4976 227.857
  vertex 52.2173 70 228.867
 endloop
endfacet
facet normal 0.841599 0.0456886 -0.538167
 outer loop
  vertex 54.034 70 231.644
  vertex 54.4929 62.9305 231.647
  vertex 51.5323 68.4976 227.857
 endloop
endfacet
facet normal 0.866875 0.0452545 -0.496467
 outer loop
  vertex 54.034 70 231.644
  vertex 56.376 67.7747 235.704
  vertex 54.4929 62.9305 231.647
 endloop
endfacet
facet normal 0.871421 0.0102236 -0.490429
 outer loop
  vertex 54.034 70 231.644
  vertex 55.4991 70 234.144
  vertex 56.376 67.7747 235.704
 endloop
endfacet
facet normal 0.888157 0.0103937 -0.459422
 outer loop
  vertex 56.376 67.7747 235.704
  vertex 55.4991 70 234.144
  vertex 57.2538 70 237.536
 endloop
endfacet
facet normal 0.90633 0.032766 -0.421298
 outer loop
  vertex 58.7119 61.6431 240.014
  vertex 56.376 67.7747 235.704
  vertex 57.2538 70 237.536
 endloop
endfacet
facet normal 0.892858 0.0677657 -0.44521
 outer loop
  vertex 58.7119 61.6431 240.014
  vertex 54.4929 62.9305 231.647
  vertex 56.376 67.7747 235.704
 endloop
endfacet
facet normal 0.894144 0.127442 -0.429262
 outer loop
  vertex 58.7119 61.6431 240.014
  vertex 56.0173 52.9233 231.009
  vertex 54.4929 62.9305 231.647
 endloop
endfacet
facet normal 0.929523 0.113902 -0.350733
 outer loop
  vertex 58.7119 61.6431 240.014
  vertex 60.7281 55.2224 244.59
  vertex 56.0173 52.9233 231.009
 endloop
endfacet
facet normal 0.962352 0.0483034 -0.26748
 outer loop
  vertex 58.7119 61.6431 240.014
  vertex 62.6226 63.2188 254.26
  vertex 60.7281 55.2224 244.59
 endloop
endfacet
facet normal 0.985804 0.0269785 -0.165721
 outer loop
  vertex 60.7281 55.2224 244.59
  vertex 62.6226 63.2188 254.26
  vertex 63.3305 55.6156 259.923
 endloop
endfacet
facet normal 0.994313 0.0202728 -0.104554
 outer loop
  vertex 62.2141 48.3225 249.606
  vertex 63.3305 55.6156 259.923
  vertex 63.0924 40.8733 255.128
 endloop
endfacet
facet normal 0.985265 0.0370049 -0.166985
 outer loop
  vertex 62.2141 48.3225 249.606
  vertex 60.7281 55.2224 244.59
  vertex 63.3305 55.6156 259.923
 endloop
endfacet
facet normal 0.96514 0.0934496 -0.244483
 outer loop
  vertex 62.2141 48.3225 249.606
  vertex 58.7624 47.1615 234.979
  vertex 60.7281 55.2224 244.59
 endloop
endfacet
facet normal 0.969004 0.112912 -0.21973
 outer loop
  vertex 62.2141 48.3225 249.606
  vertex 60.8872 40.839 239.464
  vertex 58.7624 47.1615 234.979
 endloop
endfacet
facet normal 0.984785 0.0794455 -0.154555
 outer loop
  vertex 62.2141 48.3225 249.606
  vertex 62.3282 33.8985 244.518
  vertex 60.8872 40.839 239.464
 endloop
endfacet
facet normal 0.999623 0.0051359 -0.0269823
 outer loop
  vertex 63.5001 46.9478 265
  vertex 63.5001 27.7796 265
  vertex 63.0924 40.8733 255.128
 endloop
endfacet
facet normal 0.997615 0.0297298 -0.0622858
 outer loop
  vertex 63.0924 40.8733 255.128
  vertex 63.5001 27.7796 265
  vertex 62.3282 33.8985 244.518
 endloop
endfacet
facet normal 0.998843 0.0277607 -0.0392699
 outer loop
  vertex 62.3282 33.8985 244.518
  vertex 63.5001 27.7796 265
  vertex 63.4342 18.412 256.103
 endloop
endfacet
facet normal 0.99994 0.01055 -0.00285436
 outer loop
  vertex 63.498 12.1857 244.805
  vertex 63.4342 18.412 256.103
  vertex 63.5001 6.6693 265
 endloop
endfacet
facet normal 0.999998 -0.00201445 0.000430596
 outer loop
  vertex 63.5001 0.000174511 254.047
  vertex 63.5001 6.6693 265
  vertex 63.5001 0.000112915 265
 endloop
endfacet
facet normal 0.999985 0.00536475 0.001225
 outer loop
  vertex 63.5001 0.000174511 254.047
  vertex 63.498 12.1857 244.805
  vertex 63.5001 6.6693 265
 endloop
endfacet
facet normal 0.999994 0.00329877 0.000908915
 outer loop
  vertex 63.5001 0.000174511 254.047
  vertex 63.5001 0.000177659 253.925
  vertex 63.498 12.1857 244.805
 endloop
endfacet
facet normal 0.999991 -0.00422337 0.000921012
 outer loop
  vertex 63.498 12.1857 244.805
  vertex 63.5001 0.000177659 253.925
  vertex 63.5 0.000275635 238.035
 endloop
endfacet
facet normal 0.999796 -0.0201826 0.0011279
 outer loop
  vertex 63.62 6.0119 233.458
  vertex 63.5 0.000275635 238.035
  vertex 63.5 0.000273521 237.944
 endloop
endfacet
facet normal 0.999747 -0.0224789 0.00112305
 outer loop
  vertex 63.5001 0.000149247 232.534
  vertex 63.62 6.0119 233.458
  vertex 63.5 0.000273521 237.944
 endloop
endfacet
facet normal 0.99964 -0.0268129 0.00110868
 outer loop
  vertex 63.5001 0.000149247 232.534
  vertex 63.4999 -0.000161594 223.562
  vertex 63.62 6.0119 233.458
 endloop
endfacet
facet normal 0.999581 -0.0289318 0.0011031
 outer loop
  vertex 63.62 6.0119 233.458
  vertex 63.4999 -0.000161594 223.562
  vertex 63.4999 -0.000167411 222.993
 endloop
endfacet
facet normal 0.999287 0.0314791 -0.0208309
 outer loop
  vertex 62.2602 21.269 222.084
  vertex 63.4999 -0.000167411 222.993
  vertex 63.4999 -0.000163804 222.024
 endloop
endfacet
facet normal 0.999457 0.027347 -0.0183982
 outer loop
  vertex 62.624 15.3138 210.536
  vertex 63.4999 -0.000163804 222.024
  vertex 63.4999 -0.000162989 221.962
 endloop
endfacet
facet normal 0.999412 0.0289437 -0.0183791
 outer loop
  vertex 63.5 9.67775E-05 212.499
  vertex 62.624 15.3138 210.536
  vertex 63.4999 -0.000162989 221.962
 endloop
endfacet
facet normal 0.999254 0.0339704 -0.0183827
 outer loop
  vertex 63.5 9.67775E-05 212.499
  vertex 63.5 -0.000171098 206.012
  vertex 62.624 15.3138 210.536
 endloop
endfacet
facet normal 0.995561 0.0894551 -0.0292702
 outer loop
  vertex 62.624 15.3138 210.536
  vertex 63.5 -0.000171098 206.012
  vertex 62.9837 9.35486 198.992
 endloop
endfacet
facet normal 0.972772 0.225342 -0.0541781
 outer loop
  vertex 60.7118 21.8284 205.874
  vertex 62.9837 9.35486 198.992
  vertex 61.4603 16.2209 194.006
 endloop
endfacet
facet normal 0.978554 0.196389 -0.0621616
 outer loop
  vertex 60.7118 21.8284 205.874
  vertex 62.624 15.3138 210.536
  vertex 62.9837 9.35486 198.992
 endloop
endfacet
facet normal 0.974496 0.212544 -0.0719849
 outer loop
  vertex 60.7118 21.8284 205.874
  vertex 62.2602 21.269 222.084
  vertex 62.624 15.3138 210.536
 endloop
endfacet
facet normal 0.994113 0.100996 -0.0392372
 outer loop
  vertex 62.624 15.3138 210.536
  vertex 62.2602 21.269 222.084
  vertex 63.4999 -0.000163804 222.024
 endloop
endfacet
facet normal 0.999985 0.00317519 -0.00439192
 outer loop
  vertex 63.5001 27.7796 265
  vertex 63.5001 23.4739 265
  vertex 63.4342 18.412 256.103
 endloop
endfacet
facet normal 0.999988 0.00317798 -0.00383735
 outer loop
  vertex 63.4342 18.412 256.103
  vertex 63.5001 23.4739 265
  vertex 63.5001 6.6693 265
 endloop
endfacet
facet normal 0.999627 0.0250388 -0.0108814
 outer loop
  vertex 63.5 -0.000171098 206.012
  vertex 63.5 -0.000170584 205.981
  vertex 62.9837 9.35486 198.992
 endloop
endfacet
facet normal 0.999363 0.0339978 -0.0108333
 outer loop
  vertex 62.9837 9.35486 198.992
  vertex 63.5 -0.000170584 205.981
  vertex 63.4999 0.000214612 190
 endloop
endfacet
facet normal 0.997614 0.0681328 -0.0111368
 outer loop
  vertex 63.3192 4.78934 190
  vertex 62.9837 9.35486 198.992
  vertex 63.4999 0.000214612 190
 endloop
endfacet
facet normal 0.989453 0.144392 -0.0115271
 outer loop
  vertex 63.3192 4.78934 190
  vertex 61.8265 14.4832 190
  vertex 62.9837 9.35486 198.992
 endloop
endfacet
facet normal 0.978881 0.203289 -0.0215699
 outer loop
  vertex 62.9837 9.35486 198.992
  vertex 61.8265 14.4832 190
  vertex 61.4603 16.2209 194.006
 endloop
endfacet
facet normal 0.96133 0.275186 -0.0108296
 outer loop
  vertex 61.4603 16.2209 194.006
  vertex 61.8265 14.4832 190
  vertex 59.6204 21.8571 190
 endloop
endfacet
facet normal 0.85445 0.518301 -0.0357645
 outer loop
  vertex 55.9861 29.9641 190
  vertex 52.071 36.3435 190
  vertex 54.7967 32.9679 198.288
 endloop
endfacet
facet normal 0.827806 0.557829 -0.0597008
 outer loop
  vertex 54.7967 32.9679 198.288
  vertex 52.071 36.3435 190
  vertex 51.1604 37.9242 195.059
 endloop
endfacet
facet normal 0.745509 0.648125 -0.155403
 outer loop
  vertex 49.9086 43.0767 207.345
  vertex 51.1604 37.9242 195.059
  vertex 41.3428 48.6783 196.341
 endloop
endfacet
facet normal 0.615644 0.771112 -0.162385
 outer loop
  vertex 40.4989 51.0575 202.665
  vertex 41.3428 48.6783 196.341
  vertex 36.268 52.3343 194.308
 endloop
endfacet
facet normal 0.534719 0.833767 -0.137509
 outer loop
  vertex 35.1616 54.4762 200.851
  vertex 36.268 52.3343 194.308
  vertex 30.7764 55.6135 192.622
 endloop
endfacet
facet normal 0.445827 0.88776 -0.114542
 outer loop
  vertex 29.385 57.4979 199.402
  vertex 30.7764 55.6135 192.622
  vertex 24.8129 58.4662 191.328
 endloop
endfacet
facet normal 0.347459 0.932515 -0.0984299
 outer loop
  vertex 23.1239 60.0816 198.355
  vertex 24.8129 58.4662 191.328
  vertex 18.2874 60.8109 190.502
 endloop
endfacet
facet normal 0.238158 0.966712 -0.0935307
 outer loop
  vertex 16.3004 62.1569 197.777
  vertex 18.2874 60.8109 190.502
  vertex 11.0678 62.5282 190.253
 endloop
endfacet
facet normal 0.119272 0.987633 -0.101761
 outer loop
  vertex 8.81298 63.6321 197.75
  vertex 11.0678 62.5282 190.253
  vertex 3.32231 63.4188 190.707
 endloop
endfacet
facet normal 0.0727296 0.977283 -0.199067
 outer loop
  vertex 3.3234 64.1584 197.925
  vertex 8.81298 63.6321 197.75
  vertex 3.32231 63.4188 190.707
 endloop
endfacet
facet normal 0.0664044 0.95237 -0.297627
 outer loop
  vertex 3.3234 64.1584 197.925
  vertex 3.32337 64.2167 198.108
  vertex 8.81298 63.6321 197.75
 endloop
endfacet
facet normal 0.0933564 0.92711 -0.362976
 outer loop
  vertex 8.81298 63.6321 197.75
  vertex 3.32337 64.2167 198.108
  vertex 8.66461 64.2835 199.279
 endloop
endfacet
facet normal 0.200449 0.864434 -0.461058
 outer loop
  vertex 16.1188 62.7782 199.334
  vertex 8.66461 64.2835 199.279
  vertex 16.1018 63.1557 200.05
 endloop
endfacet
facet normal 0.280248 0.809141 -0.51648
 outer loop
  vertex 22.9051 61.4547 201.349
  vertex 16.1018 63.1557 200.05
  vertex 16.1399 63.5828 200.722
 endloop
endfacet
facet normal 0.214352 0.627735 -0.748333
 outer loop
  vertex 16.394 64.598 201.916
  vertex 16.1399 63.5828 200.722
  vertex 9.36695 66.4894 201.507
 endloop
endfacet
facet normal 0.168571 0.316107 -0.933627
 outer loop
  vertex 13.6025 66.9818 202.517
  vertex 9.36695 66.4894 201.507
  vertex 10.2647 68.0864 202.166
 endloop
endfacet
facet normal 0.134989 0.0643016 -0.988758
 outer loop
  vertex 11.4944 69.9834 202.549
  vertex 10.2647 68.0864 202.166
  vertex 4.01202 70.0001 201.627
 endloop
endfacet
facet normal 0.142154 0.0014276 -0.989843
 outer loop
  vertex 11.5057 70 202.551
  vertex 11.4944 69.9834 202.549
  vertex 4.01202 70.0001 201.627
 endloop
endfacet
facet normal 0.197197 0.0403193 -0.979535
 outer loop
  vertex 11.5057 70 202.551
  vertex 14.5736 68.6451 203.115
  vertex 11.4944 69.9834 202.549
 endloop
endfacet
facet normal 0.218028 0.0403521 -0.975108
 outer loop
  vertex 11.5057 70 202.551
  vertex 15.4445 70 203.407
  vertex 14.5736 68.6451 203.115
 endloop
endfacet
facet normal 0.245855 0.0409105 -0.968443
 outer loop
  vertex 14.5736 68.6451 203.115
  vertex 15.4445 70 203.407
  vertex 16.8033 70 203.763
 endloop
endfacet
facet normal 0.279961 0.10829 -0.953884
 outer loop
  vertex 17.6537 67.3077 203.68
  vertex 16.8033 70 203.763
  vertex 18.6483 68.9921 204.259
 endloop
endfacet
facet normal 0.321748 0.211495 -0.922902
 outer loop
  vertex 20.7226 65.9601 204.254
  vertex 18.6483 68.9921 204.259
  vertex 21.5142 67.4612 205.002
 endloop
endfacet
facet normal 0.367849 0.317481 -0.87401
 outer loop
  vertex 23.7612 64.5851 204.854
  vertex 21.5142 67.4612 205.002
  vertex 24.391 65.9399 205.736
 endloop
endfacet
facet normal 0.429377 0.27534 -0.860129
 outer loop
  vertex 30.0837 62.8424 207.255
  vertex 24.391 65.9399 205.736
  vertex 26.1314 69.0841 207.1
 endloop
endfacet
facet normal 0.445657 0.101217 -0.889463
 outer loop
  vertex 31.2459 65.4639 209.1
  vertex 26.1314 69.0841 207.1
  vertex 26.9613 70 207.508
 endloop
endfacet
facet normal 0.486289 0.0822984 -0.869914
 outer loop
  vertex 33.7086 70 211.186
  vertex 31.2459 65.4639 209.1
  vertex 26.9613 70 207.508
 endloop
endfacet
facet normal 0.535513 0.0813982 -0.840595
 outer loop
  vertex 33.7086 70 211.186
  vertex 36.3347 70 212.923
  vertex 31.2459 65.4639 209.1
 endloop
endfacet
facet normal 0.550652 0.212527 -0.807227
 outer loop
  vertex 31.2459 65.4639 209.1
  vertex 36.3347 70 212.923
  vertex 36.3826 61.8639 211.081
 endloop
endfacet
facet normal 0.582314 0.488264 -0.650006
 outer loop
  vertex 35.5847 59.5717 208.933
  vertex 36.3826 61.8639 211.081
  vertex 40.803 56.0454 210.846
 endloop
endfacet
facet normal 0.652717 0.546433 -0.524759
 outer loop
  vertex 40.4697 54.1731 208.312
  vertex 40.803 56.0454 210.846
  vertex 46.0897 54.152 215.514
 endloop
endfacet
facet normal 0.702645 0.541777 -0.461267
 outer loop
  vertex 49.9344 46.2421 212.947
  vertex 40.4697 54.1731 208.312
  vertex 46.0897 54.152 215.514
 endloop
endfacet
facet normal 0.722158 0.583234 -0.371921
 outer loop
  vertex 49.9344 46.2421 212.947
  vertex 49.9086 43.0767 207.345
  vertex 40.4697 54.1731 208.312
 endloop
endfacet
facet normal 0.675092 0.652375 -0.344467
 outer loop
  vertex 40.4697 54.1731 208.312
  vertex 49.9086 43.0767 207.345
  vertex 40.4989 51.0575 202.665
 endloop
endfacet
facet normal 0.581181 0.784789 -0.215255
 outer loop
  vertex 35.1616 54.4762 200.851
  vertex 40.4989 51.0575 202.665
  vertex 36.268 52.3343 194.308
 endloop
endfacet
facet normal 0.59866 0.722484 -0.345866
 outer loop
  vertex 35.1616 54.4762 200.851
  vertex 40.4697 54.1731 208.312
  vertex 40.4989 51.0575 202.665
 endloop
endfacet
facet normal 0.571637 0.698579 -0.43037
 outer loop
  vertex 35.1616 54.4762 200.851
  vertex 35.1201 57.5807 206.508
  vertex 40.4697 54.1731 208.312
 endloop
endfacet
facet normal 0.51777 0.774759 -0.362853
 outer loop
  vertex 35.1616 54.4762 200.851
  vertex 29.385 57.4979 199.402
  vertex 35.1201 57.5807 206.508
 endloop
endfacet
facet normal 0.496543 0.844763 -0.199549
 outer loop
  vertex 35.1616 54.4762 200.851
  vertex 30.7764 55.6135 192.622
  vertex 29.385 57.4979 199.402
 endloop
endfacet
facet normal 0.774356 0.632252 -0.0250908
 outer loop
  vertex 52.071 36.3435 190
  vertex 43.7556 46.0188 190
  vertex 51.1604 37.9242 195.059
 endloop
endfacet
facet normal 0.71704 0.694012 -0.0648174
 outer loop
  vertex 51.1604 37.9242 195.059
  vertex 43.7556 46.0188 190
  vertex 41.3428 48.6783 196.341
 endloop
endfacet
facet normal 0.670416 0.740863 -0.0407959
 outer loop
  vertex 41.3428 48.6783 196.341
  vertex 43.7556 46.0188 190
  vertex 42.7034 46.997 190
 endloop
endfacet
facet normal 0.637135 0.769699 -0.0402851
 outer loop
  vertex 37.3243 51.3726 190
  vertex 41.3428 48.6783 196.341
  vertex 42.7034 46.997 190
 endloop
endfacet
facet normal 0.602098 0.795543 -0.0677428
 outer loop
  vertex 37.3243 51.3726 190
  vertex 36.268 52.3343 194.308
  vertex 41.3428 48.6783 196.341
 endloop
endfacet
facet normal 0.551799 0.833518 -0.0276558
 outer loop
  vertex 37.3243 51.3726 190
  vertex 31.4989 55.1372 190
  vertex 36.268 52.3343 194.308
 endloop
endfacet
facet normal 0.516827 0.854946 -0.0442494
 outer loop
  vertex 36.268 52.3343 194.308
  vertex 31.4989 55.1372 190
  vertex 30.7764 55.6135 192.622
 endloop
endfacet
facet normal 0.45958 0.887998 -0.0156946
 outer loop
  vertex 30.7764 55.6135 192.622
  vertex 31.4989 55.1372 190
  vertex 25.2178 58.2782 190
 endloop
endfacet
facet normal 0.359953 0.932948 -0.00653245
 outer loop
  vertex 24.8129 58.4662 191.328
  vertex 25.2178 58.2782 190
  vertex 18.4545 60.7593 190
 endloop
endfacet
facet normal 0.251814 0.967775 -0.00145329
 outer loop
  vertex 18.2874 60.8109 190.502
  vertex 18.4545 60.7593 190
  vertex 11.1589 62.5117 190
 endloop
endfacet
facet normal 0.134369 0.99093 -0.00152075
 outer loop
  vertex 11.0678 62.5282 190.253
  vertex 11.1589 62.5117 190
  vertex 3.32361 63.4132 190
 endloop
endfacet
facet normal 0.093395 0.99561 -0.00615257
 outer loop
  vertex 3.32231 63.4188 190.707
  vertex 11.0678 62.5282 190.253
  vertex 3.32361 63.4132 190
 endloop
endfacet
facet normal 0.0626957 0.888309 -0.454947
 outer loop
  vertex 3.32337 64.2167 198.108
  vertex 3.32332 64.9088 199.571
  vertex 8.66461 64.2835 199.279
 endloop
endfacet
facet normal 0.0886236 0.831477 -0.548446
 outer loop
  vertex 8.66461 64.2835 199.279
  vertex 3.32332 64.9088 199.571
  vertex 8.70531 64.713 199.948
 endloop
endfacet
facet normal 0.20085 0.806822 -0.555605
 outer loop
  vertex 16.1018 63.1557 200.05
  vertex 8.70531 64.713 199.948
  vertex 16.1399 63.5828 200.722
 endloop
endfacet
facet normal 0.158049 0.835694 -0.525961
 outer loop
  vertex 16.1018 63.1557 200.05
  vertex 8.66461 64.2835 199.279
  vertex 8.70531 64.713 199.948
 endloop
endfacet
facet normal 0.0621755 0.778481 -0.624581
 outer loop
  vertex 3.32332 64.9088 199.571
  vertex 3.32341 65.422 200.196
  vertex 8.70531 64.713 199.948
 endloop
endfacet
facet normal 0.0683233 0.701403 -0.709483
 outer loop
  vertex 8.70531 64.713 199.948
  vertex 3.32341 65.422 200.196
  vertex 4.95403 65.8366 200.644
 endloop
endfacet
facet normal 0.0786373 0.576592 -0.813239
 outer loop
  vertex 8.83346 65.2216 200.545
  vertex 4.95403 65.8366 200.644
  vertex 5.27891 66.523 201.077
 endloop
endfacet
facet normal 0.0899858 0.433151 -0.896818
 outer loop
  vertex 9.05363 65.8134 201.064
  vertex 5.27891 66.523 201.077
  vertex 5.71734 67.312 201.415
 endloop
endfacet
facet normal 0.124819 0.305643 -0.943929
 outer loop
  vertex 9.36695 66.4894 201.507
  vertex 5.71734 67.312 201.415
  vertex 10.2647 68.0864 202.166
 endloop
endfacet
facet normal 0.113672 0.433267 -0.894068
 outer loop
  vertex 9.36695 66.4894 201.507
  vertex 9.05363 65.8134 201.064
  vertex 5.71734 67.312 201.415
 endloop
endfacet
facet normal 0.17116 0.607024 -0.776032
 outer loop
  vertex 9.36695 66.4894 201.507
  vertex 16.1399 63.5828 200.722
  vertex 9.05363 65.8134 201.064
 endloop
endfacet
facet normal 0.163556 0.686526 -0.708472
 outer loop
  vertex 9.05363 65.8134 201.064
  vertex 16.1399 63.5828 200.722
  vertex 8.83346 65.2216 200.545
 endloop
endfacet
facet normal 0.102683 0.567854 -0.816699
 outer loop
  vertex 5.27891 66.523 201.077
  vertex 9.05363 65.8134 201.064
  vertex 8.83346 65.2216 200.545
 endloop
endfacet
facet normal 0.0428464 0.614559 -0.787706
 outer loop
  vertex 3.32341 65.422 200.196
  vertex 3.3232 66.0631 200.71
  vertex 4.95403 65.8366 200.644
 endloop
endfacet
facet normal 0.0437658 0.548007 -0.835328
 outer loop
  vertex 4.95403 65.8366 200.644
  vertex 3.3232 66.0631 200.71
  vertex 3.32318 66.1759 200.78
 endloop
endfacet
facet normal 0.0447218 0.490589 -0.870243
 outer loop
  vertex 3.32318 66.8572 201.108
  vertex 4.95403 65.8366 200.644
  vertex 3.32318 66.1759 200.78
 endloop
endfacet
facet normal 0.0529232 0.464553 -0.883962
 outer loop
  vertex 3.32318 66.8572 201.108
  vertex 5.27891 66.523 201.077
  vertex 4.95403 65.8366 200.644
 endloop
endfacet
facet normal 0.0506924 0.333199 -0.941493
 outer loop
  vertex 3.32318 66.8572 201.108
  vertex 3.32356 67.8135 201.384
  vertex 5.27891 66.523 201.077
 endloop
endfacet
facet normal 0.063546 0.309496 -0.948775
 outer loop
  vertex 5.27891 66.523 201.077
  vertex 3.32356 67.8135 201.384
  vertex 5.71734 67.312 201.415
 endloop
endfacet
facet normal 0.0636229 0.165139 -0.984216
 outer loop
  vertex 5.71734 67.312 201.415
  vertex 3.32356 67.8135 201.384
  vertex 4.01202 70.0001 201.627
 endloop
endfacet
facet normal 0.101306 0.160938 -0.981752
 outer loop
  vertex 10.2647 68.0864 202.166
  vertex 5.71734 67.312 201.415
  vertex 4.01202 70.0001 201.627
 endloop
endfacet
facet normal 0.0540744 0.0697712 -0.996096
 outer loop
  vertex 3.32356 67.8135 201.384
  vertex 3.32347 70.0001 201.587
  vertex 4.01202 70.0001 201.627
 endloop
endfacet
facet normal 0.287555 0.0274942 -0.957369
 outer loop
  vertex 16.8033 70 203.763
  vertex 19.2863 70 204.5
  vertex 18.6483 68.9921 204.259
 endloop
endfacet
facet normal 0.330367 0.0267771 -0.943473
 outer loop
  vertex 18.6483 68.9921 204.259
  vertex 19.2863 70 204.5
  vertex 24.8989 70 206.585
 endloop
endfacet
facet normal 0.3749 0.167764 -0.911759
 outer loop
  vertex 21.5142 67.4612 205.002
  vertex 24.8989 70 206.585
  vertex 24.391 65.9399 205.736
 endloop
endfacet
facet normal 0.342936 0.0915002 -0.934892
 outer loop
  vertex 21.5142 67.4612 205.002
  vertex 18.6483 68.9921 204.259
  vertex 24.8989 70 206.585
 endloop
endfacet
facet normal 0.399694 0.119869 -0.908777
 outer loop
  vertex 24.391 65.9399 205.736
  vertex 24.8989 70 206.585
  vertex 26.1314 69.0841 207.1
 endloop
endfacet
facet normal 0.408217 0.0173912 -0.912719
 outer loop
  vertex 26.1314 69.0841 207.1
  vertex 24.8989 70 206.585
  vertex 26.6865 70 207.38
 endloop
endfacet
facet normal 0.419023 0.0169373 -0.907817
 outer loop
  vertex 26.9613 70 207.508
  vertex 26.1314 69.0841 207.1
  vertex 26.6865 70 207.38
 endloop
endfacet
facet normal 0.59099 0.162255 -0.790192
 outer loop
  vertex 36.3826 61.8639 211.081
  vertex 36.3347 70 212.923
  vertex 38.8798 67.2631 214.627
 endloop
endfacet
facet normal 0.643428 0.111191 -0.757388
 outer loop
  vertex 43.1688 62.8969 217.313
  vertex 38.8798 67.2631 214.627
  vertex 40.3366 70 215.957
 endloop
endfacet
facet normal 0.697035 0.0141439 -0.716898
 outer loop
  vertex 45.6858 68.314 220.843
  vertex 40.3366 70 215.957
  vertex 46.5311 70 221.79
 endloop
endfacet
facet normal 0.72888 0.01491 -0.684479
 outer loop
  vertex 46.6295 70 221.896
  vertex 45.6858 68.314 220.843
  vertex 46.5311 70 221.79
 endloop
endfacet
facet normal 0.744306 0.0667863 -0.664491
 outer loop
  vertex 46.6295 70 221.896
  vertex 49.2698 63.3105 224.115
  vertex 45.6858 68.314 220.843
 endloop
endfacet
facet normal 0.775644 0.0615112 -0.628166
 outer loop
  vertex 46.6295 70 221.896
  vertex 51.5323 68.4976 227.857
  vertex 49.2698 63.3105 224.115
 endloop
endfacet
facet normal 0.790923 0.0100466 -0.611833
 outer loop
  vertex 46.6295 70 221.896
  vertex 52.2173 70 228.867
  vertex 51.5323 68.4976 227.857
 endloop
endfacet
facet normal 0.592101 0.0314439 -0.80525
 outer loop
  vertex 36.3347 70 212.923
  vertex 37.4921 70 213.75
  vertex 38.8798 67.2631 214.627
 endloop
endfacet
facet normal 0.613169 0.0316915 -0.789316
 outer loop
  vertex 38.8798 67.2631 214.627
  vertex 37.4921 70 213.75
  vertex 40.3366 70 215.957
 endloop
endfacet
facet normal 0.981402 0.00328122 -0.191937
 outer loop
  vertex 61.5226 70 249.277
  vertex 62.6179 70 254.452
  vertex 62.6226 63.2188 254.26
 endloop
endfacet
facet normal 0.996045 -0.000196023 -0.0888553
 outer loop
  vertex 62.6179 70 254.452
  vertex 63.4958 70.0001 264.257
  vertex 63.2488 66.9268 259.362
 endloop
endfacet
facet normal 0.815702 0.382245 -0.434188
 outer loop
  vertex 50.4328 49.8346 218.155
  vertex 51.4016 53.8523 222.972
  vertex 54.3084 45.0947 221.185
 endloop
endfacet
facet normal 0.802978 0.451164 -0.389459
 outer loop
  vertex 49.9344 46.2421 212.947
  vertex 50.4328 49.8346 218.155
  vertex 54.3084 45.0947 221.185
 endloop
endfacet
facet normal 0.767618 0.406195 -0.49575
 outer loop
  vertex 50.4328 49.8346 218.155
  vertex 46.0897 54.152 215.514
  vertex 51.4016 53.8523 222.972
 endloop
endfacet
facet normal 0.812741 0.562873 -0.150419
 outer loop
  vertex 51.1604 37.9242 195.059
  vertex 49.9086 43.0767 207.345
  vertex 54.7967 32.9679 198.288
 endloop
endfacet
facet normal 0.421773 0.847124 -0.323246
 outer loop
  vertex 29.385 57.4979 199.402
  vertex 23.1239 60.0816 198.355
  vertex 29.1738 58.8779 202.389
 endloop
endfacet
facet normal 0.481551 0.721846 -0.497038
 outer loop
  vertex 35.1201 57.5807 206.508
  vertex 29.1738 58.8779 202.389
  vertex 29.2253 59.71 203.751
 endloop
endfacet
facet normal 0.426205 0.656779 -0.622086
 outer loop
  vertex 29.3919 60.6461 205.019
  vertex 29.2253 59.71 203.751
  vertex 23.304 63.3864 203.828
 endloop
endfacet
facet normal 0.356742 0.467194 -0.80899
 outer loop
  vertex 23.7612 64.5851 204.854
  vertex 23.304 63.3864 203.828
  vertex 20.7226 65.9601 204.254
 endloop
endfacet
facet normal 0.348266 0.335473 -0.87531
 outer loop
  vertex 21.5142 67.4612 205.002
  vertex 23.7612 64.5851 204.854
  vertex 20.7226 65.9601 204.254
 endloop
endfacet
facet normal 0.298994 0.936919 -0.181067
 outer loop
  vertex 18.2874 60.8109 190.502
  vertex 16.3004 62.1569 197.777
  vertex 23.1239 60.0816 198.355
 endloop
endfacet
facet normal 0.320521 0.883534 -0.341517
 outer loop
  vertex 23.1239 60.0816 198.355
  vertex 16.3004 62.1569 197.777
  vertex 22.9051 61.4547 201.349
 endloop
endfacet
facet normal 0.418808 0.770242 -0.480964
 outer loop
  vertex 29.1738 58.8779 202.389
  vertex 22.9051 61.4547 201.349
  vertex 29.2253 59.71 203.751
 endloop
endfacet
facet normal 0.388464 0.831941 -0.396195
 outer loop
  vertex 29.1738 58.8779 202.389
  vertex 23.1239 60.0816 198.355
  vertex 22.9051 61.4547 201.349
 endloop
endfacet
facet normal 0.162402 0.904398 -0.394575
 outer loop
  vertex 8.66461 64.2835 199.279
  vertex 16.1188 62.7782 199.334
  vertex 8.81298 63.6321 197.75
 endloop
endfacet
facet normal 0.205611 0.924195 -0.321851
 outer loop
  vertex 8.81298 63.6321 197.75
  vertex 16.1188 62.7782 199.334
  vertex 16.3004 62.1569 197.777
 endloop
endfacet
facet normal 0.184118 0.96483 -0.187625
 outer loop
  vertex 11.0678 62.5282 190.253
  vertex 8.81298 63.6321 197.75
  vertex 16.3004 62.1569 197.777
 endloop
endfacet
facet normal 0.323474 0.946192 -0.00929091
 outer loop
  vertex 18.4545 60.7593 190
  vertex 18.2874 60.8109 190.502
  vertex 24.8129 58.4662 191.328
 endloop
endfacet
facet normal 0.212981 0.977052 -0.00301929
 outer loop
  vertex 11.1589 62.5117 190
  vertex 11.0678 62.5282 190.253
  vertex 18.2874 60.8109 190.502
 endloop
endfacet
facet normal 0.403067 0.89599 -0.186384
 outer loop
  vertex 23.1239 60.0816 198.355
  vertex 29.385 57.4979 199.402
  vertex 24.8129 58.4662 191.328
 endloop
endfacet
facet normal 0.424298 0.905212 -0.0236969
 outer loop
  vertex 25.2178 58.2782 190
  vertex 24.8129 58.4662 191.328
  vertex 30.7764 55.6135 192.622
 endloop
endfacet
facet normal 0.684034 0.693709 -0.225534
 outer loop
  vertex 40.4989 51.0575 202.665
  vertex 49.9086 43.0767 207.345
  vertex 41.3428 48.6783 196.341
 endloop
endfacet
facet normal 0.540096 0.390759 -0.745388
 outer loop
  vertex 36.3826 61.8639 211.081
  vertex 35.5847 59.5717 208.933
  vertex 31.2459 65.4639 209.1
 endloop
endfacet
facet normal 0.508704 0.415859 -0.753845
 outer loop
  vertex 31.2459 65.4639 209.1
  vertex 35.5847 59.5717 208.933
  vertex 30.0837 62.8424 207.255
 endloop
endfacet
facet normal 0.465357 0.257074 -0.846968
 outer loop
  vertex 26.1314 69.0841 207.1
  vertex 31.2459 65.4639 209.1
  vertex 30.0837 62.8424 207.255
 endloop
endfacet
facet normal 0.48565 0.769411 -0.414911
 outer loop
  vertex 29.385 57.4979 199.402
  vertex 29.1738 58.8779 202.389
  vertex 35.1201 57.5807 206.508
 endloop
endfacet
facet normal 0.400807 0.565446 -0.72085
 outer loop
  vertex 23.304 63.3864 203.828
  vertex 23.7612 64.5851 204.854
  vertex 29.3919 60.6461 205.019
 endloop
endfacet
facet normal 0.437 0.521642 -0.732749
 outer loop
  vertex 29.3919 60.6461 205.019
  vertex 23.7612 64.5851 204.854
  vertex 30.0837 62.8424 207.255
 endloop
endfacet
facet normal 0.523593 0.550666 -0.65009
 outer loop
  vertex 35.1201 57.5807 206.508
  vertex 30.0837 62.8424 207.255
  vertex 35.5847 59.5717 208.933
 endloop
endfacet
facet normal 0.599208 0.570146 -0.562035
 outer loop
  vertex 40.4697 54.1731 208.312
  vertex 35.5847 59.5717 208.933
  vertex 40.803 56.0454 210.846
 endloop
endfacet
facet normal 0.571135 0.606745 -0.55287
 outer loop
  vertex 40.4697 54.1731 208.312
  vertex 35.1201 57.5807 206.508
  vertex 35.5847 59.5717 208.933
 endloop
endfacet
facet normal 0.492945 0.591276 -0.638278
 outer loop
  vertex 30.0837 62.8424 207.255
  vertex 35.1201 57.5807 206.508
  vertex 29.3919 60.6461 205.019
 endloop
endfacet
facet normal 0.483128 0.67638 -0.555965
 outer loop
  vertex 29.3919 60.6461 205.019
  vertex 35.1201 57.5807 206.508
  vertex 29.2253 59.71 203.751
 endloop
endfacet
facet normal 0.258815 0.268613 -0.927826
 outer loop
  vertex 14.5736 68.6451 203.115
  vertex 17.6537 67.3077 203.68
  vertex 16.898 65.8391 202.903
 endloop
endfacet
facet normal 0.244452 0.467242 -0.849664
 outer loop
  vertex 13.6025 66.9818 202.517
  vertex 16.898 65.8391 202.903
  vertex 16.394 64.598 201.916
 endloop
endfacet
facet normal 0.201275 0.466923 -0.861087
 outer loop
  vertex 9.36695 66.4894 201.507
  vertex 13.6025 66.9818 202.517
  vertex 16.394 64.598 201.916
 endloop
endfacet
facet normal 0.208403 0.14814 -0.966759
 outer loop
  vertex 11.4944 69.9834 202.549
  vertex 14.5736 68.6451 203.115
  vertex 13.6025 66.9818 202.517
 endloop
endfacet
facet normal 0.184761 0.17177 -0.967656
 outer loop
  vertex 10.2647 68.0864 202.166
  vertex 11.4944 69.9834 202.549
  vertex 13.6025 66.9818 202.517
 endloop
endfacet
facet normal 0.279578 0.842031 -0.461325
 outer loop
  vertex 16.1018 63.1557 200.05
  vertex 22.9051 61.4547 201.349
  vertex 16.1188 62.7782 199.334
 endloop
endfacet
facet normal 0.281969 0.876843 -0.38941
 outer loop
  vertex 16.1188 62.7782 199.334
  vertex 22.9051 61.4547 201.349
  vertex 16.3004 62.1569 197.777
 endloop
endfacet
facet normal 0.285505 0.744474 -0.603528
 outer loop
  vertex 16.1399 63.5828 200.722
  vertex 16.394 64.598 201.916
  vertex 22.9051 61.4547 201.349
 endloop
endfacet
facet normal 0.323263 0.719297 -0.614909
 outer loop
  vertex 22.9051 61.4547 201.349
  vertex 16.394 64.598 201.916
  vertex 23.0206 62.3447 202.658
 endloop
endfacet
facet normal 0.393174 0.677652 -0.621452
 outer loop
  vertex 29.2253 59.71 203.751
  vertex 23.0206 62.3447 202.658
  vertex 23.304 63.3864 203.828
 endloop
endfacet
facet normal 0.388186 0.746762 -0.540053
 outer loop
  vertex 29.2253 59.71 203.751
  vertex 22.9051 61.4547 201.349
  vertex 23.0206 62.3447 202.658
 endloop
endfacet
facet normal 0.095495 0.695993 -0.71167
 outer loop
  vertex 4.95403 65.8366 200.644
  vertex 8.83346 65.2216 200.545
  vertex 8.70531 64.713 199.948
 endloop
endfacet
facet normal 0.159326 0.758101 -0.632375
 outer loop
  vertex 8.70531 64.713 199.948
  vertex 8.83346 65.2216 200.545
  vertex 16.1399 63.5828 200.722
 endloop
endfacet
facet normal 0.277859 0.533076 -0.79914
 outer loop
  vertex 16.394 64.598 201.916
  vertex 16.898 65.8391 202.903
  vertex 20.1361 64.6444 203.336
 endloop
endfacet
facet normal 0.347264 0.611462 -0.711001
 outer loop
  vertex 23.0206 62.3447 202.658
  vertex 20.1361 64.6444 203.336
  vertex 23.304 63.3864 203.828
 endloop
endfacet
facet normal 0.309819 0.625552 -0.716029
 outer loop
  vertex 23.0206 62.3447 202.658
  vertex 16.394 64.598 201.916
  vertex 20.1361 64.6444 203.336
 endloop
endfacet
facet normal 0.337198 0.493781 -0.801547
 outer loop
  vertex 23.304 63.3864 203.828
  vertex 20.1361 64.6444 203.336
  vertex 20.7226 65.9601 204.254
 endloop
endfacet
facet normal 0.308583 0.378678 -0.87257
 outer loop
  vertex 20.7226 65.9601 204.254
  vertex 20.1361 64.6444 203.336
  vertex 17.6537 67.3077 203.68
 endloop
endfacet
facet normal 0.301063 0.227487 -0.926073
 outer loop
  vertex 18.6483 68.9921 204.259
  vertex 20.7226 65.9601 204.254
  vertex 17.6537 67.3077 203.68
 endloop
endfacet
facet normal 0.287598 0.405642 -0.867607
 outer loop
  vertex 16.898 65.8391 202.903
  vertex 17.6537 67.3077 203.68
  vertex 20.1361 64.6444 203.336
 endloop
endfacet
facet normal 0.236233 0.294588 -0.925965
 outer loop
  vertex 13.6025 66.9818 202.517
  vertex 14.5736 68.6451 203.115
  vertex 16.898 65.8391 202.903
 endloop
endfacet
facet normal 0.258116 0.121866 -0.958397
 outer loop
  vertex 17.6537 67.3077 203.68
  vertex 14.5736 68.6451 203.115
  vertex 16.8033 70 203.763
 endloop
endfacet
facet normal 0.411165 0.404051 -0.81712
 outer loop
  vertex 24.391 65.9399 205.736
  vertex 30.0837 62.8424 207.255
  vertex 23.7612 64.5851 204.854
 endloop
endfacet
facet normal 0.657803 0.484312 -0.576833
 outer loop
  vertex 46.0897 54.152 215.514
  vertex 40.803 56.0454 210.846
  vertex 41.3729 58.1315 213.184
 endloop
endfacet
facet normal 0.686043 0.329251 -0.648798
 outer loop
  vertex 47.4078 58.4854 220.041
  vertex 41.3729 58.1315 213.184
  vertex 43.1688 62.8969 217.313
 endloop
endfacet
facet normal 0.724979 0.145195 -0.673293
 outer loop
  vertex 49.2698 63.3105 224.115
  vertex 43.1688 62.8969 217.313
  vertex 45.6858 68.314 220.843
 endloop
endfacet
facet normal 0.730573 0.23116 -0.642517
 outer loop
  vertex 49.2698 63.3105 224.115
  vertex 47.4078 58.4854 220.041
  vertex 43.1688 62.8969 217.313
 endloop
endfacet
facet normal 0.621286 0.2409 -0.745635
 outer loop
  vertex 38.8798 67.2631 214.627
  vertex 43.1688 62.8969 217.313
  vertex 36.3826 61.8639 211.081
 endloop
endfacet
facet normal 0.628179 0.355817 -0.691943
 outer loop
  vertex 36.3826 61.8639 211.081
  vertex 43.1688 62.8969 217.313
  vertex 41.3729 58.1315 213.184
 endloop
endfacet
facet normal 0.611327 0.460231 -0.643791
 outer loop
  vertex 40.803 56.0454 210.846
  vertex 36.3826 61.8639 211.081
  vertex 41.3729 58.1315 213.184
 endloop
endfacet
facet normal 0.999993 -0.00321945 0.00203603
 outer loop
  vertex 63.5 0.000275635 238.035
  vertex 63.62 6.0119 233.458
  vertex 63.498 12.1857 244.805
 endloop
endfacet
facet normal 0.998174 0.0553381 -0.024233
 outer loop
  vertex 63.498 12.1857 244.805
  vertex 63.62 6.0119 233.458
  vertex 62.0298 27.3447 233.521
 endloop
endfacet
facet normal 0.99489 0.080978 -0.0602971
 outer loop
  vertex 62.3282 33.8985 244.518
  vertex 63.498 12.1857 244.805
  vertex 62.0298 27.3447 233.521
 endloop
endfacet
facet normal 0.998655 0.0351496 -0.0381053
 outer loop
  vertex 62.3282 33.8985 244.518
  vertex 63.4342 18.412 256.103
  vertex 63.498 12.1857 244.805
 endloop
endfacet
facet normal 0.960109 0.176153 -0.217164
 outer loop
  vertex 58.7624 47.1615 234.979
  vertex 60.8872 40.839 239.464
  vertex 60.2019 33.9356 228.789
 endloop
endfacet
facet normal 0.926741 0.316728 -0.202074
 outer loop
  vertex 57.6031 39.8296 224.697
  vertex 60.2019 33.9356 228.789
  vertex 57.4474 33.4049 213.581
 endloop
endfacet
facet normal 0.844554 0.460123 -0.273889
 outer loop
  vertex 54.3084 45.0947 221.185
  vertex 57.4474 33.4049 213.581
  vertex 49.9086 43.0767 207.345
 endloop
endfacet
facet normal 0.890317 0.368832 -0.267018
 outer loop
  vertex 54.3084 45.0947 221.185
  vertex 57.6031 39.8296 224.697
  vertex 57.4474 33.4049 213.581
 endloop
endfacet
facet normal 0.889688 0.304214 -0.340454
 outer loop
  vertex 54.3084 45.0947 221.185
  vertex 56.0173 52.9233 231.009
  vertex 57.6031 39.8296 224.697
 endloop
endfacet
facet normal 0.852881 0.30625 -0.422853
 outer loop
  vertex 54.3084 45.0947 221.185
  vertex 51.4016 53.8523 222.972
  vertex 56.0173 52.9233 231.009
 endloop
endfacet
facet normal 0.843864 0.245126 -0.477291
 outer loop
  vertex 56.0173 52.9233 231.009
  vertex 51.4016 53.8523 222.972
  vertex 52.7899 58.2492 227.44
 endloop
endfacet
facet normal 0.82275 0.155728 -0.546655
 outer loop
  vertex 54.4929 62.9305 231.647
  vertex 52.7899 58.2492 227.44
  vertex 49.2698 63.3105 224.115
 endloop
endfacet
facet normal 0.861099 0.1732 -0.478027
 outer loop
  vertex 54.4929 62.9305 231.647
  vertex 56.0173 52.9233 231.009
  vertex 52.7899 58.2492 227.44
 endloop
endfacet
facet normal 0.919469 0.368697 -0.136525
 outer loop
  vertex 60.7118 21.8284 205.874
  vertex 58.0308 27.6482 201.851
  vertex 57.4474 33.4049 213.581
 endloop
endfacet
facet normal 0.887193 0.440001 -0.13888
 outer loop
  vertex 57.4474 33.4049 213.581
  vertex 58.0308 27.6482 201.851
  vertex 54.7967 32.9679 198.288
 endloop
endfacet
facet normal 0.998817 0.0444534 -0.0197036
 outer loop
  vertex 63.4999 -0.000167411 222.993
  vertex 62.2602 21.269 222.084
  vertex 63.62 6.0119 233.458
 endloop
endfacet
facet normal 0.993148 0.107443 -0.0459649
 outer loop
  vertex 63.62 6.0119 233.458
  vertex 62.2602 21.269 222.084
  vertex 62.0298 27.3447 233.521
 endloop
endfacet
facet normal 0.952343 0.271775 -0.138498
 outer loop
  vertex 62.2602 21.269 222.084
  vertex 57.4474 33.4049 213.581
  vertex 60.2019 33.9356 228.789
 endloop
endfacet
facet normal 0.793384 0.277321 -0.54188
 outer loop
  vertex 52.7899 58.2492 227.44
  vertex 51.4016 53.8523 222.972
  vertex 47.4078 58.4854 220.041
 endloop
endfacet
facet normal 0.680078 0.0926654 -0.72726
 outer loop
  vertex 45.6858 68.314 220.843
  vertex 43.1688 62.8969 217.313
  vertex 40.3366 70 215.957
 endloop
endfacet
facet normal 0.696938 0.403999 -0.592505
 outer loop
  vertex 46.0897 54.152 215.514
  vertex 41.3729 58.1315 213.184
  vertex 47.4078 58.4854 220.041
 endloop
endfacet
facet normal 0.917703 0.232563 -0.32208
 outer loop
  vertex 57.6031 39.8296 224.697
  vertex 56.0173 52.9233 231.009
  vertex 58.7624 47.1615 234.979
 endloop
endfacet
facet normal 0.941193 0.240254 -0.237559
 outer loop
  vertex 60.2019 33.9356 228.789
  vertex 57.6031 39.8296 224.697
  vertex 58.7624 47.1615 234.979
 endloop
endfacet
facet normal 0.933344 0.149058 -0.326573
 outer loop
  vertex 58.7624 47.1615 234.979
  vertex 56.0173 52.9233 231.009
  vertex 60.7281 55.2224 244.59
 endloop
endfacet
facet normal 0.975428 0.167144 -0.143539
 outer loop
  vertex 60.2019 33.9356 228.789
  vertex 60.8872 40.839 239.464
  vertex 62.0298 27.3447 233.521
 endloop
endfacet
facet normal 0.997047 0.00512374 -0.0766252
 outer loop
  vertex 63.3305 55.6156 259.923
  vertex 62.6226 63.2188 254.26
  vertex 63.5002 59.445 265
 endloop
endfacet
facet normal 0.996481 0.00398241 -0.0837248
 outer loop
  vertex 63.5002 59.445 265
  vertex 62.6226 63.2188 254.26
  vertex 63.2488 66.9268 259.362
 endloop
endfacet
facet normal 0.999944 -0.00531407 -0.00919716
 outer loop
  vertex 63.5001 0.000174511 254.047
  vertex 63.5001 0.000112915 265
  vertex 63.3664 -18.391 256.039
 endloop
endfacet
facet normal 0.997471 -0.0341493 -0.0623336
 outer loop
  vertex 63.1753 -11.8324 245.035
  vertex 63.3664 -18.391 256.039
  vertex 62.0945 -33.7818 244.587
 endloop
endfacet
facet normal 0.983515 -0.0943395 -0.154268
 outer loop
  vertex 61.3635 -26.7298 234.027
  vertex 62.0945 -33.7818 244.587
  vertex 60.6542 -40.7422 239.522
 endloop
endfacet
facet normal 0.96014 -0.147412 -0.23749
 outer loop
  vertex 59.5797 -33.3761 229.244
  vertex 60.6542 -40.7422 239.522
  vertex 58.5751 -47.1186 234.983
 endloop
endfacet
facet normal 0.914483 -0.25462 -0.314468
 outer loop
  vertex 57.1229 -39.4073 225.016
  vertex 58.5751 -47.1186 234.983
  vertex 53.9958 -44.8259 221.338
 endloop
endfacet
facet normal 0.864468 -0.406009 -0.296399
 outer loop
  vertex 56.8219 -32.7482 214.102
  vertex 53.9958 -44.8259 221.338
  vertex 49.7302 -46.0118 213.016
 endloop
endfacet
facet normal 0.765402 -0.572916 -0.293133
 outer loop
  vertex 49.7358 -42.825 207.431
  vertex 49.7302 -46.0118 213.016
  vertex 45.3576 -47.1001 204.782
 endloop
endfacet
facet normal 0.745705 -0.640809 -0.182451
 outer loop
  vertex 50.2498 -40.1028 201.427
  vertex 45.3576 -47.1001 204.782
  vertex 46.0416 -44.5332 198.639
 endloop
endfacet
facet normal 0.760494 -0.645411 -0.0713673
 outer loop
  vertex 51.2023 -37.7814 195.063
  vertex 46.0416 -44.5332 198.639
  vertex 47.2595 -42.4544 192.057
 endloop
endfacet
facet normal 0.730314 -0.683046 -0.00948535
 outer loop
  vertex 47.7114 -41.9035 190
  vertex 47.2595 -42.4544 192.057
  vertex 44.0456 -45.7416 190
 endloop
endfacet
facet normal 0.768604 -0.639158 -0.026926
 outer loop
  vertex 47.7114 -41.9035 190
  vertex 51.2023 -37.7814 195.063
  vertex 47.2595 -42.4544 192.057
 endloop
endfacet
facet normal 0.794573 -0.606898 -0.0181295
 outer loop
  vertex 47.7114 -41.9035 190
  vertex 52.1617 -36.2134 190
  vertex 51.2023 -37.7814 195.063
 endloop
endfacet
facet normal 0.832543 -0.552568 -0.0392468
 outer loop
  vertex 51.2023 -37.7814 195.063
  vertex 52.1617 -36.2134 190
  vertex 54.726 -32.7253 198.415
 endloop
endfacet
facet normal 0.864456 -0.48698 -0.124766
 outer loop
  vertex 50.2498 -40.1028 201.427
  vertex 54.726 -32.7253 198.415
  vertex 56.8219 -32.7482 214.102
 endloop
endfacet
facet normal 0.838217 -0.479615 -0.25954
 outer loop
  vertex 49.7358 -42.825 207.431
  vertex 56.8219 -32.7482 214.102
  vertex 49.7302 -46.0118 213.016
 endloop
endfacet
facet normal 0.839883 -0.509495 -0.187111
 outer loop
  vertex 49.7358 -42.825 207.431
  vertex 50.2498 -40.1028 201.427
  vertex 56.8219 -32.7482 214.102
 endloop
endfacet
facet normal 0.766936 -0.602476 -0.220979
 outer loop
  vertex 49.7358 -42.825 207.431
  vertex 45.3576 -47.1001 204.782
  vertex 50.2498 -40.1028 201.427
 endloop
endfacet
facet normal 0.999533 -0.00430685 -0.0302382
 outer loop
  vertex 63.5001 -47.4034 265
  vertex 63.0546 -41.0434 254.959
  vertex 63.5001 -23.7015 265
 endloop
endfacet
facet normal 0.999543 -0.00429994 -0.0299253
 outer loop
  vertex 63.5001 -47.4034 265
  vertex 63.5001 -48.8331 265
  vertex 63.0546 -41.0434 254.959
 endloop
endfacet
facet normal 0.996002 -0.0158688 -0.0879138
 outer loop
  vertex 63.0546 -41.0434 254.959
  vertex 63.5001 -48.8331 265
  vertex 62.1655 -48.5074 249.441
 endloop
endfacet
facet normal 0.982718 -0.065034 -0.173311
 outer loop
  vertex 62.0945 -33.7818 244.587
  vertex 62.1655 -48.5074 249.441
  vertex 60.6542 -40.7422 239.522
 endloop
endfacet
facet normal 0.990695 -0.0353148 -0.131441
 outer loop
  vertex 62.0945 -33.7818 244.587
  vertex 63.0546 -41.0434 254.959
  vertex 62.1655 -48.5074 249.441
 endloop
endfacet
facet normal 0.996213 -0.0267208 -0.0827343
 outer loop
  vertex 62.0945 -33.7818 244.587
  vertex 63.3664 -18.391 256.039
  vertex 63.0546 -41.0434 254.959
 endloop
endfacet
facet normal 0.9992 -0.00724177 -0.0393225
 outer loop
  vertex 63.0546 -41.0434 254.959
  vertex 63.3664 -18.391 256.039
  vertex 63.5001 -23.7015 265
 endloop
endfacet
facet normal 0.999949 -0.0029257 -0.00966628
 outer loop
  vertex 63.5001 -23.7015 265
  vertex 63.3664 -18.391 256.039
  vertex 63.5001 0.000112915 265
 endloop
endfacet
facet normal 0.999949 0.000493256 -0.0100749
 outer loop
  vertex 63.5002 -70 265
  vertex 63.4727 -70 263.134
  vertex 63.5001 -48.8331 265
 endloop
endfacet
facet normal 0.997855 -0.00471055 -0.0652921
 outer loop
  vertex 63.5001 -48.8331 265
  vertex 63.4727 -70 263.134
  vertex 62.5976 -63.5631 253.998
 endloop
endfacet
facet normal 0.97798 -0.0370559 -0.205383
 outer loop
  vertex 62.1655 -48.5074 249.441
  vertex 62.5976 -63.5631 253.998
  vertex 60.6714 -55.4186 244.421
 endloop
endfacet
facet normal 0.932523 -0.133916 -0.335362
 outer loop
  vertex 58.5751 -47.1186 234.983
  vertex 60.6714 -55.4186 244.421
  vertex 55.89 -52.9412 230.942
 endloop
endfacet
facet normal 0.859208 -0.279492 -0.428538
 outer loop
  vertex 53.9958 -44.8259 221.338
  vertex 55.89 -52.9412 230.942
  vertex 51.2748 -53.8076 222.907
 endloop
endfacet
facet normal 0.775775 -0.386463 -0.498818
 outer loop
  vertex 50.2558 -49.6842 218.165
  vertex 51.2748 -53.8076 222.907
  vertex 45.9845 -54.0571 215.428
 endloop
endfacet
facet normal 0.714625 -0.528613 -0.458126
 outer loop
  vertex 49.7302 -46.0118 213.016
  vertex 45.9845 -54.0571 215.428
  vertex 40.4166 -54.0527 208.177
 endloop
endfacet
facet normal 0.658179 -0.672261 -0.338918
 outer loop
  vertex 45.3576 -47.1001 204.782
  vertex 40.4166 -54.0527 208.177
  vertex 40.4963 -50.9336 202.53
 endloop
endfacet
facet normal 0.670302 -0.72167 -0.172884
 outer loop
  vertex 46.0416 -44.5332 198.639
  vertex 40.4963 -50.9336 202.53
  vertex 41.4036 -48.5709 196.204
 endloop
endfacet
facet normal 0.697506 -0.715119 -0.0457113
 outer loop
  vertex 47.2595 -42.4544 192.057
  vertex 41.4036 -48.5709 196.204
  vertex 44.0456 -45.7416 190
 endloop
endfacet
facet normal 0.707888 -0.700546 -0.0901668
 outer loop
  vertex 47.2595 -42.4544 192.057
  vertex 46.0416 -44.5332 198.639
  vertex 41.4036 -48.5709 196.204
 endloop
endfacet
facet normal 0.992695 -0.00430663 -0.120576
 outer loop
  vertex 63.4727 -70 263.134
  vertex 62.6179 -70 254.452
  vertex 62.5976 -63.5631 253.998
 endloop
endfacet
facet normal 0.981149 -0.00437682 -0.193202
 outer loop
  vertex 62.5976 -63.5631 253.998
  vertex 62.6179 -70 254.452
  vertex 61.5234 -70 249.28
 endloop
endfacet
facet normal 0.956136 -0.0195433 -0.292272
 outer loop
  vertex 60.6714 -55.4186 244.421
  vertex 61.5234 -70 249.28
  vertex 59.4303 -70 242.633
 endloop
endfacet
facet normal 0.920933 -0.0215608 -0.389123
 outer loop
  vertex 58.6306 -61.83 239.85
  vertex 59.4303 -70 242.633
  vertex 57.0777 -70 237.172
 endloop
endfacet
facet normal 0.886576 -0.00753009 -0.462522
 outer loop
  vertex 56.2782 -67.9567 235.535
  vertex 57.0777 -70 237.172
  vertex 55.4739 -70 234.099
 endloop
endfacet
facet normal 0.87077 -0.00784874 -0.491627
 outer loop
  vertex 54.034 -70 231.644
  vertex 56.2782 -67.9567 235.535
  vertex 55.4739 -70 234.099
 endloop
endfacet
facet normal 0.866009 -0.0434625 -0.498136
 outer loop
  vertex 54.034 -70 231.644
  vertex 54.3936 -63.0421 231.504
  vertex 56.2782 -67.9567 235.535
 endloop
endfacet
facet normal 0.840675 -0.0442833 -0.539726
 outer loop
  vertex 54.034 -70 231.644
  vertex 51.4167 -68.598 227.703
  vertex 54.3936 -63.0421 231.504
 endloop
endfacet
facet normal 0.827235 -0.00898992 -0.561784
 outer loop
  vertex 54.034 -70 231.644
  vertex 52.0488 -70 228.624
  vertex 51.4167 -68.598 227.703
 endloop
endfacet
facet normal 0.809303 -0.00921566 -0.587319
 outer loop
  vertex 51.4167 -68.598 227.703
  vertex 52.0488 -70 228.624
  vertex 50.6809 -70 226.742
 endloop
endfacet
facet normal 0.770651 -0.0515033 -0.635173
 outer loop
  vertex 49.1582 -63.3417 223.98
  vertex 50.6809 -70 226.742
  vertex 46.6295 -70 221.896
 endloop
endfacet
facet normal 0.727396 -0.0151788 -0.68605
 outer loop
  vertex 45.5476 -68.3184 220.699
  vertex 46.6295 -70 221.896
  vertex 46.3793 -70 221.627
 endloop
endfacet
facet normal 0.715677 -0.0150127 -0.69827
 outer loop
  vertex 44.3808 -70 219.584
  vertex 45.5476 -68.3184 220.699
  vertex 46.3793 -70 221.627
 endloop
endfacet
facet normal 0.699507 -0.0942472 -0.708384
 outer loop
  vertex 44.3808 -70 219.584
  vertex 43.0475 -62.8413 217.175
  vertex 45.5476 -68.3184 220.699
 endloop
endfacet
facet normal 0.672599 -0.0781548 -0.735869
 outer loop
  vertex 44.3808 -70 219.584
  vertex 40.2054 -70 215.85
  vertex 43.0475 -62.8413 217.175
 endloop
endfacet
facet normal 0.64133 -0.114261 -0.75871
 outer loop
  vertex 43.0475 -62.8413 217.175
  vertex 40.2054 -70 215.85
  vertex 38.719 -67.1619 214.485
 endloop
endfacet
facet normal 0.588064 -0.167437 -0.791293
 outer loop
  vertex 36.2685 -61.7301 210.919
  vertex 38.719 -67.1619 214.485
  vertex 36.0132 -70 212.7
 endloop
endfacet
facet normal 0.563498 -0.131178 -0.815636
 outer loop
  vertex 33.5997 -70 211.118
  vertex 36.2685 -61.7301 210.919
  vertex 36.0132 -70 212.7
 endloop
endfacet
facet normal 0.53498 -0.220924 -0.815468
 outer loop
  vertex 33.5997 -70 211.118
  vertex 31.0816 -65.266 208.935
  vertex 36.2685 -61.7301 210.919
 endloop
endfacet
facet normal 0.485222 -0.0887741 -0.869873
 outer loop
  vertex 33.5997 -70 211.118
  vertex 26.9612 -70 207.508
  vertex 31.0816 -65.266 208.935
 endloop
endfacet
facet normal 0.443634 -0.114133 -0.888911
 outer loop
  vertex 31.0816 -65.266 208.935
  vertex 26.9612 -70 207.508
  vertex 25.88 -68.7886 206.964
 endloop
endfacet
facet normal 0.426787 -0.297887 -0.853883
 outer loop
  vertex 29.9672 -62.6515 207.061
  vertex 25.88 -68.7886 206.964
  vertex 24.2111 -65.6672 205.546
 endloop
endfacet
facet normal 0.365573 -0.34956 -0.862649
 outer loop
  vertex 23.6254 -64.3339 204.632
  vertex 24.2111 -65.6672 205.546
  vertex 21.2821 -67.1284 204.83
 endloop
endfacet
facet normal 0.318177 -0.250303 -0.914391
 outer loop
  vertex 20.5449 -65.6567 204.041
  vertex 21.2821 -67.1284 204.83
  vertex 18.3456 -68.5829 204.12
 endloop
endfacet
facet normal 0.270838 -0.139382 -0.952481
 outer loop
  vertex 17.4161 -66.9353 203.489
  vertex 18.3456 -68.5829 204.12
  vertex 15.5136 -70 203.424
 endloop
endfacet
facet normal 0.255993 -0.102521 -0.961227
 outer loop
  vertex 15.4284 -70 203.403
  vertex 17.4161 -66.9353 203.489
  vertex 15.5136 -70 203.424
 endloop
endfacet
facet normal 0.248511 -0.15805 -0.955648
 outer loop
  vertex 15.4284 -70 203.403
  vertex 14.2561 -68.1855 202.963
  vertex 17.4161 -66.9353 203.489
 endloop
endfacet
facet normal 0.237047 -0.0618703 -0.969526
 outer loop
  vertex 15.4284 -70 203.403
  vertex 15.3892 -70 203.393
  vertex 14.2561 -68.1855 202.963
 endloop
endfacet
facet normal 0.216197 -0.0614855 -0.974412
 outer loop
  vertex 14.2561 -68.1855 202.963
  vertex 15.3892 -70 203.393
  vertex 11.4601 -70 202.543
 endloop
endfacet
facet normal 0.13561 -0.0215458 -0.990528
 outer loop
  vertex 11.0733 -69.4148 202.456
  vertex 11.4601 -70 202.543
  vertex 3.32357 -70.0002 201.587
 endloop
endfacet
facet normal 0.0862107 -0.110502 -0.99013
 outer loop
  vertex 9.95043 -67.5905 201.984
  vertex 3.32357 -70.0002 201.587
  vertex 3.32354 -69.3072 201.563
 endloop
endfacet
facet normal 0.0565089 -0.261308 -0.9636
 outer loop
  vertex 5.44005 -66.8084 201.173
  vertex 3.32354 -69.3072 201.563
  vertex 3.32346 -67.168 201.181
 endloop
endfacet
facet normal 0.0474386 -0.440709 -0.896395
 outer loop
  vertex 5.0867 -66.0865 200.766
  vertex 3.32346 -67.168 201.181
  vertex 3.32343 -66.4873 200.896
 endloop
endfacet
facet normal 0.045711 -0.494453 -0.868002
 outer loop
  vertex 3.32343 -66.3327 200.813
  vertex 5.0867 -66.0865 200.766
  vertex 3.32343 -66.4873 200.896
 endloop
endfacet
facet normal 0.0510499 -0.573734 -0.817449
 outer loop
  vertex 3.32343 -66.3327 200.813
  vertex 4.84616 -65.4676 200.266
  vertex 5.0867 -66.0865 200.766
 endloop
endfacet
facet normal 0.0426146 -0.61107 -0.790429
 outer loop
  vertex 3.32343 -66.3327 200.813
  vertex 3.32341 -65.6443 200.334
  vertex 4.84616 -65.4676 200.266
 endloop
endfacet
facet normal 0.0412156 -0.687719 -0.724806
 outer loop
  vertex 4.84616 -65.4676 200.266
  vertex 3.32341 -65.6443 200.334
  vertex 3.3234 -65.3346 200.039
 endloop
endfacet
facet normal 0.0409325 -0.732857 -0.67915
 outer loop
  vertex 3.32339 -65.089 199.754
  vertex 4.84616 -65.4676 200.266
  vertex 3.3234 -65.3346 200.039
 endloop
endfacet
facet normal 0.0687195 -0.772855 -0.63085
 outer loop
  vertex 3.32339 -65.089 199.754
  vertex 8.69624 -64.4492 199.527
  vertex 4.84616 -65.4676 200.266
 endloop
endfacet
facet normal 0.0620487 -0.835027 -0.546699
 outer loop
  vertex 3.32339 -65.089 199.754
  vertex 3.32338 -64.6497 199.087
  vertex 8.69624 -64.4492 199.527
 endloop
endfacet
facet normal 0.0904656 -0.872172 -0.480762
 outer loop
  vertex 8.69624 -64.4492 199.527
  vertex 3.32338 -64.6497 199.087
  vertex 8.70645 -64.0595 198.821
 endloop
endfacet
facet normal 0.202271 -0.88671 -0.41573
 outer loop
  vertex 16.1171 -62.9551 199.674
  vertex 8.70645 -64.0595 198.821
  vertex 16.1642 -62.5991 198.938
 endloop
endfacet
facet normal 0.283665 -0.889 -0.359461
 outer loop
  vertex 22.9017 -61.2784 201.042
  vertex 16.1642 -62.5991 198.938
  vertex 16.3982 -62.015 197.35
 endloop
endfacet
facet normal 0.30169 -0.939461 -0.16247
 outer loop
  vertex 23.1939 -59.9495 198.011
  vertex 16.3982 -62.015 197.35
  vertex 18.501 -60.7449 190.04
 endloop
endfacet
facet normal 0.325893 -0.945399 -0.00375554
 outer loop
  vertex 24.9772 -58.3875 190.964
  vertex 18.501 -60.7449 190.04
  vertex 18.5147 -60.741 190
 endloop
endfacet
facet normal 0.361575 -0.932337 -0.00328187
 outer loop
  vertex 25.2777 -58.2522 190
  vertex 24.9772 -58.3875 190.964
  vertex 18.5147 -60.741 190
 endloop
endfacet
facet normal 0.426343 -0.90439 -0.0175889
 outer loop
  vertex 25.2777 -58.2522 190
  vertex 30.8995 -55.5236 192.343
  vertex 24.9772 -58.3875 190.964
 endloop
endfacet
facet normal 0.460927 -0.88736 -0.0118064
 outer loop
  vertex 25.2777 -58.2522 190
  vertex 31.5622 -55.1009 190
  vertex 30.8995 -55.5236 192.343
 endloop
endfacet
facet normal 0.518457 -0.854263 -0.0379156
 outer loop
  vertex 30.8995 -55.5236 192.343
  vertex 31.5622 -55.1009 190
  vertex 36.3594 -52.2372 194.102
 endloop
endfacet
facet normal 0.584653 -0.78455 -0.206548
 outer loop
  vertex 35.1846 -54.3555 200.649
  vertex 36.3594 -52.2372 194.102
  vertex 40.4963 -50.9336 202.53
 endloop
endfacet
facet normal 0.601733 -0.67619 -0.42507
 outer loop
  vertex 35.0721 -57.4446 206.322
  vertex 40.4963 -50.9336 202.53
  vertex 40.4166 -54.0527 208.177
 endloop
endfacet
facet normal 0.601708 -0.571166 -0.558316
 outer loop
  vertex 35.5022 -59.4338 208.759
  vertex 40.4166 -54.0527 208.177
  vertex 40.7302 -55.9353 210.709
 endloop
endfacet
facet normal 0.612035 -0.462264 -0.641659
 outer loop
  vertex 36.2685 -61.7301 210.919
  vertex 40.7302 -55.9353 210.709
  vertex 41.2823 -58.036 213.045
 endloop
endfacet
facet normal 0.685846 -0.328349 -0.649463
 outer loop
  vertex 43.0475 -62.8413 217.175
  vertex 41.2823 -58.036 213.045
  vertex 47.3031 -58.4542 219.924
 endloop
endfacet
facet normal 0.782421 -0.218091 -0.583313
 outer loop
  vertex 49.1582 -63.3417 223.98
  vertex 47.3031 -58.4542 219.924
  vertex 52.6901 -58.2932 227.324
 endloop
endfacet
facet normal 0.860806 -0.164971 -0.481455
 outer loop
  vertex 54.3936 -63.0421 231.504
  vertex 52.6901 -58.2932 227.324
  vertex 55.89 -52.9412 230.942
 endloop
endfacet
facet normal 0.92801 -0.106553 -0.356994
 outer loop
  vertex 58.6306 -61.83 239.85
  vertex 55.89 -52.9412 230.942
  vertex 60.6714 -55.4186 244.421
 endloop
endfacet
facet normal 0.941277 -0.0425722 -0.334939
 outer loop
  vertex 59.4303 -70 242.633
  vertex 58.6306 -61.83 239.85
  vertex 60.6714 -55.4186 244.421
 endloop
endfacet
facet normal 0.611621 -0.0344395 -0.790401
 outer loop
  vertex 40.2054 -70 215.85
  vertex 37.492 -70 213.75
  vertex 38.719 -67.1619 214.485
 endloop
endfacet
facet normal 0.589574 -0.0343767 -0.806983
 outer loop
  vertex 38.719 -67.1619 214.485
  vertex 37.492 -70 213.75
  vertex 36.0132 -70 212.7
 endloop
endfacet
facet normal 0.417336 -0.0256105 -0.908391
 outer loop
  vertex 26.9612 -70 207.508
  vertex 26.5998 -70 207.34
  vertex 25.88 -68.7886 206.964
 endloop
endfacet
facet normal 0.402689 -0.0261736 -0.914963
 outer loop
  vertex 25.88 -68.7886 206.964
  vertex 26.5998 -70 207.34
  vertex 24.1612 -70 206.276
 endloop
endfacet
facet normal 0.369819 -0.191183 -0.909221
 outer loop
  vertex 24.2111 -65.6672 205.546
  vertex 24.1612 -70 206.276
  vertex 21.2821 -67.1284 204.83
 endloop
endfacet
facet normal 0.39432 -0.138163 -0.908528
 outer loop
  vertex 24.2111 -65.6672 205.546
  vertex 25.88 -68.7886 206.964
  vertex 24.1612 -70 206.276
 endloop
endfacet
facet normal 0.341768 -0.0806144 -0.93632
 outer loop
  vertex 24.1612 -70 206.276
  vertex 19.2209 -70 204.479
  vertex 21.2821 -67.1284 204.83
 endloop
endfacet
facet normal 0.310461 -0.118626 -0.943155
 outer loop
  vertex 21.2821 -67.1284 204.83
  vertex 19.2209 -70 204.479
  vertex 18.3456 -68.5829 204.12
 endloop
endfacet
facet normal 0.279067 -0.0429756 -0.959309
 outer loop
  vertex 18.3456 -68.5829 204.12
  vertex 19.2209 -70 204.479
  vertex 15.5136 -70 203.424
 endloop
endfacet
facet normal 0.0630965 -0.892574 -0.446465
 outer loop
  vertex 3.32338 -64.6497 199.087
  vertex 3.32338 -64.5121 198.82
  vertex 8.70645 -64.0595 198.821
 endloop
endfacet
facet normal 0.064062 -0.924744 -0.37516
 outer loop
  vertex 8.70645 -64.0595 198.821
  vertex 3.32338 -64.5121 198.82
  vertex 3.32337 -64.0468 197.545
 endloop
endfacet
facet normal 0.0760731 -0.982132 -0.172133
 outer loop
  vertex 8.93761 -63.4728 197.236
  vertex 3.32337 -64.0468 197.545
  vertex 3.68392 -63.3933 190
 endloop
endfacet
facet normal 0.123028 -0.988932 -0.0829358
 outer loop
  vertex 11.2247 -62.5002 190
  vertex 8.93761 -63.4728 197.236
  vertex 3.68392 -63.3933 190
 endloop
endfacet
facet normal 0.186981 -0.968884 -0.162181
 outer loop
  vertex 11.2247 -62.5002 190
  vertex 16.3982 -62.015 197.35
  vertex 8.93761 -63.4728 197.236
 endloop
endfacet
facet normal 0.240543 -0.967363 -0.0796759
 outer loop
  vertex 11.2247 -62.5002 190
  vertex 18.501 -60.7449 190.04
  vertex 16.3982 -62.015 197.35
 endloop
endfacet
facet normal 0.253572 -0.967315 0.0016528
 outer loop
  vertex 11.2247 -62.5002 190
  vertex 18.5147 -60.741 190
  vertex 18.501 -60.7449 190.04
 endloop
endfacet
facet normal 0.0492262 -0.994563 -0.0917637
 outer loop
  vertex 3.32337 -64.0468 197.545
  vertex 3.32344 -63.4133 190.032
  vertex 3.68392 -63.3933 190
 endloop
endfacet
facet normal 0.0538426 -0.998538 -0.00479944
 outer loop
  vertex 3.68392 -63.3933 190
  vertex 3.32344 -63.4133 190.032
  vertex 3.32344 -63.4131 190
 endloop
endfacet
facet normal 0.553043 -0.83281 -0.0239066
 outer loop
  vertex 31.5622 -55.1009 190
  vertex 37.394 -51.3227 190
  vertex 36.3594 -52.2372 194.102
 endloop
endfacet
facet normal 0.604149 -0.794501 -0.0614109
 outer loop
  vertex 36.3594 -52.2372 194.102
  vertex 37.394 -51.3227 190
  vertex 41.4036 -48.5709 196.204
 endloop
endfacet
facet normal 0.619428 -0.769889 -0.153557
 outer loop
  vertex 40.4963 -50.9336 202.53
  vertex 36.3594 -52.2372 194.102
  vertex 41.4036 -48.5709 196.204
 endloop
endfacet
facet normal 0.63892 -0.768412 -0.0363975
 outer loop
  vertex 37.394 -51.3227 190
  vertex 42.7799 -46.9277 190
  vertex 41.4036 -48.5709 196.204
 endloop
endfacet
facet normal 0.673351 -0.738398 -0.0369575
 outer loop
  vertex 41.4036 -48.5709 196.204
  vertex 42.7799 -46.9277 190
  vertex 44.0456 -45.7416 190
 endloop
endfacet
facet normal 0.85808 -0.51307 -0.0213819
 outer loop
  vertex 52.1617 -36.2134 190
  vertex 56.0805 -29.7869 190
  vertex 54.726 -32.7253 198.415
 endloop
endfacet
facet normal 0.889676 -0.454803 -0.0403893
 outer loop
  vertex 54.726 -32.7253 198.415
  vertex 56.0805 -29.7869 190
  vertex 57.752 -27.2143 202.176
 endloop
endfacet
facet normal 0.93258 -0.350417 -0.086617
 outer loop
  vertex 56.8219 -32.7482 214.102
  vertex 57.752 -27.2143 202.176
  vertex 60.1749 -21.1522 206.432
 endloop
endfacet
facet normal 0.975494 -0.216381 -0.0398783
 outer loop
  vertex 61.2979 -20.2859 222.919
  vertex 60.1749 -21.1522 206.432
  vertex 61.9189 -14.4694 211.247
 endloop
endfacet
facet normal 0.996008 -0.0891122 -0.00522618
 outer loop
  vertex 63.4999 -0.000162989 221.962
  vertex 61.9189 -14.4694 211.247
  vertex 63.5 9.67775E-05 212.499
 endloop
endfacet
facet normal 0.990487 -0.134813 -0.0275803
 outer loop
  vertex 63.4999 -0.000162989 221.962
  vertex 61.2979 -20.2859 222.919
  vertex 61.9189 -14.4694 211.247
 endloop
endfacet
facet normal 0.995917 -0.0874611 -0.0223416
 outer loop
  vertex 63.4999 -0.000162989 221.962
  vertex 63.4999 -0.000163804 222.024
  vertex 61.2979 -20.2859 222.919
 endloop
endfacet
facet normal 0.995921 -0.0874165 -0.0223419
 outer loop
  vertex 61.2979 -20.2859 222.919
  vertex 63.4999 -0.000163804 222.024
  vertex 63.4999 -0.000167411 222.993
 endloop
endfacet
facet normal 0.995929 -0.0873313 -0.022343
 outer loop
  vertex 63.4999 -0.000161594 223.562
  vertex 61.2979 -20.2859 222.919
  vertex 63.4999 -0.000167411 222.993
 endloop
endfacet
facet normal 0.99553 -0.0909044 -0.0256244
 outer loop
  vertex 63.4999 -0.000161594 223.562
  vertex 63.254 -5.52021 233.809
  vertex 61.2979 -20.2859 222.919
 endloop
endfacet
facet normal 0.999002 -0.0445358 -0.00325918
 outer loop
  vertex 63.4999 -0.000161594 223.562
  vertex 63.5001 0.000149247 232.534
  vertex 63.254 -5.52021 233.809
 endloop
endfacet
facet normal 0.999188 -0.0401677 -0.00325922
 outer loop
  vertex 63.254 -5.52021 233.809
  vertex 63.5001 0.000149247 232.534
  vertex 63.5 0.000273521 237.944
 endloop
endfacet
facet normal 0.999278 -0.0378621 -0.00325681
 outer loop
  vertex 63.5 0.000275635 238.035
  vertex 63.254 -5.52021 233.809
  vertex 63.5 0.000273521 237.944
 endloop
endfacet
facet normal 0.999139 -0.0396046 -0.012394
 outer loop
  vertex 63.5 0.000275635 238.035
  vertex 63.1753 -11.8324 245.035
  vertex 63.254 -5.52021 233.809
 endloop
endfacet
facet normal 0.999668 -0.0240852 -0.0091287
 outer loop
  vertex 63.5 0.000275635 238.035
  vertex 63.5001 0.000177659 253.925
  vertex 63.1753 -11.8324 245.035
 endloop
endfacet
facet normal 0.999821 -0.0165568 -0.00914154
 outer loop
  vertex 63.1753 -11.8324 245.035
  vertex 63.5001 0.000177659 253.925
  vertex 63.5001 0.000174511 254.047
 endloop
endfacet
facet normal 0.999685 -0.0170392 -0.0184372
 outer loop
  vertex 63.3664 -18.391 256.039
  vertex 63.1753 -11.8324 245.035
  vertex 63.5001 0.000174511 254.047
 endloop
endfacet
facet normal 0.913157 -0.407177 -0.0187316
 outer loop
  vertex 56.0805 -29.7869 190
  vertex 59.3794 -22.5028 190
  vertex 57.752 -27.2143 202.176
 endloop
endfacet
facet normal 0.942325 -0.334126 -0.0195879
 outer loop
  vertex 57.752 -27.2143 202.176
  vertex 59.3794 -22.5028 190
  vertex 61.4703 -15.9521 194.206
 endloop
endfacet
facet normal 0.974248 -0.225219 -0.0108008
 outer loop
  vertex 60.1749 -21.1522 206.432
  vertex 61.4703 -15.9521 194.206
  vertex 62.8374 -8.92488 199.33
 endloop
endfacet
facet normal 0.993115 -0.117104 -0.00302106
 outer loop
  vertex 61.9189 -14.4694 211.247
  vertex 62.8374 -8.92488 199.33
  vertex 63.5 -0.000171098 206.012
 endloop
endfacet
facet normal 0.99642 -0.0843762 -0.00523307
 outer loop
  vertex 63.5 9.67775E-05 212.499
  vertex 61.9189 -14.4694 211.247
  vertex 63.5 -0.000171098 206.012
 endloop
endfacet
facet normal 0.948637 -0.316366 -0.000224392
 outer loop
  vertex 59.3794 -22.5028 190
  vertex 59.6243 -21.8461 190
  vertex 61.4703 -15.9521 194.206
 endloop
endfacet
facet normal 0.962147 -0.27253 -0.000660477
 outer loop
  vertex 61.4703 -15.9521 194.206
  vertex 59.6243 -21.8461 190
  vertex 61.9042 -14.1471 190
 endloop
endfacet
facet normal 0.989768 -0.142665 0.00261566
 outer loop
  vertex 62.8374 -8.92488 199.33
  vertex 61.9042 -14.1471 190
  vertex 63.3539 -4.30361 190
 endloop
endfacet
facet normal 0.997656 -0.0683769 0.00283962
 outer loop
  vertex 63.4999 0.000214612 190
  vertex 62.8374 -8.92488 199.33
  vertex 63.3539 -4.30361 190
 endloop
endfacet
facet normal 0.998459 -0.055449 0.00223463
 outer loop
  vertex 63.4999 0.000214612 190
  vertex 63.5 -0.000170584 205.981
  vertex 62.8374 -8.92488 199.33
 endloop
endfacet
facet normal 0.997887 -0.0649431 0.00220663
 outer loop
  vertex 62.8374 -8.92488 199.33
  vertex 63.5 -0.000170584 205.981
  vertex 63.5 -0.000171098 206.012
 endloop
endfacet
facet normal 0.904296 -0.0306756 -0.425803
 outer loop
  vertex 57.0777 -70 237.172
  vertex 56.2782 -67.9567 235.535
  vertex 58.6306 -61.83 239.85
 endloop
endfacet
facet normal 0.891307 -0.0665023 -0.448497
 outer loop
  vertex 58.6306 -61.83 239.85
  vertex 56.2782 -67.9567 235.535
  vertex 54.3936 -63.0421 231.504
 endloop
endfacet
facet normal 0.893061 -0.121251 -0.433289
 outer loop
  vertex 55.89 -52.9412 230.942
  vertex 58.6306 -61.83 239.85
  vertex 54.3936 -63.0421 231.504
 endloop
endfacet
facet normal 0.826533 -0.35214 -0.439136
 outer loop
  vertex 51.2748 -53.8076 222.907
  vertex 50.2558 -49.6842 218.165
  vertex 53.9958 -44.8259 221.338
 endloop
endfacet
facet normal 0.820061 -0.418684 -0.390133
 outer loop
  vertex 53.9958 -44.8259 221.338
  vertex 50.2558 -49.6842 218.165
  vertex 49.7302 -46.0118 213.016
 endloop
endfacet
facet normal 0.769523 -0.453169 -0.449969
 outer loop
  vertex 49.7302 -46.0118 213.016
  vertex 50.2558 -49.6842 218.165
  vertex 45.9845 -54.0571 215.428
 endloop
endfacet
facet normal 0.824255 -0.559518 -0.0868528
 outer loop
  vertex 54.726 -32.7253 198.415
  vertex 50.2498 -40.1028 201.427
  vertex 51.2023 -37.7814 195.063
 endloop
endfacet
facet normal 0.777292 -0.619426 -0.110131
 outer loop
  vertex 51.2023 -37.7814 195.063
  vertex 50.2498 -40.1028 201.427
  vertex 46.0416 -44.5332 198.639
 endloop
endfacet
facet normal 0.0964912 -0.945154 -0.312047
 outer loop
  vertex 3.32337 -64.0468 197.545
  vertex 8.93761 -63.4728 197.236
  vertex 8.70645 -64.0595 198.821
 endloop
endfacet
facet normal 0.167348 -0.937673 -0.304572
 outer loop
  vertex 8.70645 -64.0595 198.821
  vertex 8.93761 -63.4728 197.236
  vertex 16.3982 -62.015 197.35
 endloop
endfacet
facet normal 0.204526 -0.915317 -0.346935
 outer loop
  vertex 16.1642 -62.5991 198.938
  vertex 8.70645 -64.0595 198.821
  vertex 16.3982 -62.015 197.35
 endloop
endfacet
facet normal 0.350444 -0.932579 -0.0865225
 outer loop
  vertex 18.501 -60.7449 190.04
  vertex 24.9772 -58.3875 190.964
  vertex 23.1939 -59.9495 198.011
 endloop
endfacet
facet normal 0.405734 -0.89752 -0.172736
 outer loop
  vertex 23.1939 -59.9495 198.011
  vertex 24.9772 -58.3875 190.964
  vertex 29.4277 -57.3704 199.134
 endloop
endfacet
facet normal 0.422658 -0.822866 -0.379805
 outer loop
  vertex 22.9017 -61.2784 201.042
  vertex 29.4277 -57.3704 199.134
  vertex 29.1667 -58.7279 202.139
 endloop
endfacet
facet normal 0.482623 -0.72917 -0.485166
 outer loop
  vertex 29.1915 -59.5485 203.514
  vertex 29.1667 -58.7279 202.139
  vertex 35.0721 -57.4446 206.322
 endloop
endfacet
facet normal 0.492621 -0.602155 -0.628278
 outer loop
  vertex 29.3301 -60.4732 204.795
  vertex 35.0721 -57.4446 206.322
  vertex 29.9672 -62.6515 207.061
 endloop
endfacet
facet normal 0.409446 -0.429023 -0.805167
 outer loop
  vertex 23.6254 -64.3339 204.632
  vertex 29.9672 -62.6515 207.061
  vertex 24.2111 -65.6672 205.546
 endloop
endfacet
facet normal 0.435939 -0.540724 -0.719426
 outer loop
  vertex 23.6254 -64.3339 204.632
  vertex 29.3301 -60.4732 204.795
  vertex 29.9672 -62.6515 207.061
 endloop
endfacet
facet normal 0.400046 -0.587918 -0.703076
 outer loop
  vertex 23.6254 -64.3339 204.632
  vertex 23.2134 -63.1593 203.576
  vertex 29.3301 -60.4732 204.795
 endloop
endfacet
facet normal 0.355118 -0.499066 -0.790459
 outer loop
  vertex 23.6254 -64.3339 204.632
  vertex 20.5449 -65.6567 204.041
  vertex 23.2134 -63.1593 203.576
 endloop
endfacet
facet normal 0.345786 -0.370966 -0.861868
 outer loop
  vertex 23.6254 -64.3339 204.632
  vertex 21.2821 -67.1284 204.83
  vertex 20.5449 -65.6567 204.041
 endloop
endfacet
facet normal 0.516224 -0.753776 -0.406614
 outer loop
  vertex 35.0721 -57.4446 206.322
  vertex 29.1667 -58.7279 202.139
  vertex 35.1846 -54.3555 200.649
 endloop
endfacet
facet normal 0.576724 -0.734162 -0.358324
 outer loop
  vertex 40.4963 -50.9336 202.53
  vertex 35.0721 -57.4446 206.322
  vertex 35.1846 -54.3555 200.649
 endloop
endfacet
facet normal 0.536893 -0.83378 -0.128678
 outer loop
  vertex 36.3594 -52.2372 194.102
  vertex 35.1846 -54.3555 200.649
  vertex 30.8995 -55.5236 192.343
 endloop
endfacet
facet normal 0.498823 -0.845815 -0.189134
 outer loop
  vertex 30.8995 -55.5236 192.343
  vertex 35.1846 -54.3555 200.649
  vertex 29.4277 -57.3704 199.134
 endloop
endfacet
facet normal 0.448223 -0.88781 -0.104349
 outer loop
  vertex 24.9772 -58.3875 190.964
  vertex 30.8995 -55.5236 192.343
  vertex 29.4277 -57.3704 199.134
 endloop
endfacet
facet normal 0.392204 -0.861691 -0.321971
 outer loop
  vertex 29.4277 -57.3704 199.134
  vertex 22.9017 -61.2784 201.042
  vertex 23.1939 -59.9495 198.011
 endloop
endfacet
facet normal 0.322801 -0.891708 -0.317263
 outer loop
  vertex 23.1939 -59.9495 198.011
  vertex 22.9017 -61.2784 201.042
  vertex 16.3982 -62.015 197.35
 endloop
endfacet
facet normal 0.690463 -0.687079 -0.226238
 outer loop
  vertex 45.3576 -47.1001 204.782
  vertex 40.4963 -50.9336 202.53
  vertex 46.0416 -44.5332 198.639
 endloop
endfacet
facet normal 0.462597 -0.27447 -0.843013
 outer loop
  vertex 25.88 -68.7886 206.964
  vertex 29.9672 -62.6515 207.061
  vertex 31.0816 -65.266 208.935
 endloop
endfacet
facet normal 0.507004 -0.428188 -0.748066
 outer loop
  vertex 31.0816 -65.266 208.935
  vertex 29.9672 -62.6515 207.061
  vertex 35.5022 -59.4338 208.759
 endloop
endfacet
facet normal 0.582466 -0.492595 -0.646594
 outer loop
  vertex 36.2685 -61.7301 210.919
  vertex 35.5022 -59.4338 208.759
  vertex 40.7302 -55.9353 210.709
 endloop
endfacet
facet normal 0.538239 -0.400479 -0.741563
 outer loop
  vertex 36.2685 -61.7301 210.919
  vertex 31.0816 -65.266 208.935
  vertex 35.5022 -59.4338 208.759
 endloop
endfacet
facet normal 0.483682 -0.685418 -0.544292
 outer loop
  vertex 35.0721 -57.4446 206.322
  vertex 29.3301 -60.4732 204.795
  vertex 29.1915 -59.5485 203.514
 endloop
endfacet
facet normal 0.426127 -0.672472 -0.605142
 outer loop
  vertex 29.1915 -59.5485 203.514
  vertex 29.3301 -60.4732 204.795
  vertex 23.2134 -63.1593 203.576
 endloop
endfacet
facet normal 0.346511 -0.639273 -0.686483
 outer loop
  vertex 22.9744 -62.1429 202.377
  vertex 23.2134 -63.1593 203.576
  vertex 20.0164 -64.3757 203.08
 endloop
endfacet
facet normal 0.275872 -0.577549 -0.76833
 outer loop
  vertex 16.3058 -64.3245 201.612
  vertex 20.0164 -64.3757 203.08
  vertex 16.734 -65.5139 202.655
 endloop
endfacet
facet normal 0.232687 -0.352167 -0.906551
 outer loop
  vertex 13.3764 -66.5834 202.291
  vertex 16.734 -65.5139 202.655
  vertex 14.2561 -68.1855 202.963
 endloop
endfacet
facet normal 0.193048 -0.077553 -0.97812
 outer loop
  vertex 11.0733 -69.4148 202.456
  vertex 14.2561 -68.1855 202.963
  vertex 11.4601 -70 202.543
 endloop
endfacet
facet normal 0.203345 -0.206068 -0.957177
 outer loop
  vertex 11.0733 -69.4148 202.456
  vertex 13.3764 -66.5834 202.291
  vertex 14.2561 -68.1855 202.963
 endloop
endfacet
facet normal 0.178931 -0.236615 -0.954985
 outer loop
  vertex 11.0733 -69.4148 202.456
  vertex 9.95043 -67.5905 201.984
  vertex 13.3764 -66.5834 202.291
 endloop
endfacet
facet normal 0.126602 -0.108339 -0.98602
 outer loop
  vertex 11.0733 -69.4148 202.456
  vertex 3.32357 -70.0002 201.587
  vertex 9.95043 -67.5905 201.984
 endloop
endfacet
facet normal 0.712909 -0.597015 -0.367877
 outer loop
  vertex 49.7302 -46.0118 213.016
  vertex 40.4166 -54.0527 208.177
  vertex 45.3576 -47.1001 204.782
 endloop
endfacet
facet normal 0.241789 -0.520825 -0.818706
 outer loop
  vertex 16.734 -65.5139 202.655
  vertex 13.3764 -66.5834 202.291
  vertex 16.3058 -64.3245 201.612
 endloop
endfacet
facet normal 0.198384 -0.530759 -0.823977
 outer loop
  vertex 16.3058 -64.3245 201.612
  vertex 13.3764 -66.5834 202.291
  vertex 9.17682 -66.0854 201.225
 endloop
endfacet
facet normal 0.169114 -0.668226 -0.724482
 outer loop
  vertex 16.1226 -63.3591 200.367
  vertex 9.17682 -66.0854 201.225
  vertex 8.92683 -65.458 200.733
 endloop
endfacet
facet normal 0.101186 -0.648898 -0.754117
 outer loop
  vertex 8.76771 -64.9135 200.166
  vertex 8.92683 -65.458 200.733
  vertex 5.0867 -66.0865 200.766
 endloop
endfacet
facet normal 0.0780077 -0.663273 -0.744301
 outer loop
  vertex 4.84616 -65.4676 200.266
  vertex 8.76771 -64.9135 200.166
  vertex 5.0867 -66.0865 200.766
 endloop
endfacet
facet normal 0.0967931 -0.761688 -0.640673
 outer loop
  vertex 4.84616 -65.4676 200.266
  vertex 8.69624 -64.4492 199.527
  vertex 8.76771 -64.9135 200.166
 endloop
endfacet
facet normal 0.16018 -0.802971 -0.574091
 outer loop
  vertex 8.76771 -64.9135 200.166
  vertex 8.69624 -64.4492 199.527
  vertex 16.1226 -63.3591 200.367
 endloop
endfacet
facet normal 0.16304 -0.740918 -0.651505
 outer loop
  vertex 8.92683 -65.458 200.733
  vertex 8.76771 -64.9135 200.166
  vertex 16.1226 -63.3591 200.367
 endloop
endfacet
facet normal 0.284806 -0.452052 -0.845302
 outer loop
  vertex 16.734 -65.5139 202.655
  vertex 20.0164 -64.3757 203.08
  vertex 17.4161 -66.9353 203.489
 endloop
endfacet
facet normal 0.25516 -0.320789 -0.912134
 outer loop
  vertex 14.2561 -68.1855 202.963
  vertex 16.734 -65.5139 202.655
  vertex 17.4161 -66.9353 203.489
 endloop
endfacet
facet normal 0.2808 -0.859183 -0.427734
 outer loop
  vertex 16.1642 -62.5991 198.938
  vertex 22.9017 -61.2784 201.042
  vertex 16.1171 -62.9551 199.674
 endloop
endfacet
facet normal 0.280942 -0.830454 -0.481059
 outer loop
  vertex 16.1171 -62.9551 199.674
  vertex 22.9017 -61.2784 201.042
  vertex 16.1226 -63.3591 200.367
 endloop
endfacet
facet normal 0.201733 -0.838384 -0.506376
 outer loop
  vertex 8.69624 -64.4492 199.527
  vertex 16.1171 -62.9551 199.674
  vertex 16.1226 -63.3591 200.367
 endloop
endfacet
facet normal 0.160173 -0.867686 -0.470602
 outer loop
  vertex 8.69624 -64.4492 199.527
  vertex 8.70645 -64.0595 198.821
  vertex 16.1171 -62.9551 199.674
 endloop
endfacet
facet normal 0.212113 -0.678158 -0.70364
 outer loop
  vertex 9.17682 -66.0854 201.225
  vertex 16.1226 -63.3591 200.367
  vertex 16.3058 -64.3245 201.612
 endloop
endfacet
facet normal 0.285387 -0.741552 -0.607169
 outer loop
  vertex 16.3058 -64.3245 201.612
  vertex 16.1226 -63.3591 200.367
  vertex 22.9744 -62.1429 202.377
 endloop
endfacet
facet normal 0.308712 -0.659212 -0.685665
 outer loop
  vertex 20.0164 -64.3757 203.08
  vertex 16.3058 -64.3245 201.612
  vertex 22.9744 -62.1429 202.377
 endloop
endfacet
facet normal 0.420099 -0.780431 -0.463082
 outer loop
  vertex 29.1667 -58.7279 202.139
  vertex 29.1915 -59.5485 203.514
  vertex 22.9017 -61.2784 201.042
 endloop
endfacet
facet normal 0.389141 -0.761335 -0.518592
 outer loop
  vertex 22.9017 -61.2784 201.042
  vertex 29.1915 -59.5485 203.514
  vertex 22.9744 -62.1429 202.377
 endloop
endfacet
facet normal 0.319604 -0.787759 -0.526583
 outer loop
  vertex 16.1226 -63.3591 200.367
  vertex 22.9017 -61.2784 201.042
  vertex 22.9744 -62.1429 202.377
 endloop
endfacet
facet normal 0.485928 -0.815282 -0.314945
 outer loop
  vertex 29.1667 -58.7279 202.139
  vertex 29.4277 -57.3704 199.134
  vertex 35.1846 -54.3555 200.649
 endloop
endfacet
facet normal 0.0857179 -0.528896 -0.844347
 outer loop
  vertex 5.0867 -66.0865 200.766
  vertex 8.92683 -65.458 200.733
  vertex 5.44005 -66.8084 201.173
 endloop
endfacet
facet normal 0.0585029 -0.420248 -0.905522
 outer loop
  vertex 3.32346 -67.168 201.181
  vertex 5.0867 -66.0865 200.766
  vertex 5.44005 -66.8084 201.173
 endloop
endfacet
facet normal 0.164143 -0.390796 -0.905724
 outer loop
  vertex 13.3764 -66.5834 202.291
  vertex 9.95043 -67.5905 201.984
  vertex 9.17682 -66.0854 201.225
 endloop
endfacet
facet normal 0.118886 -0.393502 -0.911604
 outer loop
  vertex 9.17682 -66.0854 201.225
  vertex 9.95043 -67.5905 201.984
  vertex 5.44005 -66.8084 201.173
 endloop
endfacet
facet normal 0.109554 -0.520961 -0.846521
 outer loop
  vertex 8.92683 -65.458 200.733
  vertex 9.17682 -66.0854 201.225
  vertex 5.44005 -66.8084 201.173
 endloop
endfacet
facet normal 0.0931098 -0.24165 -0.965886
 outer loop
  vertex 9.95043 -67.5905 201.984
  vertex 3.32354 -69.3072 201.563
  vertex 5.44005 -66.8084 201.173
 endloop
endfacet
facet normal 0.393285 -0.696004 -0.600754
 outer loop
  vertex 23.2134 -63.1593 203.576
  vertex 22.9744 -62.1429 202.377
  vertex 29.1915 -59.5485 203.514
 endloop
endfacet
facet normal 0.29734 -0.270519 -0.915646
 outer loop
  vertex 18.3456 -68.5829 204.12
  vertex 17.4161 -66.9353 203.489
  vertex 20.5449 -65.6567 204.041
 endloop
endfacet
facet normal 0.305686 -0.42111 -0.853945
 outer loop
  vertex 20.5449 -65.6567 204.041
  vertex 17.4161 -66.9353 203.489
  vertex 20.0164 -64.3757 203.08
 endloop
endfacet
facet normal 0.335378 -0.528381 -0.779958
 outer loop
  vertex 23.2134 -63.1593 203.576
  vertex 20.5449 -65.6567 204.041
  vertex 20.0164 -64.3757 203.08
 endloop
endfacet
facet normal 0.699606 -0.398346 -0.593188
 outer loop
  vertex 41.2823 -58.036 213.045
  vertex 45.9845 -54.0571 215.428
  vertex 47.3031 -58.4542 219.924
 endloop
endfacet
facet normal 0.661622 -0.479954 -0.576107
 outer loop
  vertex 41.2823 -58.036 213.045
  vertex 40.7302 -55.9353 210.709
  vertex 45.9845 -54.0571 215.428
 endloop
endfacet
facet normal 0.658054 -0.541472 -0.523232
 outer loop
  vertex 45.9845 -54.0571 215.428
  vertex 40.7302 -55.9353 210.709
  vertex 40.4166 -54.0527 208.177
 endloop
endfacet
facet normal 0.522945 -0.559622 -0.642924
 outer loop
  vertex 29.9672 -62.6515 207.061
  vertex 35.0721 -57.4446 206.322
  vertex 35.5022 -59.4338 208.759
 endloop
endfacet
facet normal 0.572846 -0.609943 -0.547556
 outer loop
  vertex 35.5022 -59.4338 208.759
  vertex 35.0721 -57.4446 206.322
  vertex 40.4166 -54.0527 208.177
 endloop
endfacet
facet normal 0.619323 -0.246242 -0.745523
 outer loop
  vertex 38.719 -67.1619 214.485
  vertex 36.2685 -61.7301 210.919
  vertex 43.0475 -62.8413 217.175
 endloop
endfacet
facet normal 0.627363 -0.359192 -0.690939
 outer loop
  vertex 43.0475 -62.8413 217.175
  vertex 36.2685 -61.7301 210.919
  vertex 41.2823 -58.036 213.045
 endloop
endfacet
facet normal 0.978943 -0.162598 -0.12342
 outer loop
  vertex 61.3635 -26.7298 234.027
  vertex 59.5797 -33.3761 229.244
  vertex 61.2979 -20.2859 222.919
 endloop
endfacet
facet normal 0.99098 -0.117392 -0.0646423
 outer loop
  vertex 63.254 -5.52021 233.809
  vertex 61.3635 -26.7298 234.027
  vertex 61.2979 -20.2859 222.919
 endloop
endfacet
facet normal 0.996181 -0.0705727 -0.0514188
 outer loop
  vertex 63.254 -5.52021 233.809
  vertex 63.1753 -11.8324 245.035
  vertex 61.3635 -26.7298 234.027
 endloop
endfacet
facet normal 0.993144 -0.0720713 -0.0920329
 outer loop
  vertex 61.3635 -26.7298 234.027
  vertex 63.1753 -11.8324 245.035
  vertex 62.0945 -33.7818 244.587
 endloop
endfacet
facet normal 0.978931 -0.203616 -0.0153476
 outer loop
  vertex 61.9189 -14.4694 211.247
  vertex 60.1749 -21.1522 206.432
  vertex 62.8374 -8.92488 199.33
 endloop
endfacet
facet normal 0.902221 -0.420507 -0.0957646
 outer loop
  vertex 54.726 -32.7253 198.415
  vertex 57.752 -27.2143 202.176
  vertex 56.8219 -32.7482 214.102
 endloop
endfacet
facet normal 0.949565 -0.311916 -0.0321533
 outer loop
  vertex 60.1749 -21.1522 206.432
  vertex 57.752 -27.2143 202.176
  vertex 61.4703 -15.9521 194.206
 endloop
endfacet
facet normal 0.979131 -0.203224 0.00132665
 outer loop
  vertex 61.4703 -15.9521 194.206
  vertex 61.9042 -14.1471 190
  vertex 62.8374 -8.92488 199.33
 endloop
endfacet
facet normal 0.907135 -0.326456 -0.26558
 outer loop
  vertex 53.9958 -44.8259 221.338
  vertex 56.8219 -32.7482 214.102
  vertex 57.1229 -39.4073 225.016
 endloop
endfacet
facet normal 0.938897 -0.274649 -0.20746
 outer loop
  vertex 57.1229 -39.4073 225.016
  vertex 56.8219 -32.7482 214.102
  vertex 59.5797 -33.3761 229.244
 endloop
endfacet
facet normal 0.945191 -0.202629 -0.256038
 outer loop
  vertex 58.5751 -47.1186 234.983
  vertex 57.1229 -39.4073 225.016
  vertex 59.5797 -33.3761 229.244
 endloop
endfacet
facet normal 0.959522 -0.244355 -0.140031
 outer loop
  vertex 59.5797 -33.3761 229.244
  vertex 56.8219 -32.7482 214.102
  vertex 61.2979 -20.2859 222.919
 endloop
endfacet
facet normal 0.956584 -0.277209 -0.0900178
 outer loop
  vertex 61.2979 -20.2859 222.919
  vertex 56.8219 -32.7482 214.102
  vertex 60.1749 -21.1522 206.432
 endloop
endfacet
facet normal 0.729341 -0.230303 -0.644222
 outer loop
  vertex 47.3031 -58.4542 219.924
  vertex 49.1582 -63.3417 223.98
  vertex 43.0475 -62.8413 217.175
 endloop
endfacet
facet normal 0.723133 -0.146284 -0.675041
 outer loop
  vertex 43.0475 -62.8413 217.175
  vertex 49.1582 -63.3417 223.98
  vertex 45.5476 -68.3184 220.699
 endloop
endfacet
facet normal 0.742986 -0.0670983 -0.665935
 outer loop
  vertex 45.5476 -68.3184 220.699
  vertex 49.1582 -63.3417 223.98
  vertex 46.6295 -70 221.896
 endloop
endfacet
facet normal 0.821582 -0.153437 -0.549053
 outer loop
  vertex 52.6901 -58.2932 227.324
  vertex 54.3936 -63.0421 231.504
  vertex 49.1582 -63.3417 223.98
 endloop
endfacet
facet normal 0.815114 -0.096332 -0.571235
 outer loop
  vertex 49.1582 -63.3417 223.98
  vertex 54.3936 -63.0421 231.504
  vertex 51.4167 -68.598 227.703
 endloop
endfacet
facet normal 0.794981 -0.061024 -0.603558
 outer loop
  vertex 50.6809 -70 226.742
  vertex 49.1582 -63.3417 223.98
  vertex 51.4167 -68.598 227.703
 endloop
endfacet
facet normal 0.845333 -0.230713 -0.481854
 outer loop
  vertex 55.89 -52.9412 230.942
  vertex 52.6901 -58.2932 227.324
  vertex 51.2748 -53.8076 222.907
 endloop
endfacet
facet normal 0.794505 -0.2671 -0.545361
 outer loop
  vertex 51.2748 -53.8076 222.907
  vertex 52.6901 -58.2932 227.324
  vertex 47.3031 -58.4542 219.924
 endloop
endfacet
facet normal 0.757068 -0.350105 -0.551611
 outer loop
  vertex 45.9845 -54.0571 215.428
  vertex 51.2748 -53.8076 222.907
  vertex 47.3031 -58.4542 219.924
 endloop
endfacet
facet normal 0.96759 -0.0957384 -0.233676
 outer loop
  vertex 60.6542 -40.7422 239.522
  vertex 62.1655 -48.5074 249.441
  vertex 58.5751 -47.1186 234.983
 endloop
endfacet
facet normal 0.963619 -0.0820983 -0.254359
 outer loop
  vertex 58.5751 -47.1186 234.983
  vertex 62.1655 -48.5074 249.441
  vertex 60.6714 -55.4186 244.421
 endloop
endfacet
facet normal 0.902978 -0.228756 -0.363732
 outer loop
  vertex 55.89 -52.9412 230.942
  vertex 53.9958 -44.8259 221.338
  vertex 58.5751 -47.1186 234.983
 endloop
endfacet
facet normal 0.975275 -0.138131 -0.172509
 outer loop
  vertex 59.5797 -33.3761 229.244
  vertex 61.3635 -26.7298 234.027
  vertex 60.6542 -40.7422 239.522
 endloop
endfacet
facet normal 0.972878 -0.0251796 -0.229945
 outer loop
  vertex 60.6714 -55.4186 244.421
  vertex 62.5976 -63.5631 253.998
  vertex 61.5234 -70 249.28
 endloop
endfacet
facet normal 0.993375 -0.0166876 -0.113697
 outer loop
  vertex 63.5001 -48.8331 265
  vertex 62.5976 -63.5631 253.998
  vertex 62.1655 -48.5074 249.441
 endloop
endfacet
facet normal 0.0523371 -1.91251E-16 -0.998629
 outer loop
  vertex 3.32333 -85 201.587
  vertex 7.80541E-15 -85 201.413
  vertex 3.32357 -70.0002 201.587
 endloop
endfacet
facet normal 0.0523371 -9.93512E-17 -0.998629
 outer loop
  vertex 3.32357 -70.0002 201.587
  vertex 7.80541E-15 -85 201.413
  vertex -3.25471E-16 -70 201.413
 endloop
endfacet
facet normal 0 -1 0
 outer loop
  vertex -1.61437E-18 -85 328.587
  vertex -12.1816 -85 327.321
  vertex 12.1816 -85 327.321
 endloop
endfacet
facet normal 0 -1 0
 outer loop
  vertex 12.1816 -85 327.321
  vertex -12.1816 -85 327.321
  vertex 3.32333 -85 201.587
 endloop
endfacet
facet normal 0 -1 0
 outer loop
  vertex 58.1774 -85 290.449
  vertex 3.32333 -85 201.587
  vertex 61.9795 -85 278.813
 endloop
endfacet
facet normal 0 -1 0
 outer loop
  vertex 58.1774 -85 290.449
  vertex 12.1816 -85 327.321
  vertex 3.32333 -85 201.587
 endloop
endfacet
facet normal 0 -1 0
 outer loop
  vertex 58.1774 -85 290.449
  vertex 52.2131 -85 301.139
  vertex 12.1816 -85 327.321
 endloop
endfacet
facet normal 0 -1 0
 outer loop
  vertex 12.1816 -85 327.321
  vertex 52.2131 -85 301.139
  vertex 44.3083 -85 310.487
 endloop
endfacet
facet normal 0 -1 0
 outer loop
  vertex 34.7568 -85 318.143
  vertex 12.1816 -85 327.321
  vertex 44.3083 -85 310.487
 endloop
endfacet
facet normal 0 -1 0
 outer loop
  vertex 34.7568 -85 318.143
  vertex 23.9136 -85 323.825
  vertex 12.1816 -85 327.321
 endloop
endfacet
facet normal 0 -1 0
 outer loop
  vertex -23.9136 -85 323.825
  vertex -34.7568 -85 318.143
  vertex -12.1816 -85 327.321
 endloop
endfacet
facet normal 0 -1 0
 outer loop
  vertex -12.1816 -85 327.321
  vertex -34.7568 -85 318.143
  vertex -44.3083 -85 310.487
 endloop
endfacet
facet normal 0 -1 0
 outer loop
  vertex -52.2131 -85 301.139
  vertex -12.1816 -85 327.321
  vertex -44.3083 -85 310.487
 endloop
endfacet
facet normal 0 -1 0
 outer loop
  vertex -52.2131 -85 301.139
  vertex -58.1774 -85 290.449
  vertex -12.1816 -85 327.321
 endloop
endfacet
facet normal 0 -1 0
 outer loop
  vertex -12.1816 -85 327.321
  vertex -58.1774 -85 290.449
  vertex 3.32333 -85 201.587
 endloop
endfacet
facet normal 0 -1 0
 outer loop
  vertex 3.32333 -85 201.587
  vertex -58.1774 -85 290.449
  vertex -3.32333 -85 201.587
 endloop
endfacet
facet normal 0 -1 0
 outer loop
  vertex 7.80541E-15 -85 201.413
  vertex 3.32333 -85 201.587
  vertex -3.32333 -85 201.587
 endloop
endfacet
facet normal 0 -1 0
 outer loop
  vertex -58.1774 -85 290.449
  vertex -61.9795 -85 278.813
  vertex -3.32333 -85 201.587
 endloop
endfacet
facet normal 0 -1 0
 outer loop
  vertex -3.32333 -85 201.587
  vertex -61.9795 -85 278.813
  vertex -63.4783 -85 266.663
 endloop
endfacet
facet normal 0 -1 0
 outer loop
  vertex -62.6179 -85 254.452
  vertex -3.32333 -85 201.587
  vertex -63.4783 -85 266.663
 endloop
endfacet
facet normal 0 -1 0
 outer loop
  vertex -62.6179 -85 254.452
  vertex -59.4303 -85 242.633
  vertex -3.32333 -85 201.587
 endloop
endfacet
facet normal 0 -1 0
 outer loop
  vertex -3.32333 -85 201.587
  vertex -59.4303 -85 242.633
  vertex -54.034 -85 231.645
 endloop
endfacet
facet normal 0 -1 0
 outer loop
  vertex -46.6296 -85 221.896
  vertex -3.32333 -85 201.587
  vertex -54.034 -85 231.645
 endloop
endfacet
facet normal 0 -1 0
 outer loop
  vertex -46.6296 -85 221.896
  vertex -37.4921 -85 213.75
  vertex -3.32333 -85 201.587
 endloop
endfacet
facet normal 0 -1 0
 outer loop
  vertex -3.32333 -85 201.587
  vertex -37.4921 -85 213.75
  vertex -26.9614 -85 207.508
 endloop
endfacet
facet normal 0 -1 0
 outer loop
  vertex -15.4286 -85 203.403
  vertex -3.32333 -85 201.587
  vertex -26.9614 -85 207.508
 endloop
endfacet
facet normal 0 -1 0
 outer loop
  vertex 15.4286 -85 203.403
  vertex 26.9614 -85 207.508
  vertex 3.32333 -85 201.587
 endloop
endfacet
facet normal 0 -1 0
 outer loop
  vertex 3.32333 -85 201.587
  vertex 26.9614 -85 207.508
  vertex 37.4921 -85 213.75
 endloop
endfacet
facet normal 0 -1 0
 outer loop
  vertex 46.6296 -85 221.896
  vertex 3.32333 -85 201.587
  vertex 37.4921 -85 213.75
 endloop
endfacet
facet normal 0 -1 0
 outer loop
  vertex 46.6296 -85 221.896
  vertex 54.034 -85 231.645
  vertex 3.32333 -85 201.587
 endloop
endfacet
facet normal 0 -1 0
 outer loop
  vertex 3.32333 -85 201.587
  vertex 54.034 -85 231.645
  vertex 59.4303 -85 242.633
 endloop
endfacet
facet normal 0 -1 0
 outer loop
  vertex 62.6179 -85 254.452
  vertex 3.32333 -85 201.587
  vertex 59.4303 -85 242.633
 endloop
endfacet
facet normal 0 -1 0
 outer loop
  vertex 62.6179 -85 254.452
  vertex 63.4783 -85 266.663
  vertex 3.32333 -85 201.587
 endloop
endfacet
facet normal 0 -1 0
 outer loop
  vertex 3.32333 -85 201.587
  vertex 63.4783 -85 266.663
  vertex 61.9795 -85 278.813
 endloop
endfacet
facet normal -0.171862 0 0.985121
 outer loop
  vertex 59.75 103 267.75
  vertex 58.375 103 267.382
  vertex 59.75 100 267.75
 endloop
endfacet
facet normal -0.343724 0 0.939071
 outer loop
  vertex 59.75 100 267.75
  vertex 58.375 103 267.382
  vertex 58.375 100 267.382
 endloop
endfacet
facet normal -0.641397 0 0.767209
 outer loop
  vertex 58.375 100 267.382
  vertex 58.375 103 267.382
  vertex 57.3684 103 266.375
 endloop
endfacet
facet normal -0.939071 0 0.343724
 outer loop
  vertex 57.3684 100 266.375
  vertex 57.3684 103 266.375
  vertex 57 103 265
 endloop
endfacet
facet normal -0.985121 0 -0.171862
 outer loop
  vertex 57 100 265
  vertex 57 103 265
  vertex 57.3684 103 263.625
 endloop
endfacet
facet normal -0.767209 0 -0.641397
 outer loop
  vertex 57.3684 100 263.625
  vertex 57.3684 103 263.625
  vertex 58.375 103 262.618
 endloop
endfacet
facet normal -0.343724 0 -0.939071
 outer loop
  vertex 58.375 100 262.618
  vertex 58.375 103 262.618
  vertex 59.75 103 262.25
 endloop
endfacet
facet normal -0.171862 0 -0.985121
 outer loop
  vertex 59.75 100 262.25
  vertex 58.375 100 262.618
  vertex 59.75 103 262.25
 endloop
endfacet
facet normal -0.641397 0 -0.767209
 outer loop
  vertex 58.375 100 262.618
  vertex 57.3684 100 263.625
  vertex 58.375 103 262.618
 endloop
endfacet
facet normal -0.939071 0 -0.343724
 outer loop
  vertex 57.3684 100 263.625
  vertex 57 100 265
  vertex 57.3684 103 263.625
 endloop
endfacet
facet normal -0.985121 0 0.171862
 outer loop
  vertex 57 100 265
  vertex 57.3684 100 266.375
  vertex 57 103 265
 endloop
endfacet
facet normal -0.767209 0 0.641397
 outer loop
  vertex 57.3684 100 266.375
  vertex 58.375 100 267.382
  vertex 57.3684 103 266.375
 endloop
endfacet
facet normal -0.171862 0 0.985121
 outer loop
  vertex -5.51744E-14 103 208
  vertex -1.375 103 207.632
  vertex -5.51744E-14 100 208
 endloop
endfacet
facet normal -0.343724 0 0.939071
 outer loop
  vertex -5.51744E-14 100 208
  vertex -1.375 103 207.632
  vertex -1.375 100 207.632
 endloop
endfacet
facet normal -0.641397 0 0.767209
 outer loop
  vertex -1.375 100 207.632
  vertex -1.375 103 207.632
  vertex -2.38157 103 206.625
 endloop
endfacet
facet normal -0.939071 0 0.343724
 outer loop
  vertex -2.38157 100 206.625
  vertex -2.38157 103 206.625
  vertex -2.75 103 205.25
 endloop
endfacet
facet normal -0.985121 0 -0.171862
 outer loop
  vertex -2.75 100 205.25
  vertex -2.75 103 205.25
  vertex -2.38157 103 203.875
 endloop
endfacet
facet normal -0.767209 0 -0.641397
 outer loop
  vertex -2.38157 100 203.875
  vertex -2.38157 103 203.875
  vertex -1.375 103 202.868
 endloop
endfacet
facet normal -0.343724 0 -0.939071
 outer loop
  vertex -1.375 100 202.868
  vertex -1.375 103 202.868
  vertex -5.55112E-14 103 202.5
 endloop
endfacet
facet normal -0.171862 0 -0.985121
 outer loop
  vertex -5.55112E-14 100 202.5
  vertex -1.375 100 202.868
  vertex -5.55112E-14 103 202.5
 endloop
endfacet
facet normal -0.641397 0 -0.767209
 outer loop
  vertex -1.375 100 202.868
  vertex -2.38157 100 203.875
  vertex -1.375 103 202.868
 endloop
endfacet
facet normal -0.939071 0 -0.343724
 outer loop
  vertex -2.38157 100 203.875
  vertex -2.75 100 205.25
  vertex -2.38157 103 203.875
 endloop
endfacet
facet normal -0.985121 0 0.171862
 outer loop
  vertex -2.75 100 205.25
  vertex -2.38157 100 206.625
  vertex -2.75 103 205.25
 endloop
endfacet
facet normal -0.767209 0 0.641397
 outer loop
  vertex -2.38157 100 206.625
  vertex -1.375 100 207.632
  vertex -2.38157 103 206.625
 endloop
endfacet
facet normal 0.996601 0.0263382 -0.0780588
 outer loop
  vertex -4.16413 106.268 205.5
  vertex -4.06157 106.734 206.472
  vertex -4 100 205.5
 endloop
endfacet
facet normal 0.967906 0.0267871 -0.249883
 outer loop
  vertex -4 100 205.5
  vertex -4.06157 106.734 206.472
  vertex -3.4641 100 207.5
 endloop
endfacet
facet normal 0.914582 0.0263938 -0.403539
 outer loop
  vertex -3.4641 100 207.5
  vertex -4.06157 106.734 206.472
  vertex -3.69656 107.01 207.459
 endloop
endfacet
facet normal 0.831236 0.026364 -0.555294
 outer loop
  vertex -3.04578 107.182 208.375
  vertex -3.4641 100 207.5
  vertex -3.69656 107.01 207.459
 endloop
endfacet
facet normal 0.713789 0.0267875 -0.699848
 outer loop
  vertex -3.04578 107.182 208.375
  vertex -2 100 208.964
  vertex -3.4641 100 207.5
 endloop
endfacet
facet normal 0.586472 0.0264083 -0.809539
 outer loop
  vertex -3.04578 107.182 208.375
  vertex -2.1685 107.315 209.087
  vertex -2 100 208.964
 endloop
endfacet
facet normal 0.431843 0.0263779 -0.901563
 outer loop
  vertex -2 100 208.964
  vertex -2.1685 107.315 209.087
  vertex -1.12709 107.4 209.539
 endloop
endfacet
facet normal 0.0902942 0.0263935 -0.995565
 outer loop
  vertex 2.8865E-14 100 209.5
  vertex -1.12709 107.4 209.539
  vertex -2.97721E-11 107.429 209.695
 endloop
endfacet
facet normal -0.0901206 0.0263926 -0.995581
 outer loop
  vertex 1.12496 107.4 209.54
  vertex 2.8865E-14 100 209.5
  vertex -2.97721E-11 107.429 209.695
 endloop
endfacet
facet normal -0.261943 0.0267853 -0.964712
 outer loop
  vertex 1.12496 107.4 209.54
  vertex 2 100 208.964
  vertex 2.8865E-14 100 209.5
 endloop
endfacet
facet normal -0.431287 0.0263775 -0.901829
 outer loop
  vertex 1.12496 107.4 209.54
  vertex 2.16377 107.316 209.09
  vertex 2 100 208.964
 endloop
endfacet
facet normal -0.5857 0.0264067 -0.810098
 outer loop
  vertex 2 100 208.964
  vertex 2.16377 107.316 209.09
  vertex 3.04135 107.183 208.379
 endloop
endfacet
facet normal -0.830952 0.0263663 -0.555719
 outer loop
  vertex 3.4641 100 207.5
  vertex 3.04135 107.183 208.379
  vertex 3.69656 107.01 207.459
 endloop
endfacet
facet normal -0.914483 0.0263926 -0.403762
 outer loop
  vertex 4.06088 106.735 206.475
  vertex 3.4641 100 207.5
  vertex 3.69656 107.01 207.459
 endloop
endfacet
facet normal -0.967843 0.026787 -0.250126
 outer loop
  vertex 4.06088 106.735 206.475
  vertex 4 100 205.5
  vertex 3.4641 100 207.5
 endloop
endfacet
facet normal -0.996582 0.0263392 -0.078302
 outer loop
  vertex 4.06088 106.735 206.475
  vertex 4.16413 106.268 205.5
  vertex 4 100 205.5
 endloop
endfacet
facet normal -0.71342 0.0267872 -0.700225
 outer loop
  vertex 3.4641 100 207.5
  vertex 2 100 208.964
  vertex 3.04135 107.183 208.379
 endloop
endfacet
facet normal 0.262116 0.0267853 -0.964665
 outer loop
  vertex 2.8865E-14 100 209.5
  vertex -2 100 208.964
  vertex -1.12709 107.4 209.539
 endloop
endfacet
facet normal -0.171862 0 0.985121
 outer loop
  vertex -59.75 103 267.75
  vertex -61.125 103 267.382
  vertex -59.75 100 267.75
 endloop
endfacet
facet normal -0.343724 0 0.939071
 outer loop
  vertex -59.75 100 267.75
  vertex -61.125 103 267.382
  vertex -61.125 100 267.382
 endloop
endfacet
facet normal -0.641397 0 0.767209
 outer loop
  vertex -61.125 100 267.382
  vertex -61.125 103 267.382
  vertex -62.1316 103 266.375
 endloop
endfacet
facet normal -0.939071 0 0.343724
 outer loop
  vertex -62.1316 100 266.375
  vertex -62.1316 103 266.375
  vertex -62.5 103 265
 endloop
endfacet
facet normal -0.985121 0 -0.171862
 outer loop
  vertex -62.5 100 265
  vertex -62.5 103 265
  vertex -62.1316 103 263.625
 endloop
endfacet
facet normal -0.767209 0 -0.641397
 outer loop
  vertex -62.1316 100 263.625
  vertex -62.1316 103 263.625
  vertex -61.125 103 262.618
 endloop
endfacet
facet normal -0.343724 0 -0.939071
 outer loop
  vertex -61.125 100 262.618
  vertex -61.125 103 262.618
  vertex -59.75 103 262.25
 endloop
endfacet
facet normal -0.171862 0 -0.985121
 outer loop
  vertex -59.75 100 262.25
  vertex -61.125 100 262.618
  vertex -59.75 103 262.25
 endloop
endfacet
facet normal -0.641397 0 -0.767209
 outer loop
  vertex -61.125 100 262.618
  vertex -62.1316 100 263.625
  vertex -61.125 103 262.618
 endloop
endfacet
facet normal -0.939071 0 -0.343724
 outer loop
  vertex -62.1316 100 263.625
  vertex -62.5 100 265
  vertex -62.1316 103 263.625
 endloop
endfacet
facet normal -0.985121 0 0.171862
 outer loop
  vertex -62.5 100 265
  vertex -62.1316 100 266.375
  vertex -62.5 103 265
 endloop
endfacet
facet normal -0.767209 0 0.641397
 outer loop
  vertex -62.1316 100 266.375
  vertex -61.125 100 267.382
  vertex -62.1316 103 266.375
 endloop
endfacet
facet normal -0.0780588 0.0263382 -0.996601
 outer loop
  vertex -59.5 106.268 269.164
  vertex -58.5277 106.734 269.062
  vertex -59.5 100 269
 endloop
endfacet
facet normal -0.249883 0.0267871 -0.967906
 outer loop
  vertex -59.5 100 269
  vertex -58.5277 106.734 269.062
  vertex -57.5 100 268.464
 endloop
endfacet
facet normal -0.403539 0.0263938 -0.914582
 outer loop
  vertex -57.5 100 268.464
  vertex -58.5277 106.734 269.062
  vertex -57.541 107.01 268.697
 endloop
endfacet
facet normal -0.555294 0.026364 -0.831236
 outer loop
  vertex -56.6254 107.182 268.046
  vertex -57.5 100 268.464
  vertex -57.541 107.01 268.697
 endloop
endfacet
facet normal -0.699848 0.0267875 -0.713789
 outer loop
  vertex -56.6254 107.182 268.046
  vertex -56.0359 100 267
  vertex -57.5 100 268.464
 endloop
endfacet
facet normal -0.809539 0.0264083 -0.586472
 outer loop
  vertex -56.6254 107.182 268.046
  vertex -55.913 107.315 267.168
  vertex -56.0359 100 267
 endloop
endfacet
facet normal -0.901563 0.0263779 -0.431843
 outer loop
  vertex -56.0359 100 267
  vertex -55.913 107.315 267.168
  vertex -55.4605 107.4 266.127
 endloop
endfacet
facet normal -0.995565 0.0263935 -0.0902942
 outer loop
  vertex -55.5 100 265
  vertex -55.4605 107.4 266.127
  vertex -55.3055 107.429 265
 endloop
endfacet
facet normal -0.995581 0.0263926 0.0901206
 outer loop
  vertex -55.4599 107.4 263.875
  vertex -55.5 100 265
  vertex -55.3055 107.429 265
 endloop
endfacet
facet normal -0.964712 0.0267853 0.261943
 outer loop
  vertex -55.4599 107.4 263.875
  vertex -56.0359 100 263
  vertex -55.5 100 265
 endloop
endfacet
facet normal -0.901829 0.0263775 0.431287
 outer loop
  vertex -55.4599 107.4 263.875
  vertex -55.9101 107.316 262.836
  vertex -56.0359 100 263
 endloop
endfacet
facet normal -0.810098 0.0264067 0.5857
 outer loop
  vertex -56.0359 100 263
  vertex -55.9101 107.316 262.836
  vertex -56.6207 107.183 261.959
 endloop
endfacet
facet normal -0.555719 0.0263663 0.830952
 outer loop
  vertex -57.5 100 261.536
  vertex -56.6207 107.183 261.959
  vertex -57.541 107.01 261.303
 endloop
endfacet
facet normal -0.403762 0.0263926 0.914483
 outer loop
  vertex -58.5247 106.735 260.939
  vertex -57.5 100 261.536
  vertex -57.541 107.01 261.303
 endloop
endfacet
facet normal -0.250126 0.026787 0.967843
 outer loop
  vertex -58.5247 106.735 260.939
  vertex -59.5 100 261
  vertex -57.5 100 261.536
 endloop
endfacet
facet normal -0.078302 0.0263392 0.996582
 outer loop
  vertex -58.5247 106.735 260.939
  vertex -59.5 106.268 260.836
  vertex -59.5 100 261
 endloop
endfacet
facet normal -0.700225 0.0267872 0.71342
 outer loop
  vertex -57.5 100 261.536
  vertex -56.0359 100 263
  vertex -56.6207 107.183 261.959
 endloop
endfacet
facet normal -0.964665 0.0267853 -0.262116
 outer loop
  vertex -55.5 100 265
  vertex -56.0359 100 267
  vertex -55.4605 107.4 266.127
 endloop
endfacet
facet normal 0.0780588 0.0263382 0.996601
 outer loop
  vertex 59.5 106.268 260.836
  vertex 58.5277 106.734 260.938
  vertex 59.5 100 261
 endloop
endfacet
facet normal 0.249883 0.0267871 0.967906
 outer loop
  vertex 59.5 100 261
  vertex 58.5277 106.734 260.938
  vertex 57.5 100 261.536
 endloop
endfacet
facet normal 0.403539 0.0263938 0.914582
 outer loop
  vertex 57.5 100 261.536
  vertex 58.5277 106.734 260.938
  vertex 57.541 107.01 261.303
 endloop
endfacet
facet normal 0.555294 0.026364 0.831236
 outer loop
  vertex 56.6254 107.182 261.954
  vertex 57.5 100 261.536
  vertex 57.541 107.01 261.303
 endloop
endfacet
facet normal 0.699848 0.0267875 0.713789
 outer loop
  vertex 56.6254 107.182 261.954
  vertex 56.0359 100 263
  vertex 57.5 100 261.536
 endloop
endfacet
facet normal 0.809539 0.0264083 0.586472
 outer loop
  vertex 56.6254 107.182 261.954
  vertex 55.913 107.315 262.832
  vertex 56.0359 100 263
 endloop
endfacet
facet normal 0.901563 0.0263779 0.431843
 outer loop
  vertex 56.0359 100 263
  vertex 55.913 107.315 262.832
  vertex 55.4605 107.4 263.873
 endloop
endfacet
facet normal 0.995565 0.0263935 0.0902942
 outer loop
  vertex 55.5 100 265
  vertex 55.4605 107.4 263.873
  vertex 55.3055 107.429 265
 endloop
endfacet
facet normal 0.995581 0.0263926 -0.0901206
 outer loop
  vertex 55.4599 107.4 266.125
  vertex 55.5 100 265
  vertex 55.3055 107.429 265
 endloop
endfacet
facet normal 0.964712 0.0267853 -0.261943
 outer loop
  vertex 55.4599 107.4 266.125
  vertex 56.0359 100 267
  vertex 55.5 100 265
 endloop
endfacet
facet normal 0.901829 0.0263775 -0.431287
 outer loop
  vertex 55.4599 107.4 266.125
  vertex 55.9101 107.316 267.164
  vertex 56.0359 100 267
 endloop
endfacet
facet normal 0.810098 0.0264067 -0.5857
 outer loop
  vertex 56.0359 100 267
  vertex 55.9101 107.316 267.164
  vertex 56.6207 107.183 268.041
 endloop
endfacet
facet normal 0.555719 0.0263663 -0.830952
 outer loop
  vertex 57.5 100 268.464
  vertex 56.6207 107.183 268.041
  vertex 57.541 107.01 268.697
 endloop
endfacet
facet normal 0.403762 0.0263926 -0.914483
 outer loop
  vertex 58.5247 106.735 269.061
  vertex 57.5 100 268.464
  vertex 57.541 107.01 268.697
 endloop
endfacet
facet normal 0.250126 0.026787 -0.967843
 outer loop
  vertex 58.5247 106.735 269.061
  vertex 59.5 100 269
  vertex 57.5 100 268.464
 endloop
endfacet
facet normal 0.078302 0.0263392 -0.996582
 outer loop
  vertex 58.5247 106.735 269.061
  vertex 59.5 106.268 269.164
  vertex 59.5 100 269
 endloop
endfacet
facet normal 0.700225 0.0267872 -0.71342
 outer loop
  vertex 57.5 100 268.464
  vertex 56.0359 100 267
  vertex 56.6207 107.183 268.041
 endloop
endfacet
facet normal 0.964665 0.0267853 0.262116
 outer loop
  vertex 55.5 100 265
  vertex 56.0359 100 263
  vertex 55.4605 107.4 263.873
 endloop
endfacet
facet normal -0.00116082 0.989434 0.14498
 outer loop
  vertex 2.93384E-11 107.429 320.305
  vertex 4.03782E-12 110.589 296.4
  vertex -1.12496 107.4 320.46
 endloop
endfacet
facet normal -0.00339584 0.989325 0.145683
 outer loop
  vertex -1.12496 107.4 320.46
  vertex 4.03782E-12 110.589 296.4
  vertex -2.16377 107.316 320.91
 endloop
endfacet
facet normal -0.0133286 0.99303 0.117104
 outer loop
  vertex -2.16377 107.316 320.91
  vertex 4.03782E-12 110.589 296.4
  vertex -11.3431 110.589 294.28
 endloop
endfacet
facet normal -0.0452518 0.988714 0.142814
 outer loop
  vertex -13.7988 107.01 320.984
  vertex -11.3431 110.589 294.28
  vertex -19.4938 107.01 319.264
 endloop
endfacet
facet normal -0.025895 0.989116 0.144844
 outer loop
  vertex -13.7988 107.01 320.984
  vertex -2.16377 107.316 320.91
  vertex -11.3431 110.589 294.28
 endloop
endfacet
facet normal -0.0179324 0.984469 0.174642
 outer loop
  vertex -13.7988 107.01 320.984
  vertex -3.04135 107.183 321.621
  vertex -2.16377 107.316 320.91
 endloop
endfacet
facet normal -0.0195276 0.984102 0.176529
 outer loop
  vertex -13.7988 107.01 320.984
  vertex -3.69656 107.01 322.541
  vertex -3.04135 107.183 321.621
 endloop
endfacet
facet normal -0.0110917 0.997915 0.0635888
 outer loop
  vertex 4.03782E-12 110.589 296.4
  vertex -2.01799E-13 111.97 269.66
  vertex -11.3431 110.589 294.28
 endloop
endfacet
facet normal -0.0126274 0.999241 0.0368484
 outer loop
  vertex -11.3431 110.589 294.28
  vertex -2.01799E-13 111.97 269.66
  vertex -1.8708 111.97 269.268
 endloop
endfacet
facet normal -0.0250859 0.999241 0.0297986
 outer loop
  vertex -21.1542 110.589 288.205
  vertex -1.8708 111.97 269.268
  vertex -3.01286 111.97 268.555
 endloop
endfacet
facet normal -0.0273568 0.999241 0.0277284
 outer loop
  vertex -4.12659 111.97 267.165
  vertex -21.1542 110.589 288.205
  vertex -3.01286 111.97 268.555
 endloop
endfacet
facet normal -0.0519784 0.997915 0.0382728
 outer loop
  vertex -4.12659 111.97 267.165
  vertex -28.1083 110.589 278.996
  vertex -21.1542 110.589 288.205
 endloop
endfacet
facet normal -0.0618664 0.997915 0.0184151
 outer loop
  vertex -4.12659 111.97 267.165
  vertex -31.2663 110.589 267.897
  vertex -28.1083 110.589 278.996
 endloop
endfacet
facet normal -0.0386139 0.999241 0.00512114
 outer loop
  vertex -4.12659 111.97 267.165
  vertex -4.65141 111.97 265.287
  vertex -31.2663 110.589 267.897
 endloop
endfacet
facet normal -0.064341 0.997915 -0.00517714
 outer loop
  vertex -31.2663 110.589 267.897
  vertex -4.65141 111.97 265.287
  vertex -30.2015 110.589 256.407
 endloop
endfacet
facet normal -0.144526 0.989431 -0.0117994
 outer loop
  vertex -55.4599 107.4 263.875
  vertex -30.2015 110.589 256.407
  vertex -55.9101 107.316 262.836
 endloop
endfacet
facet normal -0.117346 0.993068 -0.006731
 outer loop
  vertex -55.4599 107.4 263.875
  vertex -31.2663 110.589 267.897
  vertex -30.2015 110.589 256.407
 endloop
endfacet
facet normal -0.144852 0.989452 0.00167207
 outer loop
  vertex -55.4599 107.4 263.875
  vertex -55.3055 107.429 265
  vertex -31.2663 110.589 267.897
 endloop
endfacet
facet normal -0.144851 0.989445 0.00399594
 outer loop
  vertex -31.2663 110.589 267.897
  vertex -55.3055 107.429 265
  vertex -55.4605 107.4 266.127
 endloop
endfacet
facet normal -0.145557 0.98933 0.00623591
 outer loop
  vertex -55.913 107.315 267.168
  vertex -31.2663 110.589 267.897
  vertex -55.4605 107.4 266.127
 endloop
endfacet
facet normal -0.147913 0.988952 0.00981631
 outer loop
  vertex -55.913 107.315 267.168
  vertex -57.4778 107.01 269.576
  vertex -31.2663 110.589 267.897
 endloop
endfacet
facet normal -0.175781 0.984377 0.0101262
 outer loop
  vertex -55.913 107.315 267.168
  vertex -56.6254 107.182 268.046
  vertex -57.4778 107.01 269.576
 endloop
endfacet
facet normal -0.177666 0.984021 0.0117165
 outer loop
  vertex -57.4778 107.01 269.576
  vertex -56.6254 107.182 268.046
  vertex -57.541 107.01 268.697
 endloop
endfacet
facet normal -0.0378564 0.999241 -0.00917364
 outer loop
  vertex -4.65141 111.97 265.287
  vertex -4.45619 111.97 263.636
  vertex -30.2015 110.589 256.407
 endloop
endfacet
facet normal -0.0370154 0.999241 -0.0121292
 outer loop
  vertex -30.2015 110.589 256.407
  vertex -4.45619 111.97 263.636
  vertex -3.82413 111.97 262.337
 endloop
endfacet
facet normal -0.0301343 0.999241 -0.0246817
 outer loop
  vertex -25.0579 110.589 246.077
  vertex -3.82413 111.97 262.337
  vertex -2.41051 111.97 261.012
 endloop
endfacet
facet normal -0.0240449 0.997915 -0.0599033
 outer loop
  vertex -16.5301 110.589 238.303
  vertex -2.41051 111.97 261.012
  vertex -5.76977 110.589 234.134
 endloop
endfacet
facet normal -0.0477328 0.988834 -0.14117
 outer loop
  vertex -26.7958 107.01 213.945
  vertex -5.76977 110.589 234.134
  vertex -13.7988 107.01 209.016
 endloop
endfacet
facet normal -0.0495922 0.992778 -0.109233
 outer loop
  vertex -26.7958 107.01 213.945
  vertex -16.5301 110.589 238.303
  vertex -5.76977 110.589 234.134
 endloop
endfacet
facet normal -0.0751859 0.98866 -0.129991
 outer loop
  vertex -26.7958 107.01 213.945
  vertex -30.1387 107.01 215.844
  vertex -16.5301 110.589 238.303
 endloop
endfacet
facet normal -0.0870506 0.988728 -0.121813
 outer loop
  vertex -16.5301 110.589 238.303
  vertex -30.1387 107.01 215.844
  vertex -38.2354 107.01 221.841
 endloop
endfacet
facet normal -0.112834 0.988775 -0.0979419
 outer loop
  vertex -25.0579 110.589 246.077
  vertex -38.2354 107.01 221.841
  vertex -46.9587 107.01 231.541
 endloop
endfacet
facet normal -0.122375 0.988651 -0.087144
 outer loop
  vertex -47.4529 107.01 232.246
  vertex -25.0579 110.589 246.077
  vertex -46.9587 107.01 231.541
 endloop
endfacet
facet normal -0.129606 0.988825 -0.0736677
 outer loop
  vertex -47.4529 107.01 232.246
  vertex -53.9127 107.01 244.554
  vertex -25.0579 110.589 246.077
 endloop
endfacet
facet normal -0.109943 0.992773 -0.0481107
 outer loop
  vertex -25.0579 110.589 246.077
  vertex -53.9127 107.01 244.554
  vertex -30.2015 110.589 256.407
 endloop
endfacet
facet normal -0.0574292 0.997915 -0.0294695
 outer loop
  vertex -3.82413 111.97 262.337
  vertex -25.0579 110.589 246.077
  vertex -30.2015 110.589 256.407
 endloop
endfacet
facet normal -0.00866214 0.999241 -0.0379767
 outer loop
  vertex -2.41051 111.97 261.012
  vertex -0.673347 111.97 260.389
  vertex -5.76977 110.589 234.134
 endloop
endfacet
facet normal -0.00642314 0.99786 -0.0650635
 outer loop
  vertex -5.76977 110.589 234.134
  vertex -0.673347 111.97 260.389
  vertex -4.44765E-12 110.589 233.6
 endloop
endfacet
facet normal -0.00116302 0.989434 -0.144981
 outer loop
  vertex -1.12709 107.4 209.539
  vertex -4.44765E-12 110.589 233.6
  vertex -2.97721E-11 107.429 209.695
 endloop
endfacet
facet normal -0.00680489 0.992976 -0.118116
 outer loop
  vertex -1.12709 107.4 209.539
  vertex -5.76977 110.589 234.134
  vertex -4.44765E-12 110.589 233.6
 endloop
endfacet
facet normal -0.009045 0.989365 -0.14517
 outer loop
  vertex -1.12709 107.4 209.539
  vertex -2.1685 107.315 209.087
  vertex -5.76977 110.589 234.134
 endloop
endfacet
facet normal -0.0110333 0.989146 -0.146524
 outer loop
  vertex -5.76977 110.589 234.134
  vertex -2.1685 107.315 209.087
  vertex -3.04578 107.182 208.375
 endloop
endfacet
facet normal -0.0182543 0.984079 -0.176791
 outer loop
  vertex -10.8868 107.01 208.378
  vertex -3.04578 107.182 208.375
  vertex -3.69656 107.01 207.459
 endloop
endfacet
facet normal -0.0200796 0.988863 -0.14747
 outer loop
  vertex -10.8868 107.01 208.378
  vertex -5.76977 110.589 234.134
  vertex -3.04578 107.182 208.375
 endloop
endfacet
facet normal -0.0312325 0.988656 -0.146916
 outer loop
  vertex -10.8868 107.01 208.378
  vertex -13.7988 107.01 209.016
  vertex -5.76977 110.589 234.134
 endloop
endfacet
facet normal -0.000781526 0.999234 -0.0391362
 outer loop
  vertex -0.673347 111.97 260.389
  vertex -2.01228E-13 111.97 260.34
  vertex -4.44765E-12 110.589 233.6
 endloop
endfacet
facet normal -0.142706 0.988664 -0.0466716
 outer loop
  vertex -53.9127 107.01 244.554
  vertex -55.2576 107.01 248.531
  vertex -30.2015 110.589 256.407
 endloop
endfacet
facet normal -0.146163 0.988721 -0.0326826
 outer loop
  vertex -30.2015 110.589 256.407
  vertex -55.2576 107.01 248.531
  vertex -57.2392 107.01 258.05
 endloop
endfacet
facet normal -0.175528 0.984394 -0.0125761
 outer loop
  vertex -55.9101 107.316 262.836
  vertex -57.2392 107.01 258.05
  vertex -56.6207 107.183 261.959
 endloop
endfacet
facet normal -0.146633 0.98903 -0.0178438
 outer loop
  vertex -55.9101 107.316 262.836
  vertex -30.2015 110.589 256.407
  vertex -57.2392 107.01 258.05
 endloop
endfacet
facet normal -0.177416 0.984034 -0.0141713
 outer loop
  vertex -57.2392 107.01 258.05
  vertex -57.541 107.01 261.303
  vertex -56.6207 107.183 261.959
 endloop
endfacet
facet normal -0.149495 0.988652 0.0147813
 outer loop
  vertex -57.4778 107.01 269.576
  vertex -57.2392 107.01 271.95
  vertex -31.2663 110.589 267.897
 endloop
endfacet
facet normal -0.145186 0.988858 0.032865
 outer loop
  vertex -31.2663 110.589 267.897
  vertex -57.2392 107.01 271.95
  vertex -53.9127 107.01 285.446
 endloop
endfacet
facet normal -0.136239 0.988661 0.0631507
 outer loop
  vertex -28.1083 110.589 278.996
  vertex -53.9127 107.01 285.446
  vertex -50.8632 107.01 292.158
 endloop
endfacet
facet normal -0.129174 0.988727 0.0757225
 outer loop
  vertex -47.4529 107.01 297.754
  vertex -28.1083 110.589 278.996
  vertex -50.8632 107.01 292.158
 endloop
endfacet
facet normal -0.0963578 0.992755 0.0717759
 outer loop
  vertex -47.4529 107.01 297.754
  vertex -21.1542 110.589 288.205
  vertex -28.1083 110.589 278.996
 endloop
endfacet
facet normal -0.110026 0.988739 0.101433
 outer loop
  vertex -47.4529 107.01 297.754
  vertex -39.7034 107.01 306.812
  vertex -21.1542 110.589 288.205
 endloop
endfacet
facet normal -0.101481 0.988651 0.110776
 outer loop
  vertex -21.1542 110.589 288.205
  vertex -39.7034 107.01 306.812
  vertex -38.2354 107.01 308.159
 endloop
endfacet
facet normal -0.0865319 0.988851 0.121185
 outer loop
  vertex -26.7958 107.01 316.055
  vertex -21.1542 110.589 288.205
  vertex -38.2354 107.01 308.159
 endloop
endfacet
facet normal -0.0579793 0.992773 0.105069
 outer loop
  vertex -26.7958 107.01 316.055
  vertex -11.3431 110.589 294.28
  vertex -21.1542 110.589 288.205
 endloop
endfacet
facet normal -0.0588768 0.988667 0.138099
 outer loop
  vertex -26.7958 107.01 316.055
  vertex -19.4938 107.01 319.264
  vertex -11.3431 110.589 294.28
 endloop
endfacet
facet normal -0.0803159 0.992756 -0.0893637
 outer loop
  vertex -38.2354 107.01 221.841
  vertex -25.0579 110.589 246.077
  vertex -16.5301 110.589 238.303
 endloop
endfacet
facet normal -0.0429055 0.997915 -0.0482253
 outer loop
  vertex -16.5301 110.589 238.303
  vertex -25.0579 110.589 246.077
  vertex -2.41051 111.97 261.012
 endloop
endfacet
facet normal -0.0333136 0.997915 0.055288
 outer loop
  vertex -11.3431 110.589 294.28
  vertex -1.8708 111.97 269.268
  vertex -21.1542 110.589 288.205
 endloop
endfacet
facet normal -0.113325 0.992779 0.0393466
 outer loop
  vertex -28.1083 110.589 278.996
  vertex -31.2663 110.589 267.897
  vertex -53.9127 107.01 285.446
 endloop
endfacet
facet normal 0 1 0
 outer loop
  vertex -3.32333 75 328.413
  vertex 3.46622E-16 75 328.587
  vertex -1.93328E-13 75 328.5
 endloop
endfacet
facet normal 0 1 0
 outer loop
  vertex -1.93328E-13 75 328.5
  vertex 3.46622E-16 75 328.587
  vertex 3.32333 75 328.413
 endloop
endfacet
facet normal -0.0952058 -3.02367E-15 -0.995458
 outer loop
  vertex -3.32357 -70.0002 201.587
  vertex -3.32333 -85 201.587
  vertex -11.4601 -70 202.543
 endloop
endfacet
facet normal -0.159086 -3.0781E-15 -0.987265
 outer loop
  vertex -11.4601 -70 202.543
  vertex -3.32333 -85 201.587
  vertex -15.4286 -85 203.403
 endloop
endfacet
facet normal -0.242764 -6.82091E-17 -0.970085
 outer loop
  vertex -15.389 -69.9998 203.393
  vertex -15.4286 -85 203.403
  vertex -15.4285 -69.9998 203.403
 endloop
endfacet
facet normal -0.222011 -2.51158E-17 -0.975044
 outer loop
  vertex -15.389 -69.9998 203.393
  vertex -11.4601 -70 202.543
  vertex -15.4286 -85 203.403
 endloop
endfacet
facet normal -0.408077 8.58444E-17 -0.912948
 outer loop
  vertex -26.5998 -70 207.34
  vertex -24.1612 -69.9999 206.276
  vertex -26.9614 -85 207.508
 endloop
endfacet
facet normal -0.460159 1.34231E-16 -0.887837
 outer loop
  vertex -26.9614 -70 207.508
  vertex -26.9614 -85 207.508
  vertex -33.5999 -70.0001 211.117
 endloop
endfacet
facet normal -0.422705 1.33482E-16 -0.906267
 outer loop
  vertex -26.9614 -70 207.508
  vertex -26.5998 -70 207.34
  vertex -26.9614 -85 207.508
 endloop
endfacet
facet normal -0.516347 8.90229E-17 -0.85638
 outer loop
  vertex -26.9614 -85 207.508
  vertex -37.4921 -85 213.75
  vertex -33.5999 -70.0001 211.117
 endloop
endfacet
facet normal -0.562474 1.59718E-16 -0.826815
 outer loop
  vertex -33.5999 -70.0001 211.117
  vertex -37.4921 -85 213.75
  vertex -36.0132 -70 212.7
 endloop
endfacet
facet normal -0.582717 1.92484E-16 -0.812675
 outer loop
  vertex -36.0132 -70 212.7
  vertex -37.4921 -85 213.75
  vertex -37.4921 -70 213.75
 endloop
endfacet
facet normal -0.60489 1.5328E-16 -0.796309
 outer loop
  vertex -37.4921 -70 213.75
  vertex -37.4921 -85 213.75
  vertex -40.2056 -70 215.849
 endloop
endfacet
facet normal -0.654824 3.17708E-17 -0.755781
 outer loop
  vertex -40.2056 -70 215.849
  vertex -37.4921 -85 213.75
  vertex -46.6296 -85 221.896
 endloop
endfacet
facet normal -0.72139 -1.43781E-16 -0.692529
 outer loop
  vertex -44.3809 -70 219.584
  vertex -46.6296 -85 221.896
  vertex -46.3791 -69.9999 221.627
 endloop
endfacet
facet normal -0.689939 -2.07943E-17 -0.723867
 outer loop
  vertex -44.3809 -70 219.584
  vertex -40.2056 -70 215.849
  vertex -46.6296 -85 221.896
 endloop
endfacet
facet normal -0.840813 2.3027E-16 -0.541326
 outer loop
  vertex -54.034 -69.9999 231.645
  vertex -52.0489 -69.9999 228.624
  vertex -54.034 -85 231.645
 endloop
endfacet
facet normal -0.875197 1.69416E-16 -0.483766
 outer loop
  vertex -55.4743 -70 234.099
  vertex -54.034 -85 231.645
  vertex -57.0783 -70.0001 237.172
 endloop
endfacet
facet normal -0.858699 2.09343E-16 -0.512479
 outer loop
  vertex -55.4743 -70 234.099
  vertex -54.034 -69.9999 231.645
  vertex -54.034 -85 231.645
 endloop
endfacet
facet normal -0.898029 7.79078E-16 -0.439936
 outer loop
  vertex -54.034 -85 231.645
  vertex -59.4303 -85 242.633
  vertex -57.0783 -70.0001 237.172
 endloop
endfacet
facet normal -0.924468 6.6596E-16 -0.381259
 outer loop
  vertex -57.0783 -70.0001 237.172
  vertex -59.4303 -85 242.633
  vertex -59.4304 -70 242.633
 endloop
endfacet
facet normal -0.948171 6.47713E-16 -0.31776
 outer loop
  vertex -59.4304 -70 242.633
  vertex -59.4303 -85 242.633
  vertex -61.5238 -70 249.28
 endloop
endfacet
facet normal -0.966653 7.60571E-16 -0.256089
 outer loop
  vertex -61.5238 -70 249.28
  vertex -59.4303 -85 242.633
  vertex -62.6179 -85 254.452
 endloop
endfacet
facet normal -0.99268 1.49269E-16 -0.120777
 outer loop
  vertex -62.6179 -69.9998 254.452
  vertex -62.6179 -85 254.452
  vertex -63.4725 -69.9996 263.134
 endloop
endfacet
facet normal -0.981121 1.10668E-16 -0.193393
 outer loop
  vertex -62.6179 -69.9998 254.452
  vertex -61.5238 -70 249.28
  vertex -62.6179 -85 254.452
 endloop
endfacet
facet normal -0.998397 7.52302E-17 -0.0566068
 outer loop
  vertex -62.6179 -85 254.452
  vertex -63.4783 -85 266.663
  vertex -63.4725 -69.9996 263.134
 endloop
endfacet
facet normal -0.999999 1.25025E-16 -0.00106574
 outer loop
  vertex -63.4725 -69.9996 263.134
  vertex -63.4783 -85 266.663
  vertex -63.5002 -70 265
 endloop
endfacet
facet normal -0.999962 1.06986E-16 0.00874781
 outer loop
  vertex -63.5002 -70 265
  vertex -63.4783 -85 266.663
  vertex -63.5003 -47.4034 265
 endloop
endfacet
facet normal -0.999962 1.23681E-16 0.00874814
 outer loop
  vertex -63.5003 -47.4034 265
  vertex -63.4783 -85 266.663
  vertex -63.4998 -23.7012 265
 endloop
endfacet
facet normal -0.999962 1.42862E-16 0.00874843
 outer loop
  vertex -63.4998 -23.7012 265
  vertex -63.4783 -85 266.663
  vertex -63.5001 -6.49863 265
 endloop
endfacet
facet normal -0.999847 1.65902E-16 0.0174964
 outer loop
  vertex -63.5001 -6.49863 265
  vertex -63.4783 -85 266.663
  vertex -63.4782 75 266.663
 endloop
endfacet
facet normal -0.999962 1.72627E-16 0.00874846
 outer loop
  vertex -63.5001 0.000112915 265
  vertex -63.4782 75 266.663
  vertex -63.5001 23.4708 265
 endloop
endfacet
facet normal -0.999962 2.0613E-16 0.0087486
 outer loop
  vertex -63.5001 0.000112915 265
  vertex -63.5001 -6.49863 265
  vertex -63.4782 75 266.663
 endloop
endfacet
facet normal -0.995906 1.43767E-15 0.0903938
 outer loop
  vertex -63.4783 -85 266.663
  vertex -61.9795 -85 278.813
  vertex -63.4782 75 266.663
 endloop
endfacet
facet normal -0.988003 1.32432E-15 0.154436
 outer loop
  vertex -63.4782 75 266.663
  vertex -61.9795 -85 278.813
  vertex -61.9794 75 278.813
 endloop
endfacet
facet normal -0.960054 1.23421E-15 0.279814
 outer loop
  vertex -61.9794 75 278.813
  vertex -61.9795 -85 278.813
  vertex -58.1774 -85 290.449
 endloop
endfacet
facet normal -0.888522 1.32993E-17 0.458835
 outer loop
  vertex -58.1773 75 290.449
  vertex -58.1774 -85 290.449
  vertex -52.2131 -85 301.139
 endloop
endfacet
facet normal -0.783968 8.35481E-17 0.620802
 outer loop
  vertex -52.213 75 301.139
  vertex -52.2131 -85 301.139
  vertex -44.3083 -85 310.487
 endloop
endfacet
facet normal -0.650278 -7.08981E-17 0.759697
 outer loop
  vertex -44.3082 75 310.487
  vertex -44.3083 -85 310.487
  vertex -34.7568 -85 318.143
 endloop
endfacet
facet normal -0.492422 -5.74687E-17 0.870357
 outer loop
  vertex -34.7567 75 318.143
  vertex -34.7568 -85 318.143
  vertex -23.9136 -85 323.825
 endloop
endfacet
facet normal -0.316264 -1.3665E-17 0.948671
 outer loop
  vertex -23.9135 75 323.825
  vertex -23.9136 -85 323.825
  vertex -12.1816 -85 327.321
 endloop
endfacet
facet normal -0.145612 4.23116E-18 0.989342
 outer loop
  vertex -12.1816 75 327.32
  vertex -12.1816 -85 327.321
  vertex -3.32333 75 328.413
 endloop
endfacet
facet normal -0.254416 -1.01853E-17 0.967095
 outer loop
  vertex -12.1816 75 327.32
  vertex -23.9135 75 323.825
  vertex -12.1816 -85 327.321
 endloop
endfacet
facet normal -0.0990315 7.96005E-19 0.995084
 outer loop
  vertex -12.1816 -85 327.321
  vertex -1.61437E-18 -85 328.587
  vertex -3.32333 75 328.413
 endloop
endfacet
facet normal -0.052336 8.31946E-19 0.99863
 outer loop
  vertex -3.32333 75 328.413
  vertex -1.61437E-18 -85 328.587
  vertex 3.46622E-16 75 328.587
 endloop
endfacet
facet normal -0.435266 -7.11337E-17 0.900302
 outer loop
  vertex -23.9135 75 323.825
  vertex -34.7567 75 318.143
  vertex -23.9136 -85 323.825
 endloop
endfacet
facet normal -0.599927 -1.28367E-16 0.800055
 outer loop
  vertex -34.7567 75 318.143
  vertex -44.3082 75 310.487
  vertex -34.7568 -85 318.143
 endloop
endfacet
facet normal -0.742298 1.265E-17 0.67007
 outer loop
  vertex -44.3082 75 310.487
  vertex -52.213 75 301.139
  vertex -44.3083 -85 310.487
 endloop
endfacet
facet normal -0.85708 9.68474E-17 0.515184
 outer loop
  vertex -52.213 75 301.139
  vertex -58.1773 75 290.449
  vertex -52.2131 -85 301.139
 endloop
endfacet
facet normal -0.940009 -1.00047E-16 0.34115
 outer loop
  vertex -58.1773 75 290.449
  vertex -61.9794 75 278.813
  vertex -58.1774 -85 290.449
 endloop
endfacet
facet normal -0.981118 1.64025E-16 -0.193412
 outer loop
  vertex -61.5228 69.9998 249.277
  vertex -62.6179 69.9999 254.452
  vertex -62.6178 75 254.452
 endloop
endfacet
facet normal -0.966648 1.192E-17 -0.256108
 outer loop
  vertex -59.4302 75 242.633
  vertex -61.5228 69.9998 249.277
  vertex -62.6178 75 254.452
 endloop
endfacet
facet normal -0.948165 -1.52558E-16 -0.317778
 outer loop
  vertex -59.4302 75 242.633
  vertex -59.4304 69.9999 242.633
  vertex -61.5228 69.9998 249.277
 endloop
endfacet
facet normal -0.925277 -1.38692E-16 -0.379293
 outer loop
  vertex -59.4302 75 242.633
  vertex -57.2547 70 237.538
  vertex -59.4304 69.9999 242.633
 endloop
endfacet
facet normal -0.898966 6.95015E-17 -0.438018
 outer loop
  vertex -59.4302 75 242.633
  vertex -54.0339 75 231.645
  vertex -57.2547 70 237.538
 endloop
endfacet
facet normal -0.876353 1.75738E-16 -0.481669
 outer loop
  vertex -57.2547 70 237.538
  vertex -54.0339 75 231.645
  vertex -55.4993 70.0002 234.143
 endloop
endfacet
facet normal -0.858837 3.01081E-16 -0.51225
 outer loop
  vertex -55.4993 70.0002 234.143
  vertex -54.0339 75 231.645
  vertex -54.0344 70.0003 231.644
 endloop
endfacet
facet normal -0.841655 3.53694E-16 -0.540016
 outer loop
  vertex -54.0344 70.0003 231.644
  vertex -54.0339 75 231.645
  vertex -52.2187 70.0003 228.868
 endloop
endfacet
facet normal -0.824721 2.86657E-16 -0.56554
 outer loop
  vertex -52.2187 70.0003 228.868
  vertex -54.0339 75 231.645
  vertex -50.7484 70.0002 226.83
 endloop
endfacet
facet normal -0.797295 9.70859E-17 -0.60359
 outer loop
  vertex -50.7484 70.0002 226.83
  vertex -54.0339 75 231.645
  vertex -46.6295 75 221.896
 endloop
endfacet
facet normal -0.73383 -3.0071E-16 -0.679333
 outer loop
  vertex -46.6295 69.9999 221.896
  vertex -46.6295 75 221.896
  vertex -46.5317 69.9999 221.791
 endloop
endfacet
facet normal -0.756811 -1.11916E-16 -0.653633
 outer loop
  vertex -46.6295 69.9999 221.896
  vertex -50.7484 70.0002 226.83
  vertex -46.6295 75 221.896
 endloop
endfacet
facet normal -0.688681 -1.17211E-16 -0.725065
 outer loop
  vertex -46.6295 75 221.896
  vertex -37.4921 75 213.75
  vertex -46.5317 69.9999 221.791
 endloop
endfacet
facet normal -0.677072 -1.59298E-16 -0.735917
 outer loop
  vertex -46.5317 69.9999 221.791
  vertex -37.4921 75 213.75
  vertex -44.5314 69.9999 219.732
 endloop
endfacet
facet normal -0.64347 -3.69784E-18 -0.765471
 outer loop
  vertex -44.5314 69.9999 219.732
  vertex -37.4921 75 213.75
  vertex -40.3372 69.9999 215.957
 endloop
endfacet
facet normal -0.605601 1.85016E-16 -0.795768
 outer loop
  vertex -40.3372 69.9999 215.957
  vertex -37.4921 75 213.75
  vertex -37.4922 70 213.75
 endloop
endfacet
facet normal -0.584381 2.15346E-16 -0.811479
 outer loop
  vertex -37.4922 70 213.75
  vertex -37.4921 75 213.75
  vertex -36.3335 70.0001 212.922
 endloop
endfacet
facet normal -0.564727 2.092E-16 -0.825278
 outer loop
  vertex -36.3335 70.0001 212.922
  vertex -37.4921 75 213.75
  vertex -33.7091 69.9999 211.186
 endloop
endfacet
facet normal -0.516928 1.93769E-16 -0.856029
 outer loop
  vertex -33.7091 69.9999 211.186
  vertex -37.4921 75 213.75
  vertex -26.9613 75 207.508
 endloop
endfacet
facet normal -0.423163 1.63725E-16 -0.906054
 outer loop
  vertex -26.9614 70 207.508
  vertex -26.9613 75 207.508
  vertex -26.687 70 207.38
 endloop
endfacet
facet normal -0.460758 1.65278E-16 -0.887526
 outer loop
  vertex -26.9614 70 207.508
  vertex -33.7091 69.9999 211.186
  vertex -26.9613 75 207.508
 endloop
endfacet
facet normal -0.250286 -2.41378E-16 -0.968172
 outer loop
  vertex -15.4448 70.0001 203.407
  vertex -16.8003 70.0001 203.763
  vertex -15.4285 75 203.403
 endloop
endfacet
facet normal -0.159328 -1.46829E-16 -0.987226
 outer loop
  vertex -11.5058 69.9998 202.551
  vertex -15.4285 75 203.403
  vertex -3.32333 75 201.587
 endloop
endfacet
facet normal -0.0559201 4.05971E-19 -0.998435
 outer loop
  vertex -4.00435 70.0005 201.626
  vertex -3.32333 75 201.587
  vertex -3.32347 70.0001 201.587
 endloop
endfacet
facet normal -0.0990222 -4.90671E-17 -0.995085
 outer loop
  vertex -4.00435 70.0005 201.626
  vertex -11.5058 69.9998 202.551
  vertex -3.32333 75 201.587
 endloop
endfacet
facet normal -0.222544 -2.46975E-16 -0.974923
 outer loop
  vertex -11.5058 69.9998 202.551
  vertex -15.4448 70.0001 203.407
  vertex -15.4285 75 203.403
 endloop
endfacet
facet normal -0.270544 -1.31976E-16 -0.962708
 outer loop
  vertex -16.8003 70.0001 203.763
  vertex -19.2867 70 204.499
  vertex -15.4285 75 203.403
 endloop
endfacet
facet normal -0.32483 -3.59525E-17 -0.945772
 outer loop
  vertex -15.4285 75 203.403
  vertex -19.2867 70 204.499
  vertex -26.9613 75 207.508
 endloop
endfacet
facet normal -0.37403 1.16505E-16 -0.927417
 outer loop
  vertex -26.9613 75 207.508
  vertex -19.2867 70 204.499
  vertex -24.8971 70 206.584
 endloop
endfacet
facet normal -0.412356 1.61446E-16 -0.911023
 outer loop
  vertex -26.687 70 207.38
  vertex -26.9613 75 207.508
  vertex -24.8971 70 206.584
 endloop
endfacet
facet normal -0.993376 2.23111E-16 -0.114911
 outer loop
  vertex -62.6179 69.9999 254.452
  vertex -63.4957 69.9999 264.26
  vertex -62.6178 75 254.452
 endloop
endfacet
facet normal -0.998715 2.15109E-16 -0.0506777
 outer loop
  vertex -62.6178 75 254.452
  vertex -63.4957 69.9999 264.26
  vertex -63.4782 75 266.663
 endloop
endfacet
facet normal -0.999988 2.07748E-16 0.00485456
 outer loop
  vertex -63.4782 75 266.663
  vertex -63.4957 69.9999 264.26
  vertex -63.5002 70.0001 265
 endloop
endfacet
facet normal -0.999962 2.13498E-16 0.00874761
 outer loop
  vertex -63.5002 59.4449 265
  vertex -63.4782 75 266.663
  vertex -63.5002 70.0001 265
 endloop
endfacet
facet normal -0.999962 1.86002E-16 0.0087477
 outer loop
  vertex -63.5002 59.4449 265
  vertex -63.5001 58.6823 265
  vertex -63.4782 75 266.663
 endloop
endfacet
facet normal -0.999962 1.56499E-16 0.00874778
 outer loop
  vertex -63.4782 75 266.663
  vertex -63.5001 58.6823 265
  vertex -63.5002 48.8896 265
 endloop
endfacet
facet normal -0.999962 1.94425E-16 0.00874788
 outer loop
  vertex -63.5002 46.9452 265
  vertex -63.4782 75 266.663
  vertex -63.5002 48.8896 265
 endloop
endfacet
facet normal -0.999962 2.02522E-16 0.00874808
 outer loop
  vertex -63.5002 46.9452 265
  vertex -63.5001 23.4708 265
  vertex -63.4782 75 266.663
 endloop
endfacet
facet normal -0.823508 1.85518E-16 -0.567304
 outer loop
  vertex -52.0489 -69.9999 228.624
  vertex -50.6813 -69.9999 226.742
  vertex -54.034 -85 231.645
 endloop
endfacet
facet normal -0.796942 5.04414E-17 -0.604055
 outer loop
  vertex -54.034 -85 231.645
  vertex -50.6813 -69.9999 226.742
  vertex -46.6296 -85 221.896
 endloop
endfacet
facet normal -0.756431 -2.31899E-17 -0.654074
 outer loop
  vertex -46.6296 -85 221.896
  vertex -50.6813 -69.9999 226.742
  vertex -46.6294 -69.9999 221.896
 endloop
endfacet
facet normal -0.73303 -1.64767E-16 -0.680196
 outer loop
  vertex -46.3791 -69.9999 221.627
  vertex -46.6296 -85 221.896
  vertex -46.6294 -69.9999 221.896
 endloop
endfacet
facet normal -0.369803 1.08849E-17 -0.92911
 outer loop
  vertex -24.1612 -69.9999 206.276
  vertex -19.221 -70.0001 204.479
  vertex -26.9614 -85 207.508
 endloop
endfacet
facet normal -0.324487 1.32903E-17 -0.94589
 outer loop
  vertex -26.9614 -85 207.508
  vertex -19.221 -70.0001 204.479
  vertex -15.4286 -85 203.403
 endloop
endfacet
facet normal -0.263452 2.70043E-17 -0.964672
 outer loop
  vertex -15.4286 -85 203.403
  vertex -19.221 -70.0001 204.479
  vertex -15.5138 -69.9998 203.424
 endloop
endfacet
facet normal -0.243421 -2.03364E-17 -0.969921
 outer loop
  vertex -15.4285 -69.9998 203.403
  vertex -15.4286 -85 203.403
  vertex -15.5138 -69.9998 203.424
 endloop
endfacet
facet normal 0 1 0
 outer loop
  vertex 3.32333 75 201.587
  vertex 7.80541E-15 75 201.413
  vertex -1.60151E-13 75 201.5
 endloop
endfacet
facet normal 0 1 0
 outer loop
  vertex -1.60151E-13 75 201.5
  vertex 7.80541E-15 75 201.413
  vertex -3.32333 75 201.587
 endloop
endfacet
facet normal 0.250301 3.49014E-17 -0.968168
 outer loop
  vertex 16.8033 70 203.763
  vertex 15.4445 70 203.407
  vertex 15.4286 75 203.403
 endloop
endfacet
facet normal 0.324829 2.59001E-17 -0.945773
 outer loop
  vertex 19.2863 70 204.5
  vertex 15.4286 75 203.403
  vertex 26.9614 75 207.508
 endloop
endfacet
facet normal 0.412365 9.13117E-18 -0.911019
 outer loop
  vertex 24.8989 70 206.585
  vertex 26.9614 75 207.508
  vertex 26.6865 70 207.38
 endloop
endfacet
facet normal 0.37404 1.73525E-17 -0.927413
 outer loop
  vertex 24.8989 70 206.585
  vertex 19.2863 70 204.5
  vertex 26.9614 75 207.508
 endloop
endfacet
facet normal 0.584388 5.17719E-17 -0.811474
 outer loop
  vertex 37.4921 70 213.75
  vertex 36.3347 70 212.923
  vertex 37.4921 75 213.75
 endloop
endfacet
facet normal 0.655498 -6.48542E-17 -0.755197
 outer loop
  vertex 40.3366 70 215.957
  vertex 37.4921 75 213.75
  vertex 46.6296 75 221.896
 endloop
endfacet
facet normal 0.733827 -2.80098E-16 -0.679336
 outer loop
  vertex 46.5311 70 221.79
  vertex 46.6296 75 221.896
  vertex 46.6295 70 221.896
 endloop
endfacet
facet normal 0.702223 -1.96147E-16 -0.711957
 outer loop
  vertex 46.5311 70 221.79
  vertex 40.3366 70 215.957
  vertex 46.6296 75 221.896
 endloop
endfacet
facet normal 0.765342 -3.40044E-17 -0.643624
 outer loop
  vertex 46.6295 70 221.896
  vertex 46.6296 75 221.896
  vertex 52.2173 70 228.867
 endloop
endfacet
facet normal 0.805201 1.79799E-16 -0.593002
 outer loop
  vertex 52.2173 70 228.867
  vertex 46.6296 75 221.896
  vertex 54.034 75 231.645
 endloop
endfacet
facet normal 0.858839 3.42971E-16 -0.512246
 outer loop
  vertex 54.034 70 231.644
  vertex 54.034 75 231.645
  vertex 55.4991 70 234.144
 endloop
endfacet
facet normal 0.841651 3.93971E-16 -0.540022
 outer loop
  vertex 54.034 70 231.644
  vertex 52.2173 70 228.867
  vertex 54.034 75 231.645
 endloop
endfacet
facet normal 0.876351 1.30442E-16 -0.481672
 outer loop
  vertex 55.4991 70 234.144
  vertex 54.034 75 231.645
  vertex 57.2538 70 237.536
 endloop
endfacet
facet normal 0.898963 -1.40992E-16 -0.438025
 outer loop
  vertex 57.2538 70 237.536
  vertex 54.034 75 231.645
  vertex 59.4303 75 242.633
 endloop
endfacet
facet normal 0.948165 -3.36683E-16 -0.317778
 outer loop
  vertex 59.4303 70 242.633
  vertex 59.4303 75 242.633
  vertex 61.5226 70 249.277
 endloop
endfacet
facet normal 0.925273 -4.44511E-16 -0.379301
 outer loop
  vertex 59.4303 70 242.633
  vertex 57.2538 70 237.536
  vertex 59.4303 75 242.633
 endloop
endfacet
facet normal 0.966648 -5.68763E-17 -0.256107
 outer loop
  vertex 59.4303 75 242.633
  vertex 62.6179 75 254.452
  vertex 61.5226 70 249.277
 endloop
endfacet
facet normal 0.981118 2.70758E-16 -0.193411
 outer loop
  vertex 61.5226 70 249.277
  vertex 62.6179 75 254.452
  vertex 62.6179 70 254.452
 endloop
endfacet
facet normal 0.993374 1.53164E-16 -0.11493
 outer loop
  vertex 62.6179 70 254.452
  vertex 62.6179 75 254.452
  vertex 63.4958 70.0001 264.257
 endloop
endfacet
facet normal 0.998714 -7.17472E-17 -0.0506964
 outer loop
  vertex 63.4958 70.0001 264.257
  vertex 62.6179 75 254.452
  vertex 63.4783 75 266.663
 endloop
endfacet
facet normal 0.999962 -2.4031E-16 0.00874761
 outer loop
  vertex 63.5002 70.0001 265
  vertex 63.4783 75 266.663
  vertex 63.5002 59.445 265
 endloop
endfacet
facet normal 0.999988 -2.65802E-16 0.00483594
 outer loop
  vertex 63.5002 70.0001 265
  vertex 63.4958 70.0001 264.257
  vertex 63.4783 75 266.663
 endloop
endfacet
facet normal 0.052336 1.01163E-18 0.99863
 outer loop
  vertex 3.46622E-16 75 328.587
  vertex -1.61437E-18 -85 328.587
  vertex 3.32333 75 328.413
 endloop
endfacet
facet normal 0.0990315 4.94158E-18 0.995084
 outer loop
  vertex 3.32333 75 328.413
  vertex -1.61437E-18 -85 328.587
  vertex 12.1816 -85 327.321
 endloop
endfacet
facet normal 0.254416 1.11909E-16 0.967095
 outer loop
  vertex 12.1816 75 327.321
  vertex 12.1816 -85 327.321
  vertex 23.9136 -85 323.825
 endloop
endfacet
facet normal 0.435266 1.48342E-17 0.900302
 outer loop
  vertex 23.9136 75 323.825
  vertex 23.9136 -85 323.825
  vertex 34.7568 -85 318.143
 endloop
endfacet
facet normal 0.599927 4.73523E-17 0.800055
 outer loop
  vertex 34.7568 75 318.143
  vertex 34.7568 -85 318.143
  vertex 44.3083 -85 310.487
 endloop
endfacet
facet normal 0.742298 -6.07698E-18 0.67007
 outer loop
  vertex 44.3083 75 310.487
  vertex 44.3083 -85 310.487
  vertex 52.2131 -85 301.139
 endloop
endfacet
facet normal 0.85708 -4.25569E-17 0.515184
 outer loop
  vertex 52.2131 75 301.139
  vertex 52.2131 -85 301.139
  vertex 58.1774 -85 290.449
 endloop
endfacet
facet normal 0.940009 -2.77449E-17 0.34115
 outer loop
  vertex 58.1774 75 290.449
  vertex 58.1774 -85 290.449
  vertex 61.9795 -85 278.813
 endloop
endfacet
facet normal 0.988003 5.08547E-17 0.154436
 outer loop
  vertex 61.9795 75 278.813
  vertex 61.9795 -85 278.813
  vertex 63.4783 -85 266.663
 endloop
endfacet
facet normal 0.999847 -2.54808E-16 0.0174965
 outer loop
  vertex 63.4783 75 266.663
  vertex 63.4783 -85 266.663
  vertex 63.5001 0.000112915 265
 endloop
endfacet
facet normal 0.999962 -2.52581E-16 0.00874859
 outer loop
  vertex 63.5001 6.6693 265
  vertex 63.4783 75 266.663
  vertex 63.5001 0.000112915 265
 endloop
endfacet
facet normal 0.999962 -2.14772E-16 0.0087484
 outer loop
  vertex 63.5001 6.6693 265
  vertex 63.5001 23.4739 265
  vertex 63.4783 75 266.663
 endloop
endfacet
facet normal 0.999962 -2.52423E-16 0.00874823
 outer loop
  vertex 63.4783 75 266.663
  vertex 63.5001 23.4739 265
  vertex 63.5001 27.7796 265
 endloop
endfacet
facet normal 0.999962 -2.79898E-16 0.00874805
 outer loop
  vertex 63.5001 46.9478 265
  vertex 63.4783 75 266.663
  vertex 63.5001 27.7796 265
 endloop
endfacet
facet normal 0.999962 -2.53428E-16 0.0087478
 outer loop
  vertex 63.5001 46.9478 265
  vertex 63.5002 58.6846 265
  vertex 63.4783 75 266.663
 endloop
endfacet
facet normal 0.999962 -2.47361E-16 0.0087477
 outer loop
  vertex 63.4783 75 266.663
  vertex 63.5002 58.6846 265
  vertex 63.5002 59.445 265
 endloop
endfacet
facet normal 0.960054 8.56537E-17 0.279814
 outer loop
  vertex 61.9795 75 278.813
  vertex 58.1774 75 290.449
  vertex 61.9795 -85 278.813
 endloop
endfacet
facet normal 0.888522 -9.5753E-17 0.458835
 outer loop
  vertex 58.1774 75 290.449
  vertex 52.2131 75 301.139
  vertex 58.1774 -85 290.449
 endloop
endfacet
facet normal 0.783968 1.01283E-17 0.620802
 outer loop
  vertex 52.2131 75 301.139
  vertex 44.3083 75 310.487
  vertex 52.2131 -85 301.139
 endloop
endfacet
facet normal 0.650278 2.57018E-17 0.759697
 outer loop
  vertex 44.3083 75 310.487
  vertex 34.7568 75 318.143
  vertex 44.3083 -85 310.487
 endloop
endfacet
facet normal 0.492422 5.53586E-17 0.870357
 outer loop
  vertex 34.7568 75 318.143
  vertex 23.9136 75 323.825
  vertex 34.7568 -85 318.143
 endloop
endfacet
facet normal 0.316264 9.98127E-17 0.948671
 outer loop
  vertex 23.9136 75 323.825
  vertex 12.1816 75 327.321
  vertex 23.9136 -85 323.825
 endloop
endfacet
facet normal 0.145612 1.21509E-16 0.989342
 outer loop
  vertex 12.1816 75 327.321
  vertex 3.32333 75 328.413
  vertex 12.1816 -85 327.321
 endloop
endfacet
facet normal 0.981121 3.05881E-16 -0.193393
 outer loop
  vertex 61.5234 -70 249.28
  vertex 62.6179 -70 254.452
  vertex 62.6179 -85 254.452
 endloop
endfacet
facet normal 0.966653 -7.68635E-18 -0.256089
 outer loop
  vertex 59.4303 -85 242.633
  vertex 61.5234 -70 249.28
  vertex 62.6179 -85 254.452
 endloop
endfacet
facet normal 0.948171 -3.13255E-16 -0.31776
 outer loop
  vertex 59.4303 -85 242.633
  vertex 59.4303 -70 242.633
  vertex 61.5234 -70 249.28
 endloop
endfacet
facet normal 0.924468 -4.27141E-16 -0.38126
 outer loop
  vertex 59.4303 -85 242.633
  vertex 57.0777 -70 237.172
  vertex 59.4303 -70 242.633
 endloop
endfacet
facet normal 0.898029 -1.04274E-16 -0.439936
 outer loop
  vertex 59.4303 -85 242.633
  vertex 54.034 -85 231.645
  vertex 57.0777 -70 237.172
 endloop
endfacet
facet normal 0.875197 8.88869E-17 -0.483766
 outer loop
  vertex 57.0777 -70 237.172
  vertex 54.034 -85 231.645
  vertex 55.4739 -70 234.099
 endloop
endfacet
facet normal 0.858699 3.09727E-16 -0.51248
 outer loop
  vertex 55.4739 -70 234.099
  vertex 54.034 -85 231.645
  vertex 54.034 -70 231.644
 endloop
endfacet
facet normal 0.840813 4.78901E-16 -0.541325
 outer loop
  vertex 54.034 -70 231.644
  vertex 54.034 -85 231.645
  vertex 52.0488 -70 228.624
 endloop
endfacet
facet normal 0.823508 3.85609E-16 -0.567304
 outer loop
  vertex 52.0488 -70 228.624
  vertex 54.034 -85 231.645
  vertex 50.6809 -70 226.742
 endloop
endfacet
facet normal 0.796942 9.19211E-17 -0.604055
 outer loop
  vertex 50.6809 -70 226.742
  vertex 54.034 -85 231.645
  vertex 46.6296 -85 221.896
 endloop
endfacet
facet normal 0.733031 -3.23904E-16 -0.680196
 outer loop
  vertex 46.6295 -70 221.896
  vertex 46.6296 -85 221.896
  vertex 46.3793 -70 221.627
 endloop
endfacet
facet normal 0.756431 -1.69353E-16 -0.654074
 outer loop
  vertex 46.6295 -70 221.896
  vertex 50.6809 -70 226.742
  vertex 46.6296 -85 221.896
 endloop
endfacet
facet normal 0.582718 4.26052E-17 -0.812674
 outer loop
  vertex 36.0132 -70 212.7
  vertex 37.492 -70 213.75
  vertex 37.4921 -85 213.75
 endloop
endfacet
facet normal 0.516347 1.21213E-16 -0.856379
 outer loop
  vertex 33.5997 -70 211.118
  vertex 37.4921 -85 213.75
  vertex 26.9614 -85 207.508
 endloop
endfacet
facet normal 0.422706 7.72824E-18 -0.906267
 outer loop
  vertex 26.9612 -70 207.508
  vertex 26.9614 -85 207.508
  vertex 26.5998 -70 207.34
 endloop
endfacet
facet normal 0.460159 1.10001E-16 -0.887837
 outer loop
  vertex 26.9612 -70 207.508
  vertex 33.5997 -70 211.118
  vertex 26.9614 -85 207.508
 endloop
endfacet
facet normal 0.243421 3.33223E-17 -0.969921
 outer loop
  vertex 15.4284 -70 203.403
  vertex 15.5136 -70 203.424
  vertex 15.4286 -85 203.403
 endloop
endfacet
facet normal 0.222014 -1.9529E-17 -0.975044
 outer loop
  vertex 15.3892 -70 203.393
  vertex 15.4286 -85 203.403
  vertex 11.4601 -70 202.543
 endloop
endfacet
facet normal 0.242765 -1.37678E-17 -0.970085
 outer loop
  vertex 15.3892 -70 203.393
  vertex 15.4284 -70 203.403
  vertex 15.4286 -85 203.403
 endloop
endfacet
facet normal 0.159087 -7.52636E-17 -0.987265
 outer loop
  vertex 15.4286 -85 203.403
  vertex 3.32333 -85 201.587
  vertex 11.4601 -70 202.543
 endloop
endfacet
facet normal 0.0952069 -1.85956E-16 -0.995458
 outer loop
  vertex 11.4601 -70 202.543
  vertex 3.32333 -85 201.587
  vertex 3.32357 -70.0002 201.587
 endloop
endfacet
facet normal 0.263453 3.51929E-17 -0.964672
 outer loop
  vertex 15.5136 -70 203.424
  vertex 19.2209 -70 204.479
  vertex 15.4286 -85 203.403
 endloop
endfacet
facet normal 0.324488 2.70298E-17 -0.94589
 outer loop
  vertex 15.4286 -85 203.403
  vertex 19.2209 -70 204.479
  vertex 26.9614 -85 207.508
 endloop
endfacet
facet normal 0.369804 2.04891E-17 -0.92911
 outer loop
  vertex 26.9614 -85 207.508
  vertex 19.2209 -70 204.479
  vertex 24.1612 -70 206.276
 endloop
endfacet
facet normal 0.408078 9.83269E-18 -0.912947
 outer loop
  vertex 26.5998 -70 207.34
  vertex 26.9614 -85 207.508
  vertex 24.1612 -70 206.276
 endloop
endfacet
facet normal 0.562476 1.32617E-16 -0.826814
 outer loop
  vertex 33.5997 -70 211.118
  vertex 36.0132 -70 212.7
  vertex 37.4921 -85 213.75
 endloop
endfacet
facet normal 0.604891 2.84302E-17 -0.796309
 outer loop
  vertex 37.492 -70 213.75
  vertex 40.2054 -70 215.85
  vertex 37.4921 -85 213.75
 endloop
endfacet
facet normal 0.654824 -9.19092E-17 -0.755781
 outer loop
  vertex 37.4921 -85 213.75
  vertex 40.2054 -70 215.85
  vertex 46.6296 -85 221.896
 endloop
endfacet
facet normal 0.68994 -2.20854E-16 -0.723867
 outer loop
  vertex 46.6296 -85 221.896
  vertex 40.2054 -70 215.85
  vertex 44.3808 -70 219.584
 endloop
endfacet
facet normal 0.721391 -3.25417E-16 -0.692528
 outer loop
  vertex 46.3793 -70 221.627
  vertex 46.6296 -85 221.896
  vertex 44.3808 -70 219.584
 endloop
endfacet
facet normal 0.99268 1.97681E-16 -0.120774
 outer loop
  vertex 62.6179 -70 254.452
  vertex 63.4727 -70 263.134
  vertex 62.6179 -85 254.452
 endloop
endfacet
facet normal 0.998397 -3.03631E-17 -0.0566043
 outer loop
  vertex 62.6179 -85 254.452
  vertex 63.4727 -70 263.134
  vertex 63.4783 -85 266.663
 endloop
endfacet
facet normal 0.999999 -2.59757E-16 -0.00106322
 outer loop
  vertex 63.4783 -85 266.663
  vertex 63.4727 -70 263.134
  vertex 63.5002 -70 265
 endloop
endfacet
facet normal 0.999962 -2.44141E-16 0.0087478
 outer loop
  vertex 63.5001 -48.8331 265
  vertex 63.4783 -85 266.663
  vertex 63.5002 -70 265
 endloop
endfacet
facet normal 0.999962 -2.01086E-16 0.00874796
 outer loop
  vertex 63.5001 -48.8331 265
  vertex 63.5001 -47.4034 265
  vertex 63.4783 -85 266.663
 endloop
endfacet
facet normal 0.999962 -2.44673E-16 0.00874814
 outer loop
  vertex 63.4783 -85 266.663
  vertex 63.5001 -47.4034 265
  vertex 63.5001 -23.7015 265
 endloop
endfacet
facet normal 0.999962 -2.68157E-16 0.00874848
 outer loop
  vertex 63.5001 0.000112915 265
  vertex 63.4783 -85 266.663
  vertex 63.5001 -23.7015 265
 endloop
endfacet
facet normal 0.605599 3.47051E-17 -0.79577
 outer loop
  vertex 40.3366 70 215.957
  vertex 37.4921 70 213.75
  vertex 37.4921 75 213.75
 endloop
endfacet
facet normal 0.564731 5.00118E-17 -0.825275
 outer loop
  vertex 36.3347 70 212.923
  vertex 33.7086 70 211.186
  vertex 37.4921 75 213.75
 endloop
endfacet
facet normal 0.516925 3.60963E-17 -0.85603
 outer loop
  vertex 37.4921 75 213.75
  vertex 33.7086 70 211.186
  vertex 26.9614 75 207.508
 endloop
endfacet
facet normal 0.460756 2.21149E-17 -0.887527
 outer loop
  vertex 26.9614 75 207.508
  vertex 33.7086 70 211.186
  vertex 26.9613 70 207.508
 endloop
endfacet
facet normal 0.423161 9.37283E-18 -0.906054
 outer loop
  vertex 26.6865 70 207.38
  vertex 26.9614 75 207.508
  vertex 26.9613 70 207.508
 endloop
endfacet
facet normal 0.27056 3.26322E-17 -0.962703
 outer loop
  vertex 19.2863 70 204.5
  vertex 16.8033 70 203.763
  vertex 15.4286 75 203.403
 endloop
endfacet
facet normal 0.222543 3.11215E-17 -0.974923
 outer loop
  vertex 15.4445 70 203.407
  vertex 11.5057 70 202.551
  vertex 15.4286 75 203.403
 endloop
endfacet
facet normal 0.159328 -3.98564E-17 -0.987226
 outer loop
  vertex 15.4286 75 203.403
  vertex 11.5057 70 202.551
  vertex 3.32333 75 201.587
 endloop
endfacet
facet normal 0.099063 -1.10432E-16 -0.995081
 outer loop
  vertex 3.32333 75 201.587
  vertex 11.5057 70 202.551
  vertex 4.01202 70.0001 201.627
 endloop
endfacet
facet normal 0.0559607 -2.35004E-16 -0.998433
 outer loop
  vertex 3.32347 70.0001 201.587
  vertex 3.32333 75 201.587
  vertex 4.01202 70.0001 201.627
 endloop
endfacet
facet normal 0.995906 -1.0422E-16 0.0903938
 outer loop
  vertex 63.4783 -85 266.663
  vertex 63.4783 75 266.663
  vertex 61.9795 75 278.813
 endloop
endfacet
facet normal 0 1 0
 outer loop
  vertex 61.125 100 267.382
  vertex 59.75 100 267.75
  vertex 59.5 100 269
 endloop
endfacet
facet normal 0 1 0
 outer loop
  vertex 62.4991 100 269
  vertex 61.125 100 267.382
  vertex 59.5 100 269
 endloop
endfacet
facet normal 0 1 0
 outer loop
  vertex 62.4991 100 269
  vertex 62.1316 100 266.375
  vertex 61.125 100 267.382
 endloop
endfacet
facet normal 0 1 0
 outer loop
  vertex 62.4991 100 269
  vertex 62.6128 100 266.334
  vertex 62.1316 100 266.375
 endloop
endfacet
facet normal 0 1 0
 outer loop
  vertex 62.1316 100 266.375
  vertex 62.6128 100 266.334
  vertex 62.5 100 265
 endloop
endfacet
facet normal 0 1 0
 outer loop
  vertex 62.5 100 265
  vertex 62.6128 100 266.334
  vertex 62.6128 100 263.666
 endloop
endfacet
facet normal 0 1 0
 outer loop
  vertex 62.1316 100 263.625
  vertex 62.6128 100 263.666
  vertex 62.4991 100 261
 endloop
endfacet
facet normal 0 1 0
 outer loop
  vertex 61.125 100 262.618
  vertex 62.4991 100 261
  vertex 59.5 100 261
 endloop
endfacet
facet normal 0 1 0
 outer loop
  vertex 59.75 100 262.25
  vertex 59.5 100 261
  vertex 58.375 100 262.618
 endloop
endfacet
facet normal 0 1 0
 outer loop
  vertex 59.75 100 262.25
  vertex 61.125 100 262.618
  vertex 59.5 100 261
 endloop
endfacet
facet normal 0 1 0
 outer loop
  vertex 56.0359 100 263
  vertex 55.5 100 265
  vertex 57 100 265
 endloop
endfacet
facet normal 0 1 0
 outer loop
  vertex 57.3684 100 263.625
  vertex 56.0359 100 263
  vertex 57 100 265
 endloop
endfacet
facet normal 0 1 0
 outer loop
  vertex 57.3684 100 263.625
  vertex 57.5 100 261.536
  vertex 56.0359 100 263
 endloop
endfacet
facet normal 0 1 0
 outer loop
  vertex 57.3684 100 263.625
  vertex 58.375 100 262.618
  vertex 57.5 100 261.536
 endloop
endfacet
facet normal 0 1 0
 outer loop
  vertex 57.5 100 261.536
  vertex 58.375 100 262.618
  vertex 59.5 100 261
 endloop
endfacet
facet normal 0 1 0
 outer loop
  vertex 57 100 265
  vertex 56.0359 100 267
  vertex 57.3684 100 266.375
 endloop
endfacet
facet normal 0 1 0
 outer loop
  vertex 57 100 265
  vertex 55.5 100 265
  vertex 56.0359 100 267
 endloop
endfacet
facet normal 0 1 0
 outer loop
  vertex 61.125 100 262.618
  vertex 62.1316 100 263.625
  vertex 62.4991 100 261
 endloop
endfacet
facet normal 0 1 0
 outer loop
  vertex 62.1316 100 263.625
  vertex 62.5 100 265
  vertex 62.6128 100 263.666
 endloop
endfacet
facet normal 0 1 0
 outer loop
  vertex 56.0359 100 267
  vertex 57.5 100 268.464
  vertex 57.3684 100 266.375
 endloop
endfacet
facet normal 0 1 0
 outer loop
  vertex 57.3684 100 266.375
  vertex 57.5 100 268.464
  vertex 58.375 100 267.382
 endloop
endfacet
facet normal 0 1 0
 outer loop
  vertex 58.375 100 267.382
  vertex 57.5 100 268.464
  vertex 59.5 100 269
 endloop
endfacet
facet normal 0 1 0
 outer loop
  vertex 59.75 100 267.75
  vertex 58.375 100 267.382
  vertex 59.5 100 269
 endloop
endfacet
facet normal -7.37387E-15 0.0261769 0.999657
 outer loop
  vertex 62.4991 100 261
  vertex 62.4508 101.317 260.966
  vertex 59.5 100 261
 endloop
endfacet
facet normal -7.37387E-15 0.0261769 0.999657
 outer loop
  vertex 59.5 100 261
  vertex 62.4508 101.317 260.966
  vertex 61.6073 104.17 260.891
 endloop
endfacet
facet normal -7.37387E-15 0.0261769 0.999657
 outer loop
  vertex 59.5 106.268 260.836
  vertex 59.5 100 261
  vertex 61.6073 104.17 260.891
 endloop
endfacet
facet normal 0.235412 0.971753 -0.0166385
 outer loop
  vertex 57.541 107.01 261.303
  vertex 58.5277 106.734 260.938
  vertex 57.4778 107.01 260.424
 endloop
endfacet
facet normal 0.266258 0.963608 -0.0238101
 outer loop
  vertex 57.4778 107.01 260.424
  vertex 58.5277 106.734 260.938
  vertex 57.8021 106.878 257.982
 endloop
endfacet
facet normal 0.205949 0.977768 -0.0394226
 outer loop
  vertex 57.2392 107.01 258.05
  vertex 57.8021 106.878 257.982
  vertex 53.9127 107.01 244.554
 endloop
endfacet
facet normal 0.209593 0.977519 -0.0229574
 outer loop
  vertex 57.2392 107.01 258.05
  vertex 57.4778 107.01 260.424
  vertex 57.8021 106.878 257.982
 endloop
endfacet
facet normal 0.377897 0.925326 -0.0310642
 outer loop
  vertex 58.5277 106.734 260.938
  vertex 59.5 106.268 260.836
  vertex 57.8021 106.878 257.982
 endloop
endfacet
facet normal 0.465191 0.883927 -0.0476529
 outer loop
  vertex 57.8021 106.878 257.982
  vertex 59.5 106.268 260.836
  vertex 59.7615 105.896 257.744
 endloop
endfacet
facet normal 0.480631 0.867236 -0.129984
 outer loop
  vertex 54.4428 106.878 244.353
  vertex 59.7615 105.896 257.744
  vertex 56.2884 105.896 243.653
 endloop
endfacet
facet normal 0.435558 0.867236 -0.241229
 outer loop
  vertex 47.9196 106.878 231.924
  vertex 56.2884 105.896 243.653
  vertex 49.544 105.896 230.802
 endloop
endfacet
facet normal 0.365171 0.867236 -0.338455
 outer loop
  vertex 38.6114 106.878 221.417
  vertex 49.544 105.896 230.802
  vertex 39.9203 105.896 219.939
 endloop
endfacet
facet normal 0.273563 0.867236 -0.416012
 outer loop
  vertex 27.0593 106.878 213.443
  vertex 39.9203 105.896 219.939
  vertex 27.9765 105.896 211.695
 endloop
endfacet
facet normal 0.166055 0.867236 -0.469391
 outer loop
  vertex 13.9345 106.878 208.465
  vertex 27.9765 105.896 211.695
  vertex 14.4069 105.896 206.549
 endloop
endfacet
facet normal 0.130678 0.744759 -0.654414
 outer loop
  vertex 4.16413 106.268 205.5
  vertex 14.4069 105.896 206.549
  vertex 14.7624 104.266 205.107
 endloop
endfacet
facet normal 0.168194 0.413843 -0.894676
 outer loop
  vertex 4.10914 104.168 203.392
  vertex 14.7624 104.266 205.107
  vertex 14.953 102.21 204.333
 endloop
endfacet
facet normal 0.180689 0.0850224 -0.979858
 outer loop
  vertex 4.03448 101.317 202.549
  vertex 14.953 102.21 204.333
  vertex 14.9766 101.317 204.237
 endloop
endfacet
facet normal 0.122031 0.249171 -0.960741
 outer loop
  vertex 4.03448 101.317 202.549
  vertex 4.10914 104.168 203.392
  vertex 14.953 102.21 204.333
 endloop
endfacet
facet normal 0.670432 0.73982 -0.0564567
 outer loop
  vertex 59.5 106.268 260.836
  vertex 61.6073 104.17 260.891
  vertex 59.7615 105.896 257.744
 endloop
endfacet
facet normal 0.779326 0.621655 -0.07872
 outer loop
  vertex 59.7615 105.896 257.744
  vertex 61.6073 104.17 260.891
  vertex 61.2362 104.266 257.565
 endloop
endfacet
facet normal 0.748508 0.629024 -0.209916
 outer loop
  vertex 56.2884 105.896 243.653
  vertex 61.2362 104.266 257.565
  vertex 57.6774 104.266 243.126
 endloop
endfacet
facet normal 0.676521 0.629024 -0.382946
 outer loop
  vertex 49.544 105.896 230.802
  vertex 57.6774 104.266 243.126
  vertex 50.7665 104.266 229.958
 endloop
endfacet
facet normal 0.565218 0.629024 -0.53372
 outer loop
  vertex 39.9203 105.896 219.939
  vertex 50.7665 104.266 229.958
  vertex 40.9054 104.266 218.827
 endloop
endfacet
facet normal 0.421066 0.629024 -0.653477
 outer loop
  vertex 27.9765 105.896 211.695
  vertex 40.9054 104.266 218.827
  vertex 28.6669 104.266 210.38
 endloop
endfacet
facet normal 0.252443 0.629024 -0.735256
 outer loop
  vertex 14.4069 105.896 206.549
  vertex 28.6669 104.266 210.38
  vertex 14.7624 104.266 205.107
 endloop
endfacet
facet normal 0.278136 0.720453 -0.635285
 outer loop
  vertex 14.4069 105.896 206.549
  vertex 27.9765 105.896 211.695
  vertex 28.6669 104.266 210.38
 endloop
endfacet
facet normal 0.90589 0.412925 -0.0941114
 outer loop
  vertex 61.2362 104.266 257.565
  vertex 61.6073 104.17 260.891
  vertex 62.0269 102.21 257.469
 endloop
endfacet
facet normal 0.915899 0.304383 -0.261688
 outer loop
  vertex 57.6774 104.266 243.126
  vertex 62.0269 102.21 257.469
  vertex 58.4221 102.21 242.843
 endloop
endfacet
facet normal 0.826658 0.304383 -0.473273
 outer loop
  vertex 50.7665 104.266 229.958
  vertex 58.4221 102.21 242.843
  vertex 51.4221 102.21 229.506
 endloop
endfacet
facet normal 0.689375 0.304383 -0.657353
 outer loop
  vertex 40.9054 104.266 218.827
  vertex 51.4221 102.21 229.506
  vertex 41.4336 102.21 218.231
 endloop
endfacet
facet normal 0.512029 0.304383 -0.80323
 outer loop
  vertex 28.6669 104.266 210.38
  vertex 41.4336 102.21 218.231
  vertex 29.0371 102.21 209.674
 endloop
endfacet
facet normal 0.304925 0.304383 -0.902426
 outer loop
  vertex 14.7624 104.266 205.107
  vertex 29.0371 102.21 209.674
  vertex 14.953 102.21 204.333
 endloop
endfacet
facet normal 0.359067 0.420721 -0.833105
 outer loop
  vertex 14.7624 104.266 205.107
  vertex 28.6669 104.266 210.38
  vertex 29.0371 102.21 209.674
 endloop
endfacet
facet normal 0.965153 0.24855 -0.0818664
 outer loop
  vertex 61.6073 104.17 260.891
  vertex 62.4508 101.317 260.966
  vertex 62.0269 102.21 257.469
 endloop
endfacet
facet normal 0.991227 0.0847573 -0.101414
 outer loop
  vertex 62.0269 102.21 257.469
  vertex 62.4508 101.317 260.966
  vertex 62.1247 101.317 257.457
 endloop
endfacet
facet normal 0.957094 0.0852775 -0.276946
 outer loop
  vertex 58.4221 102.21 242.843
  vertex 62.1247 101.317 257.457
  vertex 58.5142 101.317 242.808
 endloop
endfacet
facet normal 0.863005 0.0852775 -0.497946
 outer loop
  vertex 51.4221 102.21 229.506
  vertex 58.5142 101.317 242.808
  vertex 51.5032 101.317 229.45
 endloop
endfacet
facet normal 0.718762 0.0852775 -0.690007
 outer loop
  vertex 41.4336 102.21 218.231
  vertex 51.5032 101.317 229.45
  vertex 41.4989 101.317 218.157
 endloop
endfacet
facet normal 0.532746 0.0852775 -0.841967
 outer loop
  vertex 29.0371 102.21 209.674
  vertex 41.4989 101.317 218.157
  vertex 29.0828 101.317 209.587
 endloop
endfacet
facet normal 0.31577 0.0852775 -0.944996
 outer loop
  vertex 14.953 102.21 204.333
  vertex 29.0828 101.317 209.587
  vertex 14.9766 101.317 204.237
 endloop
endfacet
facet normal 0.388928 0.135327 -0.911275
 outer loop
  vertex 14.953 102.21 204.333
  vertex 29.0371 102.21 209.674
  vertex 29.0828 101.317 209.587
 endloop
endfacet
facet normal 0.101683 0.650823 -0.752389
 outer loop
  vertex 4.10914 104.168 203.392
  vertex 4.16413 106.268 205.5
  vertex 14.7624 104.266 205.107
 endloop
endfacet
facet normal 0.0828266 0.884531 -0.459069
 outer loop
  vertex 14.4069 105.896 206.549
  vertex 4.16413 106.268 205.5
  vertex 13.9345 106.878 208.465
 endloop
endfacet
facet normal 0.0419658 0.925723 -0.375866
 outer loop
  vertex 13.9345 106.878 208.465
  vertex 4.16413 106.268 205.5
  vertex 4.06088 106.735 206.475
 endloop
endfacet
facet normal 0.0262146 0.97195 -0.233723
 outer loop
  vertex 13.7988 107.01 209.016
  vertex 4.06088 106.735 206.475
  vertex 3.69656 107.01 207.459
 endloop
endfacet
facet normal 0.0442478 0.963888 -0.262607
 outer loop
  vertex 13.7988 107.01 209.016
  vertex 13.9345 106.878 208.465
  vertex 4.06088 106.735 206.475
 endloop
endfacet
facet normal 0.0563747 0.977559 -0.202981
 outer loop
  vertex 13.7988 107.01 209.016
  vertex 19.4938 107.01 210.736
  vertex 13.9345 106.878 208.465
 endloop
endfacet
facet normal 0.0845294 0.970487 -0.225855
 outer loop
  vertex 13.9345 106.878 208.465
  vertex 19.4938 107.01 210.736
  vertex 27.0593 106.878 213.443
 endloop
endfacet
facet normal 0.160123 0.921887 -0.352824
 outer loop
  vertex 27.9765 105.896 211.695
  vertex 13.9345 106.878 208.465
  vertex 27.0593 106.878 213.443
 endloop
endfacet
facet normal 0.0904387 0.977596 -0.190071
 outer loop
  vertex 19.4938 107.01 210.736
  vertex 26.7958 107.01 213.945
  vertex 27.0593 106.878 213.443
 endloop
endfacet
facet normal 0.130826 0.970562 -0.202224
 outer loop
  vertex 27.0593 106.878 213.443
  vertex 26.7958 107.01 213.945
  vertex 38.6114 106.878 221.417
 endloop
endfacet
facet normal 0.239906 0.921887 -0.304251
 outer loop
  vertex 39.9203 105.896 219.939
  vertex 27.0593 106.878 213.443
  vertex 38.6114 106.878 221.417
 endloop
endfacet
facet normal 0.128013 0.977768 -0.166078
 outer loop
  vertex 26.7958 107.01 213.945
  vertex 38.2354 107.01 221.841
  vertex 38.6114 106.878 221.417
 endloop
endfacet
facet normal 0.141363 0.977517 -0.156452
 outer loop
  vertex 38.6114 106.878 221.417
  vertex 38.2354 107.01 221.841
  vertex 39.7034 107.01 223.188
 endloop
endfacet
facet normal 0.16555 0.9777 -0.129211
 outer loop
  vertex 47.9196 106.878 231.924
  vertex 39.7034 107.01 223.188
  vertex 47.4529 107.01 232.246
 endloop
endfacet
facet normal 0.177099 0.977569 -0.113999
 outer loop
  vertex 50.8632 107.01 237.842
  vertex 47.9196 106.878 231.924
  vertex 47.4529 107.01 232.246
 endloop
endfacet
facet normal 0.213339 0.970485 -0.112449
 outer loop
  vertex 50.8632 107.01 237.842
  vertex 54.4428 106.878 244.353
  vertex 47.9196 106.878 231.924
 endloop
endfacet
facet normal 0.194031 0.977584 -0.0817447
 outer loop
  vertex 50.8632 107.01 237.842
  vertex 53.9127 107.01 244.554
  vertex 54.4428 106.878 244.353
 endloop
endfacet
facet normal 0.232024 0.970562 -0.0646135
 outer loop
  vertex 54.4428 106.878 244.353
  vertex 53.9127 107.01 244.554
  vertex 57.8021 106.878 257.982
 endloop
endfacet
facet normal 0.381328 0.921887 -0.0686481
 outer loop
  vertex 59.7615 105.896 257.744
  vertex 54.4428 106.878 244.353
  vertex 57.8021 106.878 257.982
 endloop
endfacet
facet normal 0.970901 0.135327 -0.197581
 outer loop
  vertex 62.0269 102.21 257.469
  vertex 62.1247 101.317 257.457
  vertex 58.4221 102.21 242.843
 endloop
endfacet
facet normal 0.889606 0.420721 -0.177751
 outer loop
  vertex 61.2362 104.266 257.565
  vertex 62.0269 102.21 257.469
  vertex 57.6774 104.266 243.126
 endloop
endfacet
facet normal 0.680829 0.720453 -0.131981
 outer loop
  vertex 59.7615 105.896 257.744
  vertex 61.2362 104.266 257.565
  vertex 56.2884 105.896 243.653
 endloop
endfacet
facet normal 0.895404 0.135327 -0.424192
 outer loop
  vertex 58.4221 102.21 242.843
  vertex 58.5142 101.317 242.808
  vertex 51.4221 102.21 229.506
 endloop
endfacet
facet normal 0.821217 0.420721 -0.385482
 outer loop
  vertex 57.6774 104.266 243.126
  vertex 58.4221 102.21 242.843
  vertex 50.7665 104.266 229.958
 endloop
endfacet
facet normal 0.62946 0.720453 -0.291079
 outer loop
  vertex 56.2884 105.896 243.653
  vertex 57.6774 104.266 243.126
  vertex 49.544 105.896 230.802
 endloop
endfacet
facet normal 0.353819 0.921887 -0.157911
 outer loop
  vertex 54.4428 106.878 244.353
  vertex 56.2884 105.896 243.653
  vertex 47.9196 106.878 231.924
 endloop
endfacet
facet normal 0.767869 0.135327 -0.62615
 outer loop
  vertex 51.4221 102.21 229.506
  vertex 51.5032 101.317 229.45
  vertex 41.4336 102.21 218.231
 endloop
endfacet
facet normal 0.705102 0.420721 -0.570811
 outer loop
  vertex 50.7665 104.266 229.958
  vertex 51.4221 102.21 229.506
  vertex 40.9054 104.266 218.827
 endloop
endfacet
facet normal 0.541509 0.720453 -0.433261
 outer loop
  vertex 49.544 105.896 230.802
  vertex 50.7665 104.266 229.958
  vertex 39.9203 105.896 219.939
 endloop
endfacet
facet normal 0.176936 0.970524 -0.163636
 outer loop
  vertex 39.7034 107.01 223.188
  vertex 47.9196 106.878 231.924
  vertex 38.6114 106.878 221.417
 endloop
endfacet
facet normal 0.305747 0.921887 -0.237997
 outer loop
  vertex 38.6114 106.878 221.417
  vertex 47.9196 106.878 231.924
  vertex 49.544 105.896 230.802
 endloop
endfacet
facet normal 0.595709 0.135327 -0.791718
 outer loop
  vertex 41.4336 102.21 218.231
  vertex 41.4989 101.317 218.157
  vertex 29.0371 102.21 209.674
 endloop
endfacet
facet normal 0.548009 0.420721 -0.722966
 outer loop
  vertex 40.9054 104.266 218.827
  vertex 41.4336 102.21 218.231
  vertex 28.6669 104.266 210.38
 endloop
endfacet
facet normal 0.422088 0.720453 -0.550262
 outer loop
  vertex 39.9203 105.896 219.939
  vertex 40.9054 104.266 218.827
  vertex 27.9765 105.896 211.695
 endloop
endfacet
facet normal -0.999657 0.0261769 -3.91858E-15
 outer loop
  vertex 4 100 202.501
  vertex 4 100 205.5
  vertex 4.03448 101.317 202.549
 endloop
endfacet
facet normal -0.999657 0.0261769 -3.91858E-15
 outer loop
  vertex 4.03448 101.317 202.549
  vertex 4 100 205.5
  vertex 4.10914 104.168 203.392
 endloop
endfacet
facet normal -0.999657 0.0261769 -3.91858E-15
 outer loop
  vertex 4.10914 104.168 203.392
  vertex 4 100 205.5
  vertex 4.16413 106.268 205.5
 endloop
endfacet
facet normal 0 1 0
 outer loop
  vertex -2.75 100 205.25
  vertex -4 100 205.5
  vertex -2.38157 100 206.625
 endloop
endfacet
facet normal 0 1 0
 outer loop
  vertex -2.75 100 205.25
  vertex -2.38157 100 203.875
  vertex -4 100 205.5
 endloop
endfacet
facet normal 0 1 0
 outer loop
  vertex -4 100 205.5
  vertex -2.38157 100 203.875
  vertex -4 100 202.501
 endloop
endfacet
facet normal 0 1 0
 outer loop
  vertex -4 100 202.501
  vertex -2.38157 100 203.875
  vertex -2.66768 100 202.43
 endloop
endfacet
facet normal 0 1 0
 outer loop
  vertex -2.66768 100 202.43
  vertex -2.38157 100 203.875
  vertex -1.375 100 202.868
 endloop
endfacet
facet normal 0 1 0
 outer loop
  vertex -1.33414 100 202.387
  vertex -1.375 100 202.868
  vertex -5.55112E-14 100 202.5
 endloop
endfacet
facet normal 0 1 0
 outer loop
  vertex -2.01228E-13 100 202.373
  vertex -5.55112E-14 100 202.5
  vertex 1.33414 100 202.387
 endloop
endfacet
facet normal 0 1 0
 outer loop
  vertex -2.01228E-13 100 202.373
  vertex -1.33414 100 202.387
  vertex -5.55112E-14 100 202.5
 endloop
endfacet
facet normal 0 1 0
 outer loop
  vertex -2.38157 100 206.625
  vertex -3.4641 100 207.5
  vertex -1.375 100 207.632
 endloop
endfacet
facet normal 0 1 0
 outer loop
  vertex -2.38157 100 206.625
  vertex -4 100 205.5
  vertex -3.4641 100 207.5
 endloop
endfacet
facet normal 0 1 0
 outer loop
  vertex -5.55112E-14 100 202.5
  vertex 1.375 100 202.868
  vertex 1.33414 100 202.387
 endloop
endfacet
facet normal 0 1 0
 outer loop
  vertex 1.33414 100 202.387
  vertex 1.375 100 202.868
  vertex 2.66768 100 202.43
 endloop
endfacet
facet normal 0 1 0
 outer loop
  vertex 2.66768 100 202.43
  vertex 1.375 100 202.868
  vertex 2.38157 100 203.875
 endloop
endfacet
facet normal 0 1 0
 outer loop
  vertex 4 100 202.501
  vertex 2.38157 100 203.875
  vertex 4 100 205.5
 endloop
endfacet
facet normal 0 1 0
 outer loop
  vertex 4 100 202.501
  vertex 2.66768 100 202.43
  vertex 2.38157 100 203.875
 endloop
endfacet
facet normal 0 1 0
 outer loop
  vertex 2.38157 100 203.875
  vertex 2.75 100 205.25
  vertex 4 100 205.5
 endloop
endfacet
facet normal 0 1 0
 outer loop
  vertex 4 100 205.5
  vertex 2.75 100 205.25
  vertex 2.38157 100 206.625
 endloop
endfacet
facet normal 0 1 0
 outer loop
  vertex 3.4641 100 207.5
  vertex 2.38157 100 206.625
  vertex 1.375 100 207.632
 endloop
endfacet
facet normal 0 1 0
 outer loop
  vertex 2 100 208.964
  vertex 1.375 100 207.632
  vertex -5.51744E-14 100 208
 endloop
endfacet
facet normal 0 1 0
 outer loop
  vertex 2.8865E-14 100 209.5
  vertex -5.51744E-14 100 208
  vertex -2 100 208.964
 endloop
endfacet
facet normal 0 1 0
 outer loop
  vertex 2.8865E-14 100 209.5
  vertex 2 100 208.964
  vertex -5.51744E-14 100 208
 endloop
endfacet
facet normal 0 1 0
 outer loop
  vertex -1.33414 100 202.387
  vertex -2.66768 100 202.43
  vertex -1.375 100 202.868
 endloop
endfacet
facet normal 0 1 0
 outer loop
  vertex -3.4641 100 207.5
  vertex -2 100 208.964
  vertex -1.375 100 207.632
 endloop
endfacet
facet normal 0 1 0
 outer loop
  vertex -1.375 100 207.632
  vertex -2 100 208.964
  vertex -5.51744E-14 100 208
 endloop
endfacet
facet normal 0 1 0
 outer loop
  vertex 2 100 208.964
  vertex 3.4641 100 207.5
  vertex 1.375 100 207.632
 endloop
endfacet
facet normal 0 1 0
 outer loop
  vertex 3.4641 100 207.5
  vertex 4 100 205.5
  vertex 2.38157 100 206.625
 endloop
endfacet
facet normal 0.999657 0.0261769 3.88359E-15
 outer loop
  vertex -4 100 202.501
  vertex -4.03448 101.317 202.549
  vertex -4 100 205.5
 endloop
endfacet
facet normal 0.999657 0.0261769 3.88359E-15
 outer loop
  vertex -4 100 205.5
  vertex -4.03448 101.317 202.549
  vertex -4.1092 104.17 203.393
 endloop
endfacet
facet normal 0.999657 0.0261769 3.88359E-15
 outer loop
  vertex -4.16413 106.268 205.5
  vertex -4 100 205.5
  vertex -4.1092 104.17 203.393
 endloop
endfacet
facet normal -0.234994 0.971809 -0.0190932
 outer loop
  vertex -57.541 107.01 261.303
  vertex -57.2392 107.01 258.05
  vertex -58.5247 106.735 260.939
 endloop
endfacet
facet normal -0.265838 0.96366 -0.0262627
 outer loop
  vertex -58.5247 106.735 260.939
  vertex -57.2392 107.01 258.05
  vertex -57.8021 106.878 257.982
 endloop
endfacet
facet normal -0.465191 0.883927 -0.0476529
 outer loop
  vertex -59.5 106.268 260.836
  vertex -57.8021 106.878 257.982
  vertex -59.7615 105.896 257.744
 endloop
endfacet
facet normal -0.779404 0.621556 -0.0787251
 outer loop
  vertex -61.6084 104.168 260.891
  vertex -59.7615 105.896 257.744
  vertex -61.2362 104.266 257.565
 endloop
endfacet
facet normal -0.932601 0.304383 -0.193926
 outer loop
  vertex -62.0269 102.21 257.469
  vertex -61.2362 104.266 257.565
  vertex -58.4221 102.21 242.843
 endloop
endfacet
facet normal -0.900044 0.0852775 -0.427374
 outer loop
  vertex -58.5142 101.317 242.808
  vertex -58.4221 102.21 242.843
  vertex -51.5032 101.317 229.45
 endloop
endfacet
facet normal -0.951511 0.135327 -0.276251
 outer loop
  vertex -58.5142 101.317 242.808
  vertex -62.0269 102.21 257.469
  vertex -58.4221 102.21 242.843
 endloop
endfacet
facet normal -0.976168 0.0852775 -0.199561
 outer loop
  vertex -58.5142 101.317 242.808
  vertex -62.1247 101.317 257.457
  vertex -62.0269 102.21 257.469
 endloop
endfacet
facet normal -0.991227 0.0847573 -0.101414
 outer loop
  vertex -62.0269 102.21 257.469
  vertex -62.1247 101.317 257.457
  vertex -62.4508 101.317 260.966
 endloop
endfacet
facet normal -0.965184 0.248431 -0.0818672
 outer loop
  vertex -61.6084 104.168 260.891
  vertex -62.0269 102.21 257.469
  vertex -62.4508 101.317 260.966
 endloop
endfacet
facet normal -0.905942 0.41281 -0.0941138
 outer loop
  vertex -61.6084 104.168 260.891
  vertex -61.2362 104.266 257.565
  vertex -62.0269 102.21 257.469
 endloop
endfacet
facet normal -0.207316 0.977637 -0.035293
 outer loop
  vertex -57.2392 107.01 258.05
  vertex -55.2576 107.01 248.531
  vertex -57.8021 106.878 257.982
 endloop
endfacet
facet normal -0.233404 0.970497 -0.0604839
 outer loop
  vertex -57.8021 106.878 257.982
  vertex -55.2576 107.01 248.531
  vertex -54.4428 106.878 244.353
 endloop
endfacet
facet normal -0.445953 0.867236 -0.221423
 outer loop
  vertex -56.2884 105.896 243.653
  vertex -54.4428 106.878 244.353
  vertex -49.544 105.896 230.802
 endloop
endfacet
facet normal -0.597958 0.629024 -0.496764
 outer loop
  vertex -50.7665 104.266 229.958
  vertex -49.544 105.896 230.802
  vertex -40.9054 104.266 218.827
 endloop
endfacet
facet normal -0.569465 0.304383 -0.763584
 outer loop
  vertex -41.4336 102.21 218.231
  vertex -40.9054 104.266 218.827
  vertex -29.0371 102.21 209.674
 endloop
endfacet
facet normal -0.390291 0.0852775 -0.916734
 outer loop
  vertex -29.0828 101.317 209.587
  vertex -29.0371 102.21 209.674
  vertex -14.9766 101.317 204.237
 endloop
endfacet
facet normal -0.529028 0.135327 -0.837745
 outer loop
  vertex -29.0828 101.317 209.587
  vertex -41.4336 102.21 218.231
  vertex -29.0371 102.21 209.674
 endloop
endfacet
facet normal -0.598339 0.0852775 -0.796692
 outer loop
  vertex -29.0828 101.317 209.587
  vertex -41.4989 101.317 218.157
  vertex -41.4336 102.21 218.231
 endloop
endfacet
facet normal -0.714141 0.135327 -0.686797
 outer loop
  vertex -41.4336 102.21 218.231
  vertex -41.4989 101.317 218.157
  vertex -51.4221 102.21 229.506
 endloop
endfacet
facet normal -0.78375 0.420721 -0.456869
 outer loop
  vertex -50.7665 104.266 229.958
  vertex -51.4221 102.21 229.506
  vertex -57.6774 104.266 243.126
 endloop
endfacet
facet normal -0.664179 0.720453 -0.199533
 outer loop
  vertex -56.2884 105.896 243.653
  vertex -57.6774 104.266 243.126
  vertex -59.7615 105.896 257.744
 endloop
endfacet
facet normal -0.485984 0.867236 -0.108266
 outer loop
  vertex -57.8021 106.878 257.982
  vertex -56.2884 105.896 243.653
  vertex -59.7615 105.896 257.744
 endloop
endfacet
facet normal -0.369552 0.921887 -0.116427
 outer loop
  vertex -57.8021 106.878 257.982
  vertex -54.4428 106.878 244.353
  vertex -56.2884 105.896 243.653
 endloop
endfacet
facet normal -0.198577 0.977535 -0.0706577
 outer loop
  vertex -55.2576 107.01 248.531
  vertex -53.9127 107.01 244.554
  vertex -54.4428 106.878 244.353
 endloop
endfacet
facet normal -0.216519 0.970562 -0.105497
 outer loop
  vertex -54.4428 106.878 244.353
  vertex -53.9127 107.01 244.554
  vertex -47.9196 106.878 231.924
 endloop
endfacet
facet normal -0.380004 0.867236 -0.321713
 outer loop
  vertex -49.544 105.896 230.802
  vertex -47.9196 106.878 231.924
  vertex -39.9203 105.896 219.939
 endloop
endfacet
facet normal -0.461699 0.629024 -0.62543
 outer loop
  vertex -40.9054 104.266 218.827
  vertex -39.9203 105.896 219.939
  vertex -28.6669 104.266 210.38
 endloop
endfacet
facet normal -0.37018 0.304383 -0.877678
 outer loop
  vertex -29.0371 102.21 209.674
  vertex -28.6669 104.266 210.38
  vertex -14.953 102.21 204.333
 endloop
endfacet
facet normal -0.180689 0.0850224 -0.979858
 outer loop
  vertex -14.9766 101.317 204.237
  vertex -14.953 102.21 204.333
  vertex -4.03448 101.317 202.549
 endloop
endfacet
facet normal -0.31317 0.135327 -0.940006
 outer loop
  vertex -14.9766 101.317 204.237
  vertex -29.0371 102.21 209.674
  vertex -14.953 102.21 204.333
 endloop
endfacet
facet normal -0.180297 0.977768 -0.107062
 outer loop
  vertex -53.9127 107.01 244.554
  vertex -47.4529 107.01 232.246
  vertex -47.9196 106.878 231.924
 endloop
endfacet
facet normal -0.17304 0.977513 -0.120525
 outer loop
  vertex -47.9196 106.878 231.924
  vertex -47.4529 107.01 232.246
  vertex -46.9587 107.01 231.541
 endloop
endfacet
facet normal -0.14892 0.977738 -0.147825
 outer loop
  vertex -38.6114 106.878 221.417
  vertex -46.9587 107.01 231.541
  vertex -38.2354 107.01 221.841
 endloop
endfacet
facet normal -0.131464 0.977646 -0.164088
 outer loop
  vertex -30.1387 107.01 215.844
  vertex -38.6114 106.878 221.417
  vertex -38.2354 107.01 221.841
 endloop
endfacet
facet normal -0.134285 0.9705 -0.200242
 outer loop
  vertex -30.1387 107.01 215.844
  vertex -27.0593 106.878 213.443
  vertex -38.6114 106.878 221.417
 endloop
endfacet
facet normal -0.10147 0.977531 -0.184761
 outer loop
  vertex -30.1387 107.01 215.844
  vertex -26.7958 107.01 213.945
  vertex -27.0593 106.878 213.443
 endloop
endfacet
facet normal -0.0921098 0.970562 -0.222544
 outer loop
  vertex -27.0593 106.878 213.443
  vertex -26.7958 107.01 213.945
  vertex -13.9345 106.878 208.465
 endloop
endfacet
facet normal -0.0828478 0.933345 -0.349289
 outer loop
  vertex -14.4069 105.896 206.549
  vertex -13.9345 106.878 208.465
  vertex -10.8868 107.01 208.378
 endloop
endfacet
facet normal -0.0314964 0.937168 -0.347455
 outer loop
  vertex -4.16413 106.268 205.5
  vertex -10.8868 107.01 208.378
  vertex -4.06157 106.734 206.472
 endloop
endfacet
facet normal -0.0726972 0.898893 -0.432095
 outer loop
  vertex -4.16413 106.268 205.5
  vertex -14.4069 105.896 206.549
  vertex -10.8868 107.01 208.378
 endloop
endfacet
facet normal -0.130678 0.744759 -0.654414
 outer loop
  vertex -4.16413 106.268 205.5
  vertex -14.7624 104.266 205.107
  vertex -14.4069 105.896 206.549
 endloop
endfacet
facet normal -0.101677 0.65092 -0.752307
 outer loop
  vertex -4.16413 106.268 205.5
  vertex -4.1092 104.17 203.393
  vertex -14.7624 104.266 205.107
 endloop
endfacet
facet normal -0.168192 0.413958 -0.894623
 outer loop
  vertex -14.7624 104.266 205.107
  vertex -4.1092 104.17 203.393
  vertex -14.953 102.21 204.333
 endloop
endfacet
facet normal -0.283685 0.420721 -0.861694
 outer loop
  vertex -28.6669 104.266 210.38
  vertex -14.7624 104.266 205.107
  vertex -14.953 102.21 204.333
 endloop
endfacet
facet normal -0.298608 0.629024 -0.717748
 outer loop
  vertex -28.6669 104.266 210.38
  vertex -27.9765 105.896 211.695
  vertex -14.7624 104.266 205.107
 endloop
endfacet
facet normal -0.36483 0.720453 -0.589785
 outer loop
  vertex -28.6669 104.266 210.38
  vertex -39.9203 105.896 219.939
  vertex -27.9765 105.896 211.695
 endloop
endfacet
facet normal -0.291971 0.867236 -0.403305
 outer loop
  vertex -27.9765 105.896 211.695
  vertex -39.9203 105.896 219.939
  vertex -38.6114 106.878 221.417
 endloop
endfacet
facet normal -0.199408 0.921887 -0.332205
 outer loop
  vertex -27.0593 106.878 213.443
  vertex -27.9765 105.896 211.695
  vertex -38.6114 106.878 221.417
 endloop
endfacet
facet normal -0.18697 0.867236 -0.461459
 outer loop
  vertex -27.0593 106.878 213.443
  vertex -14.4069 105.896 206.549
  vertex -27.9765 105.896 211.695
 endloop
endfacet
facet normal -0.114112 0.921887 -0.370273
 outer loop
  vertex -27.0593 106.878 213.443
  vertex -13.9345 106.878 208.465
  vertex -14.4069 105.896 206.549
 endloop
endfacet
facet normal -0.0639596 0.977768 -0.199696
 outer loop
  vertex -26.7958 107.01 213.945
  vertex -13.7988 107.01 209.016
  vertex -13.9345 106.878 208.465
 endloop
endfacet
facet normal -0.0474487 0.977523 -0.205418
 outer loop
  vertex -13.9345 106.878 208.465
  vertex -13.7988 107.01 209.016
  vertex -10.8868 107.01 208.378
 endloop
endfacet
facet normal -0.0231991 0.971829 -0.234542
 outer loop
  vertex -10.8868 107.01 208.378
  vertex -3.69656 107.01 207.459
  vertex -4.06157 106.734 206.472
 endloop
endfacet
facet normal -0.122032 0.24929 -0.960709
 outer loop
  vertex -4.1092 104.17 203.393
  vertex -4.03448 101.317 202.549
  vertex -14.953 102.21 204.333
 endloop
endfacet
facet normal -0.771613 0.0852775 -0.63035
 outer loop
  vertex -41.4989 101.317 218.157
  vertex -51.5032 101.317 229.45
  vertex -51.4221 102.21 229.506
 endloop
endfacet
facet normal -0.85775 0.135327 -0.495935
 outer loop
  vertex -51.4221 102.21 229.506
  vertex -51.5032 101.317 229.45
  vertex -58.4221 102.21 242.843
 endloop
endfacet
facet normal -0.870312 0.420721 -0.25603
 outer loop
  vertex -57.6774 104.266 243.126
  vertex -58.4221 102.21 242.843
  vertex -61.2362 104.266 257.565
 endloop
endfacet
facet normal -0.760324 0.629024 -0.161977
 outer loop
  vertex -59.7615 105.896 257.744
  vertex -57.6774 104.266 243.126
  vertex -61.2362 104.266 257.565
 endloop
endfacet
facet normal -0.670523 0.739737 -0.0564626
 outer loop
  vertex -61.6084 104.168 260.891
  vertex -59.5 106.268 260.836
  vertex -59.7615 105.896 257.744
 endloop
endfacet
facet normal -0.597128 0.720453 -0.352684
 outer loop
  vertex -49.544 105.896 230.802
  vertex -50.7665 104.266 229.958
  vertex -56.2884 105.896 243.653
 endloop
endfacet
facet normal -0.699466 0.629024 -0.339228
 outer loop
  vertex -56.2884 105.896 243.653
  vertex -50.7665 104.266 229.958
  vertex -57.6774 104.266 243.126
 endloop
endfacet
facet normal -0.859091 0.304383 -0.411477
 outer loop
  vertex -58.4221 102.21 242.843
  vertex -57.6774 104.266 243.126
  vertex -51.4221 102.21 229.506
 endloop
endfacet
facet normal -0.33095 0.921887 -0.201484
 outer loop
  vertex -47.9196 106.878 231.924
  vertex -49.544 105.896 230.802
  vertex -54.4428 106.878 244.353
 endloop
endfacet
facet normal -0.65164 0.420721 -0.631157
 outer loop
  vertex -40.9054 104.266 218.827
  vertex -41.4336 102.21 218.231
  vertex -50.7665 104.266 229.958
 endloop
endfacet
facet normal -0.735655 0.304383 -0.605114
 outer loop
  vertex -50.7665 104.266 229.958
  vertex -41.4336 102.21 218.231
  vertex -51.4221 102.21 229.506
 endloop
endfacet
facet normal -0.184465 0.970544 -0.154976
 outer loop
  vertex -46.9587 107.01 231.541
  vertex -38.6114 106.878 221.417
  vertex -47.9196 106.878 231.924
 endloop
endfacet
facet normal -0.273115 0.921887 -0.274831
 outer loop
  vertex -47.9196 106.878 231.924
  vertex -38.6114 106.878 221.417
  vertex -39.9203 105.896 219.939
 endloop
endfacet
facet normal -0.495373 0.720453 -0.485337
 outer loop
  vertex -39.9203 105.896 219.939
  vertex -40.9054 104.266 218.827
  vertex -49.544 105.896 230.802
 endloop
endfacet
facet normal -0.481658 0.420721 -0.768764
 outer loop
  vertex -28.6669 104.266 210.38
  vertex -29.0371 102.21 209.674
  vertex -40.9054 104.266 218.827
 endloop
endfacet
facet normal -0.213084 0.720453 -0.659956
 outer loop
  vertex -14.4069 105.896 206.549
  vertex -14.7624 104.266 205.107
  vertex -27.9765 105.896 211.695
 endloop
endfacet
facet normal -0.37773 0.925395 -0.0310517
 outer loop
  vertex -57.8021 106.878 257.982
  vertex -59.5 106.268 260.836
  vertex -58.5247 106.735 260.939
 endloop
endfacet
facet normal -1.43894E-14 0.0261769 0.999657
 outer loop
  vertex -62.4991 100 261
  vertex -59.5 100 261
  vertex -62.4508 101.317 260.966
 endloop
endfacet
facet normal -1.43894E-14 0.0261769 0.999657
 outer loop
  vertex -62.4508 101.317 260.966
  vertex -59.5 100 261
  vertex -61.6084 104.168 260.891
 endloop
endfacet
facet normal -1.43894E-14 0.0261769 0.999657
 outer loop
  vertex -61.6084 104.168 260.891
  vertex -59.5 100 261
  vertex -59.5 106.268 260.836
 endloop
endfacet
facet normal 0 1 0
 outer loop
  vertex -58.375 100 267.382
  vertex -59.75 100 267.75
  vertex -59.5 100 269
 endloop
endfacet
facet normal 0 1 0
 outer loop
  vertex -57.5 100 268.464
  vertex -58.375 100 267.382
  vertex -59.5 100 269
 endloop
endfacet
facet normal 0 1 0
 outer loop
  vertex -57.5 100 268.464
  vertex -57.3684 100 266.375
  vertex -58.375 100 267.382
 endloop
endfacet
facet normal 0 1 0
 outer loop
  vertex -57.5 100 268.464
  vertex -56.0359 100 267
  vertex -57.3684 100 266.375
 endloop
endfacet
facet normal 0 1 0
 outer loop
  vertex -57.3684 100 266.375
  vertex -56.0359 100 267
  vertex -57 100 265
 endloop
endfacet
facet normal 0 1 0
 outer loop
  vertex -57 100 265
  vertex -56.0359 100 267
  vertex -55.5 100 265
 endloop
endfacet
facet normal 0 1 0
 outer loop
  vertex -56.0359 100 263
  vertex -57 100 265
  vertex -55.5 100 265
 endloop
endfacet
facet normal 0 1 0
 outer loop
  vertex -56.0359 100 263
  vertex -57.3684 100 263.625
  vertex -57 100 265
 endloop
endfacet
facet normal 0 1 0
 outer loop
  vertex -56.0359 100 263
  vertex -57.5 100 261.536
  vertex -57.3684 100 263.625
 endloop
endfacet
facet normal 0 1 0
 outer loop
  vertex -57.3684 100 263.625
  vertex -57.5 100 261.536
  vertex -58.375 100 262.618
 endloop
endfacet
facet normal 0 1 0
 outer loop
  vertex -58.375 100 262.618
  vertex -57.5 100 261.536
  vertex -59.5 100 261
 endloop
endfacet
facet normal 0 1 0
 outer loop
  vertex -59.75 100 262.25
  vertex -59.5 100 261
  vertex -61.125 100 262.618
 endloop
endfacet
facet normal 0 1 0
 outer loop
  vertex -59.75 100 262.25
  vertex -58.375 100 262.618
  vertex -59.5 100 261
 endloop
endfacet
facet normal 0 1 0
 outer loop
  vertex -61.125 100 262.618
  vertex -62.4991 100 261
  vertex -62.1316 100 263.625
 endloop
endfacet
facet normal 0 1 0
 outer loop
  vertex -61.125 100 262.618
  vertex -59.5 100 261
  vertex -62.4991 100 261
 endloop
endfacet
facet normal 0 1 0
 outer loop
  vertex -62.1316 100 263.625
  vertex -62.6128 100 263.666
  vertex -62.5 100 265
 endloop
endfacet
facet normal 0 1 0
 outer loop
  vertex -62.1316 100 263.625
  vertex -62.4991 100 261
  vertex -62.6128 100 263.666
 endloop
endfacet
facet normal 0 1 0
 outer loop
  vertex -62.6128 100 263.666
  vertex -62.6128 100 266.334
  vertex -62.5 100 265
 endloop
endfacet
facet normal 0 1 0
 outer loop
  vertex -62.5 100 265
  vertex -62.6128 100 266.334
  vertex -62.1316 100 266.375
 endloop
endfacet
facet normal 0 1 0
 outer loop
  vertex -62.1316 100 266.375
  vertex -62.6128 100 266.334
  vertex -62.4991 100 269
 endloop
endfacet
facet normal 0 1 0
 outer loop
  vertex -61.125 100 267.382
  vertex -62.4991 100 269
  vertex -59.5 100 269
 endloop
endfacet
facet normal 0 1 0
 outer loop
  vertex -59.75 100 267.75
  vertex -61.125 100 267.382
  vertex -59.5 100 269
 endloop
endfacet
facet normal 0 1 0
 outer loop
  vertex -62.4991 100 269
  vertex -61.125 100 267.382
  vertex -62.1316 100 266.375
 endloop
endfacet
facet normal 1.43544E-14 0.0261769 -0.999657
 outer loop
  vertex -62.4991 100 269
  vertex -62.4508 101.317 269.034
  vertex -59.5 100 269
 endloop
endfacet
facet normal 1.43544E-14 0.0261769 -0.999657
 outer loop
  vertex -59.5 100 269
  vertex -62.4508 101.317 269.034
  vertex -61.6073 104.17 269.109
 endloop
endfacet
facet normal 1.43544E-14 0.0261769 -0.999657
 outer loop
  vertex -59.5 106.268 269.164
  vertex -59.5 100 269
  vertex -61.6073 104.17 269.109
 endloop
endfacet
facet normal -0.0262146 0.97195 0.233723
 outer loop
  vertex -3.69656 107.01 322.541
  vertex -13.7988 107.01 320.984
  vertex -4.06088 106.735 323.525
 endloop
endfacet
facet normal -0.0442478 0.963888 0.262607
 outer loop
  vertex -4.06088 106.735 323.525
  vertex -13.7988 107.01 320.984
  vertex -13.9345 106.878 321.535
 endloop
endfacet
facet normal -0.0828266 0.884531 0.459069
 outer loop
  vertex -4.16413 106.268 324.5
  vertex -13.9345 106.878 321.535
  vertex -14.4069 105.896 323.451
 endloop
endfacet
facet normal -0.252443 0.629024 0.735256
 outer loop
  vertex -14.7624 104.266 324.893
  vertex -14.4069 105.896 323.451
  vertex -28.6669 104.266 319.62
 endloop
endfacet
facet normal -0.512029 0.304383 0.80323
 outer loop
  vertex -29.0371 102.21 320.326
  vertex -28.6669 104.266 319.62
  vertex -41.4336 102.21 311.769
 endloop
endfacet
facet normal -0.718762 0.0852775 0.690007
 outer loop
  vertex -41.4989 101.317 311.843
  vertex -41.4336 102.21 311.769
  vertex -51.5032 101.317 300.55
 endloop
endfacet
facet normal -0.595709 0.135327 0.791718
 outer loop
  vertex -41.4989 101.317 311.843
  vertex -29.0371 102.21 320.326
  vertex -41.4336 102.21 311.769
 endloop
endfacet
facet normal -0.532746 0.0852775 0.841967
 outer loop
  vertex -41.4989 101.317 311.843
  vertex -29.0828 101.317 320.413
  vertex -29.0371 102.21 320.326
 endloop
endfacet
facet normal -0.388928 0.135327 0.911275
 outer loop
  vertex -29.0371 102.21 320.326
  vertex -29.0828 101.317 320.413
  vertex -14.953 102.21 325.667
 endloop
endfacet
facet normal -0.168194 0.413843 0.894676
 outer loop
  vertex -14.7624 104.266 324.893
  vertex -14.953 102.21 325.667
  vertex -4.10914 104.168 326.608
 endloop
endfacet
facet normal -0.101683 0.650823 0.752389
 outer loop
  vertex -4.16413 106.268 324.5
  vertex -14.7624 104.266 324.893
  vertex -4.10914 104.168 326.608
 endloop
endfacet
facet normal -0.130678 0.744759 0.654414
 outer loop
  vertex -4.16413 106.268 324.5
  vertex -14.4069 105.896 323.451
  vertex -14.7624 104.266 324.893
 endloop
endfacet
facet normal -0.0563747 0.977559 0.202981
 outer loop
  vertex -13.7988 107.01 320.984
  vertex -19.4938 107.01 319.264
  vertex -13.9345 106.878 321.535
 endloop
endfacet
facet normal -0.0845294 0.970487 0.225855
 outer loop
  vertex -13.9345 106.878 321.535
  vertex -19.4938 107.01 319.264
  vertex -27.0593 106.878 316.557
 endloop
endfacet
facet normal -0.273563 0.867236 0.416012
 outer loop
  vertex -27.9765 105.896 318.305
  vertex -27.0593 106.878 316.557
  vertex -39.9203 105.896 310.061
 endloop
endfacet
facet normal -0.565218 0.629024 0.53372
 outer loop
  vertex -40.9054 104.266 311.173
  vertex -39.9203 105.896 310.061
  vertex -50.7665 104.266 300.042
 endloop
endfacet
facet normal -0.826658 0.304383 0.473273
 outer loop
  vertex -51.4221 102.21 300.494
  vertex -50.7665 104.266 300.042
  vertex -58.4221 102.21 287.157
 endloop
endfacet
facet normal -0.957094 0.0852775 0.276946
 outer loop
  vertex -58.5142 101.317 287.192
  vertex -58.4221 102.21 287.157
  vertex -62.1247 101.317 272.543
 endloop
endfacet
facet normal -0.895404 0.135327 0.424192
 outer loop
  vertex -58.5142 101.317 287.192
  vertex -51.4221 102.21 300.494
  vertex -58.4221 102.21 287.157
 endloop
endfacet
facet normal -0.863005 0.0852775 0.497946
 outer loop
  vertex -58.5142 101.317 287.192
  vertex -51.5032 101.317 300.55
  vertex -51.4221 102.21 300.494
 endloop
endfacet
facet normal -0.767869 0.135327 0.62615
 outer loop
  vertex -51.4221 102.21 300.494
  vertex -51.5032 101.317 300.55
  vertex -41.4336 102.21 311.769
 endloop
endfacet
facet normal -0.548009 0.420721 0.722966
 outer loop
  vertex -40.9054 104.266 311.173
  vertex -41.4336 102.21 311.769
  vertex -28.6669 104.266 319.62
 endloop
endfacet
facet normal -0.278136 0.720453 0.635285
 outer loop
  vertex -27.9765 105.896 318.305
  vertex -28.6669 104.266 319.62
  vertex -14.4069 105.896 323.451
 endloop
endfacet
facet normal -0.166055 0.867236 0.469391
 outer loop
  vertex -13.9345 106.878 321.535
  vertex -27.9765 105.896 318.305
  vertex -14.4069 105.896 323.451
 endloop
endfacet
facet normal -0.160123 0.921887 0.352824
 outer loop
  vertex -13.9345 106.878 321.535
  vertex -27.0593 106.878 316.557
  vertex -27.9765 105.896 318.305
 endloop
endfacet
facet normal -0.0904387 0.977596 0.190071
 outer loop
  vertex -19.4938 107.01 319.264
  vertex -26.7958 107.01 316.055
  vertex -27.0593 106.878 316.557
 endloop
endfacet
facet normal -0.130826 0.970562 0.202224
 outer loop
  vertex -27.0593 106.878 316.557
  vertex -26.7958 107.01 316.055
  vertex -38.6114 106.878 308.583
 endloop
endfacet
facet normal -0.365171 0.867236 0.338455
 outer loop
  vertex -39.9203 105.896 310.061
  vertex -38.6114 106.878 308.583
  vertex -49.544 105.896 299.198
 endloop
endfacet
facet normal -0.676521 0.629024 0.382946
 outer loop
  vertex -50.7665 104.266 300.042
  vertex -49.544 105.896 299.198
  vertex -57.6774 104.266 286.874
 endloop
endfacet
facet normal -0.915899 0.304383 0.261688
 outer loop
  vertex -58.4221 102.21 287.157
  vertex -57.6774 104.266 286.874
  vertex -62.0269 102.21 272.531
 endloop
endfacet
facet normal -0.991227 0.0847573 0.101414
 outer loop
  vertex -62.1247 101.317 272.543
  vertex -62.0269 102.21 272.531
  vertex -62.4508 101.317 269.034
 endloop
endfacet
facet normal -0.970901 0.135327 0.197581
 outer loop
  vertex -62.1247 101.317 272.543
  vertex -58.4221 102.21 287.157
  vertex -62.0269 102.21 272.531
 endloop
endfacet
facet normal -0.128013 0.977768 0.166078
 outer loop
  vertex -26.7958 107.01 316.055
  vertex -38.2354 107.01 308.159
  vertex -38.6114 106.878 308.583
 endloop
endfacet
facet normal -0.141363 0.977517 0.156452
 outer loop
  vertex -38.6114 106.878 308.583
  vertex -38.2354 107.01 308.159
  vertex -39.7034 107.01 306.812
 endloop
endfacet
facet normal -0.16555 0.9777 0.129211
 outer loop
  vertex -47.9196 106.878 298.077
  vertex -39.7034 107.01 306.812
  vertex -47.4529 107.01 297.754
 endloop
endfacet
facet normal -0.177099 0.977569 0.113999
 outer loop
  vertex -50.8632 107.01 292.158
  vertex -47.9196 106.878 298.077
  vertex -47.4529 107.01 297.754
 endloop
endfacet
facet normal -0.213339 0.970485 0.112449
 outer loop
  vertex -50.8632 107.01 292.158
  vertex -54.4428 106.878 285.647
  vertex -47.9196 106.878 298.077
 endloop
endfacet
facet normal -0.194031 0.977584 0.0817447
 outer loop
  vertex -50.8632 107.01 292.158
  vertex -53.9127 107.01 285.446
  vertex -54.4428 106.878 285.647
 endloop
endfacet
facet normal -0.232024 0.970562 0.0646135
 outer loop
  vertex -54.4428 106.878 285.647
  vertex -53.9127 107.01 285.446
  vertex -57.8021 106.878 272.018
 endloop
endfacet
facet normal -0.465191 0.883927 0.0476529
 outer loop
  vertex -59.7615 105.896 272.256
  vertex -57.8021 106.878 272.018
  vertex -59.5 106.268 269.164
 endloop
endfacet
facet normal -0.670432 0.73982 0.0564567
 outer loop
  vertex -61.6073 104.17 269.109
  vertex -59.7615 105.896 272.256
  vertex -59.5 106.268 269.164
 endloop
endfacet
facet normal -0.779326 0.621655 0.07872
 outer loop
  vertex -61.6073 104.17 269.109
  vertex -61.2362 104.266 272.435
  vertex -59.7615 105.896 272.256
 endloop
endfacet
facet normal -0.90589 0.412925 0.0941114
 outer loop
  vertex -61.6073 104.17 269.109
  vertex -62.0269 102.21 272.531
  vertex -61.2362 104.266 272.435
 endloop
endfacet
facet normal -0.965153 0.24855 0.0818664
 outer loop
  vertex -61.6073 104.17 269.109
  vertex -62.4508 101.317 269.034
  vertex -62.0269 102.21 272.531
 endloop
endfacet
facet normal -0.205949 0.977768 0.0394226
 outer loop
  vertex -53.9127 107.01 285.446
  vertex -57.2392 107.01 271.95
  vertex -57.8021 106.878 272.018
 endloop
endfacet
facet normal -0.209593 0.977519 0.0229574
 outer loop
  vertex -57.8021 106.878 272.018
  vertex -57.2392 107.01 271.95
  vertex -57.4778 107.01 269.576
 endloop
endfacet
facet normal -0.235412 0.971753 0.0166385
 outer loop
  vertex -58.5277 106.734 269.062
  vertex -57.4778 107.01 269.576
  vertex -57.541 107.01 268.697
 endloop
endfacet
facet normal -0.266258 0.963608 0.0238101
 outer loop
  vertex -58.5277 106.734 269.062
  vertex -57.8021 106.878 272.018
  vertex -57.4778 107.01 269.576
 endloop
endfacet
facet normal -0.377897 0.925326 0.0310642
 outer loop
  vertex -58.5277 106.734 269.062
  vertex -59.5 106.268 269.164
  vertex -57.8021 106.878 272.018
 endloop
endfacet
facet normal -0.31577 0.0852775 0.944996
 outer loop
  vertex -29.0828 101.317 320.413
  vertex -14.9766 101.317 325.763
  vertex -14.953 102.21 325.667
 endloop
endfacet
facet normal -0.180689 0.0850224 0.979858
 outer loop
  vertex -14.953 102.21 325.667
  vertex -14.9766 101.317 325.763
  vertex -4.03448 101.317 327.451
 endloop
endfacet
facet normal -0.122031 0.249171 0.960741
 outer loop
  vertex -4.10914 104.168 326.608
  vertex -14.953 102.21 325.667
  vertex -4.03448 101.317 327.451
 endloop
endfacet
facet normal -0.359067 0.420721 0.833105
 outer loop
  vertex -28.6669 104.266 319.62
  vertex -29.0371 102.21 320.326
  vertex -14.7624 104.266 324.893
 endloop
endfacet
facet normal -0.304925 0.304383 0.902426
 outer loop
  vertex -14.7624 104.266 324.893
  vertex -29.0371 102.21 320.326
  vertex -14.953 102.21 325.667
 endloop
endfacet
facet normal -0.422088 0.720453 0.550262
 outer loop
  vertex -39.9203 105.896 310.061
  vertex -40.9054 104.266 311.173
  vertex -27.9765 105.896 318.305
 endloop
endfacet
facet normal -0.421066 0.629024 0.653477
 outer loop
  vertex -27.9765 105.896 318.305
  vertex -40.9054 104.266 311.173
  vertex -28.6669 104.266 319.62
 endloop
endfacet
facet normal -0.239906 0.921887 0.304251
 outer loop
  vertex -38.6114 106.878 308.583
  vertex -39.9203 105.896 310.061
  vertex -27.0593 106.878 316.557
 endloop
endfacet
facet normal -0.705102 0.420721 0.570811
 outer loop
  vertex -50.7665 104.266 300.042
  vertex -51.4221 102.21 300.494
  vertex -40.9054 104.266 311.173
 endloop
endfacet
facet normal -0.689375 0.304383 0.657353
 outer loop
  vertex -40.9054 104.266 311.173
  vertex -51.4221 102.21 300.494
  vertex -41.4336 102.21 311.769
 endloop
endfacet
facet normal -0.176936 0.970524 0.163636
 outer loop
  vertex -39.7034 107.01 306.812
  vertex -47.9196 106.878 298.077
  vertex -38.6114 106.878 308.583
 endloop
endfacet
facet normal -0.305747 0.921887 0.237997
 outer loop
  vertex -38.6114 106.878 308.583
  vertex -47.9196 106.878 298.077
  vertex -49.544 105.896 299.198
 endloop
endfacet
facet normal -0.435558 0.867236 0.241229
 outer loop
  vertex -49.544 105.896 299.198
  vertex -47.9196 106.878 298.077
  vertex -56.2884 105.896 286.347
 endloop
endfacet
facet normal -0.748508 0.629024 0.209916
 outer loop
  vertex -57.6774 104.266 286.874
  vertex -56.2884 105.896 286.347
  vertex -61.2362 104.266 272.435
 endloop
endfacet
facet normal -0.889606 0.420721 0.177751
 outer loop
  vertex -62.0269 102.21 272.531
  vertex -57.6774 104.266 286.874
  vertex -61.2362 104.266 272.435
 endloop
endfacet
facet normal -0.541509 0.720453 0.433261
 outer loop
  vertex -49.544 105.896 299.198
  vertex -50.7665 104.266 300.042
  vertex -39.9203 105.896 310.061
 endloop
endfacet
facet normal -0.353819 0.921887 0.157911
 outer loop
  vertex -47.9196 106.878 298.077
  vertex -54.4428 106.878 285.647
  vertex -56.2884 105.896 286.347
 endloop
endfacet
facet normal -0.480631 0.867236 0.129984
 outer loop
  vertex -56.2884 105.896 286.347
  vertex -54.4428 106.878 285.647
  vertex -59.7615 105.896 272.256
 endloop
endfacet
facet normal -0.680829 0.720453 0.131981
 outer loop
  vertex -61.2362 104.266 272.435
  vertex -56.2884 105.896 286.347
  vertex -59.7615 105.896 272.256
 endloop
endfacet
facet normal -0.62946 0.720453 0.291079
 outer loop
  vertex -56.2884 105.896 286.347
  vertex -57.6774 104.266 286.874
  vertex -49.544 105.896 299.198
 endloop
endfacet
facet normal -0.821217 0.420721 0.385482
 outer loop
  vertex -57.6774 104.266 286.874
  vertex -58.4221 102.21 287.157
  vertex -50.7665 104.266 300.042
 endloop
endfacet
facet normal -0.381328 0.921887 0.0686481
 outer loop
  vertex -57.8021 106.878 272.018
  vertex -59.7615 105.896 272.256
  vertex -54.4428 106.878 285.647
 endloop
endfacet
facet normal -0.0419658 0.925723 0.375866
 outer loop
  vertex -13.9345 106.878 321.535
  vertex -4.16413 106.268 324.5
  vertex -4.06088 106.735 323.525
 endloop
endfacet
facet normal 0.234994 0.971809 0.0190932
 outer loop
  vertex 57.541 107.01 268.697
  vertex 57.2392 107.01 271.95
  vertex 58.5247 106.735 269.061
 endloop
endfacet
facet normal 0.265838 0.96366 0.0262627
 outer loop
  vertex 58.5247 106.735 269.061
  vertex 57.2392 107.01 271.95
  vertex 57.8021 106.878 272.018
 endloop
endfacet
facet normal 0.465191 0.883927 0.0476529
 outer loop
  vertex 59.5 106.268 269.164
  vertex 57.8021 106.878 272.018
  vertex 59.7615 105.896 272.256
 endloop
endfacet
facet normal 0.779404 0.621556 0.0787251
 outer loop
  vertex 61.6084 104.168 269.109
  vertex 59.7615 105.896 272.256
  vertex 61.2362 104.266 272.435
 endloop
endfacet
facet normal 0.932601 0.304383 0.193926
 outer loop
  vertex 62.0269 102.21 272.531
  vertex 61.2362 104.266 272.435
  vertex 58.4221 102.21 287.157
 endloop
endfacet
facet normal 0.900044 0.0852775 0.427374
 outer loop
  vertex 58.5142 101.317 287.192
  vertex 58.4221 102.21 287.157
  vertex 51.5032 101.317 300.55
 endloop
endfacet
facet normal 0.951511 0.135327 0.276251
 outer loop
  vertex 58.5142 101.317 287.192
  vertex 62.0269 102.21 272.531
  vertex 58.4221 102.21 287.157
 endloop
endfacet
facet normal 0.976168 0.0852775 0.199561
 outer loop
  vertex 58.5142 101.317 287.192
  vertex 62.1247 101.317 272.543
  vertex 62.0269 102.21 272.531
 endloop
endfacet
facet normal 0.991227 0.0847573 0.101414
 outer loop
  vertex 62.0269 102.21 272.531
  vertex 62.1247 101.317 272.543
  vertex 62.4508 101.317 269.034
 endloop
endfacet
facet normal 0.965184 0.248431 0.0818672
 outer loop
  vertex 61.6084 104.168 269.109
  vertex 62.0269 102.21 272.531
  vertex 62.4508 101.317 269.034
 endloop
endfacet
facet normal 0.905942 0.41281 0.0941138
 outer loop
  vertex 61.6084 104.168 269.109
  vertex 61.2362 104.266 272.435
  vertex 62.0269 102.21 272.531
 endloop
endfacet
facet normal 0.207316 0.977637 0.035293
 outer loop
  vertex 57.2392 107.01 271.95
  vertex 55.2576 107.01 281.469
  vertex 57.8021 106.878 272.018
 endloop
endfacet
facet normal 0.233404 0.970497 0.0604839
 outer loop
  vertex 57.8021 106.878 272.018
  vertex 55.2576 107.01 281.469
  vertex 54.4428 106.878 285.647
 endloop
endfacet
facet normal 0.445953 0.867236 0.221423
 outer loop
  vertex 56.2884 105.896 286.347
  vertex 54.4428 106.878 285.647
  vertex 49.544 105.896 299.198
 endloop
endfacet
facet normal 0.597958 0.629024 0.496764
 outer loop
  vertex 50.7665 104.266 300.042
  vertex 49.544 105.896 299.198
  vertex 40.9054 104.266 311.173
 endloop
endfacet
facet normal 0.569465 0.304383 0.763584
 outer loop
  vertex 41.4336 102.21 311.769
  vertex 40.9054 104.266 311.173
  vertex 29.0371 102.21 320.326
 endloop
endfacet
facet normal 0.390291 0.0852775 0.916734
 outer loop
  vertex 29.0828 101.317 320.413
  vertex 29.0371 102.21 320.326
  vertex 14.9766 101.317 325.763
 endloop
endfacet
facet normal 0.529028 0.135327 0.837745
 outer loop
  vertex 29.0828 101.317 320.413
  vertex 41.4336 102.21 311.769
  vertex 29.0371 102.21 320.326
 endloop
endfacet
facet normal 0.598339 0.0852775 0.796692
 outer loop
  vertex 29.0828 101.317 320.413
  vertex 41.4989 101.317 311.843
  vertex 41.4336 102.21 311.769
 endloop
endfacet
facet normal 0.714141 0.135327 0.686797
 outer loop
  vertex 41.4336 102.21 311.769
  vertex 41.4989 101.317 311.843
  vertex 51.4221 102.21 300.494
 endloop
endfacet
facet normal 0.78375 0.420721 0.456869
 outer loop
  vertex 50.7665 104.266 300.042
  vertex 51.4221 102.21 300.494
  vertex 57.6774 104.266 286.874
 endloop
endfacet
facet normal 0.664179 0.720453 0.199533
 outer loop
  vertex 56.2884 105.896 286.347
  vertex 57.6774 104.266 286.874
  vertex 59.7615 105.896 272.256
 endloop
endfacet
facet normal 0.485984 0.867236 0.108266
 outer loop
  vertex 57.8021 106.878 272.018
  vertex 56.2884 105.896 286.347
  vertex 59.7615 105.896 272.256
 endloop
endfacet
facet normal 0.369552 0.921887 0.116427
 outer loop
  vertex 57.8021 106.878 272.018
  vertex 54.4428 106.878 285.647
  vertex 56.2884 105.896 286.347
 endloop
endfacet
facet normal 0.198577 0.977535 0.0706577
 outer loop
  vertex 55.2576 107.01 281.469
  vertex 53.9127 107.01 285.446
  vertex 54.4428 106.878 285.647
 endloop
endfacet
facet normal 0.216519 0.970562 0.105497
 outer loop
  vertex 54.4428 106.878 285.647
  vertex 53.9127 107.01 285.446
  vertex 47.9196 106.878 298.077
 endloop
endfacet
facet normal 0.380004 0.867236 0.321713
 outer loop
  vertex 49.544 105.896 299.198
  vertex 47.9196 106.878 298.077
  vertex 39.9203 105.896 310.061
 endloop
endfacet
facet normal 0.461699 0.629024 0.62543
 outer loop
  vertex 40.9054 104.266 311.173
  vertex 39.9203 105.896 310.061
  vertex 28.6669 104.266 319.62
 endloop
endfacet
facet normal 0.37018 0.304383 0.877678
 outer loop
  vertex 29.0371 102.21 320.326
  vertex 28.6669 104.266 319.62
  vertex 14.953 102.21 325.667
 endloop
endfacet
facet normal 0.180689 0.0850224 0.979858
 outer loop
  vertex 14.9766 101.317 325.763
  vertex 14.953 102.21 325.667
  vertex 4.03448 101.317 327.451
 endloop
endfacet
facet normal 0.31317 0.135327 0.940006
 outer loop
  vertex 14.9766 101.317 325.763
  vertex 29.0371 102.21 320.326
  vertex 14.953 102.21 325.667
 endloop
endfacet
facet normal 0.180297 0.977768 0.107062
 outer loop
  vertex 53.9127 107.01 285.446
  vertex 47.4529 107.01 297.754
  vertex 47.9196 106.878 298.077
 endloop
endfacet
facet normal 0.17304 0.977513 0.120525
 outer loop
  vertex 47.9196 106.878 298.077
  vertex 47.4529 107.01 297.754
  vertex 46.9587 107.01 298.459
 endloop
endfacet
facet normal 0.14892 0.977738 0.147825
 outer loop
  vertex 38.6114 106.878 308.583
  vertex 46.9587 107.01 298.459
  vertex 38.2354 107.01 308.159
 endloop
endfacet
facet normal 0.131464 0.977646 0.164088
 outer loop
  vertex 30.1387 107.01 314.156
  vertex 38.6114 106.878 308.583
  vertex 38.2354 107.01 308.159
 endloop
endfacet
facet normal 0.134285 0.9705 0.200242
 outer loop
  vertex 30.1387 107.01 314.156
  vertex 27.0593 106.878 316.557
  vertex 38.6114 106.878 308.583
 endloop
endfacet
facet normal 0.10147 0.977531 0.184761
 outer loop
  vertex 30.1387 107.01 314.156
  vertex 26.7958 107.01 316.055
  vertex 27.0593 106.878 316.557
 endloop
endfacet
facet normal 0.0921098 0.970562 0.222544
 outer loop
  vertex 27.0593 106.878 316.557
  vertex 26.7958 107.01 316.055
  vertex 13.9345 106.878 321.535
 endloop
endfacet
facet normal 0.0828478 0.933345 0.349289
 outer loop
  vertex 14.4069 105.896 323.451
  vertex 13.9345 106.878 321.535
  vertex 10.8868 107.01 321.622
 endloop
endfacet
facet normal 0.0314964 0.937168 0.347455
 outer loop
  vertex 4.16413 106.268 324.5
  vertex 10.8868 107.01 321.622
  vertex 4.06157 106.734 323.528
 endloop
endfacet
facet normal 0.0726972 0.898893 0.432095
 outer loop
  vertex 4.16413 106.268 324.5
  vertex 14.4069 105.896 323.451
  vertex 10.8868 107.01 321.622
 endloop
endfacet
facet normal 0.130678 0.744759 0.654414
 outer loop
  vertex 4.16413 106.268 324.5
  vertex 14.7624 104.266 324.893
  vertex 14.4069 105.896 323.451
 endloop
endfacet
facet normal 0.101677 0.65092 0.752307
 outer loop
  vertex 4.16413 106.268 324.5
  vertex 4.1092 104.17 326.607
  vertex 14.7624 104.266 324.893
 endloop
endfacet
facet normal 0.168192 0.413958 0.894623
 outer loop
  vertex 14.7624 104.266 324.893
  vertex 4.1092 104.17 326.607
  vertex 14.953 102.21 325.667
 endloop
endfacet
facet normal 0.283685 0.420721 0.861694
 outer loop
  vertex 28.6669 104.266 319.62
  vertex 14.7624 104.266 324.893
  vertex 14.953 102.21 325.667
 endloop
endfacet
facet normal 0.298608 0.629024 0.717748
 outer loop
  vertex 28.6669 104.266 319.62
  vertex 27.9765 105.896 318.305
  vertex 14.7624 104.266 324.893
 endloop
endfacet
facet normal 0.36483 0.720453 0.589785
 outer loop
  vertex 28.6669 104.266 319.62
  vertex 39.9203 105.896 310.061
  vertex 27.9765 105.896 318.305
 endloop
endfacet
facet normal 0.291971 0.867236 0.403305
 outer loop
  vertex 27.9765 105.896 318.305
  vertex 39.9203 105.896 310.061
  vertex 38.6114 106.878 308.583
 endloop
endfacet
facet normal 0.199408 0.921887 0.332205
 outer loop
  vertex 27.0593 106.878 316.557
  vertex 27.9765 105.896 318.305
  vertex 38.6114 106.878 308.583
 endloop
endfacet
facet normal 0.18697 0.867236 0.461459
 outer loop
  vertex 27.0593 106.878 316.557
  vertex 14.4069 105.896 323.451
  vertex 27.9765 105.896 318.305
 endloop
endfacet
facet normal 0.114112 0.921887 0.370273
 outer loop
  vertex 27.0593 106.878 316.557
  vertex 13.9345 106.878 321.535
  vertex 14.4069 105.896 323.451
 endloop
endfacet
facet normal 0.0639596 0.977768 0.199696
 outer loop
  vertex 26.7958 107.01 316.055
  vertex 13.7988 107.01 320.984
  vertex 13.9345 106.878 321.535
 endloop
endfacet
facet normal 0.0474487 0.977523 0.205418
 outer loop
  vertex 13.9345 106.878 321.535
  vertex 13.7988 107.01 320.984
  vertex 10.8868 107.01 321.622
 endloop
endfacet
facet normal 0.0231991 0.971829 0.234542
 outer loop
  vertex 10.8868 107.01 321.622
  vertex 3.69656 107.01 322.541
  vertex 4.06157 106.734 323.528
 endloop
endfacet
facet normal 0.122032 0.24929 0.960709
 outer loop
  vertex 4.1092 104.17 326.607
  vertex 4.03448 101.317 327.451
  vertex 14.953 102.21 325.667
 endloop
endfacet
facet normal 0.771613 0.0852775 0.63035
 outer loop
  vertex 41.4989 101.317 311.843
  vertex 51.5032 101.317 300.55
  vertex 51.4221 102.21 300.494
 endloop
endfacet
facet normal 0.85775 0.135327 0.495935
 outer loop
  vertex 51.4221 102.21 300.494
  vertex 51.5032 101.317 300.55
  vertex 58.4221 102.21 287.157
 endloop
endfacet
facet normal 0.870312 0.420721 0.25603
 outer loop
  vertex 57.6774 104.266 286.874
  vertex 58.4221 102.21 287.157
  vertex 61.2362 104.266 272.435
 endloop
endfacet
facet normal 0.760324 0.629024 0.161977
 outer loop
  vertex 59.7615 105.896 272.256
  vertex 57.6774 104.266 286.874
  vertex 61.2362 104.266 272.435
 endloop
endfacet
facet normal 0.670523 0.739737 0.0564626
 outer loop
  vertex 61.6084 104.168 269.109
  vertex 59.5 106.268 269.164
  vertex 59.7615 105.896 272.256
 endloop
endfacet
facet normal 0.597128 0.720453 0.352684
 outer loop
  vertex 49.544 105.896 299.198
  vertex 50.7665 104.266 300.042
  vertex 56.2884 105.896 286.347
 endloop
endfacet
facet normal 0.699466 0.629024 0.339228
 outer loop
  vertex 56.2884 105.896 286.347
  vertex 50.7665 104.266 300.042
  vertex 57.6774 104.266 286.874
 endloop
endfacet
facet normal 0.859091 0.304383 0.411477
 outer loop
  vertex 58.4221 102.21 287.157
  vertex 57.6774 104.266 286.874
  vertex 51.4221 102.21 300.494
 endloop
endfacet
facet normal 0.33095 0.921887 0.201484
 outer loop
  vertex 47.9196 106.878 298.077
  vertex 49.544 105.896 299.198
  vertex 54.4428 106.878 285.647
 endloop
endfacet
facet normal 0.65164 0.420721 0.631157
 outer loop
  vertex 40.9054 104.266 311.173
  vertex 41.4336 102.21 311.769
  vertex 50.7665 104.266 300.042
 endloop
endfacet
facet normal 0.735655 0.304383 0.605114
 outer loop
  vertex 50.7665 104.266 300.042
  vertex 41.4336 102.21 311.769
  vertex 51.4221 102.21 300.494
 endloop
endfacet
facet normal 0.184465 0.970544 0.154976
 outer loop
  vertex 46.9587 107.01 298.459
  vertex 38.6114 106.878 308.583
  vertex 47.9196 106.878 298.077
 endloop
endfacet
facet normal 0.273115 0.921887 0.274831
 outer loop
  vertex 47.9196 106.878 298.077
  vertex 38.6114 106.878 308.583
  vertex 39.9203 105.896 310.061
 endloop
endfacet
facet normal 0.495373 0.720453 0.485337
 outer loop
  vertex 39.9203 105.896 310.061
  vertex 40.9054 104.266 311.173
  vertex 49.544 105.896 299.198
 endloop
endfacet
facet normal 0.481658 0.420721 0.768764
 outer loop
  vertex 28.6669 104.266 319.62
  vertex 29.0371 102.21 320.326
  vertex 40.9054 104.266 311.173
 endloop
endfacet
facet normal 0.213084 0.720453 0.659956
 outer loop
  vertex 14.4069 105.896 323.451
  vertex 14.7624 104.266 324.893
  vertex 27.9765 105.896 318.305
 endloop
endfacet
facet normal 0.37773 0.925395 0.0310517
 outer loop
  vertex 57.8021 106.878 272.018
  vertex 59.5 106.268 269.164
  vertex 58.5247 106.735 269.061
 endloop
endfacet
facet normal 7.40886E-15 0.0261769 -0.999657
 outer loop
  vertex 62.4991 100 269
  vertex 59.5 100 269
  vertex 62.4508 101.317 269.034
 endloop
endfacet
facet normal 7.40886E-15 0.0261769 -0.999657
 outer loop
  vertex 62.4508 101.317 269.034
  vertex 59.5 100 269
  vertex 61.6084 104.168 269.109
 endloop
endfacet
facet normal 7.40886E-15 0.0261769 -0.999657
 outer loop
  vertex 61.6084 104.168 269.109
  vertex 59.5 100 269
  vertex 59.5 106.268 269.164
 endloop
endfacet
facet normal 0.999657 0.0261769 3.91858E-15
 outer loop
  vertex -4 100 327.499
  vertex -4 100 324.5
  vertex -4.03448 101.317 327.451
 endloop
endfacet
facet normal 0.999657 0.0261769 3.91858E-15
 outer loop
  vertex -4.03448 101.317 327.451
  vertex -4 100 324.5
  vertex -4.10914 104.168 326.608
 endloop
endfacet
facet normal 0.999657 0.0261769 3.91858E-15
 outer loop
  vertex -4.10914 104.168 326.608
  vertex -4 100 324.5
  vertex -4.16413 106.268 324.5
 endloop
endfacet
facet normal -0.996601 0.0263382 0.0780588
 outer loop
  vertex 4.16413 106.268 324.5
  vertex 4.06157 106.734 323.528
  vertex 4 100 324.5
 endloop
endfacet
facet normal -0.967906 0.0267871 0.249883
 outer loop
  vertex 4 100 324.5
  vertex 4.06157 106.734 323.528
  vertex 3.4641 100 322.5
 endloop
endfacet
facet normal -0.914582 0.0263938 0.403539
 outer loop
  vertex 3.4641 100 322.5
  vertex 4.06157 106.734 323.528
  vertex 3.69656 107.01 322.541
 endloop
endfacet
facet normal -0.831236 0.026364 0.555294
 outer loop
  vertex 3.04578 107.182 321.625
  vertex 3.4641 100 322.5
  vertex 3.69656 107.01 322.541
 endloop
endfacet
facet normal -0.713789 0.0267875 0.699848
 outer loop
  vertex 3.04578 107.182 321.625
  vertex 2 100 321.036
  vertex 3.4641 100 322.5
 endloop
endfacet
facet normal -0.586472 0.0264083 0.809539
 outer loop
  vertex 3.04578 107.182 321.625
  vertex 2.1685 107.315 320.913
  vertex 2 100 321.036
 endloop
endfacet
facet normal -0.431843 0.0263779 0.901563
 outer loop
  vertex 2 100 321.036
  vertex 2.1685 107.315 320.913
  vertex 1.12709 107.4 320.461
 endloop
endfacet
facet normal -0.0902942 0.0263935 0.995565
 outer loop
  vertex -4.31321E-13 100 320.5
  vertex 1.12709 107.4 320.461
  vertex 2.93384E-11 107.429 320.305
 endloop
endfacet
facet normal 0.0901206 0.0263926 0.995581
 outer loop
  vertex -1.12496 107.4 320.46
  vertex -4.31321E-13 100 320.5
  vertex 2.93384E-11 107.429 320.305
 endloop
endfacet
facet normal 0.261943 0.0267853 0.964712
 outer loop
  vertex -1.12496 107.4 320.46
  vertex -2 100 321.036
  vertex -4.31321E-13 100 320.5
 endloop
endfacet
facet normal 0.431287 0.0263775 0.901829
 outer loop
  vertex -1.12496 107.4 320.46
  vertex -2.16377 107.316 320.91
  vertex -2 100 321.036
 endloop
endfacet
facet normal 0.5857 0.0264067 0.810098
 outer loop
  vertex -2 100 321.036
  vertex -2.16377 107.316 320.91
  vertex -3.04135 107.183 321.621
 endloop
endfacet
facet normal 0.830952 0.0263663 0.555719
 outer loop
  vertex -3.4641 100 322.5
  vertex -3.04135 107.183 321.621
  vertex -3.69656 107.01 322.541
 endloop
endfacet
facet normal 0.914483 0.0263926 0.403762
 outer loop
  vertex -4.06088 106.735 323.525
  vertex -3.4641 100 322.5
  vertex -3.69656 107.01 322.541
 endloop
endfacet
facet normal 0.967843 0.026787 0.250126
 outer loop
  vertex -4.06088 106.735 323.525
  vertex -4 100 324.5
  vertex -3.4641 100 322.5
 endloop
endfacet
facet normal 0.996582 0.0263392 0.078302
 outer loop
  vertex -4.06088 106.735 323.525
  vertex -4.16413 106.268 324.5
  vertex -4 100 324.5
 endloop
endfacet
facet normal 0.71342 0.0267872 0.700225
 outer loop
  vertex -3.4641 100 322.5
  vertex -2 100 321.036
  vertex -3.04135 107.183 321.621
 endloop
endfacet
facet normal -0.262116 0.0267853 0.964665
 outer loop
  vertex -4.31321E-13 100 320.5
  vertex 2 100 321.036
  vertex 1.12709 107.4 320.461
 endloop
endfacet
facet normal -0.999657 0.0261769 -3.88359E-15
 outer loop
  vertex 4 100 327.499
  vertex 4.03448 101.317 327.451
  vertex 4 100 324.5
 endloop
endfacet
facet normal -0.999657 0.0261769 -3.88359E-15
 outer loop
  vertex 4 100 324.5
  vertex 4.03448 101.317 327.451
  vertex 4.1092 104.17 326.607
 endloop
endfacet
facet normal -0.999657 0.0261769 -3.88359E-15
 outer loop
  vertex 4.16413 106.268 324.5
  vertex 4 100 324.5
  vertex 4.1092 104.17 326.607
 endloop
endfacet
facet normal -0.00709702 0.0349013 0.999366
 outer loop
  vertex -1.93558E-13 100 327.627
  vertex -1.33414 100 327.613
  vertex -1.93328E-13 75 328.5
 endloop
endfacet
facet normal -0.02129 0.0349048 0.999164
 outer loop
  vertex -1.93328E-13 75 328.5
  vertex -1.33414 100 327.613
  vertex -2.66768 100 327.57
 endloop
endfacet
facet normal -0.0529039 0.0349008 0.99799
 outer loop
  vertex -3.32333 75 328.413
  vertex -2.66768 100 327.57
  vertex -4 100 327.499
 endloop
endfacet
facet normal -0.165371 0.0349977 0.98561
 outer loop
  vertex -12.1816 75 327.32
  vertex -4 100 327.499
  vertex -14.9766 101.317 325.763
 endloop
endfacet
facet normal -0.361769 0.0350719 0.931608
 outer loop
  vertex -23.9135 75 323.825
  vertex -14.9766 101.317 325.763
  vertex -29.0828 101.317 320.413
 endloop
endfacet
facet normal -0.56082 0.0350722 0.827195
 outer loop
  vertex -34.7567 75 318.143
  vertex -29.0828 101.317 320.413
  vertex -41.4989 101.317 311.843
 endloop
endfacet
facet normal -0.731504 0.0350909 0.680934
 outer loop
  vertex -44.3082 75 310.487
  vertex -41.4989 101.317 311.843
  vertex -51.5032 101.317 300.55
 endloop
endfacet
facet normal -0.856802 0.0350434 0.514453
 outer loop
  vertex -52.213 75 301.139
  vertex -51.5032 101.317 300.55
  vertex -58.1773 75 290.449
 endloop
endfacet
facet normal -0.783787 0.0350453 0.620041
 outer loop
  vertex -52.213 75 301.139
  vertex -44.3082 75 310.487
  vertex -51.5032 101.317 300.55
 endloop
endfacet
facet normal -0.122906 0.0350218 0.9918
 outer loop
  vertex -4 100 327.499
  vertex -4.03448 101.317 327.451
  vertex -14.9766 101.317 325.763
 endloop
endfacet
facet normal -0.895698 0.0350894 0.443277
 outer loop
  vertex -51.5032 101.317 300.55
  vertex -58.5142 101.317 287.192
  vertex -58.1773 75 290.449
 endloop
endfacet
facet normal -0.945 0.0350165 0.325189
 outer loop
  vertex -58.1773 75 290.449
  vertex -58.5142 101.317 287.192
  vertex -61.9794 75 278.813
 endloop
endfacet
facet normal -0.97211 0.0350717 0.231886
 outer loop
  vertex -61.9794 75 278.813
  vertex -58.5142 101.317 287.192
  vertex -62.1247 101.317 272.543
 endloop
endfacet
facet normal -0.995943 0.0349119 0.0829373
 outer loop
  vertex -62.4991 100 269
  vertex -62.1247 101.317 272.543
  vertex -62.4508 101.317 269.034
 endloop
endfacet
facet normal -0.990341 0.0349714 0.134171
 outer loop
  vertex -62.4991 100 269
  vertex -61.9794 75 278.813
  vertex -62.1247 101.317 272.543
 endloop
endfacet
facet normal -0.994083 0.0350215 0.102825
 outer loop
  vertex -62.4991 100 269
  vertex -63.4782 75 266.663
  vertex -61.9794 75 278.813
 endloop
endfacet
facet normal -0.998702 0.0349058 0.0371062
 outer loop
  vertex -62.4991 100 269
  vertex -62.6128 100 266.334
  vertex -63.4782 75 266.663
 endloop
endfacet
facet normal -0.999352 0.0349074 0.00872766
 outer loop
  vertex -63.4782 75 266.663
  vertex -62.6128 100 266.334
  vertex -62.6128 100 263.666
 endloop
endfacet
facet normal -0.999197 0.0349231 -0.0196614
 outer loop
  vertex -62.4991 100 261
  vertex -63.4782 75 266.663
  vertex -62.6128 100 263.666
 endloop
endfacet
facet normal -0.997064 0.0350082 -0.0680996
 outer loop
  vertex -62.4991 100 261
  vertex -62.6178 75 254.452
  vertex -63.4782 75 266.663
 endloop
endfacet
facet normal -0.992533 0.0349304 -0.116872
 outer loop
  vertex -62.4991 100 261
  vertex -62.1247 101.317 257.457
  vertex -62.6178 75 254.452
 endloop
endfacet
facet normal -0.995943 0.0349119 -0.0829373
 outer loop
  vertex -62.4991 100 261
  vertex -62.4508 101.317 260.966
  vertex -62.1247 101.317 257.457
 endloop
endfacet
facet normal -0.976028 0.0350916 -0.214797
 outer loop
  vertex -62.1247 101.317 257.457
  vertex -58.5142 101.317 242.808
  vertex -62.6178 75 254.452
 endloop
endfacet
facet normal -0.955766 0.0350463 -0.292032
 outer loop
  vertex -62.6178 75 254.452
  vertex -58.5142 101.317 242.808
  vertex -59.4302 75 242.633
 endloop
endfacet
facet normal -0.910446 0.0350425 -0.412141
 outer loop
  vertex -59.4302 75 242.633
  vertex -58.5142 101.317 242.808
  vertex -54.0339 75 231.645
 endloop
endfacet
facet normal -0.873825 0.0350887 -0.484972
 outer loop
  vertex -54.0339 75 231.645
  vertex -58.5142 101.317 242.808
  vertex -51.5032 101.317 229.45
 endloop
endfacet
facet normal -0.743338 0.0350715 -0.667996
 outer loop
  vertex -46.6295 75 221.896
  vertex -51.5032 101.317 229.45
  vertex -41.4989 101.317 218.157
 endloop
endfacet
facet normal -0.575249 0.0350727 -0.817226
 outer loop
  vertex -37.4921 75 213.75
  vertex -41.4989 101.317 218.157
  vertex -29.0828 101.317 209.587
 endloop
endfacet
facet normal -0.378057 0.0350923 -0.925117
 outer loop
  vertex -26.9613 75 207.508
  vertex -29.0828 101.317 209.587
  vertex -14.9766 101.317 204.237
 endloop
endfacet
facet normal -0.182594 0.0350248 -0.982564
 outer loop
  vertex -15.4285 75 203.403
  vertex -14.9766 101.317 204.237
  vertex -4 100 202.501
 endloop
endfacet
facet normal -0.0529039 0.0349008 -0.99799
 outer loop
  vertex -3.32333 75 201.587
  vertex -4 100 202.501
  vertex -2.66768 100 202.43
 endloop
endfacet
facet normal -0.0387247 0.0349024 -0.99864
 outer loop
  vertex -1.33414 100 202.387
  vertex -3.32333 75 201.587
  vertex -2.66768 100 202.43
 endloop
endfacet
facet normal -0.024537 0.0349076 -0.999089
 outer loop
  vertex -1.33414 100 202.387
  vertex -1.60151E-13 75 201.5
  vertex -3.32333 75 201.587
 endloop
endfacet
facet normal -0.00709702 0.0349013 -0.999366
 outer loop
  vertex -1.33414 100 202.387
  vertex -2.01228E-13 100 202.373
  vertex -1.60151E-13 75 201.5
 endloop
endfacet
facet normal -0.122906 0.0350218 -0.9918
 outer loop
  vertex -14.9766 101.317 204.237
  vertex -4.03448 101.317 202.549
  vertex -4 100 202.501
 endloop
endfacet
facet normal -0.120121 0.0350361 -0.992141
 outer loop
  vertex -3.32333 75 201.587
  vertex -15.4285 75 203.403
  vertex -4 100 202.501
 endloop
endfacet
facet normal -0.303385 0.0350472 -0.952223
 outer loop
  vertex -15.4285 75 203.403
  vertex -26.9613 75 207.508
  vertex -14.9766 101.317 204.237
 endloop
endfacet
facet normal -0.494625 0.0350185 -0.8684
 outer loop
  vertex -26.9613 75 207.508
  vertex -37.4921 75 213.75
  vertex -29.0828 101.317 209.587
 endloop
endfacet
facet normal -0.664281 0.0350081 -0.746663
 outer loop
  vertex -37.4921 75 213.75
  vertex -46.6295 75 221.896
  vertex -41.4989 101.317 218.157
 endloop
endfacet
facet normal -0.804936 0.0350161 -0.592328
 outer loop
  vertex -46.6295 75 221.896
  vertex -54.0339 75 231.645
  vertex -51.5032 101.317 229.45
 endloop
endfacet
facet normal -0.637842 0.0350175 0.769371
 outer loop
  vertex -44.3082 75 310.487
  vertex -34.7567 75 318.143
  vertex -41.4989 101.317 311.843
 endloop
endfacet
facet normal -0.464045 0.035008 0.885119
 outer loop
  vertex -34.7567 75 318.143
  vertex -23.9135 75 323.825
  vertex -29.0828 101.317 320.413
 endloop
endfacet
facet normal -0.26999 0.035017 0.962226
 outer loop
  vertex -23.9135 75 323.825
  vertex -12.1816 75 327.32
  vertex -14.9766 101.317 325.763
 endloop
endfacet
facet normal -0.102827 0.0349705 0.994084
 outer loop
  vertex -12.1816 75 327.32
  vertex -3.32333 75 328.413
  vertex -4 100 327.499
 endloop
endfacet
facet normal -0.031633 0.0349085 0.99889
 outer loop
  vertex -3.32333 75 328.413
  vertex -1.93328E-13 75 328.5
  vertex -2.66768 100 327.57
 endloop
endfacet
facet normal 0 1 0
 outer loop
  vertex -4 100 324.5
  vertex -4 100 327.499
  vertex -2.38157 100 326.125
 endloop
endfacet
facet normal 0 1 0
 outer loop
  vertex -2.75 100 324.75
  vertex -4 100 324.5
  vertex -2.38157 100 326.125
 endloop
endfacet
facet normal 0 1 0
 outer loop
  vertex -2.75 100 324.75
  vertex -2.38157 100 323.375
  vertex -4 100 324.5
 endloop
endfacet
facet normal 0 1 0
 outer loop
  vertex -4 100 324.5
  vertex -2.38157 100 323.375
  vertex -3.4641 100 322.5
 endloop
endfacet
facet normal 0 1 0
 outer loop
  vertex -3.4641 100 322.5
  vertex -2.38157 100 323.375
  vertex -1.375 100 322.368
 endloop
endfacet
facet normal 0 1 0
 outer loop
  vertex -2 100 321.036
  vertex -1.375 100 322.368
  vertex 0 100 322
 endloop
endfacet
facet normal 0 1 0
 outer loop
  vertex -4.31321E-13 100 320.5
  vertex 0 100 322
  vertex 2 100 321.036
 endloop
endfacet
facet normal 0 1 0
 outer loop
  vertex -4.31321E-13 100 320.5
  vertex -2 100 321.036
  vertex 0 100 322
 endloop
endfacet
facet normal 0 1 0
 outer loop
  vertex -2.38157 100 326.125
  vertex -2.66768 100 327.57
  vertex -1.375 100 327.132
 endloop
endfacet
facet normal 0 1 0
 outer loop
  vertex -2.38157 100 326.125
  vertex -4 100 327.499
  vertex -2.66768 100 327.57
 endloop
endfacet
facet normal 0 1 0
 outer loop
  vertex 0 100 322
  vertex 1.375 100 322.368
  vertex 2 100 321.036
 endloop
endfacet
facet normal 0 1 0
 outer loop
  vertex 2 100 321.036
  vertex 1.375 100 322.368
  vertex 3.4641 100 322.5
 endloop
endfacet
facet normal 0 1 0
 outer loop
  vertex 3.4641 100 322.5
  vertex 1.375 100 322.368
  vertex 2.38157 100 323.375
 endloop
endfacet
facet normal 0 1 0
 outer loop
  vertex 4 100 324.5
  vertex 2.38157 100 323.375
  vertex 2.75 100 324.75
 endloop
endfacet
facet normal 0 1 0
 outer loop
  vertex 2.38157 100 326.125
  vertex 4 100 324.5
  vertex 2.75 100 324.75
 endloop
endfacet
facet normal 0 1 0
 outer loop
  vertex 2.38157 100 326.125
  vertex 4 100 327.499
  vertex 4 100 324.5
 endloop
endfacet
facet normal 0 1 0
 outer loop
  vertex 2.38157 100 326.125
  vertex 2.66768 100 327.57
  vertex 4 100 327.499
 endloop
endfacet
facet normal 0 1 0
 outer loop
  vertex 2.38157 100 326.125
  vertex 1.375 100 327.132
  vertex 2.66768 100 327.57
 endloop
endfacet
facet normal 0 1 0
 outer loop
  vertex 2.66768 100 327.57
  vertex 1.375 100 327.132
  vertex 1.33414 100 327.613
 endloop
endfacet
facet normal 0 1 0
 outer loop
  vertex 1.33414 100 327.613
  vertex 1.375 100 327.132
  vertex 3.36778E-16 100 327.5
 endloop
endfacet
facet normal 0 1 0
 outer loop
  vertex -1.93558E-13 100 327.627
  vertex 3.36778E-16 100 327.5
  vertex -1.33414 100 327.613
 endloop
endfacet
facet normal 0 1 0
 outer loop
  vertex -1.93558E-13 100 327.627
  vertex 1.33414 100 327.613
  vertex 3.36778E-16 100 327.5
 endloop
endfacet
facet normal 0 1 0
 outer loop
  vertex -2.66768 100 327.57
  vertex -1.33414 100 327.613
  vertex -1.375 100 327.132
 endloop
endfacet
facet normal 0 1 0
 outer loop
  vertex -1.375 100 327.132
  vertex -1.33414 100 327.613
  vertex 3.36778E-16 100 327.5
 endloop
endfacet
facet normal 0 1 0
 outer loop
  vertex 4 100 324.5
  vertex 3.4641 100 322.5
  vertex 2.38157 100 323.375
 endloop
endfacet
facet normal 0 1 0
 outer loop
  vertex -2 100 321.036
  vertex -3.4641 100 322.5
  vertex -1.375 100 322.368
 endloop
endfacet
endsolid Link1
