solid Link5
facet normal 5.22474E-17 0.171862 -0.985121
 outer loop
  vertex 361 -35.0018 861.248
  vertex 361 -33.6268 861.617
  vertex 364 -35.0018 861.248
 endloop
endfacet
facet normal 4.94876E-17 0.343724 -0.939071
 outer loop
  vertex 364 -35.0018 861.248
  vertex 361 -33.6268 861.617
  vertex 364 -33.6268 861.617
 endloop
endfacet
facet normal 3.97946E-17 0.641397 -0.767209
 outer loop
  vertex 364 -33.6268 861.617
  vertex 361 -33.6268 861.617
  vertex 361 -32.6202 862.623
 endloop
endfacet
facet normal 1.66789E-17 0.939071 -0.343724
 outer loop
  vertex 364 -32.6202 862.623
  vertex 361 -32.6202 862.623
  vertex 361 -32.2518 863.998
 endloop
endfacet
facet normal -1.09059E-17 0.985121 0.171862
 outer loop
  vertex 364 -32.2518 863.998
  vertex 361 -32.2518 863.998
  vertex 361 -32.6202 865.373
 endloop
endfacet
facet normal -3.55685E-17 0.767209 0.641397
 outer loop
  vertex 364 -32.6202 865.373
  vertex 361 -32.6202 865.373
  vertex 361 -33.6268 866.38
 endloop
endfacet
facet normal -5.07005E-17 0.343724 0.939071
 outer loop
  vertex 364 -33.6268 866.38
  vertex 361 -33.6268 866.38
  vertex 361 -35.0018 866.748
 endloop
endfacet
facet normal -5.28538E-17 0.171862 0.985121
 outer loop
  vertex 364 -35.0018 866.748
  vertex 364 -33.6268 866.38
  vertex 361 -35.0018 866.748
 endloop
endfacet
facet normal -4.20578E-17 0.641397 0.767209
 outer loop
  vertex 364 -33.6268 866.38
  vertex 364 -32.6202 865.373
  vertex 361 -33.6268 866.38
 endloop
endfacet
facet normal -1.99925E-17 0.939071 0.343724
 outer loop
  vertex 364 -32.6202 865.373
  vertex 364 -32.2518 863.998
  vertex 361 -32.6202 865.373
 endloop
endfacet
facet normal 7.42978E-18 0.985121 -0.171862
 outer loop
  vertex 364 -32.2518 863.998
  vertex 364 -32.6202 862.623
  vertex 361 -32.2518 863.998
 endloop
endfacet
facet normal 3.28613E-17 0.767209 -0.641397
 outer loop
  vertex 364 -32.6202 862.623
  vertex 364 -33.6268 861.617
  vertex 361 -32.6202 862.623
 endloop
endfacet
facet normal -0.0263788 -0.434488 0.900291
 outer loop
  vertex 374.5 -14.2864 949.656
  vertex 374.5 -27.5 943.876
  vertex 379 -26.375 944.683
 endloop
endfacet
facet normal -0.0264608 -0.318336 0.947609
 outer loop
  vertex 379 -9.15994 950.949
  vertex 374.5 -14.2864 949.656
  vertex 379 -26.375 944.683
 endloop
endfacet
facet normal -0.0263465 -0.149272 0.988445
 outer loop
  vertex 379 -9.15994 950.949
  vertex 374.5 -6.78488E-13 951.632
  vertex 374.5 -14.2864 949.656
 endloop
endfacet
facet normal -0.0264446 -4.3472E-15 0.99965
 outer loop
  vertex 379 -9.15994 950.949
  vertex 379 9.15994 950.949
  vertex 374.5 -6.78488E-13 951.632
 endloop
endfacet
facet normal -0.0263465 0.149272 0.988445
 outer loop
  vertex 374.5 -6.78488E-13 951.632
  vertex 379 9.15994 950.949
  vertex 374.5 14.2864 949.656
 endloop
endfacet
facet normal -0.0264608 0.318336 0.947609
 outer loop
  vertex 374.5 14.2864 949.656
  vertex 379 9.15994 950.949
  vertex 379 26.375 944.683
 endloop
endfacet
facet normal -0.0261845 0.524125 0.851239
 outer loop
  vertex 374.5 27.5 943.876
  vertex 379 26.375 944.683
  vertex 374.231 28.9421 942.952
 endloop
endfacet
facet normal -0.0263788 0.434488 0.900291
 outer loop
  vertex 374.5 27.5 943.876
  vertex 374.5 14.2864 949.656
  vertex 379 26.375 944.683
 endloop
endfacet
facet normal -0.0261844 -0.524042 0.85129
 outer loop
  vertex 374.5 -27.5 943.876
  vertex 374.236 -28.9292 942.96
  vertex 379 -26.375 944.683
 endloop
endfacet
facet normal -0.0261943 -0.541373 0.840375
 outer loop
  vertex 379 -26.375 944.683
  vertex 374.236 -28.9292 942.96
  vertex 373.462 -30.1888 942.08
 endloop
endfacet
facet normal -0.0263611 -0.648276 0.760949
 outer loop
  vertex 379 -40.4088 932.907
  vertex 373.462 -30.1888 942.08
  vertex 372.198 -31.1218 941.37
 endloop
endfacet
facet normal -0.0263375 -0.656343 0.754003
 outer loop
  vertex 370.553 -31.4997 941.036
  vertex 379 -40.4088 932.907
  vertex 372.198 -31.1218 941.37
 endloop
endfacet
facet normal -0.0262922 -0.687635 0.72558
 outer loop
  vertex 370.553 -31.4997 941.036
  vertex 364 -36.0665 936.954
  vertex 379 -40.4088 932.907
 endloop
endfacet
facet normal -0.0262069 -0.64703 0.762014
 outer loop
  vertex 370.553 -31.4997 941.036
  vertex 364 -34.0855 938.742
  vertex 364 -36.0665 936.954
 endloop
endfacet
facet normal -0.0261899 -0.616439 0.786967
 outer loop
  vertex 370.553 -31.4997 941.036
  vertex 369.691 -31.4174 941.07
  vertex 364 -34.0855 938.742
 endloop
endfacet
facet normal -0.0261914 -0.614471 0.788504
 outer loop
  vertex 364 -34.0855 938.742
  vertex 369.691 -31.4174 941.07
  vertex 368.881 -31.1578 941.236
 endloop
endfacet
facet normal -0.0261985 -0.607262 0.79407
 outer loop
  vertex 367.571 -30.2242 941.867
  vertex 364 -34.0855 938.742
  vertex 368.881 -31.1578 941.236
 endloop
endfacet
facet normal -0.0261991 -0.621874 0.782679
 outer loop
  vertex 367.571 -30.2242 941.867
  vertex 357.571 -33.2664 939.212
  vertex 364 -34.0855 938.742
 endloop
endfacet
facet normal -0.0262032 -0.588982 0.807721
 outer loop
  vertex 367.571 -30.2242 941.867
  vertex 366.771 -28.9473 942.714
  vertex 357.571 -33.2664 939.212
 endloop
endfacet
facet normal -0.026223 -0.572183 0.819706
 outer loop
  vertex 357.571 -33.2664 939.212
  vertex 366.771 -28.9473 942.714
  vertex 366.5 -27.5 943.631
 endloop
endfacet
facet normal -0.0263459 -0.41015 0.911638
 outer loop
  vertex 357.571 -22.2209 946.222
  vertex 366.5 -27.5 943.631
  vertex 366.5 -14.2913 949.437
 endloop
endfacet
facet normal -0.0263514 -0.154302 0.987672
 outer loop
  vertex 357.571 -9.77922 950.264
  vertex 366.5 -14.2913 949.437
  vertex 366.5 -3.60292E-13 951.423
 endloop
endfacet
facet normal -0.0263605 0.112548 0.993297
 outer loop
  vertex 357.571 3.27697 951.086
  vertex 366.5 -3.60292E-13 951.423
  vertex 366.5 14.2913 949.437
 endloop
endfacet
facet normal -0.0263733 0.371377 0.928107
 outer loop
  vertex 357.571 16.1272 948.635
  vertex 366.5 14.2913 949.437
  vertex 366.5 27.5 943.631
 endloop
endfacet
facet normal -0.0261793 0.537285 0.842994
 outer loop
  vertex 357.571 27.9642 943.065
  vertex 366.5 27.5 943.631
  vertex 366.766 28.9337 942.723
 endloop
endfacet
facet normal -0.0261821 0.55445 0.831805
 outer loop
  vertex 367.555 30.2067 941.879
  vertex 357.571 27.9642 943.065
  vertex 366.766 28.9337 942.723
 endloop
endfacet
facet normal -0.0262235 0.588428 0.808125
 outer loop
  vertex 367.555 30.2067 941.879
  vertex 364 34.0855 938.742
  vertex 357.571 27.9642 943.065
 endloop
endfacet
facet normal -0.0261987 0.607081 0.794208
 outer loop
  vertex 367.555 30.2067 941.879
  vertex 368.854 31.1456 941.244
  vertex 364 34.0855 938.742
 endloop
endfacet
facet normal -0.0261912 0.614832 0.788223
 outer loop
  vertex 364 34.0855 938.742
  vertex 368.854 31.1456 941.244
  vertex 370.52 31.5 941.035
 endloop
endfacet
facet normal -0.0262922 0.68764 0.725576
 outer loop
  vertex 364 36.0665 936.954
  vertex 370.52 31.5 941.035
  vertex 379 40.4088 932.907
 endloop
endfacet
facet normal -0.0261864 0.750017 0.6609
 outer loop
  vertex 364 37.9537 935.066
  vertex 379 40.4088 932.907
  vertex 364 39.7424 933.086
 endloop
endfacet
facet normal -0.0262048 0.727123 0.686007
 outer loop
  vertex 364 37.9537 935.066
  vertex 364 36.0665 936.954
  vertex 379 40.4088 932.907
 endloop
endfacet
facet normal -0.0263373 0.656428 0.753928
 outer loop
  vertex 370.52 31.5 941.035
  vertex 372.17 31.1349 941.36
  vertex 379 40.4088 932.907
 endloop
endfacet
facet normal -0.0263605 0.648458 0.760794
 outer loop
  vertex 379 40.4088 932.907
  vertex 372.17 31.1349 941.36
  vertex 373.446 30.2055 942.068
 endloop
endfacet
facet normal -0.0261945 0.541566 0.84025
 outer loop
  vertex 379 26.375 944.683
  vertex 373.446 30.2055 942.068
  vertex 374.231 28.9421 942.952
 endloop
endfacet
facet normal -0.0264667 0.619992 0.784162
 outer loop
  vertex 379 26.375 944.683
  vertex 379 40.4088 932.907
  vertex 373.446 30.2055 942.068
 endloop
endfacet
facet normal -0.0261951 -0.776739 0.629278
 outer loop
  vertex 357.571 -39.7327 932.838
  vertex 357.571 -42.2217 929.676
  vertex 364 -39.7424 933.086
 endloop
endfacet
facet normal -0.0261999 -0.795622 0.605227
 outer loop
  vertex 364 -39.7424 933.086
  vertex 357.571 -42.2217 929.676
  vertex 367.555 -42.8788 929.207
 endloop
endfacet
facet normal -0.0261987 -0.794208 0.607081
 outer loop
  vertex 368.854 -42.244 930.146
  vertex 364 -39.7424 933.086
  vertex 367.555 -42.8788 929.207
 endloop
endfacet
facet normal -0.0261912 -0.788223 0.614832
 outer loop
  vertex 368.854 -42.244 930.146
  vertex 370.52 -42.035 930.5
  vertex 364 -39.7424 933.086
 endloop
endfacet
facet normal -0.0261878 -0.775172 0.631208
 outer loop
  vertex 364 -39.7424 933.086
  vertex 370.52 -42.035 930.5
  vertex 379 -40.4088 932.907
 endloop
endfacet
facet normal -0.0262048 -0.727123 0.686007
 outer loop
  vertex 364 -37.9537 935.066
  vertex 379 -40.4088 932.907
  vertex 364 -36.0665 936.954
 endloop
endfacet
facet normal -0.0261864 -0.750017 0.6609
 outer loop
  vertex 364 -37.9537 935.066
  vertex 364 -39.7424 933.086
  vertex 379 -40.4088 932.907
 endloop
endfacet
facet normal -0.0262807 -0.952059 0.304783
 outer loop
  vertex 366.5 -51.537 908.595
  vertex 366.5 -48.9101 917.866
  vertex 357.571 -48.524 918.212
 endloop
endfacet
facet normal -0.0263284 -0.973603 0.226726
 outer loop
  vertex 357.571 -51.7773 905.541
  vertex 366.5 -51.537 908.595
  vertex 357.571 -48.524 918.212
 endloop
endfacet
facet normal -0.0262543 -0.994329 0.103058
 outer loop
  vertex 357.571 -51.7773 905.541
  vertex 366.5 -52.4227 899
  vertex 366.5 -51.537 908.595
 endloop
endfacet
facet normal -0.0262229 -0.99878 0.0418368
 outer loop
  vertex 357.571 -51.7773 905.541
  vertex 357.571 -52.1889 899
  vertex 366.5 -52.4227 899
 endloop
endfacet
facet normal -0.0262712 -0.907656 0.418892
 outer loop
  vertex 366.5 -48.9101 917.866
  vertex 366.5 -44.6306 926.5
  vertex 357.571 -48.524 918.212
 endloop
endfacet
facet normal -0.0263224 -0.867884 0.496069
 outer loop
  vertex 357.571 -48.524 918.212
  vertex 366.5 -44.6306 926.5
  vertex 357.571 -42.2217 929.676
 endloop
endfacet
facet normal -0.0261897 -0.831558 0.554821
 outer loop
  vertex 357.571 -42.2217 929.676
  vertex 366.5 -44.6306 926.5
  vertex 366.766 -43.7231 927.934
 endloop
endfacet
facet normal -0.0261813 -0.820011 0.571749
 outer loop
  vertex 367.555 -42.8788 929.207
  vertex 357.571 -42.2217 929.676
  vertex 366.766 -43.7231 927.934
 endloop
endfacet
facet normal -0.0261875 -0.790728 0.611607
 outer loop
  vertex 370.52 -42.035 930.5
  vertex 372.17 -42.3597 930.135
  vertex 379 -40.4088 932.907
 endloop
endfacet
facet normal -0.0261946 -0.797102 0.603276
 outer loop
  vertex 379 -40.4088 932.907
  vertex 372.17 -42.3597 930.135
  vertex 373.446 -43.0682 929.206
 endloop
endfacet
facet normal -0.0262086 -0.807347 0.589495
 outer loop
  vertex 374.231 -43.9518 927.942
  vertex 379 -40.4088 932.907
  vertex 373.446 -43.0682 929.206
 endloop
endfacet
facet normal -0.02623 -0.819336 0.572713
 outer loop
  vertex 374.231 -43.9518 927.942
  vertex 374.5 -44.8764 926.5
  vertex 379 -40.4088 932.907
 endloop
endfacet
facet normal -0.0264466 -0.861283 0.507436
 outer loop
  vertex 379 -40.4088 932.907
  vertex 374.5 -44.8764 926.5
  vertex 379 -49.5688 917.042
 endloop
endfacet
facet normal -0.0262851 -0.91208 0.40917
 outer loop
  vertex 379 -49.5688 917.042
  vertex 374.5 -44.8764 926.5
  vertex 374.5 -49.1364 917.862
 endloop
endfacet
facet normal -0.0262664 -0.955102 0.29511
 outer loop
  vertex 374.5 -51.7509 908.591
  vertex 379 -49.5688 917.042
  vertex 374.5 -49.1364 917.862
 endloop
endfacet
facet normal -0.0264448 -0.983949 0.176479
 outer loop
  vertex 374.5 -51.7509 908.591
  vertex 379 -52.75 899
  vertex 379 -49.5688 917.042
 endloop
endfacet
facet normal -0.0262748 -0.997795 0.0609509
 outer loop
  vertex 374.5 -51.7509 908.591
  vertex 374.5 -52.6322 899
  vertex 379 -52.75 899
 endloop
endfacet
facet normal -0.0264669 -0.619888 0.784244
 outer loop
  vertex 379 -40.4088 932.907
  vertex 379 -26.375 944.683
  vertex 373.462 -30.1888 942.08
 endloop
endfacet
facet normal -0.0262664 0.955102 0.29511
 outer loop
  vertex 374.5 51.7509 908.591
  vertex 374.5 49.1364 917.862
  vertex 379 49.5688 917.042
 endloop
endfacet
facet normal -0.0264448 0.983949 0.176479
 outer loop
  vertex 379 52.75 899
  vertex 374.5 51.7509 908.591
  vertex 379 49.5688 917.042
 endloop
endfacet
facet normal -0.0262748 0.997795 0.0609509
 outer loop
  vertex 379 52.75 899
  vertex 374.5 52.6322 899
  vertex 374.5 51.7509 908.591
 endloop
endfacet
facet normal -0.0262851 0.91208 0.40917
 outer loop
  vertex 374.5 49.1364 917.862
  vertex 374.5 44.8764 926.5
  vertex 379 49.5688 917.042
 endloop
endfacet
facet normal -0.0264466 0.861283 0.507436
 outer loop
  vertex 379 49.5688 917.042
  vertex 374.5 44.8764 926.5
  vertex 379 40.4088 932.907
 endloop
endfacet
facet normal -0.0262301 0.819393 0.572632
 outer loop
  vertex 379 40.4088 932.907
  vertex 374.5 44.8764 926.5
  vertex 374.236 43.9604 927.929
 endloop
endfacet
facet normal -0.0262088 0.807483 0.589309
 outer loop
  vertex 373.462 43.0804 929.189
  vertex 379 40.4088 932.907
  vertex 374.236 43.9604 927.929
 endloop
endfacet
facet normal -0.0261947 0.797246 0.603086
 outer loop
  vertex 373.462 43.0804 929.189
  vertex 372.198 42.3702 930.122
  vertex 379 40.4088 932.907
 endloop
endfacet
facet normal -0.0261876 0.790797 0.611517
 outer loop
  vertex 379 40.4088 932.907
  vertex 372.198 42.3702 930.122
  vertex 370.553 42.0363 930.5
 endloop
endfacet
facet normal -0.0261899 0.786967 0.616439
 outer loop
  vertex 364 39.7424 933.086
  vertex 370.553 42.0363 930.5
  vertex 369.691 42.0696 930.417
 endloop
endfacet
facet normal -0.0261914 0.788504 0.614471
 outer loop
  vertex 368.881 42.2359 930.158
  vertex 364 39.7424 933.086
  vertex 369.691 42.0696 930.417
 endloop
endfacet
facet normal -0.0261985 0.79407 0.607262
 outer loop
  vertex 368.881 42.2359 930.158
  vertex 367.571 42.867 929.224
  vertex 364 39.7424 933.086
 endloop
endfacet
facet normal -0.0262022 0.779706 0.625598
 outer loop
  vertex 364 39.7424 933.086
  vertex 367.571 42.867 929.224
  vertex 357.571 39.7327 932.838
 endloop
endfacet
facet normal -0.0262115 0.804908 0.59282
 outer loop
  vertex 357.571 39.7327 932.838
  vertex 367.571 42.867 929.224
  vertex 366.771 43.7142 927.947
 endloop
endfacet
facet normal -0.0261919 0.854007 0.519603
 outer loop
  vertex 357.571 45.7335 924.142
  vertex 366.771 43.7142 927.947
  vertex 366.5 44.6306 926.5
 endloop
endfacet
facet normal -0.0262562 0.889269 0.456631
 outer loop
  vertex 366.5 48.9101 917.866
  vertex 357.571 45.7335 924.142
  vertex 366.5 44.6306 926.5
 endloop
endfacet
facet normal -0.0263154 0.930541 0.365242
 outer loop
  vertex 366.5 48.9101 917.866
  vertex 357.571 50.5493 911.979
  vertex 357.571 45.7335 924.142
 endloop
endfacet
facet normal -0.0262528 0.964016 0.264546
 outer loop
  vertex 366.5 48.9101 917.866
  vertex 366.5 51.537 908.595
  vertex 357.571 50.5493 911.979
 endloop
endfacet
facet normal -0.0263252 0.989129 0.144674
 outer loop
  vertex 357.571 50.5493 911.979
  vertex 366.5 51.537 908.595
  vertex 357.571 52.1889 899
 endloop
endfacet
facet normal -0.0262757 0.997778 0.0612215
 outer loop
  vertex 357.571 52.1889 899
  vertex 366.5 51.537 908.595
  vertex 366.5 52.4227 899
 endloop
endfacet
facet normal -0.0262679 0.826378 0.562502
 outer loop
  vertex 357.571 45.7335 924.142
  vertex 357.571 39.7327 932.838
  vertex 366.771 43.7142 927.947
 endloop
endfacet
facet normal -0.0262069 0.647035 0.76201
 outer loop
  vertex 364 36.0665 936.954
  vertex 364 34.0855 938.742
  vertex 370.52 31.5 941.035
 endloop
endfacet
facet normal -0.0262354 0.612895 0.789728
 outer loop
  vertex 364 34.0855 938.742
  vertex 357.571 33.8377 938.733
  vertex 357.571 27.9642 943.065
 endloop
endfacet
facet normal -0.0263522 0.459375 0.887852
 outer loop
  vertex 357.571 27.9642 943.065
  vertex 357.571 16.1272 948.635
  vertex 366.5 27.5 943.631
 endloop
endfacet
facet normal -0.0263377 0.216053 0.976026
 outer loop
  vertex 357.571 16.1272 948.635
  vertex 357.571 3.27697 951.086
  vertex 366.5 14.2913 949.437
 endloop
endfacet
facet normal -0.0263268 -0.0417536 0.998781
 outer loop
  vertex 357.571 3.27697 951.086
  vertex 357.571 -9.77922 950.264
  vertex 366.5 -3.60292E-13 951.423
 endloop
endfacet
facet normal -0.0263194 -0.296765 0.954588
 outer loop
  vertex 357.571 -9.77922 950.264
  vertex 357.571 -22.2209 946.222
  vertex 366.5 -14.2913 949.437
 endloop
endfacet
facet normal -0.0263157 -0.531885 0.846408
 outer loop
  vertex 357.571 -22.2209 946.222
  vertex 357.571 -33.2664 939.212
  vertex 366.5 -27.5 943.631
 endloop
endfacet
facet normal -0.0261777 -0.645402 0.763394
 outer loop
  vertex 357.571 -33.2664 939.212
  vertex 357.571 -33.8377 938.733
  vertex 364 -34.0855 938.742
 endloop
endfacet
facet normal -0.0261878 0.775176 0.631203
 outer loop
  vertex 379 40.4088 932.907
  vertex 370.553 42.0363 930.5
  vertex 364 39.7424 933.086
 endloop
endfacet
facet normal -0.188083 0.789804 0.58381
 outer loop
  vertex 354.685 39.3876 932.386
  vertex 357.571 39.7327 932.838
  vertex 356.153 45.6019 924.07
 endloop
endfacet
facet normal -0.420901 0.827068 0.372559
 outer loop
  vertex 353.069 44.5549 923.494
  vertex 356.153 45.6019 924.07
  vertex 353.069 49.2466 911.644
 endloop
endfacet
facet normal -0.720625 0.682386 0.122673
 outer loop
  vertex 350.625 47.0883 911.09
  vertex 353.069 49.2466 911.644
  vertex 350.625 48.6157 899
 endloop
endfacet
facet normal -0.86736 0.49508 0.05082
 outer loop
  vertex 349.15 45.6549 899
  vertex 350.625 47.0883 911.09
  vertex 350.625 48.6157 899
 endloop
endfacet
facet normal -0.921947 0.380216 0.0738211
 outer loop
  vertex 349.15 45.6549 899
  vertex 349.15 44.2206 910.354
  vertex 350.625 47.0883 911.09
 endloop
endfacet
facet normal -0.97412 0.224883 0.022746
 outer loop
  vertex 349.15 45.6549 899
  vertex 348.888 44.3991 899
  vertex 349.15 44.2206 910.354
 endloop
endfacet
facet normal -0.983662 0.176806 0.033888
 outer loop
  vertex 349.15 44.2206 910.354
  vertex 348.888 44.3991 899
  vertex 348.888 43.0043 910.042
 endloop
endfacet
facet normal -0.983477 0.174979 0.04643
 outer loop
  vertex 348.888 42.6229 911.433
  vertex 349.15 44.2206 910.354
  vertex 348.888 43.0043 910.042
 endloop
endfacet
facet normal -0.974092 0.21177 0.0793599
 outer loop
  vertex 348.888 42.6229 911.433
  vertex 349.15 40.0077 920.994
  vertex 349.15 44.2206 910.354
 endloop
endfacet
facet normal -0.983617 0.162431 0.0781938
 outer loop
  vertex 348.888 42.6229 911.433
  vertex 348.888 38.9073 920.389
  vertex 349.15 40.0077 920.994
 endloop
endfacet
facet normal -0.983514 0.15589 0.091641
 outer loop
  vertex 349.15 40.0077 920.994
  vertex 348.888 38.9073 920.389
  vertex 348.888 36.1597 924.764
 endloop
endfacet
facet normal -0.983528 0.135818 0.119272
 outer loop
  vertex 349.15 33.281 930.253
  vertex 348.888 36.1597 924.764
  vertex 348.888 32.3656 929.393
 endloop
endfacet
facet normal -0.983503 0.128784 0.127029
 outer loop
  vertex 348.888 29.194 932.451
  vertex 349.15 33.281 930.253
  vertex 348.888 32.3656 929.393
 endloop
endfacet
facet normal -0.974061 0.145151 0.173601
 outer loop
  vertex 348.888 29.194 932.451
  vertex 349.15 24.4631 937.548
  vertex 349.15 33.281 930.253
 endloop
endfacet
facet normal -0.983543 0.102474 0.148804
 outer loop
  vertex 348.888 29.194 932.451
  vertex 348.888 23.7903 936.487
  vertex 349.15 24.4631 937.548
 endloop
endfacet
facet normal -0.983485 0.0946787 0.154253
 outer loop
  vertex 349.15 24.4631 937.548
  vertex 348.888 23.7903 936.487
  vertex 348.888 21.4769 937.859
 endloop
endfacet
facet normal -0.983582 0.0637842 0.168811
 outer loop
  vertex 349.15 14.1081 942.42
  vertex 348.888 21.4769 937.859
  vertex 348.888 13.7201 941.226
 endloop
endfacet
facet normal -0.983486 0.0531315 0.173007
 outer loop
  vertex 348.888 10.9287 942.033
  vertex 349.15 14.1081 942.42
  vertex 348.888 13.7201 941.226
 endloop
endfacet
facet normal -0.974072 0.0450393 0.221709
 outer loop
  vertex 348.888 10.9287 942.033
  vertex 349.15 2.8667 944.565
  vertex 349.15 14.1081 942.42
 endloop
endfacet
facet normal -0.983577 0.019587 0.179423
 outer loop
  vertex 348.888 10.9287 942.033
  vertex 348.888 2.78785 943.312
  vertex 349.15 2.8667 944.565
 endloop
endfacet
facet normal -0.983485 0.00855467 0.180785
 outer loop
  vertex 349.15 2.8667 944.565
  vertex 348.888 2.78785 943.312
  vertex 348.888 -3.29388E-11 943.399
 endloop
endfacet
facet normal -0.98358 -0.0255315 0.178658
 outer loop
  vertex 349.15 -8.55488 943.846
  vertex 348.888 -3.29388E-11 943.399
  vertex 348.888 -8.31957 942.613
 endloop
endfacet
facet normal -0.983484 -0.0365596 0.177262
 outer loop
  vertex 348.888 -10.9287 942.033
  vertex 349.15 -8.55488 943.846
  vertex 348.888 -8.31957 942.613
 endloop
endfacet
facet normal -0.974075 -0.0671133 0.216042
 outer loop
  vertex 348.888 -10.9287 942.033
  vertex 349.15 -19.4389 940.31
  vertex 349.15 -8.55488 943.846
 endloop
endfacet
facet normal -0.983583 -0.0690461 0.166725
 outer loop
  vertex 348.888 -10.9287 942.033
  vertex 348.888 -18.9042 939.174
  vertex 349.15 -19.4389 940.31
 endloop
endfacet
facet normal -0.983486 -0.0796858 0.162496
 outer loop
  vertex 349.15 -19.4389 940.31
  vertex 348.888 -18.9042 939.174
  vertex 348.888 -21.4769 937.859
 endloop
endfacet
facet normal -0.983577 -0.108531 0.14421
 outer loop
  vertex 349.15 -29.1015 934.178
  vertex 348.888 -21.4769 937.859
  vertex 348.888 -28.3011 933.21
 endloop
endfacet
facet normal -0.983476 -0.116308 0.138737
 outer loop
  vertex 348.888 -29.194 932.451
  vertex 349.15 -29.1015 934.178
  vertex 348.888 -28.3011 933.21
 endloop
endfacet
facet normal -0.974097 -0.16177 0.158007
 outer loop
  vertex 348.888 -29.194 932.451
  vertex 349.15 -36.9356 925.835
  vertex 349.15 -29.1015 934.178
 endloop
endfacet
facet normal -0.983625 -0.139707 0.11386
 outer loop
  vertex 348.888 -29.194 932.451
  vertex 348.888 -35.9197 925.097
  vertex 349.15 -36.9356 925.835
 endloop
endfacet
facet normal -0.983474 -0.146716 0.106083
 outer loop
  vertex 349.15 -36.9356 925.835
  vertex 348.888 -35.9197 925.097
  vertex 348.888 -36.1597 924.764
 endloop
endfacet
facet normal -0.983649 -0.163198 0.07617
 outer loop
  vertex 349.15 -42.4489 915.807
  vertex 348.888 -36.1597 924.764
  vertex 348.888 -41.2813 915.344
 endloop
endfacet
facet normal -0.9835 -0.169696 0.0627032
 outer loop
  vertex 348.888 -42.6229 911.433
  vertex 349.15 -42.4489 915.807
  vertex 348.888 -41.2813 915.344
 endloop
endfacet
facet normal -0.974062 -0.218806 0.0576832
 outer loop
  vertex 348.888 -42.6229 911.433
  vertex 349.15 -45.2949 904.722
  vertex 349.15 -42.4489 915.807
 endloop
endfacet
facet normal -0.983548 -0.178198 0.029626
 outer loop
  vertex 348.888 -42.6229 911.433
  vertex 348.888 -44.049 904.565
  vertex 349.15 -45.2949 904.722
 endloop
endfacet
facet normal -0.973835 -0.226615 0.017077
 outer loop
  vertex 349.15 -45.2949 904.722
  vertex 348.888 -44.049 904.565
  vertex 349.15 -45.6549 899
 endloop
endfacet
facet normal -0.921351 -0.388559 0.0116111
 outer loop
  vertex 350.625 -48.6157 899
  vertex 349.15 -45.2949 904.722
  vertex 349.15 -45.6549 899
 endloop
endfacet
facet normal -0.866123 -0.498445 0.0371895
 outer loop
  vertex 350.625 -48.6157 899
  vertex 350.625 -48.2323 905.093
  vertex 349.15 -45.2949 904.722
 endloop
endfacet
facet normal -0.718919 -0.694622 0.0255835
 outer loop
  vertex 350.625 -48.6157 899
  vertex 353.069 -50.8439 899
  vertex 350.625 -48.2323 905.093
 endloop
endfacet
facet normal -0.627133 -0.776465 0.0616976
 outer loop
  vertex 350.625 -48.2323 905.093
  vertex 353.069 -50.8439 899
  vertex 353.069 -50.443 905.372
 endloop
endfacet
facet normal -0.629236 -0.746 0.218051
 outer loop
  vertex 350.625 -45.2017 916.897
  vertex 353.069 -50.443 905.372
  vertex 353.069 -47.2735 917.717
 endloop
endfacet
facet normal -0.629236 -0.668336 0.396723
 outer loop
  vertex 350.625 -39.3309 927.576
  vertex 353.069 -47.2735 917.717
  vertex 353.069 -41.1336 928.885
 endloop
endfacet
facet normal -0.505389 -0.672472 0.540706
 outer loop
  vertex 352.142 -38.4033 931.307
  vertex 353.069 -41.1336 928.885
  vertex 354.694 -39.3897 932.388
 endloop
endfacet
facet normal -0.659236 -0.597198 0.456906
 outer loop
  vertex 352.142 -38.4033 931.307
  vertex 350.625 -39.3309 927.576
  vertex 353.069 -41.1336 928.885
 endloop
endfacet
facet normal -0.747046 -0.517533 0.417231
 outer loop
  vertex 352.142 -38.4033 931.307
  vertex 350.621 -37.1248 930.381
  vertex 350.625 -39.3309 927.576
 endloop
endfacet
facet normal -0.86596 -0.39563 0.305925
 outer loop
  vertex 350.625 -39.3309 927.576
  vertex 350.621 -37.1248 930.381
  vertex 349.15 -36.9356 925.835
 endloop
endfacet
facet normal -0.921947 -0.350992 0.163763
 outer loop
  vertex 350.625 -45.2017 916.897
  vertex 349.15 -36.9356 925.835
  vertex 349.15 -42.4489 915.807
 endloop
endfacet
facet normal -0.921947 -0.380691 0.0713296
 outer loop
  vertex 350.625 -48.2323 905.093
  vertex 349.15 -42.4489 915.807
  vertex 349.15 -45.2949 904.722
 endloop
endfacet
facet normal -0.86736 -0.479022 0.135
 outer loop
  vertex 350.625 -48.2323 905.093
  vertex 350.625 -45.2017 916.897
  vertex 349.15 -42.4489 915.807
 endloop
endfacet
facet normal -0.720625 -0.679626 0.137145
 outer loop
  vertex 350.625 -48.2323 905.093
  vertex 353.069 -50.443 905.372
  vertex 350.625 -45.2017 916.897
 endloop
endfacet
facet normal -0.0794765 0.993318 0.0836846
 outer loop
  vertex 357.571 52.1889 899
  vertex 356.153 52.0387 899
  vertex 357.571 50.5493 911.979
 endloop
endfacet
facet normal -0.132503 0.977191 0.165953
 outer loop
  vertex 357.571 50.5493 911.979
  vertex 356.153 52.0387 899
  vertex 356.153 50.4038 911.942
 endloop
endfacet
facet normal -0.132503 0.90522 0.403757
 outer loop
  vertex 357.571 45.7335 924.142
  vertex 356.153 50.4038 911.942
  vertex 356.153 45.6019 924.07
 endloop
endfacet
facet normal -0.0792822 0.838968 0.538375
 outer loop
  vertex 357.571 39.7327 932.838
  vertex 357.571 45.7335 924.142
  vertex 356.153 45.6019 924.07
 endloop
endfacet
facet normal -0.304533 0.948854 0.083278
 outer loop
  vertex 356.153 52.0387 899
  vertex 353.069 50.8439 899
  vertex 356.153 50.4038 911.942
 endloop
endfacet
facet normal -0.420901 0.893736 0.155171
 outer loop
  vertex 356.153 50.4038 911.942
  vertex 353.069 50.8439 899
  vertex 353.069 49.2466 911.644
 endloop
endfacet
facet normal -0.304533 0.898334 0.316632
 outer loop
  vertex 356.153 45.6019 924.07
  vertex 356.153 50.4038 911.942
  vertex 353.069 49.2466 911.644
 endloop
endfacet
facet normal -0.629236 0.773883 0.0718824
 outer loop
  vertex 353.069 50.8439 899
  vertex 350.625 48.6157 899
  vertex 353.069 49.2466 911.644
 endloop
endfacet
facet normal -0.983521 -0.180707 0.00561672
 outer loop
  vertex 348.888 -44.049 904.565
  vertex 348.888 -44.3991 899
  vertex 349.15 -45.6549 899
 endloop
endfacet
facet normal -0.419123 -0.907211 0.0361164
 outer loop
  vertex 353.069 -50.8439 899
  vertex 356.153 -52.0387 899
  vertex 353.069 -50.443 905.372
 endloop
endfacet
facet normal -0.303045 -0.949788 0.0778892
 outer loop
  vertex 353.069 -50.443 905.372
  vertex 356.153 -52.0387 899
  vertex 356.153 -51.6284 905.522
 endloop
endfacet
facet normal -0.304533 -0.912879 0.271867
 outer loop
  vertex 353.069 -47.2735 917.717
  vertex 356.153 -51.6284 905.522
  vertex 356.153 -48.3844 918.157
 endloop
endfacet
facet normal -0.304533 -0.816589 0.490349
 outer loop
  vertex 353.069 -41.1336 928.885
  vertex 356.153 -48.3844 918.157
  vertex 356.153 -42.1002 929.588
 endloop
endfacet
facet normal -0.187045 -0.764622 0.616739
 outer loop
  vertex 354.694 -39.3897 932.388
  vertex 356.153 -42.1002 929.588
  vertex 357.571 -39.7327 932.838
 endloop
endfacet
facet normal -0.356266 -0.741786 0.568179
 outer loop
  vertex 354.694 -39.3897 932.388
  vertex 353.069 -41.1336 928.885
  vertex 356.153 -42.1002 929.588
 endloop
endfacet
facet normal -0.131819 -0.990415 0.0412523
 outer loop
  vertex 356.153 -52.0387 899
  vertex 357.571 -52.1889 899
  vertex 356.153 -51.6284 905.522
 endloop
endfacet
facet normal -0.0790598 -0.993391 0.0832073
 outer loop
  vertex 356.153 -51.6284 905.522
  vertex 357.571 -52.1889 899
  vertex 357.571 -51.7773 905.541
 endloop
endfacet
facet normal -0.0794765 -0.95437 0.287857
 outer loop
  vertex 356.153 -48.3844 918.157
  vertex 357.571 -51.7773 905.541
  vertex 357.571 -48.524 918.212
 endloop
endfacet
facet normal -0.0794765 -0.8528 0.516155
 outer loop
  vertex 356.153 -42.1002 929.588
  vertex 357.571 -48.524 918.212
  vertex 357.571 -42.2217 929.676
 endloop
endfacet
facet normal -0.0789736 -0.791078 0.606596
 outer loop
  vertex 357.571 -39.7327 932.838
  vertex 356.153 -42.1002 929.588
  vertex 357.571 -42.2217 929.676
 endloop
endfacet
facet normal -0.898954 -0.337252 0.279539
 outer loop
  vertex 350.621 -37.1248 930.381
  vertex 349.656 -35.3553 929.98
  vertex 349.15 -36.9356 925.835
 endloop
endfacet
facet normal -0.939656 -0.261135 0.221033
 outer loop
  vertex 349.15 -36.9356 925.835
  vertex 349.656 -35.3553 929.98
  vertex 349.303 -34.0047 930.184
 endloop
endfacet
facet normal -0.956486 -0.220227 0.1914
 outer loop
  vertex 349.155 -32.7778 930.803
  vertex 349.15 -36.9356 925.835
  vertex 349.303 -34.0047 930.184
 endloop
endfacet
facet normal -0.962038 -0.197916 0.187913
 outer loop
  vertex 349.155 -32.7778 930.803
  vertex 349.15 -29.1015 934.178
  vertex 349.15 -36.9356 925.835
 endloop
endfacet
facet normal -0.961407 -0.188257 0.200641
 outer loop
  vertex 349.155 -32.7778 930.803
  vertex 349.159 -31.7558 931.845
  vertex 349.15 -29.1015 934.178
 endloop
endfacet
facet normal -0.955721 -0.197127 0.218492
 outer loop
  vertex 349.15 -29.1015 934.178
  vertex 349.159 -31.7558 931.845
  vertex 349.318 -31.1589 933.085
 endloop
endfacet
facet normal -0.938202 -0.227779 0.260562
 outer loop
  vertex 349.682 -30.981 934.428
  vertex 349.15 -29.1015 934.178
  vertex 349.318 -31.1589 933.085
 endloop
endfacet
facet normal -0.907711 -0.27248 0.319085
 outer loop
  vertex 349.682 -30.981 934.428
  vertex 350.264 -31.1843 935.624
  vertex 349.15 -29.1015 934.178
 endloop
endfacet
facet normal -0.877219 -0.308031 0.368243
 outer loop
  vertex 349.15 -29.1015 934.178
  vertex 350.264 -31.1843 935.624
  vertex 350.625 -30.9888 936.459
 endloop
endfacet
facet normal -0.86736 -0.256778 0.426324
 outer loop
  vertex 349.15 -19.4389 940.31
  vertex 350.625 -30.9888 936.459
  vertex 350.625 -20.6995 942.989
 endloop
endfacet
facet normal -0.86736 -0.142689 0.476788
 outer loop
  vertex 349.15 -8.55488 943.846
  vertex 350.625 -20.6995 942.989
  vertex 350.625 -9.10967 946.755
 endloop
endfacet
facet normal -0.86736 -0.0196334 0.497294
 outer loop
  vertex 349.15 2.8667 944.565
  vertex 350.625 -9.10967 946.755
  vertex 350.625 3.0526 947.52
 endloop
endfacet
facet normal -0.86736 0.104655 0.486553
 outer loop
  vertex 349.15 14.1081 942.42
  vertex 350.625 3.0526 947.52
  vertex 350.625 15.0231 945.236
 endloop
endfacet
facet normal -0.86736 0.222368 0.44524
 outer loop
  vertex 349.15 24.4631 937.548
  vertex 350.625 15.0231 945.236
  vertex 350.625 26.0496 940.048
 endloop
endfacet
facet normal -0.747501 0.406969 0.524994
 outer loop
  vertex 350.621 31.3811 936.125
  vertex 350.625 26.0496 940.048
  vertex 352.142 32.3073 937.403
 endloop
endfacet
facet normal -0.866304 0.290629 0.406265
 outer loop
  vertex 350.621 31.3811 936.125
  vertex 349.15 24.4631 937.548
  vertex 350.625 26.0496 940.048
 endloop
endfacet
facet normal -0.899156 0.274806 0.340587
 outer loop
  vertex 350.621 31.3811 936.125
  vertex 349.656 30.9797 934.355
  vertex 349.15 24.4631 937.548
 endloop
endfacet
facet normal -0.939835 0.216323 0.264414
 outer loop
  vertex 349.15 24.4631 937.548
  vertex 349.656 30.9797 934.355
  vertex 349.303 31.1837 933.005
 endloop
endfacet
facet normal -0.95666 0.186692 0.22349
 outer loop
  vertex 349.155 31.8032 931.778
  vertex 349.15 24.4631 937.548
  vertex 349.303 31.1837 933.005
 endloop
endfacet
facet normal -0.962086 0.179389 0.205449
 outer loop
  vertex 349.155 31.8032 931.778
  vertex 349.15 33.281 930.253
  vertex 349.15 24.4631 937.548
 endloop
endfacet
facet normal -0.961344 0.196838 0.192543
 outer loop
  vertex 349.155 31.8032 931.778
  vertex 349.159 32.8447 930.756
  vertex 349.15 33.281 930.253
 endloop
endfacet
facet normal -0.955687 0.214693 0.20142
 outer loop
  vertex 349.15 33.281 930.253
  vertex 349.159 32.8447 930.756
  vertex 349.318 34.0851 930.159
 endloop
endfacet
facet normal -0.938741 0.270391 0.213667
 outer loop
  vertex 349.15 40.0077 920.994
  vertex 349.318 34.0851 930.159
  vertex 349.682 35.4281 929.981
 endloop
endfacet
facet normal -0.908298 0.329021 0.258339
 outer loop
  vertex 350.264 36.6239 930.184
  vertex 349.15 40.0077 920.994
  vertex 349.682 35.4281 929.981
 endloop
endfacet
facet normal -0.878195 0.399991 0.262261
 outer loop
  vertex 350.264 36.6239 930.184
  vertex 350.625 42.6022 922.421
  vertex 349.15 40.0077 920.994
 endloop
endfacet
facet normal -0.76338 0.518265 0.385555
 outer loop
  vertex 350.264 36.6239 930.184
  vertex 352.142 38.4033 931.307
  vertex 350.625 42.6022 922.421
 endloop
endfacet
facet normal -0.660661 0.631545 0.405805
 outer loop
  vertex 350.625 42.6022 922.421
  vertex 352.142 38.4033 931.307
  vertex 353.069 44.5549 923.494
 endloop
endfacet
facet normal -0.629236 0.731694 0.262081
 outer loop
  vertex 350.625 47.0883 911.09
  vertex 353.069 44.5549 923.494
  vertex 353.069 49.2466 911.644
 endloop
endfacet
facet normal -0.720625 0.630441 0.288521
 outer loop
  vertex 350.625 47.0883 911.09
  vertex 350.625 42.6022 922.421
  vertex 353.069 44.5549 923.494
 endloop
endfacet
facet normal -0.86736 0.466888 0.172345
 outer loop
  vertex 350.625 47.0883 911.09
  vertex 349.15 44.2206 910.354
  vertex 350.625 42.6022 922.421
 endloop
endfacet
facet normal -0.921947 0.349912 0.166058
 outer loop
  vertex 350.625 42.6022 922.421
  vertex 349.15 44.2206 910.354
  vertex 349.15 40.0077 920.994
 endloop
endfacet
facet normal -0.762021 -0.416423 0.495899
 outer loop
  vertex 350.264 -31.1843 935.624
  vertex 352.142 -32.3073 937.403
  vertex 350.625 -30.9888 936.459
 endloop
endfacet
facet normal -0.659025 -0.481084 0.578138
 outer loop
  vertex 350.625 -30.9888 936.459
  vertex 352.142 -32.3073 937.403
  vertex 353.069 -32.4091 938.176
 endloop
endfacet
facet normal -0.629236 -0.394545 0.669624
 outer loop
  vertex 350.625 -20.6995 942.989
  vertex 353.069 -32.4091 938.176
  vertex 353.069 -21.6483 945.005
 endloop
endfacet
facet normal -0.629236 -0.21562 0.746706
 outer loop
  vertex 350.625 -9.10967 946.755
  vertex 353.069 -21.6483 945.005
  vertex 353.069 -9.5272 948.943
 endloop
endfacet
facet normal -0.629236 -0.0231481 0.77687
 outer loop
  vertex 350.625 3.0526 947.52
  vertex 353.069 -9.5272 948.943
  vertex 353.069 3.19252 949.744
 endloop
endfacet
facet normal -0.629236 0.170779 0.758219
 outer loop
  vertex 350.625 15.0231 945.236
  vertex 353.069 3.19252 949.744
  vertex 353.069 15.7116 947.355
 endloop
endfacet
facet normal -0.629236 0.353975 0.691928
 outer loop
  vertex 350.625 26.0496 940.048
  vertex 353.069 15.7116 947.355
  vertex 353.069 27.2435 941.929
 endloop
endfacet
facet normal -0.505938 0.526409 0.683316
 outer loop
  vertex 352.142 32.3073 937.403
  vertex 353.069 27.2435 941.929
  vertex 354.694 33.3883 938.39
 endloop
endfacet
facet normal -0.659781 0.431793 0.615015
 outer loop
  vertex 352.142 32.3073 937.403
  vertex 350.625 26.0496 940.048
  vertex 353.069 27.2435 941.929
 endloop
endfacet
facet normal -0.505462 -0.554557 0.661041
 outer loop
  vertex 352.142 -32.3073 937.403
  vertex 354.685 -33.3858 938.388
  vertex 353.069 -32.4091 938.176
 endloop
endfacet
facet normal -0.356396 -0.598477 0.7175
 outer loop
  vertex 353.069 -32.4091 938.176
  vertex 354.685 -33.3858 938.388
  vertex 356.153 -33.1707 939.096
 endloop
endfacet
facet normal -0.304533 -0.479355 0.823091
 outer loop
  vertex 353.069 -21.6483 945.005
  vertex 356.153 -33.1707 939.096
  vertex 356.153 -22.157 946.086
 endloop
endfacet
facet normal -0.304533 -0.2596 0.916443
 outer loop
  vertex 353.069 -9.5272 948.943
  vertex 356.153 -22.157 946.086
  vertex 356.153 -9.75108 950.117
 endloop
endfacet
facet normal -0.304533 -0.0235346 0.952211
 outer loop
  vertex 353.069 3.19252 949.744
  vertex 356.153 -9.75108 950.117
  vertex 356.153 3.26754 950.936
 endloop
endfacet
facet normal -0.304533 0.21401 0.928148
 outer loop
  vertex 353.069 15.7116 947.355
  vertex 356.153 3.26754 950.936
  vertex 356.153 16.0808 948.492
 endloop
endfacet
facet normal -0.304533 0.438108 0.845767
 outer loop
  vertex 353.069 27.2435 941.929
  vertex 356.153 16.0808 948.492
  vertex 356.153 27.8837 942.938
 endloop
endfacet
facet normal -0.187318 0.600424 0.777434
 outer loop
  vertex 354.694 33.3883 938.39
  vertex 356.153 27.8837 942.938
  vertex 357.571 33.8377 938.733
 endloop
endfacet
facet normal -0.356731 0.536747 0.764622
 outer loop
  vertex 354.694 33.3883 938.39
  vertex 353.069 27.2435 941.929
  vertex 356.153 27.8837 942.938
 endloop
endfacet
facet normal -0.187264 -0.632734 0.751385
 outer loop
  vertex 354.685 -33.3858 938.388
  vertex 357.571 -33.8377 938.733
  vertex 356.153 -33.1707 939.096
 endloop
endfacet
facet normal -0.0789234 -0.639108 0.765057
 outer loop
  vertex 356.153 -33.1707 939.096
  vertex 357.571 -33.8377 938.733
  vertex 357.571 -33.2664 939.212
 endloop
endfacet
facet normal -0.0794765 -0.498654 0.86315
 outer loop
  vertex 356.153 -22.157 946.086
  vertex 357.571 -33.2664 939.212
  vertex 357.571 -22.2209 946.222
 endloop
endfacet
facet normal -0.0794765 -0.268332 0.960043
 outer loop
  vertex 356.153 -9.75108 950.117
  vertex 357.571 -22.2209 946.222
  vertex 357.571 -9.77922 950.264
 endloop
endfacet
facet normal -0.0794765 -0.0211486 0.996612
 outer loop
  vertex 356.153 3.26754 950.936
  vertex 357.571 -9.77922 950.264
  vertex 357.571 3.27697 951.086
 endloop
endfacet
facet normal -0.0794765 0.227363 0.970561
 outer loop
  vertex 356.153 16.0808 948.492
  vertex 357.571 3.27697 951.086
  vertex 357.571 16.1272 948.635
 endloop
endfacet
facet normal -0.0794765 0.461589 0.883526
 outer loop
  vertex 356.153 27.8837 942.938
  vertex 357.571 16.1272 948.635
  vertex 357.571 27.9642 943.065
 endloop
endfacet
facet normal -0.0790931 0.573004 0.815727
 outer loop
  vertex 357.571 33.8377 938.733
  vertex 356.153 27.8837 942.938
  vertex 357.571 27.9642 943.065
 endloop
endfacet
facet normal -0.507107 0.693547 0.511698
 outer loop
  vertex 352.142 38.4033 931.307
  vertex 354.685 39.3876 932.386
  vertex 353.069 44.5549 923.494
 endloop
endfacet
facet normal -0.357794 0.785963 0.504227
 outer loop
  vertex 353.069 44.5549 923.494
  vertex 354.685 39.3876 932.386
  vertex 356.153 45.6019 924.07
 endloop
endfacet
facet normal -0.0794765 0.941299 0.328084
 outer loop
  vertex 357.571 50.5493 911.979
  vertex 356.153 50.4038 911.942
  vertex 357.571 45.7335 924.142
 endloop
endfacet
facet normal -0.974058 0.183323 0.132679
 outer loop
  vertex 348.888 36.1597 924.764
  vertex 349.15 33.281 930.253
  vertex 349.15 40.0077 920.994
 endloop
endfacet
facet normal -0.956555 0.22836 0.181257
 outer loop
  vertex 349.15 40.0077 920.994
  vertex 349.15 33.281 930.253
  vertex 349.318 34.0851 930.159
 endloop
endfacet
facet normal -0.974075 0.0989529 0.203438
 outer loop
  vertex 348.888 21.4769 937.859
  vertex 349.15 14.1081 942.42
  vertex 349.15 24.4631 937.548
 endloop
endfacet
facet normal -0.921947 0.141401 0.360582
 outer loop
  vertex 349.15 24.4631 937.548
  vertex 349.15 14.1081 942.42
  vertex 350.625 15.0231 945.236
 endloop
endfacet
facet normal -0.720625 0.262065 0.641889
 outer loop
  vertex 350.625 15.0231 945.236
  vertex 353.069 15.7116 947.355
  vertex 350.625 26.0496 940.048
 endloop
endfacet
facet normal -0.420901 0.347873 0.837751
 outer loop
  vertex 353.069 15.7116 947.355
  vertex 356.153 16.0808 948.492
  vertex 353.069 27.2435 941.929
 endloop
endfacet
facet normal -0.132503 0.383486 0.913992
 outer loop
  vertex 356.153 16.0808 948.492
  vertex 357.571 16.1272 948.635
  vertex 356.153 27.8837 942.938
 endloop
endfacet
facet normal -0.921947 0.0472851 0.384419
 outer loop
  vertex 349.15 2.8667 944.565
  vertex 350.625 3.0526 947.52
  vertex 349.15 14.1081 942.42
 endloop
endfacet
facet normal -0.720625 0.0942004 0.686896
 outer loop
  vertex 350.625 3.0526 947.52
  vertex 353.069 3.19252 949.744
  vertex 350.625 15.0231 945.236
 endloop
endfacet
facet normal -0.420901 0.128603 0.897944
 outer loop
  vertex 353.069 3.19252 949.744
  vertex 356.153 3.26754 950.936
  vertex 353.069 15.7116 947.355
 endloop
endfacet
facet normal -0.132503 0.144138 0.980646
 outer loop
  vertex 356.153 3.26754 950.936
  vertex 357.571 3.27697 951.086
  vertex 356.153 16.0808 948.492
 endloop
endfacet
facet normal -0.974073 -0.011395 0.225945
 outer loop
  vertex 348.888 -3.29388E-11 943.399
  vertex 349.15 -8.55488 943.846
  vertex 349.15 2.8667 944.565
 endloop
endfacet
facet normal -0.921947 -0.0498015 0.384101
 outer loop
  vertex 349.15 2.8667 944.565
  vertex 349.15 -8.55488 943.846
  vertex 350.625 -9.10967 946.755
 endloop
endfacet
facet normal -0.720625 -0.0795832 0.688743
 outer loop
  vertex 350.625 -9.10967 946.755
  vertex 353.069 -9.5272 948.943
  vertex 350.625 3.0526 947.52
 endloop
endfacet
facet normal -0.420901 -0.0987468 0.901716
 outer loop
  vertex 353.069 -9.5272 948.943
  vertex 356.153 -9.75108 950.117
  vertex 353.069 3.19252 949.744
 endloop
endfacet
facet normal -0.132503 -0.104267 0.985683
 outer loop
  vertex 356.153 -9.75108 950.117
  vertex 357.571 -9.77922 950.264
  vertex 356.153 3.26754 950.936
 endloop
endfacet
facet normal -0.921947 -0.143759 0.359648
 outer loop
  vertex 349.15 -19.4389 940.31
  vertex 350.625 -20.6995 942.989
  vertex 349.15 -8.55488 943.846
 endloop
endfacet
facet normal -0.720625 -0.248366 0.647313
 outer loop
  vertex 350.625 -20.6995 942.989
  vertex 353.069 -21.6483 945.005
  vertex 350.625 -9.10967 946.755
 endloop
endfacet
facet normal -0.420901 -0.319892 0.84883
 outer loop
  vertex 353.069 -21.6483 945.005
  vertex 356.153 -22.157 946.086
  vertex 353.069 -9.5272 948.943
 endloop
endfacet
facet normal -0.132503 -0.346121 0.928786
 outer loop
  vertex 356.153 -22.157 946.086
  vertex 357.571 -22.2209 946.222
  vertex 356.153 -9.75108 950.117
 endloop
endfacet
facet normal -0.974072 -0.118924 0.192459
 outer loop
  vertex 348.888 -21.4769 937.859
  vertex 349.15 -29.1015 934.178
  vertex 349.15 -19.4389 940.31
 endloop
endfacet
facet normal -0.921947 -0.228683 0.312598
 outer loop
  vertex 349.15 -19.4389 940.31
  vertex 349.15 -29.1015 934.178
  vertex 350.625 -30.9888 936.459
 endloop
endfacet
facet normal -0.720625 -0.401544 0.56521
 outer loop
  vertex 350.625 -30.9888 936.459
  vertex 353.069 -32.4091 938.176
  vertex 350.625 -20.6995 942.989
 endloop
endfacet
facet normal -0.420901 -0.520937 0.742608
 outer loop
  vertex 353.069 -32.4091 938.176
  vertex 356.153 -33.1707 939.096
  vertex 353.069 -21.6483 945.005
 endloop
endfacet
facet normal -0.132503 -0.566227 0.81353
 outer loop
  vertex 356.153 -33.1707 939.096
  vertex 357.571 -33.2664 939.212
  vertex 356.153 -22.157 946.086
 endloop
endfacet
facet normal -0.720625 -0.624167 0.301852
 outer loop
  vertex 353.069 -47.2735 917.717
  vertex 350.625 -39.3309 927.576
  vertex 350.625 -45.2017 916.897
 endloop
endfacet
facet normal -0.86736 -0.430399 0.249886
 outer loop
  vertex 350.625 -45.2017 916.897
  vertex 350.625 -39.3309 927.576
  vertex 349.15 -36.9356 925.835
 endloop
endfacet
facet normal -0.420901 -0.814255 0.399789
 outer loop
  vertex 353.069 -47.2735 917.717
  vertex 356.153 -48.3844 918.157
  vertex 353.069 -41.1336 928.885
 endloop
endfacet
facet normal -0.132503 -0.888109 0.44012
 outer loop
  vertex 356.153 -48.3844 918.157
  vertex 357.571 -48.524 918.212
  vertex 356.153 -42.1002 929.588
 endloop
endfacet
facet normal -0.974111 -0.195545 0.113443
 outer loop
  vertex 349.15 -42.4489 915.807
  vertex 349.15 -36.9356 925.835
  vertex 348.888 -36.1597 924.764
 endloop
endfacet
facet normal -0.420901 -0.888097 0.184732
 outer loop
  vertex 353.069 -50.443 905.372
  vertex 356.153 -51.6284 905.522
  vertex 353.069 -47.2735 917.717
 endloop
endfacet
facet normal -0.132503 -0.969661 0.205429
 outer loop
  vertex 356.153 -51.6284 905.522
  vertex 357.571 -51.7773 905.541
  vertex 356.153 -48.3844 918.157
 endloop
endfacet
facet normal 5.22474E-17 0.171862 -0.985121
 outer loop
  vertex 361 35.0018 861.248
  vertex 361 36.3768 861.617
  vertex 364 35.0018 861.248
 endloop
endfacet
facet normal 4.94876E-17 0.343724 -0.939071
 outer loop
  vertex 364 35.0018 861.248
  vertex 361 36.3768 861.617
  vertex 364 36.3768 861.617
 endloop
endfacet
facet normal 3.97946E-17 0.641397 -0.767209
 outer loop
  vertex 364 36.3768 861.617
  vertex 361 36.3768 861.617
  vertex 361 37.3834 862.623
 endloop
endfacet
facet normal 1.66789E-17 0.939071 -0.343724
 outer loop
  vertex 364 37.3834 862.623
  vertex 361 37.3834 862.623
  vertex 361 37.7518 863.998
 endloop
endfacet
facet normal -1.09059E-17 0.985121 0.171862
 outer loop
  vertex 364 37.7518 863.998
  vertex 361 37.7518 863.998
  vertex 361 37.3834 865.373
 endloop
endfacet
facet normal -3.55685E-17 0.767209 0.641397
 outer loop
  vertex 364 37.3834 865.373
  vertex 361 37.3834 865.373
  vertex 361 36.3768 866.38
 endloop
endfacet
facet normal -5.07005E-17 0.343724 0.939071
 outer loop
  vertex 364 36.3768 866.38
  vertex 361 36.3768 866.38
  vertex 361 35.0018 866.748
 endloop
endfacet
facet normal -5.28538E-17 0.171862 0.985121
 outer loop
  vertex 364 35.0018 866.748
  vertex 364 36.3768 866.38
  vertex 361 35.0018 866.748
 endloop
endfacet
facet normal -4.20578E-17 0.641397 0.767209
 outer loop
  vertex 364 36.3768 866.38
  vertex 364 37.3834 865.373
  vertex 361 36.3768 866.38
 endloop
endfacet
facet normal -1.99925E-17 0.939071 0.343724
 outer loop
  vertex 364 37.3834 865.373
  vertex 364 37.7518 863.998
  vertex 361 37.3834 865.373
 endloop
endfacet
facet normal 7.42978E-18 0.985121 -0.171862
 outer loop
  vertex 364 37.7518 863.998
  vertex 364 37.3834 862.623
  vertex 361 37.7518 863.998
 endloop
endfacet
facet normal 3.28613E-17 0.767209 -0.641397
 outer loop
  vertex 364 37.3834 862.623
  vertex 364 36.3768 861.617
  vertex 361 37.3834 862.623
 endloop
endfacet
facet normal 5.22474E-17 0.171862 -0.985121
 outer loop
  vertex 361 35.0018 931.252
  vertex 361 36.3768 931.62
  vertex 364 35.0018 931.252
 endloop
endfacet
facet normal 4.94876E-17 0.343724 -0.939071
 outer loop
  vertex 364 35.0018 931.252
  vertex 361 36.3768 931.62
  vertex 364 36.3768 931.62
 endloop
endfacet
facet normal 3.97946E-17 0.641397 -0.767209
 outer loop
  vertex 364 36.3768 931.62
  vertex 361 36.3768 931.62
  vertex 361 37.3834 932.627
 endloop
endfacet
facet normal 1.66789E-17 0.939071 -0.343724
 outer loop
  vertex 364 37.3834 932.627
  vertex 361 37.3834 932.627
  vertex 361 37.7518 934.002
 endloop
endfacet
facet normal -1.09059E-17 0.985121 0.171862
 outer loop
  vertex 364 37.7518 934.002
  vertex 361 37.7518 934.002
  vertex 361 37.3834 935.377
 endloop
endfacet
facet normal -3.55685E-17 0.767209 0.641397
 outer loop
  vertex 364 37.3834 935.377
  vertex 361 37.3834 935.377
  vertex 361 36.3768 936.383
 endloop
endfacet
facet normal -5.07005E-17 0.343724 0.939071
 outer loop
  vertex 364 36.3768 936.383
  vertex 361 36.3768 936.383
  vertex 361 35.0018 936.752
 endloop
endfacet
facet normal -5.28538E-17 0.171862 0.985121
 outer loop
  vertex 364 35.0018 936.752
  vertex 364 36.3768 936.383
  vertex 361 35.0018 936.752
 endloop
endfacet
facet normal -4.20578E-17 0.641397 0.767209
 outer loop
  vertex 364 36.3768 936.383
  vertex 364 37.3834 935.377
  vertex 361 36.3768 936.383
 endloop
endfacet
facet normal -1.99925E-17 0.939071 0.343724
 outer loop
  vertex 364 37.3834 935.377
  vertex 364 37.7518 934.002
  vertex 361 37.3834 935.377
 endloop
endfacet
facet normal 7.42978E-18 0.985121 -0.171862
 outer loop
  vertex 364 37.7518 934.002
  vertex 364 37.3834 932.627
  vertex 361 37.7518 934.002
 endloop
endfacet
facet normal 3.28613E-17 0.767209 -0.641397
 outer loop
  vertex 364 37.3834 932.627
  vertex 364 36.3768 931.62
  vertex 361 37.3834 932.627
 endloop
endfacet
facet normal 5.22474E-17 0.171862 -0.985121
 outer loop
  vertex 361 -35.0018 931.252
  vertex 361 -33.6268 931.62
  vertex 364 -35.0018 931.252
 endloop
endfacet
facet normal 4.94876E-17 0.343724 -0.939071
 outer loop
  vertex 364 -35.0018 931.252
  vertex 361 -33.6268 931.62
  vertex 364 -33.6268 931.62
 endloop
endfacet
facet normal 3.97946E-17 0.641397 -0.767209
 outer loop
  vertex 364 -33.6268 931.62
  vertex 361 -33.6268 931.62
  vertex 361 -32.6202 932.627
 endloop
endfacet
facet normal 1.66789E-17 0.939071 -0.343724
 outer loop
  vertex 364 -32.6202 932.627
  vertex 361 -32.6202 932.627
  vertex 361 -32.2518 934.002
 endloop
endfacet
facet normal -1.09059E-17 0.985121 0.171862
 outer loop
  vertex 364 -32.2518 934.002
  vertex 361 -32.2518 934.002
  vertex 361 -32.6202 935.377
 endloop
endfacet
facet normal -3.55685E-17 0.767209 0.641397
 outer loop
  vertex 364 -32.6202 935.377
  vertex 361 -32.6202 935.377
  vertex 361 -33.6268 936.383
 endloop
endfacet
facet normal -5.07005E-17 0.343724 0.939071
 outer loop
  vertex 364 -33.6268 936.383
  vertex 361 -33.6268 936.383
  vertex 361 -35.0018 936.752
 endloop
endfacet
facet normal -5.28538E-17 0.171862 0.985121
 outer loop
  vertex 364 -35.0018 936.752
  vertex 364 -33.6268 936.383
  vertex 361 -35.0018 936.752
 endloop
endfacet
facet normal -4.20578E-17 0.641397 0.767209
 outer loop
  vertex 364 -33.6268 936.383
  vertex 364 -32.6202 935.377
  vertex 361 -33.6268 936.383
 endloop
endfacet
facet normal -1.99925E-17 0.939071 0.343724
 outer loop
  vertex 364 -32.6202 935.377
  vertex 364 -32.2518 934.002
  vertex 361 -32.6202 935.377
 endloop
endfacet
facet normal 7.42978E-18 0.985121 -0.171862
 outer loop
  vertex 364 -32.2518 934.002
  vertex 364 -32.6202 932.627
  vertex 361 -32.2518 934.002
 endloop
endfacet
facet normal 3.28613E-17 0.767209 -0.641397
 outer loop
  vertex 364 -32.6202 932.627
  vertex 364 -33.6268 931.62
  vertex 361 -32.6202 932.627
 endloop
endfacet
facet normal 0.123208 -0.507896 0.852562
 outer loop
  vertex 470 -93.4555 814.291
  vertex 470 -92.4 814.9
  vertex 468.021 -93.4555 814.726
 endloop
endfacet
facet normal 0.270886 -0.509893 0.816474
 outer loop
  vertex 468.021 -93.4555 814.726
  vertex 470 -92.4 814.9
  vertex 467.95 -92.4 815.449
 endloop
endfacet
facet normal 0.608804 -0.508641 0.608804
 outer loop
  vertex 466.67 -93.4555 815.67
  vertex 467.95 -92.4 815.449
  vertex 466.449 -92.4 816.95
 endloop
endfacet
facet normal 0.816757 -0.509852 0.270107
 outer loop
  vertex 465.721 -93.4555 817.033
  vertex 466.449 -92.4 816.95
  vertex 465.9 -92.4 819
 endloop
endfacet
facet normal 0.852736 -0.507792 -0.122429
 outer loop
  vertex 465.291 -93.4555 819
  vertex 465.9 -92.4 819
  vertex 465.721 -93.4555 820.967
 endloop
endfacet
facet normal 0.852736 -0.507792 0.122429
 outer loop
  vertex 465.291 -93.4555 819
  vertex 465.721 -93.4555 817.033
  vertex 465.9 -92.4 819
 endloop
endfacet
facet normal 0.816757 -0.509852 -0.270107
 outer loop
  vertex 465.9 -92.4 819
  vertex 466.449 -92.4 821.05
  vertex 465.721 -93.4555 820.967
 endloop
endfacet
facet normal 0.722506 -0.504245 -0.472994
 outer loop
  vertex 465.721 -93.4555 820.967
  vertex 466.449 -92.4 821.05
  vertex 466.67 -93.4555 822.33
 endloop
endfacet
facet normal 0.608804 -0.508641 -0.608804
 outer loop
  vertex 466.67 -93.4555 822.33
  vertex 466.449 -92.4 821.05
  vertex 467.95 -92.4 822.551
 endloop
endfacet
facet normal 0.270886 -0.509893 -0.816474
 outer loop
  vertex 468.021 -93.4555 823.274
  vertex 467.95 -92.4 822.551
  vertex 470 -92.4 823.1
 endloop
endfacet
facet normal 0.123208 -0.507896 -0.852562
 outer loop
  vertex 470 -93.4555 823.709
  vertex 468.021 -93.4555 823.274
  vertex 470 -92.4 823.1
 endloop
endfacet
facet normal 0.473693 -0.504192 -0.722084
 outer loop
  vertex 468.021 -93.4555 823.274
  vertex 466.67 -93.4555 822.33
  vertex 467.95 -92.4 822.551
 endloop
endfacet
facet normal 0.722506 -0.504245 0.472994
 outer loop
  vertex 465.721 -93.4555 817.033
  vertex 466.67 -93.4555 815.67
  vertex 466.449 -92.4 816.95
 endloop
endfacet
facet normal 0.473693 -0.504192 0.722084
 outer loop
  vertex 466.67 -93.4555 815.67
  vertex 468.021 -93.4555 814.726
  vertex 467.95 -92.4 815.449
 endloop
endfacet
facet normal 0.985121 -1.12784E-17 -0.171862
 outer loop
  vertex 437.748 -82 854.002
  vertex 437.38 -82 852.627
  vertex 437.748 -79 854.002
 endloop
endfacet
facet normal 0.939071 -4.55262E-18 -0.343724
 outer loop
  vertex 437.748 -79 854.002
  vertex 437.38 -82 852.627
  vertex 437.38 -79 852.627
 endloop
endfacet
facet normal 0.767209 5.29078E-18 -0.641397
 outer loop
  vertex 437.38 -79 852.627
  vertex 437.38 -82 852.627
  vertex 436.373 -82 851.62
 endloop
endfacet
facet normal 0.343724 7.46482E-17 -0.939071
 outer loop
  vertex 436.373 -79 851.62
  vertex 436.373 -82 851.62
  vertex 434.998 -82 851.252
 endloop
endfacet
facet normal -0.171862 8.43222E-17 -0.985121
 outer loop
  vertex 434.998 -79 851.252
  vertex 434.998 -82 851.252
  vertex 433.623 -82 851.62
 endloop
endfacet
facet normal -0.641397 3.17206E-17 -0.767209
 outer loop
  vertex 433.623 -79 851.62
  vertex 433.623 -82 851.62
  vertex 432.617 -82 852.627
 endloop
endfacet
facet normal -0.939071 2.48255E-17 -0.343724
 outer loop
  vertex 432.617 -79 852.627
  vertex 432.617 -82 852.627
  vertex 432.248 -82 854.002
 endloop
endfacet
facet normal -0.985121 3.4447E-17 -0.171862
 outer loop
  vertex 432.248 -79 854.002
  vertex 432.617 -79 852.627
  vertex 432.248 -82 854.002
 endloop
endfacet
facet normal -0.767209 5.51114E-17 -0.641397
 outer loop
  vertex 432.617 -79 852.627
  vertex 433.623 -79 851.62
  vertex 432.617 -82 852.627
 endloop
endfacet
facet normal -0.343724 6.10087E-17 -0.939071
 outer loop
  vertex 433.623 -79 851.62
  vertex 434.998 -79 851.252
  vertex 433.623 -82 851.62
 endloop
endfacet
facet normal 0.171862 1.04765E-16 -0.985121
 outer loop
  vertex 434.998 -79 851.252
  vertex 436.373 -79 851.62
  vertex 434.998 -82 851.252
 endloop
endfacet
facet normal 0.641397 2.65617E-17 -0.767209
 outer loop
  vertex 436.373 -79 851.62
  vertex 437.38 -79 852.627
  vertex 436.373 -82 851.62
 endloop
endfacet
facet normal 0.171862 -9.84322E-18 0.985121
 outer loop
  vertex 434.998 -82 786.748
  vertex 436.373 -82 786.38
  vertex 434.998 -79 786.748
 endloop
endfacet
facet normal 0.343724 -3.50191E-18 0.939071
 outer loop
  vertex 434.998 -79 786.748
  vertex 436.373 -82 786.38
  vertex 436.373 -79 786.38
 endloop
endfacet
facet normal 0.641397 5.51311E-18 0.767209
 outer loop
  vertex 436.373 -79 786.38
  vertex 436.373 -82 786.38
  vertex 437.38 -82 785.373
 endloop
endfacet
facet normal 0.939071 7.35982E-17 0.343724
 outer loop
  vertex 437.38 -79 785.373
  vertex 437.38 -82 785.373
  vertex 437.748 -82 783.998
 endloop
endfacet
facet normal 0.985121 8.22811E-17 -0.171862
 outer loop
  vertex 437.748 -79 783.998
  vertex 437.748 -82 783.998
  vertex 437.38 -82 782.623
 endloop
endfacet
facet normal 0.767209 2.92354E-17 -0.641397
 outer loop
  vertex 437.38 -79 782.623
  vertex 437.38 -82 782.623
  vertex 436.373 -82 781.617
 endloop
endfacet
facet normal 0.343724 2.25621E-17 -0.939071
 outer loop
  vertex 436.373 -79 781.617
  vertex 436.373 -82 781.617
  vertex 434.998 -82 781.248
 endloop
endfacet
facet normal 0.171862 3.24055E-17 -0.985121
 outer loop
  vertex 434.998 -79 781.248
  vertex 436.373 -79 781.617
  vertex 434.998 -82 781.248
 endloop
endfacet
facet normal 0.641397 5.26261E-17 -0.767209
 outer loop
  vertex 436.373 -79 781.617
  vertex 437.38 -79 782.623
  vertex 436.373 -82 781.617
 endloop
endfacet
facet normal 0.939071 5.87456E-17 -0.343724
 outer loop
  vertex 437.38 -79 782.623
  vertex 437.748 -79 783.998
  vertex 437.38 -82 782.623
 endloop
endfacet
facet normal 0.985121 1.0333E-16 0.171862
 outer loop
  vertex 437.748 -79 783.998
  vertex 437.38 -79 785.373
  vertex 437.748 -82 783.998
 endloop
endfacet
facet normal 0.767209 2.634E-17 0.641397
 outer loop
  vertex 437.38 -79 785.373
  vertex 436.373 -79 786.38
  vertex 437.38 -82 785.373
 endloop
endfacet
facet normal -0.985121 -7.80214E-18 0.171862
 outer loop
  vertex 502.252 -82 783.998
  vertex 502.62 -82 785.373
  vertex 502.252 -79 783.998
 endloop
endfacet
facet normal -0.939071 -1.2388E-18 0.343724
 outer loop
  vertex 502.252 -79 783.998
  vertex 502.62 -82 785.373
  vertex 502.62 -79 785.373
 endloop
endfacet
facet normal -0.767209 7.99831E-18 0.641397
 outer loop
  vertex 502.62 -79 785.373
  vertex 502.62 -82 785.373
  vertex 503.627 -82 786.38
 endloop
endfacet
facet normal -0.343724 7.58616E-17 0.939071
 outer loop
  vertex 503.627 -79 786.38
  vertex 503.627 -82 786.38
  vertex 505.002 -82 786.748
 endloop
endfacet
facet normal 0.171862 8.37163E-17 0.985121
 outer loop
  vertex 505.002 -79 786.748
  vertex 505.002 -82 786.748
  vertex 506.377 -82 786.38
 endloop
endfacet
facet normal 0.641397 2.94578E-17 0.767209
 outer loop
  vertex 506.377 -79 786.38
  vertex 506.377 -82 786.38
  vertex 507.383 -82 785.373
 endloop
endfacet
facet normal 0.939071 2.1512E-17 0.343724
 outer loop
  vertex 507.383 -79 785.373
  vertex 507.383 -82 785.373
  vertex 507.752 -82 783.998
 endloop
endfacet
facet normal 0.985121 3.0971E-17 0.171862
 outer loop
  vertex 507.752 -79 783.998
  vertex 507.383 -79 785.373
  vertex 507.752 -82 783.998
 endloop
endfacet
facet normal 0.767209 5.24045E-17 0.641397
 outer loop
  vertex 507.383 -79 785.373
  vertex 506.377 -79 786.38
  vertex 507.383 -82 785.373
 endloop
endfacet
facet normal 0.343724 5.97963E-17 0.939071
 outer loop
  vertex 506.377 -79 786.38
  vertex 505.002 -79 786.748
  vertex 506.377 -82 786.38
 endloop
endfacet
facet normal -0.171862 1.05372E-16 0.985121
 outer loop
  vertex 505.002 -79 786.748
  vertex 503.627 -79 786.38
  vertex 505.002 -82 786.748
 endloop
endfacet
facet normal -0.641397 2.88253E-17 0.767209
 outer loop
  vertex 503.627 -79 786.38
  vertex 502.62 -79 785.373
  vertex 503.627 -82 786.38
 endloop
endfacet
facet normal 0.985121 -1.73811E-18 -0.171862
 outer loop
  vertex 507.752 -82 854.002
  vertex 507.383 -82 852.627
  vertex 507.752 -79 854.002
 endloop
endfacet
facet normal 0.939071 -1.65691E-18 -0.343724
 outer loop
  vertex 507.752 -79 854.002
  vertex 507.383 -82 852.627
  vertex 507.383 -79 852.627
 endloop
endfacet
facet normal 0.767209 -1.35377E-18 -0.641397
 outer loop
  vertex 507.383 -79 852.627
  vertex 507.383 -82 852.627
  vertex 506.377 -82 851.62
 endloop
endfacet
facet normal 0.343724 -6.0668E-19 -0.939071
 outer loop
  vertex 506.377 -79 851.62
  vertex 506.377 -82 851.62
  vertex 505.002 -82 851.252
 endloop
endfacet
facet normal -0.171862 3.02967E-19 -0.985121
 outer loop
  vertex 505.002 -79 851.252
  vertex 505.002 -82 851.252
  vertex 503.627 -82 851.62
 endloop
endfacet
facet normal -0.641397 1.13143E-18 -0.767209
 outer loop
  vertex 503.627 -79 851.62
  vertex 503.627 -82 851.62
  vertex 502.62 -82 852.627
 endloop
endfacet
facet normal -0.939071 1.65673E-18 -0.343724
 outer loop
  vertex 502.62 -79 852.627
  vertex 502.62 -82 852.627
  vertex 502.252 -82 854.002
 endloop
endfacet
facet normal -0.985121 1.73802E-18 -0.171862
 outer loop
  vertex 502.252 -79 854.002
  vertex 502.62 -79 852.627
  vertex 502.252 -82 854.002
 endloop
endfacet
facet normal -0.767209 1.35344E-18 -0.641397
 outer loop
  vertex 502.62 -79 852.627
  vertex 503.627 -79 851.62
  vertex 502.62 -82 852.627
 endloop
endfacet
facet normal -0.343724 6.06198E-19 -0.939071
 outer loop
  vertex 503.627 -79 851.62
  vertex 505.002 -79 851.252
  vertex 503.627 -82 851.62
 endloop
endfacet
facet normal 0.171862 -3.03472E-19 -0.985121
 outer loop
  vertex 505.002 -79 851.252
  vertex 506.377 -79 851.62
  vertex 505.002 -82 851.252
 endloop
endfacet
facet normal 0.641397 -1.13183E-18 -0.767209
 outer loop
  vertex 506.377 -79 851.62
  vertex 507.383 -79 852.627
  vertex 506.377 -82 851.62
 endloop
endfacet
facet normal -0.582975 -0.203431 -0.78661
 outer loop
  vertex 436.518 -84.1133 779.672
  vertex 436.027 -81.2887 779.285
  vertex 444.89 -82.4714 773.325
 endloop
endfacet
facet normal -0.372559 -0.420901 -0.827068
 outer loop
  vertex 445.465 -85.5555 774.372
  vertex 444.89 -82.4714 773.325
  vertex 457.335 -85.5555 769.672
 endloop
endfacet
facet normal -0.122673 -0.720625 -0.682386
 outer loop
  vertex 457.889 -87.9998 771.831
  vertex 457.335 -85.5555 769.672
  vertex 470 -87.9998 770.301
 endloop
endfacet
facet normal -0.05082 -0.86736 -0.49508
 outer loop
  vertex 470 -89.4741 773.261
  vertex 457.889 -87.9998 771.831
  vertex 470 -87.9998 770.301
 endloop
endfacet
facet normal -0.0738211 -0.921947 -0.380216
 outer loop
  vertex 470 -89.4741 773.261
  vertex 458.625 -89.4741 774.698
  vertex 457.889 -87.9998 771.831
 endloop
endfacet
facet normal -0.0227282 -0.971949 -0.23409
 outer loop
  vertex 470 -89.4741 773.261
  vertex 470 -89.6984 774.264
  vertex 458.625 -89.4741 774.698
 endloop
endfacet
facet normal -0.0361955 -0.980107 -0.195141
 outer loop
  vertex 458.625 -89.4741 774.698
  vertex 470 -89.6984 774.264
  vertex 458.875 -89.6984 775.67
 endloop
endfacet
facet normal -0.0569154 -0.979941 -0.190986
 outer loop
  vertex 452.88 -89.6984 777.67
  vertex 458.625 -89.4741 774.698
  vertex 458.875 -89.6984 775.67
 endloop
endfacet
facet normal -0.0874828 -0.971875 -0.218645
 outer loop
  vertex 452.88 -89.6984 777.67
  vertex 447.965 -89.4741 778.919
  vertex 458.625 -89.4741 774.698
 endloop
endfacet
facet normal -0.0908281 -0.979911 -0.177552
 outer loop
  vertex 452.88 -89.6984 777.67
  vertex 448.448 -89.6984 779.798
  vertex 447.965 -89.4741 778.919
 endloop
endfacet
facet normal -0.132691 -0.971949 -0.194185
 outer loop
  vertex 447.965 -89.4741 778.919
  vertex 448.448 -89.6984 779.798
  vertex 438.69 -89.4741 785.658
 endloop
endfacet
facet normal -0.202384 -0.955343 -0.215316
 outer loop
  vertex 438.725 -89.3052 784.901
  vertex 438.69 -89.4741 785.658
  vertex 438.139 -89.4581 786.105
 endloop
endfacet
facet normal -0.18151 -0.956505 -0.228367
 outer loop
  vertex 438.725 -89.3052 784.901
  vertex 447.965 -89.4741 778.919
  vertex 438.69 -89.4741 785.658
 endloop
endfacet
facet normal -0.213504 -0.939048 -0.269455
 outer loop
  vertex 438.725 -89.3052 784.901
  vertex 438.905 -88.9544 783.595
  vertex 447.965 -89.4741 778.919
 endloop
endfacet
facet normal -0.257387 -0.909353 -0.326847
 outer loop
  vertex 447.965 -89.4741 778.919
  vertex 438.905 -88.9544 783.595
  vertex 438.705 -88.3814 782.404
 endloop
endfacet
facet normal -0.382949 -0.767804 -0.513641
 outer loop
  vertex 446.539 -87.9998 776.325
  vertex 438.705 -88.3814 782.404
  vertex 437.614 -86.5955 780.676
 endloop
endfacet
facet normal -0.508633 -0.517708 -0.687946
 outer loop
  vertex 445.465 -85.5555 774.372
  vertex 437.614 -86.5955 780.676
  vertex 436.518 -84.1133 779.672
 endloop
endfacet
facet normal -0.503146 -0.364356 -0.783638
 outer loop
  vertex 444.89 -82.4714 773.325
  vertex 445.465 -85.5555 774.372
  vertex 436.518 -84.1133 779.672
 endloop
endfacet
facet normal -0.0835259 -0.0970032 -0.991773
 outer loop
  vertex 470 -81.2887 766.737
  vertex 470 -82.4714 766.878
  vertex 457.003 -81.2887 768.379
 endloop
endfacet
facet normal -0.165724 -0.141185 -0.976013
 outer loop
  vertex 457.003 -81.2887 768.379
  vertex 470 -82.4714 766.878
  vertex 457.038 -82.4714 768.515
 endloop
endfacet
facet normal -0.403242 -0.141185 -0.904136
 outer loop
  vertex 444.822 -81.2887 773.201
  vertex 457.038 -82.4714 768.515
  vertex 444.89 -82.4714 773.325
 endloop
endfacet
facet normal -0.538134 -0.0967764 -0.837285
 outer loop
  vertex 436.027 -81.2887 779.285
  vertex 444.822 -81.2887 773.201
  vertex 444.89 -82.4714 773.325
 endloop
endfacet
facet normal -0.083278 -0.304533 -0.948854
 outer loop
  vertex 470 -82.4714 766.878
  vertex 470 -85.5555 768.073
  vertex 457.038 -82.4714 768.515
 endloop
endfacet
facet normal -0.155171 -0.420901 -0.893736
 outer loop
  vertex 457.038 -82.4714 768.515
  vertex 470 -85.5555 768.073
  vertex 457.335 -85.5555 769.672
 endloop
endfacet
facet normal -0.316632 -0.304533 -0.898334
 outer loop
  vertex 444.89 -82.4714 773.325
  vertex 457.038 -82.4714 768.515
  vertex 457.335 -85.5555 769.672
 endloop
endfacet
facet normal -0.0718824 -0.629236 -0.773883
 outer loop
  vertex 470 -85.5555 768.073
  vertex 470 -87.9998 770.301
  vertex 457.335 -85.5555 769.672
 endloop
endfacet
facet normal -0.125728 -0.980107 -0.153566
 outer loop
  vertex 448.448 -89.6984 779.798
  vertex 439.376 -89.6984 786.389
  vertex 438.69 -89.4741 785.658
 endloop
endfacet
facet normal -0.137902 -0.979868 -0.144366
 outer loop
  vertex 438.69 -89.4741 785.658
  vertex 439.376 -89.6984 786.389
  vertex 438.367 -89.6984 787.367
 endloop
endfacet
facet normal -0.161181 -0.98005 -0.116283
 outer loop
  vertex 431.382 -89.4741 794.492
  vertex 438.367 -89.6984 787.367
  vertex 432.228 -89.6984 795.029
 endloop
endfacet
facet normal -0.172911 -0.979979 -0.0987035
 outer loop
  vertex 428.67 -89.6984 801.88
  vertex 431.382 -89.4741 794.492
  vertex 432.228 -89.6984 795.029
 endloop
endfacet
facet normal -0.214123 -0.971885 -0.0979382
 outer loop
  vertex 428.67 -89.6984 801.88
  vertex 426.5 -89.4741 804.866
  vertex 431.382 -89.4741 794.492
 endloop
endfacet
facet normal -0.188425 -0.979888 -0.0656907
 outer loop
  vertex 428.67 -89.6984 801.88
  vertex 427.454 -89.6984 805.176
  vertex 426.5 -89.4741 804.866
 endloop
endfacet
facet normal -0.229656 -0.971949 -0.050722
 outer loop
  vertex 426.5 -89.4741 804.866
  vertex 427.454 -89.6984 805.176
  vertex 424.352 -89.4741 816.128
 endloop
endfacet
facet normal -0.497294 -0.86736 0.0196334
 outer loop
  vertex 421.397 -87.9998 815.942
  vertex 424.352 -89.4741 816.128
  vertex 422.163 -87.9998 828.125
 endloop
endfacet
facet normal -0.746706 -0.629236 0.21562
 outer loop
  vertex 419.975 -85.5555 828.543
  vertex 422.163 -87.9998 828.125
  vertex 423.919 -85.5555 840.684
 endloop
endfacet
facet normal -0.823091 -0.304533 0.479355
 outer loop
  vertex 422.838 -82.4714 841.193
  vertex 423.919 -85.5555 840.684
  vertex 429.839 -82.4714 852.224
 endloop
endfacet
facet normal -0.763413 -0.096331 0.638687
 outer loop
  vertex 429.73 -81.2887 852.314
  vertex 429.839 -82.4714 852.224
  vertex 430.285 -81.2887 852.973
 endloop
endfacet
facet normal -0.812562 -0.141185 0.565518
 outer loop
  vertex 429.73 -81.2887 852.314
  vertex 422.838 -82.4714 841.193
  vertex 429.839 -82.4714 852.224
 endloop
endfacet
facet normal -0.86182 -0.0970032 0.497853
 outer loop
  vertex 429.73 -81.2887 852.314
  vertex 422.711 -81.2887 841.253
  vertex 422.838 -82.4714 841.193
 endloop
endfacet
facet normal -0.927672 -0.141185 0.345675
 outer loop
  vertex 422.838 -82.4714 841.193
  vertex 422.711 -81.2887 841.253
  vertex 418.801 -82.4714 828.767
 endloop
endfacet
facet normal -0.901716 -0.420901 0.0987468
 outer loop
  vertex 419.975 -85.5555 828.543
  vertex 418.801 -82.4714 828.767
  vertex 419.173 -85.5555 815.802
 endloop
endfacet
facet normal -0.686896 -0.720625 -0.0942004
 outer loop
  vertex 421.397 -87.9998 815.942
  vertex 419.173 -85.5555 815.802
  vertex 423.684 -87.9998 803.951
 endloop
endfacet
facet normal -0.360582 -0.921947 -0.141401
 outer loop
  vertex 426.5 -89.4741 804.866
  vertex 423.684 -87.9998 803.951
  vertex 431.382 -89.4741 794.492
 endloop
endfacet
facet normal -0.486553 -0.86736 -0.104655
 outer loop
  vertex 426.5 -89.4741 804.866
  vertex 421.397 -87.9998 815.942
  vertex 423.684 -87.9998 803.951
 endloop
endfacet
facet normal -0.384419 -0.921947 -0.0472851
 outer loop
  vertex 426.5 -89.4741 804.866
  vertex 424.352 -89.4741 816.128
  vertex 421.397 -87.9998 815.942
 endloop
endfacet
facet normal -0.196775 -0.980107 -0.0258779
 outer loop
  vertex 427.454 -89.6984 805.176
  vertex 425.353 -89.6984 816.191
  vertex 424.352 -89.4741 816.128
 endloop
endfacet
facet normal -0.19938 -0.97988 -0.00913672
 outer loop
  vertex 424.352 -89.4741 816.128
  vertex 425.353 -89.6984 816.191
  vertex 425.264 -89.6984 819
 endloop
endfacet
facet normal -0.197114 -0.980001 0.0272694
 outer loop
  vertex 425.072 -89.4741 827.571
  vertex 425.264 -89.6984 819
  vertex 426.057 -89.6984 827.383
 endloop
endfacet
facet normal -0.192996 -0.980025 0.0479979
 outer loop
  vertex 428.67 -89.6984 836.12
  vertex 425.072 -89.4741 827.571
  vertex 426.057 -89.6984 827.383
 endloop
endfacet
facet normal -0.22251 -0.971903 0.0767672
 outer loop
  vertex 428.67 -89.6984 836.12
  vertex 428.615 -89.4741 838.474
  vertex 425.072 -89.4741 827.571
 endloop
endfacet
facet normal -0.181695 -0.979873 0.0826798
 outer loop
  vertex 428.67 -89.6984 836.12
  vertex 429.522 -89.6984 838.047
  vertex 428.615 -89.4741 838.474
 endloop
endfacet
facet normal -0.202134 -0.971949 0.120236
 outer loop
  vertex 428.615 -89.4741 838.474
  vertex 429.522 -89.6984 838.047
  vertex 434.758 -89.4741 848.155
 endloop
endfacet
facet normal -0.367014 -0.877922 0.307496
 outer loop
  vertex 432.477 -87.9998 850.042
  vertex 434.758 -89.4741 848.155
  vertex 433.404 -88.3814 850.295
 endloop
endfacet
facet normal -0.491292 -0.766427 0.41379
 outer loop
  vertex 431.676 -86.5955 851.386
  vertex 432.477 -87.9998 850.042
  vertex 433.404 -88.3814 850.295
 endloop
endfacet
facet normal -0.574997 -0.66314 0.479191
 outer loop
  vertex 431.676 -86.5955 851.386
  vertex 430.76 -85.5555 851.462
  vertex 432.477 -87.9998 850.042
 endloop
endfacet
facet normal -0.655447 -0.516012 0.551471
 outer loop
  vertex 431.676 -86.5955 851.386
  vertex 430.672 -84.1133 852.482
  vertex 430.76 -85.5555 851.462
 endloop
endfacet
facet normal -0.715148 -0.362915 0.597374
 outer loop
  vertex 430.76 -85.5555 851.462
  vertex 430.672 -84.1133 852.482
  vertex 429.839 -82.4714 852.224
 endloop
endfacet
facet normal -0.742608 -0.420901 0.520937
 outer loop
  vertex 423.919 -85.5555 840.684
  vertex 430.76 -85.5555 851.462
  vertex 429.839 -82.4714 852.224
 endloop
endfacet
facet normal -0.669624 -0.629236 0.394545
 outer loop
  vertex 423.919 -85.5555 840.684
  vertex 425.936 -87.9998 839.735
  vertex 430.76 -85.5555 851.462
 endloop
endfacet
facet normal -0.647313 -0.720625 0.248366
 outer loop
  vertex 423.919 -85.5555 840.684
  vertex 422.163 -87.9998 828.125
  vertex 425.936 -87.9998 839.735
 endloop
endfacet
facet normal -0.476788 -0.86736 0.142689
 outer loop
  vertex 425.936 -87.9998 839.735
  vertex 422.163 -87.9998 828.125
  vertex 425.072 -89.4741 827.571
 endloop
endfacet
facet normal -0.359648 -0.921947 0.143759
 outer loop
  vertex 428.615 -89.4741 838.474
  vertex 425.936 -87.9998 839.735
  vertex 425.072 -89.4741 827.571
 endloop
endfacet
facet normal -0.426324 -0.86736 0.256778
 outer loop
  vertex 428.615 -89.4741 838.474
  vertex 432.477 -87.9998 850.042
  vertex 425.936 -87.9998 839.735
 endloop
endfacet
facet normal -0.312598 -0.921947 0.228683
 outer loop
  vertex 428.615 -89.4741 838.474
  vertex 434.758 -89.4741 848.155
  vertex 432.477 -87.9998 850.042
 endloop
endfacet
facet normal -0.161158 -0.980107 0.115838
 outer loop
  vertex 429.522 -89.6984 838.047
  vertex 435.531 -89.6984 847.516
  vertex 434.758 -89.4741 848.155
 endloop
endfacet
facet normal -0.150415 -0.979899 0.131049
 outer loop
  vertex 434.758 -89.4741 848.155
  vertex 435.531 -89.6984 847.516
  vertex 438.367 -89.6984 850.633
 endloop
endfacet
facet normal -0.123834 -0.979959 0.156028
 outer loop
  vertex 443.116 -89.4741 856.003
  vertex 438.367 -89.6984 850.633
  vertex 443.705 -89.6984 855.192
 endloop
endfacet
facet normal -0.106275 -0.980078 0.167789
 outer loop
  vertex 452.88 -89.6984 860.33
  vertex 443.116 -89.4741 856.003
  vertex 443.705 -89.6984 855.192
 endloop
endfacet
facet normal -0.108093 -0.971932 0.208961
 outer loop
  vertex 452.88 -89.6984 860.33
  vertex 453.163 -89.4741 861.527
  vertex 443.116 -89.4741 856.003
 endloop
endfacet
facet normal -0.0742898 -0.979865 0.185324
 outer loop
  vertex 452.88 -89.6984 860.33
  vertex 453.532 -89.6984 860.594
  vertex 453.163 -89.4741 861.527
 endloop
endfacet
facet normal -0.0650422 -0.971949 0.226018
 outer loop
  vertex 453.163 -89.4741 861.527
  vertex 453.532 -89.6984 860.594
  vertex 464.267 -89.4741 864.378
 endloop
endfacet
facet normal -0.0371895 -0.866123 0.498445
 outer loop
  vertex 463.896 -87.9998 867.315
  vertex 464.267 -89.4741 864.378
  vertex 470 -87.9998 867.699
 endloop
endfacet
facet normal -0.0255835 -0.718919 0.694622
 outer loop
  vertex 470 -85.5555 869.927
  vertex 463.896 -87.9998 867.315
  vertex 470 -87.9998 867.699
 endloop
endfacet
facet normal -0.0616976 -0.627133 0.776465
 outer loop
  vertex 470 -85.5555 869.927
  vertex 463.617 -85.5555 869.526
  vertex 463.896 -87.9998 867.315
 endloop
endfacet
facet normal -0.0361164 -0.419123 0.907211
 outer loop
  vertex 470 -85.5555 869.927
  vertex 470 -82.4714 871.122
  vertex 463.617 -85.5555 869.526
 endloop
endfacet
facet normal -0.0778892 -0.303045 0.949788
 outer loop
  vertex 463.617 -85.5555 869.526
  vertex 470 -82.4714 871.122
  vertex 463.467 -82.4714 870.711
 endloop
endfacet
facet normal -0.271867 -0.304533 0.912879
 outer loop
  vertex 451.252 -85.5555 866.351
  vertex 463.467 -82.4714 870.711
  vertex 450.812 -82.4714 867.462
 endloop
endfacet
facet normal -0.490349 -0.304533 0.816589
 outer loop
  vertex 440.066 -85.5555 860.201
  vertex 450.812 -82.4714 867.462
  vertex 439.363 -82.4714 861.168
 endloop
endfacet
facet normal -0.615832 -0.202663 0.761366
 outer loop
  vertex 436.518 -84.1134 858.328
  vertex 439.363 -82.4714 861.168
  vertex 436.027 -81.2887 858.715
 endloop
endfacet
facet normal -0.567006 -0.363121 0.739356
 outer loop
  vertex 436.518 -84.1134 858.328
  vertex 440.066 -85.5555 860.201
  vertex 439.363 -82.4714 861.168
 endloop
endfacet
facet normal -0.53752 -0.516249 0.666753
 outer loop
  vertex 436.518 -84.1134 858.328
  vertex 437.614 -86.5955 857.324
  vertex 440.066 -85.5555 860.201
 endloop
endfacet
facet normal -0.455022 -0.663361 0.59406
 outer loop
  vertex 440.066 -85.5555 860.201
  vertex 437.614 -86.5955 857.324
  vertex 441.375 -87.9998 858.398
 endloop
endfacet
facet normal -0.301852 -0.720625 0.624167
 outer loop
  vertex 451.252 -85.5555 866.351
  vertex 441.375 -87.9998 858.398
  vertex 452.073 -87.9998 864.279
 endloop
endfacet
facet normal -0.137145 -0.720625 0.679626
 outer loop
  vertex 463.617 -85.5555 869.526
  vertex 452.073 -87.9998 864.279
  vertex 463.896 -87.9998 867.315
 endloop
endfacet
facet normal -0.218051 -0.629236 0.746
 outer loop
  vertex 463.617 -85.5555 869.526
  vertex 451.252 -85.5555 866.351
  vertex 452.073 -87.9998 864.279
 endloop
endfacet
facet normal -0.184732 -0.420901 0.888097
 outer loop
  vertex 463.617 -85.5555 869.526
  vertex 463.467 -82.4714 870.711
  vertex 451.252 -85.5555 866.351
 endloop
endfacet
facet normal -0.0381825 -0.980107 0.194762
 outer loop
  vertex 453.532 -89.6984 860.594
  vertex 464.393 -89.6984 863.383
  vertex 464.267 -89.4741 864.378
 endloop
endfacet
facet normal -0.018239 -0.971645 0.23574
 outer loop
  vertex 464.267 -89.4741 864.378
  vertex 464.393 -89.6984 863.383
  vertex 470 -89.4741 864.739
 endloop
endfacet
facet normal -0.0116111 -0.921351 0.388559
 outer loop
  vertex 470 -87.9998 867.699
  vertex 464.267 -89.4741 864.378
  vertex 470 -89.4741 864.739
 endloop
endfacet
facet normal -0.00678789 -0.979925 0.19925
 outer loop
  vertex 464.393 -89.6984 863.383
  vertex 470 -89.6984 863.736
  vertex 470 -89.4741 864.739
 endloop
endfacet
facet normal -0.0412172 -0.140459 0.989228
 outer loop
  vertex 470 -82.4714 871.122
  vertex 470 -81.2887 871.263
  vertex 463.467 -82.4714 870.711
 endloop
endfacet
facet normal -0.0830932 -0.0964962 0.991859
 outer loop
  vertex 463.467 -82.4714 870.711
  vertex 470 -81.2887 871.263
  vertex 463.45 -81.2887 870.851
 endloop
endfacet
facet normal -0.287436 -0.0970032 0.952875
 outer loop
  vertex 450.812 -82.4714 867.462
  vertex 463.45 -81.2887 870.851
  vertex 450.761 -81.2887 867.593
 endloop
endfacet
facet normal -0.515376 -0.0970032 0.851457
 outer loop
  vertex 439.363 -82.4714 861.168
  vertex 450.761 -81.2887 867.593
  vertex 439.28 -81.2887 861.282
 endloop
endfacet
facet normal -0.606236 -0.096395 0.789421
 outer loop
  vertex 436.027 -81.2887 858.715
  vertex 439.363 -82.4714 861.168
  vertex 439.28 -81.2887 861.282
 endloop
endfacet
facet normal -0.414165 -0.752345 0.512293
 outer loop
  vertex 437.614 -86.5955 857.324
  vertex 438.517 -88.045 856.074
  vertex 441.375 -87.9998 858.398
 endloop
endfacet
facet normal -0.304819 -0.867273 0.393602
 outer loop
  vertex 441.375 -87.9998 858.398
  vertex 438.517 -88.045 856.074
  vertex 443.116 -89.4741 856.003
 endloop
endfacet
facet normal -0.163763 -0.921947 0.350992
 outer loop
  vertex 452.073 -87.9998 864.279
  vertex 443.116 -89.4741 856.003
  vertex 453.163 -89.4741 861.527
 endloop
endfacet
facet normal -0.0713296 -0.921947 0.380691
 outer loop
  vertex 463.896 -87.9998 867.315
  vertex 453.163 -89.4741 861.527
  vertex 464.267 -89.4741 864.378
 endloop
endfacet
facet normal -0.135 -0.86736 0.479022
 outer loop
  vertex 463.896 -87.9998 867.315
  vertex 452.073 -87.9998 864.279
  vertex 453.163 -89.4741 861.527
 endloop
endfacet
facet normal -0.27839 -0.900231 0.334789
 outer loop
  vertex 438.517 -88.045 856.074
  vertex 438.906 -88.9724 854.355
  vertex 443.116 -89.4741 856.003
 endloop
endfacet
facet normal -0.221727 -0.939431 0.261355
 outer loop
  vertex 443.116 -89.4741 856.003
  vertex 438.906 -88.9724 854.355
  vertex 438.713 -89.3129 853.057
 endloop
endfacet
facet normal -0.192913 -0.955856 0.221639
 outer loop
  vertex 438.106 -89.461 851.848
  vertex 443.116 -89.4741 856.003
  vertex 438.713 -89.3129 853.057
 endloop
endfacet
facet normal -0.188716 -0.96172 0.198698
 outer loop
  vertex 438.106 -89.461 851.848
  vertex 434.758 -89.4741 848.155
  vertex 443.116 -89.4741 856.003
 endloop
endfacet
facet normal -0.202065 -0.960814 0.189753
 outer loop
  vertex 438.106 -89.461 851.848
  vertex 437.105 -89.4581 850.861
  vertex 434.758 -89.4741 848.155
 endloop
endfacet
facet normal -0.219115 -0.955379 0.198091
 outer loop
  vertex 434.758 -89.4741 848.155
  vertex 437.105 -89.4581 850.861
  vertex 435.901 -89.3052 850.275
 endloop
endfacet
facet normal -0.259625 -0.938502 0.227613
 outer loop
  vertex 434.595 -88.9544 850.095
  vertex 434.758 -89.4741 848.155
  vertex 435.901 -89.3052 850.275
 endloop
endfacet
facet normal -0.316911 -0.908759 0.271523
 outer loop
  vertex 434.595 -88.9544 850.095
  vertex 433.404 -88.3814 850.295
  vertex 434.758 -89.4741 848.155
 endloop
endfacet
facet normal -0.748159 -0.202531 0.631853
 outer loop
  vertex 430.672 -84.1133 852.482
  vertex 430.285 -81.2887 852.973
  vertex 429.839 -82.4714 852.224
 endloop
endfacet
facet normal -0.958555 -0.0970032 0.267886
 outer loop
  vertex 422.711 -81.2887 841.253
  vertex 418.663 -81.2887 828.793
  vertex 418.801 -82.4714 828.767
 endloop
endfacet
facet normal -0.984493 -0.141185 0.104113
 outer loop
  vertex 418.801 -82.4714 828.767
  vertex 418.663 -81.2887 828.793
  vertex 417.981 -82.4714 815.727
 endloop
endfacet
facet normal -0.897944 -0.420901 -0.128603
 outer loop
  vertex 419.173 -85.5555 815.802
  vertex 417.981 -82.4714 815.727
  vertex 421.565 -85.5555 803.263
 endloop
endfacet
facet normal -0.641889 -0.720625 -0.262065
 outer loop
  vertex 423.684 -87.9998 803.951
  vertex 421.565 -85.5555 803.263
  vertex 428.882 -87.9998 792.906
 endloop
endfacet
facet normal -0.404235 -0.867622 -0.289528
 outer loop
  vertex 431.382 -89.4741 794.492
  vertex 428.882 -87.9998 792.906
  vertex 432.926 -88.045 787.517
 endloop
endfacet
facet normal -0.338123 -0.900435 -0.273659
 outer loop
  vertex 434.645 -88.9724 787.906
  vertex 431.382 -89.4741 794.492
  vertex 432.926 -88.045 787.517
 endloop
endfacet
facet normal -0.264635 -0.939612 -0.217018
 outer loop
  vertex 434.645 -88.9724 787.906
  vertex 435.943 -89.3129 787.713
  vertex 431.382 -89.4741 794.492
 endloop
endfacet
facet normal -0.224903 -0.956032 -0.188206
 outer loop
  vertex 431.382 -89.4741 794.492
  vertex 435.943 -89.3129 787.713
  vertex 437.152 -89.461 787.106
 endloop
endfacet
facet normal -0.194039 -0.96075 -0.198261
 outer loop
  vertex 438.69 -89.4741 785.658
  vertex 437.152 -89.461 787.106
  vertex 438.139 -89.4581 786.105
 endloop
endfacet
facet normal -0.206231 -0.961769 -0.180193
 outer loop
  vertex 438.69 -89.4741 785.658
  vertex 431.382 -89.4741 794.492
  vertex 437.152 -89.461 787.106
 endloop
endfacet
facet normal -0.17803 -0.971916 -0.153896
 outer loop
  vertex 438.69 -89.4741 785.658
  vertex 438.367 -89.6984 787.367
  vertex 431.382 -89.4741 794.492
 endloop
endfacet
facet normal -0.995061 -0.0970032 0.0210871
 outer loop
  vertex 418.663 -81.2887 828.793
  vertex 417.84 -81.2887 815.718
  vertex 417.981 -82.4714 815.727
 endloop
endfacet
facet normal -0.979455 -0.141185 -0.143992
 outer loop
  vertex 417.981 -82.4714 815.727
  vertex 417.84 -81.2887 815.718
  vertex 420.429 -82.4714 802.893
 endloop
endfacet
facet normal -0.837751 -0.420901 -0.347873
 outer loop
  vertex 421.565 -85.5555 803.263
  vertex 420.429 -82.4714 802.893
  vertex 427 -85.5555 791.712
 endloop
endfacet
facet normal -0.611875 -0.663914 -0.429915
 outer loop
  vertex 428.882 -87.9998 792.906
  vertex 427 -85.5555 791.712
  vertex 431.676 -86.5955 786.614
 endloop
endfacet
facet normal -0.519749 -0.752807 -0.40391
 outer loop
  vertex 432.926 -88.045 787.517
  vertex 428.882 -87.9998 792.906
  vertex 431.676 -86.5955 786.614
 endloop
endfacet
facet normal -0.969043 -0.0970032 -0.227037
 outer loop
  vertex 417.84 -81.2887 815.718
  vertex 420.295 -81.2887 802.85
  vertex 420.429 -82.4714 802.893
 endloop
endfacet
facet normal -0.912875 -0.141185 -0.383049
 outer loop
  vertex 420.429 -82.4714 802.893
  vertex 420.295 -81.2887 802.85
  vertex 425.992 -82.4714 791.071
 endloop
endfacet
facet normal -0.7622 -0.363601 -0.53558
 outer loop
  vertex 427 -85.5555 791.712
  vertex 425.992 -82.4714 791.071
  vertex 430.672 -84.1134 785.518
 endloop
endfacet
facet normal -0.677593 -0.516814 -0.523231
 outer loop
  vertex 431.676 -86.5955 786.614
  vertex 427 -85.5555 791.712
  vertex 430.672 -84.1134 785.518
 endloop
endfacet
facet normal -0.882137 -0.0970032 -0.460895
 outer loop
  vertex 420.295 -81.2887 802.85
  vertex 425.873 -81.2887 790.996
  vertex 425.992 -82.4714 791.071
 endloop
endfacet
facet normal -0.814057 -0.0965433 -0.572705
 outer loop
  vertex 425.992 -82.4714 791.071
  vertex 425.873 -81.2887 790.996
  vertex 430.285 -81.2887 785.027
 endloop
endfacet
facet normal -0.774189 -0.202963 -0.599531
 outer loop
  vertex 430.672 -84.1134 785.518
  vertex 425.992 -82.4714 791.071
  vertex 430.285 -81.2887 785.027
 endloop
endfacet
facet normal -0.327546 -0.0970032 -0.939843
 outer loop
  vertex 457.003 -81.2887 768.379
  vertex 457.038 -82.4714 768.515
  vertex 444.822 -81.2887 773.201
 endloop
endfacet
facet normal -0.403929 -0.664799 -0.628398
 outer loop
  vertex 437.614 -86.5955 780.676
  vertex 445.465 -85.5555 774.372
  vertex 446.539 -87.9998 776.325
 endloop
endfacet
facet normal -0.288521 -0.720625 -0.630441
 outer loop
  vertex 446.539 -87.9998 776.325
  vertex 445.465 -85.5555 774.372
  vertex 457.889 -87.9998 771.831
 endloop
endfacet
facet normal -0.172345 -0.86736 -0.466888
 outer loop
  vertex 458.625 -89.4741 774.698
  vertex 446.539 -87.9998 776.325
  vertex 457.889 -87.9998 771.831
 endloop
endfacet
facet normal -0.166058 -0.921947 -0.349912
 outer loop
  vertex 458.625 -89.4741 774.698
  vertex 447.965 -89.4741 778.919
  vertex 446.539 -87.9998 776.325
 endloop
endfacet
facet normal -0.261734 -0.878911 -0.398762
 outer loop
  vertex 446.539 -87.9998 776.325
  vertex 447.965 -89.4741 778.919
  vertex 438.705 -88.3814 782.404
 endloop
endfacet
facet normal -0.262081 -0.629236 -0.731694
 outer loop
  vertex 457.335 -85.5555 769.672
  vertex 457.889 -87.9998 771.831
  vertex 445.465 -85.5555 774.372
 endloop
endfacet
facet normal -0.44524 -0.86736 -0.222368
 outer loop
  vertex 428.882 -87.9998 792.906
  vertex 431.382 -89.4741 794.492
  vertex 423.684 -87.9998 803.951
 endloop
endfacet
facet normal -0.691928 -0.629236 -0.353975
 outer loop
  vertex 427 -85.5555 791.712
  vertex 428.882 -87.9998 792.906
  vertex 421.565 -85.5555 803.263
 endloop
endfacet
facet normal -0.845767 -0.304533 -0.438108
 outer loop
  vertex 425.992 -82.4714 791.071
  vertex 427 -85.5555 791.712
  vertex 420.429 -82.4714 802.893
 endloop
endfacet
facet normal -0.75822 -0.629236 -0.170779
 outer loop
  vertex 421.565 -85.5555 803.263
  vertex 423.684 -87.9998 803.951
  vertex 419.173 -85.5555 815.802
 endloop
endfacet
facet normal -0.928148 -0.304533 -0.21401
 outer loop
  vertex 420.429 -82.4714 802.893
  vertex 421.565 -85.5555 803.263
  vertex 417.981 -82.4714 815.727
 endloop
endfacet
facet normal -0.688743 -0.720625 0.0795832
 outer loop
  vertex 422.163 -87.9998 828.125
  vertex 419.975 -85.5555 828.543
  vertex 421.397 -87.9998 815.942
 endloop
endfacet
facet normal -0.77687 -0.629236 0.0231481
 outer loop
  vertex 421.397 -87.9998 815.942
  vertex 419.975 -85.5555 828.543
  vertex 419.173 -85.5555 815.802
 endloop
endfacet
facet normal -0.952211 -0.304533 0.0235346
 outer loop
  vertex 417.981 -82.4714 815.727
  vertex 419.173 -85.5555 815.802
  vertex 418.801 -82.4714 828.767
 endloop
endfacet
facet normal -0.235148 -0.971893 0.0113859
 outer loop
  vertex 425.264 -89.6984 819
  vertex 425.072 -89.4741 827.571
  vertex 424.352 -89.4741 816.128
 endloop
endfacet
facet normal -0.384101 -0.921947 0.0498015
 outer loop
  vertex 424.352 -89.4741 816.128
  vertex 425.072 -89.4741 827.571
  vertex 422.163 -87.9998 828.125
 endloop
endfacet
facet normal -0.84883 -0.420901 0.319892
 outer loop
  vertex 423.919 -85.5555 840.684
  vertex 422.838 -82.4714 841.193
  vertex 419.975 -85.5555 828.543
 endloop
endfacet
facet normal -0.916443 -0.304533 0.2596
 outer loop
  vertex 419.975 -85.5555 828.543
  vertex 422.838 -82.4714 841.193
  vertex 418.801 -82.4714 828.767
 endloop
endfacet
facet normal -0.56521 -0.720625 0.401544
 outer loop
  vertex 432.477 -87.9998 850.042
  vertex 430.76 -85.5555 851.462
  vertex 425.936 -87.9998 839.735
 endloop
endfacet
facet normal -0.249886 -0.86736 0.430399
 outer loop
  vertex 441.375 -87.9998 858.398
  vertex 443.116 -89.4741 856.003
  vertex 452.073 -87.9998 864.279
 endloop
endfacet
facet normal -0.399789 -0.420901 0.814255
 outer loop
  vertex 450.812 -82.4714 867.462
  vertex 440.066 -85.5555 860.201
  vertex 451.252 -85.5555 866.351
 endloop
endfacet
facet normal -0.396723 -0.629236 0.668336
 outer loop
  vertex 451.252 -85.5555 866.351
  vertex 440.066 -85.5555 860.201
  vertex 441.375 -87.9998 858.398
 endloop
endfacet
facet normal -0.162435 -0.971879 0.17049
 outer loop
  vertex 443.116 -89.4741 856.003
  vertex 434.758 -89.4741 848.155
  vertex 438.367 -89.6984 850.633
 endloop
endfacet
facet normal -0.439613 -0.141185 0.887022
 outer loop
  vertex 450.812 -82.4714 867.462
  vertex 450.761 -81.2887 867.593
  vertex 439.363 -82.4714 861.168
 endloop
endfacet
facet normal -0.205208 -0.141185 0.968481
 outer loop
  vertex 463.467 -82.4714 870.711
  vertex 463.45 -81.2887 870.851
  vertex 450.812 -82.4714 867.462
 endloop
endfacet
facet normal -0.629201 -0.0523731 0.775476
 outer loop
  vertex 436.027 -81.2887 858.715
  vertex 439.28 -81.2887 861.282
  vertex 435.899 -79.0438 858.76
 endloop
endfacet
facet normal -0.60847 -0.0523737 0.791847
 outer loop
  vertex 435.899 -79.0438 858.76
  vertex 439.28 -81.2887 861.282
  vertex 438.994 -72 861.676
 endloop
endfacet
facet normal -0.631803 -0.052378 0.773357
 outer loop
  vertex 435.812 -79.0178 858.687
  vertex 438.994 -72 861.676
  vertex 435.635 -79 858.535
 endloop
endfacet
facet normal -0.630094 -0.0523747 0.77475
 outer loop
  vertex 435.812 -79.0178 858.687
  vertex 435.899 -79.0438 858.76
  vertex 438.994 -72 861.676
 endloop
endfacet
facet normal -0.517475 -0.0527042 0.854074
 outer loop
  vertex 439.28 -81.2887 861.282
  vertex 450.761 -81.2887 867.593
  vertex 438.994 -72 861.676
 endloop
endfacet
facet normal -0.424959 -0.0528201 0.90367
 outer loop
  vertex 438.994 -72 861.676
  vertex 450.761 -81.2887 867.593
  vertex 453.699 -72 869.168
 endloop
endfacet
facet normal -0.268651 -0.0526349 0.961799
 outer loop
  vertex 453.699 -72 869.168
  vertex 450.761 -81.2887 867.593
  vertex 463.45 -81.2887 870.851
 endloop
endfacet
facet normal -0.0417936 -0.0524277 0.99775
 outer loop
  vertex 470 -72 871.75
  vertex 463.45 -81.2887 870.851
  vertex 470 -81.2887 871.263
 endloop
endfacet
facet normal -0.145794 -0.0527737 0.987906
 outer loop
  vertex 470 -72 871.75
  vertex 453.699 -72 869.168
  vertex 463.45 -81.2887 870.851
 endloop
endfacet
facet normal -0.644865 -0.0524163 0.762497
 outer loop
  vertex 435.635 -79 858.535
  vertex 438.994 -72 861.676
  vertex 433.832 -79 856.893
 endloop
endfacet
facet normal -0.700575 -0.0527711 0.711625
 outer loop
  vertex 433.832 -79 856.893
  vertex 438.994 -72 861.676
  vertex 427.324 -72 850.006
 endloop
endfacet
facet normal -0.762497 -0.0524163 0.644865
 outer loop
  vertex 432.107 -79 855.168
  vertex 427.324 -72 850.006
  vertex 430.465 -79 853.365
 endloop
endfacet
facet normal -0.742095 -0.0524888 0.668237
 outer loop
  vertex 432.107 -79 855.168
  vertex 433.832 -79 856.893
  vertex 427.324 -72 850.006
 endloop
endfacet
facet normal -0.920658 -0.0527042 -0.386796
 outer loop
  vertex 425.873 -81.2887 790.996
  vertex 420.295 -81.2887 802.85
  vertex 419.832 -72 802.699
 endloop
endfacet
facet normal -0.874963 -0.0528201 -0.4813
 outer loop
  vertex 427.324 -72 787.994
  vertex 425.873 -81.2887 790.996
  vertex 419.832 -72 802.699
 endloop
endfacet
facet normal -0.804413 -0.052426 -0.591753
 outer loop
  vertex 427.324 -72 787.994
  vertex 430.24 -79.0438 784.899
  vertex 425.873 -81.2887 790.996
 endloop
endfacet
facet normal -0.77475 -0.0523747 -0.630094
 outer loop
  vertex 427.324 -72 787.994
  vertex 430.313 -79.0178 784.812
  vertex 430.24 -79.0438 784.899
 endloop
endfacet
facet normal -0.773357 -0.052378 -0.631803
 outer loop
  vertex 427.324 -72 787.994
  vertex 430.465 -79 784.635
  vertex 430.313 -79.0178 784.812
 endloop
endfacet
facet normal -0.762497 -0.0524163 -0.644865
 outer loop
  vertex 427.324 -72 787.994
  vertex 432.107 -79 782.832
  vertex 430.465 -79 784.635
 endloop
endfacet
facet normal -0.711625 -0.0527711 -0.700575
 outer loop
  vertex 427.324 -72 787.994
  vertex 438.994 -72 776.324
  vertex 432.107 -79 782.832
 endloop
endfacet
facet normal -0.668237 -0.0524888 -0.742095
 outer loop
  vertex 432.107 -79 782.832
  vertex 438.994 -72 776.324
  vertex 433.832 -79 781.107
 endloop
endfacet
facet normal -0.644865 -0.0524163 -0.762497
 outer loop
  vertex 433.832 -79 781.107
  vertex 438.994 -72 776.324
  vertex 435.635 -79 779.465
 endloop
endfacet
facet normal -0.631777 -0.0523779 -0.773378
 outer loop
  vertex 435.635 -79 779.465
  vertex 438.994 -72 776.324
  vertex 435.816 -79.0187 779.309
 endloop
endfacet
facet normal -0.630069 -0.0523747 -0.774771
 outer loop
  vertex 435.816 -79.0187 779.309
  vertex 438.994 -72 776.324
  vertex 435.899 -79.0438 779.24
 endloop
endfacet
facet normal -0.574799 -0.0525245 -0.816607
 outer loop
  vertex 435.899 -79.0438 779.24
  vertex 438.994 -72 776.324
  vertex 444.822 -81.2887 773.201
 endloop
endfacet
facet normal -0.59625 -0.052582 -0.801075
 outer loop
  vertex 436.027 -81.2887 779.285
  vertex 435.899 -79.0438 779.24
  vertex 444.822 -81.2887 773.201
 endloop
endfacet
facet normal -0.990761 -0.0528201 -0.124911
 outer loop
  vertex 419.832 -72 802.699
  vertex 417.84 -81.2887 815.718
  vertex 417.25 -72 819
 endloop
endfacet
facet normal -0.972181 -0.0527042 -0.228225
 outer loop
  vertex 419.832 -72 802.699
  vertex 420.295 -81.2887 802.85
  vertex 417.84 -81.2887 815.718
 endloop
endfacet
facet normal -0.462727 -0.0527737 -0.884929
 outer loop
  vertex 438.994 -72 776.324
  vertex 453.699 -72 768.832
  vertex 444.822 -81.2887 773.201
 endloop
endfacet
facet normal -0.347988 -0.0526349 -0.93602
 outer loop
  vertex 444.822 -81.2887 773.201
  vertex 453.699 -72 768.832
  vertex 457.003 -81.2887 768.379
 endloop
endfacet
facet normal -0.187365 -0.0528201 -0.980869
 outer loop
  vertex 457.003 -81.2887 768.379
  vertex 453.699 -72 768.832
  vertex 470 -72 766.25
 endloop
endfacet
facet normal -0.0833655 -0.0527042 -0.995124
 outer loop
  vertex 470 -81.2887 766.737
  vertex 457.003 -81.2887 768.379
  vertex 470 -72 766.25
 endloop
endfacet
facet normal -0.788462 -0.0524544 -0.612843
 outer loop
  vertex 430.24 -79.0438 784.899
  vertex 430.285 -81.2887 785.027
  vertex 425.873 -81.2887 790.996
 endloop
endfacet
facet normal -0.997742 -0.0526349 0.0417102
 outer loop
  vertex 417.84 -81.2887 815.718
  vertex 418.663 -81.2887 828.793
  vertex 417.25 -72 819
 endloop
endfacet
facet normal -0.984608 -0.0527737 0.166621
 outer loop
  vertex 417.25 -72 819
  vertex 418.663 -81.2887 828.793
  vertex 419.832 -72 835.301
 endloop
endfacet
facet normal -0.949739 -0.0526118 0.308589
 outer loop
  vertex 419.832 -72 835.301
  vertex 418.663 -81.2887 828.793
  vertex 422.711 -81.2887 841.253
 endloop
endfacet
facet normal -0.828414 -0.0526694 0.557634
 outer loop
  vertex 427.324 -72 850.006
  vertex 422.711 -81.2887 841.253
  vertex 430.24 -79.0438 853.101
 endloop
endfacet
facet normal -0.774771 -0.0523747 0.630069
 outer loop
  vertex 430.309 -79.0187 853.184
  vertex 427.324 -72 850.006
  vertex 430.24 -79.0438 853.101
 endloop
endfacet
facet normal -0.773378 -0.0523779 0.631777
 outer loop
  vertex 430.309 -79.0187 853.184
  vertex 430.465 -79 853.365
  vertex 427.324 -72 850.006
 endloop
endfacet
facet normal -0.816489 -0.0527323 0.574948
 outer loop
  vertex 422.711 -81.2887 841.253
  vertex 429.73 -81.2887 852.314
  vertex 430.24 -79.0438 853.101
 endloop
endfacet
facet normal -0.762135 -0.0523377 0.6453
 outer loop
  vertex 430.24 -79.0438 853.101
  vertex 429.73 -81.2887 852.314
  vertex 430.285 -81.2887 852.973
 endloop
endfacet
facet normal -0.894502 -0.0527737 0.443938
 outer loop
  vertex 422.711 -81.2887 841.253
  vertex 427.324 -72 850.006
  vertex 419.832 -72 835.301
 endloop
endfacet
facet normal -0.998036 -0.0174217 0.0601676
 outer loop
  vertex 416 1.3144E-14 819
  vertex 417.25 -72 819
  vertex 416.881 -3.00401E-15 828.713
 endloop
endfacet
facet normal -0.986255 -0.0175032 0.164298
 outer loop
  vertex 416.881 -3.00401E-15 828.713
  vertex 417.25 -72 819
  vertex 419.832 -72 835.301
 endloop
endfacet
facet normal -0.932921 -0.0173721 0.359662
 outer loop
  vertex 420.056 -10.7864 839.035
  vertex 419.832 -72 835.301
  vertex 420.703 -16.6971 840.322
 endloop
endfacet
facet normal -0.957465 -0.017419 0.288022
 outer loop
  vertex 420.056 -10.7864 839.035
  vertex 416.881 -3.00401E-15 828.713
  vertex 419.832 -72 835.301
 endloop
endfacet
facet normal -0.952765 -0.0174294 0.303209
 outer loop
  vertex 420.056 -10.7864 839.035
  vertex 419.494 2.72954E-15 838.11
  vertex 416.881 -3.00401E-15 828.713
 endloop
endfacet
facet normal -0.93276 -0.0173592 0.360081
 outer loop
  vertex 420.056 -10.7864 839.035
  vertex 419.5 1.04958E-11 838.125
  vertex 419.494 2.72954E-15 838.11
 endloop
endfacet
facet normal -0.829328 -0.0173658 0.558492
 outer loop
  vertex 425.71 -35.3542 848.807
  vertex 424.657 -32.9512 847.258
  vertex 427.324 -72 850.006
 endloop
endfacet
facet normal -0.800239 -0.0173618 0.59943
 outer loop
  vertex 426.897 -37.6281 850.433
  vertex 427.324 -72 850.006
  vertex 428.224 -39.7597 852.117
 endloop
endfacet
facet normal -0.815536 -0.0173611 0.578447
 outer loop
  vertex 426.897 -37.6281 850.433
  vertex 425.71 -35.3542 848.807
  vertex 427.324 -72 850.006
 endloop
endfacet
facet normal -0.621568 -0.0173702 0.783167
 outer loop
  vertex 437.133 -48.1602 860.787
  vertex 435.017 -46.7702 859.065
  vertex 438.994 -72 861.676
 endloop
endfacet
facet normal -0.521017 -0.0174044 0.853369
 outer loop
  vertex 441.613 -50.394 863.905
  vertex 438.994 -72 861.676
  vertex 446.796 -52.1521 866.756
 endloop
endfacet
facet normal -0.580551 -0.0173741 0.814038
 outer loop
  vertex 441.613 -50.394 863.905
  vertex 437.133 -48.1602 860.787
  vertex 438.994 -72 861.676
 endloop
endfacet
facet normal -0.448241 -0.0175028 0.893741
 outer loop
  vertex 438.994 -72 861.676
  vertex 453.699 -72 869.168
  vertex 446.796 -52.1521 866.756
 endloop
endfacet
facet normal -0.361574 -0.0173892 0.932181
 outer loop
  vertex 446.796 -52.1521 866.756
  vertex 453.699 -72 869.168
  vertex 452.118 -53.348 868.971
 endloop
endfacet
facet normal -0.290713 -0.0173797 0.956653
 outer loop
  vertex 452.118 -53.348 868.971
  vertex 453.699 -72 869.168
  vertex 458.048 -54.1833 870.696
 endloop
endfacet
facet normal -0.216634 -0.017417 0.976098
 outer loop
  vertex 458.048 -54.1833 870.696
  vertex 453.699 -72 869.168
  vertex 463.977 -54.6365 871.708
 endloop
endfacet
facet normal -0.142023 -0.0175058 0.989709
 outer loop
  vertex 463.977 -54.6365 871.708
  vertex 453.699 -72 869.168
  vertex 470 -72 871.75
 endloop
endfacet
facet normal 0.0384996 -0.0173838 0.999107
 outer loop
  vertex 470.042 -54.7828 872.049
  vertex 470 -72 871.75
  vertex 476.077 -54.6338 871.702
 endloop
endfacet
facet normal -0.0376288 -0.0173837 0.999141
 outer loop
  vertex 470.042 -54.7828 872.049
  vertex 463.977 -54.6365 871.708
  vertex 470 -72 871.75
 endloop
endfacet
facet normal 0.142366 -0.0175056 0.989659
 outer loop
  vertex 470 -72 871.75
  vertex 486.301 -72 869.168
  vertex 476.077 -54.6338 871.702
 endloop
endfacet
facet normal 0.217423 -0.0174165 0.975922
 outer loop
  vertex 476.077 -54.6338 871.702
  vertex 486.301 -72 869.168
  vertex 482.024 -54.1757 870.679
 endloop
endfacet
facet normal 0.291621 -0.0173796 0.956376
 outer loop
  vertex 482.024 -54.1757 870.679
  vertex 486.301 -72 869.168
  vertex 487.955 -53.3348 868.945
 endloop
endfacet
facet normal 0.362502 -0.0173897 0.931821
 outer loop
  vertex 487.955 -53.3348 868.945
  vertex 486.301 -72 869.168
  vertex 493.277 -52.132 866.72
 endloop
endfacet
facet normal 0.448699 -0.0175027 0.893511
 outer loop
  vertex 493.277 -52.132 866.72
  vertex 486.301 -72 869.168
  vertex 501.006 -72 861.676
 endloop
endfacet
facet normal 0.58168 -0.0173741 0.813232
 outer loop
  vertex 498.473 -50.3581 863.851
  vertex 501.006 -72 861.676
  vertex 502.962 -48.1036 860.714
 endloop
endfacet
facet normal 0.521997 -0.0174038 0.85277
 outer loop
  vertex 498.473 -50.3581 863.851
  vertex 493.277 -52.132 866.72
  vertex 501.006 -72 861.676
 endloop
endfacet
facet normal 0.766119 -0.0173823 0.642464
 outer loop
  vertex 510.391 -41.6342 853.742
  vertex 508.784 -43.4677 855.481
  vertex 512.676 -72 850.006
 endloop
endfacet
facet normal 0.801098 -0.0173615 0.598281
 outer loop
  vertex 511.853 -39.6449 852.022
  vertex 512.676 -72 850.006
  vertex 513.167 -37.5144 850.348
 endloop
endfacet
facet normal 0.784393 -0.0173682 0.620021
 outer loop
  vertex 511.853 -39.6449 852.022
  vertex 510.391 -41.6342 853.742
  vertex 512.676 -72 850.006
 endloop
endfacet
facet normal 0.92505 -0.0173851 0.379448
 outer loop
  vertex 519.307 -16.6192 840.301
  vertex 518.373 -22.3317 842.116
  vertex 520.168 -72 835.301
 endloop
endfacet
facet normal 0.95748 -0.0174189 0.287973
 outer loop
  vertex 519.948 -10.7429 839.027
  vertex 520.168 -72 835.301
  vertex 523.119 -3.19145E-15 828.713
 endloop
endfacet
facet normal 0.95278 -0.0174294 0.30316
 outer loop
  vertex 520.506 2.55132E-15 838.11
  vertex 519.948 -10.7429 839.027
  vertex 523.119 -3.19145E-15 828.713
 endloop
endfacet
facet normal 0.932778 -0.0173592 0.360033
 outer loop
  vertex 520.506 2.55132E-15 838.11
  vertex 520.5 -2.13381E-13 838.125
  vertex 519.948 -10.7429 839.027
 endloop
endfacet
facet normal 0.986255 -0.0175032 0.164298
 outer loop
  vertex 520.168 -72 835.301
  vertex 522.75 -72 819
  vertex 523.119 -3.19145E-15 828.713
 endloop
endfacet
facet normal 0.998036 -0.0174217 0.0601676
 outer loop
  vertex 523.119 -3.19145E-15 828.713
  vertex 522.75 -72 819
  vertex 524 1.29535E-14 819
 endloop
endfacet
facet normal 0.932991 -0.017372 0.35948
 outer loop
  vertex 519.948 -10.7429 839.027
  vertex 519.307 -16.6192 840.301
  vertex 520.168 -72 835.301
 endloop
endfacet
facet normal 0.913617 -0.0174092 0.406203
 outer loop
  vertex 518.373 -22.3317 842.116
  vertex 517.094 -27.7526 844.424
  vertex 520.168 -72 835.301
 endloop
endfacet
facet normal 0.887212 -0.0175032 0.461029
 outer loop
  vertex 520.168 -72 835.301
  vertex 517.094 -27.7526 844.424
  vertex 512.676 -72 850.006
 endloop
endfacet
facet normal 0.847273 -0.0173843 0.530874
 outer loop
  vertex 512.676 -72 850.006
  vertex 517.094 -27.7526 844.424
  vertex 515.386 -32.8431 847.193
 endloop
endfacet
facet normal 0.829924 -0.0173661 0.557607
 outer loop
  vertex 514.343 -35.2428 848.732
  vertex 512.676 -72 850.006
  vertex 515.386 -32.8431 847.193
 endloop
endfacet
facet normal 0.816255 -0.0173612 0.577431
 outer loop
  vertex 514.343 -35.2428 848.732
  vertex 513.167 -37.5144 850.348
  vertex 512.676 -72 850.006
 endloop
endfacet
facet normal 0.746226 -0.017405 0.665465
 outer loop
  vertex 508.784 -43.4677 855.481
  vertex 507.017 -45.1551 857.232
  vertex 512.676 -72 850.006
 endloop
endfacet
facet normal 0.703154 -0.0175026 0.710822
 outer loop
  vertex 512.676 -72 850.006
  vertex 507.017 -45.1551 857.232
  vertex 501.006 -72 861.676
 endloop
endfacet
facet normal 0.648645 -0.0173881 0.760892
 outer loop
  vertex 501.006 -72 861.676
  vertex 507.017 -45.1551 857.232
  vertex 505.079 -46.7004 858.982
 endloop
endfacet
facet normal 0.622777 -0.0173708 0.782206
 outer loop
  vertex 502.962 -48.1036 860.714
  vertex 501.006 -72 861.676
  vertex 505.079 -46.7004 858.982
 endloop
endfacet
facet normal -0.6474 -0.017387 0.761952
 outer loop
  vertex 435.017 -46.7702 859.065
  vertex 433.08 -45.2396 857.323
  vertex 438.994 -72 861.676
 endloop
endfacet
facet normal -0.702554 -0.0175028 0.711415
 outer loop
  vertex 438.994 -72 861.676
  vertex 433.08 -45.2396 857.323
  vertex 427.324 -72 850.006
 endloop
endfacet
facet normal -0.745086 -0.0174065 0.666742
 outer loop
  vertex 427.324 -72 850.006
  vertex 433.08 -45.2396 857.323
  vertex 431.313 -43.5683 855.581
 endloop
endfacet
facet normal -0.764998 -0.0173834 0.643798
 outer loop
  vertex 429.701 -41.7487 853.846
  vertex 427.324 -72 850.006
  vertex 431.313 -43.5683 855.581
 endloop
endfacet
facet normal -0.783377 -0.0173689 0.621304
 outer loop
  vertex 429.701 -41.7487 853.846
  vertex 428.224 -39.7597 852.117
  vertex 427.324 -72 850.006
 endloop
endfacet
facet normal -0.846835 -0.0173839 0.531572
 outer loop
  vertex 424.657 -32.9512 847.258
  vertex 422.933 -27.848 844.47
  vertex 427.324 -72 850.006
 endloop
endfacet
facet normal -0.887057 -0.0175033 0.461327
 outer loop
  vertex 427.324 -72 850.006
  vertex 422.933 -27.848 844.47
  vertex 419.832 -72 835.301
 endloop
endfacet
facet normal -0.913412 -0.0174097 0.406663
 outer loop
  vertex 419.832 -72 835.301
  vertex 422.933 -27.848 844.47
  vertex 421.64 -22.3967 842.14
 endloop
endfacet
facet normal -0.92493 -0.0173853 0.379739
 outer loop
  vertex 420.703 -16.6971 840.322
  vertex 419.832 -72 835.301
  vertex 421.64 -22.3967 842.14
 endloop
endfacet
facet normal 0.0652569 0.0401395 -0.997061
 outer loop
  vertex 470 1.93551E-14 765
  vertex 470 74.5 767.98
  vertex 480.535 1.15228E-14 766.038
 endloop
endfacet
facet normal 0.180731 0.0403785 -0.982703
 outer loop
  vertex 480.535 1.15228E-14 766.038
  vertex 470 74.5 767.98
  vertex 487.45 74.5 771.057
 endloop
endfacet
facet normal 0.428745 0.0401863 -0.902531
 outer loop
  vertex 490.665 1.07872E-14 769.111
  vertex 487.45 74.5 771.057
  vertex 500.001 9.60515E-15 774.101
 endloop
endfacet
facet normal 0.30744 0.0401098 -0.950722
 outer loop
  vertex 490.665 1.07872E-14 769.111
  vertex 480.535 1.15228E-14 766.038
  vertex 487.45 74.5 771.057
 endloop
endfacet
facet normal 0.518538 0.0403956 -0.8541
 outer loop
  vertex 487.45 74.5 771.057
  vertex 502.795 74.5 779.916
  vertex 500.001 9.60515E-15 774.101
 endloop
endfacet
facet normal 0.636696 0.0400971 -0.770071
 outer loop
  vertex 500.001 9.60515E-15 774.101
  vertex 502.795 74.5 779.916
  vertex 508.184 8.02216E-15 780.816
 endloop
endfacet
facet normal 0.746223 0.0404106 -0.664469
 outer loop
  vertex 508.184 8.02216E-15 780.816
  vertex 502.795 74.5 779.916
  vertex 514.185 74.5 793.49
 endloop
endfacet
facet normal 0.876005 0.0401013 -0.480632
 outer loop
  vertex 514.899 6.09902E-15 788.999
  vertex 514.185 74.5 793.49
  vertex 519.889 3.90964E-15 798.335
 endloop
endfacet
facet normal 0.805864 0.0402161 -0.590733
 outer loop
  vertex 514.899 6.09902E-15 788.999
  vertex 508.184 8.02216E-15 780.816
  vertex 514.185 74.5 793.49
 endloop
endfacet
facet normal 0.933804 0.0403849 -0.355499
 outer loop
  vertex 514.185 74.5 793.49
  vertex 520.245 74.5 810.14
  vertex 519.889 3.90964E-15 798.335
 endloop
endfacet
facet normal 0.967029 0.0401608 -0.251481
 outer loop
  vertex 519.889 3.90964E-15 798.335
  vertex 520.245 74.5 810.14
  vertex 522.962 1.53816E-15 808.465
 endloop
endfacet
facet normal 0.991559 0.0401225 -0.123289
 outer loop
  vertex 522.962 1.53816E-15 808.465
  vertex 520.245 74.5 810.14
  vertex 524 1.29535E-14 819
 endloop
endfacet
facet normal 0.999185 0.0403763 7.75484E-17
 outer loop
  vertex 524 1.29535E-14 819
  vertex 520.245 74.5 810.14
  vertex 520.245 74.5 827.86
 endloop
endfacet
facet normal 0.969113 0.0401556 0.243325
 outer loop
  vertex 523.119 -3.19145E-15 828.713
  vertex 520.245 74.5 827.86
  vertex 519.696 10.5934 839.017
 endloop
endfacet
facet normal 0.931984 0.03997 0.36029
 outer loop
  vertex 520.506 2.55132E-15 838.11
  vertex 519.696 10.5934 839.017
  vertex 520.5 -2.13381E-13 838.125
 endloop
endfacet
facet normal 0.951998 0.0401326 0.303463
 outer loop
  vertex 520.506 2.55132E-15 838.11
  vertex 523.119 -3.19145E-15 828.713
  vertex 519.696 10.5934 839.017
 endloop
endfacet
facet normal 0.947656 0.0401896 0.316752
 outer loop
  vertex 519.696 10.5934 839.017
  vertex 520.245 74.5 827.86
  vertex 518.927 16.3711 840.258
 endloop
endfacet
facet normal 0.931732 0.040393 0.360894
 outer loop
  vertex 518.927 16.3711 840.258
  vertex 520.245 74.5 827.86
  vertex 514.185 74.5 844.51
 endloop
endfacet
facet normal 0.881781 0.0399877 0.469961
 outer loop
  vertex 517.881 21.9536 842.007
  vertex 514.185 74.5 844.51
  vertex 516.494 27.3096 844.249
 endloop
endfacet
facet normal 0.895131 0.0400127 0.444005
 outer loop
  vertex 517.881 21.9536 842.007
  vertex 518.927 16.3711 840.258
  vertex 514.185 74.5 844.51
 endloop
endfacet
facet normal 0.688278 0.0400133 0.724343
 outer loop
  vertex 506.259 44.4769 856.581
  vertex 508.015 42.8062 854.901
  vertex 502.795 74.5 858.084
 endloop
endfacet
facet normal 0.639707 0.0399768 0.767578
 outer loop
  vertex 504.341 46.0102 858.259
  vertex 502.795 74.5 858.084
  vertex 502.255 47.4059 859.92
 endloop
endfacet
facet normal 0.66492 0.0399849 0.745844
 outer loop
  vertex 504.341 46.0102 858.259
  vertex 506.259 44.4769 856.581
  vertex 502.795 74.5 858.084
 endloop
endfacet
facet normal 0.598913 0.0400354 0.799812
 outer loop
  vertex 502.255 47.4059 859.92
  vertex 502.795 74.5 858.084
  vertex 497.738 49.7087 862.998
 endloop
endfacet
facet normal 0.510885 0.0403831 0.8587
 outer loop
  vertex 497.738 49.7087 862.998
  vertex 502.795 74.5 858.084
  vertex 487.45 74.5 866.943
 endloop
endfacet
facet normal 0.372997 0.0400187 0.926969
 outer loop
  vertex 492.77 51.4484 865.685
  vertex 487.45 74.5 866.943
  vertex 487.543 52.6779 867.837
 endloop
endfacet
facet normal 0.439215 0.04012 0.897486
 outer loop
  vertex 492.77 51.4484 865.685
  vertex 497.738 49.7087 862.998
  vertex 487.45 74.5 866.943
 endloop
endfacet
facet normal 0.302347 0.0400307 0.952357
 outer loop
  vertex 487.543 52.6779 867.837
  vertex 487.45 74.5 866.943
  vertex 481.733 53.5412 869.514
 endloop
endfacet
facet normal 0.191268 0.0403893 0.980707
 outer loop
  vertex 481.733 53.5412 869.514
  vertex 487.45 74.5 866.943
  vertex 470 74.5 870.02
 endloop
endfacet
facet normal 0.0379804 0.0400258 0.998477
 outer loop
  vertex 475.903 54.0137 870.502
  vertex 470 74.5 870.02
  vertex 470 54.166 870.833
 endloop
endfacet
facet normal 0.113776 0.0401418 0.992695
 outer loop
  vertex 475.903 54.0137 870.502
  vertex 481.733 53.5412 869.514
  vertex 470 74.5 870.02
 endloop
endfacet
facet normal 0.709896 0.0400592 0.703166
 outer loop
  vertex 508.015 42.8062 854.901
  vertex 509.623 40.9917 853.229
  vertex 502.795 74.5 858.084
 endloop
endfacet
facet normal 0.762303 0.0403772 0.64596
 outer loop
  vertex 502.795 74.5 858.084
  vertex 509.623 40.9917 853.229
  vertex 514.185 74.5 844.51
 endloop
endfacet
facet normal 0.804176 0.040099 0.593038
 outer loop
  vertex 514.185 74.5 844.51
  vertex 509.623 40.9917 853.229
  vertex 511.103 39.0129 851.564
 endloop
endfacet
facet normal 0.820194 0.0400443 0.570682
 outer loop
  vertex 512.44 36.8984 849.945
  vertex 514.185 74.5 844.51
  vertex 511.103 39.0129 851.564
 endloop
endfacet
facet normal 0.834619 0.0400069 0.549373
 outer loop
  vertex 512.44 36.8984 849.945
  vertex 513.637 34.6651 848.394
  vertex 514.185 74.5 844.51
 endloop
endfacet
facet normal 0.847537 0.039984 0.529227
 outer loop
  vertex 514.185 74.5 844.51
  vertex 513.637 34.6651 848.394
  vertex 514.708 32.3107 846.916
 endloop
endfacet
facet normal 0.863918 0.0399804 0.502043
 outer loop
  vertex 516.494 27.3096 844.249
  vertex 514.185 74.5 844.51
  vertex 514.708 32.3107 846.916
 endloop
endfacet
facet normal 0.931942 0.03997 0.360397
 outer loop
  vertex 519.696 10.5934 839.017
  vertex 520.499 -4.71043E-06 838.127
  vertex 520.5 -2.13381E-13 838.125
 endloop
endfacet
facet normal 0.992184 0.0401085 0.118161
 outer loop
  vertex 523.119 -3.19145E-15 828.713
  vertex 524 1.29535E-14 819
  vertex 520.245 74.5 827.86
 endloop
endfacet
facet normal 5.3291E-17 -0.0885317 -0.996073
 outer loop
  vertex 414.085 -4.87509 846.476
  vertex 379 -9.15994 847.051
  vertex 413.887 0.0609515 846.25
 endloop
endfacet
facet normal 5.29556E-17 -0.157619 -0.9875
 outer loop
  vertex 414.085 -4.87509 846.476
  vertex 414.61 -10.8789 847.384
  vertex 379 -9.15994 847.051
 endloop
endfacet
facet normal 5.22822E-17 -0.233445 -0.97237
 outer loop
  vertex 379 -9.15994 847.051
  vertex 414.61 -10.8789 847.384
  vertex 415.505 -16.8273 849.006
 endloop
endfacet
facet normal 4.92719E-17 -0.414738 -0.909941
 outer loop
  vertex 379 -26.375 853.317
  vertex 415.505 -16.8273 849.006
  vertex 416.754 -22.2129 851.155
 endloop
endfacet
facet normal 4.76207E-17 -0.480854 -0.876801
 outer loop
  vertex 418.541 -27.4187 853.936
  vertex 379 -26.375 853.317
  vertex 416.754 -22.2129 851.155
 endloop
endfacet
facet normal 4.57616E-17 -0.542736 -0.839903
 outer loop
  vertex 418.541 -27.4187 853.936
  vertex 420.808 -31.9626 857.036
  vertex 379 -26.375 853.317
 endloop
endfacet
facet normal 4.42732E-17 -0.585624 -0.810583
 outer loop
  vertex 379 -26.375 853.317
  vertex 420.808 -31.9626 857.036
  vertex 422.191 -34.0761 858.734
 endloop
endfacet
facet normal 3.93195E-17 -0.700218 -0.713929
 outer loop
  vertex 379 -40.4088 865.093
  vertex 422.191 -34.0761 858.734
  vertex 423.736 -36.0415 860.483
 endloop
endfacet
facet normal 3.81263E-17 -0.723038 -0.690808
 outer loop
  vertex 425.419 -37.8301 862.238
  vertex 379 -40.4088 865.093
  vertex 423.736 -36.0415 860.483
 endloop
endfacet
facet normal 3.69546E-17 -0.744028 -0.668148
 outer loop
  vertex 425.419 -37.8301 862.238
  vertex 427.242 -39.4503 863.982
  vertex 379 -40.4088 865.093
 endloop
endfacet
facet normal 3.58065E-17 -0.763348 -0.645987
 outer loop
  vertex 379 -40.4088 865.093
  vertex 427.242 -39.4503 863.982
  vertex 429.22 -40.9215 865.713
 endloop
endfacet
facet normal 3.46878E-17 -0.781082 -0.624429
 outer loop
  vertex 431.338 -42.2414 867.405
  vertex 379 -40.4088 865.093
  vertex 429.22 -40.9215 865.713
 endloop
endfacet
facet normal 3.3609E-17 -0.797233 -0.603672
 outer loop
  vertex 431.338 -42.2414 867.405
  vertex 433.595 -43.4175 869.042
  vertex 379 -40.4088 865.093
 endloop
endfacet
facet normal 3.25764E-17 -0.811876 -0.58383
 outer loop
  vertex 379 -40.4088 865.093
  vertex 433.595 -43.4175 869.042
  vertex 435.99 -44.4602 870.612
 endloop
endfacet
facet normal 2.59391E-17 -0.88955 -0.456838
 outer loop
  vertex 379 -49.5688 880.958
  vertex 435.99 -44.4602 870.612
  vertex 441.051 -46.1446 873.441
 endloop
endfacet
facet normal 2.41563E-17 -0.906192 -0.422867
 outer loop
  vertex 446.449 -47.386 875.824
  vertex 379 -49.5688 880.958
  vertex 441.051 -46.1446 873.441
 endloop
endfacet
facet normal 2.27058E-17 -0.918567 -0.395266
 outer loop
  vertex 446.449 -47.386 875.824
  vertex 452.152 -48.27 877.726
  vertex 379 -49.5688 880.958
 endloop
endfacet
facet normal 2.16069E-17 -0.927276 -0.374377
 outer loop
  vertex 379 -49.5688 880.958
  vertex 452.152 -48.27 877.726
  vertex 458.015 -48.849 879.092
 endloop
endfacet
facet normal 2.0783E-17 -0.933442 -0.358729
 outer loop
  vertex 470.056 -49.2815 880.188
  vertex 379 -49.5688 880.958
  vertex 458.015 -48.849 879.092
 endloop
endfacet
facet normal 2.01599E-17 -0.937902 -0.3469
 outer loop
  vertex 470.056 -49.2815 880.188
  vertex 538 -49.5688 880.958
  vertex 379 -49.5688 880.958
 endloop
endfacet
facet normal 2.07891E-17 -0.933398 -0.358843
 outer loop
  vertex 470.056 -49.2815 880.188
  vertex 482.082 -48.8417 879.074
  vertex 538 -49.5688 880.958
 endloop
endfacet
facet normal 2.1625E-17 -0.927138 -0.374721
 outer loop
  vertex 538 -49.5688 880.958
  vertex 482.082 -48.8417 879.074
  vertex 487.975 -48.2541 877.69
 endloop
endfacet
facet normal 2.27311E-17 -0.91836 -0.395746
 outer loop
  vertex 493.652 -47.3669 875.785
  vertex 538 -49.5688 880.958
  vertex 487.975 -48.2541 877.69
 endloop
endfacet
facet normal 2.41903E-17 -0.90589 -0.423514
 outer loop
  vertex 493.652 -47.3669 875.785
  vertex 499.071 -46.1109 873.381
  vertex 538 -49.5688 880.958
 endloop
endfacet
facet normal 2.59913E-17 -0.889039 -0.457832
 outer loop
  vertex 538 -49.5688 880.958
  vertex 499.071 -46.1109 873.381
  vertex 504.155 -44.4025 870.522
 endloop
endfacet
facet normal 3.26364E-17 -0.811046 -0.584982
 outer loop
  vertex 538 -40.4088 865.093
  vertex 504.155 -44.4025 870.522
  vertex 506.545 -43.3508 868.945
 endloop
endfacet
facet normal 3.36732E-17 -0.796297 -0.604906
 outer loop
  vertex 508.796 -42.1648 867.303
  vertex 538 -40.4088 865.093
  vertex 506.545 -43.3508 868.945
 endloop
endfacet
facet normal 3.47559E-17 -0.780032 -0.62574
 outer loop
  vertex 508.796 -42.1648 867.303
  vertex 510.908 -40.8342 865.606
  vertex 538 -40.4088 865.093
 endloop
endfacet
facet normal 3.58774E-17 -0.76219 -0.647354
 outer loop
  vertex 538 -40.4088 865.093
  vertex 510.908 -40.8342 865.606
  vertex 512.876 -39.3537 863.874
 endloop
endfacet
facet normal 3.70234E-17 -0.742832 -0.669478
 outer loop
  vertex 514.679 -37.7341 862.139
  vertex 538 -40.4088 865.093
  vertex 512.876 -39.3537 863.874
 endloop
endfacet
facet normal 3.8189E-17 -0.721877 -0.692021
 outer loop
  vertex 514.679 -37.7341 862.139
  vertex 516.345 -35.9479 860.395
  vertex 538 -40.4088 865.093
 endloop
endfacet
facet normal 3.93754E-17 -0.69911 -0.715014
 outer loop
  vertex 538 -40.4088 865.093
  vertex 516.345 -35.9479 860.395
  vertex 517.873 -33.9867 858.658
 endloop
endfacet
facet normal 4.05661E-17 -0.674641 -0.738146
 outer loop
  vertex 519.243 -31.8779 856.972
  vertex 538 -40.4088 865.093
  vertex 517.873 -33.9867 858.658
 endloop
endfacet
facet normal 4.25382E-17 -0.630004 -0.776592
 outer loop
  vertex 519.243 -31.8779 856.972
  vertex 538 -26.375 853.317
  vertex 538 -40.4088 865.093
 endloop
endfacet
facet normal 4.57962E-17 -0.541677 -0.840587
 outer loop
  vertex 519.243 -31.8779 856.972
  vertex 521.492 -27.339 853.887
  vertex 538 -26.375 853.317
 endloop
endfacet
facet normal 4.76468E-17 -0.479902 -0.877322
 outer loop
  vertex 538 -26.375 853.317
  vertex 521.492 -27.339 853.887
  vertex 523.266 -22.1414 851.122
 endloop
endfacet
facet normal 4.92916E-17 -0.413862 -0.91034
 outer loop
  vertex 524.508 -16.7577 848.983
  vertex 538 -26.375 853.317
  vertex 523.266 -22.1414 851.122
 endloop
endfacet
facet normal 5.08728E-17 -0.333849 -0.942626
 outer loop
  vertex 524.508 -16.7577 848.983
  vertex 538 -9.15994 847.051
  vertex 538 -26.375 853.317
 endloop
endfacet
facet normal 5.22912E-17 -0.232632 -0.972565
 outer loop
  vertex 524.508 -16.7577 848.983
  vertex 525.397 -10.8211 847.372
  vertex 538 -9.15994 847.051
 endloop
endfacet
facet normal 5.29586E-17 -0.157176 -0.987571
 outer loop
  vertex 538 -9.15994 847.051
  vertex 525.397 -10.8211 847.372
  vertex 525.916 -4.86324 846.475
 endloop
endfacet
facet normal 5.32912E-17 -0.0884567 -0.99608
 outer loop
  vertex 526.113 0.0609515 846.25
  vertex 538 -9.15994 847.051
  vertex 525.916 -4.86324 846.475
 endloop
endfacet
facet normal 5.33436E-17 0.000389101 -1
 outer loop
  vertex 526.113 0.0609515 846.25
  vertex 538 9.15994 847.051
  vertex 538 -9.15994 847.051
 endloop
endfacet
facet normal 5.29721E-17 0.0895317 -0.995984
 outer loop
  vertex 526.113 0.0609515 846.25
  vertex 525.784 4.91198 846.479
  vertex 538 9.15994 847.051
 endloop
endfacet
facet normal 5.24012E-17 0.157444 -0.987528
 outer loop
  vertex 538 9.15994 847.051
  vertex 525.784 4.91198 846.479
  vertex 525.107 10.8153 847.371
 endloop
endfacet
facet normal 5.14821E-17 0.231819 -0.972759
 outer loop
  vertex 524.076 16.6377 848.943
  vertex 538 9.15994 847.051
  vertex 525.107 10.8153 847.371
 endloop
endfacet
facet normal 4.97104E-17 0.333088 -0.942896
 outer loop
  vertex 524.076 16.6377 848.943
  vertex 538 26.375 853.317
  vertex 538 9.15994 847.051
 endloop
endfacet
facet normal 4.78878E-17 0.411682 -0.911327
 outer loop
  vertex 524.076 16.6377 848.943
  vertex 522.716 21.9128 851.017
  vertex 538 26.375 853.317
 endloop
endfacet
facet normal 4.6061E-17 0.476409 -0.879224
 outer loop
  vertex 538 26.375 853.317
  vertex 522.716 21.9128 851.017
  vertex 520.843 27.0151 853.693
 endloop
endfacet
facet normal 4.40523E-17 0.537017 -0.843572
 outer loop
  vertex 518.524 31.4796 856.673
  vertex 538 26.375 853.317
  vertex 520.843 27.0151 853.693
 endloop
endfacet
facet normal 4.04262E-17 0.627532 -0.778591
 outer loop
  vertex 518.524 31.4796 856.673
  vertex 538 40.4088 865.093
  vertex 538 26.375 853.317
 endloop
endfacet
facet normal 3.78235E-17 0.681742 -0.731592
 outer loop
  vertex 518.524 31.4796 856.673
  vertex 515.577 35.5052 859.988
  vertex 538 40.4088 865.093
 endloop
endfacet
facet normal 3.59554E-17 0.716371 -0.697719
 outer loop
  vertex 538 40.4088 865.093
  vertex 515.577 35.5052 859.988
  vertex 513.899 37.276 861.676
 endloop
endfacet
facet normal 3.47496E-17 0.737084 -0.675801
 outer loop
  vertex 512.091 38.8837 863.354
  vertex 538 40.4088 865.093
  vertex 513.899 37.276 861.676
 endloop
endfacet
facet normal 3.35702E-17 0.756214 -0.654324
 outer loop
  vertex 512.091 38.8837 863.354
  vertex 510.129 40.3538 865.027
  vertex 538 40.4088 865.093
 endloop
endfacet
facet normal 3.24217E-17 0.773844 -0.633376
 outer loop
  vertex 538 40.4088 865.093
  vertex 510.129 40.3538 865.027
  vertex 508.032 41.6774 866.665
 endloop
endfacet
facet normal 3.13172E-17 0.789926 -0.613202
 outer loop
  vertex 505.804 42.8598 868.249
  vertex 538 40.4088 865.093
  vertex 508.032 41.6774 866.665
 endloop
endfacet
facet normal 3.0263E-17 0.804522 -0.593923
 outer loop
  vertex 505.804 42.8598 868.249
  vertex 503.445 43.9109 869.77
  vertex 538 40.4088 865.093
 endloop
endfacet
facet normal 2.61483E-17 0.855101 -0.518461
 outer loop
  vertex 538 40.4088 865.093
  vertex 503.445 43.9109 869.77
  vertex 538 49.5688 880.958
 endloop
endfacet
facet normal 2.34326E-17 0.883468 -0.468491
 outer loop
  vertex 538 49.5688 880.958
  vertex 503.445 43.9109 869.77
  vertex 498.474 45.6167 872.511
 endloop
endfacet
facet normal 2.16324E-17 0.900285 -0.435301
 outer loop
  vertex 493.153 46.8896 874.835
  vertex 538 49.5688 880.958
  vertex 498.474 45.6167 872.511
 endloop
endfacet
facet normal 2.01679E-17 0.912865 -0.408262
 outer loop
  vertex 493.153 46.8896 874.835
  vertex 487.545 47.7996 876.689
  vertex 538 49.5688 880.958
 endloop
endfacet
facet normal 1.90618E-17 0.921735 -0.38782
 outer loop
  vertex 538 49.5688 880.958
  vertex 487.545 47.7996 876.689
  vertex 481.791 48.3986 878.021
 endloop
endfacet
facet normal 1.82327E-17 0.928037 -0.372488
 outer loop
  vertex 469.935 48.8494 879.093
  vertex 538 49.5688 880.958
  vertex 481.791 48.3986 878.021
 endloop
endfacet
facet normal 1.72265E-17 0.935296 -0.353866
 outer loop
  vertex 469.935 48.8494 879.093
  vertex 379 49.5688 880.958
  vertex 538 49.5688 880.958
 endloop
endfacet
facet normal 1.82391E-17 0.92799 -0.372605
 outer loop
  vertex 469.935 48.8494 879.093
  vertex 458.11 48.3906 878.002
  vertex 379 49.5688 880.958
 endloop
endfacet
facet normal 1.90815E-17 0.921581 -0.388185
 outer loop
  vertex 379 49.5688 880.958
  vertex 458.11 48.3906 878.002
  vertex 452.317 47.7816 876.651
 endloop
endfacet
facet normal 2.01955E-17 0.912636 -0.408773
 outer loop
  vertex 446.741 46.8686 874.795
  vertex 379 49.5688 880.958
  vertex 452.317 47.7816 876.651
 endloop
endfacet
facet normal 2.16684E-17 0.899963 -0.435966
 outer loop
  vertex 446.741 46.8686 874.795
  vertex 441.402 45.5811 872.45
  vertex 379 49.5688 880.958
 endloop
endfacet
facet normal 2.52051E-17 0.865377 -0.501121
 outer loop
  vertex 379 49.5688 880.958
  vertex 441.402 45.5811 872.45
  vertex 379 40.4088 865.093
 endloop
endfacet
facet normal 2.88865E-17 0.822534 -0.568716
 outer loop
  vertex 379 40.4088 865.093
  vertex 441.402 45.5811 872.45
  vertex 436.412 43.8523 869.682
 endloop
endfacet
facet normal 3.03239E-17 0.803697 -0.595038
 outer loop
  vertex 434.061 42.7933 868.157
  vertex 379 40.4088 865.093
  vertex 436.412 43.8523 869.682
 endloop
endfacet
facet normal 3.13815E-17 0.789012 -0.614378
 outer loop
  vertex 434.061 42.7933 868.157
  vertex 431.84 41.6026 866.569
  vertex 379 40.4088 865.093
 endloop
endfacet
facet normal 3.24891E-17 0.772836 -0.634606
 outer loop
  vertex 379 40.4088 865.093
  vertex 431.84 41.6026 866.569
  vertex 429.75 40.27 864.928
 endloop
endfacet
facet normal 3.36397E-17 0.755117 -0.65559
 outer loop
  vertex 427.798 38.7922 863.255
  vertex 379 40.4088 865.093
  vertex 429.75 40.27 864.928
 endloop
endfacet
facet normal 3.48172E-17 0.735956 -0.677029
 outer loop
  vertex 427.798 38.7922 863.255
  vertex 426.008 37.1849 861.585
  vertex 379 40.4088 865.093
 endloop
endfacet
facet normal 3.60176E-17 0.715271 -0.698848
 outer loop
  vertex 379 40.4088 865.093
  vertex 426.008 37.1849 861.585
  vertex 424.345 35.4159 859.907
 endloop
endfacet
facet normal 3.78766E-17 0.680708 -0.732555
 outer loop
  vertex 421.426 31.3972 856.612
  vertex 379 40.4088 865.093
  vertex 424.345 35.4159 859.907
 endloop
endfacet
facet normal 4.0449E-17 0.627023 -0.779001
 outer loop
  vertex 421.426 31.3972 856.612
  vertex 379 26.375 853.317
  vertex 379 40.4088 865.093
 endloop
endfacet
facet normal 4.40893E-17 0.535979 -0.844231
 outer loop
  vertex 421.426 31.3972 856.612
  vertex 419.123 26.9359 853.646
  vertex 379 26.375 853.317
 endloop
endfacet
facet normal 4.60906E-17 0.475442 -0.879747
 outer loop
  vertex 379 26.375 853.317
  vertex 419.123 26.9359 853.646
  vertex 417.261 21.8384 850.983
 endloop
endfacet
facet normal 4.79127E-17 0.410718 -0.911763
 outer loop
  vertex 415.907 16.5565 848.916
  vertex 379 26.375 853.317
  vertex 417.261 21.8384 850.983
 endloop
endfacet
facet normal 4.9721E-17 0.332573 -0.943078
 outer loop
  vertex 415.907 16.5565 848.916
  vertex 379 9.15994 847.051
  vertex 379 26.375 853.317
 endloop
endfacet
facet normal 5.14966E-17 0.230817 -0.972997
 outer loop
  vertex 415.907 16.5565 848.916
  vertex 414.882 10.7395 847.355
  vertex 379 9.15994 847.051
 endloop
endfacet
facet normal 5.24072E-17 0.156859 -0.987621
 outer loop
  vertex 379 9.15994 847.051
  vertex 414.882 10.7395 847.355
  vertex 414.214 4.8958 846.478
 endloop
endfacet
facet normal 5.29728E-17 0.0894291 -0.995993
 outer loop
  vertex 413.887 0.0609515 846.25
  vertex 379 9.15994 847.051
  vertex 414.214 4.8958 846.478
 endloop
endfacet
facet normal 5.33436E-17 0.000389101 -1
 outer loop
  vertex 413.887 0.0609515 846.25
  vertex 379 -9.15994 847.051
  vertex 379 9.15994 847.051
 endloop
endfacet
facet normal 4.41229E-18 0.9933 -0.115566
 outer loop
  vertex 538 52.75 899
  vertex 538 49.5688 880.958
  vertex 379 52.75 899
 endloop
endfacet
facet normal 1.0613E-17 0.972922 -0.231132
 outer loop
  vertex 379 52.75 899
  vertex 538 49.5688 880.958
  vertex 379 49.5688 880.958
 endloop
endfacet
facet normal 2.89088E-17 -0.858061 -0.513548
 outer loop
  vertex 538 -40.4088 865.093
  vertex 538 -49.5688 880.958
  vertex 504.155 -44.4025 870.522
 endloop
endfacet
facet normal 1.40461E-17 -0.972922 -0.231132
 outer loop
  vertex 538 -49.5688 880.958
  vertex 538 -52.75 899
  vertex 379 -49.5688 880.958
 endloop
endfacet
facet normal 7.91728E-18 -0.9933 -0.115566
 outer loop
  vertex 379 -49.5688 880.958
  vertex 538 -52.75 899
  vertex 379 -52.75 899
 endloop
endfacet
facet normal 2.88781E-17 -0.858412 -0.512961
 outer loop
  vertex 379 -49.5688 880.958
  vertex 379 -40.4088 865.093
  vertex 435.99 -44.4602 870.612
 endloop
endfacet
facet normal 4.19517E-17 -0.643868 -0.765137
 outer loop
  vertex 379 -40.4088 865.093
  vertex 379 -26.375 853.317
  vertex 422.191 -34.0761 858.734
 endloop
endfacet
facet normal 5.08652E-17 -0.334291 -0.94247
 outer loop
  vertex 379 -26.375 853.317
  vertex 379 -9.15994 847.051
  vertex 415.505 -16.8273 849.006
 endloop
endfacet
facet normal -0.0121349 -0.99766 -0.0672846
 outer loop
  vertex 470 -92.2929 794.14
  vertex 470 -93.4555 814.291
  vertex 460.487 -92.2929 796.032
 endloop
endfacet
facet normal -0.0462952 -0.99021 -0.131686
 outer loop
  vertex 458.875 -89.6984 775.67
  vertex 460.487 -92.2929 796.032
  vertex 452.88 -89.6984 777.67
 endloop
endfacet
facet normal -0.025592 -0.993218 -0.113413
 outer loop
  vertex 458.875 -89.6984 775.67
  vertex 470 -92.2929 794.14
  vertex 460.487 -92.2929 796.032
 endloop
endfacet
facet normal -0.0134581 -0.990308 -0.138232
 outer loop
  vertex 458.875 -89.6984 775.67
  vertex 470 -89.6984 774.264
  vertex 470 -92.2929 794.14
 endloop
endfacet
facet normal -0.0292625 -0.999038 -0.0326601
 outer loop
  vertex 466.67 -93.4555 815.67
  vertex 452.421 -92.2929 801.421
  vertex 468.021 -93.4555 814.726
 endloop
endfacet
facet normal -0.0326601 -0.999038 -0.0292625
 outer loop
  vertex 466.67 -93.4555 815.67
  vertex 465.721 -93.4555 817.033
  vertex 452.421 -92.2929 801.421
 endloop
endfacet
facet normal -0.0575191 -0.99766 -0.0369598
 outer loop
  vertex 452.421 -92.2929 801.421
  vertex 465.721 -93.4555 817.033
  vertex 447.032 -92.2929 809.487
 endloop
endfacet
facet normal -0.124144 -0.990256 -0.0630938
 outer loop
  vertex 432.228 -89.6984 795.029
  vertex 447.032 -92.2929 809.487
  vertex 428.67 -89.6984 801.88
 endloop
endfacet
facet normal -0.0965776 -0.993213 -0.0648094
 outer loop
  vertex 432.228 -89.6984 795.029
  vertex 452.421 -92.2929 801.421
  vertex 447.032 -92.2929 809.487
 endloop
endfacet
facet normal -0.105541 -0.990249 -0.0909335
 outer loop
  vertex 432.228 -89.6984 795.029
  vertex 438.367 -89.6984 787.367
  vertex 452.421 -92.2929 801.421
 endloop
endfacet
facet normal -0.0977126 -0.990166 -0.100115
 outer loop
  vertex 452.421 -92.2929 801.421
  vertex 438.367 -89.6984 787.367
  vertex 439.376 -89.6984 786.389
 endloop
endfacet
facet normal -0.0846847 -0.990345 -0.109747
 outer loop
  vertex 448.448 -89.6984 779.798
  vertex 452.421 -92.2929 801.421
  vertex 439.376 -89.6984 786.389
 endloop
endfacet
facet normal -0.0597732 -0.993231 -0.0995924
 outer loop
  vertex 448.448 -89.6984 779.798
  vertex 460.487 -92.2929 796.032
  vertex 452.421 -92.2929 801.421
 endloop
endfacet
facet normal -0.0580525 -0.990183 -0.127148
 outer loop
  vertex 448.448 -89.6984 779.798
  vertex 452.88 -89.6984 777.67
  vertex 460.487 -92.2929 796.032
 endloop
endfacet
facet normal -0.0413723 -0.999038 -0.0145365
 outer loop
  vertex 465.721 -93.4555 817.033
  vertex 465.291 -93.4555 819
  vertex 447.032 -92.2929 809.487
 endloop
endfacet
facet normal -0.0672846 -0.99766 -0.0121349
 outer loop
  vertex 447.032 -92.2929 809.487
  vertex 465.291 -93.4555 819
  vertex 445.14 -92.2929 819
 endloop
endfacet
facet normal -0.137046 -0.990325 -0.0218081
 outer loop
  vertex 427.454 -89.6984 805.176
  vertex 445.14 -92.2929 819
  vertex 425.353 -89.6984 816.191
 endloop
endfacet
facet normal -0.112467 -0.993236 -0.0288558
 outer loop
  vertex 427.454 -89.6984 805.176
  vertex 447.032 -92.2929 809.487
  vertex 445.14 -92.2929 819
 endloop
endfacet
facet normal -0.130734 -0.990178 -0.0495566
 outer loop
  vertex 427.454 -89.6984 805.176
  vertex 428.67 -89.6984 801.88
  vertex 447.032 -92.2929 809.487
 endloop
endfacet
facet normal -0.0672846 -0.99766 0.0121349
 outer loop
  vertex 445.14 -92.2929 819
  vertex 465.291 -93.4555 819
  vertex 447.032 -92.2929 828.513
 endloop
endfacet
facet normal -0.132434 -0.99026 0.0429791
 outer loop
  vertex 426.057 -89.6984 827.383
  vertex 447.032 -92.2929 828.513
  vertex 428.67 -89.6984 836.12
 endloop
endfacet
facet normal -0.114154 -0.993213 0.0222733
 outer loop
  vertex 426.057 -89.6984 827.383
  vertex 445.14 -92.2929 819
  vertex 447.032 -92.2929 828.513
 endloop
endfacet
facet normal -0.138965 -0.990245 0.0101389
 outer loop
  vertex 426.057 -89.6984 827.383
  vertex 425.264 -89.6984 819
  vertex 445.14 -92.2929 819
 endloop
endfacet
facet normal -0.139675 -0.990184 -0.00508569
 outer loop
  vertex 445.14 -92.2929 819
  vertex 425.264 -89.6984 819
  vertex 425.353 -89.6984 816.191
 endloop
endfacet
facet normal -0.0326601 -0.999038 0.0292625
 outer loop
  vertex 466.67 -93.4555 822.33
  vertex 452.421 -92.2929 836.579
  vertex 465.721 -93.4555 820.967
 endloop
endfacet
facet normal -0.0292625 -0.999038 0.0326601
 outer loop
  vertex 466.67 -93.4555 822.33
  vertex 468.021 -93.4555 823.274
  vertex 452.421 -92.2929 836.579
 endloop
endfacet
facet normal -0.0369598 -0.99766 0.0575191
 outer loop
  vertex 452.421 -92.2929 836.579
  vertex 468.021 -93.4555 823.274
  vertex 460.487 -92.2929 841.968
 endloop
endfacet
facet normal -0.0655127 -0.990313 0.122424
 outer loop
  vertex 443.705 -89.6984 855.192
  vertex 460.487 -92.2929 841.968
  vertex 452.88 -89.6984 860.33
 endloop
endfacet
facet normal -0.0672251 -0.993219 0.094851
 outer loop
  vertex 443.705 -89.6984 855.192
  vertex 452.421 -92.2929 836.579
  vertex 460.487 -92.2929 841.968
 endloop
endfacet
facet normal -0.0933448 -0.990207 0.10381
 outer loop
  vertex 443.705 -89.6984 855.192
  vertex 438.367 -89.6984 850.633
  vertex 452.421 -92.2929 836.579
 endloop
endfacet
facet normal -0.102366 -0.990184 0.0951637
 outer loop
  vertex 452.421 -92.2929 836.579
  vertex 438.367 -89.6984 850.633
  vertex 435.531 -89.6984 847.516
 endloop
endfacet
facet normal -0.119954 -0.990332 0.0696675
 outer loop
  vertex 447.032 -92.2929 828.513
  vertex 435.531 -89.6984 847.516
  vertex 429.522 -89.6984 838.047
 endloop
endfacet
facet normal -0.128231 -0.990169 0.0558738
 outer loop
  vertex 428.67 -89.6984 836.12
  vertex 447.032 -92.2929 828.513
  vertex 429.522 -89.6984 838.047
 endloop
endfacet
facet normal -0.0145365 -0.999038 0.0413723
 outer loop
  vertex 468.021 -93.4555 823.274
  vertex 470 -93.4555 823.709
  vertex 460.487 -92.2929 841.968
 endloop
endfacet
facet normal -0.0121349 -0.99766 0.0672846
 outer loop
  vertex 460.487 -92.2929 841.968
  vertex 470 -93.4555 823.709
  vertex 470 -92.2929 843.86
 endloop
endfacet
facet normal -0.00703929 -0.990203 0.139457
 outer loop
  vertex 464.393 -89.6984 863.383
  vertex 470 -92.2929 843.86
  vertex 470 -89.6984 863.736
 endloop
endfacet
facet normal -0.0191739 -0.99322 0.114654
 outer loop
  vertex 464.393 -89.6984 863.383
  vertex 460.487 -92.2929 841.968
  vertex 470 -92.2929 843.86
 endloop
endfacet
facet normal -0.039095 -0.99031 0.133258
 outer loop
  vertex 464.393 -89.6984 863.383
  vertex 453.532 -89.6984 860.594
  vertex 460.487 -92.2929 841.968
 endloop
endfacet
facet normal -0.0527551 -0.990165 0.12958
 outer loop
  vertex 460.487 -92.2929 841.968
  vertex 453.532 -89.6984 860.594
  vertex 452.88 -89.6984 860.33
 endloop
endfacet
facet normal -0.0413723 -0.999038 0.0145365
 outer loop
  vertex 465.291 -93.4555 819
  vertex 465.721 -93.4555 820.967
  vertex 447.032 -92.2929 828.513
 endloop
endfacet
facet normal -0.0575191 -0.99766 0.0369598
 outer loop
  vertex 447.032 -92.2929 828.513
  vertex 465.721 -93.4555 820.967
  vertex 452.421 -92.2929 836.579
 endloop
endfacet
facet normal -0.0934101 -0.993231 0.0690472
 outer loop
  vertex 435.531 -89.6984 847.516
  vertex 447.032 -92.2929 828.513
  vertex 452.421 -92.2929 836.579
 endloop
endfacet
facet normal -0.0145365 -0.999038 -0.0413723
 outer loop
  vertex 470 -93.4555 814.291
  vertex 468.021 -93.4555 814.726
  vertex 460.487 -92.2929 796.032
 endloop
endfacet
facet normal -0.0369598 -0.99766 -0.0575191
 outer loop
  vertex 460.487 -92.2929 796.032
  vertex 468.021 -93.4555 814.726
  vertex 452.421 -92.2929 801.421
 endloop
endfacet
facet normal -0.996569 -0.081984 0.0113171
 outer loop
  vertex 346.547 -19.7694 899
  vertex 348.888 -44.049 904.565
  vertex 346.596 -19.7959 904.774
 endloop
endfacet
facet normal -0.994147 -0.107883 0.00582092
 outer loop
  vertex 346.547 -19.7694 899
  vertex 348.888 -44.3991 899
  vertex 348.888 -44.049 904.565
 endloop
endfacet
facet normal -0.994064 -0.106156 0.0238443
 outer loop
  vertex 348.888 -44.049 904.565
  vertex 348.888 -42.6229 911.433
  vertex 346.596 -19.7959 904.774
 endloop
endfacet
facet normal -0.996194 -0.0809663 0.0322897
 outer loop
  vertex 346.596 -19.7959 904.774
  vertex 348.888 -42.6229 911.433
  vertex 346.872 -19.9285 913.829
 endloop
endfacet
facet normal -0.993666 -0.103711 0.0432603
 outer loop
  vertex 346.872 -19.9285 913.829
  vertex 348.888 -42.6229 911.433
  vertex 348.888 -41.2813 915.344
 endloop
endfacet
facet normal -0.993642 -0.0971998 0.0568075
 outer loop
  vertex 346.878 -19.9284 913.946
  vertex 348.888 -41.2813 915.344
  vertex 348.888 -36.1597 924.764
 endloop
endfacet
facet normal -0.993547 -0.0917891 0.0666267
 outer loop
  vertex 348.888 -35.9197 925.097
  vertex 346.878 -19.9284 913.946
  vertex 348.888 -36.1597 924.764
 endloop
endfacet
facet normal -0.995375 -0.0736741 0.0616566
 outer loop
  vertex 348.888 -35.9197 925.097
  vertex 347.171 -18.8614 920.612
  vertex 346.878 -19.9284 913.946
 endloop
endfacet
facet normal -0.993178 -0.0839097 0.0809743
 outer loop
  vertex 348.888 -35.9197 925.097
  vertex 348.888 -29.194 932.451
  vertex 347.171 -18.8614 920.612
 endloop
endfacet
facet normal -0.994895 -0.0657208 0.0765855
 outer loop
  vertex 347.171 -18.8614 920.612
  vertex 348.888 -29.194 932.451
  vertex 347.212 -18.5177 921.536
 endloop
endfacet
facet normal -0.993039 -0.0759145 0.0900614
 outer loop
  vertex 347.212 -18.5177 921.536
  vertex 348.888 -29.194 932.451
  vertex 348.888 -28.3011 933.21
 endloop
endfacet
facet normal -0.992755 -0.064274 0.101523
 outer loop
  vertex 347.464 -15.0427 927.205
  vertex 348.888 -28.3011 933.21
  vertex 348.888 -21.4769 937.859
 endloop
endfacet
facet normal -0.992642 -0.0528405 0.108953
 outer loop
  vertex 347.503 -14.2126 928.098
  vertex 348.888 -21.4769 937.859
  vertex 348.888 -18.9042 939.174
 endloop
endfacet
facet normal -0.99244 -0.0371684 0.116964
 outer loop
  vertex 347.684 -8.42289 932.165
  vertex 348.888 -18.9042 939.174
  vertex 348.888 -10.9287 942.033
 endloop
endfacet
facet normal -0.992381 -0.0269637 0.120217
 outer loop
  vertex 347.698 -7.6997 932.483
  vertex 348.888 -10.9287 942.033
  vertex 348.888 -8.31957 942.613
 endloop
endfacet
facet normal -0.992351 -0.00837703 0.123167
 outer loop
  vertex 347.767 0.00226896 934.022
  vertex 348.888 -8.31957 942.613
  vertex 348.888 -3.29388E-11 943.399
 endloop
endfacet
facet normal -0.992304 0.0042049 0.123755
 outer loop
  vertex 348.888 2.78785 943.312
  vertex 347.767 0.00226896 934.022
  vertex 348.888 -3.29388E-11 943.399
 endloop
endfacet
facet normal -0.993639 0.0117871 0.111994
 outer loop
  vertex 348.888 2.78785 943.312
  vertex 347.698 7.70389 932.482
  vertex 347.767 0.00226896 934.022
 endloop
endfacet
facet normal -0.992414 0.0227923 0.120814
 outer loop
  vertex 348.888 2.78785 943.312
  vertex 348.888 10.9287 942.033
  vertex 347.698 7.70389 932.482
 endloop
endfacet
facet normal -0.993687 0.0268754 0.108919
 outer loop
  vertex 347.698 7.70389 932.482
  vertex 348.888 10.9287 942.033
  vertex 347.684 8.42289 932.165
 endloop
endfacet
facet normal -0.992402 0.0331119 0.118498
 outer loop
  vertex 347.684 8.42289 932.165
  vertex 348.888 10.9287 942.033
  vertex 348.888 13.7201 941.226
 endloop
endfacet
facet normal -0.992679 0.04879 0.110492
 outer loop
  vertex 347.503 14.2158 928.095
  vertex 348.888 13.7201 941.226
  vertex 348.888 21.4769 937.859
 endloop
endfacet
facet normal -0.992705 0.060769 0.104137
 outer loop
  vertex 347.464 15.0427 927.205
  vertex 348.888 21.4769 937.859
  vertex 348.888 23.7903 936.487
 endloop
endfacet
facet normal -0.992745 0.069132 0.0983756
 outer loop
  vertex 348.888 29.194 932.451
  vertex 347.464 15.0427 927.205
  vertex 348.888 23.7903 936.487
 endloop
endfacet
facet normal -0.994594 0.06213 0.0832065
 outer loop
  vertex 348.888 29.194 932.451
  vertex 347.212 18.5176 921.536
  vertex 347.464 15.0427 927.205
 endloop
endfacet
facet normal -0.994895 0.0657203 0.0765856
 outer loop
  vertex 348.888 29.194 932.451
  vertex 347.171 18.8611 920.612
  vertex 347.212 18.5176 921.536
 endloop
endfacet
facet normal -0.993113 0.0803233 0.0852968
 outer loop
  vertex 348.888 29.194 932.451
  vertex 348.888 32.3656 929.393
  vertex 347.171 18.8611 920.612
 endloop
endfacet
facet normal -0.993142 0.0866976 0.0784373
 outer loop
  vertex 347.171 18.8611 920.612
  vertex 348.888 32.3656 929.393
  vertex 348.888 36.1597 924.764
 endloop
endfacet
facet normal -0.993585 0.0945375 0.0620669
 outer loop
  vertex 346.878 19.93 913.947
  vertex 348.888 36.1597 924.764
  vertex 348.888 38.9073 920.389
 endloop
endfacet
facet normal -0.993674 0.101698 0.04764
 outer loop
  vertex 346.872 19.9285 913.829
  vertex 348.888 38.9073 920.389
  vertex 348.888 42.6229 911.433
 endloop
endfacet
facet normal -0.994032 0.105127 0.02915
 outer loop
  vertex 346.596 19.7959 904.774
  vertex 348.888 42.6229 911.433
  vertex 348.888 43.0043 910.042
 endloop
endfacet
facet normal -0.994128 0.106927 0.0166246
 outer loop
  vertex 348.888 44.3991 899
  vertex 346.596 19.7959 904.774
  vertex 348.888 43.0043 910.042
 endloop
endfacet
facet normal -0.996587 0.0823657 0.00549635
 outer loop
  vertex 348.888 44.3991 899
  vertex 346.547 19.7694 899
  vertex 346.596 19.7959 904.774
 endloop
endfacet
facet normal -0.996194 0.0809663 0.0322897
 outer loop
  vertex 346.596 19.7959 904.774
  vertex 346.872 19.9285 913.829
  vertex 348.888 42.6229 911.433
 endloop
endfacet
facet normal -0.99573 0.0779206 0.0494913
 outer loop
  vertex 346.872 19.9285 913.829
  vertex 346.878 19.93 913.947
  vertex 348.888 38.9073 920.389
 endloop
endfacet
facet normal -0.99537 0.0732718 0.0622036
 outer loop
  vertex 346.878 19.93 913.947
  vertex 347.171 18.8611 920.612
  vertex 348.888 36.1597 924.764
 endloop
endfacet
facet normal -0.994183 0.0496901 0.095559
 outer loop
  vertex 347.464 15.0427 927.205
  vertex 347.503 14.2158 928.095
  vertex 348.888 21.4769 937.859
 endloop
endfacet
facet normal -0.99396 0.0360314 0.103662
 outer loop
  vertex 347.503 14.2158 928.095
  vertex 347.684 8.42289 932.165
  vertex 348.888 13.7201 941.226
 endloop
endfacet
facet normal -0.993647 -0.015955 0.111403
 outer loop
  vertex 347.767 0.00226896 934.022
  vertex 347.698 -7.6997 932.483
  vertex 348.888 -8.31957 942.613
 endloop
endfacet
facet normal -0.993687 -0.0268713 0.108921
 outer loop
  vertex 347.698 -7.6997 932.483
  vertex 347.684 -8.42289 932.165
  vertex 348.888 -10.9287 942.033
 endloop
endfacet
facet normal -0.993964 -0.0400839 0.102127
 outer loop
  vertex 347.684 -8.42289 932.165
  vertex 347.503 -14.2126 928.098
  vertex 348.888 -18.9042 939.174
 endloop
endfacet
facet normal -0.994183 -0.0496871 0.0955624
 outer loop
  vertex 347.503 -14.2126 928.098
  vertex 347.464 -15.0427 927.205
  vertex 348.888 -21.4769 937.859
 endloop
endfacet
facet normal -0.994585 -0.0612299 0.0839702
 outer loop
  vertex 347.464 -15.0427 927.205
  vertex 347.212 -18.5177 921.536
  vertex 348.888 -28.3011 933.21
 endloop
endfacet
facet normal -0.995779 -0.0799359 0.0451133
 outer loop
  vertex 346.878 -19.9284 913.946
  vertex 346.872 -19.9285 913.829
  vertex 348.888 -41.2813 915.344
 endloop
endfacet
facet normal -4.41229E-18 -0.9933 0.115566
 outer loop
  vertex 538 -52.75 899
  vertex 538 -49.5688 917.042
  vertex 379 -52.75 899
 endloop
endfacet
facet normal -1.0613E-17 -0.972922 0.231132
 outer loop
  vertex 379 -52.75 899
  vertex 538 -49.5688 917.042
  vertex 379 -49.5688 917.042
 endloop
endfacet
facet normal -2.23385E-17 -0.893871 0.448325
 outer loop
  vertex 379 -49.5688 917.042
  vertex 538 -49.5688 917.042
  vertex 538 -40.4088 932.907
 endloop
endfacet
facet normal -3.75704E-17 -0.686627 0.72701
 outer loop
  vertex 379 -40.4088 932.907
  vertex 538 -40.4088 932.907
  vertex 538 -26.375 944.683
 endloop
endfacet
facet normal -4.82707E-17 -0.396567 0.918006
 outer loop
  vertex 379 -26.375 944.683
  vertex 538 -26.375 944.683
  vertex 538 -9.15994 950.949
 endloop
endfacet
facet normal -5.27782E-17 -0.116158 0.993231
 outer loop
  vertex 379 -9.15994 950.949
  vertex 538 -9.15994 950.949
  vertex 538 5.51105E-15 951.75
 endloop
endfacet
facet normal -5.31881E-17 0.116158 0.993231
 outer loop
  vertex 379 9.15994 950.949
  vertex 538 5.51105E-15 951.75
  vertex 538 9.15994 950.949
 endloop
endfacet
facet normal -5.16165E-17 0.286295 0.958142
 outer loop
  vertex 538 26.375 944.683
  vertex 379 9.15994 950.949
  vertex 538 9.15994 950.949
 endloop
endfacet
facet normal -4.967E-17 0.396567 0.918006
 outer loop
  vertex 538 26.375 944.683
  vertex 379 26.375 944.683
  vertex 379 9.15994 950.949
 endloop
endfacet
facet normal -4.38584E-17 0.596733 0.80244
 outer loop
  vertex 538 26.375 944.683
  vertex 538 40.4088 932.907
  vertex 379 26.375 944.683
 endloop
endfacet
facet normal -3.99932E-17 0.686627 0.72701
 outer loop
  vertex 379 26.375 944.683
  vertex 538 40.4088 932.907
  vertex 379 40.4088 932.907
 endloop
endfacet
facet normal -3.08104E-17 0.835196 0.549952
 outer loop
  vertex 379 40.4088 932.907
  vertex 538 40.4088 932.907
  vertex 538 49.5688 917.042
 endloop
endfacet
facet normal -1.40461E-17 0.972922 0.231132
 outer loop
  vertex 379 49.5688 917.042
  vertex 538 49.5688 917.042
  vertex 538 52.75 899
 endloop
endfacet
facet normal -7.91728E-18 0.9933 0.115566
 outer loop
  vertex 379 52.75 899
  vertex 379 49.5688 917.042
  vertex 538 52.75 899
 endloop
endfacet
facet normal -2.54927E-17 0.893871 0.448325
 outer loop
  vertex 379 49.5688 917.042
  vertex 379 40.4088 932.907
  vertex 538 49.5688 917.042
 endloop
endfacet
facet normal -5.33443E-17 4.12395E-17 1
 outer loop
  vertex 379 9.15994 950.949
  vertex 379 -9.15994 950.949
  vertex 538 5.51105E-15 951.75
 endloop
endfacet
facet normal -5.06063E-17 -0.286295 0.958142
 outer loop
  vertex 379 -9.15994 950.949
  vertex 379 -26.375 944.683
  vertex 538 -9.15994 950.949
 endloop
endfacet
facet normal -4.17528E-17 -0.596733 0.80244
 outer loop
  vertex 379 -26.375 944.683
  vertex 379 -40.4088 932.907
  vertex 538 -26.375 944.683
 endloop
endfacet
facet normal -2.78632E-17 -0.835196 0.549952
 outer loop
  vertex 379 -40.4088 932.907
  vertex 379 -49.5688 917.042
  vertex 538 -40.4088 932.907
 endloop
endfacet
facet normal -0.000372812 0.039968 0.999201
 outer loop
  vertex 470 54.166 870.833
  vertex 470 74.5 870.02
  vertex 469.942 54.166 870.833
 endloop
endfacet
facet normal -0.0388131 0.0400267 0.998444
 outer loop
  vertex 469.942 54.166 870.833
  vertex 470 74.5 870.02
  vertex 464.026 54.01 870.494
 endloop
endfacet
facet normal -0.114868 0.0401448 0.992569
 outer loop
  vertex 464.026 54.01 870.494
  vertex 470 74.5 870.02
  vertex 458.17 53.5303 869.491
 endloop
endfacet
facet normal -0.191901 0.0403902 0.980583
 outer loop
  vertex 458.17 53.5303 869.491
  vertex 470 74.5 870.02
  vertex 452.55 74.5 866.943
 endloop
endfacet
facet normal -0.374103 0.0400196 0.926523
 outer loop
  vertex 452.37 52.6615 867.807
  vertex 452.55 74.5 866.943
  vertex 447.145 51.4239 865.645
 endloop
endfacet
facet normal -0.303514 0.0400296 0.951986
 outer loop
  vertex 452.37 52.6615 867.807
  vertex 458.17 53.5303 869.491
  vertex 452.55 74.5 866.943
 endloop
endfacet
facet normal -0.479654 0.0403971 0.876527
 outer loop
  vertex 452.55 74.5 866.943
  vertex 437.205 74.5 858.084
  vertex 447.145 51.4239 865.645
 endloop
endfacet
facet normal -0.541729 0.0401649 0.839593
 outer loop
  vertex 447.145 51.4239 865.645
  vertex 437.205 74.5 858.084
  vertex 442.135 49.655 862.92
 endloop
endfacet
facet normal -0.600391 0.0400333 0.798704
 outer loop
  vertex 442.135 49.655 862.92
  vertex 437.205 74.5 858.084
  vertex 437.633 47.3373 859.835
 endloop
endfacet
facet normal -0.641081 0.0399768 0.766431
 outer loop
  vertex 437.633 47.3373 859.835
  vertex 437.205 74.5 858.084
  vertex 435.551 45.9314 858.17
 endloop
endfacet
facet normal -0.666244 0.039986 0.744661
 outer loop
  vertex 435.551 45.9314 858.17
  vertex 437.205 74.5 858.084
  vertex 433.639 44.3875 856.487
 endloop
endfacet
facet normal -0.689549 0.0400155 0.723133
 outer loop
  vertex 433.639 44.3875 856.487
  vertex 437.205 74.5 858.084
  vertex 431.889 42.7055 854.805
 endloop
endfacet
facet normal -0.711089 0.0400623 0.70196
 outer loop
  vertex 431.889 42.7055 854.805
  vertex 437.205 74.5 858.084
  vertex 430.29 40.8833 853.134
 endloop
endfacet
facet normal -0.76284 0.040377 0.645325
 outer loop
  vertex 430.29 40.8833 853.134
  vertex 437.205 74.5 858.084
  vertex 425.815 74.5 844.51
 endloop
endfacet
facet normal -0.820866 0.0400422 0.569715
 outer loop
  vertex 428.83 38.9155 851.486
  vertex 425.815 74.5 844.51
  vertex 427.508 36.8093 849.88
 endloop
endfacet
facet normal -0.805052 0.0400956 0.591848
 outer loop
  vertex 428.83 38.9155 851.486
  vertex 430.29 40.8833 853.134
  vertex 425.815 74.5 844.51
 endloop
endfacet
facet normal -0.969131 0.0401551 0.243253
 outer loop
  vertex 416.881 -3.00401E-15 828.713
  vertex 420.297 10.5316 839.007
  vertex 419.755 74.5 827.86
 endloop
endfacet
facet normal -0.999185 0.0403763 1.8415E-16
 outer loop
  vertex 416 1.3144E-14 819
  vertex 419.755 74.5 827.86
  vertex 419.755 74.5 810.14
 endloop
endfacet
facet normal -0.967029 0.0401608 -0.251481
 outer loop
  vertex 417.038 1.72504E-15 808.465
  vertex 419.755 74.5 810.14
  vertex 420.111 4.08568E-15 798.335
 endloop
endfacet
facet normal -0.991559 0.0401225 -0.123289
 outer loop
  vertex 417.038 1.72504E-15 808.465
  vertex 416 1.3144E-14 819
  vertex 419.755 74.5 810.14
 endloop
endfacet
facet normal -0.933804 0.0403849 -0.355499
 outer loop
  vertex 419.755 74.5 810.14
  vertex 425.815 74.5 793.49
  vertex 420.111 4.08568E-15 798.335
 endloop
endfacet
facet normal -0.876005 0.0401013 -0.480632
 outer loop
  vertex 420.111 4.08568E-15 798.335
  vertex 425.815 74.5 793.49
  vertex 425.101 6.25745E-15 788.999
 endloop
endfacet
facet normal -0.805864 0.0402161 -0.590733
 outer loop
  vertex 425.101 6.25745E-15 788.999
  vertex 425.815 74.5 793.49
  vertex 431.816 8.15689E-15 780.816
 endloop
endfacet
facet normal -0.746223 0.0404106 -0.664469
 outer loop
  vertex 431.816 8.15689E-15 780.816
  vertex 425.815 74.5 793.49
  vertex 437.205 74.5 779.916
 endloop
endfacet
facet normal -0.518538 0.0403956 -0.8541
 outer loop
  vertex 439.999 9.71101E-15 774.101
  vertex 437.205 74.5 779.916
  vertex 452.55 74.5 771.057
 endloop
endfacet
facet normal -0.30744 0.0401098 -0.950722
 outer loop
  vertex 449.335 1.08601E-14 769.111
  vertex 452.55 74.5 771.057
  vertex 459.465 1.15599E-14 766.038
 endloop
endfacet
facet normal -0.428745 0.0401863 -0.902531
 outer loop
  vertex 449.335 1.08601E-14 769.111
  vertex 439.999 9.71101E-15 774.101
  vertex 452.55 74.5 771.057
 endloop
endfacet
facet normal -0.180731 0.0403785 -0.982703
 outer loop
  vertex 452.55 74.5 771.057
  vertex 470 74.5 767.98
  vertex 459.465 1.15599E-14 766.038
 endloop
endfacet
facet normal -0.0652569 0.0401395 -0.997061
 outer loop
  vertex 459.465 1.15599E-14 766.038
  vertex 470 74.5 767.98
  vertex 470 1.93551E-14 765
 endloop
endfacet
facet normal -0.636696 0.0400971 -0.770071
 outer loop
  vertex 439.999 9.71101E-15 774.101
  vertex 431.816 8.15689E-15 780.816
  vertex 437.205 74.5 779.916
 endloop
endfacet
facet normal -0.992184 0.0401085 0.118161
 outer loop
  vertex 416 1.3144E-14 819
  vertex 416.881 -3.00401E-15 828.713
  vertex 419.755 74.5 827.86
 endloop
endfacet
facet normal -0.952021 0.0401323 0.303391
 outer loop
  vertex 416.881 -3.00401E-15 828.713
  vertex 419.494 2.72954E-15 838.11
  vertex 420.297 10.5316 839.007
 endloop
endfacet
facet normal -0.932011 0.03997 0.36022
 outer loop
  vertex 420.297 10.5316 839.007
  vertex 419.494 2.72954E-15 838.11
  vertex 419.5 1.04958E-11 838.125
 endloop
endfacet
facet normal -0.93197 0.0399699 0.360326
 outer loop
  vertex 419.501 -4.71043E-06 838.127
  vertex 420.297 10.5316 839.007
  vertex 419.5 1.04958E-11 838.125
 endloop
endfacet
facet normal -0.94773 0.0401889 0.316533
 outer loop
  vertex 420.297 10.5316 839.007
  vertex 421.061 16.2889 840.236
  vertex 419.755 74.5 827.86
 endloop
endfacet
facet normal -0.931789 0.0403927 0.360747
 outer loop
  vertex 419.755 74.5 827.86
  vertex 421.061 16.2889 840.236
  vertex 425.815 74.5 844.51
 endloop
endfacet
facet normal -0.895275 0.0400131 0.443713
 outer loop
  vertex 425.815 74.5 844.51
  vertex 421.061 16.2889 840.236
  vertex 422.105 21.8896 841.983
 endloop
endfacet
facet normal -0.88203 0.0399879 0.469494
 outer loop
  vertex 423.475 27.2078 844.201
  vertex 425.815 74.5 844.51
  vertex 422.105 21.8896 841.983
 endloop
endfacet
facet normal -0.864346 0.0399802 0.501306
 outer loop
  vertex 423.475 27.2078 844.201
  vertex 425.247 32.203 846.852
  vertex 425.815 74.5 844.51
 endloop
endfacet
facet normal -0.848074 0.0399833 0.528367
 outer loop
  vertex 425.815 74.5 844.51
  vertex 425.247 32.203 846.852
  vertex 426.314 34.565 848.328
 endloop
endfacet
facet normal -0.835194 0.0400056 0.548498
 outer loop
  vertex 427.508 36.8093 849.88
  vertex 425.815 74.5 844.51
  vertex 426.314 34.565 848.328
 endloop
endfacet
facet normal 0.997713 -0.0174331 -0.0652996
 outer loop
  vertex 524 1.29535E-14 819
  vertex 522.75 -72 819
  vertex 522.962 1.53816E-15 808.465
 endloop
endfacet
facet normal 0.985387 -0.0175051 -0.16943
 outer loop
  vertex 522.962 1.53816E-15 808.465
  vertex 522.75 -72 819
  vertex 520.168 -72 802.699
 endloop
endfacet
facet normal 0.902538 -0.0175142 -0.430255
 outer loop
  vertex 519.889 3.90964E-15 798.335
  vertex 520.168 -72 802.699
  vertex 512.676 -72 787.994
 endloop
endfacet
facet normal 0.785235 -0.0174211 -0.618952
 outer loop
  vertex 514.899 6.09902E-15 788.999
  vertex 512.676 -72 787.994
  vertex 508.184 8.02216E-15 780.816
 endloop
endfacet
facet normal 0.859216 -0.017451 -0.511315
 outer loop
  vertex 514.899 6.09902E-15 788.999
  vertex 519.889 3.90964E-15 798.335
  vertex 512.676 -72 787.994
 endloop
endfacet
facet normal 0.706998 -0.0175021 -0.706998
 outer loop
  vertex 512.676 -72 787.994
  vertex 501.006 -72 776.324
  vertex 508.184 8.02216E-15 780.816
 endloop
endfacet
facet normal 0.618952 -0.0174211 -0.785235
 outer loop
  vertex 508.184 8.02216E-15 780.816
  vertex 501.006 -72 776.324
  vertex 500.001 9.60515E-15 774.101
 endloop
endfacet
facet normal 0.511315 -0.017451 -0.859216
 outer loop
  vertex 500.001 9.60515E-15 774.101
  vertex 501.006 -72 776.324
  vertex 490.665 1.07872E-14 769.111
 endloop
endfacet
facet normal 0.430255 -0.0175142 -0.902538
 outer loop
  vertex 490.665 1.07872E-14 769.111
  vertex 501.006 -72 776.324
  vertex 486.301 -72 768.832
 endloop
endfacet
facet normal 0.16943 -0.0175051 -0.985387
 outer loop
  vertex 480.535 1.15228E-14 766.038
  vertex 486.301 -72 768.832
  vertex 470 -72 766.25
 endloop
endfacet
facet normal -0.0652996 -0.0174331 -0.997713
 outer loop
  vertex 470 1.93551E-14 765
  vertex 470 -72 766.25
  vertex 459.465 1.15599E-14 766.038
 endloop
endfacet
facet normal 0.0652996 -0.0174331 -0.997713
 outer loop
  vertex 470 1.93551E-14 765
  vertex 480.535 1.15228E-14 766.038
  vertex 470 -72 766.25
 endloop
endfacet
facet normal -0.16943 -0.0175051 -0.985387
 outer loop
  vertex 470 -72 766.25
  vertex 453.699 -72 768.832
  vertex 459.465 1.15599E-14 766.038
 endloop
endfacet
facet normal -0.296517 -0.0174151 -0.954869
 outer loop
  vertex 459.465 1.15599E-14 766.038
  vertex 453.699 -72 768.832
  vertex 449.335 1.08601E-14 769.111
 endloop
endfacet
facet normal -0.430255 -0.0175142 -0.902538
 outer loop
  vertex 449.335 1.08601E-14 769.111
  vertex 453.699 -72 768.832
  vertex 438.994 -72 776.324
 endloop
endfacet
facet normal -0.618952 -0.0174211 -0.785235
 outer loop
  vertex 439.999 9.71101E-15 774.101
  vertex 438.994 -72 776.324
  vertex 431.816 8.15689E-15 780.816
 endloop
endfacet
facet normal -0.511315 -0.017451 -0.859216
 outer loop
  vertex 439.999 9.71101E-15 774.101
  vertex 449.335 1.08601E-14 769.111
  vertex 438.994 -72 776.324
 endloop
endfacet
facet normal -0.706998 -0.0175021 -0.706998
 outer loop
  vertex 438.994 -72 776.324
  vertex 427.324 -72 787.994
  vertex 431.816 8.15689E-15 780.816
 endloop
endfacet
facet normal -0.785235 -0.0174211 -0.618952
 outer loop
  vertex 431.816 8.15689E-15 780.816
  vertex 427.324 -72 787.994
  vertex 425.101 6.25745E-15 788.999
 endloop
endfacet
facet normal -0.859216 -0.017451 -0.511315
 outer loop
  vertex 425.101 6.25745E-15 788.999
  vertex 427.324 -72 787.994
  vertex 420.111 4.08568E-15 798.335
 endloop
endfacet
facet normal -0.902538 -0.0175142 -0.430255
 outer loop
  vertex 420.111 4.08568E-15 798.335
  vertex 427.324 -72 787.994
  vertex 419.832 -72 802.699
 endloop
endfacet
facet normal -0.985387 -0.0175051 -0.16943
 outer loop
  vertex 417.038 1.72504E-15 808.465
  vertex 419.832 -72 802.699
  vertex 417.25 -72 819
 endloop
endfacet
facet normal -0.997713 -0.0174331 -0.0652996
 outer loop
  vertex 416 1.3144E-14 819
  vertex 417.038 1.72504E-15 808.465
  vertex 417.25 -72 819
 endloop
endfacet
facet normal -0.954869 -0.0174151 -0.296517
 outer loop
  vertex 417.038 1.72504E-15 808.465
  vertex 420.111 4.08568E-15 798.335
  vertex 419.832 -72 802.699
 endloop
endfacet
facet normal 0.296517 -0.0174151 -0.954869
 outer loop
  vertex 480.535 1.15228E-14 766.038
  vertex 490.665 1.07872E-14 769.111
  vertex 486.301 -72 768.832
 endloop
endfacet
facet normal 0.954869 -0.0174151 -0.296517
 outer loop
  vertex 519.889 3.90964E-15 798.335
  vertex 522.962 1.53816E-15 808.465
  vertex 520.168 -72 802.699
 endloop
endfacet
facet normal 0.0417936 -0.0524277 0.99775
 outer loop
  vertex 470 -81.2887 871.263
  vertex 476.55 -81.2887 870.851
  vertex 470 -72 871.75
 endloop
endfacet
facet normal 0.145794 -0.0527737 0.987906
 outer loop
  vertex 470 -72 871.75
  vertex 476.55 -81.2887 870.851
  vertex 486.301 -72 869.168
 endloop
endfacet
facet normal 0.268651 -0.0526349 0.961799
 outer loop
  vertex 486.301 -72 869.168
  vertex 476.55 -81.2887 870.851
  vertex 489.239 -81.2887 867.593
 endloop
endfacet
facet normal 0.517475 -0.0527042 0.854074
 outer loop
  vertex 501.006 -72 861.676
  vertex 489.239 -81.2887 867.593
  vertex 500.72 -81.2887 861.282
 endloop
endfacet
facet normal 0.629201 -0.0523731 0.775476
 outer loop
  vertex 504.101 -79.0438 858.76
  vertex 500.72 -81.2887 861.282
  vertex 503.973 -81.2887 858.715
 endloop
endfacet
facet normal 0.60847 -0.0523737 0.791847
 outer loop
  vertex 504.101 -79.0438 858.76
  vertex 501.006 -72 861.676
  vertex 500.72 -81.2887 861.282
 endloop
endfacet
facet normal 0.630069 -0.0523747 0.774771
 outer loop
  vertex 504.101 -79.0438 858.76
  vertex 504.184 -79.0187 858.691
  vertex 501.006 -72 861.676
 endloop
endfacet
facet normal 0.631777 -0.0523779 0.773378
 outer loop
  vertex 501.006 -72 861.676
  vertex 504.184 -79.0187 858.691
  vertex 504.365 -79 858.535
 endloop
endfacet
facet normal 0.644865 -0.0524163 0.762497
 outer loop
  vertex 506.168 -79 856.893
  vertex 501.006 -72 861.676
  vertex 504.365 -79 858.535
 endloop
endfacet
facet normal 0.668237 -0.0524888 0.742095
 outer loop
  vertex 506.168 -79 856.893
  vertex 507.893 -79 855.168
  vertex 501.006 -72 861.676
 endloop
endfacet
facet normal 0.711625 -0.0527711 0.700575
 outer loop
  vertex 501.006 -72 861.676
  vertex 507.893 -79 855.168
  vertex 512.676 -72 850.006
 endloop
endfacet
facet normal 0.762497 -0.0524163 0.644865
 outer loop
  vertex 512.676 -72 850.006
  vertex 507.893 -79 855.168
  vertex 509.535 -79 853.365
 endloop
endfacet
facet normal 0.773357 -0.052378 0.631803
 outer loop
  vertex 509.687 -79.0178 853.188
  vertex 512.676 -72 850.006
  vertex 509.535 -79 853.365
 endloop
endfacet
facet normal 0.77475 -0.0523747 0.630094
 outer loop
  vertex 509.687 -79.0178 853.188
  vertex 509.76 -79.0438 853.101
  vertex 512.676 -72 850.006
 endloop
endfacet
facet normal 0.828414 -0.0526694 0.557634
 outer loop
  vertex 512.676 -72 850.006
  vertex 509.76 -79.0438 853.101
  vertex 517.289 -81.2887 841.253
 endloop
endfacet
facet normal 0.949739 -0.0526118 0.308589
 outer loop
  vertex 520.168 -72 835.301
  vertex 517.289 -81.2887 841.253
  vertex 521.337 -81.2887 828.793
 endloop
endfacet
facet normal 0.997742 -0.0526349 0.0417102
 outer loop
  vertex 522.75 -72 819
  vertex 521.337 -81.2887 828.793
  vertex 522.16 -81.2887 815.718
 endloop
endfacet
facet normal 0.972181 -0.0527042 -0.228225
 outer loop
  vertex 520.168 -72 802.699
  vertex 522.16 -81.2887 815.718
  vertex 519.705 -81.2887 802.85
 endloop
endfacet
facet normal 0.920658 -0.0527042 -0.386796
 outer loop
  vertex 514.127 -81.2887 790.996
  vertex 520.168 -72 802.699
  vertex 519.705 -81.2887 802.85
 endloop
endfacet
facet normal 0.874963 -0.0528201 -0.4813
 outer loop
  vertex 514.127 -81.2887 790.996
  vertex 512.676 -72 787.994
  vertex 520.168 -72 802.699
 endloop
endfacet
facet normal 0.804413 -0.052426 -0.591753
 outer loop
  vertex 514.127 -81.2887 790.996
  vertex 509.76 -79.0438 784.899
  vertex 512.676 -72 787.994
 endloop
endfacet
facet normal 0.788462 -0.0524544 -0.612843
 outer loop
  vertex 514.127 -81.2887 790.996
  vertex 509.715 -81.2887 785.027
  vertex 509.76 -79.0438 784.899
 endloop
endfacet
facet normal 0.762135 -0.0523377 0.6453
 outer loop
  vertex 509.715 -81.2887 852.973
  vertex 510.27 -81.2887 852.314
  vertex 509.76 -79.0438 853.101
 endloop
endfacet
facet normal 0.816489 -0.0527323 0.574948
 outer loop
  vertex 509.76 -79.0438 853.101
  vertex 510.27 -81.2887 852.314
  vertex 517.289 -81.2887 841.253
 endloop
endfacet
facet normal 0.774771 -0.0523747 -0.630069
 outer loop
  vertex 509.76 -79.0438 784.899
  vertex 509.691 -79.0187 784.816
  vertex 512.676 -72 787.994
 endloop
endfacet
facet normal 0.773378 -0.0523779 -0.631777
 outer loop
  vertex 512.676 -72 787.994
  vertex 509.691 -79.0187 784.816
  vertex 509.535 -79 784.635
 endloop
endfacet
facet normal 0.762497 -0.0524163 -0.644865
 outer loop
  vertex 507.893 -79 782.832
  vertex 512.676 -72 787.994
  vertex 509.535 -79 784.635
 endloop
endfacet
facet normal 0.742095 -0.0524888 -0.668237
 outer loop
  vertex 507.893 -79 782.832
  vertex 506.168 -79 781.107
  vertex 512.676 -72 787.994
 endloop
endfacet
facet normal 0.700575 -0.0527711 -0.711625
 outer loop
  vertex 512.676 -72 787.994
  vertex 506.168 -79 781.107
  vertex 501.006 -72 776.324
 endloop
endfacet
facet normal 0.644865 -0.0524163 -0.762497
 outer loop
  vertex 501.006 -72 776.324
  vertex 506.168 -79 781.107
  vertex 504.365 -79 779.465
 endloop
endfacet
facet normal 0.631803 -0.052378 -0.773357
 outer loop
  vertex 504.188 -79.0178 779.313
  vertex 501.006 -72 776.324
  vertex 504.365 -79 779.465
 endloop
endfacet
facet normal 0.630094 -0.0523747 -0.77475
 outer loop
  vertex 504.188 -79.0178 779.313
  vertex 504.101 -79.0438 779.24
  vertex 501.006 -72 776.324
 endloop
endfacet
facet normal 0.574799 -0.0525245 -0.816607
 outer loop
  vertex 501.006 -72 776.324
  vertex 504.101 -79.0438 779.24
  vertex 495.178 -81.2887 773.201
 endloop
endfacet
facet normal 0.347988 -0.0526349 -0.93602
 outer loop
  vertex 486.301 -72 768.832
  vertex 495.178 -81.2887 773.201
  vertex 482.997 -81.2887 768.379
 endloop
endfacet
facet normal 0.0833655 -0.0527042 -0.995124
 outer loop
  vertex 470 -72 766.25
  vertex 482.997 -81.2887 768.379
  vertex 470 -81.2887 766.737
 endloop
endfacet
facet normal 0.187365 -0.0528201 -0.980869
 outer loop
  vertex 470 -72 766.25
  vertex 486.301 -72 768.832
  vertex 482.997 -81.2887 768.379
 endloop
endfacet
facet normal 0.59625 -0.052582 -0.801075
 outer loop
  vertex 504.101 -79.0438 779.24
  vertex 503.973 -81.2887 779.285
  vertex 495.178 -81.2887 773.201
 endloop
endfacet
facet normal 0.462727 -0.0527737 -0.884929
 outer loop
  vertex 486.301 -72 768.832
  vertex 501.006 -72 776.324
  vertex 495.178 -81.2887 773.201
 endloop
endfacet
facet normal 0.990761 -0.0528201 -0.124911
 outer loop
  vertex 520.168 -72 802.699
  vertex 522.75 -72 819
  vertex 522.16 -81.2887 815.718
 endloop
endfacet
facet normal 0.984608 -0.0527737 0.166621
 outer loop
  vertex 522.75 -72 819
  vertex 520.168 -72 835.301
  vertex 521.337 -81.2887 828.793
 endloop
endfacet
facet normal 0.894502 -0.0527737 0.443938
 outer loop
  vertex 520.168 -72 835.301
  vertex 512.676 -72 850.006
  vertex 517.289 -81.2887 841.253
 endloop
endfacet
facet normal 0.424959 -0.0528201 0.90367
 outer loop
  vertex 501.006 -72 861.676
  vertex 486.301 -72 869.168
  vertex 489.239 -81.2887 867.593
 endloop
endfacet
facet normal 0.0134712 -0.980107 -0.198012
 outer loop
  vertex 470 -89.6984 774.264
  vertex 470 -89.4741 773.261
  vertex 481.125 -89.6984 775.67
 endloop
endfacet
facet normal 0.0362017 -0.971949 -0.232388
 outer loop
  vertex 481.125 -89.6984 775.67
  vertex 470 -89.4741 773.261
  vertex 481.375 -89.4741 774.698
 endloop
endfacet
facet normal 0.0874828 -0.971875 -0.218645
 outer loop
  vertex 487.12 -89.6984 777.67
  vertex 481.375 -89.4741 774.698
  vertex 492.035 -89.4741 778.919
 endloop
endfacet
facet normal 0.107198 -0.980107 -0.167029
 outer loop
  vertex 491.552 -89.6984 779.798
  vertex 492.035 -89.4741 778.919
  vertex 500.624 -89.6984 786.389
 endloop
endfacet
facet normal 0.0908281 -0.979911 -0.177552
 outer loop
  vertex 491.552 -89.6984 779.798
  vertex 487.12 -89.6984 777.67
  vertex 492.035 -89.4741 778.919
 endloop
endfacet
facet normal 0.0230539 -0.921947 -0.386629
 outer loop
  vertex 470 -89.4741 773.261
  vertex 470 -87.9998 770.301
  vertex 481.375 -89.4741 774.698
 endloop
endfacet
facet normal 0.0738979 -0.86736 -0.492164
 outer loop
  vertex 481.375 -89.4741 774.698
  vertex 470 -87.9998 770.301
  vertex 482.111 -87.9998 771.831
 endloop
endfacet
facet normal 0.193973 -0.86736 -0.458325
 outer loop
  vertex 492.035 -89.4741 778.919
  vertex 482.111 -87.9998 771.831
  vertex 493.461 -87.9998 776.325
 endloop
endfacet
facet normal 0.393357 -0.753542 -0.52673
 outer loop
  vertex 501.483 -88.045 781.926
  vertex 493.461 -87.9998 776.325
  vertex 502.386 -86.5955 780.676
 endloop
endfacet
facet normal 0.273661 -0.868174 -0.413985
 outer loop
  vertex 501.483 -88.045 781.926
  vertex 492.035 -89.4741 778.919
  vertex 493.461 -87.9998 776.325
 endloop
endfacet
facet normal 0.268765 -0.900751 -0.341193
 outer loop
  vertex 501.483 -88.045 781.926
  vertex 501.094 -88.9724 783.645
  vertex 492.035 -89.4741 778.919
 endloop
endfacet
facet normal 0.212133 -0.939878 -0.267635
 outer loop
  vertex 492.035 -89.4741 778.919
  vertex 501.094 -88.9724 783.645
  vertex 501.287 -89.3129 784.943
 endloop
endfacet
facet normal 0.201714 -0.955713 -0.214301
 outer loop
  vertex 501.31 -89.4741 785.658
  vertex 501.287 -89.3129 784.943
  vertex 501.894 -89.461 786.152
 endloop
endfacet
facet normal 0.194209 -0.960751 -0.198092
 outer loop
  vertex 502.895 -89.4581 787.139
  vertex 501.31 -89.4741 785.658
  vertex 501.894 -89.461 786.152
 endloop
endfacet
facet normal 0.206584 -0.961659 -0.180376
 outer loop
  vertex 502.895 -89.4581 787.139
  vertex 508.618 -89.4741 794.492
  vertex 501.31 -89.4741 785.658
 endloop
endfacet
facet normal 0.225918 -0.955661 -0.188875
 outer loop
  vertex 502.895 -89.4581 787.139
  vertex 504.099 -89.3052 787.725
  vertex 508.618 -89.4741 794.492
 endloop
endfacet
facet normal 0.266453 -0.938781 -0.218389
 outer loop
  vertex 508.618 -89.4741 794.492
  vertex 504.099 -89.3052 787.725
  vertex 505.405 -88.9544 787.905
 endloop
endfacet
facet normal 0.323797 -0.909048 -0.262271
 outer loop
  vertex 506.596 -88.3814 787.705
  vertex 508.618 -89.4741 794.492
  vertex 505.405 -88.9544 787.905
 endloop
endfacet
facet normal 0.389062 -0.878394 -0.277587
 outer loop
  vertex 506.596 -88.3814 787.705
  vertex 511.118 -87.9998 792.906
  vertex 508.618 -89.4741 794.492
 endloop
endfacet
facet normal 0.506671 -0.767076 -0.393546
 outer loop
  vertex 506.596 -88.3814 787.705
  vertex 508.324 -86.5955 786.614
  vertex 511.118 -87.9998 792.906
 endloop
endfacet
facet normal 0.611875 -0.663914 -0.429915
 outer loop
  vertex 511.118 -87.9998 792.906
  vertex 508.324 -86.5955 786.614
  vertex 513 -85.5555 791.712
 endloop
endfacet
facet normal 0.713794 -0.629236 -0.307507
 outer loop
  vertex 516.316 -87.9998 803.951
  vertex 513 -85.5555 791.712
  vertex 518.435 -85.5555 803.263
 endloop
endfacet
facet normal 0.767843 -0.629236 -0.120333
 outer loop
  vertex 518.603 -87.9998 815.942
  vertex 518.435 -85.5555 803.263
  vertex 520.827 -85.5555 815.802
 endloop
endfacet
facet normal 0.773645 -0.629236 0.074402
 outer loop
  vertex 517.837 -87.9998 828.125
  vertex 520.827 -85.5555 815.802
  vertex 520.025 -85.5555 828.543
 endloop
endfacet
facet normal 0.730836 -0.629236 0.264462
 outer loop
  vertex 514.064 -87.9998 839.735
  vertex 520.025 -85.5555 828.543
  vertex 516.081 -85.5555 840.684
 endloop
endfacet
facet normal 0.642107 -0.629236 0.437905
 outer loop
  vertex 507.523 -87.9998 850.042
  vertex 516.081 -85.5555 840.684
  vertex 509.24 -85.5555 851.462
 endloop
endfacet
facet normal 0.655445 -0.516016 0.55147
 outer loop
  vertex 508.324 -86.5955 851.386
  vertex 509.24 -85.5555 851.462
  vertex 509.328 -84.1134 852.482
 endloop
endfacet
facet normal 0.574997 -0.66314 0.479191
 outer loop
  vertex 508.324 -86.5955 851.386
  vertex 507.523 -87.9998 850.042
  vertex 509.24 -85.5555 851.462
 endloop
endfacet
facet normal 0.504384 -0.752158 0.424093
 outer loop
  vertex 508.324 -86.5955 851.386
  vertex 507.074 -88.045 850.483
  vertex 507.523 -87.9998 850.042
 endloop
endfacet
facet normal 0.414041 -0.83969 0.351413
 outer loop
  vertex 507.523 -87.9998 850.042
  vertex 507.074 -88.045 850.483
  vertex 505.355 -88.9724 850.094
 endloop
endfacet
facet normal 0.257808 -0.939334 0.226242
 outer loop
  vertex 505.242 -89.4741 848.155
  vertex 505.355 -88.9724 850.094
  vertex 504.057 -89.3129 850.287
 endloop
endfacet
facet normal 0.2181 -0.955749 0.197422
 outer loop
  vertex 502.848 -89.461 850.894
  vertex 505.242 -89.4741 848.155
  vertex 504.057 -89.3129 850.287
 endloop
endfacet
facet normal 0.190657 -0.961735 0.196763
 outer loop
  vertex 502.848 -89.461 850.894
  vertex 496.884 -89.4741 856.003
  vertex 505.242 -89.4741 848.155
 endloop
endfacet
facet normal 0.185249 -0.960942 0.205605
 outer loop
  vertex 502.848 -89.461 850.894
  vertex 501.861 -89.4581 851.895
  vertex 496.884 -89.4741 856.003
 endloop
endfacet
facet normal 0.193583 -0.955485 0.222654
 outer loop
  vertex 496.884 -89.4741 856.003
  vertex 501.861 -89.4581 851.895
  vertex 501.275 -89.3052 853.099
 endloop
endfacet
facet normal 0.223098 -0.938599 0.263173
 outer loop
  vertex 501.095 -88.9544 854.405
  vertex 496.884 -89.4741 856.003
  vertex 501.275 -89.3052 853.099
 endloop
endfacet
facet normal 0.266989 -0.90885 0.320482
 outer loop
  vertex 501.095 -88.9544 854.405
  vertex 501.295 -88.3814 855.596
  vertex 496.884 -89.4741 856.003
 endloop
endfacet
facet normal 0.292857 -0.878065 0.378467
 outer loop
  vertex 496.884 -89.4741 856.003
  vertex 501.295 -88.3814 855.596
  vertex 498.625 -87.9998 858.398
 endloop
endfacet
facet normal 0.229502 -0.86736 0.441606
 outer loop
  vertex 486.837 -89.4741 861.527
  vertex 498.625 -87.9998 858.398
  vertex 487.927 -87.9998 864.279
 endloop
endfacet
facet normal 0.112469 -0.86736 0.484807
 outer loop
  vertex 475.733 -89.4741 864.378
  vertex 487.927 -87.9998 864.279
  vertex 476.104 -87.9998 867.315
 endloop
endfacet
facet normal 0.0255754 -0.866123 0.499176
 outer loop
  vertex 470 -89.4741 864.739
  vertex 476.104 -87.9998 867.315
  vertex 470 -87.9998 867.699
 endloop
endfacet
facet normal 0.0371798 -0.921351 0.38695
 outer loop
  vertex 470 -89.4741 864.739
  vertex 475.733 -89.4741 864.378
  vertex 476.104 -87.9998 867.315
 endloop
endfacet
facet normal 0.0114508 -0.971645 0.236167
 outer loop
  vertex 470 -89.4741 864.739
  vertex 470 -89.6984 863.736
  vertex 475.733 -89.4741 864.378
 endloop
endfacet
facet normal 0.0182382 -0.979925 0.198529
 outer loop
  vertex 475.733 -89.4741 864.378
  vertex 470 -89.6984 863.736
  vertex 475.607 -89.6984 863.383
 endloop
endfacet
facet normal 0.0603678 -0.980107 0.189066
 outer loop
  vertex 486.837 -89.4741 861.527
  vertex 475.607 -89.6984 863.383
  vertex 486.468 -89.6984 860.594
 endloop
endfacet
facet normal 0.0742898 -0.979865 0.185324
 outer loop
  vertex 487.12 -89.6984 860.33
  vertex 486.837 -89.4741 861.527
  vertex 486.468 -89.6984 860.594
 endloop
endfacet
facet normal 0.108093 -0.971932 0.208961
 outer loop
  vertex 487.12 -89.6984 860.33
  vertex 496.884 -89.4741 856.003
  vertex 486.837 -89.4741 861.527
 endloop
endfacet
facet normal 0.106275 -0.980078 0.167789
 outer loop
  vertex 487.12 -89.6984 860.33
  vertex 496.295 -89.6984 855.192
  vertex 496.884 -89.4741 856.003
 endloop
endfacet
facet normal 0.123834 -0.979959 0.156028
 outer loop
  vertex 496.884 -89.4741 856.003
  vertex 496.295 -89.6984 855.192
  vertex 501.633 -89.6984 850.633
 endloop
endfacet
facet normal 0.150415 -0.979899 0.131049
 outer loop
  vertex 505.242 -89.4741 848.155
  vertex 501.633 -89.6984 850.633
  vertex 504.469 -89.6984 847.516
 endloop
endfacet
facet normal 0.173431 -0.980107 0.0964985
 outer loop
  vertex 511.385 -89.4741 838.474
  vertex 504.469 -89.6984 847.516
  vertex 510.478 -89.6984 838.047
 endloop
endfacet
facet normal 0.181695 -0.979873 0.0826798
 outer loop
  vertex 511.33 -89.6984 836.12
  vertex 511.385 -89.4741 838.474
  vertex 510.478 -89.6984 838.047
 endloop
endfacet
facet normal 0.22251 -0.971903 0.0767672
 outer loop
  vertex 511.33 -89.6984 836.12
  vertex 514.928 -89.4741 827.571
  vertex 511.385 -89.4741 838.474
 endloop
endfacet
facet normal 0.192996 -0.980025 0.0479979
 outer loop
  vertex 511.33 -89.6984 836.12
  vertex 513.943 -89.6984 827.383
  vertex 514.928 -89.4741 827.571
 endloop
endfacet
facet normal 0.197114 -0.980001 0.0272694
 outer loop
  vertex 514.928 -89.4741 827.571
  vertex 513.943 -89.6984 827.383
  vertex 514.736 -89.6984 819
 endloop
endfacet
facet normal 0.19938 -0.97988 -0.00913672
 outer loop
  vertex 515.648 -89.4741 816.128
  vertex 514.736 -89.6984 819
  vertex 514.647 -89.6984 816.191
 endloop
endfacet
facet normal 0.192483 -0.980107 -0.0483771
 outer loop
  vertex 513.5 -89.4741 804.866
  vertex 514.647 -89.6984 816.191
  vertex 512.546 -89.6984 805.176
 endloop
endfacet
facet normal 0.188425 -0.979888 -0.0656907
 outer loop
  vertex 511.33 -89.6984 801.88
  vertex 513.5 -89.4741 804.866
  vertex 512.546 -89.6984 805.176
 endloop
endfacet
facet normal 0.214123 -0.971885 -0.0979382
 outer loop
  vertex 511.33 -89.6984 801.88
  vertex 508.618 -89.4741 794.492
  vertex 513.5 -89.4741 804.866
 endloop
endfacet
facet normal 0.172911 -0.979979 -0.0987035
 outer loop
  vertex 511.33 -89.6984 801.88
  vertex 507.772 -89.6984 795.029
  vertex 508.618 -89.4741 794.492
 endloop
endfacet
facet normal 0.161181 -0.98005 -0.116283
 outer loop
  vertex 508.618 -89.4741 794.492
  vertex 507.772 -89.6984 795.029
  vertex 501.633 -89.6984 787.367
 endloop
endfacet
facet normal 0.137902 -0.979868 -0.144366
 outer loop
  vertex 501.31 -89.4741 785.658
  vertex 501.633 -89.6984 787.367
  vertex 500.624 -89.6984 786.389
 endloop
endfacet
facet normal 0.143678 -0.971949 -0.186203
 outer loop
  vertex 492.035 -89.4741 778.919
  vertex 501.31 -89.4741 785.658
  vertex 500.624 -89.6984 786.389
 endloop
endfacet
facet normal 0.181022 -0.956756 -0.227702
 outer loop
  vertex 492.035 -89.4741 778.919
  vertex 501.287 -89.3129 784.943
  vertex 501.31 -89.4741 785.658
 endloop
endfacet
facet normal 0.0508839 -0.720625 -0.691455
 outer loop
  vertex 470 -87.9998 770.301
  vertex 470 -85.5555 768.073
  vertex 482.111 -87.9998 771.831
 endloop
endfacet
facet normal 0.122833 -0.629236 -0.767447
 outer loop
  vertex 482.111 -87.9998 771.831
  vertex 470 -85.5555 768.073
  vertex 482.665 -85.5555 769.672
 endloop
endfacet
facet normal 0.30983 -0.629236 -0.712789
 outer loop
  vertex 493.461 -87.9998 776.325
  vertex 482.665 -85.5555 769.672
  vertex 494.535 -85.5555 774.372
 endloop
endfacet
facet normal 0.508632 -0.517713 -0.687944
 outer loop
  vertex 502.386 -86.5955 780.676
  vertex 494.535 -85.5555 774.372
  vertex 503.482 -84.1134 779.672
 endloop
endfacet
facet normal 0.403929 -0.664799 -0.628398
 outer loop
  vertex 502.386 -86.5955 780.676
  vertex 493.461 -87.9998 776.325
  vertex 494.535 -85.5555 774.372
 endloop
endfacet
facet normal 0.071967 -0.420901 -0.904247
 outer loop
  vertex 470 -85.5555 768.073
  vertex 470 -82.4714 766.878
  vertex 482.665 -85.5555 769.672
 endloop
endfacet
facet normal 0.155309 -0.304533 -0.939755
 outer loop
  vertex 482.665 -85.5555 769.672
  vertex 470 -82.4714 766.878
  vertex 482.962 -82.4714 768.515
 endloop
endfacet
facet normal 0.384137 -0.304533 -0.871607
 outer loop
  vertex 494.535 -85.5555 774.372
  vertex 482.962 -82.4714 768.515
  vertex 495.11 -82.4714 773.325
 endloop
endfacet
facet normal 0.582974 -0.203436 -0.78661
 outer loop
  vertex 503.482 -84.1134 779.672
  vertex 495.11 -82.4714 773.325
  vertex 503.973 -81.2887 779.285
 endloop
endfacet
facet normal 0.503144 -0.364361 -0.783637
 outer loop
  vertex 503.482 -84.1134 779.672
  vertex 494.535 -85.5555 774.372
  vertex 495.11 -82.4714 773.325
 endloop
endfacet
facet normal 0.0822073 -0.141185 -0.986564
 outer loop
  vertex 470 -82.4714 766.878
  vertex 470 -81.2887 766.737
  vertex 482.962 -82.4714 768.515
 endloop
endfacet
facet normal 0.165742 -0.0970032 -0.981387
 outer loop
  vertex 482.962 -82.4714 768.515
  vertex 470 -81.2887 766.737
  vertex 482.997 -81.2887 768.379
 endloop
endfacet
facet normal 0.404596 -0.0970032 -0.909336
 outer loop
  vertex 495.11 -82.4714 773.325
  vertex 482.997 -81.2887 768.379
  vertex 495.178 -81.2887 773.201
 endloop
endfacet
facet normal 0.538134 -0.0967764 -0.837285
 outer loop
  vertex 503.973 -81.2887 779.285
  vertex 495.11 -82.4714 773.325
  vertex 495.178 -81.2887 773.201
 endloop
endfacet
facet normal 0.677595 -0.516809 -0.523233
 outer loop
  vertex 508.324 -86.5955 786.614
  vertex 509.328 -84.1133 785.518
  vertex 513 -85.5555 791.712
 endloop
endfacet
facet normal 0.762201 -0.363596 -0.535581
 outer loop
  vertex 513 -85.5555 791.712
  vertex 509.328 -84.1133 785.518
  vertex 514.008 -82.4714 791.071
 endloop
endfacet
facet normal 0.87668 -0.304533 -0.372414
 outer loop
  vertex 518.435 -85.5555 803.263
  vertex 514.008 -82.4714 791.071
  vertex 519.571 -82.4714 802.893
 endloop
endfacet
facet normal 0.941753 -0.304533 -0.142693
 outer loop
  vertex 520.827 -85.5555 815.802
  vertex 519.571 -82.4714 802.893
  vertex 522.019 -82.4714 815.727
 endloop
endfacet
facet normal 0.947652 -0.304533 0.0959947
 outer loop
  vertex 520.025 -85.5555 828.543
  vertex 522.019 -82.4714 815.727
  vertex 521.199 -82.4714 828.767
 endloop
endfacet
facet normal 0.894007 -0.304533 0.32865
 outer loop
  vertex 516.081 -85.5555 840.684
  vertex 521.199 -82.4714 828.767
  vertex 517.162 -82.4714 841.193
 endloop
endfacet
facet normal 0.784188 -0.304533 0.540656
 outer loop
  vertex 509.24 -85.5555 851.462
  vertex 517.162 -82.4714 841.193
  vertex 510.161 -82.4714 852.224
 endloop
endfacet
facet normal 0.748159 -0.202536 0.631853
 outer loop
  vertex 509.328 -84.1134 852.482
  vertex 510.161 -82.4714 852.224
  vertex 509.715 -81.2887 852.973
 endloop
endfacet
facet normal 0.715147 -0.362919 0.597373
 outer loop
  vertex 509.328 -84.1134 852.482
  vertex 509.24 -85.5555 851.462
  vertex 510.161 -82.4714 852.224
 endloop
endfacet
facet normal 0.774189 -0.202958 -0.599532
 outer loop
  vertex 509.328 -84.1133 785.518
  vertex 509.715 -81.2887 785.027
  vertex 514.008 -82.4714 791.071
 endloop
endfacet
facet normal 0.814057 -0.0965433 -0.572705
 outer loop
  vertex 514.008 -82.4714 791.071
  vertex 509.715 -81.2887 785.027
  vertex 514.127 -81.2887 790.996
 endloop
endfacet
facet normal 0.917421 -0.0970032 -0.385913
 outer loop
  vertex 519.571 -82.4714 802.893
  vertex 514.127 -81.2887 790.996
  vertex 519.705 -81.2887 802.85
 endloop
endfacet
facet normal 0.984571 -0.0970032 -0.145635
 outer loop
  vertex 522.019 -82.4714 815.727
  vertex 519.705 -81.2887 802.85
  vertex 522.16 -81.2887 815.718
 endloop
endfacet
facet normal 0.989857 -0.0970032 0.103793
 outer loop
  vertex 521.199 -82.4714 828.767
  vertex 522.16 -81.2887 815.718
  vertex 521.337 -81.2887 828.793
 endloop
endfacet
facet normal 0.932947 -0.0970032 0.3467
 outer loop
  vertex 517.162 -82.4714 841.193
  vertex 521.337 -81.2887 828.793
  vertex 517.289 -81.2887 841.253
 endloop
endfacet
facet normal 0.817416 -0.0970032 0.567822
 outer loop
  vertex 510.161 -82.4714 852.224
  vertex 517.289 -81.2887 841.253
  vertex 510.27 -81.2887 852.314
 endloop
endfacet
facet normal 0.763413 -0.096331 0.638687
 outer loop
  vertex 509.715 -81.2887 852.973
  vertex 510.161 -82.4714 852.224
  vertex 510.27 -81.2887 852.314
 endloop
endfacet
facet normal 0.403837 -0.766617 0.499214
 outer loop
  vertex 501.295 -88.3814 855.596
  vertex 502.386 -86.5955 857.324
  vertex 498.625 -87.9998 858.398
 endloop
endfacet
facet normal 0.455022 -0.663361 0.59406
 outer loop
  vertex 498.625 -87.9998 858.398
  vertex 502.386 -86.5955 857.324
  vertex 499.934 -85.5555 860.201
 endloop
endfacet
facet normal 0.35172 -0.629236 0.693077
 outer loop
  vertex 487.927 -87.9998 864.279
  vertex 499.934 -85.5555 860.201
  vertex 488.748 -85.5555 866.351
 endloop
endfacet
facet normal 0.168309 -0.629236 0.758772
 outer loop
  vertex 476.104 -87.9998 867.315
  vertex 488.748 -85.5555 866.351
  vertex 476.383 -85.5555 869.526
 endloop
endfacet
facet normal 0.0361058 -0.627133 0.778075
 outer loop
  vertex 470 -87.9998 867.699
  vertex 476.383 -85.5555 869.526
  vertex 470 -85.5555 869.927
 endloop
endfacet
facet normal 0.0616775 -0.718919 0.692352
 outer loop
  vertex 470 -87.9998 867.699
  vertex 476.104 -87.9998 867.315
  vertex 476.383 -85.5555 869.526
 endloop
endfacet
facet normal 0.537522 -0.516244 0.666755
 outer loop
  vertex 502.386 -86.5955 857.324
  vertex 503.482 -84.1133 858.328
  vertex 499.934 -85.5555 860.201
 endloop
endfacet
facet normal 0.567007 -0.363116 0.739357
 outer loop
  vertex 499.934 -85.5555 860.201
  vertex 503.482 -84.1133 858.328
  vertex 500.637 -82.4714 861.168
 endloop
endfacet
facet normal 0.426726 -0.304533 0.851566
 outer loop
  vertex 488.748 -85.5555 866.351
  vertex 500.637 -82.4714 861.168
  vertex 489.187 -82.4714 867.462
 endloop
endfacet
facet normal 0.201544 -0.304533 0.930935
 outer loop
  vertex 476.383 -85.5555 869.526
  vertex 489.187 -82.4714 867.462
  vertex 476.533 -82.4714 870.711
 endloop
endfacet
facet normal 0.0417649 -0.303045 0.95206
 outer loop
  vertex 470 -85.5555 869.927
  vertex 476.533 -82.4714 870.711
  vertex 470 -82.4714 871.122
 endloop
endfacet
facet normal 0.0778721 -0.419123 0.904584
 outer loop
  vertex 470 -85.5555 869.927
  vertex 476.383 -85.5555 869.526
  vertex 476.533 -82.4714 870.711
 endloop
endfacet
facet normal 0.615833 -0.202659 0.761367
 outer loop
  vertex 503.482 -84.1133 858.328
  vertex 503.973 -81.2887 858.715
  vertex 500.637 -82.4714 861.168
 endloop
endfacet
facet normal 0.606236 -0.096395 0.789421
 outer loop
  vertex 500.637 -82.4714 861.168
  vertex 503.973 -81.2887 858.715
  vertex 500.72 -81.2887 861.282
 endloop
endfacet
facet normal 0.442756 -0.0970032 0.891379
 outer loop
  vertex 489.187 -82.4714 867.462
  vertex 500.72 -81.2887 861.282
  vertex 489.239 -81.2887 867.593
 endloop
endfacet
facet normal 0.207169 -0.0970032 0.973484
 outer loop
  vertex 476.533 -82.4714 870.711
  vertex 489.239 -81.2887 867.593
  vertex 476.55 -81.2887 870.851
 endloop
endfacet
facet normal 0.0418749 -0.0964962 0.994452
 outer loop
  vertex 470 -82.4714 871.122
  vertex 476.55 -81.2887 870.851
  vertex 470 -81.2887 871.263
 endloop
endfacet
facet normal 0.083091 -0.140459 0.986594
 outer loop
  vertex 470 -82.4714 871.122
  vertex 476.533 -82.4714 870.711
  vertex 476.55 -81.2887 870.851
 endloop
endfacet
facet normal 0.0569154 -0.979941 -0.190986
 outer loop
  vertex 487.12 -89.6984 777.67
  vertex 481.125 -89.6984 775.67
  vertex 481.375 -89.4741 774.698
 endloop
endfacet
facet normal 0.324973 -0.141185 -0.935125
 outer loop
  vertex 482.962 -82.4714 768.515
  vertex 482.997 -81.2887 768.379
  vertex 495.11 -82.4714 773.325
 endloop
endfacet
facet normal 0.294583 -0.420901 -0.857941
 outer loop
  vertex 482.665 -85.5555 769.672
  vertex 482.962 -82.4714 768.515
  vertex 494.535 -85.5555 774.372
 endloop
endfacet
facet normal 0.221243 -0.720625 -0.657078
 outer loop
  vertex 482.111 -87.9998 771.831
  vertex 482.665 -85.5555 769.672
  vertex 493.461 -87.9998 776.325
 endloop
endfacet
facet normal 0.11848 -0.921947 -0.368749
 outer loop
  vertex 481.375 -89.4741 774.698
  vertex 482.111 -87.9998 771.831
  vertex 492.035 -89.4741 778.919
 endloop
endfacet
facet normal 0.877032 -0.141185 -0.459218
 outer loop
  vertex 514.008 -82.4714 791.071
  vertex 514.127 -81.2887 790.996
  vertex 519.571 -82.4714 802.893
 endloop
endfacet
facet normal 0.802043 -0.420901 -0.423756
 outer loop
  vertex 513 -85.5555 791.712
  vertex 514.008 -82.4714 791.071
  vertex 518.435 -85.5555 803.263
 endloop
endfacet
facet normal 0.61108 -0.720625 -0.327538
 outer loop
  vertex 513 -85.5555 791.712
  vertex 516.316 -87.9998 803.951
  vertex 511.118 -87.9998 792.906
 endloop
endfacet
facet normal 0.455145 -0.86736 -0.201321
 outer loop
  vertex 511.118 -87.9998 792.906
  vertex 516.316 -87.9998 803.951
  vertex 513.5 -89.4741 804.866
 endloop
endfacet
facet normal 0.338795 -0.921947 -0.187701
 outer loop
  vertex 508.618 -89.4741 794.492
  vertex 511.118 -87.9998 792.906
  vertex 513.5 -89.4741 804.866
 endloop
endfacet
facet normal 0.17803 -0.971916 -0.153896
 outer loop
  vertex 501.31 -89.4741 785.658
  vertex 508.618 -89.4741 794.492
  vertex 501.633 -89.6984 787.367
 endloop
endfacet
facet normal 0.963682 -0.141185 -0.226681
 outer loop
  vertex 519.571 -82.4714 802.893
  vertex 519.705 -81.2887 802.85
  vertex 522.019 -82.4714 815.727
 endloop
endfacet
facet normal 0.882229 -0.420901 -0.210983
 outer loop
  vertex 518.435 -85.5555 803.263
  vertex 519.571 -82.4714 802.893
  vertex 520.827 -85.5555 815.802
 endloop
endfacet
facet normal 0.673337 -0.720625 -0.165278
 outer loop
  vertex 518.435 -85.5555 803.263
  vertex 518.603 -87.9998 815.942
  vertex 516.316 -87.9998 803.951
 endloop
endfacet
facet normal 0.490912 -0.86736 -0.0818061
 outer loop
  vertex 516.316 -87.9998 803.951
  vertex 518.603 -87.9998 815.942
  vertex 515.648 -89.4741 816.128
 endloop
endfacet
facet normal 0.232201 -0.971949 -0.037382
 outer loop
  vertex 513.5 -89.4741 804.866
  vertex 515.648 -89.4741 816.128
  vertex 514.647 -89.6984 816.191
 endloop
endfacet
facet normal 0.37483 -0.921947 -0.0975494
 outer loop
  vertex 513.5 -89.4741 804.866
  vertex 516.316 -87.9998 803.951
  vertex 515.648 -89.4741 816.128
 endloop
endfacet
facet normal 0.989779 -0.141185 0.0200982
 outer loop
  vertex 522.019 -82.4714 815.727
  vertex 522.16 -81.2887 815.718
  vertex 521.199 -82.4714 828.767
 endloop
endfacet
facet normal 0.906982 -0.420901 0.0150468
 outer loop
  vertex 520.827 -85.5555 815.802
  vertex 522.019 -82.4714 815.727
  vertex 520.025 -85.5555 828.543
 endloop
endfacet
facet normal 0.693286 -0.720625 0.00736667
 outer loop
  vertex 520.827 -85.5555 815.802
  vertex 517.837 -87.9998 828.125
  vertex 518.603 -87.9998 815.942
 endloop
endfacet
facet normal 0.495833 -0.86736 0.0428489
 outer loop
  vertex 518.603 -87.9998 815.942
  vertex 517.837 -87.9998 828.125
  vertex 514.928 -89.4741 827.571
 endloop
endfacet
facet normal 0.235148 -0.971893 0.0113859
 outer loop
  vertex 515.648 -89.4741 816.128
  vertex 514.928 -89.4741 827.571
  vertex 514.736 -89.6984 819
 endloop
endfacet
facet normal 0.387314 -0.921947 -0.0012682
 outer loop
  vertex 515.648 -89.4741 816.128
  vertex 518.603 -87.9998 815.942
  vertex 514.928 -89.4741 827.571
 endloop
endfacet
facet normal 0.953685 -0.141185 0.265615
 outer loop
  vertex 521.199 -82.4714 828.767
  vertex 521.337 -81.2887 828.793
  vertex 517.162 -82.4714 841.193
 endloop
endfacet
facet normal 0.874745 -0.420901 0.240131
 outer loop
  vertex 520.025 -85.5555 828.543
  vertex 521.199 -82.4714 828.767
  vertex 516.081 -85.5555 840.684
 endloop
endfacet
facet normal 0.669673 -0.720625 0.179548
 outer loop
  vertex 520.025 -85.5555 828.543
  vertex 514.064 -87.9998 839.735
  vertex 517.837 -87.9998 828.125
 endloop
endfacet
facet normal 0.4696 -0.86736 0.164811
 outer loop
  vertex 517.837 -87.9998 828.125
  vertex 514.064 -87.9998 839.735
  vertex 511.385 -89.4741 838.474
 endloop
endfacet
facet normal 0.375461 -0.921947 0.0950927
 outer loop
  vertex 514.928 -89.4741 827.571
  vertex 517.837 -87.9998 828.125
  vertex 511.385 -89.4741 838.474
 endloop
endfacet
facet normal 0.857668 -0.141185 0.494442
 outer loop
  vertex 517.162 -82.4714 841.193
  vertex 517.289 -81.2887 841.253
  vertex 510.161 -82.4714 852.224
 endloop
endfacet
facet normal 0.787546 -0.420901 0.450128
 outer loop
  vertex 516.081 -85.5555 840.684
  vertex 517.162 -82.4714 841.193
  vertex 509.24 -85.5555 851.462
 endloop
endfacet
facet normal 0.603982 -0.720625 0.340449
 outer loop
  vertex 516.081 -85.5555 840.684
  vertex 507.523 -87.9998 850.042
  vertex 514.064 -87.9998 839.735
 endloop
endfacet
facet normal 0.413859 -0.86736 0.276418
 outer loop
  vertex 514.064 -87.9998 839.735
  vertex 507.523 -87.9998 850.042
  vertex 505.242 -89.4741 848.155
 endloop
endfacet
facet normal 0.194857 -0.971949 0.131702
 outer loop
  vertex 511.385 -89.4741 838.474
  vertex 505.242 -89.4741 848.155
  vertex 504.469 -89.6984 847.516
 endloop
endfacet
facet normal 0.340017 -0.921947 0.185478
 outer loop
  vertex 511.385 -89.4741 838.474
  vertex 514.064 -87.9998 839.735
  vertex 505.242 -89.4741 848.155
 endloop
endfacet
facet normal 0.3348 -0.898926 0.282563
 outer loop
  vertex 505.242 -89.4741 848.155
  vertex 507.523 -87.9998 850.042
  vertex 505.355 -88.9724 850.094
 endloop
endfacet
facet normal 0.513381 -0.141185 0.846467
 outer loop
  vertex 500.637 -82.4714 861.168
  vertex 500.72 -81.2887 861.282
  vertex 489.187 -82.4714 867.462
 endloop
endfacet
facet normal 0.473281 -0.420901 0.773853
 outer loop
  vertex 499.934 -85.5555 860.201
  vertex 500.637 -82.4714 861.168
  vertex 488.748 -85.5555 866.351
 endloop
endfacet
facet normal 0.365261 -0.720625 0.589308
 outer loop
  vertex 498.625 -87.9998 858.398
  vertex 499.934 -85.5555 860.201
  vertex 487.927 -87.9998 864.279
 endloop
endfacet
facet normal 0.208604 -0.921947 0.32634
 outer loop
  vertex 496.884 -89.4741 856.003
  vertex 498.625 -87.9998 858.398
  vertex 486.837 -89.4741 861.527
 endloop
endfacet
facet normal 0.162435 -0.971879 0.17049
 outer loop
  vertex 505.242 -89.4741 848.155
  vertex 496.884 -89.4741 856.003
  vertex 501.633 -89.6984 850.633
 endloop
endfacet
facet normal 0.286744 -0.141185 0.947547
 outer loop
  vertex 489.187 -82.4714 867.462
  vertex 489.239 -81.2887 867.593
  vertex 476.533 -82.4714 870.711
 endloop
endfacet
facet normal 0.265962 -0.420901 0.867241
 outer loop
  vertex 488.748 -85.5555 866.351
  vertex 489.187 -82.4714 867.462
  vertex 476.383 -85.5555 869.526
 endloop
endfacet
facet normal 0.207231 -0.720625 0.661631
 outer loop
  vertex 487.927 -87.9998 864.279
  vertex 488.748 -85.5555 866.351
  vertex 476.104 -87.9998 867.315
 endloop
endfacet
facet normal 0.0518882 -0.971949 0.229396
 outer loop
  vertex 475.607 -89.6984 863.383
  vertex 486.837 -89.4741 861.527
  vertex 475.733 -89.4741 864.378
 endloop
endfacet
facet normal 0.120893 -0.921947 0.367965
 outer loop
  vertex 475.733 -89.4741 864.378
  vertex 486.837 -89.4741 861.527
  vertex 487.927 -87.9998 864.279
 endloop
endfacet
facet normal -0.985121 1.73811E-18 0.171862
 outer loop
  vertex 502.252 -82 854.002
  vertex 502.62 -82 855.377
  vertex 502.252 -79 854.002
 endloop
endfacet
facet normal -0.939071 1.65691E-18 0.343724
 outer loop
  vertex 502.252 -79 854.002
  vertex 502.62 -82 855.377
  vertex 502.62 -79 855.377
 endloop
endfacet
facet normal -0.767209 1.35377E-18 0.641397
 outer loop
  vertex 502.62 -79 855.377
  vertex 502.62 -82 855.377
  vertex 503.627 -82 856.383
 endloop
endfacet
facet normal -0.343724 6.0668E-19 0.939071
 outer loop
  vertex 503.627 -79 856.383
  vertex 503.627 -82 856.383
  vertex 505.002 -82 856.752
 endloop
endfacet
facet normal 0.171862 -3.02967E-19 0.985121
 outer loop
  vertex 505.002 -79 856.752
  vertex 505.002 -82 856.752
  vertex 506.377 -82 856.383
 endloop
endfacet
facet normal 0.641397 -1.13143E-18 0.767209
 outer loop
  vertex 506.377 -79 856.383
  vertex 506.377 -82 856.383
  vertex 507.383 -82 855.377
 endloop
endfacet
facet normal 0.939071 -1.65673E-18 0.343724
 outer loop
  vertex 507.383 -79 855.377
  vertex 507.383 -82 855.377
  vertex 507.752 -82 854.002
 endloop
endfacet
facet normal 0.985121 -1.73802E-18 0.171862
 outer loop
  vertex 507.752 -79 854.002
  vertex 507.383 -79 855.377
  vertex 507.752 -82 854.002
 endloop
endfacet
facet normal 0.767209 -1.35344E-18 0.641397
 outer loop
  vertex 507.383 -79 855.377
  vertex 506.377 -79 856.383
  vertex 507.383 -82 855.377
 endloop
endfacet
facet normal 0.343724 -6.06198E-19 0.939071
 outer loop
  vertex 506.377 -79 856.383
  vertex 505.002 -79 856.752
  vertex 506.377 -82 856.383
 endloop
endfacet
facet normal -0.171862 3.03472E-19 0.985121
 outer loop
  vertex 505.002 -79 856.752
  vertex 503.627 -79 856.383
  vertex 505.002 -82 856.752
 endloop
endfacet
facet normal -0.641397 1.13183E-18 0.767209
 outer loop
  vertex 503.627 -79 856.383
  vertex 502.62 -79 855.377
  vertex 503.627 -82 856.383
 endloop
endfacet
facet normal 0.985121 7.80214E-18 -0.171862
 outer loop
  vertex 507.752 -82 783.998
  vertex 507.383 -82 782.623
  vertex 507.752 -79 783.998
 endloop
endfacet
facet normal 0.939071 1.2388E-18 -0.343724
 outer loop
  vertex 507.752 -79 783.998
  vertex 507.383 -82 782.623
  vertex 507.383 -79 782.623
 endloop
endfacet
facet normal 0.767209 -7.99831E-18 -0.641397
 outer loop
  vertex 507.383 -79 782.623
  vertex 507.383 -82 782.623
  vertex 506.377 -82 781.617
 endloop
endfacet
facet normal 0.343724 -7.58616E-17 -0.939071
 outer loop
  vertex 506.377 -79 781.617
  vertex 506.377 -82 781.617
  vertex 505.002 -82 781.248
 endloop
endfacet
facet normal -0.171862 -8.37163E-17 -0.985121
 outer loop
  vertex 505.002 -79 781.248
  vertex 505.002 -82 781.248
  vertex 503.627 -82 781.617
 endloop
endfacet
facet normal -0.641397 -2.94578E-17 -0.767209
 outer loop
  vertex 503.627 -79 781.617
  vertex 503.627 -82 781.617
  vertex 502.62 -82 782.623
 endloop
endfacet
facet normal -0.939071 -2.1512E-17 -0.343724
 outer loop
  vertex 502.62 -79 782.623
  vertex 502.62 -82 782.623
  vertex 502.252 -82 783.998
 endloop
endfacet
facet normal -0.985121 -3.0971E-17 -0.171862
 outer loop
  vertex 502.252 -79 783.998
  vertex 502.62 -79 782.623
  vertex 502.252 -82 783.998
 endloop
endfacet
facet normal -0.767209 -5.24045E-17 -0.641397
 outer loop
  vertex 502.62 -79 782.623
  vertex 503.627 -79 781.617
  vertex 502.62 -82 782.623
 endloop
endfacet
facet normal -0.343724 -5.97963E-17 -0.939071
 outer loop
  vertex 503.627 -79 781.617
  vertex 505.002 -79 781.248
  vertex 503.627 -82 781.617
 endloop
endfacet
facet normal 0.171862 -1.05372E-16 -0.985121
 outer loop
  vertex 505.002 -79 781.248
  vertex 506.377 -79 781.617
  vertex 505.002 -82 781.248
 endloop
endfacet
facet normal 0.641397 -2.88253E-17 -0.767209
 outer loop
  vertex 506.377 -79 781.617
  vertex 507.383 -79 782.623
  vertex 506.377 -82 781.617
 endloop
endfacet
facet normal -0.171862 9.84322E-18 -0.985121
 outer loop
  vertex 434.998 -82 781.248
  vertex 433.623 -82 781.617
  vertex 434.998 -79 781.248
 endloop
endfacet
facet normal -0.343724 3.50191E-18 -0.939071
 outer loop
  vertex 434.998 -79 781.248
  vertex 433.623 -82 781.617
  vertex 433.623 -79 781.617
 endloop
endfacet
facet normal -0.641397 -5.51311E-18 -0.767209
 outer loop
  vertex 433.623 -79 781.617
  vertex 433.623 -82 781.617
  vertex 432.617 -82 782.623
 endloop
endfacet
facet normal -0.939071 -7.35982E-17 -0.343724
 outer loop
  vertex 432.617 -79 782.623
  vertex 432.617 -82 782.623
  vertex 432.248 -82 783.998
 endloop
endfacet
facet normal -0.985121 -8.22811E-17 0.171862
 outer loop
  vertex 432.248 -79 783.998
  vertex 432.248 -82 783.998
  vertex 432.617 -82 785.373
 endloop
endfacet
facet normal -0.767209 -2.92354E-17 0.641397
 outer loop
  vertex 432.617 -79 785.373
  vertex 432.617 -82 785.373
  vertex 433.623 -82 786.38
 endloop
endfacet
facet normal -0.343724 -2.25621E-17 0.939071
 outer loop
  vertex 433.623 -79 786.38
  vertex 433.623 -82 786.38
  vertex 434.998 -82 786.748
 endloop
endfacet
facet normal -0.171862 -3.24055E-17 0.985121
 outer loop
  vertex 434.998 -79 786.748
  vertex 433.623 -79 786.38
  vertex 434.998 -82 786.748
 endloop
endfacet
facet normal -0.641397 -5.26261E-17 0.767209
 outer loop
  vertex 433.623 -79 786.38
  vertex 432.617 -79 785.373
  vertex 433.623 -82 786.38
 endloop
endfacet
facet normal -0.939071 -5.87456E-17 0.343724
 outer loop
  vertex 432.617 -79 785.373
  vertex 432.248 -79 783.998
  vertex 432.617 -82 785.373
 endloop
endfacet
facet normal -0.985121 -1.0333E-16 -0.171862
 outer loop
  vertex 432.248 -79 783.998
  vertex 432.617 -79 782.623
  vertex 432.248 -82 783.998
 endloop
endfacet
facet normal -0.767209 -2.634E-17 -0.641397
 outer loop
  vertex 432.617 -79 782.623
  vertex 433.623 -79 781.617
  vertex 432.617 -82 782.623
 endloop
endfacet
facet normal -0.985121 1.12784E-17 0.171862
 outer loop
  vertex 432.248 -82 854.002
  vertex 432.617 -82 855.377
  vertex 432.248 -79 854.002
 endloop
endfacet
facet normal -0.939071 4.55262E-18 0.343724
 outer loop
  vertex 432.248 -79 854.002
  vertex 432.617 -82 855.377
  vertex 432.617 -79 855.377
 endloop
endfacet
facet normal -0.767209 -5.29078E-18 0.641397
 outer loop
  vertex 432.617 -79 855.377
  vertex 432.617 -82 855.377
  vertex 433.623 -82 856.383
 endloop
endfacet
facet normal -0.343724 -7.46482E-17 0.939071
 outer loop
  vertex 433.623 -79 856.383
  vertex 433.623 -82 856.383
  vertex 434.998 -82 856.752
 endloop
endfacet
facet normal 0.171862 -8.43222E-17 0.985121
 outer loop
  vertex 434.998 -79 856.752
  vertex 434.998 -82 856.752
  vertex 436.373 -82 856.383
 endloop
endfacet
facet normal 0.641397 -3.17206E-17 0.767209
 outer loop
  vertex 436.373 -79 856.383
  vertex 436.373 -82 856.383
  vertex 437.38 -82 855.377
 endloop
endfacet
facet normal 0.939071 -2.48255E-17 0.343724
 outer loop
  vertex 437.38 -79 855.377
  vertex 437.38 -82 855.377
  vertex 437.748 -82 854.002
 endloop
endfacet
facet normal 0.985121 -3.4447E-17 0.171862
 outer loop
  vertex 437.748 -79 854.002
  vertex 437.38 -79 855.377
  vertex 437.748 -82 854.002
 endloop
endfacet
facet normal 0.767209 -5.51114E-17 0.641397
 outer loop
  vertex 437.38 -79 855.377
  vertex 436.373 -79 856.383
  vertex 437.38 -82 855.377
 endloop
endfacet
facet normal 0.343724 -6.10087E-17 0.939071
 outer loop
  vertex 436.373 -79 856.383
  vertex 434.998 -79 856.752
  vertex 436.373 -82 856.383
 endloop
endfacet
facet normal -0.171862 -1.04765E-16 0.985121
 outer loop
  vertex 434.998 -79 856.752
  vertex 433.623 -79 856.383
  vertex 434.998 -82 856.752
 endloop
endfacet
facet normal -0.641397 -2.65617E-17 0.767209
 outer loop
  vertex 433.623 -79 856.383
  vertex 432.617 -79 855.377
  vertex 433.623 -82 856.383
 endloop
endfacet
facet normal -0.123208 -0.507896 -0.852562
 outer loop
  vertex 470 -93.4555 823.709
  vertex 470 -92.4 823.1
  vertex 471.979 -93.4555 823.274
 endloop
endfacet
facet normal -0.270886 -0.509893 -0.816474
 outer loop
  vertex 471.979 -93.4555 823.274
  vertex 470 -92.4 823.1
  vertex 472.05 -92.4 822.551
 endloop
endfacet
facet normal -0.608804 -0.508641 -0.608804
 outer loop
  vertex 473.33 -93.4555 822.33
  vertex 472.05 -92.4 822.551
  vertex 473.551 -92.4 821.05
 endloop
endfacet
facet normal -0.816757 -0.509852 -0.270107
 outer loop
  vertex 474.279 -93.4555 820.967
  vertex 473.551 -92.4 821.05
  vertex 474.1 -92.4 819
 endloop
endfacet
facet normal -0.852736 -0.507792 0.122429
 outer loop
  vertex 474.709 -93.4555 819
  vertex 474.1 -92.4 819
  vertex 474.279 -93.4555 817.033
 endloop
endfacet
facet normal -0.852736 -0.507792 -0.122429
 outer loop
  vertex 474.709 -93.4555 819
  vertex 474.279 -93.4555 820.967
  vertex 474.1 -92.4 819
 endloop
endfacet
facet normal -0.816757 -0.509852 0.270107
 outer loop
  vertex 474.1 -92.4 819
  vertex 473.551 -92.4 816.95
  vertex 474.279 -93.4555 817.033
 endloop
endfacet
facet normal -0.722506 -0.504245 0.472994
 outer loop
  vertex 474.279 -93.4555 817.033
  vertex 473.551 -92.4 816.95
  vertex 473.33 -93.4555 815.67
 endloop
endfacet
facet normal -0.608804 -0.508641 0.608804
 outer loop
  vertex 473.33 -93.4555 815.67
  vertex 473.551 -92.4 816.95
  vertex 472.05 -92.4 815.449
 endloop
endfacet
facet normal -0.270886 -0.509893 0.816474
 outer loop
  vertex 471.979 -93.4555 814.726
  vertex 472.05 -92.4 815.449
  vertex 470 -92.4 814.9
 endloop
endfacet
facet normal -0.123208 -0.507896 0.852562
 outer loop
  vertex 470 -93.4555 814.291
  vertex 471.979 -93.4555 814.726
  vertex 470 -92.4 814.9
 endloop
endfacet
facet normal -0.473693 -0.504192 0.722084
 outer loop
  vertex 471.979 -93.4555 814.726
  vertex 473.33 -93.4555 815.67
  vertex 472.05 -92.4 815.449
 endloop
endfacet
facet normal -0.722506 -0.504245 -0.472994
 outer loop
  vertex 474.279 -93.4555 820.967
  vertex 473.33 -93.4555 822.33
  vertex 473.551 -92.4 821.05
 endloop
endfacet
facet normal -0.473693 -0.504192 -0.722084
 outer loop
  vertex 473.33 -93.4555 822.33
  vertex 471.979 -93.4555 823.274
  vertex 472.05 -92.4 822.551
 endloop
endfacet
facet normal -5.22474E-17 -0.171862 0.985121
 outer loop
  vertex 361 -35.0018 936.752
  vertex 361 -36.3768 936.383
  vertex 364 -35.0018 936.752
 endloop
endfacet
facet normal -4.94876E-17 -0.343724 0.939071
 outer loop
  vertex 364 -35.0018 936.752
  vertex 361 -36.3768 936.383
  vertex 364 -36.3768 936.383
 endloop
endfacet
facet normal -3.97946E-17 -0.641397 0.767209
 outer loop
  vertex 364 -36.3768 936.383
  vertex 361 -36.3768 936.383
  vertex 361 -37.3834 935.377
 endloop
endfacet
facet normal -1.66789E-17 -0.939071 0.343724
 outer loop
  vertex 364 -37.3834 935.377
  vertex 361 -37.3834 935.377
  vertex 361 -37.7518 934.002
 endloop
endfacet
facet normal 1.09059E-17 -0.985121 -0.171862
 outer loop
  vertex 364 -37.7518 934.002
  vertex 361 -37.7518 934.002
  vertex 361 -37.3834 932.627
 endloop
endfacet
facet normal 3.55685E-17 -0.767209 -0.641397
 outer loop
  vertex 364 -37.3834 932.627
  vertex 361 -37.3834 932.627
  vertex 361 -36.3768 931.62
 endloop
endfacet
facet normal 5.07005E-17 -0.343724 -0.939071
 outer loop
  vertex 364 -36.3768 931.62
  vertex 361 -36.3768 931.62
  vertex 361 -35.0018 931.252
 endloop
endfacet
facet normal 5.28538E-17 -0.171862 -0.985121
 outer loop
  vertex 364 -35.0018 931.252
  vertex 364 -36.3768 931.62
  vertex 361 -35.0018 931.252
 endloop
endfacet
facet normal 4.20578E-17 -0.641397 -0.767209
 outer loop
  vertex 364 -36.3768 931.62
  vertex 364 -37.3834 932.627
  vertex 361 -36.3768 931.62
 endloop
endfacet
facet normal 1.99925E-17 -0.939071 -0.343724
 outer loop
  vertex 364 -37.3834 932.627
  vertex 364 -37.7518 934.002
  vertex 361 -37.3834 932.627
 endloop
endfacet
facet normal -7.42978E-18 -0.985121 0.171862
 outer loop
  vertex 364 -37.7518 934.002
  vertex 364 -37.3834 935.377
  vertex 361 -37.7518 934.002
 endloop
endfacet
facet normal -3.28613E-17 -0.767209 0.641397
 outer loop
  vertex 364 -37.3834 935.377
  vertex 364 -36.3768 936.383
  vertex 361 -37.3834 935.377
 endloop
endfacet
facet normal -5.22474E-17 -0.171862 0.985121
 outer loop
  vertex 361 35.0018 936.752
  vertex 361 33.6268 936.383
  vertex 364 35.0018 936.752
 endloop
endfacet
facet normal -4.94876E-17 -0.343724 0.939071
 outer loop
  vertex 364 35.0018 936.752
  vertex 361 33.6268 936.383
  vertex 364 33.6268 936.383
 endloop
endfacet
facet normal -3.97946E-17 -0.641397 0.767209
 outer loop
  vertex 364 33.6268 936.383
  vertex 361 33.6268 936.383
  vertex 361 32.6202 935.377
 endloop
endfacet
facet normal -1.66789E-17 -0.939071 0.343724
 outer loop
  vertex 364 32.6202 935.377
  vertex 361 32.6202 935.377
  vertex 361 32.2518 934.002
 endloop
endfacet
facet normal 1.09059E-17 -0.985121 -0.171862
 outer loop
  vertex 364 32.2518 934.002
  vertex 361 32.2518 934.002
  vertex 361 32.6202 932.627
 endloop
endfacet
facet normal 3.55685E-17 -0.767209 -0.641397
 outer loop
  vertex 364 32.6202 932.627
  vertex 361 32.6202 932.627
  vertex 361 33.6268 931.62
 endloop
endfacet
facet normal 5.07005E-17 -0.343724 -0.939071
 outer loop
  vertex 364 33.6268 931.62
  vertex 361 33.6268 931.62
  vertex 361 35.0018 931.252
 endloop
endfacet
facet normal 5.28538E-17 -0.171862 -0.985121
 outer loop
  vertex 364 35.0018 931.252
  vertex 364 33.6268 931.62
  vertex 361 35.0018 931.252
 endloop
endfacet
facet normal 4.20578E-17 -0.641397 -0.767209
 outer loop
  vertex 364 33.6268 931.62
  vertex 364 32.6202 932.627
  vertex 361 33.6268 931.62
 endloop
endfacet
facet normal 1.99925E-17 -0.939071 -0.343724
 outer loop
  vertex 364 32.6202 932.627
  vertex 364 32.2518 934.002
  vertex 361 32.6202 932.627
 endloop
endfacet
facet normal -7.42978E-18 -0.985121 0.171862
 outer loop
  vertex 364 32.2518 934.002
  vertex 364 32.6202 935.377
  vertex 361 32.2518 934.002
 endloop
endfacet
facet normal -3.28613E-17 -0.767209 0.641397
 outer loop
  vertex 364 32.6202 935.377
  vertex 364 33.6268 936.383
  vertex 361 32.6202 935.377
 endloop
endfacet
facet normal -5.22474E-17 -0.171862 0.985121
 outer loop
  vertex 361 35.0018 866.748
  vertex 361 33.6268 866.38
  vertex 364 35.0018 866.748
 endloop
endfacet
facet normal -4.94876E-17 -0.343724 0.939071
 outer loop
  vertex 364 35.0018 866.748
  vertex 361 33.6268 866.38
  vertex 364 33.6268 866.38
 endloop
endfacet
facet normal -3.97946E-17 -0.641397 0.767209
 outer loop
  vertex 364 33.6268 866.38
  vertex 361 33.6268 866.38
  vertex 361 32.6202 865.373
 endloop
endfacet
facet normal -1.66789E-17 -0.939071 0.343724
 outer loop
  vertex 364 32.6202 865.373
  vertex 361 32.6202 865.373
  vertex 361 32.2518 863.998
 endloop
endfacet
facet normal 1.09059E-17 -0.985121 -0.171862
 outer loop
  vertex 364 32.2518 863.998
  vertex 361 32.2518 863.998
  vertex 361 32.6202 862.623
 endloop
endfacet
facet normal 3.55685E-17 -0.767209 -0.641397
 outer loop
  vertex 364 32.6202 862.623
  vertex 361 32.6202 862.623
  vertex 361 33.6268 861.617
 endloop
endfacet
facet normal 5.07005E-17 -0.343724 -0.939071
 outer loop
  vertex 364 33.6268 861.617
  vertex 361 33.6268 861.617
  vertex 361 35.0018 861.248
 endloop
endfacet
facet normal 5.28538E-17 -0.171862 -0.985121
 outer loop
  vertex 364 35.0018 861.248
  vertex 364 33.6268 861.617
  vertex 361 35.0018 861.248
 endloop
endfacet
facet normal 4.20578E-17 -0.641397 -0.767209
 outer loop
  vertex 364 33.6268 861.617
  vertex 364 32.6202 862.623
  vertex 361 33.6268 861.617
 endloop
endfacet
facet normal 1.99925E-17 -0.939071 -0.343724
 outer loop
  vertex 364 32.6202 862.623
  vertex 364 32.2518 863.998
  vertex 361 32.6202 862.623
 endloop
endfacet
facet normal -7.42978E-18 -0.985121 0.171862
 outer loop
  vertex 364 32.2518 863.998
  vertex 364 32.6202 865.373
  vertex 361 32.2518 863.998
 endloop
endfacet
facet normal -3.28613E-17 -0.767209 0.641397
 outer loop
  vertex 364 32.6202 865.373
  vertex 364 33.6268 866.38
  vertex 361 32.6202 865.373
 endloop
endfacet
facet normal -0.983662 0.179679 -0.0111465
 outer loop
  vertex 348.888 44.3991 899
  vertex 349.15 45.6549 899
  vertex 348.888 43.0043 887.958
 endloop
endfacet
facet normal -0.97412 0.223475 -0.0338947
 outer loop
  vertex 348.888 43.0043 887.958
  vertex 349.15 45.6549 899
  vertex 349.15 44.2206 887.646
 endloop
endfacet
facet normal -0.974092 0.21177 -0.0793599
 outer loop
  vertex 348.888 42.6229 886.567
  vertex 349.15 44.2206 887.646
  vertex 349.15 40.0077 877.006
 endloop
endfacet
facet normal -0.983514 0.15589 -0.091641
 outer loop
  vertex 348.888 38.9073 877.611
  vertex 349.15 40.0077 877.006
  vertex 348.888 36.1597 873.236
 endloop
endfacet
facet normal -0.983617 0.162431 -0.0781938
 outer loop
  vertex 348.888 38.9073 877.611
  vertex 348.888 42.6229 886.567
  vertex 349.15 40.0077 877.006
 endloop
endfacet
facet normal -0.921947 0.386629 -0.0230539
 outer loop
  vertex 349.15 45.6549 899
  vertex 350.625 48.6157 899
  vertex 349.15 44.2206 887.646
 endloop
endfacet
facet normal -0.86736 0.492164 -0.0738979
 outer loop
  vertex 349.15 44.2206 887.646
  vertex 350.625 48.6157 899
  vertex 350.625 47.0883 886.91
 endloop
endfacet
facet normal -0.86736 0.458325 -0.193973
 outer loop
  vertex 349.15 40.0077 877.006
  vertex 350.625 47.0883 886.91
  vertex 350.625 42.6022 875.579
 endloop
endfacet
facet normal -0.748231 0.531985 -0.396413
 outer loop
  vertex 350.621 37.1248 867.619
  vertex 350.625 42.6022 875.579
  vertex 352.142 38.4033 866.693
 endloop
endfacet
facet normal -0.866855 0.416019 -0.274757
 outer loop
  vertex 350.621 37.1248 867.619
  vertex 349.15 40.0077 877.006
  vertex 350.625 42.6022 875.579
 endloop
endfacet
facet normal -0.899471 0.343659 -0.269909
 outer loop
  vertex 350.621 37.1248 867.619
  vertex 349.656 35.3553 868.02
  vertex 349.15 40.0077 877.006
 endloop
endfacet
facet normal -0.940098 0.267414 -0.211437
 outer loop
  vertex 349.15 40.0077 877.006
  vertex 349.656 35.3553 868.02
  vertex 349.303 34.0047 867.816
 endloop
endfacet
facet normal -0.956346 0.21289 -0.200202
 outer loop
  vertex 349.15 33.281 867.747
  vertex 349.303 34.0047 867.816
  vertex 349.155 32.7778 867.197
 endloop
endfacet
facet normal -0.961345 0.196596 -0.192786
 outer loop
  vertex 349.159 31.7558 866.155
  vertex 349.15 33.281 867.747
  vertex 349.155 32.7778 867.197
 endloop
endfacet
facet normal -0.961926 0.179659 -0.205962
 outer loop
  vertex 349.159 31.7558 866.155
  vertex 349.15 24.4631 860.452
  vertex 349.15 33.281 867.747
 endloop
endfacet
facet normal -0.955998 0.187909 -0.225294
 outer loop
  vertex 349.159 31.7558 866.155
  vertex 349.318 31.1589 864.915
  vertex 349.15 24.4631 860.452
 endloop
endfacet
facet normal -0.938476 0.218553 -0.26739
 outer loop
  vertex 349.15 24.4631 860.452
  vertex 349.318 31.1589 864.915
  vertex 349.682 30.981 863.572
 endloop
endfacet
facet normal -0.907995 0.263225 -0.325971
 outer loop
  vertex 350.264 31.1843 862.376
  vertex 349.15 24.4631 860.452
  vertex 349.682 30.981 863.572
 endloop
endfacet
facet normal -0.877682 0.278116 -0.39029
 outer loop
  vertex 350.264 31.1843 862.376
  vertex 350.625 26.0496 857.952
  vertex 349.15 24.4631 860.452
 endloop
endfacet
facet normal -0.762656 0.396159 -0.511286
 outer loop
  vertex 350.264 31.1843 862.376
  vertex 352.142 32.3073 860.597
  vertex 350.625 26.0496 857.952
 endloop
endfacet
facet normal -0.659781 0.431793 -0.615015
 outer loop
  vertex 350.625 26.0496 857.952
  vertex 352.142 32.3073 860.597
  vertex 353.069 27.2435 856.071
 endloop
endfacet
facet normal -0.629236 0.307507 -0.713794
 outer loop
  vertex 350.625 15.0231 852.764
  vertex 353.069 27.2435 856.071
  vertex 353.069 15.7116 850.645
 endloop
endfacet
facet normal -0.629236 0.120333 -0.767843
 outer loop
  vertex 350.625 3.0526 850.48
  vertex 353.069 15.7116 850.645
  vertex 353.069 3.19252 848.256
 endloop
endfacet
facet normal -0.629236 -0.074402 -0.773645
 outer loop
  vertex 350.625 -9.10967 851.245
  vertex 353.069 3.19252 848.256
  vertex 353.069 -9.5272 849.057
 endloop
endfacet
facet normal -0.629236 -0.264462 -0.730836
 outer loop
  vertex 350.625 -20.6995 855.011
  vertex 353.069 -9.5272 849.057
  vertex 353.069 -21.6483 852.995
 endloop
endfacet
facet normal -0.629236 -0.437905 -0.642107
 outer loop
  vertex 350.625 -30.9888 861.541
  vertex 353.069 -21.6483 852.995
  vertex 353.069 -32.4091 859.824
 endloop
endfacet
facet normal -0.505171 -0.554669 -0.661169
 outer loop
  vertex 352.142 -32.3073 860.597
  vertex 353.069 -32.4091 859.824
  vertex 354.694 -33.3883 859.61
 endloop
endfacet
facet normal -0.659025 -0.481084 -0.578138
 outer loop
  vertex 352.142 -32.3073 860.597
  vertex 350.625 -30.9888 861.541
  vertex 353.069 -32.4091 859.824
 endloop
endfacet
facet normal -0.746868 -0.427169 -0.509623
 outer loop
  vertex 352.142 -32.3073 860.597
  vertex 350.621 -31.3811 861.875
  vertex 350.625 -30.9888 861.541
 endloop
endfacet
facet normal -0.838092 -0.352464 -0.416378
 outer loop
  vertex 350.625 -30.9888 861.541
  vertex 350.621 -31.3811 861.875
  vertex 349.656 -30.9797 863.645
 endloop
endfacet
facet normal -0.939562 -0.225549 -0.257589
 outer loop
  vertex 349.15 -29.1015 863.822
  vertex 349.656 -30.9797 863.645
  vertex 349.303 -31.1837 864.995
 endloop
endfacet
facet normal -0.956381 -0.195909 -0.216689
 outer loop
  vertex 349.155 -31.8032 866.222
  vertex 349.15 -29.1015 863.822
  vertex 349.303 -31.1837 864.995
 endloop
endfacet
facet normal -0.962054 -0.195959 -0.189876
 outer loop
  vertex 349.155 -31.8032 866.222
  vertex 349.15 -36.9356 872.165
  vertex 349.15 -29.1015 863.822
 endloop
endfacet
facet normal -0.961533 -0.20418 -0.183753
 outer loop
  vertex 349.155 -31.8032 866.222
  vertex 349.159 -32.8447 867.244
  vertex 349.15 -36.9356 872.165
 endloop
endfacet
facet normal -0.955825 -0.22203 -0.192618
 outer loop
  vertex 349.15 -36.9356 872.165
  vertex 349.159 -32.8447 867.244
  vertex 349.318 -34.0851 867.841
 endloop
endfacet
facet normal -0.938296 -0.264109 -0.223263
 outer loop
  vertex 349.682 -35.4281 868.019
  vertex 349.15 -36.9356 872.165
  vertex 349.318 -34.0851 867.841
 endloop
endfacet
facet normal -0.907799 -0.322655 -0.267944
 outer loop
  vertex 349.682 -35.4281 868.019
  vertex 350.264 -36.6239 867.816
  vertex 349.15 -36.9356 872.165
 endloop
endfacet
facet normal -0.877356 -0.379695 -0.29339
 outer loop
  vertex 349.15 -36.9356 872.165
  vertex 350.264 -36.6239 867.816
  vertex 350.625 -39.3309 870.424
 endloop
endfacet
facet normal -0.86736 -0.441606 -0.229502
 outer loop
  vertex 349.15 -42.4489 882.193
  vertex 350.625 -39.3309 870.424
  vertex 350.625 -45.2017 881.103
 endloop
endfacet
facet normal -0.86736 -0.484807 -0.112469
 outer loop
  vertex 349.15 -45.2949 893.278
  vertex 350.625 -45.2017 881.103
  vertex 350.625 -48.2323 892.907
 endloop
endfacet
facet normal -0.866123 -0.499176 -0.0255754
 outer loop
  vertex 349.15 -45.6549 899
  vertex 350.625 -48.2323 892.907
  vertex 350.625 -48.6157 899
 endloop
endfacet
facet normal -0.921351 -0.38695 -0.0371798
 outer loop
  vertex 349.15 -45.6549 899
  vertex 349.15 -45.2949 893.278
  vertex 350.625 -48.2323 892.907
 endloop
endfacet
facet normal -0.973835 -0.226969 -0.01146
 outer loop
  vertex 349.15 -45.6549 899
  vertex 348.888 -44.3991 899
  vertex 349.15 -45.2949 893.278
 endloop
endfacet
facet normal -0.983521 -0.179986 -0.0170762
 outer loop
  vertex 349.15 -45.2949 893.278
  vertex 348.888 -44.3991 899
  vertex 348.888 -44.049 893.435
 endloop
endfacet
facet normal -0.983548 -0.178198 -0.029626
 outer loop
  vertex 348.888 -42.6229 886.567
  vertex 349.15 -45.2949 893.278
  vertex 348.888 -44.049 893.435
 endloop
endfacet
facet normal -0.974062 -0.218806 -0.0576832
 outer loop
  vertex 348.888 -42.6229 886.567
  vertex 349.15 -42.4489 882.193
  vertex 349.15 -45.2949 893.278
 endloop
endfacet
facet normal -0.9835 -0.169696 -0.0627032
 outer loop
  vertex 348.888 -42.6229 886.567
  vertex 348.888 -41.2813 882.656
  vertex 349.15 -42.4489 882.193
 endloop
endfacet
facet normal -0.983649 -0.163198 -0.07617
 outer loop
  vertex 349.15 -42.4489 882.193
  vertex 348.888 -41.2813 882.656
  vertex 348.888 -36.1597 873.236
 endloop
endfacet
facet normal -0.983474 -0.146716 -0.106083
 outer loop
  vertex 349.15 -36.9356 872.165
  vertex 348.888 -36.1597 873.236
  vertex 348.888 -35.9197 872.903
 endloop
endfacet
facet normal -0.983625 -0.139707 -0.11386
 outer loop
  vertex 348.888 -29.194 865.549
  vertex 349.15 -36.9356 872.165
  vertex 348.888 -35.9197 872.903
 endloop
endfacet
facet normal -0.974097 -0.16177 -0.158007
 outer loop
  vertex 348.888 -29.194 865.549
  vertex 349.15 -29.1015 863.822
  vertex 349.15 -36.9356 872.165
 endloop
endfacet
facet normal -0.983476 -0.116308 -0.138737
 outer loop
  vertex 348.888 -29.194 865.549
  vertex 348.888 -28.3011 864.79
  vertex 349.15 -29.1015 863.822
 endloop
endfacet
facet normal -0.983577 -0.108531 -0.14421
 outer loop
  vertex 349.15 -29.1015 863.822
  vertex 348.888 -28.3011 864.79
  vertex 348.888 -21.4769 860.141
 endloop
endfacet
facet normal -0.983486 -0.0796858 -0.162496
 outer loop
  vertex 349.15 -19.4389 857.69
  vertex 348.888 -21.4769 860.141
  vertex 348.888 -18.9042 858.826
 endloop
endfacet
facet normal -0.983583 -0.0690461 -0.166725
 outer loop
  vertex 348.888 -10.9287 855.967
  vertex 349.15 -19.4389 857.69
  vertex 348.888 -18.9042 858.826
 endloop
endfacet
facet normal -0.974075 -0.0671133 -0.216042
 outer loop
  vertex 348.888 -10.9287 855.967
  vertex 349.15 -8.55488 854.154
  vertex 349.15 -19.4389 857.69
 endloop
endfacet
facet normal -0.983484 -0.0365596 -0.177262
 outer loop
  vertex 348.888 -10.9287 855.967
  vertex 348.888 -8.31957 855.387
  vertex 349.15 -8.55488 854.154
 endloop
endfacet
facet normal -0.98358 -0.0255315 -0.178658
 outer loop
  vertex 349.15 -8.55488 854.154
  vertex 348.888 -8.31957 855.387
  vertex 348.888 1.02985E-13 854.601
 endloop
endfacet
facet normal -0.983485 0.00855467 -0.180785
 outer loop
  vertex 349.15 2.8667 853.435
  vertex 348.888 1.02985E-13 854.601
  vertex 348.888 2.78785 854.688
 endloop
endfacet
facet normal -0.983577 0.019587 -0.179423
 outer loop
  vertex 348.888 10.9287 855.967
  vertex 349.15 2.8667 853.435
  vertex 348.888 2.78785 854.688
 endloop
endfacet
facet normal -0.974072 0.0450393 -0.221709
 outer loop
  vertex 348.888 10.9287 855.967
  vertex 349.15 14.1081 855.58
  vertex 349.15 2.8667 853.435
 endloop
endfacet
facet normal -0.983486 0.0531315 -0.173007
 outer loop
  vertex 348.888 10.9287 855.967
  vertex 348.888 13.7201 856.774
  vertex 349.15 14.1081 855.58
 endloop
endfacet
facet normal -0.983582 0.0637842 -0.168811
 outer loop
  vertex 349.15 14.1081 855.58
  vertex 348.888 13.7201 856.774
  vertex 348.888 21.4769 860.141
 endloop
endfacet
facet normal -0.983485 0.0946787 -0.154253
 outer loop
  vertex 349.15 24.4631 860.452
  vertex 348.888 21.4769 860.141
  vertex 348.888 23.7903 861.513
 endloop
endfacet
facet normal -0.983543 0.102474 -0.148804
 outer loop
  vertex 348.888 29.194 865.549
  vertex 349.15 24.4631 860.452
  vertex 348.888 23.7903 861.513
 endloop
endfacet
facet normal -0.974061 0.145151 -0.173601
 outer loop
  vertex 348.888 29.194 865.549
  vertex 349.15 33.281 867.747
  vertex 349.15 24.4631 860.452
 endloop
endfacet
facet normal -0.983503 0.128784 -0.127029
 outer loop
  vertex 348.888 29.194 865.549
  vertex 348.888 32.3656 868.607
  vertex 349.15 33.281 867.747
 endloop
endfacet
facet normal -0.983528 0.135818 -0.119272
 outer loop
  vertex 349.15 33.281 867.747
  vertex 348.888 32.3656 868.607
  vertex 348.888 36.1597 873.236
 endloop
endfacet
facet normal -0.974058 0.183323 -0.132679
 outer loop
  vertex 349.15 40.0077 877.006
  vertex 349.15 33.281 867.747
  vertex 348.888 36.1597 873.236
 endloop
endfacet
facet normal -0.957042 0.227066 -0.180308
 outer loop
  vertex 349.15 40.0077 877.006
  vertex 349.303 34.0047 867.816
  vertex 349.15 33.281 867.747
 endloop
endfacet
facet normal -0.720625 0.691455 -0.0508839
 outer loop
  vertex 350.625 48.6157 899
  vertex 353.069 50.8439 899
  vertex 350.625 47.0883 886.91
 endloop
endfacet
facet normal -0.629236 0.767447 -0.122833
 outer loop
  vertex 350.625 47.0883 886.91
  vertex 353.069 50.8439 899
  vertex 353.069 49.2466 886.356
 endloop
endfacet
facet normal -0.629236 0.712789 -0.30983
 outer loop
  vertex 350.625 42.6022 875.579
  vertex 353.069 49.2466 886.356
  vertex 353.069 44.5549 874.506
 endloop
endfacet
facet normal -0.506816 0.693678 -0.511808
 outer loop
  vertex 352.142 38.4033 866.693
  vertex 353.069 44.5549 874.506
  vertex 354.694 39.3897 865.612
 endloop
endfacet
facet normal -0.660661 0.631545 -0.405805
 outer loop
  vertex 352.142 38.4033 866.693
  vertex 350.625 42.6022 875.579
  vertex 353.069 44.5549 874.506
 endloop
endfacet
facet normal -0.420901 0.904247 -0.071967
 outer loop
  vertex 353.069 50.8439 899
  vertex 356.153 52.0387 899
  vertex 353.069 49.2466 886.356
 endloop
endfacet
facet normal -0.304533 0.939755 -0.155309
 outer loop
  vertex 353.069 49.2466 886.356
  vertex 356.153 52.0387 899
  vertex 356.153 50.4038 886.058
 endloop
endfacet
facet normal -0.304533 0.871607 -0.384137
 outer loop
  vertex 353.069 44.5549 874.506
  vertex 356.153 50.4038 886.058
  vertex 356.153 45.6019 873.93
 endloop
endfacet
facet normal -0.187751 0.789849 -0.583856
 outer loop
  vertex 354.694 39.3897 865.612
  vertex 356.153 45.6019 873.93
  vertex 357.571 39.7327 865.162
 endloop
endfacet
facet normal -0.357473 0.786057 -0.504309
 outer loop
  vertex 354.694 39.3897 865.612
  vertex 353.069 44.5549 874.506
  vertex 356.153 45.6019 873.93
 endloop
endfacet
facet normal -0.132503 0.987762 -0.0822783
 outer loop
  vertex 356.153 52.0387 899
  vertex 357.571 52.1889 899
  vertex 356.153 50.4038 886.058
 endloop
endfacet
facet normal -0.0794765 0.982922 -0.165973
 outer loop
  vertex 356.153 50.4038 886.058
  vertex 357.571 52.1889 899
  vertex 357.571 50.5493 886.021
 endloop
endfacet
facet normal -0.0794765 0.910766 -0.405201
 outer loop
  vertex 356.153 45.6019 873.93
  vertex 357.571 50.5493 886.021
  vertex 357.571 45.7335 873.858
 endloop
endfacet
facet normal -0.0792822 0.838968 -0.538375
 outer loop
  vertex 357.571 39.7327 865.162
  vertex 356.153 45.6019 873.93
  vertex 357.571 45.7335 873.858
 endloop
endfacet
facet normal -0.506228 0.526298 -0.683186
 outer loop
  vertex 352.142 32.3073 860.597
  vertex 354.685 33.3858 859.612
  vertex 353.069 27.2435 856.071
 endloop
endfacet
facet normal -0.357052 0.536665 -0.764529
 outer loop
  vertex 353.069 27.2435 856.071
  vertex 354.685 33.3858 859.612
  vertex 356.153 27.8837 855.062
 endloop
endfacet
facet normal -0.304533 0.372414 -0.87668
 outer loop
  vertex 353.069 15.7116 850.645
  vertex 356.153 27.8837 855.062
  vertex 356.153 16.0808 849.508
 endloop
endfacet
facet normal -0.304533 0.142693 -0.941753
 outer loop
  vertex 353.069 3.19252 848.256
  vertex 356.153 16.0808 849.508
  vertex 356.153 3.26754 847.064
 endloop
endfacet
facet normal -0.304533 -0.0959947 -0.947652
 outer loop
  vertex 353.069 -9.5272 849.057
  vertex 356.153 3.26754 847.064
  vertex 356.153 -9.75108 847.883
 endloop
endfacet
facet normal -0.304533 -0.32865 -0.894007
 outer loop
  vertex 353.069 -21.6483 852.995
  vertex 356.153 -9.75108 847.883
  vertex 356.153 -22.157 851.914
 endloop
endfacet
facet normal -0.304533 -0.540656 -0.784188
 outer loop
  vertex 353.069 -32.4091 859.824
  vertex 356.153 -22.157 851.914
  vertex 356.153 -33.1707 858.904
 endloop
endfacet
facet normal -0.186932 -0.632777 -0.751431
 outer loop
  vertex 354.694 -33.3883 859.61
  vertex 356.153 -33.1707 858.904
  vertex 357.571 -33.8377 859.267
 endloop
endfacet
facet normal -0.356076 -0.598559 -0.717592
 outer loop
  vertex 354.694 -33.3883 859.61
  vertex 353.069 -32.4091 859.824
  vertex 356.153 -33.1707 858.904
 endloop
endfacet
facet normal -0.18765 0.600378 -0.777389
 outer loop
  vertex 354.685 33.3858 859.612
  vertex 357.571 33.8377 859.267
  vertex 356.153 27.8837 855.062
 endloop
endfacet
facet normal -0.0790931 0.573004 -0.815727
 outer loop
  vertex 356.153 27.8837 855.062
  vertex 357.571 33.8377 859.267
  vertex 357.571 27.9642 854.935
 endloop
endfacet
facet normal -0.0794765 0.386541 -0.918841
 outer loop
  vertex 356.153 16.0808 849.508
  vertex 357.571 27.9642 854.935
  vertex 357.571 16.1272 849.365
 endloop
endfacet
facet normal -0.0794765 0.14589 -0.986103
 outer loop
  vertex 356.153 3.26754 847.064
  vertex 357.571 16.1272 849.365
  vertex 357.571 3.27697 846.914
 endloop
endfacet
facet normal -0.0794765 -0.103927 -0.991404
 outer loop
  vertex 356.153 -9.75108 847.883
  vertex 357.571 3.27697 846.914
  vertex 357.571 -9.77922 847.736
 endloop
endfacet
facet normal -0.0794765 -0.347214 -0.934412
 outer loop
  vertex 356.153 -22.157 851.914
  vertex 357.571 -9.77922 847.736
  vertex 357.571 -22.2209 851.778
 endloop
endfacet
facet normal -0.0794765 -0.568685 -0.818707
 outer loop
  vertex 356.153 -33.1707 858.904
  vertex 357.571 -22.2209 851.778
  vertex 357.571 -33.2664 858.788
 endloop
endfacet
facet normal -0.0789234 -0.639108 -0.765057
 outer loop
  vertex 357.571 -33.8377 859.267
  vertex 356.153 -33.1707 858.904
  vertex 357.571 -33.2664 858.788
 endloop
endfacet
facet normal -0.762203 -0.503823 -0.406458
 outer loop
  vertex 350.264 -36.6239 867.816
  vertex 352.142 -38.4033 866.693
  vertex 350.625 -39.3309 870.424
 endloop
endfacet
facet normal -0.659236 -0.597198 -0.456906
 outer loop
  vertex 350.625 -39.3309 870.424
  vertex 352.142 -38.4033 866.693
  vertex 353.069 -41.1336 869.115
 endloop
endfacet
facet normal -0.629236 -0.693077 -0.35172
 outer loop
  vertex 350.625 -45.2017 881.103
  vertex 353.069 -41.1336 869.115
  vertex 353.069 -47.2735 880.283
 endloop
endfacet
facet normal -0.629236 -0.758772 -0.168309
 outer loop
  vertex 350.625 -48.2323 892.907
  vertex 353.069 -47.2735 880.283
  vertex 353.069 -50.443 892.628
 endloop
endfacet
facet normal -0.627133 -0.778075 -0.0361058
 outer loop
  vertex 350.625 -48.6157 899
  vertex 353.069 -50.443 892.628
  vertex 353.069 -50.8439 899
 endloop
endfacet
facet normal -0.718919 -0.692352 -0.0616775
 outer loop
  vertex 350.625 -48.6157 899
  vertex 350.625 -48.2323 892.907
  vertex 353.069 -50.443 892.628
 endloop
endfacet
facet normal -0.50568 -0.672343 -0.540594
 outer loop
  vertex 352.142 -38.4033 866.693
  vertex 354.685 -39.3876 865.614
  vertex 353.069 -41.1336 869.115
 endloop
endfacet
facet normal -0.356586 -0.741695 -0.568098
 outer loop
  vertex 353.069 -41.1336 869.115
  vertex 354.685 -39.3876 865.614
  vertex 356.153 -42.1002 868.412
 endloop
endfacet
facet normal -0.304533 -0.851566 -0.426726
 outer loop
  vertex 353.069 -47.2735 880.283
  vertex 356.153 -42.1002 868.412
  vertex 356.153 -48.3844 879.843
 endloop
endfacet
facet normal -0.304533 -0.930935 -0.201544
 outer loop
  vertex 353.069 -50.443 892.628
  vertex 356.153 -48.3844 879.843
  vertex 356.153 -51.6284 892.478
 endloop
endfacet
facet normal -0.303045 -0.95206 -0.0417649
 outer loop
  vertex 353.069 -50.8439 899
  vertex 356.153 -51.6284 892.478
  vertex 356.153 -52.0387 899
 endloop
endfacet
facet normal -0.419123 -0.904584 -0.0778721
 outer loop
  vertex 353.069 -50.8439 899
  vertex 353.069 -50.443 892.628
  vertex 356.153 -51.6284 892.478
 endloop
endfacet
facet normal -0.187377 -0.764577 -0.616694
 outer loop
  vertex 354.685 -39.3876 865.614
  vertex 357.571 -39.7327 865.162
  vertex 356.153 -42.1002 868.412
 endloop
endfacet
facet normal -0.0789736 -0.791078 -0.606596
 outer loop
  vertex 356.153 -42.1002 868.412
  vertex 357.571 -39.7327 865.162
  vertex 357.571 -42.2217 868.324
 endloop
endfacet
facet normal -0.0794765 -0.892757 -0.443473
 outer loop
  vertex 356.153 -48.3844 879.843
  vertex 357.571 -42.2217 868.324
  vertex 357.571 -48.524 879.788
 endloop
endfacet
facet normal -0.0794765 -0.974997 -0.20752
 outer loop
  vertex 356.153 -51.6284 892.478
  vertex 357.571 -48.524 879.788
  vertex 357.571 -51.7773 892.459
 endloop
endfacet
facet normal -0.0790598 -0.995987 -0.0419538
 outer loop
  vertex 356.153 -52.0387 899
  vertex 357.571 -51.7773 892.459
  vertex 357.571 -52.1889 899
 endloop
endfacet
facet normal -0.131819 -0.987776 -0.0832049
 outer loop
  vertex 356.153 -52.0387 899
  vertex 356.153 -51.6284 892.478
  vertex 357.571 -51.7773 892.459
 endloop
endfacet
facet normal -0.983477 0.174979 -0.04643
 outer loop
  vertex 348.888 42.6229 886.567
  vertex 348.888 43.0043 887.958
  vertex 349.15 44.2206 887.646
 endloop
endfacet
facet normal -0.132503 0.936268 -0.32534
 outer loop
  vertex 356.153 50.4038 886.058
  vertex 357.571 50.5493 886.021
  vertex 356.153 45.6019 873.93
 endloop
endfacet
facet normal -0.420901 0.857941 -0.294583
 outer loop
  vertex 353.069 49.2466 886.356
  vertex 356.153 50.4038 886.058
  vertex 353.069 44.5549 874.506
 endloop
endfacet
facet normal -0.720625 0.657078 -0.221243
 outer loop
  vertex 350.625 47.0883 886.91
  vertex 353.069 49.2466 886.356
  vertex 350.625 42.6022 875.579
 endloop
endfacet
facet normal -0.921947 0.368749 -0.11848
 outer loop
  vertex 349.15 44.2206 887.646
  vertex 350.625 47.0883 886.91
  vertex 349.15 40.0077 877.006
 endloop
endfacet
facet normal -0.132503 0.459799 -0.878082
 outer loop
  vertex 356.153 27.8837 855.062
  vertex 357.571 27.9642 854.935
  vertex 356.153 16.0808 849.508
 endloop
endfacet
facet normal -0.420901 0.423756 -0.802043
 outer loop
  vertex 353.069 27.2435 856.071
  vertex 356.153 27.8837 855.062
  vertex 353.069 15.7116 850.645
 endloop
endfacet
facet normal -0.720625 0.327538 -0.61108
 outer loop
  vertex 353.069 27.2435 856.071
  vertex 350.625 15.0231 852.764
  vertex 350.625 26.0496 857.952
 endloop
endfacet
facet normal -0.86736 0.201321 -0.455145
 outer loop
  vertex 350.625 26.0496 857.952
  vertex 350.625 15.0231 852.764
  vertex 349.15 14.1081 855.58
 endloop
endfacet
facet normal -0.974075 0.0989529 -0.203438
 outer loop
  vertex 349.15 24.4631 860.452
  vertex 349.15 14.1081 855.58
  vertex 348.888 21.4769 860.141
 endloop
endfacet
facet normal -0.921947 0.187701 -0.338795
 outer loop
  vertex 349.15 24.4631 860.452
  vertex 350.625 26.0496 857.952
  vertex 349.15 14.1081 855.58
 endloop
endfacet
facet normal -0.132503 0.226984 -0.964843
 outer loop
  vertex 356.153 16.0808 849.508
  vertex 357.571 16.1272 849.365
  vertex 356.153 3.26754 847.064
 endloop
endfacet
facet normal -0.420901 0.210983 -0.882229
 outer loop
  vertex 353.069 15.7116 850.645
  vertex 356.153 16.0808 849.508
  vertex 353.069 3.19252 848.256
 endloop
endfacet
facet normal -0.720625 0.165278 -0.673337
 outer loop
  vertex 353.069 15.7116 850.645
  vertex 350.625 3.0526 850.48
  vertex 350.625 15.0231 852.764
 endloop
endfacet
facet normal -0.86736 0.0818061 -0.490912
 outer loop
  vertex 350.625 15.0231 852.764
  vertex 350.625 3.0526 850.48
  vertex 349.15 2.8667 853.435
 endloop
endfacet
facet normal -0.921947 0.0975494 -0.37483
 outer loop
  vertex 349.15 14.1081 855.58
  vertex 350.625 15.0231 852.764
  vertex 349.15 2.8667 853.435
 endloop
endfacet
facet normal -0.132503 -0.0200938 -0.990979
 outer loop
  vertex 356.153 3.26754 847.064
  vertex 357.571 3.27697 846.914
  vertex 356.153 -9.75108 847.883
 endloop
endfacet
facet normal -0.420901 -0.0150468 -0.906982
 outer loop
  vertex 353.069 3.19252 848.256
  vertex 356.153 3.26754 847.064
  vertex 353.069 -9.5272 849.057
 endloop
endfacet
facet normal -0.720625 -0.00736667 -0.693286
 outer loop
  vertex 353.069 3.19252 848.256
  vertex 350.625 -9.10967 851.245
  vertex 350.625 3.0526 850.48
 endloop
endfacet
facet normal -0.86736 -0.0428489 -0.495833
 outer loop
  vertex 350.625 3.0526 850.48
  vertex 350.625 -9.10967 851.245
  vertex 349.15 -8.55488 854.154
 endloop
endfacet
facet normal -0.974073 -0.011395 -0.225945
 outer loop
  vertex 349.15 2.8667 853.435
  vertex 349.15 -8.55488 854.154
  vertex 348.888 1.02985E-13 854.601
 endloop
endfacet
facet normal -0.921947 0.0012682 -0.387314
 outer loop
  vertex 349.15 2.8667 853.435
  vertex 350.625 3.0526 850.48
  vertex 349.15 -8.55488 854.154
 endloop
endfacet
facet normal -0.132503 -0.265909 -0.954848
 outer loop
  vertex 356.153 -9.75108 847.883
  vertex 357.571 -9.77922 847.736
  vertex 356.153 -22.157 851.914
 endloop
endfacet
facet normal -0.420901 -0.240131 -0.874745
 outer loop
  vertex 353.069 -9.5272 849.057
  vertex 356.153 -9.75108 847.883
  vertex 353.069 -21.6483 852.995
 endloop
endfacet
facet normal -0.720625 -0.179548 -0.669673
 outer loop
  vertex 353.069 -9.5272 849.057
  vertex 350.625 -20.6995 855.011
  vertex 350.625 -9.10967 851.245
 endloop
endfacet
facet normal -0.86736 -0.164811 -0.4696
 outer loop
  vertex 350.625 -9.10967 851.245
  vertex 350.625 -20.6995 855.011
  vertex 349.15 -19.4389 857.69
 endloop
endfacet
facet normal -0.921947 -0.0950927 -0.375461
 outer loop
  vertex 349.15 -8.55488 854.154
  vertex 350.625 -9.10967 851.245
  vertex 349.15 -19.4389 857.69
 endloop
endfacet
facet normal -0.132503 -0.495016 -0.858721
 outer loop
  vertex 356.153 -22.157 851.914
  vertex 357.571 -22.2209 851.778
  vertex 356.153 -33.1707 858.904
 endloop
endfacet
facet normal -0.420901 -0.450128 -0.787546
 outer loop
  vertex 353.069 -21.6483 852.995
  vertex 356.153 -22.157 851.914
  vertex 353.069 -32.4091 859.824
 endloop
endfacet
facet normal -0.720625 -0.340449 -0.603982
 outer loop
  vertex 353.069 -21.6483 852.995
  vertex 350.625 -30.9888 861.541
  vertex 350.625 -20.6995 855.011
 endloop
endfacet
facet normal -0.86736 -0.276418 -0.413859
 outer loop
  vertex 350.625 -20.6995 855.011
  vertex 350.625 -30.9888 861.541
  vertex 349.15 -29.1015 863.822
 endloop
endfacet
facet normal -0.974072 -0.118924 -0.192459
 outer loop
  vertex 349.15 -19.4389 857.69
  vertex 349.15 -29.1015 863.822
  vertex 348.888 -21.4769 860.141
 endloop
endfacet
facet normal -0.921947 -0.185478 -0.340017
 outer loop
  vertex 349.15 -19.4389 857.69
  vertex 350.625 -20.6995 855.011
  vertex 349.15 -29.1015 863.822
 endloop
endfacet
facet normal -0.898777 -0.282565 -0.335198
 outer loop
  vertex 349.15 -29.1015 863.822
  vertex 350.625 -30.9888 861.541
  vertex 349.656 -30.9797 863.645
 endloop
endfacet
facet normal -0.132503 -0.847478 -0.514027
 outer loop
  vertex 356.153 -42.1002 868.412
  vertex 357.571 -42.2217 868.324
  vertex 356.153 -48.3844 879.843
 endloop
endfacet
facet normal -0.420901 -0.773853 -0.473281
 outer loop
  vertex 353.069 -41.1336 869.115
  vertex 356.153 -42.1002 868.412
  vertex 353.069 -47.2735 880.283
 endloop
endfacet
facet normal -0.720625 -0.589308 -0.365261
 outer loop
  vertex 350.625 -39.3309 870.424
  vertex 353.069 -41.1336 869.115
  vertex 350.625 -45.2017 881.103
 endloop
endfacet
facet normal -0.974111 -0.195545 -0.113443
 outer loop
  vertex 348.888 -36.1597 873.236
  vertex 349.15 -36.9356 872.165
  vertex 349.15 -42.4489 882.193
 endloop
endfacet
facet normal -0.921947 -0.32634 -0.208604
 outer loop
  vertex 349.15 -42.4489 882.193
  vertex 349.15 -36.9356 872.165
  vertex 350.625 -39.3309 870.424
 endloop
endfacet
facet normal -0.132503 -0.948686 -0.287119
 outer loop
  vertex 356.153 -48.3844 879.843
  vertex 357.571 -48.524 879.788
  vertex 356.153 -51.6284 892.478
 endloop
endfacet
facet normal -0.420901 -0.867241 -0.265962
 outer loop
  vertex 353.069 -47.2735 880.283
  vertex 356.153 -48.3844 879.843
  vertex 353.069 -50.443 892.628
 endloop
endfacet
facet normal -0.720625 -0.661631 -0.207231
 outer loop
  vertex 350.625 -45.2017 881.103
  vertex 353.069 -47.2735 880.283
  vertex 350.625 -48.2323 892.907
 endloop
endfacet
facet normal -0.921947 -0.367965 -0.120893
 outer loop
  vertex 349.15 -42.4489 882.193
  vertex 350.625 -45.2017 881.103
  vertex 349.15 -45.2949 893.278
 endloop
endfacet
facet normal -0.0262229 -0.99878 -0.0418368
 outer loop
  vertex 357.571 -52.1889 899
  vertex 357.571 -51.7773 892.459
  vertex 366.5 -52.4227 899
 endloop
endfacet
facet normal -0.0262543 -0.994329 -0.103058
 outer loop
  vertex 366.5 -52.4227 899
  vertex 357.571 -51.7773 892.459
  vertex 366.5 -51.537 889.405
 endloop
endfacet
facet normal -0.0263284 -0.973603 -0.226726
 outer loop
  vertex 366.5 -51.537 889.405
  vertex 357.571 -51.7773 892.459
  vertex 357.571 -48.524 879.788
 endloop
endfacet
facet normal -0.0262712 -0.907656 -0.418892
 outer loop
  vertex 366.5 -48.9101 880.134
  vertex 357.571 -48.524 879.788
  vertex 366.5 -44.6306 871.5
 endloop
endfacet
facet normal -0.0262807 -0.952059 -0.304783
 outer loop
  vertex 366.5 -48.9101 880.134
  vertex 366.5 -51.537 889.405
  vertex 357.571 -48.524 879.788
 endloop
endfacet
facet normal -0.0263224 -0.867884 -0.496069
 outer loop
  vertex 357.571 -48.524 879.788
  vertex 357.571 -42.2217 868.324
  vertex 366.5 -44.6306 871.5
 endloop
endfacet
facet normal -0.0261897 -0.8315 -0.554907
 outer loop
  vertex 366.5 -44.6306 871.5
  vertex 357.571 -42.2217 868.324
  vertex 366.771 -43.7142 870.053
 endloop
endfacet
facet normal -0.0261812 -0.819875 -0.571944
 outer loop
  vertex 366.771 -43.7142 870.053
  vertex 357.571 -42.2217 868.324
  vertex 367.571 -42.867 868.776
 endloop
endfacet
facet normal -0.0261998 -0.79554 -0.605334
 outer loop
  vertex 367.571 -42.867 868.776
  vertex 357.571 -42.2217 868.324
  vertex 364 -39.7424 864.914
 endloop
endfacet
facet normal -0.0261914 -0.788504 -0.614471
 outer loop
  vertex 368.881 -42.2359 867.842
  vertex 364 -39.7424 864.914
  vertex 369.691 -42.0696 867.583
 endloop
endfacet
facet normal -0.0261985 -0.79407 -0.607262
 outer loop
  vertex 368.881 -42.2359 867.842
  vertex 367.571 -42.867 868.776
  vertex 364 -39.7424 864.914
 endloop
endfacet
facet normal -0.0261951 -0.776739 -0.629278
 outer loop
  vertex 357.571 -42.2217 868.324
  vertex 357.571 -39.7327 865.162
  vertex 364 -39.7424 864.914
 endloop
endfacet
facet normal -0.0261864 -0.750017 -0.6609
 outer loop
  vertex 364 -37.9537 862.934
  vertex 379 -40.4088 865.093
  vertex 364 -39.7424 864.914
 endloop
endfacet
facet normal -0.0262048 -0.727123 -0.686007
 outer loop
  vertex 364 -37.9537 862.934
  vertex 364 -36.0665 861.046
  vertex 379 -40.4088 865.093
 endloop
endfacet
facet normal -0.0262922 -0.68764 -0.725576
 outer loop
  vertex 379 -40.4088 865.093
  vertex 364 -36.0665 861.046
  vertex 370.52 -31.5 856.965
 endloop
endfacet
facet normal -0.0263373 -0.656428 -0.753928
 outer loop
  vertex 372.17 -31.1349 856.64
  vertex 379 -40.4088 865.093
  vertex 370.52 -31.5 856.965
 endloop
endfacet
facet normal -0.0263605 -0.648458 -0.760794
 outer loop
  vertex 372.17 -31.1349 856.64
  vertex 373.446 -30.2055 855.932
  vertex 379 -40.4088 865.093
 endloop
endfacet
facet normal -0.0264667 -0.619992 -0.784162
 outer loop
  vertex 379 -40.4088 865.093
  vertex 373.446 -30.2055 855.932
  vertex 379 -26.375 853.317
 endloop
endfacet
facet normal -0.0261945 -0.541566 -0.84025
 outer loop
  vertex 379 -26.375 853.317
  vertex 373.446 -30.2055 855.932
  vertex 374.231 -28.9421 855.048
 endloop
endfacet
facet normal -0.0261845 -0.524125 -0.851239
 outer loop
  vertex 374.5 -27.5 854.124
  vertex 379 -26.375 853.317
  vertex 374.231 -28.9421 855.048
 endloop
endfacet
facet normal -0.0262628 -0.461638 -0.88668
 outer loop
  vertex 374.5 -27.5 854.124
  vertex 374.5 -18.8615 849.864
  vertex 379 -26.375 853.317
 endloop
endfacet
facet normal -0.0264455 -0.347414 -0.937339
 outer loop
  vertex 379 -26.375 853.317
  vertex 374.5 -18.8615 849.864
  vertex 379 -9.15994 847.051
 endloop
endfacet
facet normal -0.0262797 -0.238935 -0.97068
 outer loop
  vertex 379 -9.15994 847.051
  vertex 374.5 -18.8615 849.864
  vertex 374.5 -9.59136 847.249
 endloop
endfacet
facet normal -0.0262704 -0.11901 -0.992545
 outer loop
  vertex 374.5 3.66868E-13 846.368
  vertex 379 -9.15994 847.051
  vertex 374.5 -9.59136 847.249
 endloop
endfacet
facet normal -0.0264446 2.44882E-15 -0.99965
 outer loop
  vertex 374.5 3.66868E-13 846.368
  vertex 379 9.15994 847.051
  vertex 379 -9.15994 847.051
 endloop
endfacet
facet normal -0.0262704 0.11901 -0.992545
 outer loop
  vertex 374.5 3.66868E-13 846.368
  vertex 374.5 9.59136 847.249
  vertex 379 9.15994 847.051
 endloop
endfacet
facet normal -0.0262797 0.238935 -0.97068
 outer loop
  vertex 379 9.15994 847.051
  vertex 374.5 9.59136 847.249
  vertex 374.5 18.8615 849.864
 endloop
endfacet
facet normal -0.0262628 0.461638 -0.88668
 outer loop
  vertex 379 26.375 853.317
  vertex 374.5 18.8615 849.864
  vertex 374.5 27.5 854.124
 endloop
endfacet
facet normal -0.0261844 0.524042 -0.85129
 outer loop
  vertex 374.236 28.9292 855.04
  vertex 379 26.375 853.317
  vertex 374.5 27.5 854.124
 endloop
endfacet
facet normal -0.0261943 0.541373 -0.840375
 outer loop
  vertex 374.236 28.9292 855.04
  vertex 373.462 30.1888 855.92
  vertex 379 26.375 853.317
 endloop
endfacet
facet normal -0.0264669 0.619888 -0.784244
 outer loop
  vertex 379 26.375 853.317
  vertex 373.462 30.1888 855.92
  vertex 379 40.4088 865.093
 endloop
endfacet
facet normal -0.0263611 0.648276 -0.760949
 outer loop
  vertex 379 40.4088 865.093
  vertex 373.462 30.1888 855.92
  vertex 372.198 31.1218 856.63
 endloop
endfacet
facet normal -0.0263375 0.656343 -0.754003
 outer loop
  vertex 370.553 31.4997 856.964
  vertex 379 40.4088 865.093
  vertex 372.198 31.1218 856.63
 endloop
endfacet
facet normal -0.0262922 0.687635 -0.72558
 outer loop
  vertex 370.553 31.4997 856.964
  vertex 364 36.0665 861.046
  vertex 379 40.4088 865.093
 endloop
endfacet
facet normal -0.0262069 0.64703 -0.762014
 outer loop
  vertex 370.553 31.4997 856.964
  vertex 364 34.0855 859.258
  vertex 364 36.0665 861.046
 endloop
endfacet
facet normal -0.0261899 0.616439 -0.786967
 outer loop
  vertex 370.553 31.4997 856.964
  vertex 369.691 31.4174 856.93
  vertex 364 34.0855 859.258
 endloop
endfacet
facet normal -0.0261914 0.614471 -0.788504
 outer loop
  vertex 364 34.0855 859.258
  vertex 369.691 31.4174 856.93
  vertex 368.881 31.1578 856.764
 endloop
endfacet
facet normal -0.0261985 0.607262 -0.79407
 outer loop
  vertex 367.571 30.2242 856.133
  vertex 364 34.0855 859.258
  vertex 368.881 31.1578 856.764
 endloop
endfacet
facet normal -0.0262234 0.588536 -0.808045
 outer loop
  vertex 367.571 30.2242 856.133
  vertex 357.571 27.9642 854.935
  vertex 364 34.0855 859.258
 endloop
endfacet
facet normal -0.0261822 0.554648 -0.831673
 outer loop
  vertex 367.571 30.2242 856.133
  vertex 366.771 28.9473 855.286
  vertex 357.571 27.9642 854.935
 endloop
endfacet
facet normal -0.0261793 0.537372 -0.842939
 outer loop
  vertex 357.571 27.9642 854.935
  vertex 366.771 28.9473 855.286
  vertex 366.5 27.5 854.369
 endloop
endfacet
facet normal -0.0262834 0.475195 -0.879488
 outer loop
  vertex 366.5 18.8664 850.09
  vertex 357.571 27.9642 854.935
  vertex 366.5 27.5 854.369
 endloop
endfacet
facet normal -0.0263302 0.403791 -0.914472
 outer loop
  vertex 366.5 18.8664 850.09
  vertex 357.571 16.1272 849.365
  vertex 357.571 27.9642 854.935
 endloop
endfacet
facet normal -0.0262552 0.284732 -0.958247
 outer loop
  vertex 366.5 18.8664 850.09
  vertex 366.5 9.59529 847.463
  vertex 357.571 16.1272 849.365
 endloop
endfacet
facet normal -0.0263152 0.185862 -0.982223
 outer loop
  vertex 357.571 16.1272 849.365
  vertex 366.5 9.59529 847.463
  vertex 357.571 3.27697 846.914
 endloop
endfacet
facet normal -0.0262535 0.0821538 -0.996274
 outer loop
  vertex 357.571 3.27697 846.914
  vertex 366.5 9.59529 847.463
  vertex 366.5 3.65419E-13 846.577
 endloop
endfacet
facet normal -0.0262781 -0.123908 -0.991946
 outer loop
  vertex 357.571 -9.77922 847.736
  vertex 366.5 3.65419E-13 846.577
  vertex 366.5 -9.59529 847.463
 endloop
endfacet
facet normal -0.0262734 -0.244249 -0.969357
 outer loop
  vertex 366.5 -18.8664 850.09
  vertex 357.571 -9.77922 847.736
  vertex 366.5 -9.59529 847.463
 endloop
endfacet
facet normal -0.0263237 -0.326057 -0.944984
 outer loop
  vertex 366.5 -18.8664 850.09
  vertex 357.571 -22.2209 851.778
  vertex 357.571 -9.77922 847.736
 endloop
endfacet
facet normal -0.0262522 -0.437855 -0.898662
 outer loop
  vertex 366.5 -18.8664 850.09
  vertex 366.5 -27.5 854.369
  vertex 357.571 -22.2209 851.778
 endloop
endfacet
facet normal -0.0263157 -0.531885 -0.846408
 outer loop
  vertex 357.571 -22.2209 851.778
  vertex 366.5 -27.5 854.369
  vertex 357.571 -33.2664 858.788
 endloop
endfacet
facet normal -0.0262231 -0.572098 -0.819766
 outer loop
  vertex 357.571 -33.2664 858.788
  vertex 366.5 -27.5 854.369
  vertex 366.766 -28.9337 855.277
 endloop
endfacet
facet normal -0.0262034 -0.58879 -0.807861
 outer loop
  vertex 367.555 -30.2067 856.121
  vertex 357.571 -33.2664 858.788
  vertex 366.766 -28.9337 855.277
 endloop
endfacet
facet normal -0.0261993 -0.621769 -0.782763
 outer loop
  vertex 367.555 -30.2067 856.121
  vertex 364 -34.0855 859.258
  vertex 357.571 -33.2664 858.788
 endloop
endfacet
facet normal -0.0261987 -0.607081 -0.794208
 outer loop
  vertex 367.555 -30.2067 856.121
  vertex 368.854 -31.1456 856.756
  vertex 364 -34.0855 859.258
 endloop
endfacet
facet normal -0.0261912 -0.614832 -0.788223
 outer loop
  vertex 364 -34.0855 859.258
  vertex 368.854 -31.1456 856.756
  vertex 370.52 -31.5 856.965
 endloop
endfacet
facet normal -0.0262069 -0.647035 -0.76201
 outer loop
  vertex 364 -36.0665 861.046
  vertex 364 -34.0855 859.258
  vertex 370.52 -31.5 856.965
 endloop
endfacet
facet normal -0.0261777 -0.645402 -0.763394
 outer loop
  vertex 364 -34.0855 859.258
  vertex 357.571 -33.8377 859.267
  vertex 357.571 -33.2664 858.788
 endloop
endfacet
facet normal -0.0263268 -0.0417536 -0.998781
 outer loop
  vertex 357.571 -9.77922 847.736
  vertex 357.571 3.27697 846.914
  vertex 366.5 3.65419E-13 846.577
 endloop
endfacet
facet normal -0.0262354 0.612895 -0.789728
 outer loop
  vertex 357.571 27.9642 854.935
  vertex 357.571 33.8377 859.267
  vertex 364 34.0855 859.258
 endloop
endfacet
facet normal -0.0262048 0.727123 -0.686007
 outer loop
  vertex 364 36.0665 861.046
  vertex 364 37.9537 862.934
  vertex 379 40.4088 865.093
 endloop
endfacet
facet normal -0.0261864 0.750017 -0.6609
 outer loop
  vertex 379 40.4088 865.093
  vertex 364 37.9537 862.934
  vertex 364 39.7424 864.914
 endloop
endfacet
facet normal -0.0261912 0.788223 -0.614832
 outer loop
  vertex 370.52 42.035 867.5
  vertex 364 39.7424 864.914
  vertex 368.854 42.244 867.854
 endloop
endfacet
facet normal -0.0261878 0.775172 -0.631208
 outer loop
  vertex 370.52 42.035 867.5
  vertex 379 40.4088 865.093
  vertex 364 39.7424 864.914
 endloop
endfacet
facet normal -0.0261875 0.790728 -0.611607
 outer loop
  vertex 370.52 42.035 867.5
  vertex 372.17 42.3597 867.865
  vertex 379 40.4088 865.093
 endloop
endfacet
facet normal -0.0261946 0.797102 -0.603276
 outer loop
  vertex 379 40.4088 865.093
  vertex 372.17 42.3597 867.865
  vertex 373.446 43.0682 868.794
 endloop
endfacet
facet normal -0.0262086 0.807347 -0.589495
 outer loop
  vertex 374.231 43.9518 870.058
  vertex 379 40.4088 865.093
  vertex 373.446 43.0682 868.794
 endloop
endfacet
facet normal -0.02623 0.819336 -0.572713
 outer loop
  vertex 374.231 43.9518 870.058
  vertex 374.5 44.8764 871.5
  vertex 379 40.4088 865.093
 endloop
endfacet
facet normal -0.0264466 0.861283 -0.507436
 outer loop
  vertex 379 40.4088 865.093
  vertex 374.5 44.8764 871.5
  vertex 379 49.5688 880.958
 endloop
endfacet
facet normal -0.0262851 0.91208 -0.40917
 outer loop
  vertex 379 49.5688 880.958
  vertex 374.5 44.8764 871.5
  vertex 374.5 49.1364 880.138
 endloop
endfacet
facet normal -0.0262664 0.955102 -0.29511
 outer loop
  vertex 374.5 51.7509 889.409
  vertex 379 49.5688 880.958
  vertex 374.5 49.1364 880.138
 endloop
endfacet
facet normal -0.0264448 0.983949 -0.176479
 outer loop
  vertex 374.5 51.7509 889.409
  vertex 379 52.75 899
  vertex 379 49.5688 880.958
 endloop
endfacet
facet normal -0.0262748 0.997795 -0.0609509
 outer loop
  vertex 374.5 51.7509 889.409
  vertex 374.5 52.6322 899
  vertex 379 52.75 899
 endloop
endfacet
facet normal -0.0261987 0.794208 -0.607081
 outer loop
  vertex 368.854 42.244 867.854
  vertex 364 39.7424 864.914
  vertex 367.555 42.8788 868.793
 endloop
endfacet
facet normal -0.0262024 0.77979 -0.625493
 outer loop
  vertex 367.555 42.8788 868.793
  vertex 364 39.7424 864.914
  vertex 357.571 39.7327 865.162
 endloop
endfacet
facet normal -0.0262679 0.826437 -0.562416
 outer loop
  vertex 366.766 43.7231 870.066
  vertex 357.571 39.7327 865.162
  vertex 357.571 45.7335 873.858
 endloop
endfacet
facet normal -0.0262562 0.889269 -0.456631
 outer loop
  vertex 366.5 44.6306 871.5
  vertex 357.571 45.7335 873.858
  vertex 366.5 48.9101 880.134
 endloop
endfacet
facet normal -0.0261918 0.85406 -0.519514
 outer loop
  vertex 366.5 44.6306 871.5
  vertex 366.766 43.7231 870.066
  vertex 357.571 45.7335 873.858
 endloop
endfacet
facet normal -0.0263154 0.930541 -0.365242
 outer loop
  vertex 357.571 45.7335 873.858
  vertex 357.571 50.5493 886.021
  vertex 366.5 48.9101 880.134
 endloop
endfacet
facet normal -0.0262528 0.964016 -0.264546
 outer loop
  vertex 366.5 48.9101 880.134
  vertex 357.571 50.5493 886.021
  vertex 366.5 51.537 889.405
 endloop
endfacet
facet normal -0.0263252 0.989129 -0.144674
 outer loop
  vertex 366.5 51.537 889.405
  vertex 357.571 50.5493 886.021
  vertex 357.571 52.1889 899
 endloop
endfacet
facet normal -0.0262757 0.997778 -0.0612215
 outer loop
  vertex 366.5 52.4227 899
  vertex 366.5 51.537 889.405
  vertex 357.571 52.1889 899
 endloop
endfacet
facet normal -0.0262117 0.80505 -0.592628
 outer loop
  vertex 366.766 43.7231 870.066
  vertex 367.555 42.8788 868.793
  vertex 357.571 39.7327 865.162
 endloop
endfacet
facet normal -0.0264455 0.347414 -0.937339
 outer loop
  vertex 379 26.375 853.317
  vertex 379 9.15994 847.051
  vertex 374.5 18.8615 849.864
 endloop
endfacet
facet normal -0.0262664 -0.955102 -0.29511
 outer loop
  vertex 374.5 -51.7509 889.409
  vertex 374.5 -49.1364 880.138
  vertex 379 -49.5688 880.958
 endloop
endfacet
facet normal -0.0264448 -0.983949 -0.176479
 outer loop
  vertex 379 -52.75 899
  vertex 374.5 -51.7509 889.409
  vertex 379 -49.5688 880.958
 endloop
endfacet
facet normal -0.0262748 -0.997795 -0.0609509
 outer loop
  vertex 379 -52.75 899
  vertex 374.5 -52.6322 899
  vertex 374.5 -51.7509 889.409
 endloop
endfacet
facet normal -0.0262851 -0.91208 -0.40917
 outer loop
  vertex 374.5 -49.1364 880.138
  vertex 374.5 -44.8764 871.5
  vertex 379 -49.5688 880.958
 endloop
endfacet
facet normal -0.0264466 -0.861283 -0.507436
 outer loop
  vertex 379 -49.5688 880.958
  vertex 374.5 -44.8764 871.5
  vertex 379 -40.4088 865.093
 endloop
endfacet
facet normal -0.0262301 -0.819393 -0.572632
 outer loop
  vertex 379 -40.4088 865.093
  vertex 374.5 -44.8764 871.5
  vertex 374.236 -43.9604 870.071
 endloop
endfacet
facet normal -0.0262088 -0.807483 -0.589309
 outer loop
  vertex 373.462 -43.0804 868.811
  vertex 379 -40.4088 865.093
  vertex 374.236 -43.9604 870.071
 endloop
endfacet
facet normal -0.0261947 -0.797246 -0.603086
 outer loop
  vertex 373.462 -43.0804 868.811
  vertex 372.198 -42.3702 867.878
  vertex 379 -40.4088 865.093
 endloop
endfacet
facet normal -0.0261876 -0.790797 -0.611517
 outer loop
  vertex 379 -40.4088 865.093
  vertex 372.198 -42.3702 867.878
  vertex 370.553 -42.0363 867.5
 endloop
endfacet
facet normal -0.0261899 -0.786967 -0.616439
 outer loop
  vertex 364 -39.7424 864.914
  vertex 370.553 -42.0363 867.5
  vertex 369.691 -42.0696 867.583
 endloop
endfacet
facet normal -0.0261878 -0.775176 -0.631203
 outer loop
  vertex 364 -39.7424 864.914
  vertex 379 -40.4088 865.093
  vertex 370.553 -42.0363 867.5
 endloop
endfacet
facet normal -5.22474E-17 -0.171862 0.985121
 outer loop
  vertex 361 -35.0018 866.748
  vertex 361 -36.3768 866.38
  vertex 364 -35.0018 866.748
 endloop
endfacet
facet normal -4.94876E-17 -0.343724 0.939071
 outer loop
  vertex 364 -35.0018 866.748
  vertex 361 -36.3768 866.38
  vertex 364 -36.3768 866.38
 endloop
endfacet
facet normal -3.97946E-17 -0.641397 0.767209
 outer loop
  vertex 364 -36.3768 866.38
  vertex 361 -36.3768 866.38
  vertex 361 -37.3834 865.373
 endloop
endfacet
facet normal -1.66789E-17 -0.939071 0.343724
 outer loop
  vertex 364 -37.3834 865.373
  vertex 361 -37.3834 865.373
  vertex 361 -37.7518 863.998
 endloop
endfacet
facet normal 1.09059E-17 -0.985121 -0.171862
 outer loop
  vertex 364 -37.7518 863.998
  vertex 361 -37.7518 863.998
  vertex 361 -37.3834 862.623
 endloop
endfacet
facet normal 3.55685E-17 -0.767209 -0.641397
 outer loop
  vertex 364 -37.3834 862.623
  vertex 361 -37.3834 862.623
  vertex 361 -36.3768 861.617
 endloop
endfacet
facet normal 5.07005E-17 -0.343724 -0.939071
 outer loop
  vertex 364 -36.3768 861.617
  vertex 361 -36.3768 861.617
  vertex 361 -35.0018 861.248
 endloop
endfacet
facet normal 5.28538E-17 -0.171862 -0.985121
 outer loop
  vertex 364 -35.0018 861.248
  vertex 364 -36.3768 861.617
  vertex 361 -35.0018 861.248
 endloop
endfacet
facet normal 4.20578E-17 -0.641397 -0.767209
 outer loop
  vertex 364 -36.3768 861.617
  vertex 364 -37.3834 862.623
  vertex 361 -36.3768 861.617
 endloop
endfacet
facet normal 1.99925E-17 -0.939071 -0.343724
 outer loop
  vertex 364 -37.3834 862.623
  vertex 364 -37.7518 863.998
  vertex 361 -37.3834 862.623
 endloop
endfacet
facet normal -7.42978E-18 -0.985121 0.171862
 outer loop
  vertex 364 -37.7518 863.998
  vertex 364 -37.3834 865.373
  vertex 361 -37.7518 863.998
 endloop
endfacet
facet normal -3.28613E-17 -0.767209 0.641397
 outer loop
  vertex 364 -37.3834 865.373
  vertex 364 -36.3768 866.38
  vertex 361 -37.3834 865.373
 endloop
endfacet
facet normal -0.0265718 -0.787354 0.615928
 outer loop
  vertex 352.142 -32.3073 860.597
  vertex 364 -32.5269 860.816
  vertex 350.621 -31.3811 861.875
 endloop
endfacet
facet normal -0.026818 -0.883004 0.468599
 outer loop
  vertex 350.621 -31.3811 861.875
  vertex 364 -32.5269 860.816
  vertex 364 -31.4916 862.609
 endloop
endfacet
facet normal -0.0263773 -0.995867 0.0869035
 outer loop
  vertex 349.656 -30.9797 863.645
  vertex 364 -31.4916 862.609
  vertex 364 -31.3553 863.645
 endloop
endfacet
facet normal -0.0263773 -0.995867 -0.0869035
 outer loop
  vertex 364 -31.4916 864.68
  vertex 349.656 -30.9797 863.645
  vertex 364 -31.3553 863.645
 endloop
endfacet
facet normal -0.0264246 -0.981299 -0.190666
 outer loop
  vertex 364 -31.4916 864.68
  vertex 349.303 -31.1837 864.995
  vertex 349.656 -30.9797 863.645
 endloop
endfacet
facet normal -0.0265226 -0.920578 -0.389657
 outer loop
  vertex 364 -31.4916 864.68
  vertex 349.155 -31.8032 866.222
  vertex 349.303 -31.1837 864.995
 endloop
endfacet
facet normal -0.0267218 -0.856249 -0.515872
 outer loop
  vertex 364 -31.4916 864.68
  vertex 362 -32.3487 866.362
  vertex 349.155 -31.8032 866.222
 endloop
endfacet
facet normal -0.0269197 -0.827549 -0.560748
 outer loop
  vertex 364 -31.4916 864.68
  vertex 364 -32.5269 866.473
  vertex 362 -32.3487 866.362
 endloop
endfacet
facet normal -0.0261826 -0.725868 -0.687335
 outer loop
  vertex 362 -32.3487 866.362
  vertex 364 -32.5269 866.473
  vertex 362.133 -32.4044 866.417
 endloop
endfacet
facet normal -0.0261791 -0.71833 -0.69521
 outer loop
  vertex 362.133 -32.4044 866.417
  vertex 364 -32.5269 866.473
  vertex 362.188 -32.4427 866.455
 endloop
endfacet
facet normal -0.0261776 -0.713266 -0.700405
 outer loop
  vertex 362.188 -32.4427 866.455
  vertex 364 -32.5269 866.473
  vertex 362.208 -32.4668 866.479
 endloop
endfacet
facet normal -0.0261772 -0.709107 -0.704615
 outer loop
  vertex 362.208 -32.4668 866.479
  vertex 364 -32.5269 866.473
  vertex 362.215 -32.4936 866.506
 endloop
endfacet
facet normal -0.0261772 -0.704692 -0.70903
 outer loop
  vertex 362.215 -32.4936 866.506
  vertex 364 -32.5269 866.473
  vertex 362.208 -32.5204 866.533
 endloop
endfacet
facet normal -0.0261776 -0.700472 -0.7132
 outer loop
  vertex 362.208 -32.5204 866.533
  vertex 364 -32.5269 866.473
  vertex 362.189 -32.5445 866.557
 endloop
endfacet
facet normal -0.0261791 -0.695258 -0.718284
 outer loop
  vertex 362.189 -32.5445 866.557
  vertex 364 -32.5269 866.473
  vertex 362.134 -32.5829 866.595
 endloop
endfacet
facet normal -0.0261826 -0.687352 -0.725853
 outer loop
  vertex 362.134 -32.5829 866.595
  vertex 364 -32.5269 866.473
  vertex 362 -32.6384 866.651
 endloop
endfacet
facet normal -0.0269197 -0.560748 -0.827549
 outer loop
  vertex 362 -32.6384 866.651
  vertex 364 -32.5269 866.473
  vertex 364 -34.3201 867.508
 endloop
endfacet
facet normal -0.026501 -0.378037 -0.925411
 outer loop
  vertex 349.159 -32.8447 867.244
  vertex 364 -34.3201 867.508
  vertex 349.318 -34.0851 867.841
 endloop
endfacet
facet normal -0.0267083 -0.51044 -0.859498
 outer loop
  vertex 349.159 -32.8447 867.244
  vertex 362 -32.6384 866.651
  vertex 364 -34.3201 867.508
 endloop
endfacet
facet normal -0.0264269 -0.690268 -0.723071
 outer loop
  vertex 349.159 -32.8447 867.244
  vertex 349.155 -31.8032 866.222
  vertex 362 -32.6384 866.651
 endloop
endfacet
facet normal -0.0262718 -0.74302 -0.668754
 outer loop
  vertex 362 -32.6384 866.651
  vertex 349.155 -31.8032 866.222
  vertex 362 -32.3487 866.362
 endloop
endfacet
facet normal -0.0264331 -0.178981 -0.983497
 outer loop
  vertex 349.318 -34.0851 867.841
  vertex 364 -34.3201 867.508
  vertex 349.682 -35.4281 868.019
 endloop
endfacet
facet normal -0.0267858 0.00566728 -0.999625
 outer loop
  vertex 349.682 -35.4281 868.019
  vertex 364 -34.3201 867.508
  vertex 364 -36.3906 867.508
 endloop
endfacet
facet normal -0.0269425 0.431075 -0.901914
 outer loop
  vertex 350.264 -36.6239 867.816
  vertex 364 -36.3906 867.508
  vertex 364 -38.1838 866.473
 endloop
endfacet
facet normal -0.0268894 0.583669 -0.811546
 outer loop
  vertex 352.142 -38.4033 866.693
  vertex 350.264 -36.6239 867.816
  vertex 364 -38.1838 866.473
 endloop
endfacet
facet normal -0.0263799 0.190207 -0.98139
 outer loop
  vertex 350.264 -36.6239 867.816
  vertex 349.682 -35.4281 868.019
  vertex 364 -36.3906 867.508
 endloop
endfacet
facet normal -0.0265718 -0.973968 0.225121
 outer loop
  vertex 349.656 -30.9797 863.645
  vertex 350.621 -31.3811 861.875
  vertex 364 -31.4916 862.609
 endloop
endfacet
facet normal -0.0265718 0.615928 0.787354
 outer loop
  vertex 352.142 -38.4033 931.307
  vertex 364 -38.1838 931.527
  vertex 350.621 -37.1248 930.381
 endloop
endfacet
facet normal -0.026818 0.468599 0.883004
 outer loop
  vertex 350.621 -37.1248 930.381
  vertex 364 -38.1838 931.527
  vertex 364 -36.3906 930.492
 endloop
endfacet
facet normal -0.0263773 0.0869035 0.995867
 outer loop
  vertex 349.656 -35.3553 929.98
  vertex 364 -36.3906 930.492
  vertex 364 -35.3553 930.355
 endloop
endfacet
facet normal -0.0263773 -0.0869035 0.995867
 outer loop
  vertex 364 -34.3201 930.492
  vertex 349.656 -35.3553 929.98
  vertex 364 -35.3553 930.355
 endloop
endfacet
facet normal -0.0264246 -0.190666 0.981299
 outer loop
  vertex 364 -34.3201 930.492
  vertex 349.303 -34.0047 930.184
  vertex 349.656 -35.3553 929.98
 endloop
endfacet
facet normal -0.0265226 -0.389657 0.920578
 outer loop
  vertex 364 -34.3201 930.492
  vertex 349.155 -32.7778 930.803
  vertex 349.303 -34.0047 930.184
 endloop
endfacet
facet normal -0.0267218 -0.515872 0.856249
 outer loop
  vertex 364 -34.3201 930.492
  vertex 362 -32.6384 931.349
  vertex 349.155 -32.7778 930.803
 endloop
endfacet
facet normal -0.0269197 -0.560748 0.827549
 outer loop
  vertex 364 -34.3201 930.492
  vertex 364 -32.5269 931.527
  vertex 362 -32.6384 931.349
 endloop
endfacet
facet normal -0.0261826 -0.687335 0.725868
 outer loop
  vertex 362 -32.6384 931.349
  vertex 364 -32.5269 931.527
  vertex 362.133 -32.5831 931.404
 endloop
endfacet
facet normal -0.0261791 -0.69521 0.71833
 outer loop
  vertex 362.133 -32.5831 931.404
  vertex 364 -32.5269 931.527
  vertex 362.188 -32.5449 931.443
 endloop
endfacet
facet normal -0.0261776 -0.700405 0.713266
 outer loop
  vertex 362.188 -32.5449 931.443
  vertex 364 -32.5269 931.527
  vertex 362.208 -32.5209 931.467
 endloop
endfacet
facet normal -0.0261772 -0.704615 0.709107
 outer loop
  vertex 362.208 -32.5209 931.467
  vertex 364 -32.5269 931.527
  vertex 362.215 -32.4941 931.494
 endloop
endfacet
facet normal -0.0261772 -0.70903 0.704692
 outer loop
  vertex 362.215 -32.4941 931.494
  vertex 364 -32.5269 931.527
  vertex 362.208 -32.4673 931.52
 endloop
endfacet
facet normal -0.0261776 -0.7132 0.700472
 outer loop
  vertex 362.208 -32.4673 931.52
  vertex 364 -32.5269 931.527
  vertex 362.189 -32.4431 931.545
 endloop
endfacet
facet normal -0.0261791 -0.718284 0.695258
 outer loop
  vertex 362.189 -32.4431 931.545
  vertex 364 -32.5269 931.527
  vertex 362.134 -32.4046 931.583
 endloop
endfacet
facet normal -0.0261826 -0.725853 0.687352
 outer loop
  vertex 362.134 -32.4046 931.583
  vertex 364 -32.5269 931.527
  vertex 362 -32.3487 931.638
 endloop
endfacet
facet normal -0.0269197 -0.827549 0.560748
 outer loop
  vertex 362 -32.3487 931.638
  vertex 364 -32.5269 931.527
  vertex 364 -31.4916 933.32
 endloop
endfacet
facet normal -0.026501 -0.925411 0.378037
 outer loop
  vertex 349.159 -31.7558 931.845
  vertex 364 -31.4916 933.32
  vertex 349.318 -31.1589 933.085
 endloop
endfacet
facet normal -0.0267083 -0.859498 0.51044
 outer loop
  vertex 349.159 -31.7558 931.845
  vertex 362 -32.3487 931.638
  vertex 364 -31.4916 933.32
 endloop
endfacet
facet normal -0.0264269 -0.723071 0.690268
 outer loop
  vertex 349.159 -31.7558 931.845
  vertex 349.155 -32.7778 930.803
  vertex 362 -32.3487 931.638
 endloop
endfacet
facet normal -0.0262718 -0.668754 0.74302
 outer loop
  vertex 362 -32.3487 931.638
  vertex 349.155 -32.7778 930.803
  vertex 362 -32.6384 931.349
 endloop
endfacet
facet normal -0.0264331 -0.983497 0.178981
 outer loop
  vertex 349.318 -31.1589 933.085
  vertex 364 -31.4916 933.32
  vertex 349.682 -30.981 934.428
 endloop
endfacet
facet normal -0.0267858 -0.999625 -0.00566728
 outer loop
  vertex 349.682 -30.981 934.428
  vertex 364 -31.4916 933.32
  vertex 364 -31.4916 935.391
 endloop
endfacet
facet normal -0.0269425 -0.901914 -0.431075
 outer loop
  vertex 350.264 -31.1843 935.624
  vertex 364 -31.4916 935.391
  vertex 364 -32.5269 937.184
 endloop
endfacet
facet normal -0.0268894 -0.811546 -0.583669
 outer loop
  vertex 352.142 -32.3073 937.403
  vertex 350.264 -31.1843 935.624
  vertex 364 -32.5269 937.184
 endloop
endfacet
facet normal -0.0263799 -0.98139 -0.190207
 outer loop
  vertex 350.264 -31.1843 935.624
  vertex 349.682 -30.981 934.428
  vertex 364 -31.4916 935.391
 endloop
endfacet
facet normal -0.0265718 0.225121 0.973968
 outer loop
  vertex 349.656 -35.3553 929.98
  vertex 350.621 -37.1248 930.381
  vertex 364 -36.3906 930.492
 endloop
endfacet
facet normal -0.0265718 0.787354 -0.615928
 outer loop
  vertex 352.142 32.3073 937.403
  vertex 364 32.5269 937.184
  vertex 350.621 31.3811 936.125
 endloop
endfacet
facet normal -0.026818 0.883004 -0.468599
 outer loop
  vertex 350.621 31.3811 936.125
  vertex 364 32.5269 937.184
  vertex 364 31.4916 935.391
 endloop
endfacet
facet normal -0.0263773 0.995867 -0.0869035
 outer loop
  vertex 349.656 30.9797 934.355
  vertex 364 31.4916 935.391
  vertex 364 31.3553 934.355
 endloop
endfacet
facet normal -0.0263773 0.995867 0.0869035
 outer loop
  vertex 364 31.4916 933.32
  vertex 349.656 30.9797 934.355
  vertex 364 31.3553 934.355
 endloop
endfacet
facet normal -0.0264246 0.981299 0.190666
 outer loop
  vertex 364 31.4916 933.32
  vertex 349.303 31.1837 933.005
  vertex 349.656 30.9797 934.355
 endloop
endfacet
facet normal -0.0265226 0.920578 0.389657
 outer loop
  vertex 364 31.4916 933.32
  vertex 349.155 31.8032 931.778
  vertex 349.303 31.1837 933.005
 endloop
endfacet
facet normal -0.0267218 0.856249 0.515872
 outer loop
  vertex 364 31.4916 933.32
  vertex 362 32.3487 931.638
  vertex 349.155 31.8032 931.778
 endloop
endfacet
facet normal -0.0269197 0.827549 0.560748
 outer loop
  vertex 364 31.4916 933.32
  vertex 364 32.5269 931.527
  vertex 362 32.3487 931.638
 endloop
endfacet
facet normal -0.0261826 0.725868 0.687335
 outer loop
  vertex 362 32.3487 931.638
  vertex 364 32.5269 931.527
  vertex 362.133 32.4044 931.583
 endloop
endfacet
facet normal -0.0261791 0.71833 0.69521
 outer loop
  vertex 362.133 32.4044 931.583
  vertex 364 32.5269 931.527
  vertex 362.188 32.4427 931.545
 endloop
endfacet
facet normal -0.0261776 0.713266 0.700405
 outer loop
  vertex 362.188 32.4427 931.545
  vertex 364 32.5269 931.527
  vertex 362.208 32.4668 931.521
 endloop
endfacet
facet normal -0.0261772 0.709107 0.704615
 outer loop
  vertex 362.208 32.4668 931.521
  vertex 364 32.5269 931.527
  vertex 362.215 32.4936 931.494
 endloop
endfacet
facet normal -0.0261772 0.704692 0.70903
 outer loop
  vertex 362.215 32.4936 931.494
  vertex 364 32.5269 931.527
  vertex 362.208 32.5204 931.467
 endloop
endfacet
facet normal -0.0261776 0.700472 0.7132
 outer loop
  vertex 362.208 32.5204 931.467
  vertex 364 32.5269 931.527
  vertex 362.189 32.5445 931.443
 endloop
endfacet
facet normal -0.0261791 0.695258 0.718284
 outer loop
  vertex 362.189 32.5445 931.443
  vertex 364 32.5269 931.527
  vertex 362.134 32.5829 931.405
 endloop
endfacet
facet normal -0.0261826 0.687352 0.725853
 outer loop
  vertex 362.134 32.5829 931.405
  vertex 364 32.5269 931.527
  vertex 362 32.6384 931.349
 endloop
endfacet
facet normal -0.0269197 0.560748 0.827549
 outer loop
  vertex 362 32.6384 931.349
  vertex 364 32.5269 931.527
  vertex 364 34.3201 930.492
 endloop
endfacet
facet normal -0.026501 0.378037 0.925411
 outer loop
  vertex 349.159 32.8447 930.756
  vertex 364 34.3201 930.492
  vertex 349.318 34.0851 930.159
 endloop
endfacet
facet normal -0.0267083 0.51044 0.859498
 outer loop
  vertex 349.159 32.8447 930.756
  vertex 362 32.6384 931.349
  vertex 364 34.3201 930.492
 endloop
endfacet
facet normal -0.0264269 0.690268 0.723071
 outer loop
  vertex 349.159 32.8447 930.756
  vertex 349.155 31.8032 931.778
  vertex 362 32.6384 931.349
 endloop
endfacet
facet normal -0.0262718 0.74302 0.668754
 outer loop
  vertex 362 32.6384 931.349
  vertex 349.155 31.8032 931.778
  vertex 362 32.3487 931.638
 endloop
endfacet
facet normal -0.0264331 0.178981 0.983497
 outer loop
  vertex 349.318 34.0851 930.159
  vertex 364 34.3201 930.492
  vertex 349.682 35.4281 929.981
 endloop
endfacet
facet normal -0.0267858 -0.00566728 0.999625
 outer loop
  vertex 349.682 35.4281 929.981
  vertex 364 34.3201 930.492
  vertex 364 36.3906 930.492
 endloop
endfacet
facet normal -0.0269425 -0.431075 0.901914
 outer loop
  vertex 350.264 36.6239 930.184
  vertex 364 36.3906 930.492
  vertex 364 38.1838 931.527
 endloop
endfacet
facet normal -0.0268894 -0.583669 0.811546
 outer loop
  vertex 352.142 38.4033 931.307
  vertex 350.264 36.6239 930.184
  vertex 364 38.1838 931.527
 endloop
endfacet
facet normal -0.0263799 -0.190207 0.98139
 outer loop
  vertex 350.264 36.6239 930.184
  vertex 349.682 35.4281 929.981
  vertex 364 36.3906 930.492
 endloop
endfacet
facet normal -0.0265718 0.973968 -0.225121
 outer loop
  vertex 349.656 30.9797 934.355
  vertex 350.621 31.3811 936.125
  vertex 364 31.4916 935.391
 endloop
endfacet
facet normal -0.0265718 -0.615928 -0.787354
 outer loop
  vertex 352.142 38.4033 866.693
  vertex 364 38.1838 866.473
  vertex 350.621 37.1248 867.619
 endloop
endfacet
facet normal -0.026818 -0.468599 -0.883004
 outer loop
  vertex 350.621 37.1248 867.619
  vertex 364 38.1838 866.473
  vertex 364 36.3906 867.508
 endloop
endfacet
facet normal -0.0263773 -0.0869035 -0.995867
 outer loop
  vertex 349.656 35.3553 868.02
  vertex 364 36.3906 867.508
  vertex 364 35.3553 867.645
 endloop
endfacet
facet normal -0.0263773 0.0869035 -0.995867
 outer loop
  vertex 364 34.3201 867.508
  vertex 349.656 35.3553 868.02
  vertex 364 35.3553 867.645
 endloop
endfacet
facet normal -0.0264246 0.190666 -0.981299
 outer loop
  vertex 364 34.3201 867.508
  vertex 349.303 34.0047 867.816
  vertex 349.656 35.3553 868.02
 endloop
endfacet
facet normal -0.0265226 0.389657 -0.920578
 outer loop
  vertex 364 34.3201 867.508
  vertex 349.155 32.7778 867.197
  vertex 349.303 34.0047 867.816
 endloop
endfacet
facet normal -0.0267218 0.515872 -0.856249
 outer loop
  vertex 364 34.3201 867.508
  vertex 362 32.6384 866.651
  vertex 349.155 32.7778 867.197
 endloop
endfacet
facet normal -0.0269197 0.560748 -0.827549
 outer loop
  vertex 364 34.3201 867.508
  vertex 364 32.5269 866.473
  vertex 362 32.6384 866.651
 endloop
endfacet
facet normal -0.0261826 0.687335 -0.725868
 outer loop
  vertex 362 32.6384 866.651
  vertex 364 32.5269 866.473
  vertex 362.133 32.5831 866.596
 endloop
endfacet
facet normal -0.0261791 0.69521 -0.71833
 outer loop
  vertex 362.133 32.5831 866.596
  vertex 364 32.5269 866.473
  vertex 362.188 32.5449 866.557
 endloop
endfacet
facet normal -0.0261776 0.700405 -0.713266
 outer loop
  vertex 362.188 32.5449 866.557
  vertex 364 32.5269 866.473
  vertex 362.208 32.5209 866.533
 endloop
endfacet
facet normal -0.0261772 0.704615 -0.709107
 outer loop
  vertex 362.208 32.5209 866.533
  vertex 364 32.5269 866.473
  vertex 362.215 32.4941 866.506
 endloop
endfacet
facet normal -0.0261772 0.70903 -0.704692
 outer loop
  vertex 362.215 32.4941 866.506
  vertex 364 32.5269 866.473
  vertex 362.208 32.4673 866.48
 endloop
endfacet
facet normal -0.0261776 0.7132 -0.700472
 outer loop
  vertex 362.208 32.4673 866.48
  vertex 364 32.5269 866.473
  vertex 362.189 32.4431 866.455
 endloop
endfacet
facet normal -0.0261791 0.718284 -0.695258
 outer loop
  vertex 362.189 32.4431 866.455
  vertex 364 32.5269 866.473
  vertex 362.134 32.4046 866.417
 endloop
endfacet
facet normal -0.0261826 0.725853 -0.687352
 outer loop
  vertex 362.134 32.4046 866.417
  vertex 364 32.5269 866.473
  vertex 362 32.3487 866.362
 endloop
endfacet
facet normal -0.0269197 0.827549 -0.560748
 outer loop
  vertex 362 32.3487 866.362
  vertex 364 32.5269 866.473
  vertex 364 31.4916 864.68
 endloop
endfacet
facet normal -0.026501 0.925411 -0.378037
 outer loop
  vertex 349.159 31.7558 866.155
  vertex 364 31.4916 864.68
  vertex 349.318 31.1589 864.915
 endloop
endfacet
facet normal -0.0267083 0.859498 -0.51044
 outer loop
  vertex 349.159 31.7558 866.155
  vertex 362 32.3487 866.362
  vertex 364 31.4916 864.68
 endloop
endfacet
facet normal -0.0264269 0.723071 -0.690268
 outer loop
  vertex 349.159 31.7558 866.155
  vertex 349.155 32.7778 867.197
  vertex 362 32.3487 866.362
 endloop
endfacet
facet normal -0.0262718 0.668754 -0.74302
 outer loop
  vertex 362 32.3487 866.362
  vertex 349.155 32.7778 867.197
  vertex 362 32.6384 866.651
 endloop
endfacet
facet normal -0.0264331 0.983497 -0.178981
 outer loop
  vertex 349.318 31.1589 864.915
  vertex 364 31.4916 864.68
  vertex 349.682 30.981 863.572
 endloop
endfacet
facet normal -0.0267858 0.999625 0.00566728
 outer loop
  vertex 349.682 30.981 863.572
  vertex 364 31.4916 864.68
  vertex 364 31.4916 862.609
 endloop
endfacet
facet normal -0.0269425 0.901914 0.431075
 outer loop
  vertex 350.264 31.1843 862.376
  vertex 364 31.4916 862.609
  vertex 364 32.5269 860.816
 endloop
endfacet
facet normal -0.0268894 0.811546 0.583669
 outer loop
  vertex 352.142 32.3073 860.597
  vertex 350.264 31.1843 862.376
  vertex 364 32.5269 860.816
 endloop
endfacet
facet normal -0.0263799 0.98139 0.190207
 outer loop
  vertex 350.264 31.1843 862.376
  vertex 349.682 30.981 863.572
  vertex 364 31.4916 862.609
 endloop
endfacet
facet normal -0.0265718 -0.225121 -0.973968
 outer loop
  vertex 349.656 35.3553 868.02
  vertex 350.621 37.1248 867.619
  vertex 364 36.3906 867.508
 endloop
endfacet
facet normal -1 1.76432E-18 5.33443E-17
 outer loop
  vertex 361 -37.3834 862.623
  vertex 361 -37.3834 865.373
  vertex 361 -36.3768 861.617
 endloop
endfacet
facet normal -1 1.76432E-18 5.33443E-17
 outer loop
  vertex 361 -37.3834 862.623
  vertex 361 -37.7518 863.998
  vertex 361 -37.3834 865.373
 endloop
endfacet
facet normal -1 1.76432E-18 5.33443E-17
 outer loop
  vertex 361 -37.3834 865.373
  vertex 361 -36.3768 866.38
  vertex 361 -36.3768 861.617
 endloop
endfacet
facet normal -1 1.76432E-18 5.33443E-17
 outer loop
  vertex 361 -36.3768 861.617
  vertex 361 -36.3768 866.38
  vertex 361 -35.0018 861.248
 endloop
endfacet
facet normal -1 1.76432E-18 5.33443E-17
 outer loop
  vertex 361 -35.0018 861.248
  vertex 361 -36.3768 866.38
  vertex 361 -35.0018 866.748
 endloop
endfacet
facet normal -1 1.76432E-18 5.33443E-17
 outer loop
  vertex 361 -33.6268 861.617
  vertex 361 -35.0018 866.748
  vertex 361 -33.6268 866.38
 endloop
endfacet
facet normal -1 1.76432E-18 5.33443E-17
 outer loop
  vertex 361 -32.6202 862.623
  vertex 361 -33.6268 866.38
  vertex 361 -32.6202 865.373
 endloop
endfacet
facet normal -1 1.76432E-18 5.33443E-17
 outer loop
  vertex 361 -32.2518 863.998
  vertex 361 -32.6202 862.623
  vertex 361 -32.6202 865.373
 endloop
endfacet
facet normal -1 1.76432E-18 5.33443E-17
 outer loop
  vertex 361 -32.6202 862.623
  vertex 361 -33.6268 861.617
  vertex 361 -33.6268 866.38
 endloop
endfacet
facet normal -1 1.76432E-18 5.33443E-17
 outer loop
  vertex 361 -33.6268 861.617
  vertex 361 -35.0018 861.248
  vertex 361 -35.0018 866.748
 endloop
endfacet
facet normal -1 1.76432E-18 5.33443E-17
 outer loop
  vertex 364 -37.3834 862.623
  vertex 364 -37.9537 862.934
  vertex 364 -37.7518 863.998
 endloop
endfacet
facet normal -1 1.76432E-18 5.33443E-17
 outer loop
  vertex 364 -37.3834 862.623
  vertex 364 -36.3768 861.617
  vertex 364 -37.9537 862.934
 endloop
endfacet
facet normal -1 1.76432E-18 5.33443E-17
 outer loop
  vertex 364 -37.9537 862.934
  vertex 364 -36.3768 861.617
  vertex 364 -36.0665 861.046
 endloop
endfacet
facet normal -1 1.76432E-18 5.33443E-17
 outer loop
  vertex 364 -36.0665 861.046
  vertex 364 -36.3768 861.617
  vertex 364 -35.0018 861.248
 endloop
endfacet
facet normal -1 1.76432E-18 5.33443E-17
 outer loop
  vertex 364 -34.0855 859.258
  vertex 364 -35.0018 861.248
  vertex 364 -33.6268 861.617
 endloop
endfacet
facet normal -1 1.76432E-18 5.33443E-17
 outer loop
  vertex 364 -32.5269 860.816
  vertex 364 -33.6268 861.617
  vertex 364 -32.6202 862.623
 endloop
endfacet
facet normal -1 1.76432E-18 5.33443E-17
 outer loop
  vertex 364 -31.4916 862.609
  vertex 364 -32.6202 862.623
  vertex 364 -32.2518 863.998
 endloop
endfacet
facet normal -1 1.76432E-18 5.33443E-17
 outer loop
  vertex 364 -31.3553 863.645
  vertex 364 -32.2518 863.998
  vertex 364 -31.4916 864.68
 endloop
endfacet
facet normal -1 1.76432E-18 5.33443E-17
 outer loop
  vertex 364 -31.3553 863.645
  vertex 364 -31.4916 862.609
  vertex 364 -32.2518 863.998
 endloop
endfacet
facet normal -1 1.76432E-18 5.33443E-17
 outer loop
  vertex 364 -37.7518 863.998
  vertex 364 -39.7424 864.914
  vertex 364 -37.3834 865.373
 endloop
endfacet
facet normal -1 1.76432E-18 5.33443E-17
 outer loop
  vertex 364 -37.7518 863.998
  vertex 364 -37.9537 862.934
  vertex 364 -39.7424 864.914
 endloop
endfacet
facet normal -1 1.76432E-18 5.33443E-17
 outer loop
  vertex 364 -32.2518 863.998
  vertex 364 -32.6202 865.373
  vertex 364 -31.4916 864.68
 endloop
endfacet
facet normal -1 1.76432E-18 5.33443E-17
 outer loop
  vertex 364 -31.4916 864.68
  vertex 364 -32.6202 865.373
  vertex 364 -32.5269 866.473
 endloop
endfacet
facet normal -1 1.76432E-18 5.33443E-17
 outer loop
  vertex 364 -32.5269 866.473
  vertex 364 -32.6202 865.373
  vertex 364 -33.6268 866.38
 endloop
endfacet
facet normal -1 1.76432E-18 5.33443E-17
 outer loop
  vertex 364 -34.3201 867.508
  vertex 364 -33.6268 866.38
  vertex 364 -35.0018 866.748
 endloop
endfacet
facet normal -1 1.76432E-18 5.33443E-17
 outer loop
  vertex 364 -36.3906 867.508
  vertex 364 -35.0018 866.748
  vertex 364 -36.3768 866.38
 endloop
endfacet
facet normal -1 1.76432E-18 5.33443E-17
 outer loop
  vertex 364 -38.1838 866.473
  vertex 364 -36.3768 866.38
  vertex 364 -37.3834 865.373
 endloop
endfacet
facet normal -1 1.76432E-18 5.33443E-17
 outer loop
  vertex 364 -39.7424 864.914
  vertex 364 -38.1838 866.473
  vertex 364 -37.3834 865.373
 endloop
endfacet
facet normal -1 1.76432E-18 5.33443E-17
 outer loop
  vertex 364 -34.0855 859.258
  vertex 364 -36.0665 861.046
  vertex 364 -35.0018 861.248
 endloop
endfacet
facet normal -1 1.76432E-18 5.33443E-17
 outer loop
  vertex 364 -38.1838 866.473
  vertex 364 -36.3906 867.508
  vertex 364 -36.3768 866.38
 endloop
endfacet
facet normal -1 1.76432E-18 5.33443E-17
 outer loop
  vertex 364 -36.3906 867.508
  vertex 364 -34.3201 867.508
  vertex 364 -35.0018 866.748
 endloop
endfacet
facet normal -1 1.76432E-18 5.33443E-17
 outer loop
  vertex 364 -34.3201 867.508
  vertex 364 -32.5269 866.473
  vertex 364 -33.6268 866.38
 endloop
endfacet
facet normal -1 1.76432E-18 5.33443E-17
 outer loop
  vertex 364 -31.4916 862.609
  vertex 364 -32.5269 860.816
  vertex 364 -32.6202 862.623
 endloop
endfacet
facet normal -1 1.76432E-18 5.33443E-17
 outer loop
  vertex 364 -32.5269 860.816
  vertex 364 -34.0855 859.258
  vertex 364 -33.6268 861.617
 endloop
endfacet
facet normal -0.0261769 -0.706864 0.706864
 outer loop
  vertex 354.685 39.3876 932.386
  vertex 352.142 38.4033 931.307
  vertex 357.571 39.7327 932.838
 endloop
endfacet
facet normal -0.0261769 -0.706864 0.706864
 outer loop
  vertex 357.571 39.7327 932.838
  vertex 352.142 38.4033 931.307
  vertex 364 38.1838 931.527
 endloop
endfacet
facet normal -0.0261769 -0.706864 0.706864
 outer loop
  vertex 364 39.7424 933.086
  vertex 357.571 39.7327 932.838
  vertex 364 38.1838 931.527
 endloop
endfacet
facet normal -0.0261769 0.706864 -0.706864
 outer loop
  vertex 364 34.0855 938.742
  vertex 364 32.5269 937.184
  vertex 357.571 33.8377 938.733
 endloop
endfacet
facet normal -0.0261769 0.706864 -0.706864
 outer loop
  vertex 357.571 33.8377 938.733
  vertex 364 32.5269 937.184
  vertex 352.142 32.3073 937.403
 endloop
endfacet
facet normal -0.0261769 0.706864 -0.706864
 outer loop
  vertex 354.694 33.3883 938.39
  vertex 357.571 33.8377 938.733
  vertex 352.142 32.3073 937.403
 endloop
endfacet
facet normal -0.0261769 -0.706864 -0.706864
 outer loop
  vertex 354.685 -33.3858 938.388
  vertex 352.142 -32.3073 937.403
  vertex 357.571 -33.8377 938.733
 endloop
endfacet
facet normal -0.0261769 -0.706864 -0.706864
 outer loop
  vertex 357.571 -33.8377 938.733
  vertex 352.142 -32.3073 937.403
  vertex 364 -32.5269 937.184
 endloop
endfacet
facet normal -0.0261769 -0.706864 -0.706864
 outer loop
  vertex 364 -34.0855 938.742
  vertex 357.571 -33.8377 938.733
  vertex 364 -32.5269 937.184
 endloop
endfacet
facet normal -0.0261769 0.706864 0.706864
 outer loop
  vertex 364 -39.7424 933.086
  vertex 364 -38.1838 931.527
  vertex 357.571 -39.7327 932.838
 endloop
endfacet
facet normal -0.0261769 0.706864 0.706864
 outer loop
  vertex 357.571 -39.7327 932.838
  vertex 364 -38.1838 931.527
  vertex 352.142 -38.4033 931.307
 endloop
endfacet
facet normal -0.0261769 0.706864 0.706864
 outer loop
  vertex 354.694 -39.3897 932.388
  vertex 357.571 -39.7327 932.838
  vertex 352.142 -38.4033 931.307
 endloop
endfacet
facet normal -0.0261769 0.706864 -0.706864
 outer loop
  vertex 354.685 -39.3876 865.614
  vertex 352.142 -38.4033 866.693
  vertex 357.571 -39.7327 865.162
 endloop
endfacet
facet normal -0.0261769 0.706864 -0.706864
 outer loop
  vertex 357.571 -39.7327 865.162
  vertex 352.142 -38.4033 866.693
  vertex 364 -38.1838 866.473
 endloop
endfacet
facet normal -0.0261769 0.706864 -0.706864
 outer loop
  vertex 364 -39.7424 864.914
  vertex 357.571 -39.7327 865.162
  vertex 364 -38.1838 866.473
 endloop
endfacet
facet normal -0.0261769 -0.706864 0.706864
 outer loop
  vertex 364 -34.0855 859.258
  vertex 364 -32.5269 860.816
  vertex 357.571 -33.8377 859.267
 endloop
endfacet
facet normal -0.0261769 -0.706864 0.706864
 outer loop
  vertex 357.571 -33.8377 859.267
  vertex 364 -32.5269 860.816
  vertex 352.142 -32.3073 860.597
 endloop
endfacet
facet normal -0.0261769 -0.706864 0.706864
 outer loop
  vertex 354.694 -33.3883 859.61
  vertex 357.571 -33.8377 859.267
  vertex 352.142 -32.3073 860.597
 endloop
endfacet
facet normal -0.0261769 0.706864 0.706864
 outer loop
  vertex 354.685 33.3858 859.612
  vertex 352.142 32.3073 860.597
  vertex 357.571 33.8377 859.267
 endloop
endfacet
facet normal -0.0261769 0.706864 0.706864
 outer loop
  vertex 357.571 33.8377 859.267
  vertex 352.142 32.3073 860.597
  vertex 364 32.5269 860.816
 endloop
endfacet
facet normal -0.0261769 0.706864 0.706864
 outer loop
  vertex 364 34.0855 859.258
  vertex 357.571 33.8377 859.267
  vertex 364 32.5269 860.816
 endloop
endfacet
facet normal -0.0261769 -0.706864 -0.706864
 outer loop
  vertex 364 39.7424 864.914
  vertex 364 38.1838 866.473
  vertex 357.571 39.7327 865.162
 endloop
endfacet
facet normal -0.0261769 -0.706864 -0.706864
 outer loop
  vertex 357.571 39.7327 865.162
  vertex 364 38.1838 866.473
  vertex 352.142 38.4033 866.693
 endloop
endfacet
facet normal -0.0261769 -0.706864 -0.706864
 outer loop
  vertex 354.694 39.3897 865.612
  vertex 357.571 39.7327 865.162
  vertex 352.142 38.4033 866.693
 endloop
endfacet
facet normal -1 1.76432E-18 5.33443E-17
 outer loop
  vertex 364 -36.3768 936.383
  vertex 364 -36.0665 936.954
  vertex 364 -35.0018 936.752
 endloop
endfacet
facet normal -1 1.76432E-18 5.33443E-17
 outer loop
  vertex 364 -36.3768 936.383
  vertex 364 -37.3834 935.377
  vertex 364 -36.0665 936.954
 endloop
endfacet
facet normal -1 1.76432E-18 5.33443E-17
 outer loop
  vertex 364 -36.0665 936.954
  vertex 364 -37.3834 935.377
  vertex 364 -37.9537 935.066
 endloop
endfacet
facet normal -1 1.76432E-18 5.33443E-17
 outer loop
  vertex 364 -37.9537 935.066
  vertex 364 -37.3834 935.377
  vertex 364 -37.7518 934.002
 endloop
endfacet
facet normal -1 1.76432E-18 5.33443E-17
 outer loop
  vertex 364 -39.7424 933.086
  vertex 364 -37.7518 934.002
  vertex 364 -37.3834 932.627
 endloop
endfacet
facet normal -1 1.76432E-18 5.33443E-17
 outer loop
  vertex 364 -38.1838 931.527
  vertex 364 -37.3834 932.627
  vertex 364 -36.3768 931.62
 endloop
endfacet
facet normal -1 1.76432E-18 5.33443E-17
 outer loop
  vertex 364 -36.3906 930.492
  vertex 364 -36.3768 931.62
  vertex 364 -35.0018 931.252
 endloop
endfacet
facet normal -1 1.76432E-18 5.33443E-17
 outer loop
  vertex 364 -35.3553 930.355
  vertex 364 -35.0018 931.252
  vertex 364 -34.3201 930.492
 endloop
endfacet
facet normal -1 1.76432E-18 5.33443E-17
 outer loop
  vertex 364 -35.3553 930.355
  vertex 364 -36.3906 930.492
  vertex 364 -35.0018 931.252
 endloop
endfacet
facet normal -1 1.76432E-18 5.33443E-17
 outer loop
  vertex 364 -35.0018 931.252
  vertex 364 -33.6268 931.62
  vertex 364 -34.3201 930.492
 endloop
endfacet
facet normal -1 1.76432E-18 5.33443E-17
 outer loop
  vertex 364 -34.3201 930.492
  vertex 364 -33.6268 931.62
  vertex 364 -32.5269 931.527
 endloop
endfacet
facet normal -1 1.76432E-18 5.33443E-17
 outer loop
  vertex 364 -32.5269 931.527
  vertex 364 -33.6268 931.62
  vertex 364 -32.6202 932.627
 endloop
endfacet
facet normal -1 1.76432E-18 5.33443E-17
 outer loop
  vertex 364 -31.4916 933.32
  vertex 364 -32.6202 932.627
  vertex 364 -32.2518 934.002
 endloop
endfacet
facet normal -1 1.76432E-18 5.33443E-17
 outer loop
  vertex 364 -31.4916 935.391
  vertex 364 -32.2518 934.002
  vertex 364 -32.6202 935.377
 endloop
endfacet
facet normal -1 1.76432E-18 5.33443E-17
 outer loop
  vertex 364 -32.5269 937.184
  vertex 364 -32.6202 935.377
  vertex 364 -33.6268 936.383
 endloop
endfacet
facet normal -1 1.76432E-18 5.33443E-17
 outer loop
  vertex 364 -34.0855 938.742
  vertex 364 -33.6268 936.383
  vertex 364 -35.0018 936.752
 endloop
endfacet
facet normal -1 1.76432E-18 5.33443E-17
 outer loop
  vertex 364 -36.0665 936.954
  vertex 364 -34.0855 938.742
  vertex 364 -35.0018 936.752
 endloop
endfacet
facet normal -1 1.76432E-18 5.33443E-17
 outer loop
  vertex 364 -39.7424 933.086
  vertex 364 -37.9537 935.066
  vertex 364 -37.7518 934.002
 endloop
endfacet
facet normal -1 1.76432E-18 5.33443E-17
 outer loop
  vertex 364 -34.0855 938.742
  vertex 364 -32.5269 937.184
  vertex 364 -33.6268 936.383
 endloop
endfacet
facet normal -1 1.76432E-18 5.33443E-17
 outer loop
  vertex 364 -32.5269 937.184
  vertex 364 -31.4916 935.391
  vertex 364 -32.6202 935.377
 endloop
endfacet
facet normal -1 1.76432E-18 5.33443E-17
 outer loop
  vertex 364 -31.4916 935.391
  vertex 364 -31.4916 933.32
  vertex 364 -32.2518 934.002
 endloop
endfacet
facet normal -1 1.76432E-18 5.33443E-17
 outer loop
  vertex 364 -31.4916 933.32
  vertex 364 -32.5269 931.527
  vertex 364 -32.6202 932.627
 endloop
endfacet
facet normal -1 1.76432E-18 5.33443E-17
 outer loop
  vertex 364 -36.3906 930.492
  vertex 364 -38.1838 931.527
  vertex 364 -36.3768 931.62
 endloop
endfacet
facet normal -1 1.76432E-18 5.33443E-17
 outer loop
  vertex 364 -38.1838 931.527
  vertex 364 -39.7424 933.086
  vertex 364 -37.3834 932.627
 endloop
endfacet
facet normal -1 1.76432E-18 5.33443E-17
 outer loop
  vertex 364 31.4916 933.32
  vertex 364 31.3553 934.355
  vertex 364 32.2518 934.002
 endloop
endfacet
facet normal -1 1.76432E-18 5.33443E-17
 outer loop
  vertex 364 32.6202 932.627
  vertex 364 31.4916 933.32
  vertex 364 32.2518 934.002
 endloop
endfacet
facet normal -1 1.76432E-18 5.33443E-17
 outer loop
  vertex 364 32.6202 932.627
  vertex 364 32.5269 931.527
  vertex 364 31.4916 933.32
 endloop
endfacet
facet normal -1 1.76432E-18 5.33443E-17
 outer loop
  vertex 364 32.6202 932.627
  vertex 364 33.6268 931.62
  vertex 364 32.5269 931.527
 endloop
endfacet
facet normal -1 1.76432E-18 5.33443E-17
 outer loop
  vertex 364 32.5269 931.527
  vertex 364 33.6268 931.62
  vertex 364 34.3201 930.492
 endloop
endfacet
facet normal -1 1.76432E-18 5.33443E-17
 outer loop
  vertex 364 34.3201 930.492
  vertex 364 33.6268 931.62
  vertex 364 35.0018 931.252
 endloop
endfacet
facet normal -1 1.76432E-18 5.33443E-17
 outer loop
  vertex 364 36.3906 930.492
  vertex 364 35.0018 931.252
  vertex 364 36.3768 931.62
 endloop
endfacet
facet normal -1 1.76432E-18 5.33443E-17
 outer loop
  vertex 364 38.1838 931.527
  vertex 364 36.3768 931.62
  vertex 364 37.3834 932.627
 endloop
endfacet
facet normal -1 1.76432E-18 5.33443E-17
 outer loop
  vertex 364 39.7424 933.086
  vertex 364 37.3834 932.627
  vertex 364 37.7518 934.002
 endloop
endfacet
facet normal -1 1.76432E-18 5.33443E-17
 outer loop
  vertex 364 37.9537 935.066
  vertex 364 37.7518 934.002
  vertex 364 37.3834 935.377
 endloop
endfacet
facet normal -1 1.76432E-18 5.33443E-17
 outer loop
  vertex 364 36.3768 936.383
  vertex 364 37.9537 935.066
  vertex 364 37.3834 935.377
 endloop
endfacet
facet normal -1 1.76432E-18 5.33443E-17
 outer loop
  vertex 364 36.3768 936.383
  vertex 364 36.0665 936.954
  vertex 364 37.9537 935.066
 endloop
endfacet
facet normal -1 1.76432E-18 5.33443E-17
 outer loop
  vertex 364 36.3768 936.383
  vertex 364 35.0018 936.752
  vertex 364 36.0665 936.954
 endloop
endfacet
facet normal -1 1.76432E-18 5.33443E-17
 outer loop
  vertex 364 36.0665 936.954
  vertex 364 35.0018 936.752
  vertex 364 34.0855 938.742
 endloop
endfacet
facet normal -1 1.76432E-18 5.33443E-17
 outer loop
  vertex 364 34.0855 938.742
  vertex 364 35.0018 936.752
  vertex 364 33.6268 936.383
 endloop
endfacet
facet normal -1 1.76432E-18 5.33443E-17
 outer loop
  vertex 364 32.5269 937.184
  vertex 364 33.6268 936.383
  vertex 364 32.6202 935.377
 endloop
endfacet
facet normal -1 1.76432E-18 5.33443E-17
 outer loop
  vertex 364 31.4916 935.391
  vertex 364 32.6202 935.377
  vertex 364 32.2518 934.002
 endloop
endfacet
facet normal -1 1.76432E-18 5.33443E-17
 outer loop
  vertex 364 31.3553 934.355
  vertex 364 31.4916 935.391
  vertex 364 32.2518 934.002
 endloop
endfacet
facet normal -1 1.76432E-18 5.33443E-17
 outer loop
  vertex 364 37.9537 935.066
  vertex 364 39.7424 933.086
  vertex 364 37.7518 934.002
 endloop
endfacet
facet normal -1 1.76432E-18 5.33443E-17
 outer loop
  vertex 364 39.7424 933.086
  vertex 364 38.1838 931.527
  vertex 364 37.3834 932.627
 endloop
endfacet
facet normal -1 1.76432E-18 5.33443E-17
 outer loop
  vertex 364 38.1838 931.527
  vertex 364 36.3906 930.492
  vertex 364 36.3768 931.62
 endloop
endfacet
facet normal -1 1.76432E-18 5.33443E-17
 outer loop
  vertex 364 36.3906 930.492
  vertex 364 34.3201 930.492
  vertex 364 35.0018 931.252
 endloop
endfacet
facet normal -1 1.76432E-18 5.33443E-17
 outer loop
  vertex 364 31.4916 935.391
  vertex 364 32.5269 937.184
  vertex 364 32.6202 935.377
 endloop
endfacet
facet normal -1 1.76432E-18 5.33443E-17
 outer loop
  vertex 364 32.5269 937.184
  vertex 364 34.0855 938.742
  vertex 364 33.6268 936.383
 endloop
endfacet
facet normal -1 1.76432E-18 5.33443E-17
 outer loop
  vertex 364 36.3768 861.617
  vertex 364 36.0665 861.046
  vertex 364 35.0018 861.248
 endloop
endfacet
facet normal -1 1.76432E-18 5.33443E-17
 outer loop
  vertex 364 36.3768 861.617
  vertex 364 37.3834 862.623
  vertex 364 36.0665 861.046
 endloop
endfacet
facet normal -1 1.76432E-18 5.33443E-17
 outer loop
  vertex 364 36.0665 861.046
  vertex 364 37.3834 862.623
  vertex 364 37.9537 862.934
 endloop
endfacet
facet normal -1 1.76432E-18 5.33443E-17
 outer loop
  vertex 364 37.9537 862.934
  vertex 364 37.3834 862.623
  vertex 364 37.7518 863.998
 endloop
endfacet
facet normal -1 1.76432E-18 5.33443E-17
 outer loop
  vertex 364 39.7424 864.914
  vertex 364 37.7518 863.998
  vertex 364 37.3834 865.373
 endloop
endfacet
facet normal -1 1.76432E-18 5.33443E-17
 outer loop
  vertex 364 38.1838 866.473
  vertex 364 37.3834 865.373
  vertex 364 36.3768 866.38
 endloop
endfacet
facet normal -1 1.76432E-18 5.33443E-17
 outer loop
  vertex 364 36.3906 867.508
  vertex 364 36.3768 866.38
  vertex 364 35.0018 866.748
 endloop
endfacet
facet normal -1 1.76432E-18 5.33443E-17
 outer loop
  vertex 364 35.3553 867.645
  vertex 364 35.0018 866.748
  vertex 364 34.3201 867.508
 endloop
endfacet
facet normal -1 1.76432E-18 5.33443E-17
 outer loop
  vertex 364 35.3553 867.645
  vertex 364 36.3906 867.508
  vertex 364 35.0018 866.748
 endloop
endfacet
facet normal -1 1.76432E-18 5.33443E-17
 outer loop
  vertex 364 35.0018 861.248
  vertex 364 34.0855 859.258
  vertex 364 33.6268 861.617
 endloop
endfacet
facet normal -1 1.76432E-18 5.33443E-17
 outer loop
  vertex 364 35.0018 861.248
  vertex 364 36.0665 861.046
  vertex 364 34.0855 859.258
 endloop
endfacet
facet normal -1 1.76432E-18 5.33443E-17
 outer loop
  vertex 364 33.6268 861.617
  vertex 364 32.5269 860.816
  vertex 364 32.6202 862.623
 endloop
endfacet
facet normal -1 1.76432E-18 5.33443E-17
 outer loop
  vertex 364 33.6268 861.617
  vertex 364 34.0855 859.258
  vertex 364 32.5269 860.816
 endloop
endfacet
facet normal -1 1.76432E-18 5.33443E-17
 outer loop
  vertex 364 32.6202 862.623
  vertex 364 31.4916 862.609
  vertex 364 32.2518 863.998
 endloop
endfacet
facet normal -1 1.76432E-18 5.33443E-17
 outer loop
  vertex 364 32.6202 862.623
  vertex 364 32.5269 860.816
  vertex 364 31.4916 862.609
 endloop
endfacet
facet normal -1 1.76432E-18 5.33443E-17
 outer loop
  vertex 364 39.7424 864.914
  vertex 364 37.9537 862.934
  vertex 364 37.7518 863.998
 endloop
endfacet
facet normal -1 1.76432E-18 5.33443E-17
 outer loop
  vertex 364 31.4916 862.609
  vertex 364 31.4916 864.68
  vertex 364 32.2518 863.998
 endloop
endfacet
facet normal -1 1.76432E-18 5.33443E-17
 outer loop
  vertex 364 32.2518 863.998
  vertex 364 31.4916 864.68
  vertex 364 32.6202 865.373
 endloop
endfacet
facet normal -1 1.76432E-18 5.33443E-17
 outer loop
  vertex 364 32.6202 865.373
  vertex 364 31.4916 864.68
  vertex 364 32.5269 866.473
 endloop
endfacet
facet normal -1 1.76432E-18 5.33443E-17
 outer loop
  vertex 364 33.6268 866.38
  vertex 364 32.5269 866.473
  vertex 364 34.3201 867.508
 endloop
endfacet
facet normal -1 1.76432E-18 5.33443E-17
 outer loop
  vertex 364 35.0018 866.748
  vertex 364 33.6268 866.38
  vertex 364 34.3201 867.508
 endloop
endfacet
facet normal -1 1.76432E-18 5.33443E-17
 outer loop
  vertex 364 36.3906 867.508
  vertex 364 38.1838 866.473
  vertex 364 36.3768 866.38
 endloop
endfacet
facet normal -1 1.76432E-18 5.33443E-17
 outer loop
  vertex 364 38.1838 866.473
  vertex 364 39.7424 864.914
  vertex 364 37.3834 865.373
 endloop
endfacet
facet normal -1 1.76432E-18 5.33443E-17
 outer loop
  vertex 364 32.6202 865.373
  vertex 364 32.5269 866.473
  vertex 364 33.6268 866.38
 endloop
endfacet
facet normal -0.994147 -0.107883 -0.00582092
 outer loop
  vertex 348.888 -44.3991 899
  vertex 346.547 -19.7694 899
  vertex 348.888 -44.049 893.435
 endloop
endfacet
facet normal -0.996569 -0.081984 -0.0113171
 outer loop
  vertex 348.888 -44.049 893.435
  vertex 346.547 -19.7694 899
  vertex 346.596 -19.7959 893.226
 endloop
endfacet
facet normal -0.996194 -0.0809663 -0.0322897
 outer loop
  vertex 348.888 -42.6229 886.567
  vertex 346.596 -19.7959 893.226
  vertex 346.872 -19.9285 884.171
 endloop
endfacet
facet normal -0.995778 -0.0799376 -0.0451145
 outer loop
  vertex 348.888 -41.2813 882.656
  vertex 346.872 -19.9285 884.171
  vertex 346.878 -19.93 884.053
 endloop
endfacet
facet normal -0.993547 -0.0917908 -0.0666279
 outer loop
  vertex 348.888 -36.1597 873.236
  vertex 346.878 -19.93 884.053
  vertex 348.888 -35.9197 872.903
 endloop
endfacet
facet normal -0.993642 -0.0972014 -0.0568087
 outer loop
  vertex 348.888 -36.1597 873.236
  vertex 348.888 -41.2813 882.656
  vertex 346.878 -19.93 884.053
 endloop
endfacet
facet normal -0.995374 -0.0736754 -0.0616575
 outer loop
  vertex 346.878 -19.93 884.053
  vertex 347.171 -18.8611 877.388
  vertex 348.888 -35.9197 872.903
 endloop
endfacet
facet normal -0.993178 -0.0839094 -0.080974
 outer loop
  vertex 348.888 -35.9197 872.903
  vertex 347.171 -18.8611 877.388
  vertex 348.888 -29.194 865.549
 endloop
endfacet
facet normal -0.994895 -0.0657203 -0.0765856
 outer loop
  vertex 348.888 -29.194 865.549
  vertex 347.171 -18.8611 877.388
  vertex 347.212 -18.5176 876.464
 endloop
endfacet
facet normal -0.994585 -0.0612297 -0.0839704
 outer loop
  vertex 348.888 -28.3011 864.79
  vertex 347.212 -18.5176 876.464
  vertex 347.464 -15.0427 870.795
 endloop
endfacet
facet normal -0.994183 -0.0496901 -0.095559
 outer loop
  vertex 348.888 -21.4769 860.141
  vertex 347.464 -15.0427 870.795
  vertex 347.503 -14.2158 869.905
 endloop
endfacet
facet normal -0.993964 -0.0400869 -0.102123
 outer loop
  vertex 348.888 -18.9042 858.826
  vertex 347.503 -14.2158 869.905
  vertex 347.684 -8.42289 865.835
 endloop
endfacet
facet normal -0.993687 -0.0268754 -0.108919
 outer loop
  vertex 348.888 -10.9287 855.967
  vertex 347.684 -8.42289 865.835
  vertex 347.698 -7.70389 865.518
 endloop
endfacet
facet normal -0.993647 -0.0159636 -0.111401
 outer loop
  vertex 348.888 -8.31957 855.387
  vertex 347.698 -7.70389 865.518
  vertex 347.767 -0.00226896 863.978
 endloop
endfacet
facet normal -0.992304 0.00420043 -0.123755
 outer loop
  vertex 348.888 1.02985E-13 854.601
  vertex 347.767 -0.00226896 863.978
  vertex 348.888 2.78785 854.688
 endloop
endfacet
facet normal -0.992351 -0.0083815 -0.123167
 outer loop
  vertex 348.888 1.02985E-13 854.601
  vertex 348.888 -8.31957 855.387
  vertex 347.767 -0.00226896 863.978
 endloop
endfacet
facet normal -0.993639 0.0117785 -0.111996
 outer loop
  vertex 347.767 -0.00226896 863.978
  vertex 347.698 7.6997 865.517
  vertex 348.888 2.78785 854.688
 endloop
endfacet
facet normal -0.992413 0.0227882 -0.120815
 outer loop
  vertex 348.888 2.78785 854.688
  vertex 347.698 7.6997 865.517
  vertex 348.888 10.9287 855.967
 endloop
endfacet
facet normal -0.993687 0.0268713 -0.108921
 outer loop
  vertex 348.888 10.9287 855.967
  vertex 347.698 7.6997 865.517
  vertex 347.684 8.42289 865.835
 endloop
endfacet
facet normal -0.99396 0.0360284 -0.103665
 outer loop
  vertex 348.888 13.7201 856.774
  vertex 347.684 8.42289 865.835
  vertex 347.503 14.2126 869.902
 endloop
endfacet
facet normal -0.994183 0.0496871 -0.0955624
 outer loop
  vertex 348.888 21.4769 860.141
  vertex 347.503 14.2126 869.902
  vertex 347.464 15.0427 870.795
 endloop
endfacet
facet normal -0.992745 0.0691321 -0.0983758
 outer loop
  vertex 348.888 23.7903 861.513
  vertex 347.464 15.0427 870.795
  vertex 348.888 29.194 865.549
 endloop
endfacet
facet normal -0.992705 0.060769 -0.104137
 outer loop
  vertex 348.888 23.7903 861.513
  vertex 348.888 21.4769 860.141
  vertex 347.464 15.0427 870.795
 endloop
endfacet
facet normal -0.994594 0.0621302 -0.0832063
 outer loop
  vertex 347.464 15.0427 870.795
  vertex 347.212 18.5177 876.464
  vertex 348.888 29.194 865.549
 endloop
endfacet
facet normal -0.994895 0.0657208 -0.0765855
 outer loop
  vertex 348.888 29.194 865.549
  vertex 347.212 18.5177 876.464
  vertex 347.171 18.8614 877.388
 endloop
endfacet
facet normal -0.993142 0.0866979 -0.0784376
 outer loop
  vertex 348.888 32.3656 868.607
  vertex 347.171 18.8614 877.388
  vertex 348.888 36.1597 873.236
 endloop
endfacet
facet normal -0.993113 0.0803236 -0.0852971
 outer loop
  vertex 348.888 32.3656 868.607
  vertex 348.888 29.194 865.549
  vertex 347.171 18.8614 877.388
 endloop
endfacet
facet normal -0.99537 0.0732704 -0.0622027
 outer loop
  vertex 347.171 18.8614 877.388
  vertex 346.878 19.9284 884.054
  vertex 348.888 36.1597 873.236
 endloop
endfacet
facet normal -0.993585 0.0945359 -0.0620657
 outer loop
  vertex 348.888 36.1597 873.236
  vertex 346.878 19.9284 884.054
  vertex 348.888 38.9073 877.611
 endloop
endfacet
facet normal -0.995731 0.077919 -0.0494901
 outer loop
  vertex 348.888 38.9073 877.611
  vertex 346.878 19.9284 884.054
  vertex 346.872 19.9285 884.171
 endloop
endfacet
facet normal -0.996194 0.0809663 -0.0322897
 outer loop
  vertex 348.888 42.6229 886.567
  vertex 346.872 19.9285 884.171
  vertex 346.596 19.7959 893.226
 endloop
endfacet
facet normal -0.994128 0.106927 -0.0166246
 outer loop
  vertex 348.888 43.0043 887.958
  vertex 346.596 19.7959 893.226
  vertex 348.888 44.3991 899
 endloop
endfacet
facet normal -0.994032 0.105127 -0.02915
 outer loop
  vertex 348.888 43.0043 887.958
  vertex 348.888 42.6229 886.567
  vertex 346.596 19.7959 893.226
 endloop
endfacet
facet normal -0.996587 0.0823657 -0.00549635
 outer loop
  vertex 346.596 19.7959 893.226
  vertex 346.547 19.7694 899
  vertex 348.888 44.3991 899
 endloop
endfacet
facet normal -0.993674 0.101698 -0.04764
 outer loop
  vertex 348.888 42.6229 886.567
  vertex 348.888 38.9073 877.611
  vertex 346.872 19.9285 884.171
 endloop
endfacet
facet normal -0.992678 0.048787 -0.110496
 outer loop
  vertex 348.888 21.4769 860.141
  vertex 348.888 13.7201 856.774
  vertex 347.503 14.2126 869.902
 endloop
endfacet
facet normal -0.992402 0.0331119 -0.118498
 outer loop
  vertex 348.888 13.7201 856.774
  vertex 348.888 10.9287 855.967
  vertex 347.684 8.42289 865.835
 endloop
endfacet
facet normal -0.992381 -0.0269678 -0.120216
 outer loop
  vertex 348.888 -8.31957 855.387
  vertex 348.888 -10.9287 855.967
  vertex 347.698 -7.70389 865.518
 endloop
endfacet
facet normal -0.99244 -0.0371684 -0.116964
 outer loop
  vertex 348.888 -10.9287 855.967
  vertex 348.888 -18.9042 858.826
  vertex 347.684 -8.42289 865.835
 endloop
endfacet
facet normal -0.992642 -0.0528435 -0.108949
 outer loop
  vertex 348.888 -18.9042 858.826
  vertex 348.888 -21.4769 860.141
  vertex 347.503 -14.2158 869.905
 endloop
endfacet
facet normal -0.992755 -0.0642739 -0.101523
 outer loop
  vertex 348.888 -21.4769 860.141
  vertex 348.888 -28.3011 864.79
  vertex 347.464 -15.0427 870.795
 endloop
endfacet
facet normal -0.993039 -0.0759144 -0.0900618
 outer loop
  vertex 348.888 -28.3011 864.79
  vertex 348.888 -29.194 865.549
  vertex 347.212 -18.5176 876.464
 endloop
endfacet
facet normal -0.993666 -0.103711 -0.0432603
 outer loop
  vertex 348.888 -41.2813 882.656
  vertex 348.888 -42.6229 886.567
  vertex 346.872 -19.9285 884.171
 endloop
endfacet
facet normal -0.994064 -0.106156 -0.0238443
 outer loop
  vertex 348.888 -42.6229 886.567
  vertex 348.888 -44.049 893.435
  vertex 346.596 -19.7959 893.226
 endloop
endfacet
facet normal -0.979469 -0.197712 -0.0393738
 outer loop
  vertex 346.872 -19.9285 884.171
  vertex 346.419 -18.2938 884.119
  vertex 346.878 -19.93 884.053
 endloop
endfacet
facet normal -0.93834 -0.339084 -0.0673836
 outer loop
  vertex 346.878 -19.93 884.053
  vertex 346.419 -18.2938 884.119
  vertex 346.549 -17.9498 880.525
 endloop
endfacet
facet normal -0.931667 -0.335439 -0.139559
 outer loop
  vertex 347.171 -18.8611 877.388
  vertex 346.549 -17.9498 880.525
  vertex 346.674 -16.9012 877.072
 endloop
endfacet
facet normal -0.925532 -0.31822 -0.205247
 outer loop
  vertex 347.212 -18.5176 876.464
  vertex 346.674 -16.9012 877.072
  vertex 346.788 -15.2048 873.917
 endloop
endfacet
facet normal -0.919547 -0.283783 -0.271848
 outer loop
  vertex 347.464 -15.0427 870.795
  vertex 346.788 -15.2048 873.917
  vertex 346.888 -12.9135 871.146
 endloop
endfacet
facet normal -0.914607 -0.238835 -0.32627
 outer loop
  vertex 347.503 -14.2158 869.905
  vertex 346.888 -12.9135 871.146
  vertex 346.97 -10.1433 868.891
 endloop
endfacet
facet normal -0.910431 -0.177664 -0.373564
 outer loop
  vertex 347.684 -8.42289 865.835
  vertex 346.97 -10.1433 868.891
  vertex 347.03 -6.97938 867.213
 endloop
endfacet
facet normal -0.907692 -0.112862 -0.404174
 outer loop
  vertex 347.698 -7.70389 865.518
  vertex 347.03 -6.97938 867.213
  vertex 347.067 -3.55358 866.183
 endloop
endfacet
facet normal -0.90619 -0.035677 -0.421362
 outer loop
  vertex 347.767 -0.00226896 863.978
  vertex 347.067 -3.55358 866.183
  vertex 347.08 -0.00513923 865.836
 endloop
endfacet
facet normal -0.772799 0.083184 -0.629175
 outer loop
  vertex 347.067 3.56024 866.184
  vertex 347.08 -0.00513923 865.836
  vertex 346.373 3.40264 866.941
 endloop
endfacet
facet normal -0.595238 0.251793 -0.76308
 outer loop
  vertex 346.348 6.6635 867.917
  vertex 346.373 3.40264 866.941
  vertex 345.574 6.31955 868.349
 endloop
endfacet
facet normal -0.531175 0.314803 -0.786608
 outer loop
  vertex 345.573 6.44783 868.401
  vertex 346.348 6.6635 867.917
  vertex 345.574 6.31955 868.349
 endloop
endfacet
facet normal -0.53751 0.367545 -0.758942
 outer loop
  vertex 345.573 6.44783 868.401
  vertex 345.545 9.37937 869.952
  vertex 346.348 6.6635 867.917
 endloop
endfacet
facet normal -0.605976 0.390442 -0.693071
 outer loop
  vertex 346.348 6.6635 867.917
  vertex 345.545 9.37937 869.952
  vertex 346.307 9.6957 869.516
 endloop
endfacet
facet normal -0.78318 0.300844 -0.544171
 outer loop
  vertex 347.03 6.97063 867.21
  vertex 346.307 9.6957 869.516
  vertex 346.97 10.1389 868.888
 endloop
endfacet
facet normal -0.967 0.122405 -0.223447
 outer loop
  vertex 347.684 8.42289 865.835
  vertex 346.97 10.1389 868.888
  vertex 347.503 14.2126 869.902
 endloop
endfacet
facet normal -0.910426 0.17754 -0.373636
 outer loop
  vertex 347.684 8.42289 865.835
  vertex 347.03 6.97063 867.21
  vertex 346.97 10.1389 868.888
 endloop
endfacet
facet normal -0.965318 0.0855948 -0.246646
 outer loop
  vertex 347.684 8.42289 865.835
  vertex 347.698 7.6997 865.517
  vertex 347.03 6.97063 867.21
 endloop
endfacet
facet normal -0.907684 0.112833 -0.404201
 outer loop
  vertex 347.03 6.97063 867.21
  vertex 347.698 7.6997 865.517
  vertex 347.067 3.56024 866.184
 endloop
endfacet
facet normal -0.71732 0.177171 -0.673842
 outer loop
  vertex 346.348 6.6635 867.917
  vertex 347.067 3.56024 866.184
  vertex 346.373 3.40264 866.941
 endloop
endfacet
facet normal -0.776522 0.196856 -0.59855
 outer loop
  vertex 346.348 6.6635 867.917
  vertex 347.03 6.97063 867.21
  vertex 347.067 3.56024 866.184
 endloop
endfacet
facet normal -0.724284 0.297064 -0.622226
 outer loop
  vertex 346.348 6.6635 867.917
  vertex 346.307 9.6957 869.516
  vertex 347.03 6.97063 867.21
 endloop
endfacet
facet normal -0.844645 -0.532079 -0.0588863
 outer loop
  vertex 346.419 -18.2938 884.119
  vertex 345.927 -17.5649 884.083
  vertex 346.549 -17.9498 880.525
 endloop
endfacet
facet normal -0.796822 -0.595863 -0.100111
 outer loop
  vertex 346.549 -17.9498 880.525
  vertex 345.927 -17.5649 884.083
  vertex 346.018 -17.2162 880.635
 endloop
endfacet
facet normal -0.779423 -0.586025 -0.221527
 outer loop
  vertex 346.674 -16.9012 877.072
  vertex 346.018 -17.2162 880.635
  vertex 346.104 -16.1949 877.33
 endloop
endfacet
facet normal -0.762764 -0.549921 -0.340262
 outer loop
  vertex 346.788 -15.2048 873.917
  vertex 346.104 -16.1949 877.33
  vertex 346.183 -14.5575 874.315
 endloop
endfacet
facet normal -0.747573 -0.487942 -0.450608
 outer loop
  vertex 346.888 -12.9135 871.146
  vertex 346.183 -14.5575 874.315
  vertex 346.251 -12.3554 871.669
 endloop
endfacet
facet normal -0.734529 -0.402558 -0.546273
 outer loop
  vertex 346.97 -10.1433 868.891
  vertex 346.251 -12.3554 871.669
  vertex 346.307 -9.69992 869.519
 endloop
endfacet
facet normal -0.724299 -0.297318 -0.622088
 outer loop
  vertex 347.03 -6.97938 867.213
  vertex 346.307 -9.69992 869.519
  vertex 346.348 -6.67187 867.921
 endloop
endfacet
facet normal -0.717336 -0.177134 -0.673834
 outer loop
  vertex 347.067 -3.55358 866.183
  vertex 346.348 -6.67187 867.921
  vertex 346.373 -3.39627 866.94
 endloop
endfacet
facet normal -0.714006 -0.0483012 -0.698472
 outer loop
  vertex 347.08 -0.00513923 865.836
  vertex 346.373 -3.39627 866.94
  vertex 346.381 -0.00491137 866.61
 endloop
endfacet
facet normal -0.589655 0.105599 -0.800722
 outer loop
  vertex 346.373 3.40264 866.941
  vertex 346.381 -0.00491137 866.61
  vertex 345.59 3.2931 867.454
 endloop
endfacet
facet normal -0.52743 0.215478 -0.821819
 outer loop
  vertex 345.574 6.31955 868.349
  vertex 346.373 3.40264 866.941
  vertex 345.59 3.2931 867.454
 endloop
endfacet
facet normal -0.7062 -0.705301 -0.0619021
 outer loop
  vertex 345.927 -17.5649 884.083
  vertex 345.294 -16.9675 884.044
  vertex 346.018 -17.2162 880.635
 endloop
endfacet
facet normal -0.643717 -0.756927 -0.112649
 outer loop
  vertex 346.018 -17.2162 880.635
  vertex 345.294 -16.9675 884.044
  vertex 345.353 -16.6335 880.713
 endloop
endfacet
facet normal -0.630845 -0.755426 -0.177105
 outer loop
  vertex 345.364 -16.4896 880.066
  vertex 346.018 -17.2162 880.635
  vertex 345.353 -16.6335 880.713
 endloop
endfacet
facet normal -0.680586 -0.700225 -0.215611
 outer loop
  vertex 345.364 -16.4896 880.066
  vertex 346.104 -16.1949 877.33
  vertex 346.018 -17.2162 880.635
 endloop
endfacet
facet normal -0.615179 -0.738474 -0.276061
 outer loop
  vertex 345.364 -16.4896 880.066
  vertex 345.409 -15.6506 877.518
  vertex 346.104 -16.1949 877.33
 endloop
endfacet
facet normal -0.604629 -0.723683 -0.332727
 outer loop
  vertex 346.104 -16.1949 877.33
  vertex 345.409 -15.6506 877.518
  vertex 345.423 -15.2912 876.72
 endloop
endfacet
facet normal -0.589967 -0.685411 -0.426792
 outer loop
  vertex 346.183 -14.5575 874.315
  vertex 345.423 -15.2912 876.72
  vertex 345.461 -14.0729 874.6
 endloop
endfacet
facet normal -0.577295 -0.637231 -0.510556
 outer loop
  vertex 345.507 -11.9821 872.073
  vertex 346.183 -14.5575 874.315
  vertex 345.461 -14.0729 874.6
 endloop
endfacet
facet normal -0.631902 -0.569851 -0.525328
 outer loop
  vertex 345.507 -11.9821 872.073
  vertex 346.251 -12.3554 871.669
  vertex 346.183 -14.5575 874.315
 endloop
endfacet
facet normal -0.561863 -0.57604 -0.593707
 outer loop
  vertex 345.507 -11.9821 872.073
  vertex 345.507 -11.9483 872.039
  vertex 346.251 -12.3554 871.669
 endloop
endfacet
facet normal -0.620651 -0.508135 -0.597153
 outer loop
  vertex 346.251 -12.3554 871.669
  vertex 345.507 -11.9483 872.039
  vertex 346.307 -9.69992 869.519
 endloop
endfacet
facet normal -0.552102 -0.500604 -0.666768
 outer loop
  vertex 346.307 -9.69992 869.519
  vertex 345.507 -11.9483 872.039
  vertex 345.545 -9.38342 869.955
 endloop
endfacet
facet normal -0.537522 -0.367868 -0.758777
 outer loop
  vertex 346.348 -6.67187 867.921
  vertex 345.545 -9.38342 869.955
  vertex 345.573 -6.45591 868.405
 endloop
endfacet
facet normal -0.531144 -0.314451 -0.78677
 outer loop
  vertex 345.574 -6.28472 868.336
  vertex 346.348 -6.67187 867.921
  vertex 345.573 -6.45591 868.405
 endloop
endfacet
facet normal -0.595191 -0.251206 -0.76331
 outer loop
  vertex 345.574 -6.28472 868.336
  vertex 346.373 -3.39627 866.94
  vertex 346.348 -6.67187 867.921
 endloop
endfacet
facet normal -0.527344 -0.214659 -0.822089
 outer loop
  vertex 345.574 -6.28472 868.336
  vertex 345.59 -3.28693 867.453
  vertex 346.373 -3.39627 866.94
 endloop
endfacet
facet normal -0.58963 -0.10554 -0.800748
 outer loop
  vertex 346.373 -3.39627 866.94
  vertex 345.59 -3.28693 867.453
  vertex 346.381 -0.00491137 866.61
 endloop
endfacet
facet normal -0.523144 -0.057512 -0.850302
 outer loop
  vertex 346.381 -0.00491137 866.61
  vertex 345.59 -3.28693 867.453
  vertex 345.596 -0.00475355 867.132
 endloop
endfacet
facet normal -0.523167 0.0573147 -0.850301
 outer loop
  vertex 345.59 3.2931 867.454
  vertex 346.381 -0.00491137 866.61
  vertex 345.596 -0.00475355 867.132
 endloop
endfacet
facet normal -0.614835 0.4664 -0.635962
 outer loop
  vertex 346.307 9.6957 869.516
  vertex 345.545 9.37937 869.952
  vertex 346.251 12.3559 871.67
 endloop
endfacet
facet normal -0.79237 0.389766 -0.469288
 outer loop
  vertex 346.97 10.1389 868.888
  vertex 346.251 12.3559 871.67
  vertex 346.888 12.9139 871.146
 endloop
endfacet
facet normal -0.968868 0.154117 -0.193761
 outer loop
  vertex 347.503 14.2126 869.902
  vertex 346.888 12.9139 871.146
  vertex 347.464 15.0427 870.795
 endloop
endfacet
facet normal -0.914607 0.238799 -0.326297
 outer loop
  vertex 347.503 14.2126 869.902
  vertex 346.97 10.1389 868.888
  vertex 346.888 12.9139 871.146
 endloop
endfacet
facet normal -0.57723 0.637089 -0.510807
 outer loop
  vertex 345.461 14.0675 874.593
  vertex 346.183 14.5519 874.306
  vertex 345.507 11.9826 872.073
 endloop
endfacet
facet normal -0.589438 0.684358 -0.429204
 outer loop
  vertex 345.461 14.0675 874.593
  vertex 345.425 15.23 876.595
  vertex 346.183 14.5519 874.306
 endloop
endfacet
facet normal -0.656926 0.661131 -0.362428
 outer loop
  vertex 346.183 14.5519 874.306
  vertex 345.425 15.23 876.595
  vertex 346.104 16.198 877.338
 endloop
endfacet
facet normal -0.816579 0.507238 -0.275515
 outer loop
  vertex 346.789 15.199 873.908
  vertex 346.104 16.198 877.338
  vertex 346.674 16.9044 877.08
 endloop
endfacet
facet normal -0.97392 0.192979 -0.11933
 outer loop
  vertex 347.212 18.5177 876.464
  vertex 346.674 16.9044 877.08
  vertex 347.171 18.8614 877.388
 endloop
endfacet
facet normal -0.925538 0.3182 -0.205252
 outer loop
  vertex 347.212 18.5177 876.464
  vertex 346.789 15.199 873.908
  vertex 346.674 16.9044 877.08
 endloop
endfacet
facet normal -0.971392 0.177268 -0.158032
 outer loop
  vertex 347.212 18.5177 876.464
  vertex 347.464 15.0427 870.795
  vertex 346.789 15.199 873.908
 endloop
endfacet
facet normal -0.919536 0.283746 -0.271923
 outer loop
  vertex 346.789 15.199 873.908
  vertex 347.464 15.0427 870.795
  vertex 346.888 12.9139 871.146
 endloop
endfacet
facet normal -0.747549 0.487884 -0.450711
 outer loop
  vertex 346.183 14.5519 874.306
  vertex 346.888 12.9139 871.146
  vertex 346.251 12.3559 871.67
 endloop
endfacet
facet normal -0.557479 0.535916 -0.634043
 outer loop
  vertex 345.507 11.9826 872.073
  vertex 346.251 12.3559 871.67
  vertex 345.545 9.37937 869.952
 endloop
endfacet
facet normal -0.631876 0.56979 -0.525426
 outer loop
  vertex 345.507 11.9826 872.073
  vertex 346.183 14.5519 874.306
  vertex 346.251 12.3559 871.67
 endloop
endfacet
facet normal -0.604321 0.72301 -0.334744
 outer loop
  vertex 345.425 15.23 876.595
  vertex 345.409 15.6534 877.525
  vertex 346.104 16.198 877.338
 endloop
endfacet
facet normal -0.614775 0.738225 -0.277626
 outer loop
  vertex 346.104 16.198 877.338
  vertex 345.409 15.6534 877.525
  vertex 345.366 16.4619 879.955
 endloop
endfacet
facet normal -0.630479 0.755242 -0.179182
 outer loop
  vertex 346.018 17.2145 880.627
  vertex 345.366 16.4619 879.955
  vertex 345.353 16.6316 880.704
 endloop
endfacet
facet normal -0.643666 0.756934 -0.112897
 outer loop
  vertex 345.294 16.9675 884.044
  vertex 346.018 17.2145 880.627
  vertex 345.353 16.6316 880.704
 endloop
endfacet
facet normal -0.706189 0.705302 -0.0620132
 outer loop
  vertex 345.294 16.9675 884.044
  vertex 345.927 17.5649 884.083
  vertex 346.018 17.2145 880.627
 endloop
endfacet
facet normal -0.796801 0.595858 -0.100302
 outer loop
  vertex 346.018 17.2145 880.627
  vertex 345.927 17.5649 884.083
  vertex 346.55 17.9481 880.516
 endloop
endfacet
facet normal -0.931661 0.335453 -0.139566
 outer loop
  vertex 346.674 16.9044 877.08
  vertex 346.55 17.9481 880.516
  vertex 347.171 18.8614 877.388
 endloop
endfacet
facet normal -0.8304 0.531405 -0.167464
 outer loop
  vertex 346.674 16.9044 877.08
  vertex 346.018 17.2145 880.627
  vertex 346.55 17.9481 880.516
 endloop
endfacet
facet normal -0.779418 0.586058 -0.221459
 outer loop
  vertex 346.674 16.9044 877.08
  vertex 346.104 16.198 877.338
  vertex 346.018 17.2145 880.627
 endloop
endfacet
facet normal -0.680228 0.700008 -0.217438
 outer loop
  vertex 346.018 17.2145 880.627
  vertex 346.104 16.198 877.338
  vertex 345.366 16.4619 879.955
 endloop
endfacet
facet normal -0.84464 0.532078 -0.0589664
 outer loop
  vertex 345.927 17.5649 884.083
  vertex 346.419 18.2938 884.119
  vertex 346.55 17.9481 880.516
 endloop
endfacet
facet normal -0.938335 0.339081 -0.0674628
 outer loop
  vertex 346.55 17.9481 880.516
  vertex 346.419 18.2938 884.119
  vertex 346.878 19.9284 884.054
 endloop
endfacet
facet normal -0.976823 0.199028 -0.078765
 outer loop
  vertex 347.171 18.8614 877.388
  vertex 346.55 17.9481 880.516
  vertex 346.878 19.9284 884.054
 endloop
endfacet
facet normal -0.979469 0.197712 -0.0393715
 outer loop
  vertex 346.419 18.2938 884.119
  vertex 346.872 19.9285 884.171
  vertex 346.878 19.9284 884.054
 endloop
endfacet
facet normal -0.964571 0.0434402 -0.260222
 outer loop
  vertex 347.698 7.6997 865.517
  vertex 347.767 -0.00226896 863.978
  vertex 347.067 3.56024 866.184
 endloop
endfacet
facet normal -0.906198 0.035629 -0.42135
 outer loop
  vertex 347.067 3.56024 866.184
  vertex 347.767 -0.00226896 863.978
  vertex 347.08 -0.00513923 865.836
 endloop
endfacet
facet normal -0.96457 -0.043395 -0.260233
 outer loop
  vertex 347.767 -0.00226896 863.978
  vertex 347.698 -7.70389 865.518
  vertex 347.067 -3.55358 866.183
 endloop
endfacet
facet normal -0.965321 -0.0856876 -0.246602
 outer loop
  vertex 347.698 -7.70389 865.518
  vertex 347.684 -8.42289 865.835
  vertex 347.03 -6.97938 867.213
 endloop
endfacet
facet normal -0.967002 -0.122443 -0.223417
 outer loop
  vertex 347.684 -8.42289 865.835
  vertex 347.503 -14.2158 869.905
  vertex 346.97 -10.1433 868.891
 endloop
endfacet
facet normal -0.968867 -0.154106 -0.193774
 outer loop
  vertex 347.503 -14.2158 869.905
  vertex 347.464 -15.0427 870.795
  vertex 346.888 -12.9135 871.146
 endloop
endfacet
facet normal -0.971397 -0.177304 -0.15796
 outer loop
  vertex 347.464 -15.0427 870.795
  vertex 347.212 -18.5176 876.464
  vertex 346.788 -15.2048 873.917
 endloop
endfacet
facet normal -0.973914 -0.192957 -0.119412
 outer loop
  vertex 347.212 -18.5176 876.464
  vertex 347.171 -18.8611 877.388
  vertex 346.674 -16.9012 877.072
 endloop
endfacet
facet normal -0.976829 -0.199032 -0.0786839
 outer loop
  vertex 347.171 -18.8611 877.388
  vertex 346.878 -19.93 884.053
  vertex 346.549 -17.9498 880.525
 endloop
endfacet
facet normal -0.816555 -0.507229 -0.275601
 outer loop
  vertex 346.674 -16.9012 877.072
  vertex 346.104 -16.1949 877.33
  vertex 346.788 -15.2048 873.917
 endloop
endfacet
facet normal -0.792369 -0.389795 -0.469267
 outer loop
  vertex 346.888 -12.9135 871.146
  vertex 346.251 -12.3554 871.669
  vertex 346.97 -10.1433 868.891
 endloop
endfacet
facet normal -0.803707 -0.459589 -0.377934
 outer loop
  vertex 346.888 -12.9135 871.146
  vertex 346.788 -15.2048 873.917
  vertex 346.183 -14.5575 874.315
 endloop
endfacet
facet normal -0.830426 -0.5314 -0.16735
 outer loop
  vertex 346.674 -16.9012 877.072
  vertex 346.549 -17.9498 880.525
  vertex 346.018 -17.2162 880.635
 endloop
endfacet
facet normal -0.657306 -0.661973 -0.360195
 outer loop
  vertex 346.183 -14.5575 874.315
  vertex 346.104 -16.1949 877.33
  vertex 345.423 -15.2912 876.72
 endloop
endfacet
facet normal -0.776542 -0.196993 -0.598479
 outer loop
  vertex 347.03 -6.97938 867.213
  vertex 346.348 -6.67187 867.921
  vertex 347.067 -3.55358 866.183
 endloop
endfacet
facet normal -0.783191 -0.301023 -0.544056
 outer loop
  vertex 347.03 -6.97938 867.213
  vertex 346.97 -10.1433 868.891
  vertex 346.307 -9.69992 869.519
 endloop
endfacet
facet normal -0.60599 -0.390682 -0.692924
 outer loop
  vertex 346.307 -9.69992 869.519
  vertex 345.545 -9.38342 869.955
  vertex 346.348 -6.67187 867.921
 endloop
endfacet
facet normal -0.714022 0.0481511 -0.698465
 outer loop
  vertex 347.08 -0.00513923 865.836
  vertex 346.381 -0.00491137 866.61
  vertex 346.373 3.40264 866.941
 endloop
endfacet
facet normal -0.772784 -0.0831291 -0.629201
 outer loop
  vertex 347.08 -0.00513923 865.836
  vertex 347.067 -3.55358 866.183
  vertex 346.373 -3.39627 866.94
 endloop
endfacet
facet normal -0.734525 0.40247 -0.546344
 outer loop
  vertex 346.97 10.1389 868.888
  vertex 346.307 9.6957 869.516
  vertex 346.251 12.3559 871.67
 endloop
endfacet
facet normal -0.762765 0.549851 -0.340373
 outer loop
  vertex 346.104 16.198 877.338
  vertex 346.789 15.199 873.908
  vertex 346.183 14.5519 874.306
 endloop
endfacet
facet normal -0.803674 0.459482 -0.378133
 outer loop
  vertex 346.183 14.5519 874.306
  vertex 346.789 15.199 873.908
  vertex 346.888 12.9139 871.146
 endloop
endfacet
facet normal -0.979857 0.197387 -0.0303138
 outer loop
  vertex 346.872 19.9285 884.171
  vertex 346.419 18.2938 884.119
  vertex 346.596 19.7959 893.226
 endloop
endfacet
facet normal -0.980277 0.197001 -0.0157622
 outer loop
  vertex 346.596 19.7959 893.226
  vertex 346.419 18.2938 884.119
  vertex 346.547 19.7694 899
 endloop
endfacet
facet normal -0.941489 0.337043 -2.25144E-05
 outer loop
  vertex 346.547 19.7694 899
  vertex 346.419 18.2938 884.119
  vertex 346.416 18.2875 913.881
 endloop
endfacet
facet normal -0.979744 0.197949 0.0302964
 outer loop
  vertex 346.596 19.7959 904.774
  vertex 346.416 18.2875 913.881
  vertex 346.872 19.9285 913.829
 endloop
endfacet
facet normal -0.980164 0.197562 0.0157424
 outer loop
  vertex 346.596 19.7959 904.774
  vertex 346.547 19.7694 899
  vertex 346.416 18.2875 913.881
 endloop
endfacet
facet normal -0.84769 0.530445 -0.00702038
 outer loop
  vertex 346.419 18.2938 884.119
  vertex 345.927 17.5649 884.083
  vertex 346.416 18.2875 913.881
 endloop
endfacet
facet normal -0.776289 0.63037 0.0030005
 outer loop
  vertex 346.416 18.2875 913.881
  vertex 345.927 17.5649 884.083
  vertex 345.185 16.9815 899
 endloop
endfacet
facet normal -0.676688 0.736192 0.0106729
 outer loop
  vertex 345.927 17.5649 913.917
  vertex 345.185 16.9815 899
  vertex 345.294 16.9675 913.956
 endloop
endfacet
facet normal -0.77618 0.63028 0.0170766
 outer loop
  vertex 345.927 17.5649 913.917
  vertex 346.416 18.2875 913.881
  vertex 345.185 16.9815 899
 endloop
endfacet
facet normal -0.676688 0.736192 -0.010673
 outer loop
  vertex 345.927 17.5649 884.083
  vertex 345.294 16.9675 884.044
  vertex 345.185 16.9815 899
 endloop
endfacet
facet normal -0.979356 0.198273 0.0393579
 outer loop
  vertex 346.872 19.9285 913.829
  vertex 346.416 18.2875 913.881
  vertex 346.878 19.93 913.947
 endloop
endfacet
facet normal -0.93814 0.33964 0.0673667
 outer loop
  vertex 346.878 19.93 913.947
  vertex 346.416 18.2875 913.881
  vertex 346.549 17.9498 917.475
 endloop
endfacet
facet normal -0.931667 0.335439 0.139559
 outer loop
  vertex 347.171 18.8611 920.612
  vertex 346.549 17.9498 917.475
  vertex 346.674 16.9012 920.928
 endloop
endfacet
facet normal -0.925532 0.31822 0.205247
 outer loop
  vertex 347.212 18.5176 921.536
  vertex 346.674 16.9012 920.928
  vertex 346.788 15.2048 924.083
 endloop
endfacet
facet normal -0.919547 0.283783 0.271848
 outer loop
  vertex 347.464 15.0427 927.205
  vertex 346.788 15.2048 924.083
  vertex 346.888 12.9135 926.854
 endloop
endfacet
facet normal -0.914607 0.238835 0.32627
 outer loop
  vertex 347.503 14.2158 928.095
  vertex 346.888 12.9135 926.854
  vertex 346.97 10.1433 929.109
 endloop
endfacet
facet normal -0.910431 0.177664 0.373564
 outer loop
  vertex 347.684 8.42289 932.165
  vertex 346.97 10.1433 929.109
  vertex 347.03 6.97938 930.787
 endloop
endfacet
facet normal -0.907692 0.112862 0.404174
 outer loop
  vertex 347.698 7.70389 932.482
  vertex 347.03 6.97938 930.787
  vertex 347.067 3.55358 931.817
 endloop
endfacet
facet normal -0.90619 0.035677 0.421362
 outer loop
  vertex 347.767 0.00226896 934.022
  vertex 347.067 3.55358 931.817
  vertex 347.08 0.00513923 932.164
 endloop
endfacet
facet normal -0.772799 -0.083184 0.629175
 outer loop
  vertex 347.067 -3.56024 931.816
  vertex 347.08 0.00513923 932.164
  vertex 346.373 -3.40264 931.059
 endloop
endfacet
facet normal -0.595238 -0.251793 0.76308
 outer loop
  vertex 346.348 -6.6635 930.083
  vertex 346.373 -3.40264 931.059
  vertex 345.574 -6.31955 929.651
 endloop
endfacet
facet normal -0.531175 -0.314803 0.786608
 outer loop
  vertex 345.573 -6.44783 929.599
  vertex 346.348 -6.6635 930.083
  vertex 345.574 -6.31955 929.651
 endloop
endfacet
facet normal -0.53751 -0.367545 0.758942
 outer loop
  vertex 345.573 -6.44783 929.599
  vertex 345.545 -9.37937 928.048
  vertex 346.348 -6.6635 930.083
 endloop
endfacet
facet normal -0.605976 -0.390442 0.693071
 outer loop
  vertex 346.348 -6.6635 930.083
  vertex 345.545 -9.37937 928.048
  vertex 346.307 -9.6957 928.484
 endloop
endfacet
facet normal -0.78318 -0.300844 0.544171
 outer loop
  vertex 347.03 -6.97063 930.79
  vertex 346.307 -9.6957 928.484
  vertex 346.97 -10.1389 929.112
 endloop
endfacet
facet normal -0.967 -0.122405 0.223447
 outer loop
  vertex 347.684 -8.42289 932.165
  vertex 346.97 -10.1389 929.112
  vertex 347.503 -14.2126 928.098
 endloop
endfacet
facet normal -0.910426 -0.17754 0.373636
 outer loop
  vertex 347.684 -8.42289 932.165
  vertex 347.03 -6.97063 930.79
  vertex 346.97 -10.1389 929.112
 endloop
endfacet
facet normal -0.965318 -0.0855948 0.246646
 outer loop
  vertex 347.684 -8.42289 932.165
  vertex 347.698 -7.6997 932.483
  vertex 347.03 -6.97063 930.79
 endloop
endfacet
facet normal -0.907684 -0.112833 0.404201
 outer loop
  vertex 347.03 -6.97063 930.79
  vertex 347.698 -7.6997 932.483
  vertex 347.067 -3.56024 931.816
 endloop
endfacet
facet normal -0.71732 -0.177171 0.673842
 outer loop
  vertex 346.348 -6.6635 930.083
  vertex 347.067 -3.56024 931.816
  vertex 346.373 -3.40264 931.059
 endloop
endfacet
facet normal -0.776522 -0.196856 0.59855
 outer loop
  vertex 346.348 -6.6635 930.083
  vertex 347.03 -6.97063 930.79
  vertex 347.067 -3.56024 931.816
 endloop
endfacet
facet normal -0.724284 -0.297064 0.622226
 outer loop
  vertex 346.348 -6.6635 930.083
  vertex 346.307 -9.6957 928.484
  vertex 347.03 -6.97063 930.79
 endloop
endfacet
facet normal -0.844333 0.532575 0.0588615
 outer loop
  vertex 346.416 18.2875 913.881
  vertex 345.927 17.5649 913.917
  vertex 346.549 17.9498 917.475
 endloop
endfacet
facet normal -0.796822 0.595863 0.100111
 outer loop
  vertex 346.549 17.9498 917.475
  vertex 345.927 17.5649 913.917
  vertex 346.018 17.2162 917.365
 endloop
endfacet
facet normal -0.779423 0.586025 0.221527
 outer loop
  vertex 346.674 16.9012 920.928
  vertex 346.018 17.2162 917.365
  vertex 346.104 16.1949 920.67
 endloop
endfacet
facet normal -0.762764 0.549921 0.340262
 outer loop
  vertex 346.788 15.2048 924.083
  vertex 346.104 16.1949 920.67
  vertex 346.183 14.5575 923.685
 endloop
endfacet
facet normal -0.747573 0.487942 0.450608
 outer loop
  vertex 346.888 12.9135 926.854
  vertex 346.183 14.5575 923.685
  vertex 346.251 12.3554 926.331
 endloop
endfacet
facet normal -0.734529 0.402558 0.546273
 outer loop
  vertex 346.97 10.1433 929.109
  vertex 346.251 12.3554 926.331
  vertex 346.307 9.69992 928.481
 endloop
endfacet
facet normal -0.724299 0.297318 0.622088
 outer loop
  vertex 347.03 6.97938 930.787
  vertex 346.307 9.69992 928.481
  vertex 346.348 6.67187 930.079
 endloop
endfacet
facet normal -0.717336 0.177134 0.673834
 outer loop
  vertex 347.067 3.55358 931.817
  vertex 346.348 6.67187 930.079
  vertex 346.373 3.39627 931.06
 endloop
endfacet
facet normal -0.714006 0.0483012 0.698472
 outer loop
  vertex 347.08 0.00513923 932.164
  vertex 346.373 3.39627 931.06
  vertex 346.381 0.00491137 931.39
 endloop
endfacet
facet normal -0.589655 -0.105599 0.800722
 outer loop
  vertex 346.373 -3.40264 931.059
  vertex 346.381 0.00491137 931.39
  vertex 345.59 -3.2931 930.546
 endloop
endfacet
facet normal -0.52743 -0.215478 0.821819
 outer loop
  vertex 345.574 -6.31955 929.651
  vertex 346.373 -3.40264 931.059
  vertex 345.59 -3.2931 930.546
 endloop
endfacet
facet normal -0.7062 0.705301 0.0619021
 outer loop
  vertex 345.927 17.5649 913.917
  vertex 345.294 16.9675 913.956
  vertex 346.018 17.2162 917.365
 endloop
endfacet
facet normal -0.643717 0.756927 0.112649
 outer loop
  vertex 346.018 17.2162 917.365
  vertex 345.294 16.9675 913.956
  vertex 345.353 16.6335 917.287
 endloop
endfacet
facet normal -0.630845 0.755426 0.177105
 outer loop
  vertex 345.364 16.4896 917.934
  vertex 346.018 17.2162 917.365
  vertex 345.353 16.6335 917.287
 endloop
endfacet
facet normal -0.680586 0.700225 0.215611
 outer loop
  vertex 345.364 16.4896 917.934
  vertex 346.104 16.1949 920.67
  vertex 346.018 17.2162 917.365
 endloop
endfacet
facet normal -0.615179 0.738474 0.276061
 outer loop
  vertex 345.364 16.4896 917.934
  vertex 345.409 15.6506 920.482
  vertex 346.104 16.1949 920.67
 endloop
endfacet
facet normal -0.604629 0.723683 0.332727
 outer loop
  vertex 346.104 16.1949 920.67
  vertex 345.409 15.6506 920.482
  vertex 345.423 15.2912 921.28
 endloop
endfacet
facet normal -0.589967 0.685411 0.426792
 outer loop
  vertex 346.183 14.5575 923.685
  vertex 345.423 15.2912 921.28
  vertex 345.461 14.0729 923.4
 endloop
endfacet
facet normal -0.577295 0.637231 0.510556
 outer loop
  vertex 345.507 11.9821 925.927
  vertex 346.183 14.5575 923.685
  vertex 345.461 14.0729 923.4
 endloop
endfacet
facet normal -0.631902 0.569851 0.525328
 outer loop
  vertex 345.507 11.9821 925.927
  vertex 346.251 12.3554 926.331
  vertex 346.183 14.5575 923.685
 endloop
endfacet
facet normal -0.561863 0.57604 0.593707
 outer loop
  vertex 345.507 11.9821 925.927
  vertex 345.507 11.9483 925.961
  vertex 346.251 12.3554 926.331
 endloop
endfacet
facet normal -0.620651 0.508135 0.597153
 outer loop
  vertex 346.251 12.3554 926.331
  vertex 345.507 11.9483 925.961
  vertex 346.307 9.69992 928.481
 endloop
endfacet
facet normal -0.552102 0.500604 0.666768
 outer loop
  vertex 346.307 9.69992 928.481
  vertex 345.507 11.9483 925.961
  vertex 345.545 9.38342 928.045
 endloop
endfacet
facet normal -0.537522 0.367868 0.758777
 outer loop
  vertex 346.348 6.67187 930.079
  vertex 345.545 9.38342 928.045
  vertex 345.573 6.45591 929.595
 endloop
endfacet
facet normal -0.531144 0.314451 0.78677
 outer loop
  vertex 345.574 6.28472 929.664
  vertex 346.348 6.67187 930.079
  vertex 345.573 6.45591 929.595
 endloop
endfacet
facet normal -0.595191 0.251206 0.76331
 outer loop
  vertex 345.574 6.28472 929.664
  vertex 346.373 3.39627 931.06
  vertex 346.348 6.67187 930.079
 endloop
endfacet
facet normal -0.527344 0.214659 0.822089
 outer loop
  vertex 345.574 6.28472 929.664
  vertex 345.59 3.28693 930.547
  vertex 346.373 3.39627 931.06
 endloop
endfacet
facet normal -0.58963 0.10554 0.800748
 outer loop
  vertex 346.373 3.39627 931.06
  vertex 345.59 3.28693 930.547
  vertex 346.381 0.00491137 931.39
 endloop
endfacet
facet normal -0.523144 0.057512 0.850302
 outer loop
  vertex 346.381 0.00491137 931.39
  vertex 345.59 3.28693 930.547
  vertex 345.596 0.00475355 930.868
 endloop
endfacet
facet normal -0.523167 -0.0573147 0.850301
 outer loop
  vertex 345.59 -3.2931 930.546
  vertex 346.381 0.00491137 931.39
  vertex 345.596 0.00475355 930.868
 endloop
endfacet
facet normal -0.614835 -0.4664 0.635962
 outer loop
  vertex 346.307 -9.6957 928.484
  vertex 345.545 -9.37937 928.048
  vertex 346.251 -12.3559 926.33
 endloop
endfacet
facet normal -0.79237 -0.389766 0.469288
 outer loop
  vertex 346.97 -10.1389 929.112
  vertex 346.251 -12.3559 926.33
  vertex 346.888 -12.9139 926.854
 endloop
endfacet
facet normal -0.968868 -0.154117 0.193761
 outer loop
  vertex 347.503 -14.2126 928.098
  vertex 346.888 -12.9139 926.854
  vertex 347.464 -15.0427 927.205
 endloop
endfacet
facet normal -0.914607 -0.238799 0.326297
 outer loop
  vertex 347.503 -14.2126 928.098
  vertex 346.97 -10.1389 929.112
  vertex 346.888 -12.9139 926.854
 endloop
endfacet
facet normal -0.57723 -0.637089 0.510807
 outer loop
  vertex 345.461 -14.0675 923.407
  vertex 346.183 -14.5519 923.694
  vertex 345.507 -11.9826 925.927
 endloop
endfacet
facet normal -0.589438 -0.684358 0.429204
 outer loop
  vertex 345.461 -14.0675 923.407
  vertex 345.425 -15.23 921.405
  vertex 346.183 -14.5519 923.694
 endloop
endfacet
facet normal -0.656926 -0.661131 0.362428
 outer loop
  vertex 346.183 -14.5519 923.694
  vertex 345.425 -15.23 921.405
  vertex 346.104 -16.198 920.662
 endloop
endfacet
facet normal -0.816579 -0.507238 0.275515
 outer loop
  vertex 346.789 -15.199 924.092
  vertex 346.104 -16.198 920.662
  vertex 346.674 -16.9044 920.92
 endloop
endfacet
facet normal -0.97392 -0.192979 0.11933
 outer loop
  vertex 347.212 -18.5177 921.536
  vertex 346.674 -16.9044 920.92
  vertex 347.171 -18.8614 920.612
 endloop
endfacet
facet normal -0.925538 -0.3182 0.205252
 outer loop
  vertex 347.212 -18.5177 921.536
  vertex 346.789 -15.199 924.092
  vertex 346.674 -16.9044 920.92
 endloop
endfacet
facet normal -0.971392 -0.177268 0.158032
 outer loop
  vertex 347.212 -18.5177 921.536
  vertex 347.464 -15.0427 927.205
  vertex 346.789 -15.199 924.092
 endloop
endfacet
facet normal -0.919536 -0.283746 0.271923
 outer loop
  vertex 346.789 -15.199 924.092
  vertex 347.464 -15.0427 927.205
  vertex 346.888 -12.9139 926.854
 endloop
endfacet
facet normal -0.747549 -0.487883 0.450711
 outer loop
  vertex 346.183 -14.5519 923.694
  vertex 346.888 -12.9139 926.854
  vertex 346.251 -12.3559 926.33
 endloop
endfacet
facet normal -0.557479 -0.535916 0.634043
 outer loop
  vertex 345.507 -11.9826 925.927
  vertex 346.251 -12.3559 926.33
  vertex 345.545 -9.37937 928.048
 endloop
endfacet
facet normal -0.631876 -0.56979 0.525426
 outer loop
  vertex 345.507 -11.9826 925.927
  vertex 346.183 -14.5519 923.694
  vertex 346.251 -12.3559 926.33
 endloop
endfacet
facet normal -0.604321 -0.72301 0.334744
 outer loop
  vertex 345.425 -15.23 921.405
  vertex 345.409 -15.6534 920.475
  vertex 346.104 -16.198 920.662
 endloop
endfacet
facet normal -0.614775 -0.738225 0.277626
 outer loop
  vertex 346.104 -16.198 920.662
  vertex 345.409 -15.6534 920.475
  vertex 345.366 -16.4619 918.045
 endloop
endfacet
facet normal -0.630479 -0.755242 0.179182
 outer loop
  vertex 346.018 -17.2145 917.373
  vertex 345.366 -16.4619 918.045
  vertex 345.353 -16.6316 917.296
 endloop
endfacet
facet normal -0.643666 -0.756934 0.112897
 outer loop
  vertex 345.294 -16.9675 913.956
  vertex 346.018 -17.2145 917.373
  vertex 345.353 -16.6316 917.296
 endloop
endfacet
facet normal -0.706189 -0.705302 0.0620132
 outer loop
  vertex 345.294 -16.9675 913.956
  vertex 345.927 -17.5649 913.917
  vertex 346.018 -17.2145 917.373
 endloop
endfacet
facet normal -0.796801 -0.595858 0.100302
 outer loop
  vertex 346.018 -17.2145 917.373
  vertex 345.927 -17.5649 913.917
  vertex 346.55 -17.9481 917.484
 endloop
endfacet
facet normal -0.931661 -0.335453 0.139566
 outer loop
  vertex 346.674 -16.9044 920.92
  vertex 346.55 -17.9481 917.484
  vertex 347.171 -18.8614 920.612
 endloop
endfacet
facet normal -0.8304 -0.531405 0.167464
 outer loop
  vertex 346.674 -16.9044 920.92
  vertex 346.018 -17.2145 917.373
  vertex 346.55 -17.9481 917.484
 endloop
endfacet
facet normal -0.779418 -0.586058 0.221459
 outer loop
  vertex 346.674 -16.9044 920.92
  vertex 346.104 -16.198 920.662
  vertex 346.018 -17.2145 917.373
 endloop
endfacet
facet normal -0.680228 -0.700008 0.217438
 outer loop
  vertex 346.018 -17.2145 917.373
  vertex 346.104 -16.198 920.662
  vertex 345.366 -16.4619 918.045
 endloop
endfacet
facet normal -0.844328 -0.532574 0.0589416
 outer loop
  vertex 345.927 -17.5649 913.917
  vertex 346.416 -18.2875 913.881
  vertex 346.55 -17.9481 917.484
 endloop
endfacet
facet normal -0.938135 -0.339638 0.0674459
 outer loop
  vertex 346.55 -17.9481 917.484
  vertex 346.416 -18.2875 913.881
  vertex 346.878 -19.9284 913.946
 endloop
endfacet
facet normal -0.976823 -0.199028 0.078765
 outer loop
  vertex 347.171 -18.8614 920.612
  vertex 346.55 -17.9481 917.484
  vertex 346.878 -19.9284 913.946
 endloop
endfacet
facet normal -0.979356 -0.198273 0.0393557
 outer loop
  vertex 346.416 -18.2875 913.881
  vertex 346.872 -19.9285 913.829
  vertex 346.878 -19.9284 913.946
 endloop
endfacet
facet normal -0.964571 -0.0434402 0.260222
 outer loop
  vertex 347.698 -7.6997 932.483
  vertex 347.767 0.00226896 934.022
  vertex 347.067 -3.56024 931.816
 endloop
endfacet
facet normal -0.906198 -0.035629 0.42135
 outer loop
  vertex 347.067 -3.56024 931.816
  vertex 347.767 0.00226896 934.022
  vertex 347.08 0.00513923 932.164
 endloop
endfacet
facet normal -0.96457 0.043395 0.260233
 outer loop
  vertex 347.767 0.00226896 934.022
  vertex 347.698 7.70389 932.482
  vertex 347.067 3.55358 931.817
 endloop
endfacet
facet normal -0.965321 0.0856876 0.246602
 outer loop
  vertex 347.698 7.70389 932.482
  vertex 347.684 8.42289 932.165
  vertex 347.03 6.97938 930.787
 endloop
endfacet
facet normal -0.967002 0.122443 0.223417
 outer loop
  vertex 347.684 8.42289 932.165
  vertex 347.503 14.2158 928.095
  vertex 346.97 10.1433 929.109
 endloop
endfacet
facet normal -0.968867 0.154106 0.193774
 outer loop
  vertex 347.503 14.2158 928.095
  vertex 347.464 15.0427 927.205
  vertex 346.888 12.9135 926.854
 endloop
endfacet
facet normal -0.971397 0.177304 0.15796
 outer loop
  vertex 347.464 15.0427 927.205
  vertex 347.212 18.5176 921.536
  vertex 346.788 15.2048 924.083
 endloop
endfacet
facet normal -0.973914 0.192957 0.119412
 outer loop
  vertex 347.212 18.5176 921.536
  vertex 347.171 18.8611 920.612
  vertex 346.674 16.9012 920.928
 endloop
endfacet
facet normal -0.976829 0.199032 0.0786839
 outer loop
  vertex 347.171 18.8611 920.612
  vertex 346.878 19.93 913.947
  vertex 346.549 17.9498 917.475
 endloop
endfacet
facet normal -0.816555 0.507229 0.275601
 outer loop
  vertex 346.674 16.9012 920.928
  vertex 346.104 16.1949 920.67
  vertex 346.788 15.2048 924.083
 endloop
endfacet
facet normal -0.792369 0.389795 0.469267
 outer loop
  vertex 346.888 12.9135 926.854
  vertex 346.251 12.3554 926.331
  vertex 346.97 10.1433 929.109
 endloop
endfacet
facet normal -0.803707 0.459589 0.377934
 outer loop
  vertex 346.888 12.9135 926.854
  vertex 346.788 15.2048 924.083
  vertex 346.183 14.5575 923.685
 endloop
endfacet
facet normal -0.830426 0.5314 0.16735
 outer loop
  vertex 346.674 16.9012 920.928
  vertex 346.549 17.9498 917.475
  vertex 346.018 17.2162 917.365
 endloop
endfacet
facet normal -0.657306 0.661973 0.360195
 outer loop
  vertex 346.183 14.5575 923.685
  vertex 346.104 16.1949 920.67
  vertex 345.423 15.2912 921.28
 endloop
endfacet
facet normal -0.776542 0.196993 0.598479
 outer loop
  vertex 347.03 6.97938 930.787
  vertex 346.348 6.67187 930.079
  vertex 347.067 3.55358 931.817
 endloop
endfacet
facet normal -0.783191 0.301023 0.544056
 outer loop
  vertex 347.03 6.97938 930.787
  vertex 346.97 10.1433 929.109
  vertex 346.307 9.69992 928.481
 endloop
endfacet
facet normal -0.60599 0.390682 0.692924
 outer loop
  vertex 346.307 9.69992 928.481
  vertex 345.545 9.38342 928.045
  vertex 346.348 6.67187 930.079
 endloop
endfacet
facet normal -0.714022 -0.0481511 0.698465
 outer loop
  vertex 347.08 0.00513923 932.164
  vertex 346.381 0.00491137 931.39
  vertex 346.373 -3.40264 931.059
 endloop
endfacet
facet normal -0.772784 0.0831291 0.629201
 outer loop
  vertex 347.08 0.00513923 932.164
  vertex 347.067 3.55358 931.817
  vertex 346.373 3.39627 931.06
 endloop
endfacet
facet normal -0.734525 -0.40247 0.546344
 outer loop
  vertex 346.97 -10.1389 929.112
  vertex 346.307 -9.6957 928.484
  vertex 346.251 -12.3559 926.33
 endloop
endfacet
facet normal -0.762765 -0.549851 0.340373
 outer loop
  vertex 346.104 -16.198 920.662
  vertex 346.789 -15.199 924.092
  vertex 346.183 -14.5519 923.694
 endloop
endfacet
facet normal -0.803674 -0.459482 0.378133
 outer loop
  vertex 346.183 -14.5519 923.694
  vertex 346.789 -15.199 924.092
  vertex 346.888 -12.9139 926.854
 endloop
endfacet
facet normal -0.979744 -0.197949 0.0302964
 outer loop
  vertex 346.872 -19.9285 913.829
  vertex 346.416 -18.2875 913.881
  vertex 346.596 -19.7959 904.774
 endloop
endfacet
facet normal -0.980164 -0.197562 0.0157424
 outer loop
  vertex 346.596 -19.7959 904.774
  vertex 346.416 -18.2875 913.881
  vertex 346.547 -19.7694 899
 endloop
endfacet
facet normal -0.941489 -0.337043 -2.25144E-05
 outer loop
  vertex 346.547 -19.7694 899
  vertex 346.416 -18.2875 913.881
  vertex 346.419 -18.2938 884.119
 endloop
endfacet
facet normal -0.979857 -0.197387 -0.0303138
 outer loop
  vertex 346.596 -19.7959 893.226
  vertex 346.419 -18.2938 884.119
  vertex 346.872 -19.9285 884.171
 endloop
endfacet
facet normal -0.980277 -0.197001 -0.0157622
 outer loop
  vertex 346.596 -19.7959 893.226
  vertex 346.547 -19.7694 899
  vertex 346.419 -18.2938 884.119
 endloop
endfacet
facet normal -0.820901 -0.57107 -2.23772E-05
 outer loop
  vertex 346.419 -18.2938 884.119
  vertex 346.416 -18.2875 913.881
  vertex 345.185 -16.9815 899
 endloop
endfacet
facet normal -0.676688 -0.736192 -0.0106729
 outer loop
  vertex 345.927 -17.5649 884.083
  vertex 345.185 -16.9815 899
  vertex 345.294 -16.9675 884.044
 endloop
endfacet
facet normal -0.776545 -0.62983 -0.0171009
 outer loop
  vertex 345.927 -17.5649 884.083
  vertex 346.419 -18.2938 884.119
  vertex 345.185 -16.9815 899
 endloop
endfacet
facet normal -0.676688 -0.736192 0.010673
 outer loop
  vertex 345.294 -16.9675 913.956
  vertex 345.185 -16.9815 899
  vertex 345.927 -17.5649 913.917
 endloop
endfacet
facet normal -0.77618 -0.63028 0.0170766
 outer loop
  vertex 345.927 -17.5649 913.917
  vertex 345.185 -16.9815 899
  vertex 346.416 -18.2875 913.881
 endloop
endfacet
facet normal -0.647304 -0.754621 -0.107444
 outer loop
  vertex 345.353 -16.6335 880.713
  vertex 345.294 -16.9675 884.044
  vertex 345 -16.3356 880.827
 endloop
endfacet
facet normal -0.688787 -0.695586 -0.204286
 outer loop
  vertex 345.364 -16.4896 880.066
  vertex 345 -16.3356 880.827
  vertex 345.035 -15.3918 877.713
 endloop
endfacet
facet normal -0.609806 -0.722007 -0.326868
 outer loop
  vertex 345.409 -15.6506 877.518
  vertex 345.035 -15.3918 877.713
  vertex 345.423 -15.2912 876.72
 endloop
endfacet
facet normal -0.620124 -0.736564 -0.270038
 outer loop
  vertex 345.409 -15.6506 877.518
  vertex 345.364 -16.4896 880.066
  vertex 345.035 -15.3918 877.713
 endloop
endfacet
facet normal -0.855707 -0.51613 -0.0370768
 outer loop
  vertex 344.71 -16.2631 884.054
  vertex 344.726 -15.944 880.91
  vertex 344.965 -16.654 884.048
 endloop
endfacet
facet normal -0.951188 -0.30665 -0.0347455
 outer loop
  vertex 344.71 -16.2631 884.054
  vertex 344.5 -15.372 884.066
  vertex 344.726 -15.944 880.91
 endloop
endfacet
facet normal -0.987467 -0.154408 -0.0326586
 outer loop
  vertex 344.726 -15.944 880.91
  vertex 344.5 -15.372 884.066
  vertex 344.5 -14.1397 878.248
 endloop
endfacet
facet normal -0.996698 -0.0746716 -0.0318885
 outer loop
  vertex 344.559 -14.5848 878.058
  vertex 344.5 -14.1397 878.248
  vertex 344.5 -10.7926 873.338
 endloop
endfacet
facet normal -0.996321 -0.0601423 -0.0610583
 outer loop
  vertex 344.566 -11.1508 872.974
  vertex 344.5 -10.7926 873.338
  vertex 344.5 -5.83512 870.065
 endloop
endfacet
facet normal -0.996063 -0.033623 -0.0820283
 outer loop
  vertex 344.571 -6.03526 869.577
  vertex 344.5 -5.83512 870.065
  vertex 344.5 -0.0078655 868.916
 endloop
endfacet
facet normal -0.984554 0.0335261 -0.171842
 outer loop
  vertex 344.573 -0.00813831 868.382
  vertex 344.5 -0.0078655 868.916
  vertex 344.571 6.02166 869.572
 endloop
endfacet
facet normal -0.905258 0.218311 -0.364483
 outer loop
  vertex 344.789 6.21387 869.101
  vertex 344.571 6.02166 869.572
  vertex 344.77 11.4893 872.616
 endloop
endfacet
facet normal -0.777246 0.499295 -0.382874
 outer loop
  vertex 345.096 11.7848 872.315
  vertex 344.77 11.4893 872.616
  vertex 345.035 15.3904 877.71
 endloop
endfacet
facet normal -0.603997 0.707553 -0.366819
 outer loop
  vertex 345.461 14.0675 874.593
  vertex 345.035 15.3904 877.71
  vertex 345.425 15.23 876.595
 endloop
endfacet
facet normal -0.662666 0.625537 -0.411797
 outer loop
  vertex 345.461 14.0675 874.593
  vertex 345.096 11.7848 872.315
  vertex 345.035 15.3904 877.71
 endloop
endfacet
facet normal -0.581491 0.618026 -0.529067
 outer loop
  vertex 345.461 14.0675 874.593
  vertex 345.507 11.9826 872.073
  vertex 345.096 11.7848 872.315
 endloop
endfacet
facet normal -0.565161 0.537548 -0.625807
 outer loop
  vertex 345.096 11.7848 872.315
  vertex 345.507 11.9826 872.073
  vertex 345.545 9.37937 869.952
 endloop
endfacet
facet normal -0.5468 0.369679 -0.75123
 outer loop
  vertex 345.138 6.37615 868.704
  vertex 345.545 9.37937 869.952
  vertex 345.573 6.44783 868.401
 endloop
endfacet
facet normal -0.540162 0.314709 -0.780502
 outer loop
  vertex 345.574 6.31955 868.349
  vertex 345.138 6.37615 868.704
  vertex 345.573 6.44783 868.401
 endloop
endfacet
facet normal -0.538943 0.263262 -0.800146
 outer loop
  vertex 345.574 6.31955 868.349
  vertex 345.59 3.2931 867.454
  vertex 345.138 6.37615 868.704
 endloop
endfacet
facet normal -0.61277 0.153816 -0.775147
 outer loop
  vertex 345.138 6.37615 868.704
  vertex 345.59 3.2931 867.454
  vertex 345.153 -0.00862107 867.438
 endloop
endfacet
facet normal -0.747687 -0.0943118 -0.65732
 outer loop
  vertex 344.796 -0.00840065 867.869
  vertex 345.153 -0.00862107 867.438
  vertex 345.138 -6.39054 868.71
 endloop
endfacet
facet normal -0.75769 -0.329641 -0.563243
 outer loop
  vertex 344.789 -6.22791 869.107
  vertex 345.138 -6.39054 868.71
  vertex 345.096 -11.7922 872.323
 endloop
endfacet
facet normal -0.777261 -0.499466 -0.38262
 outer loop
  vertex 344.77 -11.4965 872.623
  vertex 345.096 -11.7922 872.323
  vertex 345.035 -15.3918 877.713
 endloop
endfacet
facet normal -0.793587 -0.575094 -0.198713
 outer loop
  vertex 344.742 -15.016 877.874
  vertex 345.035 -15.3918 877.713
  vertex 345 -16.3356 880.827
 endloop
endfacet
facet normal -0.807517 -0.584255 -0.0810154
 outer loop
  vertex 344.726 -15.944 880.91
  vertex 345 -16.3356 880.827
  vertex 344.965 -16.654 884.048
 endloop
endfacet
facet normal -0.844901 -0.516044 -0.140857
 outer loop
  vertex 344.726 -15.944 880.91
  vertex 344.742 -15.016 877.874
  vertex 345 -16.3356 880.827
 endloop
endfacet
facet normal -0.918947 -0.37344 -0.126802
 outer loop
  vertex 344.726 -15.944 880.91
  vertex 344.559 -14.5848 878.058
  vertex 344.742 -15.016 877.874
 endloop
endfacet
facet normal -0.971249 -0.22909 -0.0647576
 outer loop
  vertex 344.726 -15.944 880.91
  vertex 344.5 -14.1397 878.248
  vertex 344.559 -14.5848 878.058
 endloop
endfacet
facet normal -0.996062 0.033549 -0.0820638
 outer loop
  vertex 344.5 -0.0078655 868.916
  vertex 344.5 5.82196 870.06
  vertex 344.571 6.02166 869.572
 endloop
endfacet
facet normal -0.985241 0.0937179 -0.143241
 outer loop
  vertex 344.571 6.02166 869.572
  vertex 344.5 5.82196 870.06
  vertex 344.566 11.1438 872.967
 endloop
endfacet
facet normal -0.913047 0.326272 -0.244727
 outer loop
  vertex 344.77 11.4893 872.616
  vertex 344.566 11.1438 872.967
  vertex 344.742 15.0146 877.87
 endloop
endfacet
facet normal -0.793538 0.575053 -0.199027
 outer loop
  vertex 345.035 15.3904 877.71
  vertex 344.742 15.0146 877.87
  vertex 345 16.3323 880.81
 endloop
endfacet
facet normal -0.634369 0.753149 -0.17419
 outer loop
  vertex 345.366 16.4619 879.955
  vertex 345 16.3323 880.81
  vertex 345.353 16.6316 880.704
 endloop
endfacet
facet normal -0.688449 0.6953 -0.206388
 outer loop
  vertex 345.366 16.4619 879.955
  vertex 345.035 15.3904 877.71
  vertex 345 16.3323 880.81
 endloop
endfacet
facet normal -0.619791 0.73621 -0.271763
 outer loop
  vertex 345.366 16.4619 879.955
  vertex 345.409 15.6534 877.525
  vertex 345.035 15.3904 877.71
 endloop
endfacet
facet normal -0.60957 0.721227 -0.329023
 outer loop
  vertex 345.035 15.3904 877.71
  vertex 345.409 15.6534 877.525
  vertex 345.425 15.23 876.595
 endloop
endfacet
facet normal -0.99632 0.0601083 -0.0611003
 outer loop
  vertex 344.5 5.82196 870.06
  vertex 344.5 10.7858 873.331
  vertex 344.566 11.1438 872.967
 endloop
endfacet
facet normal -0.986487 0.134853 -0.0930446
 outer loop
  vertex 344.566 11.1438 872.967
  vertex 344.5 10.7858 873.331
  vertex 344.559 14.5835 878.055
 endloop
endfacet
facet normal -0.918926 0.373419 -0.127017
 outer loop
  vertex 344.742 15.0146 877.87
  vertex 344.559 14.5835 878.055
  vertex 344.726 15.9407 880.893
 endloop
endfacet
facet normal -0.807484 0.584245 -0.0814132
 outer loop
  vertex 345 16.3323 880.81
  vertex 344.726 15.9407 880.893
  vertex 344.965 16.654 884.048
 endloop
endfacet
facet normal -0.711835 0.700355 -0.0528649
 outer loop
  vertex 345.294 16.9675 884.044
  vertex 345 16.3323 880.81
  vertex 344.965 16.654 884.048
 endloop
endfacet
facet normal -0.647281 0.75459 -0.107805
 outer loop
  vertex 345.294 16.9675 884.044
  vertex 345.353 16.6316 880.704
  vertex 345 16.3323 880.81
 endloop
endfacet
facet normal -0.996698 0.0746673 -0.0319059
 outer loop
  vertex 344.5 10.7858 873.331
  vertex 344.5 14.1384 878.245
  vertex 344.559 14.5835 878.055
 endloop
endfacet
facet normal -0.971239 0.22908 -0.0649409
 outer loop
  vertex 344.559 14.5835 878.055
  vertex 344.5 14.1384 878.245
  vertex 344.726 15.9407 880.893
 endloop
endfacet
facet normal -0.987462 0.154403 -0.0328253
 outer loop
  vertex 344.726 15.9407 880.893
  vertex 344.5 14.1384 878.245
  vertex 344.5 15.372 884.066
 endloop
endfacet
facet normal -0.951183 0.306647 -0.0349121
 outer loop
  vertex 344.71 16.2631 884.054
  vertex 344.726 15.9407 880.893
  vertex 344.5 15.372 884.066
 endloop
endfacet
facet normal -0.855701 0.516129 -0.0372403
 outer loop
  vertex 344.71 16.2631 884.054
  vertex 344.965 16.654 884.048
  vertex 344.726 15.9407 880.893
 endloop
endfacet
facet normal -0.532932 0.059544 -0.84406
 outer loop
  vertex 345.59 3.2931 867.454
  vertex 345.596 -0.00475355 867.132
  vertex 345.153 -0.00862107 867.438
 endloop
endfacet
facet normal -0.532985 -0.0609823 -0.843924
 outer loop
  vertex 345.153 -0.00862107 867.438
  vertex 345.596 -0.00475355 867.132
  vertex 345.59 -3.28693 867.453
 endloop
endfacet
facet normal -0.5389 -0.263612 -0.80006
 outer loop
  vertex 345.138 -6.39054 868.71
  vertex 345.59 -3.28693 867.453
  vertex 345.574 -6.28472 868.336
 endloop
endfacet
facet normal -0.540168 -0.314433 -0.780609
 outer loop
  vertex 345.573 -6.45591 868.405
  vertex 345.138 -6.39054 868.71
  vertex 345.574 -6.28472 868.336
 endloop
endfacet
facet normal -0.546942 -0.37067 -0.750639
 outer loop
  vertex 345.573 -6.45591 868.405
  vertex 345.545 -9.38342 869.955
  vertex 345.138 -6.39054 868.71
 endloop
endfacet
facet normal -0.629919 -0.428541 -0.647731
 outer loop
  vertex 345.138 -6.39054 868.71
  vertex 345.545 -9.38342 869.955
  vertex 345.096 -11.7922 872.323
 endloop
endfacet
facet normal -0.565015 -0.537339 -0.626119
 outer loop
  vertex 345.096 -11.7922 872.323
  vertex 345.545 -9.38342 869.955
  vertex 345.507 -11.9483 872.039
 endloop
endfacet
facet normal -0.569237 -0.575411 -0.587257
 outer loop
  vertex 345.507 -11.9821 872.073
  vertex 345.096 -11.7922 872.323
  vertex 345.507 -11.9483 872.039
 endloop
endfacet
facet normal -0.581025 -0.616773 -0.531038
 outer loop
  vertex 345.507 -11.9821 872.073
  vertex 345.461 -14.0729 874.6
  vertex 345.096 -11.7922 872.323
 endloop
endfacet
facet normal -0.662382 -0.624746 -0.413452
 outer loop
  vertex 345.096 -11.7922 872.323
  vertex 345.461 -14.0729 874.6
  vertex 345.035 -15.3918 877.713
 endloop
endfacet
facet normal -0.604135 -0.707627 -0.366449
 outer loop
  vertex 345.035 -15.3918 877.713
  vertex 345.461 -14.0729 874.6
  vertex 345.423 -15.2912 876.72
 endloop
endfacet
facet normal -0.634662 -0.753405 -0.172002
 outer loop
  vertex 345.364 -16.4896 880.066
  vertex 345.353 -16.6335 880.713
  vertex 345 -16.3356 880.827
 endloop
endfacet
facet normal -0.984554 -0.033692 -0.171806
 outer loop
  vertex 344.5 -0.0078655 868.916
  vertex 344.573 -0.00813831 868.382
  vertex 344.571 -6.03526 869.577
 endloop
endfacet
facet normal -0.937468 -0.099883 -0.333433
 outer loop
  vertex 344.571 -6.03526 869.577
  vertex 344.573 -0.00813831 868.382
  vertex 344.789 -6.22791 869.107
 endloop
endfacet
facet normal -0.817894 -0.353857 -0.453691
 outer loop
  vertex 344.77 -11.4965 872.623
  vertex 344.789 -6.22791 869.107
  vertex 345.096 -11.7922 872.323
 endloop
endfacet
facet normal -0.905265 -0.218597 -0.364293
 outer loop
  vertex 344.77 -11.4965 872.623
  vertex 344.571 -6.03526 869.577
  vertex 344.789 -6.22791 869.107
 endloop
endfacet
facet normal -0.940983 -0.212351 -0.263548
 outer loop
  vertex 344.77 -11.4965 872.623
  vertex 344.566 -11.1508 872.974
  vertex 344.571 -6.03526 869.577
 endloop
endfacet
facet normal -0.913051 -0.32638 -0.244567
 outer loop
  vertex 344.77 -11.4965 872.623
  vertex 344.742 -15.016 877.874
  vertex 344.566 -11.1508 872.974
 endloop
endfacet
facet normal -0.834998 -0.477383 -0.27365
 outer loop
  vertex 344.77 -11.4965 872.623
  vertex 345.035 -15.3918 877.713
  vertex 344.742 -15.016 877.874
 endloop
endfacet
facet normal -0.817875 0.353549 -0.453963
 outer loop
  vertex 344.77 11.4893 872.616
  vertex 345.096 11.7848 872.315
  vertex 344.789 6.21387 869.101
 endloop
endfacet
facet normal -0.757669 0.329194 -0.563533
 outer loop
  vertex 344.789 6.21387 869.101
  vertex 345.096 11.7848 872.315
  vertex 345.138 6.37615 868.704
 endloop
endfacet
facet normal -0.74768 0.0936668 -0.657421
 outer loop
  vertex 344.796 -0.00840065 867.869
  vertex 345.138 6.37615 868.704
  vertex 345.153 -0.00862107 867.438
 endloop
endfacet
facet normal -0.807336 0.159803 -0.568042
 outer loop
  vertex 344.796 -0.00840065 867.869
  vertex 344.789 6.21387 869.101
  vertex 345.138 6.37615 868.704
 endloop
endfacet
facet normal -0.901206 0.0659745 -0.428341
 outer loop
  vertex 344.796 -0.00840065 867.869
  vertex 344.573 -0.00813831 868.382
  vertex 344.789 6.21387 869.101
 endloop
endfacet
facet normal -0.901208 -0.0663931 -0.42827
 outer loop
  vertex 344.796 -0.00840065 867.869
  vertex 344.789 -6.22791 869.107
  vertex 344.573 -0.00813831 868.382
 endloop
endfacet
facet normal -0.807349 -0.160337 -0.567873
 outer loop
  vertex 344.796 -0.00840065 867.869
  vertex 345.138 -6.39054 868.71
  vertex 344.789 -6.22791 869.107
 endloop
endfacet
facet normal -0.834991 0.477298 -0.273818
 outer loop
  vertex 344.742 15.0146 877.87
  vertex 345.035 15.3904 877.71
  vertex 344.77 11.4893 872.616
 endloop
endfacet
facet normal -0.844848 0.516013 -0.141287
 outer loop
  vertex 344.742 15.0146 877.87
  vertex 344.726 15.9407 880.893
  vertex 345 16.3323 880.81
 endloop
endfacet
facet normal -0.940978 0.212176 -0.263709
 outer loop
  vertex 344.566 11.1438 872.967
  vertex 344.77 11.4893 872.616
  vertex 344.571 6.02166 869.572
 endloop
endfacet
facet normal -0.946584 0.282195 -0.15603
 outer loop
  vertex 344.559 14.5835 878.055
  vertex 344.742 15.0146 877.87
  vertex 344.566 11.1438 872.967
 endloop
endfacet
facet normal -0.629828 0.427612 -0.648432
 outer loop
  vertex 345.138 6.37615 868.704
  vertex 345.096 11.7848 872.315
  vertex 345.545 9.37937 869.952
 endloop
endfacet
facet normal -0.937463 0.0995712 -0.333538
 outer loop
  vertex 344.571 6.02166 869.572
  vertex 344.789 6.21387 869.101
  vertex 344.573 -0.00813831 868.382
 endloop
endfacet
facet normal -0.946585 -0.282241 -0.155936
 outer loop
  vertex 344.742 -15.016 877.874
  vertex 344.559 -14.5848 878.058
  vertex 344.566 -11.1508 872.974
 endloop
endfacet
facet normal -0.986488 -0.134891 -0.092985
 outer loop
  vertex 344.566 -11.1508 872.974
  vertex 344.559 -14.5848 878.058
  vertex 344.5 -10.7926 873.338
 endloop
endfacet
facet normal -0.985242 -0.0938259 -0.143163
 outer loop
  vertex 344.5 -5.83512 870.065
  vertex 344.571 -6.03526 869.577
  vertex 344.566 -11.1508 872.974
 endloop
endfacet
facet normal -0.612806 -0.15507 -0.774869
 outer loop
  vertex 345.138 -6.39054 868.71
  vertex 345.153 -0.00862107 867.438
  vertex 345.59 -3.28693 867.453
 endloop
endfacet
facet normal -0.711853 -0.700354 -0.0526307
 outer loop
  vertex 344.965 -16.654 884.048
  vertex 345 -16.3356 880.827
  vertex 345.294 -16.9675 884.044
 endloop
endfacet
facet normal -0.679114 0.734002 -0.00664924
 outer loop
  vertex 345.294 16.9675 884.044
  vertex 344.965 16.654 884.048
  vertex 345.185 16.9815 899
 endloop
endfacet
facet normal -0.783574 0.621277 -0.00506378
 outer loop
  vertex 345.185 16.9815 899
  vertex 344.965 16.654 884.048
  vertex 344.71 16.2631 884.054
 endloop
endfacet
facet normal -0.952608 0.304202 1.27173E-09
 outer loop
  vertex 344.71 16.2631 913.946
  vertex 344.71 16.2631 884.054
  vertex 344.5 15.372 913.934
 endloop
endfacet
facet normal -0.830128 0.557574 -9.77153E-09
 outer loop
  vertex 344.71 16.2631 913.946
  vertex 345.185 16.9815 899
  vertex 344.71 16.2631 884.054
 endloop
endfacet
facet normal -0.783574 0.621277 0.00506376
 outer loop
  vertex 344.71 16.2631 913.946
  vertex 344.965 16.654 913.952
  vertex 345.185 16.9815 899
 endloop
endfacet
facet normal -0.679114 0.734002 0.00664922
 outer loop
  vertex 345.185 16.9815 899
  vertex 344.965 16.654 913.952
  vertex 345.294 16.9675 913.956
 endloop
endfacet
facet normal -0.988363 0.1521 -0.00209909
 outer loop
  vertex 344.71 16.2631 884.054
  vertex 344.5 15.372 884.066
  vertex 344.5 15.372 913.934
 endloop
endfacet
facet normal -0.647304 0.754621 0.107444
 outer loop
  vertex 345.353 16.6335 917.287
  vertex 345.294 16.9675 913.956
  vertex 345 16.3356 917.173
 endloop
endfacet
facet normal -0.688787 0.695586 0.204286
 outer loop
  vertex 345.364 16.4896 917.934
  vertex 345 16.3356 917.173
  vertex 345.035 15.3918 920.287
 endloop
endfacet
facet normal -0.609806 0.722007 0.326868
 outer loop
  vertex 345.409 15.6506 920.482
  vertex 345.035 15.3918 920.287
  vertex 345.423 15.2912 921.28
 endloop
endfacet
facet normal -0.620124 0.736564 0.270038
 outer loop
  vertex 345.409 15.6506 920.482
  vertex 345.364 16.4896 917.934
  vertex 345.035 15.3918 920.287
 endloop
endfacet
facet normal -0.855707 0.51613 0.0370768
 outer loop
  vertex 344.71 16.2631 913.946
  vertex 344.726 15.944 917.09
  vertex 344.965 16.654 913.952
 endloop
endfacet
facet normal -0.951188 0.30665 0.0347455
 outer loop
  vertex 344.71 16.2631 913.946
  vertex 344.5 15.372 913.934
  vertex 344.726 15.944 917.09
 endloop
endfacet
facet normal -0.987467 0.154408 0.0326586
 outer loop
  vertex 344.726 15.944 917.09
  vertex 344.5 15.372 913.934
  vertex 344.5 14.1397 919.752
 endloop
endfacet
facet normal -0.996698 0.0746716 0.0318885
 outer loop
  vertex 344.559 14.5848 919.942
  vertex 344.5 14.1397 919.752
  vertex 344.5 10.7926 924.662
 endloop
endfacet
facet normal -0.996321 0.0601423 0.0610583
 outer loop
  vertex 344.566 11.1508 925.026
  vertex 344.5 10.7926 924.662
  vertex 344.5 5.83512 927.935
 endloop
endfacet
facet normal -0.996063 0.033623 0.0820283
 outer loop
  vertex 344.571 6.03526 928.423
  vertex 344.5 5.83512 927.935
  vertex 344.5 0.0078655 929.084
 endloop
endfacet
facet normal -0.984554 -0.0335261 0.171842
 outer loop
  vertex 344.573 0.00813831 929.618
  vertex 344.5 0.0078655 929.084
  vertex 344.571 -6.02166 928.428
 endloop
endfacet
facet normal -0.905258 -0.218311 0.364483
 outer loop
  vertex 344.789 -6.21387 928.899
  vertex 344.571 -6.02166 928.428
  vertex 344.77 -11.4893 925.384
 endloop
endfacet
facet normal -0.777246 -0.499295 0.382874
 outer loop
  vertex 345.096 -11.7848 925.685
  vertex 344.77 -11.4893 925.384
  vertex 345.035 -15.3904 920.29
 endloop
endfacet
facet normal -0.603997 -0.707553 0.366819
 outer loop
  vertex 345.461 -14.0675 923.407
  vertex 345.035 -15.3904 920.29
  vertex 345.425 -15.23 921.405
 endloop
endfacet
facet normal -0.662666 -0.625537 0.411797
 outer loop
  vertex 345.461 -14.0675 923.407
  vertex 345.096 -11.7848 925.685
  vertex 345.035 -15.3904 920.29
 endloop
endfacet
facet normal -0.581491 -0.618026 0.529067
 outer loop
  vertex 345.461 -14.0675 923.407
  vertex 345.507 -11.9826 925.927
  vertex 345.096 -11.7848 925.685
 endloop
endfacet
facet normal -0.565161 -0.537548 0.625807
 outer loop
  vertex 345.096 -11.7848 925.685
  vertex 345.507 -11.9826 925.927
  vertex 345.545 -9.37937 928.048
 endloop
endfacet
facet normal -0.5468 -0.369679 0.75123
 outer loop
  vertex 345.138 -6.37615 929.296
  vertex 345.545 -9.37937 928.048
  vertex 345.573 -6.44783 929.599
 endloop
endfacet
facet normal -0.540162 -0.314709 0.780502
 outer loop
  vertex 345.574 -6.31955 929.651
  vertex 345.138 -6.37615 929.296
  vertex 345.573 -6.44783 929.599
 endloop
endfacet
facet normal -0.538943 -0.263262 0.800146
 outer loop
  vertex 345.574 -6.31955 929.651
  vertex 345.59 -3.2931 930.546
  vertex 345.138 -6.37615 929.296
 endloop
endfacet
facet normal -0.61277 -0.153816 0.775147
 outer loop
  vertex 345.138 -6.37615 929.296
  vertex 345.59 -3.2931 930.546
  vertex 345.153 0.00862107 930.562
 endloop
endfacet
facet normal -0.747687 0.0943118 0.65732
 outer loop
  vertex 344.796 0.00840065 930.131
  vertex 345.153 0.00862107 930.562
  vertex 345.138 6.39054 929.29
 endloop
endfacet
facet normal -0.75769 0.329641 0.563243
 outer loop
  vertex 344.789 6.22791 928.893
  vertex 345.138 6.39054 929.29
  vertex 345.096 11.7922 925.677
 endloop
endfacet
facet normal -0.777261 0.499466 0.38262
 outer loop
  vertex 344.77 11.4965 925.377
  vertex 345.096 11.7922 925.677
  vertex 345.035 15.3918 920.287
 endloop
endfacet
facet normal -0.793587 0.575094 0.198713
 outer loop
  vertex 344.742 15.016 920.126
  vertex 345.035 15.3918 920.287
  vertex 345 16.3356 917.173
 endloop
endfacet
facet normal -0.807517 0.584255 0.0810154
 outer loop
  vertex 344.726 15.944 917.09
  vertex 345 16.3356 917.173
  vertex 344.965 16.654 913.952
 endloop
endfacet
facet normal -0.844901 0.516044 0.140857
 outer loop
  vertex 344.726 15.944 917.09
  vertex 344.742 15.016 920.126
  vertex 345 16.3356 917.173
 endloop
endfacet
facet normal -0.918947 0.37344 0.126802
 outer loop
  vertex 344.726 15.944 917.09
  vertex 344.559 14.5848 919.942
  vertex 344.742 15.016 920.126
 endloop
endfacet
facet normal -0.971249 0.22909 0.0647576
 outer loop
  vertex 344.726 15.944 917.09
  vertex 344.5 14.1397 919.752
  vertex 344.559 14.5848 919.942
 endloop
endfacet
facet normal -0.996062 -0.033549 0.0820638
 outer loop
  vertex 344.5 0.0078655 929.084
  vertex 344.5 -5.82196 927.94
  vertex 344.571 -6.02166 928.428
 endloop
endfacet
facet normal -0.985241 -0.0937179 0.143241
 outer loop
  vertex 344.571 -6.02166 928.428
  vertex 344.5 -5.82196 927.94
  vertex 344.566 -11.1438 925.033
 endloop
endfacet
facet normal -0.913047 -0.326272 0.244727
 outer loop
  vertex 344.77 -11.4893 925.384
  vertex 344.566 -11.1438 925.033
  vertex 344.742 -15.0146 920.13
 endloop
endfacet
facet normal -0.793538 -0.575053 0.199027
 outer loop
  vertex 345.035 -15.3904 920.29
  vertex 344.742 -15.0146 920.13
  vertex 345 -16.3323 917.19
 endloop
endfacet
facet normal -0.634369 -0.753149 0.17419
 outer loop
  vertex 345.366 -16.4619 918.045
  vertex 345 -16.3323 917.19
  vertex 345.353 -16.6316 917.296
 endloop
endfacet
facet normal -0.688449 -0.6953 0.206388
 outer loop
  vertex 345.366 -16.4619 918.045
  vertex 345.035 -15.3904 920.29
  vertex 345 -16.3323 917.19
 endloop
endfacet
facet normal -0.619791 -0.73621 0.271763
 outer loop
  vertex 345.366 -16.4619 918.045
  vertex 345.409 -15.6534 920.475
  vertex 345.035 -15.3904 920.29
 endloop
endfacet
facet normal -0.60957 -0.721227 0.329023
 outer loop
  vertex 345.035 -15.3904 920.29
  vertex 345.409 -15.6534 920.475
  vertex 345.425 -15.23 921.405
 endloop
endfacet
facet normal -0.99632 -0.0601083 0.0611003
 outer loop
  vertex 344.5 -5.82196 927.94
  vertex 344.5 -10.7858 924.669
  vertex 344.566 -11.1438 925.033
 endloop
endfacet
facet normal -0.986487 -0.134853 0.0930446
 outer loop
  vertex 344.566 -11.1438 925.033
  vertex 344.5 -10.7858 924.669
  vertex 344.559 -14.5835 919.945
 endloop
endfacet
facet normal -0.918926 -0.373419 0.127017
 outer loop
  vertex 344.742 -15.0146 920.13
  vertex 344.559 -14.5835 919.945
  vertex 344.726 -15.9407 917.107
 endloop
endfacet
facet normal -0.807484 -0.584245 0.0814132
 outer loop
  vertex 345 -16.3323 917.19
  vertex 344.726 -15.9407 917.107
  vertex 344.965 -16.654 913.952
 endloop
endfacet
facet normal -0.711835 -0.700355 0.0528649
 outer loop
  vertex 345.294 -16.9675 913.956
  vertex 345 -16.3323 917.19
  vertex 344.965 -16.654 913.952
 endloop
endfacet
facet normal -0.647281 -0.75459 0.107805
 outer loop
  vertex 345.294 -16.9675 913.956
  vertex 345.353 -16.6316 917.296
  vertex 345 -16.3323 917.19
 endloop
endfacet
facet normal -0.996698 -0.0746673 0.0319059
 outer loop
  vertex 344.5 -10.7858 924.669
  vertex 344.5 -14.1384 919.755
  vertex 344.559 -14.5835 919.945
 endloop
endfacet
facet normal -0.971239 -0.22908 0.0649409
 outer loop
  vertex 344.559 -14.5835 919.945
  vertex 344.5 -14.1384 919.755
  vertex 344.726 -15.9407 917.107
 endloop
endfacet
facet normal -0.987462 -0.154403 0.0328253
 outer loop
  vertex 344.726 -15.9407 917.107
  vertex 344.5 -14.1384 919.755
  vertex 344.5 -15.372 913.934
 endloop
endfacet
facet normal -0.951183 -0.306647 0.0349121
 outer loop
  vertex 344.71 -16.2631 913.946
  vertex 344.726 -15.9407 917.107
  vertex 344.5 -15.372 913.934
 endloop
endfacet
facet normal -0.855701 -0.516129 0.0372403
 outer loop
  vertex 344.71 -16.2631 913.946
  vertex 344.965 -16.654 913.952
  vertex 344.726 -15.9407 917.107
 endloop
endfacet
facet normal -0.532932 -0.059544 0.84406
 outer loop
  vertex 345.59 -3.2931 930.546
  vertex 345.596 0.00475355 930.868
  vertex 345.153 0.00862107 930.562
 endloop
endfacet
facet normal -0.532985 0.0609823 0.843924
 outer loop
  vertex 345.153 0.00862107 930.562
  vertex 345.596 0.00475355 930.868
  vertex 345.59 3.28693 930.547
 endloop
endfacet
facet normal -0.5389 0.263612 0.80006
 outer loop
  vertex 345.138 6.39054 929.29
  vertex 345.59 3.28693 930.547
  vertex 345.574 6.28472 929.664
 endloop
endfacet
facet normal -0.540168 0.314433 0.780609
 outer loop
  vertex 345.573 6.45591 929.595
  vertex 345.138 6.39054 929.29
  vertex 345.574 6.28472 929.664
 endloop
endfacet
facet normal -0.546942 0.37067 0.750639
 outer loop
  vertex 345.573 6.45591 929.595
  vertex 345.545 9.38342 928.045
  vertex 345.138 6.39054 929.29
 endloop
endfacet
facet normal -0.629919 0.428541 0.647731
 outer loop
  vertex 345.138 6.39054 929.29
  vertex 345.545 9.38342 928.045
  vertex 345.096 11.7922 925.677
 endloop
endfacet
facet normal -0.565015 0.537339 0.626119
 outer loop
  vertex 345.096 11.7922 925.677
  vertex 345.545 9.38342 928.045
  vertex 345.507 11.9483 925.961
 endloop
endfacet
facet normal -0.569237 0.575411 0.587257
 outer loop
  vertex 345.507 11.9821 925.927
  vertex 345.096 11.7922 925.677
  vertex 345.507 11.9483 925.961
 endloop
endfacet
facet normal -0.581025 0.616773 0.531038
 outer loop
  vertex 345.507 11.9821 925.927
  vertex 345.461 14.0729 923.4
  vertex 345.096 11.7922 925.677
 endloop
endfacet
facet normal -0.662382 0.624746 0.413452
 outer loop
  vertex 345.096 11.7922 925.677
  vertex 345.461 14.0729 923.4
  vertex 345.035 15.3918 920.287
 endloop
endfacet
facet normal -0.604135 0.707627 0.366449
 outer loop
  vertex 345.035 15.3918 920.287
  vertex 345.461 14.0729 923.4
  vertex 345.423 15.2912 921.28
 endloop
endfacet
facet normal -0.634662 0.753405 0.172002
 outer loop
  vertex 345.364 16.4896 917.934
  vertex 345.353 16.6335 917.287
  vertex 345 16.3356 917.173
 endloop
endfacet
facet normal -0.984554 0.033692 0.171806
 outer loop
  vertex 344.5 0.0078655 929.084
  vertex 344.573 0.00813831 929.618
  vertex 344.571 6.03526 928.423
 endloop
endfacet
facet normal -0.937468 0.099883 0.333433
 outer loop
  vertex 344.571 6.03526 928.423
  vertex 344.573 0.00813831 929.618
  vertex 344.789 6.22791 928.893
 endloop
endfacet
facet normal -0.817894 0.353857 0.453691
 outer loop
  vertex 344.77 11.4965 925.377
  vertex 344.789 6.22791 928.893
  vertex 345.096 11.7922 925.677
 endloop
endfacet
facet normal -0.905265 0.218597 0.364293
 outer loop
  vertex 344.77 11.4965 925.377
  vertex 344.571 6.03526 928.423
  vertex 344.789 6.22791 928.893
 endloop
endfacet
facet normal -0.940983 0.212351 0.263548
 outer loop
  vertex 344.77 11.4965 925.377
  vertex 344.566 11.1508 925.026
  vertex 344.571 6.03526 928.423
 endloop
endfacet
facet normal -0.913051 0.32638 0.244567
 outer loop
  vertex 344.77 11.4965 925.377
  vertex 344.742 15.016 920.126
  vertex 344.566 11.1508 925.026
 endloop
endfacet
facet normal -0.834998 0.477383 0.27365
 outer loop
  vertex 344.77 11.4965 925.377
  vertex 345.035 15.3918 920.287
  vertex 344.742 15.016 920.126
 endloop
endfacet
facet normal -0.817875 -0.353549 0.453963
 outer loop
  vertex 344.77 -11.4893 925.384
  vertex 345.096 -11.7848 925.685
  vertex 344.789 -6.21387 928.899
 endloop
endfacet
facet normal -0.757669 -0.329194 0.563533
 outer loop
  vertex 344.789 -6.21387 928.899
  vertex 345.096 -11.7848 925.685
  vertex 345.138 -6.37615 929.296
 endloop
endfacet
facet normal -0.74768 -0.0936668 0.657421
 outer loop
  vertex 344.796 0.00840065 930.131
  vertex 345.138 -6.37615 929.296
  vertex 345.153 0.00862107 930.562
 endloop
endfacet
facet normal -0.807336 -0.159803 0.568042
 outer loop
  vertex 344.796 0.00840065 930.131
  vertex 344.789 -6.21387 928.899
  vertex 345.138 -6.37615 929.296
 endloop
endfacet
facet normal -0.901206 -0.0659745 0.428341
 outer loop
  vertex 344.796 0.00840065 930.131
  vertex 344.573 0.00813831 929.618
  vertex 344.789 -6.21387 928.899
 endloop
endfacet
facet normal -0.901208 0.0663931 0.42827
 outer loop
  vertex 344.796 0.00840065 930.131
  vertex 344.789 6.22791 928.893
  vertex 344.573 0.00813831 929.618
 endloop
endfacet
facet normal -0.807349 0.160337 0.567873
 outer loop
  vertex 344.796 0.00840065 930.131
  vertex 345.138 6.39054 929.29
  vertex 344.789 6.22791 928.893
 endloop
endfacet
facet normal -0.834991 -0.477298 0.273818
 outer loop
  vertex 344.742 -15.0146 920.13
  vertex 345.035 -15.3904 920.29
  vertex 344.77 -11.4893 925.384
 endloop
endfacet
facet normal -0.844848 -0.516013 0.141287
 outer loop
  vertex 344.742 -15.0146 920.13
  vertex 344.726 -15.9407 917.107
  vertex 345 -16.3323 917.19
 endloop
endfacet
facet normal -0.940978 -0.212176 0.263709
 outer loop
  vertex 344.566 -11.1438 925.033
  vertex 344.77 -11.4893 925.384
  vertex 344.571 -6.02166 928.428
 endloop
endfacet
facet normal -0.946584 -0.282195 0.15603
 outer loop
  vertex 344.559 -14.5835 919.945
  vertex 344.742 -15.0146 920.13
  vertex 344.566 -11.1438 925.033
 endloop
endfacet
facet normal -0.629828 -0.427612 0.648432
 outer loop
  vertex 345.138 -6.37615 929.296
  vertex 345.096 -11.7848 925.685
  vertex 345.545 -9.37937 928.048
 endloop
endfacet
facet normal -0.937463 -0.0995712 0.333538
 outer loop
  vertex 344.571 -6.02166 928.428
  vertex 344.789 -6.21387 928.899
  vertex 344.573 0.00813831 929.618
 endloop
endfacet
facet normal -0.946585 0.282241 0.155936
 outer loop
  vertex 344.742 15.016 920.126
  vertex 344.559 14.5848 919.942
  vertex 344.566 11.1508 925.026
 endloop
endfacet
facet normal -0.986488 0.134891 0.092985
 outer loop
  vertex 344.566 11.1508 925.026
  vertex 344.559 14.5848 919.942
  vertex 344.5 10.7926 924.662
 endloop
endfacet
facet normal -0.985242 0.0938259 0.143163
 outer loop
  vertex 344.5 5.83512 927.935
  vertex 344.571 6.03526 928.423
  vertex 344.566 11.1508 925.026
 endloop
endfacet
facet normal -0.612806 0.15507 0.774869
 outer loop
  vertex 345.138 6.39054 929.29
  vertex 345.153 0.00862107 930.562
  vertex 345.59 3.28693 930.547
 endloop
endfacet
facet normal -0.711853 0.700354 0.0526307
 outer loop
  vertex 344.965 16.654 913.952
  vertex 345 16.3356 917.173
  vertex 345.294 16.9675 913.956
 endloop
endfacet
facet normal -0.988363 -0.1521 0.00209909
 outer loop
  vertex 344.5 -15.372 913.934
  vertex 344.5 -15.372 884.066
  vertex 344.71 -16.2631 913.946
 endloop
endfacet
facet normal -0.952608 -0.304202 1.27173E-09
 outer loop
  vertex 344.71 -16.2631 913.946
  vertex 344.5 -15.372 884.066
  vertex 344.71 -16.2631 884.054
 endloop
endfacet
facet normal -0.783574 -0.621277 -0.00506376
 outer loop
  vertex 345.185 -16.9815 899
  vertex 344.71 -16.2631 884.054
  vertex 344.965 -16.654 884.048
 endloop
endfacet
facet normal -0.679114 -0.734002 -0.00664922
 outer loop
  vertex 345.294 -16.9675 884.044
  vertex 345.185 -16.9815 899
  vertex 344.965 -16.654 884.048
 endloop
endfacet
facet normal -0.679114 -0.734002 0.00664924
 outer loop
  vertex 345.294 -16.9675 913.956
  vertex 344.965 -16.654 913.952
  vertex 345.185 -16.9815 899
 endloop
endfacet
facet normal -0.783574 -0.621277 0.00506379
 outer loop
  vertex 345.185 -16.9815 899
  vertex 344.965 -16.654 913.952
  vertex 344.71 -16.2631 913.946
 endloop
endfacet
facet normal -0.830128 -0.557574 1.16229E-08
 outer loop
  vertex 344.71 -16.2631 884.054
  vertex 345.185 -16.9815 899
  vertex 344.71 -16.2631 913.946
 endloop
endfacet
facet normal -1 1.76432E-18 5.33443E-17
 outer loop
  vertex 344.5 -10.0583 923.594
  vertex 344.5 -12.8449 919.313
  vertex 344.5 -14.1384 919.755
 endloop
endfacet
facet normal -1 1.76432E-18 5.33443E-17
 outer loop
  vertex 344.5 -10.7858 924.669
  vertex 344.5 -10.0583 923.594
  vertex 344.5 -14.1384 919.755
 endloop
endfacet
facet normal -1 1.76432E-18 5.33443E-17
 outer loop
  vertex 344.5 -10.7858 924.669
  vertex 344.5 -5.9132 926.58
  vertex 344.5 -10.0583 923.594
 endloop
endfacet
facet normal -1 1.76432E-18 5.33443E-17
 outer loop
  vertex 344.5 -10.7858 924.669
  vertex 344.5 -5.82196 927.94
  vertex 344.5 -5.9132 926.58
 endloop
endfacet
facet normal -1 1.76432E-18 5.33443E-17
 outer loop
  vertex 344.5 -5.9132 926.58
  vertex 344.5 -5.82196 927.94
  vertex 344.5 -0.969515 927.867
 endloop
endfacet
facet normal -1 1.76432E-18 5.33443E-17
 outer loop
  vertex 344.5 -0.969515 927.867
  vertex 344.5 -5.82196 927.94
  vertex 344.5 0.0078655 929.084
 endloop
endfacet
facet normal -1 1.76432E-18 5.33443E-17
 outer loop
  vertex 344.5 4.10511 927.28
  vertex 344.5 0.0078655 929.084
  vertex 344.5 5.83512 927.935
 endloop
endfacet
facet normal -1 1.76432E-18 5.33443E-17
 outer loop
  vertex 344.5 8.62531 924.901
  vertex 344.5 5.83512 927.935
  vertex 344.5 10.7926 924.662
 endloop
endfacet
facet normal -1 1.76432E-18 5.33443E-17
 outer loop
  vertex 344.5 11.9806 921.049
  vertex 344.5 10.7926 924.662
  vertex 344.5 14.1397 919.752
 endloop
endfacet
facet normal -1 1.76432E-18 5.33443E-17
 outer loop
  vertex 344.5 13.7179 916.245
  vertex 344.5 14.1397 919.752
  vertex 344.5 15.372 913.934
 endloop
endfacet
facet normal -1 1.76432E-18 5.33443E-17
 outer loop
  vertex 344.5 13.6025 911.138
  vertex 344.5 15.372 913.934
  vertex 344.5 11.65 906.417
 endloop
endfacet
facet normal -1 1.76432E-18 5.33443E-17
 outer loop
  vertex 344.5 13.6025 911.138
  vertex 344.5 13.7179 916.245
  vertex 344.5 15.372 913.934
 endloop
endfacet
facet normal -1 1.76432E-18 5.33443E-17
 outer loop
  vertex 344.5 -14.1384 919.755
  vertex 344.5 -13.8968 914.314
  vertex 344.5 -15.372 913.934
 endloop
endfacet
facet normal -1 1.76432E-18 5.33443E-17
 outer loop
  vertex 344.5 -14.1384 919.755
  vertex 344.5 -12.8449 919.313
  vertex 344.5 -13.8968 914.314
 endloop
endfacet
facet normal -1 1.76432E-18 5.33443E-17
 outer loop
  vertex 344.5 11.65 906.417
  vertex 344.5 15.372 913.934
  vertex 344.5 13.2218 888.081
 endloop
endfacet
facet normal -1 1.76432E-18 5.33443E-17
 outer loop
  vertex 344.5 10.8547 892.582
  vertex 344.5 11.65 906.417
  vertex 344.5 13.2218 888.081
 endloop
endfacet
facet normal -1 1.76432E-18 5.33443E-17
 outer loop
  vertex 344.5 10.8547 892.582
  vertex 344.5 8.12406 902.721
  vertex 344.5 11.65 906.417
 endloop
endfacet
facet normal -1 1.76432E-18 5.33443E-17
 outer loop
  vertex 344.5 10.8547 892.582
  vertex 344.5 7.02153 895.924
  vertex 344.5 8.12406 902.721
 endloop
endfacet
facet normal -1 1.76432E-18 5.33443E-17
 outer loop
  vertex 344.5 8.12406 902.721
  vertex 344.5 7.02153 895.924
  vertex 344.5 5.9132 901.42
 endloop
endfacet
facet normal -1 1.76432E-18 5.33443E-17
 outer loop
  vertex 344.5 5.9132 901.42
  vertex 344.5 7.02153 895.924
  vertex 344.5 3.50097 900.548
 endloop
endfacet
facet normal -1 1.76432E-18 5.33443E-17
 outer loop
  vertex 344.5 3.50097 900.548
  vertex 344.5 7.02153 895.924
  vertex 344.5 2.24009 897.655
 endloop
endfacet
facet normal -1 1.76432E-18 5.33443E-17
 outer loop
  vertex 344.5 2.50467E-14 900.1
  vertex 344.5 2.24009 897.655
  vertex 344.5 -2.84388 897.542
 endloop
endfacet
facet normal -1 1.76432E-18 5.33443E-17
 outer loop
  vertex 344.5 -1.59495 900.191
  vertex 344.5 -2.84388 897.542
  vertex 344.5 -6.47547 901.7
 endloop
endfacet
facet normal -1 1.76432E-18 5.33443E-17
 outer loop
  vertex 344.5 -1.59495 900.191
  vertex 344.5 2.50467E-14 900.1
  vertex 344.5 -2.84388 897.542
 endloop
endfacet
facet normal -1 1.76432E-18 5.33443E-17
 outer loop
  vertex 344.5 0.307127 870.166
  vertex 344.5 5.2838 871.211
  vertex 344.5 5.82196 870.06
 endloop
endfacet
facet normal -1 1.76432E-18 5.33443E-17
 outer loop
  vertex 344.5 -0.0078655 868.916
  vertex 344.5 0.307127 870.166
  vertex 344.5 5.82196 870.06
 endloop
endfacet
facet normal -1 1.76432E-18 5.33443E-17
 outer loop
  vertex 344.5 -0.0078655 868.916
  vertex 344.5 2.09396E-13 870.163
  vertex 344.5 0.307127 870.166
 endloop
endfacet
facet normal -1 1.76432E-18 5.33443E-17
 outer loop
  vertex 344.5 -0.0078655 868.916
  vertex 344.5 -4.71102 870.989
  vertex 344.5 2.09396E-13 870.163
 endloop
endfacet
facet normal -1 1.76432E-18 5.33443E-17
 outer loop
  vertex 344.5 -0.0078655 868.916
  vertex 344.5 -5.83512 870.065
  vertex 344.5 -4.71102 870.989
 endloop
endfacet
facet normal -1 1.76432E-18 5.33443E-17
 outer loop
  vertex 344.5 -4.71102 870.989
  vertex 344.5 -5.83512 870.065
  vertex 344.5 -9.09292 873.57
 endloop
endfacet
facet normal -1 1.76432E-18 5.33443E-17
 outer loop
  vertex 344.5 -9.09292 873.57
  vertex 344.5 -5.83512 870.065
  vertex 344.5 -10.7926 873.338
 endloop
endfacet
facet normal -1 1.76432E-18 5.33443E-17
 outer loop
  vertex 344.5 -12.2468 877.559
  vertex 344.5 -10.7926 873.338
  vertex 344.5 -14.1397 878.248
 endloop
endfacet
facet normal -1 1.76432E-18 5.33443E-17
 outer loop
  vertex 344.5 -13.7466 882.418
  vertex 344.5 -14.1397 878.248
  vertex 344.5 -15.372 884.066
 endloop
endfacet
facet normal -1 1.76432E-18 5.33443E-17
 outer loop
  vertex 344.5 -13.3899 887.49
  vertex 344.5 -15.372 884.066
  vertex 344.5 -13.0718 909.273
 endloop
endfacet
facet normal -1 1.76432E-18 5.33443E-17
 outer loop
  vertex 344.5 -11.2248 892.092
  vertex 344.5 -13.0718 909.273
  vertex 344.5 -10.4814 904.87
 endloop
endfacet
facet normal -1 1.76432E-18 5.33443E-17
 outer loop
  vertex 344.5 -7.54378 895.6
  vertex 344.5 -10.4814 904.87
  vertex 344.5 -6.47547 901.7
 endloop
endfacet
facet normal -1 1.76432E-18 5.33443E-17
 outer loop
  vertex 344.5 -5.2838 896.789
  vertex 344.5 -6.47547 901.7
  vertex 344.5 -2.84388 897.542
 endloop
endfacet
facet normal -1 1.76432E-18 5.33443E-17
 outer loop
  vertex 344.5 -5.2838 896.789
  vertex 344.5 -7.54378 895.6
  vertex 344.5 -6.47547 901.7
 endloop
endfacet
facet normal -1 1.76432E-18 5.33443E-17
 outer loop
  vertex 344.5 5.82196 870.06
  vertex 344.5 9.54686 873.983
  vertex 344.5 10.7858 873.331
 endloop
endfacet
facet normal -1 1.76432E-18 5.33443E-17
 outer loop
  vertex 344.5 5.82196 870.06
  vertex 344.5 5.2838 871.211
  vertex 344.5 9.54686 873.983
 endloop
endfacet
facet normal -1 1.76432E-18 5.33443E-17
 outer loop
  vertex 344.5 -13.8968 914.314
  vertex 344.5 -13.0718 909.273
  vertex 344.5 -15.372 913.934
 endloop
endfacet
facet normal -1 1.76432E-18 5.33443E-17
 outer loop
  vertex 344.5 -15.372 913.934
  vertex 344.5 -13.0718 909.273
  vertex 344.5 -15.372 884.066
 endloop
endfacet
facet normal -1 1.76432E-18 5.33443E-17
 outer loop
  vertex 344.5 2.50467E-14 900.1
  vertex 344.5 3.50097 900.548
  vertex 344.5 2.24009 897.655
 endloop
endfacet
facet normal -1 1.76432E-18 5.33443E-17
 outer loop
  vertex 344.5 13.7179 916.245
  vertex 344.5 11.9806 921.049
  vertex 344.5 14.1397 919.752
 endloop
endfacet
facet normal -1 1.76432E-18 5.33443E-17
 outer loop
  vertex 344.5 11.9806 921.049
  vertex 344.5 8.62531 924.901
  vertex 344.5 10.7926 924.662
 endloop
endfacet
facet normal -1 1.76432E-18 5.33443E-17
 outer loop
  vertex 344.5 8.62531 924.901
  vertex 344.5 4.10511 927.28
  vertex 344.5 5.83512 927.935
 endloop
endfacet
facet normal -1 1.76432E-18 5.33443E-17
 outer loop
  vertex 344.5 4.10511 927.28
  vertex 344.5 -0.969515 927.867
  vertex 344.5 0.0078655 929.084
 endloop
endfacet
facet normal -1 1.76432E-18 5.33443E-17
 outer loop
  vertex 344.5 9.54686 873.983
  vertex 344.5 12.5206 878.109
  vertex 344.5 10.7858 873.331
 endloop
endfacet
facet normal -1 1.76432E-18 5.33443E-17
 outer loop
  vertex 344.5 10.7858 873.331
  vertex 344.5 12.5206 878.109
  vertex 344.5 14.1384 878.245
 endloop
endfacet
facet normal -1 1.76432E-18 5.33443E-17
 outer loop
  vertex 344.5 14.1384 878.245
  vertex 344.5 12.5206 878.109
  vertex 344.5 13.8033 883.029
 endloop
endfacet
facet normal -1 1.76432E-18 5.33443E-17
 outer loop
  vertex 344.5 15.372 884.066
  vertex 344.5 13.8033 883.029
  vertex 344.5 13.2218 888.081
 endloop
endfacet
facet normal -1 1.76432E-18 5.33443E-17
 outer loop
  vertex 344.5 15.372 913.934
  vertex 344.5 15.372 884.066
  vertex 344.5 13.2218 888.081
 endloop
endfacet
facet normal -1 1.76432E-18 5.33443E-17
 outer loop
  vertex 344.5 -7.54378 895.6
  vertex 344.5 -11.2248 892.092
  vertex 344.5 -10.4814 904.87
 endloop
endfacet
facet normal -1 1.76432E-18 5.33443E-17
 outer loop
  vertex 344.5 -11.2248 892.092
  vertex 344.5 -13.3899 887.49
  vertex 344.5 -13.0718 909.273
 endloop
endfacet
facet normal -1 1.76432E-18 5.33443E-17
 outer loop
  vertex 344.5 -13.3899 887.49
  vertex 344.5 -13.7466 882.418
  vertex 344.5 -15.372 884.066
 endloop
endfacet
facet normal -1 1.76432E-18 5.33443E-17
 outer loop
  vertex 344.5 -13.7466 882.418
  vertex 344.5 -12.2468 877.559
  vertex 344.5 -14.1397 878.248
 endloop
endfacet
facet normal -1 1.76432E-18 5.33443E-17
 outer loop
  vertex 344.5 -12.2468 877.559
  vertex 344.5 -9.09292 873.57
  vertex 344.5 -10.7926 873.338
 endloop
endfacet
facet normal -1 1.76432E-18 5.33443E-17
 outer loop
  vertex 344.5 14.1384 878.245
  vertex 344.5 13.8033 883.029
  vertex 344.5 15.372 884.066
 endloop
endfacet
facet normal -1 1.76432E-18 5.33443E-17
 outer loop
  vertex 361 32.6202 862.623
  vertex 361 32.6202 865.373
  vertex 361 33.6268 861.617
 endloop
endfacet
facet normal -1 1.76432E-18 5.33443E-17
 outer loop
  vertex 361 32.6202 862.623
  vertex 361 32.2518 863.998
  vertex 361 32.6202 865.373
 endloop
endfacet
facet normal -1 1.76432E-18 5.33443E-17
 outer loop
  vertex 361 32.6202 865.373
  vertex 361 33.6268 866.38
  vertex 361 33.6268 861.617
 endloop
endfacet
facet normal -1 1.76432E-18 5.33443E-17
 outer loop
  vertex 361 33.6268 861.617
  vertex 361 33.6268 866.38
  vertex 361 35.0018 861.248
 endloop
endfacet
facet normal -1 1.76432E-18 5.33443E-17
 outer loop
  vertex 361 35.0018 861.248
  vertex 361 33.6268 866.38
  vertex 361 35.0018 866.748
 endloop
endfacet
facet normal -1 1.76432E-18 5.33443E-17
 outer loop
  vertex 361 36.3768 861.617
  vertex 361 35.0018 866.748
  vertex 361 36.3768 866.38
 endloop
endfacet
facet normal -1 1.76432E-18 5.33443E-17
 outer loop
  vertex 361 37.3834 862.623
  vertex 361 36.3768 866.38
  vertex 361 37.3834 865.373
 endloop
endfacet
facet normal -1 1.76432E-18 5.33443E-17
 outer loop
  vertex 361 37.7518 863.998
  vertex 361 37.3834 862.623
  vertex 361 37.3834 865.373
 endloop
endfacet
facet normal -1 1.76432E-18 5.33443E-17
 outer loop
  vertex 361 37.3834 862.623
  vertex 361 36.3768 861.617
  vertex 361 36.3768 866.38
 endloop
endfacet
facet normal -1 1.76432E-18 5.33443E-17
 outer loop
  vertex 361 36.3768 861.617
  vertex 361 35.0018 861.248
  vertex 361 35.0018 866.748
 endloop
endfacet
facet normal -1 1.76432E-18 5.33443E-17
 outer loop
  vertex 361 32.6202 932.627
  vertex 361 32.6202 935.377
  vertex 361 33.6268 931.62
 endloop
endfacet
facet normal -1 1.76432E-18 5.33443E-17
 outer loop
  vertex 361 32.6202 932.627
  vertex 361 32.2518 934.002
  vertex 361 32.6202 935.377
 endloop
endfacet
facet normal -1 1.76432E-18 5.33443E-17
 outer loop
  vertex 361 32.6202 935.377
  vertex 361 33.6268 936.383
  vertex 361 33.6268 931.62
 endloop
endfacet
facet normal -1 1.76432E-18 5.33443E-17
 outer loop
  vertex 361 33.6268 931.62
  vertex 361 33.6268 936.383
  vertex 361 35.0018 931.252
 endloop
endfacet
facet normal -1 1.76432E-18 5.33443E-17
 outer loop
  vertex 361 35.0018 931.252
  vertex 361 33.6268 936.383
  vertex 361 35.0018 936.752
 endloop
endfacet
facet normal -1 1.76432E-18 5.33443E-17
 outer loop
  vertex 361 36.3768 931.62
  vertex 361 35.0018 936.752
  vertex 361 36.3768 936.383
 endloop
endfacet
facet normal -1 1.76432E-18 5.33443E-17
 outer loop
  vertex 361 37.3834 932.627
  vertex 361 36.3768 936.383
  vertex 361 37.3834 935.377
 endloop
endfacet
facet normal -1 1.76432E-18 5.33443E-17
 outer loop
  vertex 361 37.7518 934.002
  vertex 361 37.3834 932.627
  vertex 361 37.3834 935.377
 endloop
endfacet
facet normal -1 1.76432E-18 5.33443E-17
 outer loop
  vertex 361 37.3834 932.627
  vertex 361 36.3768 931.62
  vertex 361 36.3768 936.383
 endloop
endfacet
facet normal -1 1.76432E-18 5.33443E-17
 outer loop
  vertex 361 36.3768 931.62
  vertex 361 35.0018 931.252
  vertex 361 35.0018 936.752
 endloop
endfacet
facet normal -1 1.76432E-18 5.33443E-17
 outer loop
  vertex 361 -37.3834 932.627
  vertex 361 -37.3834 935.377
  vertex 361 -36.3768 931.62
 endloop
endfacet
facet normal -1 1.76432E-18 5.33443E-17
 outer loop
  vertex 361 -37.3834 932.627
  vertex 361 -37.7518 934.002
  vertex 361 -37.3834 935.377
 endloop
endfacet
facet normal -1 1.76432E-18 5.33443E-17
 outer loop
  vertex 361 -37.3834 935.377
  vertex 361 -36.3768 936.383
  vertex 361 -36.3768 931.62
 endloop
endfacet
facet normal -1 1.76432E-18 5.33443E-17
 outer loop
  vertex 361 -36.3768 931.62
  vertex 361 -36.3768 936.383
  vertex 361 -35.0018 931.252
 endloop
endfacet
facet normal -1 1.76432E-18 5.33443E-17
 outer loop
  vertex 361 -35.0018 931.252
  vertex 361 -36.3768 936.383
  vertex 361 -35.0018 936.752
 endloop
endfacet
facet normal -1 1.76432E-18 5.33443E-17
 outer loop
  vertex 361 -33.6268 931.62
  vertex 361 -35.0018 936.752
  vertex 361 -33.6268 936.383
 endloop
endfacet
facet normal -1 1.76432E-18 5.33443E-17
 outer loop
  vertex 361 -32.6202 932.627
  vertex 361 -33.6268 936.383
  vertex 361 -32.6202 935.377
 endloop
endfacet
facet normal -1 1.76432E-18 5.33443E-17
 outer loop
  vertex 361 -32.2518 934.002
  vertex 361 -32.6202 932.627
  vertex 361 -32.6202 935.377
 endloop
endfacet
facet normal -1 1.76432E-18 5.33443E-17
 outer loop
  vertex 361 -32.6202 932.627
  vertex 361 -33.6268 931.62
  vertex 361 -33.6268 936.383
 endloop
endfacet
facet normal -1 1.76432E-18 5.33443E-17
 outer loop
  vertex 361 -33.6268 931.62
  vertex 361 -35.0018 931.252
  vertex 361 -35.0018 936.752
 endloop
endfacet
facet normal 3.64368E-17 0.707755 -0.706458
 outer loop
  vertex 362 32.6384 866.651
  vertex 362.133 32.5831 866.596
  vertex 362 32.3487 866.362
 endloop
endfacet
facet normal 3.65303E-17 0.706057 -0.708155
 outer loop
  vertex 362 32.3487 866.362
  vertex 362.133 32.5831 866.596
  vertex 362.134 32.4046 866.417
 endloop
endfacet
facet normal 3.64927E-17 0.70674 -0.707473
 outer loop
  vertex 362.134 32.4046 866.417
  vertex 362.133 32.5831 866.596
  vertex 362.189 32.4431 866.455
 endloop
endfacet
facet normal 3.64367E-17 0.707757 -0.706456
 outer loop
  vertex 362.189 32.4431 866.455
  vertex 362.133 32.5831 866.596
  vertex 362.188 32.5449 866.557
 endloop
endfacet
facet normal 3.64519E-17 0.70748 -0.706733
 outer loop
  vertex 362.208 32.4673 866.48
  vertex 362.188 32.5449 866.557
  vertex 362.208 32.5209 866.533
 endloop
endfacet
facet normal 3.64723E-17 0.707112 -0.707102
 outer loop
  vertex 362.215 32.4941 866.506
  vertex 362.208 32.4673 866.48
  vertex 362.208 32.5209 866.533
 endloop
endfacet
facet normal 3.6483E-17 0.706917 -0.707297
 outer loop
  vertex 362.208 32.4673 866.48
  vertex 362.189 32.4431 866.455
  vertex 362.188 32.5449 866.557
 endloop
endfacet
facet normal -3.90011E-17 0.706458 0.707755
 outer loop
  vertex 362 32.3487 931.638
  vertex 362.133 32.4044 931.583
  vertex 362 32.6384 931.349
 endloop
endfacet
facet normal -3.89135E-17 0.708155 0.706057
 outer loop
  vertex 362 32.6384 931.349
  vertex 362.133 32.4044 931.583
  vertex 362.134 32.5829 931.405
 endloop
endfacet
facet normal -3.89488E-17 0.707473 0.70674
 outer loop
  vertex 362.134 32.5829 931.405
  vertex 362.133 32.4044 931.583
  vertex 362.189 32.5445 931.443
 endloop
endfacet
facet normal -3.90012E-17 0.706456 0.707757
 outer loop
  vertex 362.189 32.5445 931.443
  vertex 362.133 32.4044 931.583
  vertex 362.188 32.4427 931.545
 endloop
endfacet
facet normal -3.89869E-17 0.706733 0.70748
 outer loop
  vertex 362.208 32.5204 931.467
  vertex 362.188 32.4427 931.545
  vertex 362.208 32.4668 931.521
 endloop
endfacet
facet normal -3.89679E-17 0.707102 0.707112
 outer loop
  vertex 362.215 32.4936 931.494
  vertex 362.208 32.5204 931.467
  vertex 362.208 32.4668 931.521
 endloop
endfacet
facet normal -3.89579E-17 0.707297 0.706917
 outer loop
  vertex 362.208 32.5204 931.467
  vertex 362.189 32.5445 931.443
  vertex 362.188 32.4427 931.545
 endloop
endfacet
facet normal -3.64368E-17 -0.707755 0.706458
 outer loop
  vertex 362 -32.6384 931.349
  vertex 362.133 -32.5831 931.404
  vertex 362 -32.3487 931.638
 endloop
endfacet
facet normal -3.65303E-17 -0.706057 0.708155
 outer loop
  vertex 362 -32.3487 931.638
  vertex 362.133 -32.5831 931.404
  vertex 362.134 -32.4046 931.583
 endloop
endfacet
facet normal -3.64927E-17 -0.70674 0.707473
 outer loop
  vertex 362.134 -32.4046 931.583
  vertex 362.133 -32.5831 931.404
  vertex 362.189 -32.4431 931.545
 endloop
endfacet
facet normal -3.64367E-17 -0.707757 0.706456
 outer loop
  vertex 362.189 -32.4431 931.545
  vertex 362.133 -32.5831 931.404
  vertex 362.188 -32.5449 931.443
 endloop
endfacet
facet normal -3.64519E-17 -0.70748 0.706733
 outer loop
  vertex 362.208 -32.4673 931.52
  vertex 362.188 -32.5449 931.443
  vertex 362.208 -32.5209 931.467
 endloop
endfacet
facet normal -3.64723E-17 -0.707112 0.707102
 outer loop
  vertex 362.215 -32.4941 931.494
  vertex 362.208 -32.4673 931.52
  vertex 362.208 -32.5209 931.467
 endloop
endfacet
facet normal -3.6483E-17 -0.706917 0.707297
 outer loop
  vertex 362.208 -32.4673 931.52
  vertex 362.189 -32.4431 931.545
  vertex 362.188 -32.5449 931.443
 endloop
endfacet
facet normal 3.90011E-17 -0.706458 -0.707755
 outer loop
  vertex 362 -32.3487 866.362
  vertex 362.133 -32.4044 866.417
  vertex 362 -32.6384 866.651
 endloop
endfacet
facet normal 3.89135E-17 -0.708155 -0.706057
 outer loop
  vertex 362 -32.6384 866.651
  vertex 362.133 -32.4044 866.417
  vertex 362.134 -32.5829 866.595
 endloop
endfacet
facet normal 3.89488E-17 -0.707473 -0.70674
 outer loop
  vertex 362.134 -32.5829 866.595
  vertex 362.133 -32.4044 866.417
  vertex 362.189 -32.5445 866.557
 endloop
endfacet
facet normal 3.90012E-17 -0.706456 -0.707757
 outer loop
  vertex 362.189 -32.5445 866.557
  vertex 362.133 -32.4044 866.417
  vertex 362.188 -32.4427 866.455
 endloop
endfacet
facet normal 3.89869E-17 -0.706733 -0.70748
 outer loop
  vertex 362.208 -32.5204 866.533
  vertex 362.188 -32.4427 866.455
  vertex 362.208 -32.4668 866.479
 endloop
endfacet
facet normal 3.89679E-17 -0.707102 -0.707112
 outer loop
  vertex 362.215 -32.4936 866.506
  vertex 362.208 -32.5204 866.533
  vertex 362.208 -32.4668 866.479
 endloop
endfacet
facet normal 3.89579E-17 -0.707297 -0.706917
 outer loop
  vertex 362.208 -32.5204 866.533
  vertex 362.189 -32.5445 866.557
  vertex 362.188 -32.4427 866.455
 endloop
endfacet
facet normal 1.76432E-18 -1 -2.56556E-22
 outer loop
  vertex 466.449 -92.4 821.05
  vertex 466.449 -92.4 816.95
  vertex 467.95 -92.4 822.551
 endloop
endfacet
facet normal 1.76432E-18 -1 -2.56556E-22
 outer loop
  vertex 466.449 -92.4 821.05
  vertex 465.9 -92.4 819
  vertex 466.449 -92.4 816.95
 endloop
endfacet
facet normal 1.76432E-18 -1 -2.56556E-22
 outer loop
  vertex 466.449 -92.4 816.95
  vertex 467.95 -92.4 815.449
  vertex 467.95 -92.4 822.551
 endloop
endfacet
facet normal 1.76432E-18 -1 -2.56556E-22
 outer loop
  vertex 467.95 -92.4 822.551
  vertex 467.95 -92.4 815.449
  vertex 470 -92.4 823.1
 endloop
endfacet
facet normal 1.76432E-18 -1 -2.56556E-22
 outer loop
  vertex 470 -92.4 823.1
  vertex 467.95 -92.4 815.449
  vertex 470 -92.4 814.9
 endloop
endfacet
facet normal 1.76432E-18 -1 -2.56556E-22
 outer loop
  vertex 472.05 -92.4 822.551
  vertex 470 -92.4 814.9
  vertex 472.05 -92.4 815.449
 endloop
endfacet
facet normal 1.76432E-18 -1 -2.56556E-22
 outer loop
  vertex 473.551 -92.4 821.05
  vertex 472.05 -92.4 815.449
  vertex 473.551 -92.4 816.95
 endloop
endfacet
facet normal 1.76432E-18 -1 -2.56556E-22
 outer loop
  vertex 474.1 -92.4 819
  vertex 473.551 -92.4 821.05
  vertex 473.551 -92.4 816.95
 endloop
endfacet
facet normal 1.76432E-18 -1 -2.56556E-22
 outer loop
  vertex 473.551 -92.4 821.05
  vertex 472.05 -92.4 822.551
  vertex 472.05 -92.4 815.449
 endloop
endfacet
facet normal 1.76432E-18 -1 -2.56556E-22
 outer loop
  vertex 472.05 -92.4 822.551
  vertex 470 -92.4 823.1
  vertex 470 -92.4 814.9
 endloop
endfacet
facet normal 1.76432E-18 -1 -8.67364E-17
 outer loop
  vertex 436.373 -82 856.383
  vertex 433.623 -82 856.383
  vertex 437.38 -82 855.377
 endloop
endfacet
facet normal 1.76432E-18 -1 -8.67364E-17
 outer loop
  vertex 436.373 -82 856.383
  vertex 434.998 -82 856.752
  vertex 433.623 -82 856.383
 endloop
endfacet
facet normal 1.76432E-18 -1 -8.67364E-17
 outer loop
  vertex 433.623 -82 856.383
  vertex 432.617 -82 855.377
  vertex 437.38 -82 855.377
 endloop
endfacet
facet normal 1.76432E-18 -1 -8.67364E-17
 outer loop
  vertex 437.38 -82 855.377
  vertex 432.617 -82 855.377
  vertex 437.748 -82 854.002
 endloop
endfacet
facet normal 1.76432E-18 -1 -8.67364E-17
 outer loop
  vertex 437.748 -82 854.002
  vertex 432.617 -82 855.377
  vertex 432.248 -82 854.002
 endloop
endfacet
facet normal 1.76432E-18 -1 -8.67364E-17
 outer loop
  vertex 437.38 -82 852.627
  vertex 432.248 -82 854.002
  vertex 432.617 -82 852.627
 endloop
endfacet
facet normal 1.76432E-18 -1 -8.67364E-17
 outer loop
  vertex 436.373 -82 851.62
  vertex 432.617 -82 852.627
  vertex 433.623 -82 851.62
 endloop
endfacet
facet normal 1.76432E-18 -1 -8.67364E-17
 outer loop
  vertex 434.998 -82 851.252
  vertex 436.373 -82 851.62
  vertex 433.623 -82 851.62
 endloop
endfacet
facet normal 1.76432E-18 -1 -8.67364E-17
 outer loop
  vertex 436.373 -82 851.62
  vertex 437.38 -82 852.627
  vertex 432.617 -82 852.627
 endloop
endfacet
facet normal 1.76432E-18 -1 -8.67364E-17
 outer loop
  vertex 437.38 -82 852.627
  vertex 437.748 -82 854.002
  vertex 432.248 -82 854.002
 endloop
endfacet
facet normal 8.85005E-17 -1 -2.56556E-22
 outer loop
  vertex 432.617 -82 785.373
  vertex 432.617 -82 782.623
  vertex 433.623 -82 786.38
 endloop
endfacet
facet normal 8.85005E-17 -1 -2.56556E-22
 outer loop
  vertex 432.617 -82 785.373
  vertex 432.248 -82 783.998
  vertex 432.617 -82 782.623
 endloop
endfacet
facet normal 8.85005E-17 -1 -2.56556E-22
 outer loop
  vertex 432.617 -82 782.623
  vertex 433.623 -82 781.617
  vertex 433.623 -82 786.38
 endloop
endfacet
facet normal 8.85005E-17 -1 -2.56556E-22
 outer loop
  vertex 433.623 -82 786.38
  vertex 433.623 -82 781.617
  vertex 434.998 -82 786.748
 endloop
endfacet
facet normal 8.85005E-17 -1 -2.56556E-22
 outer loop
  vertex 434.998 -82 786.748
  vertex 433.623 -82 781.617
  vertex 434.998 -82 781.248
 endloop
endfacet
facet normal 8.85005E-17 -1 -2.56556E-22
 outer loop
  vertex 436.373 -82 786.38
  vertex 434.998 -82 781.248
  vertex 436.373 -82 781.617
 endloop
endfacet
facet normal 8.85005E-17 -1 -2.56556E-22
 outer loop
  vertex 437.38 -82 785.373
  vertex 436.373 -82 781.617
  vertex 437.38 -82 782.623
 endloop
endfacet
facet normal 8.85005E-17 -1 -2.56556E-22
 outer loop
  vertex 437.748 -82 783.998
  vertex 437.38 -82 785.373
  vertex 437.38 -82 782.623
 endloop
endfacet
facet normal 8.85005E-17 -1 -2.56556E-22
 outer loop
  vertex 437.38 -82 785.373
  vertex 436.373 -82 786.38
  vertex 436.373 -82 781.617
 endloop
endfacet
facet normal 8.85005E-17 -1 -2.56556E-22
 outer loop
  vertex 436.373 -82 786.38
  vertex 434.998 -82 786.748
  vertex 434.998 -82 781.248
 endloop
endfacet
facet normal 1.76432E-18 -1 8.67359E-17
 outer loop
  vertex 503.627 -82 781.617
  vertex 506.377 -82 781.617
  vertex 502.62 -82 782.623
 endloop
endfacet
facet normal 1.76432E-18 -1 8.67359E-17
 outer loop
  vertex 503.627 -82 781.617
  vertex 505.002 -82 781.248
  vertex 506.377 -82 781.617
 endloop
endfacet
facet normal 1.76432E-18 -1 8.67359E-17
 outer loop
  vertex 506.377 -82 781.617
  vertex 507.383 -82 782.623
  vertex 502.62 -82 782.623
 endloop
endfacet
facet normal 1.76432E-18 -1 8.67359E-17
 outer loop
  vertex 502.62 -82 782.623
  vertex 507.383 -82 782.623
  vertex 502.252 -82 783.998
 endloop
endfacet
facet normal 1.76432E-18 -1 8.67359E-17
 outer loop
  vertex 502.252 -82 783.998
  vertex 507.383 -82 782.623
  vertex 507.752 -82 783.998
 endloop
endfacet
facet normal 1.76432E-18 -1 8.67359E-17
 outer loop
  vertex 502.62 -82 785.373
  vertex 507.752 -82 783.998
  vertex 507.383 -82 785.373
 endloop
endfacet
facet normal 1.76432E-18 -1 8.67359E-17
 outer loop
  vertex 503.627 -82 786.38
  vertex 507.383 -82 785.373
  vertex 506.377 -82 786.38
 endloop
endfacet
facet normal 1.76432E-18 -1 8.67359E-17
 outer loop
  vertex 505.002 -82 786.748
  vertex 503.627 -82 786.38
  vertex 506.377 -82 786.38
 endloop
endfacet
facet normal 1.76432E-18 -1 8.67359E-17
 outer loop
  vertex 503.627 -82 786.38
  vertex 502.62 -82 785.373
  vertex 507.383 -82 785.373
 endloop
endfacet
facet normal 1.76432E-18 -1 8.67359E-17
 outer loop
  vertex 502.62 -82 785.373
  vertex 502.252 -82 783.998
  vertex 507.752 -82 783.998
 endloop
endfacet
facet normal -8.49719E-17 -1 2.77553E-17
 outer loop
  vertex 506.377 -82 856.383
  vertex 503.627 -82 856.383
  vertex 507.383 -82 855.377
 endloop
endfacet
facet normal -8.49719E-17 -1 2.77553E-17
 outer loop
  vertex 506.377 -82 856.383
  vertex 505.002 -82 856.752
  vertex 503.627 -82 856.383
 endloop
endfacet
facet normal -8.49719E-17 -1 2.77553E-17
 outer loop
  vertex 503.627 -82 856.383
  vertex 502.62 -82 855.377
  vertex 507.383 -82 855.377
 endloop
endfacet
facet normal -8.49719E-17 -1 2.77553E-17
 outer loop
  vertex 507.383 -82 855.377
  vertex 502.62 -82 855.377
  vertex 507.752 -82 854.002
 endloop
endfacet
facet normal -8.49719E-17 -1 2.77553E-17
 outer loop
  vertex 507.752 -82 854.002
  vertex 502.62 -82 855.377
  vertex 502.252 -82 854.002
 endloop
endfacet
facet normal -8.49719E-17 -1 2.77553E-17
 outer loop
  vertex 507.383 -82 852.627
  vertex 502.252 -82 854.002
  vertex 502.62 -82 852.627
 endloop
endfacet
facet normal -8.49719E-17 -1 2.77553E-17
 outer loop
  vertex 506.377 -82 851.62
  vertex 502.62 -82 852.627
  vertex 503.627 -82 851.62
 endloop
endfacet
facet normal -8.49719E-17 -1 2.77553E-17
 outer loop
  vertex 505.002 -82 851.252
  vertex 506.377 -82 851.62
  vertex 503.627 -82 851.62
 endloop
endfacet
facet normal -8.49719E-17 -1 2.77553E-17
 outer loop
  vertex 506.377 -82 851.62
  vertex 507.383 -82 852.627
  vertex 502.62 -82 852.627
 endloop
endfacet
facet normal -8.49719E-17 -1 2.77553E-17
 outer loop
  vertex 507.383 -82 852.627
  vertex 507.752 -82 854.002
  vertex 502.252 -82 854.002
 endloop
endfacet
facet normal 0.0286823 -0.997185 0.0692771
 outer loop
  vertex 433.303 -79 851.113
  vertex 432.161 -79 851.871
  vertex 433.223 -79.0169 850.922
 endloop
endfacet
facet normal 0.0286641 -0.989127 0.144243
 outer loop
  vertex 434.645 -79 850.842
  vertex 433.223 -79.0169 850.922
  vertex 434.645 -79.0169 850.635
 endloop
endfacet
facet normal -0.0860386 -0.955323 0.282763
 outer loop
  vertex 436.067 -79.0169 850.922
  vertex 434.645 -79.0169 850.635
  vertex 436.103 -79.0506 850.833
 endloop
endfacet
facet normal -0.216353 -0.929886 0.297495
 outer loop
  vertex 437.275 -79.0169 851.725
  vertex 436.103 -79.0506 850.833
  vertex 437.344 -79.0506 851.656
 endloop
endfacet
facet normal -0.464273 -0.848287 0.254677
 outer loop
  vertex 438.167 -79.0506 852.897
  vertex 437.344 -79.0506 851.656
  vertex 438.24 -79.1064 852.866
 endloop
endfacet
facet normal -0.606713 -0.78972 0.090785
 outer loop
  vertex 438.461 -79.0506 854.355
  vertex 438.24 -79.1064 852.866
  vertex 438.541 -79.1064 854.355
 endloop
endfacet
facet normal -0.734604 -0.646545 -0.20576
 outer loop
  vertex 438.241 -79.1064 855.844
  vertex 438.541 -79.1064 854.355
  vertex 438.294 -79.1845 855.866
 endloop
endfacet
facet normal -0.659845 -0.563851 -0.496666
 outer loop
  vertex 437.4 -79.1064 857.11
  vertex 438.294 -79.1845 855.866
  vertex 437.441 -79.1845 857.151
 endloop
endfacet
facet normal -0.66507 -0.646542 -0.373718
 outer loop
  vertex 437.4 -79.1064 857.11
  vertex 438.241 -79.1064 855.844
  vertex 438.294 -79.1845 855.866
 endloop
endfacet
facet normal -0.493115 -0.789755 -0.364863
 outer loop
  vertex 437.4 -79.1064 857.11
  vertex 437.344 -79.0506 857.054
  vertex 438.241 -79.1064 855.844
 endloop
endfacet
facet normal -0.46424 -0.848312 -0.25465
 outer loop
  vertex 438.241 -79.1064 855.844
  vertex 437.344 -79.0506 857.054
  vertex 438.168 -79.0506 855.813
 endloop
endfacet
facet normal -0.363344 -0.929895 -0.0572374
 outer loop
  vertex 438.461 -79.0506 854.355
  vertex 438.168 -79.0506 855.813
  vertex 438.365 -79.0169 854.355
 endloop
endfacet
facet normal -0.282763 -0.955323 0.0860386
 outer loop
  vertex 438.167 -79.0506 852.897
  vertex 438.365 -79.0169 854.355
  vertex 438.078 -79.0169 852.933
 endloop
endfacet
facet normal -0.122304 -0.989125 0.0816894
 outer loop
  vertex 437.275 -79.0169 851.725
  vertex 438.078 -79.0169 852.933
  vertex 437.129 -79 851.871
 endloop
endfacet
facet normal -0.0286889 -0.997184 0.0692868
 outer loop
  vertex 436.067 -79.0169 850.922
  vertex 437.129 -79 851.871
  vertex 435.987 -79 851.114
 endloop
endfacet
facet normal -0.0286889 -0.997184 0.0692868
 outer loop
  vertex 434.645 -79 850.842
  vertex 436.067 -79.0169 850.922
  vertex 435.987 -79 851.114
 endloop
endfacet
facet normal -0.0287311 -0.989124 0.144253
 outer loop
  vertex 434.645 -79 850.842
  vertex 434.645 -79.0169 850.635
  vertex 436.067 -79.0169 850.922
 endloop
endfacet
facet normal 0.605003 -0.102718 0.789569
 outer loop
  vertex 431.807 -79.4869 851.518
  vertex 433.109 -79.4869 850.648
  vertex 431.823 -79.2801 851.534
 endloop
endfacet
facet normal 0.490036 -0.178484 0.853234
 outer loop
  vertex 431.823 -79.2801 851.534
  vertex 433.109 -79.4869 850.648
  vertex 433.12 -79.2801 850.672
 endloop
endfacet
facet normal 0.453577 -0.403294 0.794747
 outer loop
  vertex 431.849 -79.1845 851.559
  vertex 433.12 -79.2801 850.672
  vertex 433.134 -79.1845 850.706
 endloop
endfacet
facet normal 0.373718 -0.646542 0.66507
 outer loop
  vertex 431.89 -79.1064 851.6
  vertex 433.134 -79.1845 850.706
  vertex 433.156 -79.1064 850.759
 endloop
endfacet
facet normal 0.25465 -0.848312 0.46424
 outer loop
  vertex 431.946 -79.0506 851.656
  vertex 433.156 -79.1064 850.759
  vertex 433.186 -79.0506 850.832
 endloop
endfacet
facet normal 0.139054 -0.955337 0.260758
 outer loop
  vertex 432.014 -79.0169 851.725
  vertex 433.186 -79.0506 850.832
  vertex 433.223 -79.0169 850.922
 endloop
endfacet
facet normal 0.0816828 -0.989127 0.122295
 outer loop
  vertex 432.161 -79 851.871
  vertex 432.014 -79.0169 851.725
  vertex 433.223 -79.0169 850.922
 endloop
endfacet
facet normal 0.364863 -0.789755 0.493115
 outer loop
  vertex 431.946 -79.0506 851.656
  vertex 431.89 -79.1064 851.6
  vertex 433.156 -79.1064 850.759
 endloop
endfacet
facet normal 0.496666 -0.563851 0.659845
 outer loop
  vertex 431.89 -79.1064 851.6
  vertex 431.849 -79.1845 851.559
  vertex 433.134 -79.1845 850.706
 endloop
endfacet
facet normal 0.572375 -0.329141 0.751035
 outer loop
  vertex 431.849 -79.1845 851.559
  vertex 431.823 -79.2801 851.534
  vertex 433.12 -79.2801 850.672
 endloop
endfacet
facet normal 0.256619 -0.102634 0.961048
 outer loop
  vertex 433.109 -79.4869 850.648
  vertex 434.645 -79.4869 850.343
  vertex 433.12 -79.2801 850.672
 endloop
endfacet
facet normal 0.126014 -0.178495 0.975838
 outer loop
  vertex 433.12 -79.2801 850.672
  vertex 434.645 -79.4869 850.343
  vertex 434.645 -79.2801 850.365
 endloop
endfacet
facet normal -0.12649 -0.329111 0.935781
 outer loop
  vertex 434.645 -79.1845 850.401
  vertex 434.645 -79.2801 850.365
  vertex 436.17 -79.2801 850.673
 endloop
endfacet
facet normal -0.4536 -0.403261 0.79475
 outer loop
  vertex 436.156 -79.1845 850.706
  vertex 436.17 -79.2801 850.673
  vertex 437.441 -79.1845 851.559
 endloop
endfacet
facet normal -0.659852 -0.563831 0.496679
 outer loop
  vertex 437.4 -79.1064 851.6
  vertex 437.441 -79.1845 851.559
  vertex 438.294 -79.1845 852.844
 endloop
endfacet
facet normal -0.734599 -0.646483 0.205972
 outer loop
  vertex 438.24 -79.1064 852.866
  vertex 438.294 -79.1845 852.844
  vertex 438.541 -79.1064 854.355
 endloop
endfacet
facet normal -0.665092 -0.646504 0.373745
 outer loop
  vertex 438.24 -79.1064 852.866
  vertex 437.4 -79.1064 851.6
  vertex 438.294 -79.1845 852.844
 endloop
endfacet
facet normal -0.493131 -0.789738 0.364878
 outer loop
  vertex 438.24 -79.1064 852.866
  vertex 437.344 -79.0506 851.656
  vertex 437.4 -79.1064 851.6
 endloop
endfacet
facet normal -0.364878 -0.789738 0.493131
 outer loop
  vertex 437.4 -79.1064 851.6
  vertex 437.344 -79.0506 851.656
  vertex 436.134 -79.1064 850.76
 endloop
endfacet
facet normal -0.205972 -0.646483 0.734599
 outer loop
  vertex 436.156 -79.1845 850.706
  vertex 436.134 -79.1064 850.76
  vertex 434.645 -79.1064 850.459
 endloop
endfacet
facet normal 0.115078 -0.563853 0.817818
 outer loop
  vertex 434.645 -79.1845 850.401
  vertex 434.645 -79.1064 850.459
  vertex 433.134 -79.1845 850.706
 endloop
endfacet
facet normal 0.240934 -0.403296 0.882781
 outer loop
  vertex 433.12 -79.2801 850.672
  vertex 434.645 -79.1845 850.401
  vertex 433.134 -79.1845 850.706
 endloop
endfacet
facet normal 0.125978 -0.329143 0.935839
 outer loop
  vertex 433.12 -79.2801 850.672
  vertex 434.645 -79.2801 850.365
  vertex 434.645 -79.1845 850.401
 endloop
endfacet
facet normal -0.126557 -0.17847 0.975772
 outer loop
  vertex 434.645 -79.2801 850.365
  vertex 434.645 -79.4869 850.343
  vertex 436.17 -79.2801 850.673
 endloop
endfacet
facet normal -0.256897 -0.102613 0.960976
 outer loop
  vertex 436.17 -79.2801 850.673
  vertex 434.645 -79.4869 850.343
  vertex 436.18 -79.4869 850.648
 endloop
endfacet
facet normal -0.497822 -0.102619 0.861187
 outer loop
  vertex 437.482 -79.4869 851.518
  vertex 436.17 -79.2801 850.673
  vertex 436.18 -79.4869 850.648
 endloop
endfacet
facet normal -0.600631 -0.17848 0.779351
 outer loop
  vertex 437.482 -79.4869 851.518
  vertex 437.466 -79.2801 851.534
  vertex 436.17 -79.2801 850.673
 endloop
endfacet
facet normal -0.779351 -0.17848 0.600631
 outer loop
  vertex 437.482 -79.4869 851.518
  vertex 438.327 -79.2801 852.83
  vertex 437.466 -79.2801 851.534
 endloop
endfacet
facet normal -0.861187 -0.102619 0.497822
 outer loop
  vertex 437.482 -79.4869 851.518
  vertex 438.352 -79.4869 852.82
  vertex 438.327 -79.2801 852.83
 endloop
endfacet
facet normal -0.960976 -0.102613 0.256897
 outer loop
  vertex 438.327 -79.2801 852.83
  vertex 438.352 -79.4869 852.82
  vertex 438.657 -79.4869 854.355
 endloop
endfacet
facet normal -0.975838 -0.178495 -0.126014
 outer loop
  vertex 438.635 -79.2801 854.355
  vertex 438.657 -79.4869 854.355
  vertex 438.328 -79.2801 855.88
 endloop
endfacet
facet normal -0.882781 -0.403296 -0.240934
 outer loop
  vertex 438.599 -79.1845 854.355
  vertex 438.328 -79.2801 855.88
  vertex 438.294 -79.1845 855.866
 endloop
endfacet
facet normal -0.817818 -0.563853 -0.115078
 outer loop
  vertex 438.541 -79.1064 854.355
  vertex 438.599 -79.1845 854.355
  vertex 438.294 -79.1845 855.866
 endloop
endfacet
facet normal -0.817787 -0.563808 0.11552
 outer loop
  vertex 438.541 -79.1064 854.355
  vertex 438.294 -79.1845 852.844
  vertex 438.599 -79.1845 854.355
 endloop
endfacet
facet normal -0.882737 -0.403242 0.241187
 outer loop
  vertex 438.599 -79.1845 854.355
  vertex 438.294 -79.1845 852.844
  vertex 438.327 -79.2801 852.83
 endloop
endfacet
facet normal -0.975772 -0.17847 0.126557
 outer loop
  vertex 438.635 -79.2801 854.355
  vertex 438.327 -79.2801 852.83
  vertex 438.657 -79.4869 854.355
 endloop
endfacet
facet normal -0.935781 -0.329111 0.12649
 outer loop
  vertex 438.635 -79.2801 854.355
  vertex 438.599 -79.1845 854.355
  vertex 438.327 -79.2801 852.83
 endloop
endfacet
facet normal -0.935839 -0.329143 -0.125978
 outer loop
  vertex 438.635 -79.2801 854.355
  vertex 438.328 -79.2801 855.88
  vertex 438.599 -79.1845 854.355
 endloop
endfacet
facet normal -0.961048 -0.102634 -0.256619
 outer loop
  vertex 438.657 -79.4869 854.355
  vertex 438.352 -79.4869 855.891
  vertex 438.328 -79.2801 855.88
 endloop
endfacet
facet normal -0.853234 -0.178484 -0.490036
 outer loop
  vertex 438.328 -79.2801 855.88
  vertex 438.352 -79.4869 855.891
  vertex 437.466 -79.2801 857.177
 endloop
endfacet
facet normal -0.751035 -0.329141 -0.572375
 outer loop
  vertex 437.441 -79.1845 857.151
  vertex 438.328 -79.2801 855.88
  vertex 437.466 -79.2801 857.177
 endloop
endfacet
facet normal -0.794747 -0.403294 -0.453577
 outer loop
  vertex 437.441 -79.1845 857.151
  vertex 438.294 -79.1845 855.866
  vertex 438.328 -79.2801 855.88
 endloop
endfacet
facet normal -0.789569 -0.102718 -0.605003
 outer loop
  vertex 438.352 -79.4869 855.891
  vertex 437.482 -79.4869 857.193
  vertex 437.466 -79.2801 857.177
 endloop
endfacet
facet normal -0.297479 -0.929894 -0.216341
 outer loop
  vertex 437.344 -79.0506 857.054
  vertex 437.275 -79.0169 856.986
  vertex 438.168 -79.0506 855.813
 endloop
endfacet
facet normal -0.260758 -0.955337 -0.139054
 outer loop
  vertex 438.168 -79.0506 855.813
  vertex 437.275 -79.0169 856.986
  vertex 438.078 -79.0169 855.777
 endloop
endfacet
facet normal -0.144243 -0.989127 -0.0286641
 outer loop
  vertex 438.365 -79.0169 854.355
  vertex 438.078 -79.0169 855.777
  vertex 438.158 -79 854.355
 endloop
endfacet
facet normal -0.0692868 -0.997184 0.0286889
 outer loop
  vertex 438.078 -79.0169 852.933
  vertex 438.158 -79 854.355
  vertex 437.886 -79 853.013
 endloop
endfacet
facet normal -0.0692868 -0.997184 0.0286889
 outer loop
  vertex 437.129 -79 851.871
  vertex 438.078 -79.0169 852.933
  vertex 437.886 -79 853.013
 endloop
endfacet
facet normal -0.122295 -0.989127 -0.0816828
 outer loop
  vertex 437.275 -79.0169 856.986
  vertex 437.129 -79 856.839
  vertex 438.078 -79.0169 855.777
 endloop
endfacet
facet normal -0.0692772 -0.997185 -0.0286823
 outer loop
  vertex 438.078 -79.0169 855.777
  vertex 437.129 -79 856.839
  vertex 437.887 -79 855.697
 endloop
endfacet
facet normal -0.0692772 -0.997185 -0.0286823
 outer loop
  vertex 438.158 -79 854.355
  vertex 438.078 -79.0169 855.777
  vertex 437.887 -79 855.697
 endloop
endfacet
facet normal 0.0286823 -0.997185 0.0692771
 outer loop
  vertex 434.645 -79 850.842
  vertex 433.303 -79 851.113
  vertex 433.223 -79.0169 850.922
 endloop
endfacet
facet normal -0.496679 -0.563831 0.659852
 outer loop
  vertex 437.441 -79.1845 851.559
  vertex 437.4 -79.1064 851.6
  vertex 436.156 -79.1845 850.706
 endloop
endfacet
facet normal -0.373745 -0.646504 0.665092
 outer loop
  vertex 436.156 -79.1845 850.706
  vertex 437.4 -79.1064 851.6
  vertex 436.134 -79.1064 850.76
 endloop
endfacet
facet normal -0.139073 -0.955327 0.260784
 outer loop
  vertex 436.103 -79.0506 850.833
  vertex 437.275 -79.0169 851.725
  vertex 436.067 -79.0169 850.922
 endloop
endfacet
facet normal -0.0816894 -0.989125 0.122304
 outer loop
  vertex 436.067 -79.0169 850.922
  vertex 437.275 -79.0169 851.725
  vertex 437.129 -79 851.871
 endloop
endfacet
facet normal -0.260784 -0.955327 0.139073
 outer loop
  vertex 438.078 -79.0169 852.933
  vertex 437.275 -79.0169 851.725
  vertex 438.167 -79.0506 852.897
 endloop
endfacet
facet normal -0.297495 -0.929886 0.216353
 outer loop
  vertex 438.167 -79.0506 852.897
  vertex 437.275 -79.0169 851.725
  vertex 437.344 -79.0506 851.656
 endloop
endfacet
facet normal 0.08596 -0.955338 0.282738
 outer loop
  vertex 433.223 -79.0169 850.922
  vertex 433.186 -79.0506 850.832
  vertex 434.645 -79.0169 850.635
 endloop
endfacet
facet normal 0.0572374 -0.929895 0.363344
 outer loop
  vertex 434.645 -79.0169 850.635
  vertex 433.186 -79.0506 850.832
  vertex 434.645 -79.0506 850.539
 endloop
endfacet
facet normal -0.148171 -0.848274 0.508406
 outer loop
  vertex 436.103 -79.0506 850.833
  vertex 434.645 -79.0506 850.539
  vertex 436.134 -79.1064 850.76
 endloop
endfacet
facet normal -0.254677 -0.848287 0.464273
 outer loop
  vertex 437.344 -79.0506 851.656
  vertex 436.103 -79.0506 850.833
  vertex 436.134 -79.1064 850.76
 endloop
endfacet
facet normal -0.090785 -0.78972 0.606713
 outer loop
  vertex 436.134 -79.1064 850.76
  vertex 434.645 -79.0506 850.539
  vertex 434.645 -79.1064 850.459
 endloop
endfacet
facet normal 0.0904601 -0.789757 0.606713
 outer loop
  vertex 434.645 -79.1064 850.459
  vertex 434.645 -79.0506 850.539
  vertex 433.156 -79.1064 850.759
 endloop
endfacet
facet normal 0.20576 -0.646545 0.734604
 outer loop
  vertex 433.134 -79.1845 850.706
  vertex 434.645 -79.1064 850.459
  vertex 433.156 -79.1064 850.759
 endloop
endfacet
facet normal -0.05743 -0.929878 0.363357
 outer loop
  vertex 434.645 -79.0169 850.635
  vertex 434.645 -79.0506 850.539
  vertex 436.103 -79.0506 850.833
 endloop
endfacet
facet normal 0.148025 -0.848314 0.508382
 outer loop
  vertex 434.645 -79.0506 850.539
  vertex 433.186 -79.0506 850.832
  vertex 433.156 -79.1064 850.759
 endloop
endfacet
facet normal 0.216341 -0.929894 0.297479
 outer loop
  vertex 431.946 -79.0506 851.656
  vertex 433.186 -79.0506 850.832
  vertex 432.014 -79.0169 851.725
 endloop
endfacet
facet normal -0.241187 -0.403242 0.882737
 outer loop
  vertex 436.17 -79.2801 850.673
  vertex 436.156 -79.1845 850.706
  vertex 434.645 -79.1845 850.401
 endloop
endfacet
facet normal -0.11552 -0.563808 0.817787
 outer loop
  vertex 434.645 -79.1845 850.401
  vertex 436.156 -79.1845 850.706
  vertex 434.645 -79.1064 850.459
 endloop
endfacet
facet normal -0.572385 -0.329128 0.751033
 outer loop
  vertex 436.17 -79.2801 850.673
  vertex 437.466 -79.2801 851.534
  vertex 437.441 -79.1845 851.559
 endloop
endfacet
facet normal -0.751033 -0.329128 0.572385
 outer loop
  vertex 437.441 -79.1845 851.559
  vertex 437.466 -79.2801 851.534
  vertex 438.327 -79.2801 852.83
 endloop
endfacet
facet normal -0.79475 -0.403261 0.4536
 outer loop
  vertex 438.294 -79.1845 852.844
  vertex 437.441 -79.1845 851.559
  vertex 438.327 -79.2801 852.83
 endloop
endfacet
facet normal -0.144253 -0.989124 0.0287311
 outer loop
  vertex 438.365 -79.0169 854.355
  vertex 438.158 -79 854.355
  vertex 438.078 -79.0169 852.933
 endloop
endfacet
facet normal -0.508382 -0.848314 -0.148025
 outer loop
  vertex 438.168 -79.0506 855.813
  vertex 438.461 -79.0506 854.355
  vertex 438.241 -79.1064 855.844
 endloop
endfacet
facet normal -0.606713 -0.789757 -0.0904601
 outer loop
  vertex 438.241 -79.1064 855.844
  vertex 438.461 -79.0506 854.355
  vertex 438.541 -79.1064 854.355
 endloop
endfacet
facet normal -0.508406 -0.848274 0.148171
 outer loop
  vertex 438.24 -79.1064 852.866
  vertex 438.461 -79.0506 854.355
  vertex 438.167 -79.0506 852.897
 endloop
endfacet
facet normal -0.363357 -0.929878 0.05743
 outer loop
  vertex 438.167 -79.0506 852.897
  vertex 438.461 -79.0506 854.355
  vertex 438.365 -79.0169 854.355
 endloop
endfacet
facet normal -0.282738 -0.955338 -0.08596
 outer loop
  vertex 438.078 -79.0169 855.777
  vertex 438.365 -79.0169 854.355
  vertex 438.168 -79.0506 855.813
 endloop
endfacet
facet normal -0.0529655 -0.997191 -0.0529655
 outer loop
  vertex 437.129 -79 856.839
  vertex 437.275 -79.0169 856.986
  vertex 435.877 -79 858.091
 endloop
endfacet
facet normal -0.105948 -0.988711 -0.105948
 outer loop
  vertex 435.877 -79 858.091
  vertex 437.275 -79.0169 856.986
  vertex 436.02 -79.0169 858.242
 endloop
endfacet
facet normal -0.211616 -0.954169 -0.211616
 outer loop
  vertex 436.02 -79.0169 858.242
  vertex 437.275 -79.0169 856.986
  vertex 437.344 -79.0506 857.054
 endloop
endfacet
facet normal -0.378446 -0.844723 -0.378446
 outer loop
  vertex 436.086 -79.0506 858.311
  vertex 437.344 -79.0506 857.054
  vertex 437.4 -79.1064 857.11
 endloop
endfacet
facet normal -0.54297 -0.640599 -0.54297
 outer loop
  vertex 436.142 -79.1064 858.368
  vertex 437.4 -79.1064 857.11
  vertex 436.184 -79.1846 858.408
 endloop
endfacet
facet normal -0.438604 -0.784381 -0.438604
 outer loop
  vertex 436.142 -79.1064 858.368
  vertex 436.086 -79.0506 858.311
  vertex 437.4 -79.1064 857.11
 endloop
endfacet
facet normal -0.587199 -0.557131 -0.587199
 outer loop
  vertex 437.4 -79.1064 857.11
  vertex 437.441 -79.1845 857.151
  vertex 436.184 -79.1846 858.408
 endloop
endfacet
facet normal -0.648737 -0.397844 -0.648737
 outer loop
  vertex 436.184 -79.1846 858.408
  vertex 437.441 -79.1845 857.151
  vertex 436.211 -79.2801 858.433
 endloop
endfacet
facet normal -0.668929 -0.324141 -0.668929
 outer loop
  vertex 436.211 -79.2801 858.433
  vertex 437.441 -79.1845 857.151
  vertex 437.466 -79.2801 857.177
 endloop
endfacet
facet normal -0.703492 -0.100982 -0.703492
 outer loop
  vertex 436.231 -79.4869 858.444
  vertex 437.466 -79.2801 857.177
  vertex 437.482 -79.4869 857.193
 endloop
endfacet
facet normal -0.696112 -0.17566 -0.696112
 outer loop
  vertex 436.231 -79.4869 858.444
  vertex 436.211 -79.2801 858.433
  vertex 437.466 -79.2801 857.177
 endloop
endfacet
facet normal -0.264243 -0.927551 -0.264243
 outer loop
  vertex 436.086 -79.0506 858.311
  vertex 436.02 -79.0169 858.242
  vertex 437.344 -79.0506 857.054
 endloop
endfacet
facet normal 0.0529655 -0.997191 0.0529655
 outer loop
  vertex 432.161 -79 851.871
  vertex 430.909 -79 853.123
  vertex 432.014 -79.0169 851.725
 endloop
endfacet
facet normal 0.105946 -0.988712 0.105946
 outer loop
  vertex 432.014 -79.0169 851.725
  vertex 430.909 -79 853.123
  vertex 430.759 -79.0169 852.98
 endloop
endfacet
facet normal 0.26424 -0.927553 0.26424
 outer loop
  vertex 431.946 -79.0506 851.656
  vertex 430.759 -79.0169 852.98
  vertex 430.689 -79.0506 852.913
 endloop
endfacet
facet normal 0.438603 -0.784382 0.438603
 outer loop
  vertex 431.89 -79.1064 851.6
  vertex 430.689 -79.0506 852.913
  vertex 430.632 -79.1064 852.857
 endloop
endfacet
facet normal 0.542971 -0.640597 0.542971
 outer loop
  vertex 430.592 -79.1846 852.816
  vertex 431.89 -79.1064 851.6
  vertex 430.632 -79.1064 852.857
 endloop
endfacet
facet normal 0.5872 -0.557129 0.5872
 outer loop
  vertex 430.592 -79.1846 852.816
  vertex 431.849 -79.1845 851.559
  vertex 431.89 -79.1064 851.6
 endloop
endfacet
facet normal 0.648739 -0.397839 0.648739
 outer loop
  vertex 430.592 -79.1846 852.816
  vertex 430.568 -79.2801 852.789
  vertex 431.849 -79.1845 851.559
 endloop
endfacet
facet normal 0.66893 -0.324138 0.66893
 outer loop
  vertex 431.849 -79.1845 851.559
  vertex 430.568 -79.2801 852.789
  vertex 431.823 -79.2801 851.534
 endloop
endfacet
facet normal 0.696112 -0.175657 0.696112
 outer loop
  vertex 431.823 -79.2801 851.534
  vertex 430.568 -79.2801 852.789
  vertex 430.556 -79.4869 852.769
 endloop
endfacet
facet normal 0.703492 -0.100982 0.703492
 outer loop
  vertex 431.807 -79.4869 851.518
  vertex 431.823 -79.2801 851.534
  vertex 430.556 -79.4869 852.769
 endloop
endfacet
facet normal 0.378445 -0.844724 0.378445
 outer loop
  vertex 431.89 -79.1064 851.6
  vertex 431.946 -79.0506 851.656
  vertex 430.689 -79.0506 852.913
 endloop
endfacet
facet normal 0.211614 -0.954169 0.211614
 outer loop
  vertex 431.946 -79.0506 851.656
  vertex 432.014 -79.0169 851.725
  vertex 430.759 -79.0169 852.98
 endloop
endfacet
facet normal -0.0692771 -0.997185 0.0286823
 outer loop
  vertex 437.887 -79 782.303
  vertex 437.129 -79 781.161
  vertex 438.078 -79.0169 782.223
 endloop
endfacet
facet normal -0.144243 -0.989127 0.0286641
 outer loop
  vertex 438.158 -79 783.645
  vertex 438.078 -79.0169 782.223
  vertex 438.365 -79.0169 783.645
 endloop
endfacet
facet normal -0.282763 -0.955323 -0.0860386
 outer loop
  vertex 438.078 -79.0169 785.067
  vertex 438.365 -79.0169 783.645
  vertex 438.167 -79.0506 785.103
 endloop
endfacet
facet normal -0.297495 -0.929886 -0.216353
 outer loop
  vertex 437.275 -79.0169 786.275
  vertex 438.167 -79.0506 785.103
  vertex 437.344 -79.0506 786.344
 endloop
endfacet
facet normal -0.254677 -0.848287 -0.464273
 outer loop
  vertex 436.103 -79.0506 787.167
  vertex 437.344 -79.0506 786.344
  vertex 436.134 -79.1064 787.24
 endloop
endfacet
facet normal -0.090785 -0.78972 -0.606713
 outer loop
  vertex 434.645 -79.0506 787.461
  vertex 436.134 -79.1064 787.24
  vertex 434.645 -79.1064 787.541
 endloop
endfacet
facet normal 0.20576 -0.646545 -0.734604
 outer loop
  vertex 433.156 -79.1064 787.241
  vertex 434.645 -79.1064 787.541
  vertex 433.134 -79.1845 787.294
 endloop
endfacet
facet normal 0.496666 -0.563851 -0.659845
 outer loop
  vertex 431.89 -79.1064 786.4
  vertex 433.134 -79.1845 787.294
  vertex 431.849 -79.1845 786.441
 endloop
endfacet
facet normal 0.373718 -0.646542 -0.66507
 outer loop
  vertex 431.89 -79.1064 786.4
  vertex 433.156 -79.1064 787.241
  vertex 433.134 -79.1845 787.294
 endloop
endfacet
facet normal 0.364863 -0.789755 -0.493115
 outer loop
  vertex 431.89 -79.1064 786.4
  vertex 431.946 -79.0506 786.344
  vertex 433.156 -79.1064 787.241
 endloop
endfacet
facet normal 0.25465 -0.848312 -0.46424
 outer loop
  vertex 433.156 -79.1064 787.241
  vertex 431.946 -79.0506 786.344
  vertex 433.186 -79.0506 787.168
 endloop
endfacet
facet normal 0.0572374 -0.929895 -0.363344
 outer loop
  vertex 434.645 -79.0506 787.461
  vertex 433.186 -79.0506 787.168
  vertex 434.645 -79.0169 787.365
 endloop
endfacet
facet normal -0.0860386 -0.955323 -0.282763
 outer loop
  vertex 436.103 -79.0506 787.167
  vertex 434.645 -79.0169 787.365
  vertex 436.067 -79.0169 787.078
 endloop
endfacet
facet normal -0.0816894 -0.989125 -0.122304
 outer loop
  vertex 437.275 -79.0169 786.275
  vertex 436.067 -79.0169 787.078
  vertex 437.129 -79 786.129
 endloop
endfacet
facet normal -0.0692868 -0.997184 -0.0286889
 outer loop
  vertex 438.078 -79.0169 785.067
  vertex 437.129 -79 786.129
  vertex 437.886 -79 784.987
 endloop
endfacet
facet normal -0.0692868 -0.997184 -0.0286889
 outer loop
  vertex 438.158 -79 783.645
  vertex 438.078 -79.0169 785.067
  vertex 437.886 -79 784.987
 endloop
endfacet
facet normal -0.144253 -0.989124 -0.0287311
 outer loop
  vertex 438.158 -79 783.645
  vertex 438.365 -79.0169 783.645
  vertex 438.078 -79.0169 785.067
 endloop
endfacet
facet normal -0.789569 -0.102718 0.605003
 outer loop
  vertex 437.482 -79.4869 780.807
  vertex 438.352 -79.4869 782.109
  vertex 437.466 -79.2801 780.823
 endloop
endfacet
facet normal -0.853234 -0.178484 0.490036
 outer loop
  vertex 437.466 -79.2801 780.823
  vertex 438.352 -79.4869 782.109
  vertex 438.328 -79.2801 782.12
 endloop
endfacet
facet normal -0.794747 -0.403294 0.453577
 outer loop
  vertex 437.441 -79.1845 780.849
  vertex 438.328 -79.2801 782.12
  vertex 438.294 -79.1845 782.134
 endloop
endfacet
facet normal -0.66507 -0.646542 0.373718
 outer loop
  vertex 437.4 -79.1064 780.89
  vertex 438.294 -79.1845 782.134
  vertex 438.241 -79.1064 782.156
 endloop
endfacet
facet normal -0.46424 -0.848312 0.25465
 outer loop
  vertex 437.344 -79.0506 780.946
  vertex 438.241 -79.1064 782.156
  vertex 438.168 -79.0506 782.187
 endloop
endfacet
facet normal -0.260758 -0.955337 0.139054
 outer loop
  vertex 437.275 -79.0169 781.014
  vertex 438.168 -79.0506 782.187
  vertex 438.078 -79.0169 782.223
 endloop
endfacet
facet normal -0.122295 -0.989127 0.0816828
 outer loop
  vertex 437.129 -79 781.161
  vertex 437.275 -79.0169 781.014
  vertex 438.078 -79.0169 782.223
 endloop
endfacet
facet normal -0.493115 -0.789755 0.364863
 outer loop
  vertex 437.344 -79.0506 780.946
  vertex 437.4 -79.1064 780.89
  vertex 438.241 -79.1064 782.156
 endloop
endfacet
facet normal -0.659845 -0.563851 0.496666
 outer loop
  vertex 437.4 -79.1064 780.89
  vertex 437.441 -79.1845 780.849
  vertex 438.294 -79.1845 782.134
 endloop
endfacet
facet normal -0.751035 -0.329141 0.572375
 outer loop
  vertex 437.441 -79.1845 780.849
  vertex 437.466 -79.2801 780.823
  vertex 438.328 -79.2801 782.12
 endloop
endfacet
facet normal -0.961048 -0.102634 0.256619
 outer loop
  vertex 438.352 -79.4869 782.109
  vertex 438.657 -79.4869 783.645
  vertex 438.328 -79.2801 782.12
 endloop
endfacet
facet normal -0.975838 -0.178495 0.126014
 outer loop
  vertex 438.328 -79.2801 782.12
  vertex 438.657 -79.4869 783.645
  vertex 438.635 -79.2801 783.645
 endloop
endfacet
facet normal -0.935781 -0.329111 -0.12649
 outer loop
  vertex 438.599 -79.1845 783.645
  vertex 438.635 -79.2801 783.645
  vertex 438.327 -79.2801 785.17
 endloop
endfacet
facet normal -0.79475 -0.403261 -0.4536
 outer loop
  vertex 438.294 -79.1845 785.156
  vertex 438.327 -79.2801 785.17
  vertex 437.441 -79.1845 786.441
 endloop
endfacet
facet normal -0.496679 -0.563831 -0.659852
 outer loop
  vertex 437.4 -79.1064 786.4
  vertex 437.441 -79.1845 786.441
  vertex 436.156 -79.1845 787.294
 endloop
endfacet
facet normal -0.205972 -0.646483 -0.734599
 outer loop
  vertex 436.134 -79.1064 787.24
  vertex 436.156 -79.1845 787.294
  vertex 434.645 -79.1064 787.541
 endloop
endfacet
facet normal -0.373745 -0.646504 -0.665092
 outer loop
  vertex 436.134 -79.1064 787.24
  vertex 437.4 -79.1064 786.4
  vertex 436.156 -79.1845 787.294
 endloop
endfacet
facet normal -0.364878 -0.789738 -0.493131
 outer loop
  vertex 436.134 -79.1064 787.24
  vertex 437.344 -79.0506 786.344
  vertex 437.4 -79.1064 786.4
 endloop
endfacet
facet normal -0.493131 -0.789738 -0.364878
 outer loop
  vertex 437.4 -79.1064 786.4
  vertex 437.344 -79.0506 786.344
  vertex 438.24 -79.1064 785.134
 endloop
endfacet
facet normal -0.734599 -0.646483 -0.205972
 outer loop
  vertex 438.294 -79.1845 785.156
  vertex 438.24 -79.1064 785.134
  vertex 438.541 -79.1064 783.645
 endloop
endfacet
facet normal -0.817818 -0.563853 0.115078
 outer loop
  vertex 438.599 -79.1845 783.645
  vertex 438.541 -79.1064 783.645
  vertex 438.294 -79.1845 782.134
 endloop
endfacet
facet normal -0.882781 -0.403296 0.240934
 outer loop
  vertex 438.328 -79.2801 782.12
  vertex 438.599 -79.1845 783.645
  vertex 438.294 -79.1845 782.134
 endloop
endfacet
facet normal -0.935839 -0.329143 0.125978
 outer loop
  vertex 438.328 -79.2801 782.12
  vertex 438.635 -79.2801 783.645
  vertex 438.599 -79.1845 783.645
 endloop
endfacet
facet normal -0.975772 -0.17847 -0.126557
 outer loop
  vertex 438.635 -79.2801 783.645
  vertex 438.657 -79.4869 783.645
  vertex 438.327 -79.2801 785.17
 endloop
endfacet
facet normal -0.960976 -0.102613 -0.256897
 outer loop
  vertex 438.327 -79.2801 785.17
  vertex 438.657 -79.4869 783.645
  vertex 438.352 -79.4869 785.18
 endloop
endfacet
facet normal -0.861187 -0.102619 -0.497822
 outer loop
  vertex 437.482 -79.4869 786.482
  vertex 438.327 -79.2801 785.17
  vertex 438.352 -79.4869 785.18
 endloop
endfacet
facet normal -0.779351 -0.17848 -0.600631
 outer loop
  vertex 437.482 -79.4869 786.482
  vertex 437.466 -79.2801 786.466
  vertex 438.327 -79.2801 785.17
 endloop
endfacet
facet normal -0.600631 -0.17848 -0.779351
 outer loop
  vertex 437.482 -79.4869 786.482
  vertex 436.17 -79.2801 787.327
  vertex 437.466 -79.2801 786.466
 endloop
endfacet
facet normal -0.497822 -0.102619 -0.861187
 outer loop
  vertex 437.482 -79.4869 786.482
  vertex 436.18 -79.4869 787.352
  vertex 436.17 -79.2801 787.327
 endloop
endfacet
facet normal -0.256897 -0.102613 -0.960976
 outer loop
  vertex 436.17 -79.2801 787.327
  vertex 436.18 -79.4869 787.352
  vertex 434.645 -79.4869 787.657
 endloop
endfacet
facet normal 0.126014 -0.178495 -0.975838
 outer loop
  vertex 434.645 -79.2801 787.635
  vertex 434.645 -79.4869 787.657
  vertex 433.12 -79.2801 787.328
 endloop
endfacet
facet normal 0.240934 -0.403296 -0.882781
 outer loop
  vertex 434.645 -79.1845 787.599
  vertex 433.12 -79.2801 787.328
  vertex 433.134 -79.1845 787.294
 endloop
endfacet
facet normal 0.115078 -0.563853 -0.817818
 outer loop
  vertex 434.645 -79.1064 787.541
  vertex 434.645 -79.1845 787.599
  vertex 433.134 -79.1845 787.294
 endloop
endfacet
facet normal -0.11552 -0.563808 -0.817787
 outer loop
  vertex 434.645 -79.1064 787.541
  vertex 436.156 -79.1845 787.294
  vertex 434.645 -79.1845 787.599
 endloop
endfacet
facet normal -0.241187 -0.403242 -0.882737
 outer loop
  vertex 434.645 -79.1845 787.599
  vertex 436.156 -79.1845 787.294
  vertex 436.17 -79.2801 787.327
 endloop
endfacet
facet normal -0.126557 -0.17847 -0.975772
 outer loop
  vertex 434.645 -79.2801 787.635
  vertex 436.17 -79.2801 787.327
  vertex 434.645 -79.4869 787.657
 endloop
endfacet
facet normal -0.12649 -0.329111 -0.935781
 outer loop
  vertex 434.645 -79.2801 787.635
  vertex 434.645 -79.1845 787.599
  vertex 436.17 -79.2801 787.327
 endloop
endfacet
facet normal 0.125978 -0.329143 -0.935839
 outer loop
  vertex 434.645 -79.2801 787.635
  vertex 433.12 -79.2801 787.328
  vertex 434.645 -79.1845 787.599
 endloop
endfacet
facet normal 0.256619 -0.102634 -0.961048
 outer loop
  vertex 434.645 -79.4869 787.657
  vertex 433.109 -79.4869 787.352
  vertex 433.12 -79.2801 787.328
 endloop
endfacet
facet normal 0.490036 -0.178484 -0.853234
 outer loop
  vertex 433.12 -79.2801 787.328
  vertex 433.109 -79.4869 787.352
  vertex 431.823 -79.2801 786.466
 endloop
endfacet
facet normal 0.572375 -0.329141 -0.751035
 outer loop
  vertex 431.849 -79.1845 786.441
  vertex 433.12 -79.2801 787.328
  vertex 431.823 -79.2801 786.466
 endloop
endfacet
facet normal 0.453577 -0.403294 -0.794747
 outer loop
  vertex 431.849 -79.1845 786.441
  vertex 433.134 -79.1845 787.294
  vertex 433.12 -79.2801 787.328
 endloop
endfacet
facet normal 0.605003 -0.102718 -0.789569
 outer loop
  vertex 433.109 -79.4869 787.352
  vertex 431.807 -79.4869 786.482
  vertex 431.823 -79.2801 786.466
 endloop
endfacet
facet normal 0.216341 -0.929894 -0.297479
 outer loop
  vertex 431.946 -79.0506 786.344
  vertex 432.014 -79.0169 786.275
  vertex 433.186 -79.0506 787.168
 endloop
endfacet
facet normal 0.139054 -0.955337 -0.260758
 outer loop
  vertex 433.186 -79.0506 787.168
  vertex 432.014 -79.0169 786.275
  vertex 433.223 -79.0169 787.078
 endloop
endfacet
facet normal 0.0286641 -0.989127 -0.144243
 outer loop
  vertex 434.645 -79.0169 787.365
  vertex 433.223 -79.0169 787.078
  vertex 434.645 -79 787.158
 endloop
endfacet
facet normal -0.0286889 -0.997184 -0.0692868
 outer loop
  vertex 436.067 -79.0169 787.078
  vertex 434.645 -79 787.158
  vertex 435.987 -79 786.886
 endloop
endfacet
facet normal -0.0286889 -0.997184 -0.0692868
 outer loop
  vertex 437.129 -79 786.129
  vertex 436.067 -79.0169 787.078
  vertex 435.987 -79 786.886
 endloop
endfacet
facet normal 0.0816828 -0.989127 -0.122295
 outer loop
  vertex 432.014 -79.0169 786.275
  vertex 432.161 -79 786.129
  vertex 433.223 -79.0169 787.078
 endloop
endfacet
facet normal 0.0286823 -0.997185 -0.0692772
 outer loop
  vertex 433.223 -79.0169 787.078
  vertex 432.161 -79 786.129
  vertex 433.303 -79 786.887
 endloop
endfacet
facet normal 0.0286823 -0.997185 -0.0692772
 outer loop
  vertex 434.645 -79 787.158
  vertex 433.223 -79.0169 787.078
  vertex 433.303 -79 786.887
 endloop
endfacet
facet normal -0.0692771 -0.997185 0.0286823
 outer loop
  vertex 438.158 -79 783.645
  vertex 437.887 -79 782.303
  vertex 438.078 -79.0169 782.223
 endloop
endfacet
facet normal -0.659852 -0.563831 -0.496679
 outer loop
  vertex 437.441 -79.1845 786.441
  vertex 437.4 -79.1064 786.4
  vertex 438.294 -79.1845 785.156
 endloop
endfacet
facet normal -0.665092 -0.646504 -0.373745
 outer loop
  vertex 438.294 -79.1845 785.156
  vertex 437.4 -79.1064 786.4
  vertex 438.24 -79.1064 785.134
 endloop
endfacet
facet normal -0.260784 -0.955327 -0.139073
 outer loop
  vertex 438.167 -79.0506 785.103
  vertex 437.275 -79.0169 786.275
  vertex 438.078 -79.0169 785.067
 endloop
endfacet
facet normal -0.122304 -0.989125 -0.0816894
 outer loop
  vertex 438.078 -79.0169 785.067
  vertex 437.275 -79.0169 786.275
  vertex 437.129 -79 786.129
 endloop
endfacet
facet normal -0.139073 -0.955327 -0.260784
 outer loop
  vertex 436.067 -79.0169 787.078
  vertex 437.275 -79.0169 786.275
  vertex 436.103 -79.0506 787.167
 endloop
endfacet
facet normal -0.216353 -0.929886 -0.297495
 outer loop
  vertex 436.103 -79.0506 787.167
  vertex 437.275 -79.0169 786.275
  vertex 437.344 -79.0506 786.344
 endloop
endfacet
facet normal -0.282738 -0.955338 0.08596
 outer loop
  vertex 438.078 -79.0169 782.223
  vertex 438.168 -79.0506 782.187
  vertex 438.365 -79.0169 783.645
 endloop
endfacet
facet normal -0.363344 -0.929895 0.0572374
 outer loop
  vertex 438.365 -79.0169 783.645
  vertex 438.168 -79.0506 782.187
  vertex 438.461 -79.0506 783.645
 endloop
endfacet
facet normal -0.508406 -0.848274 -0.148171
 outer loop
  vertex 438.167 -79.0506 785.103
  vertex 438.461 -79.0506 783.645
  vertex 438.24 -79.1064 785.134
 endloop
endfacet
facet normal -0.464273 -0.848287 -0.254677
 outer loop
  vertex 437.344 -79.0506 786.344
  vertex 438.167 -79.0506 785.103
  vertex 438.24 -79.1064 785.134
 endloop
endfacet
facet normal -0.606713 -0.78972 -0.090785
 outer loop
  vertex 438.24 -79.1064 785.134
  vertex 438.461 -79.0506 783.645
  vertex 438.541 -79.1064 783.645
 endloop
endfacet
facet normal -0.606713 -0.789757 0.0904601
 outer loop
  vertex 438.541 -79.1064 783.645
  vertex 438.461 -79.0506 783.645
  vertex 438.241 -79.1064 782.156
 endloop
endfacet
facet normal -0.734604 -0.646545 0.20576
 outer loop
  vertex 438.294 -79.1845 782.134
  vertex 438.541 -79.1064 783.645
  vertex 438.241 -79.1064 782.156
 endloop
endfacet
facet normal -0.363357 -0.929878 -0.05743
 outer loop
  vertex 438.365 -79.0169 783.645
  vertex 438.461 -79.0506 783.645
  vertex 438.167 -79.0506 785.103
 endloop
endfacet
facet normal -0.508382 -0.848314 0.148025
 outer loop
  vertex 438.461 -79.0506 783.645
  vertex 438.168 -79.0506 782.187
  vertex 438.241 -79.1064 782.156
 endloop
endfacet
facet normal -0.297479 -0.929894 0.216341
 outer loop
  vertex 437.344 -79.0506 780.946
  vertex 438.168 -79.0506 782.187
  vertex 437.275 -79.0169 781.014
 endloop
endfacet
facet normal -0.882737 -0.403242 -0.241187
 outer loop
  vertex 438.327 -79.2801 785.17
  vertex 438.294 -79.1845 785.156
  vertex 438.599 -79.1845 783.645
 endloop
endfacet
facet normal -0.817787 -0.563808 -0.11552
 outer loop
  vertex 438.599 -79.1845 783.645
  vertex 438.294 -79.1845 785.156
  vertex 438.541 -79.1064 783.645
 endloop
endfacet
facet normal -0.751033 -0.329128 -0.572385
 outer loop
  vertex 438.327 -79.2801 785.17
  vertex 437.466 -79.2801 786.466
  vertex 437.441 -79.1845 786.441
 endloop
endfacet
facet normal -0.572385 -0.329128 -0.751033
 outer loop
  vertex 437.441 -79.1845 786.441
  vertex 437.466 -79.2801 786.466
  vertex 436.17 -79.2801 787.327
 endloop
endfacet
facet normal -0.4536 -0.403261 -0.79475
 outer loop
  vertex 436.156 -79.1845 787.294
  vertex 437.441 -79.1845 786.441
  vertex 436.17 -79.2801 787.327
 endloop
endfacet
facet normal -0.0287311 -0.989124 -0.144253
 outer loop
  vertex 434.645 -79.0169 787.365
  vertex 434.645 -79 787.158
  vertex 436.067 -79.0169 787.078
 endloop
endfacet
facet normal 0.148025 -0.848314 -0.508382
 outer loop
  vertex 433.186 -79.0506 787.168
  vertex 434.645 -79.0506 787.461
  vertex 433.156 -79.1064 787.241
 endloop
endfacet
facet normal 0.0904601 -0.789757 -0.606713
 outer loop
  vertex 433.156 -79.1064 787.241
  vertex 434.645 -79.0506 787.461
  vertex 434.645 -79.1064 787.541
 endloop
endfacet
facet normal -0.148171 -0.848274 -0.508406
 outer loop
  vertex 436.134 -79.1064 787.24
  vertex 434.645 -79.0506 787.461
  vertex 436.103 -79.0506 787.167
 endloop
endfacet
facet normal -0.05743 -0.929878 -0.363357
 outer loop
  vertex 436.103 -79.0506 787.167
  vertex 434.645 -79.0506 787.461
  vertex 434.645 -79.0169 787.365
 endloop
endfacet
facet normal 0.08596 -0.955338 -0.282738
 outer loop
  vertex 433.223 -79.0169 787.078
  vertex 434.645 -79.0169 787.365
  vertex 433.186 -79.0506 787.168
 endloop
endfacet
facet normal 0.0529655 -0.997191 -0.0529655
 outer loop
  vertex 432.161 -79 786.129
  vertex 432.014 -79.0169 786.275
  vertex 430.909 -79 784.877
 endloop
endfacet
facet normal 0.105948 -0.988711 -0.105948
 outer loop
  vertex 430.909 -79 784.877
  vertex 432.014 -79.0169 786.275
  vertex 430.758 -79.0169 785.02
 endloop
endfacet
facet normal 0.211616 -0.954169 -0.211616
 outer loop
  vertex 430.758 -79.0169 785.02
  vertex 432.014 -79.0169 786.275
  vertex 431.946 -79.0506 786.344
 endloop
endfacet
facet normal 0.378446 -0.844723 -0.378446
 outer loop
  vertex 430.689 -79.0506 785.086
  vertex 431.946 -79.0506 786.344
  vertex 431.89 -79.1064 786.4
 endloop
endfacet
facet normal 0.54297 -0.640599 -0.54297
 outer loop
  vertex 430.632 -79.1064 785.142
  vertex 431.89 -79.1064 786.4
  vertex 430.592 -79.1846 785.184
 endloop
endfacet
facet normal 0.438604 -0.784381 -0.438604
 outer loop
  vertex 430.632 -79.1064 785.142
  vertex 430.689 -79.0506 785.086
  vertex 431.89 -79.1064 786.4
 endloop
endfacet
facet normal 0.587199 -0.557131 -0.587199
 outer loop
  vertex 431.89 -79.1064 786.4
  vertex 431.849 -79.1845 786.441
  vertex 430.592 -79.1846 785.184
 endloop
endfacet
facet normal 0.648737 -0.397844 -0.648737
 outer loop
  vertex 430.592 -79.1846 785.184
  vertex 431.849 -79.1845 786.441
  vertex 430.567 -79.2801 785.211
 endloop
endfacet
facet normal 0.668929 -0.324141 -0.668929
 outer loop
  vertex 430.567 -79.2801 785.211
  vertex 431.849 -79.1845 786.441
  vertex 431.823 -79.2801 786.466
 endloop
endfacet
facet normal 0.703492 -0.100982 -0.703492
 outer loop
  vertex 430.556 -79.4869 785.231
  vertex 431.823 -79.2801 786.466
  vertex 431.807 -79.4869 786.482
 endloop
endfacet
facet normal 0.696112 -0.17566 -0.696112
 outer loop
  vertex 430.556 -79.4869 785.231
  vertex 430.567 -79.2801 785.211
  vertex 431.823 -79.2801 786.466
 endloop
endfacet
facet normal 0.264243 -0.927551 -0.264243
 outer loop
  vertex 430.689 -79.0506 785.086
  vertex 430.758 -79.0169 785.02
  vertex 431.946 -79.0506 786.344
 endloop
endfacet
facet normal -0.0529655 -0.997191 0.0529655
 outer loop
  vertex 437.129 -79 781.161
  vertex 435.877 -79 779.909
  vertex 437.275 -79.0169 781.014
 endloop
endfacet
facet normal -0.105946 -0.988712 0.105946
 outer loop
  vertex 437.275 -79.0169 781.014
  vertex 435.877 -79 779.909
  vertex 436.02 -79.0169 779.759
 endloop
endfacet
facet normal -0.26424 -0.927553 0.26424
 outer loop
  vertex 437.344 -79.0506 780.946
  vertex 436.02 -79.0169 779.759
  vertex 436.087 -79.0506 779.689
 endloop
endfacet
facet normal -0.438603 -0.784382 0.438603
 outer loop
  vertex 437.4 -79.1064 780.89
  vertex 436.087 -79.0506 779.689
  vertex 436.143 -79.1064 779.632
 endloop
endfacet
facet normal -0.542971 -0.640597 0.542971
 outer loop
  vertex 436.184 -79.1846 779.592
  vertex 437.4 -79.1064 780.89
  vertex 436.143 -79.1064 779.632
 endloop
endfacet
facet normal -0.5872 -0.557129 0.5872
 outer loop
  vertex 436.184 -79.1846 779.592
  vertex 437.441 -79.1845 780.849
  vertex 437.4 -79.1064 780.89
 endloop
endfacet
facet normal -0.648739 -0.397839 0.648739
 outer loop
  vertex 436.184 -79.1846 779.592
  vertex 436.211 -79.2801 779.568
  vertex 437.441 -79.1845 780.849
 endloop
endfacet
facet normal -0.66893 -0.324138 0.66893
 outer loop
  vertex 437.441 -79.1845 780.849
  vertex 436.211 -79.2801 779.568
  vertex 437.466 -79.2801 780.823
 endloop
endfacet
facet normal -0.696112 -0.175657 0.696112
 outer loop
  vertex 437.466 -79.2801 780.823
  vertex 436.211 -79.2801 779.568
  vertex 436.231 -79.4869 779.556
 endloop
endfacet
facet normal -0.703492 -0.100982 0.703492
 outer loop
  vertex 437.482 -79.4869 780.807
  vertex 437.466 -79.2801 780.823
  vertex 436.231 -79.4869 779.556
 endloop
endfacet
facet normal -0.378445 -0.844724 0.378445
 outer loop
  vertex 437.4 -79.1064 780.89
  vertex 437.344 -79.0506 780.946
  vertex 436.087 -79.0506 779.689
 endloop
endfacet
facet normal -0.211614 -0.954169 0.211614
 outer loop
  vertex 437.344 -79.0506 780.946
  vertex 437.275 -79.0169 781.014
  vertex 436.02 -79.0169 779.759
 endloop
endfacet
facet normal -0.0286823 -0.997185 -0.0692771
 outer loop
  vertex 506.697 -79 786.887
  vertex 507.839 -79 786.129
  vertex 506.777 -79.0169 787.078
 endloop
endfacet
facet normal -0.0286641 -0.989127 -0.144243
 outer loop
  vertex 505.355 -79 787.158
  vertex 506.777 -79.0169 787.078
  vertex 505.355 -79.0169 787.365
 endloop
endfacet
facet normal 0.0860386 -0.955323 -0.282763
 outer loop
  vertex 503.933 -79.0169 787.078
  vertex 505.355 -79.0169 787.365
  vertex 503.897 -79.0506 787.167
 endloop
endfacet
facet normal 0.216353 -0.929886 -0.297495
 outer loop
  vertex 502.725 -79.0169 786.275
  vertex 503.897 -79.0506 787.167
  vertex 502.656 -79.0506 786.344
 endloop
endfacet
facet normal 0.464273 -0.848287 -0.254677
 outer loop
  vertex 501.833 -79.0506 785.103
  vertex 502.656 -79.0506 786.344
  vertex 501.76 -79.1064 785.134
 endloop
endfacet
facet normal 0.606713 -0.78972 -0.090785
 outer loop
  vertex 501.539 -79.0506 783.645
  vertex 501.76 -79.1064 785.134
  vertex 501.459 -79.1064 783.645
 endloop
endfacet
facet normal 0.734604 -0.646545 0.20576
 outer loop
  vertex 501.759 -79.1064 782.156
  vertex 501.459 -79.1064 783.645
  vertex 501.706 -79.1845 782.134
 endloop
endfacet
facet normal 0.659845 -0.563851 0.496666
 outer loop
  vertex 502.6 -79.1064 780.89
  vertex 501.706 -79.1845 782.134
  vertex 502.559 -79.1845 780.849
 endloop
endfacet
facet normal 0.66507 -0.646542 0.373718
 outer loop
  vertex 502.6 -79.1064 780.89
  vertex 501.759 -79.1064 782.156
  vertex 501.706 -79.1845 782.134
 endloop
endfacet
facet normal 0.493115 -0.789755 0.364863
 outer loop
  vertex 502.6 -79.1064 780.89
  vertex 502.656 -79.0506 780.946
  vertex 501.759 -79.1064 782.156
 endloop
endfacet
facet normal 0.46424 -0.848312 0.25465
 outer loop
  vertex 501.759 -79.1064 782.156
  vertex 502.656 -79.0506 780.946
  vertex 501.832 -79.0506 782.187
 endloop
endfacet
facet normal 0.363344 -0.929895 0.0572374
 outer loop
  vertex 501.539 -79.0506 783.645
  vertex 501.832 -79.0506 782.187
  vertex 501.635 -79.0169 783.645
 endloop
endfacet
facet normal 0.282763 -0.955323 -0.0860386
 outer loop
  vertex 501.833 -79.0506 785.103
  vertex 501.635 -79.0169 783.645
  vertex 501.922 -79.0169 785.067
 endloop
endfacet
facet normal 0.122304 -0.989125 -0.0816894
 outer loop
  vertex 502.725 -79.0169 786.275
  vertex 501.922 -79.0169 785.067
  vertex 502.871 -79 786.129
 endloop
endfacet
facet normal 0.0286889 -0.997184 -0.0692868
 outer loop
  vertex 503.933 -79.0169 787.078
  vertex 502.871 -79 786.129
  vertex 504.013 -79 786.886
 endloop
endfacet
facet normal 0.0286889 -0.997184 -0.0692868
 outer loop
  vertex 505.355 -79 787.158
  vertex 503.933 -79.0169 787.078
  vertex 504.013 -79 786.886
 endloop
endfacet
facet normal 0.0287311 -0.989124 -0.144253
 outer loop
  vertex 505.355 -79 787.158
  vertex 505.355 -79.0169 787.365
  vertex 503.933 -79.0169 787.078
 endloop
endfacet
facet normal -0.605003 -0.102718 -0.789569
 outer loop
  vertex 508.193 -79.4869 786.482
  vertex 506.891 -79.4869 787.352
  vertex 508.177 -79.2801 786.466
 endloop
endfacet
facet normal -0.490036 -0.178484 -0.853234
 outer loop
  vertex 508.177 -79.2801 786.466
  vertex 506.891 -79.4869 787.352
  vertex 506.88 -79.2801 787.328
 endloop
endfacet
facet normal -0.453577 -0.403294 -0.794747
 outer loop
  vertex 508.151 -79.1845 786.441
  vertex 506.88 -79.2801 787.328
  vertex 506.866 -79.1845 787.294
 endloop
endfacet
facet normal -0.373718 -0.646542 -0.66507
 outer loop
  vertex 508.11 -79.1064 786.4
  vertex 506.866 -79.1845 787.294
  vertex 506.844 -79.1064 787.241
 endloop
endfacet
facet normal -0.25465 -0.848312 -0.46424
 outer loop
  vertex 508.054 -79.0506 786.344
  vertex 506.844 -79.1064 787.241
  vertex 506.814 -79.0506 787.168
 endloop
endfacet
facet normal -0.139054 -0.955337 -0.260758
 outer loop
  vertex 507.986 -79.0169 786.275
  vertex 506.814 -79.0506 787.168
  vertex 506.777 -79.0169 787.078
 endloop
endfacet
facet normal -0.0816828 -0.989127 -0.122295
 outer loop
  vertex 507.839 -79 786.129
  vertex 507.986 -79.0169 786.275
  vertex 506.777 -79.0169 787.078
 endloop
endfacet
facet normal -0.364863 -0.789755 -0.493115
 outer loop
  vertex 508.054 -79.0506 786.344
  vertex 508.11 -79.1064 786.4
  vertex 506.844 -79.1064 787.241
 endloop
endfacet
facet normal -0.496666 -0.563851 -0.659845
 outer loop
  vertex 508.11 -79.1064 786.4
  vertex 508.151 -79.1845 786.441
  vertex 506.866 -79.1845 787.294
 endloop
endfacet
facet normal -0.572375 -0.329141 -0.751035
 outer loop
  vertex 508.151 -79.1845 786.441
  vertex 508.177 -79.2801 786.466
  vertex 506.88 -79.2801 787.328
 endloop
endfacet
facet normal -0.256619 -0.102634 -0.961048
 outer loop
  vertex 506.891 -79.4869 787.352
  vertex 505.355 -79.4869 787.657
  vertex 506.88 -79.2801 787.328
 endloop
endfacet
facet normal -0.126014 -0.178495 -0.975838
 outer loop
  vertex 506.88 -79.2801 787.328
  vertex 505.355 -79.4869 787.657
  vertex 505.355 -79.2801 787.635
 endloop
endfacet
facet normal 0.12649 -0.329111 -0.935781
 outer loop
  vertex 505.355 -79.1845 787.599
  vertex 505.355 -79.2801 787.635
  vertex 503.83 -79.2801 787.327
 endloop
endfacet
facet normal 0.4536 -0.403261 -0.79475
 outer loop
  vertex 503.844 -79.1845 787.294
  vertex 503.83 -79.2801 787.327
  vertex 502.559 -79.1845 786.441
 endloop
endfacet
facet normal 0.659852 -0.563831 -0.496679
 outer loop
  vertex 502.6 -79.1064 786.4
  vertex 502.559 -79.1845 786.441
  vertex 501.706 -79.1845 785.156
 endloop
endfacet
facet normal 0.734599 -0.646483 -0.205972
 outer loop
  vertex 501.76 -79.1064 785.134
  vertex 501.706 -79.1845 785.156
  vertex 501.459 -79.1064 783.645
 endloop
endfacet
facet normal 0.665092 -0.646504 -0.373745
 outer loop
  vertex 501.76 -79.1064 785.134
  vertex 502.6 -79.1064 786.4
  vertex 501.706 -79.1845 785.156
 endloop
endfacet
facet normal 0.493131 -0.789738 -0.364878
 outer loop
  vertex 501.76 -79.1064 785.134
  vertex 502.656 -79.0506 786.344
  vertex 502.6 -79.1064 786.4
 endloop
endfacet
facet normal 0.364878 -0.789738 -0.493131
 outer loop
  vertex 502.6 -79.1064 786.4
  vertex 502.656 -79.0506 786.344
  vertex 503.866 -79.1064 787.24
 endloop
endfacet
facet normal 0.205972 -0.646483 -0.734599
 outer loop
  vertex 503.844 -79.1845 787.294
  vertex 503.866 -79.1064 787.24
  vertex 505.355 -79.1064 787.541
 endloop
endfacet
facet normal -0.115078 -0.563853 -0.817818
 outer loop
  vertex 505.355 -79.1845 787.599
  vertex 505.355 -79.1064 787.541
  vertex 506.866 -79.1845 787.294
 endloop
endfacet
facet normal -0.240934 -0.403296 -0.882781
 outer loop
  vertex 506.88 -79.2801 787.328
  vertex 505.355 -79.1845 787.599
  vertex 506.866 -79.1845 787.294
 endloop
endfacet
facet normal -0.125978 -0.329143 -0.935839
 outer loop
  vertex 506.88 -79.2801 787.328
  vertex 505.355 -79.2801 787.635
  vertex 505.355 -79.1845 787.599
 endloop
endfacet
facet normal 0.126557 -0.17847 -0.975772
 outer loop
  vertex 505.355 -79.2801 787.635
  vertex 505.355 -79.4869 787.657
  vertex 503.83 -79.2801 787.327
 endloop
endfacet
facet normal 0.256897 -0.102613 -0.960976
 outer loop
  vertex 503.83 -79.2801 787.327
  vertex 505.355 -79.4869 787.657
  vertex 503.82 -79.4869 787.352
 endloop
endfacet
facet normal 0.497822 -0.102619 -0.861187
 outer loop
  vertex 502.518 -79.4869 786.482
  vertex 503.83 -79.2801 787.327
  vertex 503.82 -79.4869 787.352
 endloop
endfacet
facet normal 0.600631 -0.17848 -0.779351
 outer loop
  vertex 502.518 -79.4869 786.482
  vertex 502.534 -79.2801 786.466
  vertex 503.83 -79.2801 787.327
 endloop
endfacet
facet normal 0.779351 -0.17848 -0.600631
 outer loop
  vertex 502.518 -79.4869 786.482
  vertex 501.673 -79.2801 785.17
  vertex 502.534 -79.2801 786.466
 endloop
endfacet
facet normal 0.861187 -0.102619 -0.497822
 outer loop
  vertex 502.518 -79.4869 786.482
  vertex 501.648 -79.4869 785.18
  vertex 501.673 -79.2801 785.17
 endloop
endfacet
facet normal 0.960976 -0.102613 -0.256897
 outer loop
  vertex 501.673 -79.2801 785.17
  vertex 501.648 -79.4869 785.18
  vertex 501.343 -79.4869 783.645
 endloop
endfacet
facet normal 0.975838 -0.178495 0.126014
 outer loop
  vertex 501.365 -79.2801 783.645
  vertex 501.343 -79.4869 783.645
  vertex 501.672 -79.2801 782.12
 endloop
endfacet
facet normal 0.882781 -0.403296 0.240934
 outer loop
  vertex 501.401 -79.1845 783.645
  vertex 501.672 -79.2801 782.12
  vertex 501.706 -79.1845 782.134
 endloop
endfacet
facet normal 0.817818 -0.563853 0.115078
 outer loop
  vertex 501.459 -79.1064 783.645
  vertex 501.401 -79.1845 783.645
  vertex 501.706 -79.1845 782.134
 endloop
endfacet
facet normal 0.817787 -0.563808 -0.11552
 outer loop
  vertex 501.459 -79.1064 783.645
  vertex 501.706 -79.1845 785.156
  vertex 501.401 -79.1845 783.645
 endloop
endfacet
facet normal 0.882737 -0.403242 -0.241187
 outer loop
  vertex 501.401 -79.1845 783.645
  vertex 501.706 -79.1845 785.156
  vertex 501.673 -79.2801 785.17
 endloop
endfacet
facet normal 0.975772 -0.17847 -0.126557
 outer loop
  vertex 501.365 -79.2801 783.645
  vertex 501.673 -79.2801 785.17
  vertex 501.343 -79.4869 783.645
 endloop
endfacet
facet normal 0.935781 -0.329111 -0.12649
 outer loop
  vertex 501.365 -79.2801 783.645
  vertex 501.401 -79.1845 783.645
  vertex 501.673 -79.2801 785.17
 endloop
endfacet
facet normal 0.935839 -0.329143 0.125978
 outer loop
  vertex 501.365 -79.2801 783.645
  vertex 501.672 -79.2801 782.12
  vertex 501.401 -79.1845 783.645
 endloop
endfacet
facet normal 0.961048 -0.102634 0.256619
 outer loop
  vertex 501.343 -79.4869 783.645
  vertex 501.648 -79.4869 782.109
  vertex 501.672 -79.2801 782.12
 endloop
endfacet
facet normal 0.853234 -0.178484 0.490036
 outer loop
  vertex 501.672 -79.2801 782.12
  vertex 501.648 -79.4869 782.109
  vertex 502.534 -79.2801 780.823
 endloop
endfacet
facet normal 0.751035 -0.329141 0.572375
 outer loop
  vertex 502.559 -79.1845 780.849
  vertex 501.672 -79.2801 782.12
  vertex 502.534 -79.2801 780.823
 endloop
endfacet
facet normal 0.794747 -0.403294 0.453577
 outer loop
  vertex 502.559 -79.1845 780.849
  vertex 501.706 -79.1845 782.134
  vertex 501.672 -79.2801 782.12
 endloop
endfacet
facet normal 0.789569 -0.102718 0.605003
 outer loop
  vertex 501.648 -79.4869 782.109
  vertex 502.518 -79.4869 780.807
  vertex 502.534 -79.2801 780.823
 endloop
endfacet
facet normal 0.297479 -0.929894 0.216341
 outer loop
  vertex 502.656 -79.0506 780.946
  vertex 502.725 -79.0169 781.014
  vertex 501.832 -79.0506 782.187
 endloop
endfacet
facet normal 0.260758 -0.955337 0.139054
 outer loop
  vertex 501.832 -79.0506 782.187
  vertex 502.725 -79.0169 781.014
  vertex 501.922 -79.0169 782.223
 endloop
endfacet
facet normal 0.144243 -0.989127 0.0286641
 outer loop
  vertex 501.635 -79.0169 783.645
  vertex 501.922 -79.0169 782.223
  vertex 501.842 -79 783.645
 endloop
endfacet
facet normal 0.0692868 -0.997184 -0.0286889
 outer loop
  vertex 501.922 -79.0169 785.067
  vertex 501.842 -79 783.645
  vertex 502.114 -79 784.987
 endloop
endfacet
facet normal 0.0692868 -0.997184 -0.0286889
 outer loop
  vertex 502.871 -79 786.129
  vertex 501.922 -79.0169 785.067
  vertex 502.114 -79 784.987
 endloop
endfacet
facet normal 0.122295 -0.989127 0.0816828
 outer loop
  vertex 502.725 -79.0169 781.014
  vertex 502.871 -79 781.161
  vertex 501.922 -79.0169 782.223
 endloop
endfacet
facet normal 0.0692772 -0.997185 0.0286823
 outer loop
  vertex 501.922 -79.0169 782.223
  vertex 502.871 -79 781.161
  vertex 502.113 -79 782.303
 endloop
endfacet
facet normal 0.0692772 -0.997185 0.0286823
 outer loop
  vertex 501.842 -79 783.645
  vertex 501.922 -79.0169 782.223
  vertex 502.113 -79 782.303
 endloop
endfacet
facet normal -0.0286823 -0.997185 -0.0692771
 outer loop
  vertex 505.355 -79 787.158
  vertex 506.697 -79 786.887
  vertex 506.777 -79.0169 787.078
 endloop
endfacet
facet normal 0.496679 -0.563831 -0.659852
 outer loop
  vertex 502.559 -79.1845 786.441
  vertex 502.6 -79.1064 786.4
  vertex 503.844 -79.1845 787.294
 endloop
endfacet
facet normal 0.373745 -0.646504 -0.665092
 outer loop
  vertex 503.844 -79.1845 787.294
  vertex 502.6 -79.1064 786.4
  vertex 503.866 -79.1064 787.24
 endloop
endfacet
facet normal 0.139073 -0.955327 -0.260784
 outer loop
  vertex 503.897 -79.0506 787.167
  vertex 502.725 -79.0169 786.275
  vertex 503.933 -79.0169 787.078
 endloop
endfacet
facet normal 0.0816894 -0.989125 -0.122304
 outer loop
  vertex 503.933 -79.0169 787.078
  vertex 502.725 -79.0169 786.275
  vertex 502.871 -79 786.129
 endloop
endfacet
facet normal 0.260784 -0.955327 -0.139073
 outer loop
  vertex 501.922 -79.0169 785.067
  vertex 502.725 -79.0169 786.275
  vertex 501.833 -79.0506 785.103
 endloop
endfacet
facet normal 0.297495 -0.929886 -0.216353
 outer loop
  vertex 501.833 -79.0506 785.103
  vertex 502.725 -79.0169 786.275
  vertex 502.656 -79.0506 786.344
 endloop
endfacet
facet normal -0.08596 -0.955338 -0.282738
 outer loop
  vertex 506.777 -79.0169 787.078
  vertex 506.814 -79.0506 787.168
  vertex 505.355 -79.0169 787.365
 endloop
endfacet
facet normal -0.0572374 -0.929895 -0.363344
 outer loop
  vertex 505.355 -79.0169 787.365
  vertex 506.814 -79.0506 787.168
  vertex 505.355 -79.0506 787.461
 endloop
endfacet
facet normal 0.148171 -0.848274 -0.508406
 outer loop
  vertex 503.897 -79.0506 787.167
  vertex 505.355 -79.0506 787.461
  vertex 503.866 -79.1064 787.24
 endloop
endfacet
facet normal 0.254677 -0.848287 -0.464273
 outer loop
  vertex 502.656 -79.0506 786.344
  vertex 503.897 -79.0506 787.167
  vertex 503.866 -79.1064 787.24
 endloop
endfacet
facet normal 0.090785 -0.78972 -0.606713
 outer loop
  vertex 503.866 -79.1064 787.24
  vertex 505.355 -79.0506 787.461
  vertex 505.355 -79.1064 787.541
 endloop
endfacet
facet normal -0.0904601 -0.789757 -0.606713
 outer loop
  vertex 505.355 -79.1064 787.541
  vertex 505.355 -79.0506 787.461
  vertex 506.844 -79.1064 787.241
 endloop
endfacet
facet normal -0.20576 -0.646545 -0.734604
 outer loop
  vertex 506.866 -79.1845 787.294
  vertex 505.355 -79.1064 787.541
  vertex 506.844 -79.1064 787.241
 endloop
endfacet
facet normal 0.05743 -0.929878 -0.363357
 outer loop
  vertex 505.355 -79.0169 787.365
  vertex 505.355 -79.0506 787.461
  vertex 503.897 -79.0506 787.167
 endloop
endfacet
facet normal -0.148025 -0.848314 -0.508382
 outer loop
  vertex 505.355 -79.0506 787.461
  vertex 506.814 -79.0506 787.168
  vertex 506.844 -79.1064 787.241
 endloop
endfacet
facet normal -0.216341 -0.929894 -0.297479
 outer loop
  vertex 508.054 -79.0506 786.344
  vertex 506.814 -79.0506 787.168
  vertex 507.986 -79.0169 786.275
 endloop
endfacet
facet normal 0.241187 -0.403242 -0.882737
 outer loop
  vertex 503.83 -79.2801 787.327
  vertex 503.844 -79.1845 787.294
  vertex 505.355 -79.1845 787.599
 endloop
endfacet
facet normal 0.11552 -0.563808 -0.817787
 outer loop
  vertex 505.355 -79.1845 787.599
  vertex 503.844 -79.1845 787.294
  vertex 505.355 -79.1064 787.541
 endloop
endfacet
facet normal 0.572385 -0.329128 -0.751033
 outer loop
  vertex 503.83 -79.2801 787.327
  vertex 502.534 -79.2801 786.466
  vertex 502.559 -79.1845 786.441
 endloop
endfacet
facet normal 0.751033 -0.329128 -0.572385
 outer loop
  vertex 502.559 -79.1845 786.441
  vertex 502.534 -79.2801 786.466
  vertex 501.673 -79.2801 785.17
 endloop
endfacet
facet normal 0.79475 -0.403261 -0.4536
 outer loop
  vertex 501.706 -79.1845 785.156
  vertex 502.559 -79.1845 786.441
  vertex 501.673 -79.2801 785.17
 endloop
endfacet
facet normal 0.144253 -0.989124 -0.0287311
 outer loop
  vertex 501.635 -79.0169 783.645
  vertex 501.842 -79 783.645
  vertex 501.922 -79.0169 785.067
 endloop
endfacet
facet normal 0.508382 -0.848314 0.148025
 outer loop
  vertex 501.832 -79.0506 782.187
  vertex 501.539 -79.0506 783.645
  vertex 501.759 -79.1064 782.156
 endloop
endfacet
facet normal 0.606713 -0.789757 0.0904601
 outer loop
  vertex 501.759 -79.1064 782.156
  vertex 501.539 -79.0506 783.645
  vertex 501.459 -79.1064 783.645
 endloop
endfacet
facet normal 0.508406 -0.848274 -0.148171
 outer loop
  vertex 501.76 -79.1064 785.134
  vertex 501.539 -79.0506 783.645
  vertex 501.833 -79.0506 785.103
 endloop
endfacet
facet normal 0.363357 -0.929878 -0.05743
 outer loop
  vertex 501.833 -79.0506 785.103
  vertex 501.539 -79.0506 783.645
  vertex 501.635 -79.0169 783.645
 endloop
endfacet
facet normal 0.282738 -0.955338 0.08596
 outer loop
  vertex 501.922 -79.0169 782.223
  vertex 501.635 -79.0169 783.645
  vertex 501.832 -79.0506 782.187
 endloop
endfacet
facet normal 0.0529655 -0.997191 0.0529655
 outer loop
  vertex 502.871 -79 781.161
  vertex 502.725 -79.0169 781.014
  vertex 504.123 -79 779.909
 endloop
endfacet
facet normal 0.105948 -0.988711 0.105948
 outer loop
  vertex 504.123 -79 779.909
  vertex 502.725 -79.0169 781.014
  vertex 503.98 -79.0169 779.758
 endloop
endfacet
facet normal 0.211616 -0.954169 0.211616
 outer loop
  vertex 503.98 -79.0169 779.758
  vertex 502.725 -79.0169 781.014
  vertex 502.656 -79.0506 780.946
 endloop
endfacet
facet normal 0.378446 -0.844723 0.378446
 outer loop
  vertex 503.914 -79.0506 779.689
  vertex 502.656 -79.0506 780.946
  vertex 502.6 -79.1064 780.89
 endloop
endfacet
facet normal 0.54297 -0.640599 0.54297
 outer loop
  vertex 503.858 -79.1064 779.632
  vertex 502.6 -79.1064 780.89
  vertex 503.816 -79.1846 779.592
 endloop
endfacet
facet normal 0.438604 -0.784381 0.438604
 outer loop
  vertex 503.858 -79.1064 779.632
  vertex 503.914 -79.0506 779.689
  vertex 502.6 -79.1064 780.89
 endloop
endfacet
facet normal 0.587199 -0.557131 0.587199
 outer loop
  vertex 502.6 -79.1064 780.89
  vertex 502.559 -79.1845 780.849
  vertex 503.816 -79.1846 779.592
 endloop
endfacet
facet normal 0.648737 -0.397844 0.648737
 outer loop
  vertex 503.816 -79.1846 779.592
  vertex 502.559 -79.1845 780.849
  vertex 503.789 -79.2801 779.567
 endloop
endfacet
facet normal 0.668929 -0.324141 0.668929
 outer loop
  vertex 503.789 -79.2801 779.567
  vertex 502.559 -79.1845 780.849
  vertex 502.534 -79.2801 780.823
 endloop
endfacet
facet normal 0.703492 -0.100982 0.703492
 outer loop
  vertex 503.769 -79.4869 779.556
  vertex 502.534 -79.2801 780.823
  vertex 502.518 -79.4869 780.807
 endloop
endfacet
facet normal 0.696112 -0.17566 0.696112
 outer loop
  vertex 503.769 -79.4869 779.556
  vertex 503.789 -79.2801 779.567
  vertex 502.534 -79.2801 780.823
 endloop
endfacet
facet normal 0.264243 -0.927551 0.264243
 outer loop
  vertex 503.914 -79.0506 779.689
  vertex 503.98 -79.0169 779.758
  vertex 502.656 -79.0506 780.946
 endloop
endfacet
facet normal -0.0529655 -0.997191 -0.0529655
 outer loop
  vertex 507.839 -79 786.129
  vertex 509.091 -79 784.877
  vertex 507.986 -79.0169 786.275
 endloop
endfacet
facet normal -0.105946 -0.988712 -0.105946
 outer loop
  vertex 507.986 -79.0169 786.275
  vertex 509.091 -79 784.877
  vertex 509.241 -79.0169 785.02
 endloop
endfacet
facet normal -0.26424 -0.927553 -0.26424
 outer loop
  vertex 508.054 -79.0506 786.344
  vertex 509.241 -79.0169 785.02
  vertex 509.311 -79.0506 785.087
 endloop
endfacet
facet normal -0.438603 -0.784382 -0.438603
 outer loop
  vertex 508.11 -79.1064 786.4
  vertex 509.311 -79.0506 785.087
  vertex 509.368 -79.1064 785.143
 endloop
endfacet
facet normal -0.542971 -0.640597 -0.542971
 outer loop
  vertex 509.408 -79.1846 785.184
  vertex 508.11 -79.1064 786.4
  vertex 509.368 -79.1064 785.143
 endloop
endfacet
facet normal -0.5872 -0.557129 -0.5872
 outer loop
  vertex 509.408 -79.1846 785.184
  vertex 508.151 -79.1845 786.441
  vertex 508.11 -79.1064 786.4
 endloop
endfacet
facet normal -0.648739 -0.397839 -0.648739
 outer loop
  vertex 509.408 -79.1846 785.184
  vertex 509.432 -79.2801 785.211
  vertex 508.151 -79.1845 786.441
 endloop
endfacet
facet normal -0.66893 -0.324138 -0.66893
 outer loop
  vertex 508.151 -79.1845 786.441
  vertex 509.432 -79.2801 785.211
  vertex 508.177 -79.2801 786.466
 endloop
endfacet
facet normal -0.696112 -0.175657 -0.696112
 outer loop
  vertex 508.177 -79.2801 786.466
  vertex 509.432 -79.2801 785.211
  vertex 509.444 -79.4869 785.231
 endloop
endfacet
facet normal -0.703492 -0.100982 -0.703492
 outer loop
  vertex 508.193 -79.4869 786.482
  vertex 508.177 -79.2801 786.466
  vertex 509.444 -79.4869 785.231
 endloop
endfacet
facet normal -0.378445 -0.844724 -0.378445
 outer loop
  vertex 508.11 -79.1064 786.4
  vertex 508.054 -79.0506 786.344
  vertex 509.311 -79.0506 785.087
 endloop
endfacet
facet normal -0.211614 -0.954169 -0.211614
 outer loop
  vertex 508.054 -79.0506 786.344
  vertex 507.986 -79.0169 786.275
  vertex 509.241 -79.0169 785.02
 endloop
endfacet
facet normal 0.00703929 -0.990203 0.139457
 outer loop
  vertex 470 -89.6984 863.736
  vertex 470 -92.2929 843.86
  vertex 475.607 -89.6984 863.383
 endloop
endfacet
facet normal 0.0191739 -0.99322 0.114654
 outer loop
  vertex 475.607 -89.6984 863.383
  vertex 470 -92.2929 843.86
  vertex 479.513 -92.2929 841.968
 endloop
endfacet
facet normal 0.0527551 -0.990165 0.12958
 outer loop
  vertex 486.468 -89.6984 860.594
  vertex 479.513 -92.2929 841.968
  vertex 487.12 -89.6984 860.33
 endloop
endfacet
facet normal 0.039095 -0.99031 0.133258
 outer loop
  vertex 486.468 -89.6984 860.594
  vertex 475.607 -89.6984 863.383
  vertex 479.513 -92.2929 841.968
 endloop
endfacet
facet normal 0.0121349 -0.99766 0.0672846
 outer loop
  vertex 470 -92.2929 843.86
  vertex 470 -93.4555 823.709
  vertex 479.513 -92.2929 841.968
 endloop
endfacet
facet normal 0.0145365 -0.999038 0.0413723
 outer loop
  vertex 479.513 -92.2929 841.968
  vertex 470 -93.4555 823.709
  vertex 471.979 -93.4555 823.274
 endloop
endfacet
facet normal 0.0292625 -0.999038 0.0326601
 outer loop
  vertex 487.579 -92.2929 836.579
  vertex 471.979 -93.4555 823.274
  vertex 473.33 -93.4555 822.33
 endloop
endfacet
facet normal 0.0326601 -0.999038 0.0292625
 outer loop
  vertex 474.279 -93.4555 820.967
  vertex 487.579 -92.2929 836.579
  vertex 473.33 -93.4555 822.33
 endloop
endfacet
facet normal 0.0575191 -0.99766 0.0369598
 outer loop
  vertex 474.279 -93.4555 820.967
  vertex 492.968 -92.2929 828.513
  vertex 487.579 -92.2929 836.579
 endloop
endfacet
facet normal 0.0413723 -0.999038 0.0145365
 outer loop
  vertex 474.279 -93.4555 820.967
  vertex 474.709 -93.4555 819
  vertex 492.968 -92.2929 828.513
 endloop
endfacet
facet normal 0.0672846 -0.99766 0.0121349
 outer loop
  vertex 492.968 -92.2929 828.513
  vertex 474.709 -93.4555 819
  vertex 494.86 -92.2929 819
 endloop
endfacet
facet normal 0.138965 -0.990245 0.0101389
 outer loop
  vertex 513.943 -89.6984 827.383
  vertex 494.86 -92.2929 819
  vertex 514.736 -89.6984 819
 endloop
endfacet
facet normal 0.114154 -0.993213 0.0222733
 outer loop
  vertex 513.943 -89.6984 827.383
  vertex 492.968 -92.2929 828.513
  vertex 494.86 -92.2929 819
 endloop
endfacet
facet normal 0.132434 -0.99026 0.0429791
 outer loop
  vertex 513.943 -89.6984 827.383
  vertex 511.33 -89.6984 836.12
  vertex 492.968 -92.2929 828.513
 endloop
endfacet
facet normal 0.128231 -0.990169 0.0558738
 outer loop
  vertex 492.968 -92.2929 828.513
  vertex 511.33 -89.6984 836.12
  vertex 510.478 -89.6984 838.047
 endloop
endfacet
facet normal 0.119954 -0.990332 0.0696675
 outer loop
  vertex 504.469 -89.6984 847.516
  vertex 492.968 -92.2929 828.513
  vertex 510.478 -89.6984 838.047
 endloop
endfacet
facet normal 0.0934101 -0.993231 0.0690472
 outer loop
  vertex 504.469 -89.6984 847.516
  vertex 487.579 -92.2929 836.579
  vertex 492.968 -92.2929 828.513
 endloop
endfacet
facet normal 0.102366 -0.990184 0.0951637
 outer loop
  vertex 504.469 -89.6984 847.516
  vertex 501.633 -89.6984 850.633
  vertex 487.579 -92.2929 836.579
 endloop
endfacet
facet normal 0.0933448 -0.990207 0.10381
 outer loop
  vertex 487.579 -92.2929 836.579
  vertex 501.633 -89.6984 850.633
  vertex 496.295 -89.6984 855.192
 endloop
endfacet
facet normal 0.0655127 -0.990313 0.122424
 outer loop
  vertex 479.513 -92.2929 841.968
  vertex 496.295 -89.6984 855.192
  vertex 487.12 -89.6984 860.33
 endloop
endfacet
facet normal 0.0672251 -0.993219 0.094851
 outer loop
  vertex 479.513 -92.2929 841.968
  vertex 487.579 -92.2929 836.579
  vertex 496.295 -89.6984 855.192
 endloop
endfacet
facet normal 0.0369598 -0.99766 0.0575191
 outer loop
  vertex 479.513 -92.2929 841.968
  vertex 471.979 -93.4555 823.274
  vertex 487.579 -92.2929 836.579
 endloop
endfacet
facet normal 0.0672846 -0.99766 -0.0121349
 outer loop
  vertex 494.86 -92.2929 819
  vertex 474.709 -93.4555 819
  vertex 492.968 -92.2929 809.487
 endloop
endfacet
facet normal 0.130734 -0.990178 -0.0495566
 outer loop
  vertex 512.546 -89.6984 805.176
  vertex 492.968 -92.2929 809.487
  vertex 511.33 -89.6984 801.88
 endloop
endfacet
facet normal 0.112467 -0.993236 -0.0288558
 outer loop
  vertex 512.546 -89.6984 805.176
  vertex 494.86 -92.2929 819
  vertex 492.968 -92.2929 809.487
 endloop
endfacet
facet normal 0.137046 -0.990325 -0.0218081
 outer loop
  vertex 512.546 -89.6984 805.176
  vertex 514.647 -89.6984 816.191
  vertex 494.86 -92.2929 819
 endloop
endfacet
facet normal 0.139675 -0.990184 -0.00508569
 outer loop
  vertex 494.86 -92.2929 819
  vertex 514.647 -89.6984 816.191
  vertex 514.736 -89.6984 819
 endloop
endfacet
facet normal 0.0326601 -0.999038 -0.0292625
 outer loop
  vertex 473.33 -93.4555 815.67
  vertex 487.579 -92.2929 801.421
  vertex 474.279 -93.4555 817.033
 endloop
endfacet
facet normal 0.0292625 -0.999038 -0.0326601
 outer loop
  vertex 473.33 -93.4555 815.67
  vertex 471.979 -93.4555 814.726
  vertex 487.579 -92.2929 801.421
 endloop
endfacet
facet normal 0.0369598 -0.99766 -0.0575191
 outer loop
  vertex 487.579 -92.2929 801.421
  vertex 471.979 -93.4555 814.726
  vertex 479.513 -92.2929 796.032
 endloop
endfacet
facet normal 0.0580525 -0.990183 -0.127148
 outer loop
  vertex 491.552 -89.6984 779.798
  vertex 479.513 -92.2929 796.032
  vertex 487.12 -89.6984 777.67
 endloop
endfacet
facet normal 0.0597732 -0.993231 -0.0995924
 outer loop
  vertex 491.552 -89.6984 779.798
  vertex 487.579 -92.2929 801.421
  vertex 479.513 -92.2929 796.032
 endloop
endfacet
facet normal 0.0846847 -0.990345 -0.109747
 outer loop
  vertex 491.552 -89.6984 779.798
  vertex 500.624 -89.6984 786.389
  vertex 487.579 -92.2929 801.421
 endloop
endfacet
facet normal 0.0977126 -0.990166 -0.100115
 outer loop
  vertex 487.579 -92.2929 801.421
  vertex 500.624 -89.6984 786.389
  vertex 501.633 -89.6984 787.367
 endloop
endfacet
facet normal 0.105541 -0.990249 -0.0909335
 outer loop
  vertex 507.772 -89.6984 795.029
  vertex 487.579 -92.2929 801.421
  vertex 501.633 -89.6984 787.367
 endloop
endfacet
facet normal 0.0965776 -0.993213 -0.0648094
 outer loop
  vertex 507.772 -89.6984 795.029
  vertex 492.968 -92.2929 809.487
  vertex 487.579 -92.2929 801.421
 endloop
endfacet
facet normal 0.124144 -0.990256 -0.0630938
 outer loop
  vertex 507.772 -89.6984 795.029
  vertex 511.33 -89.6984 801.88
  vertex 492.968 -92.2929 809.487
 endloop
endfacet
facet normal 0.0145365 -0.999038 -0.0413723
 outer loop
  vertex 471.979 -93.4555 814.726
  vertex 470 -93.4555 814.291
  vertex 479.513 -92.2929 796.032
 endloop
endfacet
facet normal 0.0121349 -0.99766 -0.0672846
 outer loop
  vertex 479.513 -92.2929 796.032
  vertex 470 -93.4555 814.291
  vertex 470 -92.2929 794.14
 endloop
endfacet
facet normal 0.0134581 -0.990308 -0.138232
 outer loop
  vertex 481.125 -89.6984 775.67
  vertex 470 -92.2929 794.14
  vertex 470 -89.6984 774.264
 endloop
endfacet
facet normal 0.025592 -0.993218 -0.113413
 outer loop
  vertex 481.125 -89.6984 775.67
  vertex 479.513 -92.2929 796.032
  vertex 470 -92.2929 794.14
 endloop
endfacet
facet normal 0.0462952 -0.99021 -0.131686
 outer loop
  vertex 481.125 -89.6984 775.67
  vertex 487.12 -89.6984 777.67
  vertex 479.513 -92.2929 796.032
 endloop
endfacet
facet normal 0.0413723 -0.999038 -0.0145365
 outer loop
  vertex 474.709 -93.4555 819
  vertex 474.279 -93.4555 817.033
  vertex 492.968 -92.2929 809.487
 endloop
endfacet
facet normal 0.0575191 -0.99766 -0.0369598
 outer loop
  vertex 492.968 -92.2929 809.487
  vertex 474.279 -93.4555 817.033
  vertex 487.579 -92.2929 801.421
 endloop
endfacet
facet normal 0.792611 -0.026631 0.609146
 outer loop
  vertex 502.518 -79.4869 780.807
  vertex 501.648 -79.4869 782.109
  vertex 502.386 -86.5955 780.676
 endloop
endfacet
facet normal 0.861856 -0.0266035 0.506454
 outer loop
  vertex 502.386 -86.5955 780.676
  vertex 501.648 -79.4869 782.109
  vertex 501.483 -88.045 781.926
 endloop
endfacet
facet normal 0.963166 -0.0266623 0.267583
 outer loop
  vertex 501.483 -88.045 781.926
  vertex 501.648 -79.4869 782.109
  vertex 501.343 -79.4869 783.645
 endloop
endfacet
facet normal 0.994395 -0.0264564 -0.102364
 outer loop
  vertex 501.094 -88.9724 783.645
  vertex 501.343 -79.4869 783.645
  vertex 501.287 -89.3129 784.943
 endloop
endfacet
facet normal 0.990093 -0.0266917 0.137853
 outer loop
  vertex 501.094 -88.9724 783.645
  vertex 501.483 -88.045 781.926
  vertex 501.343 -79.4869 783.645
 endloop
endfacet
facet normal 0.972331 -0.0265539 -0.232095
 outer loop
  vertex 501.343 -79.4869 783.645
  vertex 501.648 -79.4869 785.18
  vertex 501.287 -89.3129 784.943
 endloop
endfacet
facet normal 0.903334 -0.0264154 -0.428123
 outer loop
  vertex 501.287 -89.3129 784.943
  vertex 501.648 -79.4869 785.18
  vertex 501.894 -89.461 786.152
 endloop
endfacet
facet normal 0.824026 -0.0265206 -0.565931
 outer loop
  vertex 501.894 -89.461 786.152
  vertex 501.648 -79.4869 785.18
  vertex 502.518 -79.4869 786.482
 endloop
endfacet
facet normal 0.56221 -0.0265182 -0.826569
 outer loop
  vertex 502.895 -89.4581 787.139
  vertex 502.518 -79.4869 786.482
  vertex 503.82 -79.4869 787.352
 endloop
endfacet
facet normal 0.22877 -0.0265475 -0.973118
 outer loop
  vertex 504.099 -89.3052 787.725
  vertex 503.82 -79.4869 787.352
  vertex 505.355 -79.4869 787.657
 endloop
endfacet
facet normal -0.102253 -0.0264246 -0.994407
 outer loop
  vertex 505.405 -88.9544 787.905
  vertex 505.355 -79.4869 787.657
  vertex 506.596 -88.3814 787.705
 endloop
endfacet
facet normal 0.0951288 -0.026449 -0.995114
 outer loop
  vertex 505.405 -88.9544 787.905
  vertex 504.099 -89.3052 787.725
  vertex 505.355 -79.4869 787.657
 endloop
endfacet
facet normal -0.228075 -0.0265462 -0.973282
 outer loop
  vertex 505.355 -79.4869 787.657
  vertex 506.891 -79.4869 787.352
  vertex 506.596 -88.3814 787.705
 endloop
endfacet
facet normal -0.470987 -0.0267717 -0.881734
 outer loop
  vertex 506.596 -88.3814 787.705
  vertex 506.891 -79.4869 787.352
  vertex 508.324 -86.5955 786.614
 endloop
endfacet
facet normal -0.609146 -0.026631 -0.792611
 outer loop
  vertex 508.324 -86.5955 786.614
  vertex 506.891 -79.4869 787.352
  vertex 508.193 -79.4869 786.482
 endloop
endfacet
facet normal 0.421069 -0.0264061 -0.906644
 outer loop
  vertex 504.099 -89.3052 787.725
  vertex 502.895 -89.4581 787.139
  vertex 503.82 -79.4869 787.352
 endloop
endfacet
facet normal 0.703721 -0.0264168 -0.709985
 outer loop
  vertex 502.895 -89.4581 787.139
  vertex 501.894 -89.461 786.152
  vertex 502.518 -79.4869 786.482
 endloop
endfacet
facet normal 0.609146 -0.026631 -0.792611
 outer loop
  vertex 431.807 -79.4869 786.482
  vertex 433.109 -79.4869 787.352
  vertex 431.676 -86.5955 786.614
 endloop
endfacet
facet normal 0.506454 -0.0266035 -0.861856
 outer loop
  vertex 431.676 -86.5955 786.614
  vertex 433.109 -79.4869 787.352
  vertex 432.926 -88.045 787.517
 endloop
endfacet
facet normal 0.267583 -0.0266623 -0.963166
 outer loop
  vertex 432.926 -88.045 787.517
  vertex 433.109 -79.4869 787.352
  vertex 434.645 -79.4869 787.657
 endloop
endfacet
facet normal -0.102364 -0.0264564 -0.994395
 outer loop
  vertex 434.645 -88.9724 787.906
  vertex 434.645 -79.4869 787.657
  vertex 435.943 -89.3129 787.713
 endloop
endfacet
facet normal 0.137853 -0.0266917 -0.990093
 outer loop
  vertex 434.645 -88.9724 787.906
  vertex 432.926 -88.045 787.517
  vertex 434.645 -79.4869 787.657
 endloop
endfacet
facet normal -0.232095 -0.0265539 -0.972331
 outer loop
  vertex 434.645 -79.4869 787.657
  vertex 436.18 -79.4869 787.352
  vertex 435.943 -89.3129 787.713
 endloop
endfacet
facet normal -0.428123 -0.0264154 -0.903334
 outer loop
  vertex 435.943 -89.3129 787.713
  vertex 436.18 -79.4869 787.352
  vertex 437.152 -89.461 787.106
 endloop
endfacet
facet normal -0.565931 -0.0265206 -0.824026
 outer loop
  vertex 437.152 -89.461 787.106
  vertex 436.18 -79.4869 787.352
  vertex 437.482 -79.4869 786.482
 endloop
endfacet
facet normal -0.826569 -0.0265182 -0.56221
 outer loop
  vertex 438.139 -89.4581 786.105
  vertex 437.482 -79.4869 786.482
  vertex 438.352 -79.4869 785.18
 endloop
endfacet
facet normal -0.973118 -0.0265475 -0.22877
 outer loop
  vertex 438.725 -89.3052 784.901
  vertex 438.352 -79.4869 785.18
  vertex 438.657 -79.4869 783.645
 endloop
endfacet
facet normal -0.994407 -0.0264246 0.102253
 outer loop
  vertex 438.905 -88.9544 783.595
  vertex 438.657 -79.4869 783.645
  vertex 438.705 -88.3814 782.404
 endloop
endfacet
facet normal -0.995114 -0.026449 -0.0951288
 outer loop
  vertex 438.905 -88.9544 783.595
  vertex 438.725 -89.3052 784.901
  vertex 438.657 -79.4869 783.645
 endloop
endfacet
facet normal -0.973282 -0.0265462 0.228075
 outer loop
  vertex 438.657 -79.4869 783.645
  vertex 438.352 -79.4869 782.109
  vertex 438.705 -88.3814 782.404
 endloop
endfacet
facet normal -0.881734 -0.0267717 0.470987
 outer loop
  vertex 438.705 -88.3814 782.404
  vertex 438.352 -79.4869 782.109
  vertex 437.614 -86.5955 780.676
 endloop
endfacet
facet normal -0.792611 -0.026631 0.609146
 outer loop
  vertex 437.614 -86.5955 780.676
  vertex 438.352 -79.4869 782.109
  vertex 437.482 -79.4869 780.807
 endloop
endfacet
facet normal -0.906644 -0.0264061 -0.421069
 outer loop
  vertex 438.725 -89.3052 784.901
  vertex 438.139 -89.4581 786.105
  vertex 438.352 -79.4869 785.18
 endloop
endfacet
facet normal -0.709985 -0.0264168 -0.703721
 outer loop
  vertex 438.139 -89.4581 786.105
  vertex 437.152 -89.461 787.106
  vertex 437.482 -79.4869 786.482
 endloop
endfacet
facet normal -0.792611 -0.026631 -0.609146
 outer loop
  vertex 437.482 -79.4869 857.193
  vertex 438.352 -79.4869 855.891
  vertex 437.614 -86.5955 857.324
 endloop
endfacet
facet normal -0.861856 -0.0266035 -0.506454
 outer loop
  vertex 437.614 -86.5955 857.324
  vertex 438.352 -79.4869 855.891
  vertex 438.517 -88.045 856.074
 endloop
endfacet
facet normal -0.963166 -0.0266623 -0.267583
 outer loop
  vertex 438.517 -88.045 856.074
  vertex 438.352 -79.4869 855.891
  vertex 438.657 -79.4869 854.355
 endloop
endfacet
facet normal -0.994395 -0.0264564 0.102364
 outer loop
  vertex 438.906 -88.9724 854.355
  vertex 438.657 -79.4869 854.355
  vertex 438.713 -89.3129 853.057
 endloop
endfacet
facet normal -0.990093 -0.0266917 -0.137853
 outer loop
  vertex 438.906 -88.9724 854.355
  vertex 438.517 -88.045 856.074
  vertex 438.657 -79.4869 854.355
 endloop
endfacet
facet normal -0.972331 -0.0265539 0.232095
 outer loop
  vertex 438.657 -79.4869 854.355
  vertex 438.352 -79.4869 852.82
  vertex 438.713 -89.3129 853.057
 endloop
endfacet
facet normal -0.903334 -0.0264154 0.428123
 outer loop
  vertex 438.713 -89.3129 853.057
  vertex 438.352 -79.4869 852.82
  vertex 438.106 -89.461 851.848
 endloop
endfacet
facet normal -0.824026 -0.0265206 0.565931
 outer loop
  vertex 438.106 -89.461 851.848
  vertex 438.352 -79.4869 852.82
  vertex 437.482 -79.4869 851.518
 endloop
endfacet
facet normal -0.56221 -0.0265182 0.826569
 outer loop
  vertex 437.105 -89.4581 850.861
  vertex 437.482 -79.4869 851.518
  vertex 436.18 -79.4869 850.648
 endloop
endfacet
facet normal -0.22877 -0.0265475 0.973118
 outer loop
  vertex 435.901 -89.3052 850.275
  vertex 436.18 -79.4869 850.648
  vertex 434.645 -79.4869 850.343
 endloop
endfacet
facet normal 0.102253 -0.0264246 0.994407
 outer loop
  vertex 434.595 -88.9544 850.095
  vertex 434.645 -79.4869 850.343
  vertex 433.404 -88.3814 850.295
 endloop
endfacet
facet normal -0.0951288 -0.026449 0.995114
 outer loop
  vertex 434.595 -88.9544 850.095
  vertex 435.901 -89.3052 850.275
  vertex 434.645 -79.4869 850.343
 endloop
endfacet
facet normal 0.228075 -0.0265462 0.973282
 outer loop
  vertex 434.645 -79.4869 850.343
  vertex 433.109 -79.4869 850.648
  vertex 433.404 -88.3814 850.295
 endloop
endfacet
facet normal 0.470987 -0.0267717 0.881734
 outer loop
  vertex 433.404 -88.3814 850.295
  vertex 433.109 -79.4869 850.648
  vertex 431.676 -86.5955 851.386
 endloop
endfacet
facet normal 0.609146 -0.026631 0.792611
 outer loop
  vertex 431.676 -86.5955 851.386
  vertex 433.109 -79.4869 850.648
  vertex 431.807 -79.4869 851.518
 endloop
endfacet
facet normal -0.421069 -0.0264061 0.906644
 outer loop
  vertex 435.901 -89.3052 850.275
  vertex 437.105 -89.4581 850.861
  vertex 436.18 -79.4869 850.648
 endloop
endfacet
facet normal -0.703721 -0.0264168 0.709985
 outer loop
  vertex 437.105 -89.4581 850.861
  vertex 438.106 -89.461 851.848
  vertex 437.482 -79.4869 851.518
 endloop
endfacet
facet normal 0.0692771 -0.997185 -0.0286823
 outer loop
  vertex 502.113 -79 855.697
  vertex 502.871 -79 856.839
  vertex 501.922 -79.0169 855.777
 endloop
endfacet
facet normal 0.144243 -0.989127 -0.0286641
 outer loop
  vertex 501.842 -79 854.355
  vertex 501.922 -79.0169 855.777
  vertex 501.635 -79.0169 854.355
 endloop
endfacet
facet normal 0.282763 -0.955323 0.0860386
 outer loop
  vertex 501.922 -79.0169 852.933
  vertex 501.635 -79.0169 854.355
  vertex 501.833 -79.0506 852.897
 endloop
endfacet
facet normal 0.297495 -0.929886 0.216353
 outer loop
  vertex 502.725 -79.0169 851.725
  vertex 501.833 -79.0506 852.897
  vertex 502.656 -79.0506 851.656
 endloop
endfacet
facet normal 0.254677 -0.848287 0.464273
 outer loop
  vertex 503.897 -79.0506 850.833
  vertex 502.656 -79.0506 851.656
  vertex 503.866 -79.1064 850.76
 endloop
endfacet
facet normal 0.090785 -0.78972 0.606713
 outer loop
  vertex 505.355 -79.0506 850.539
  vertex 503.866 -79.1064 850.76
  vertex 505.355 -79.1064 850.459
 endloop
endfacet
facet normal -0.20576 -0.646545 0.734604
 outer loop
  vertex 506.844 -79.1064 850.759
  vertex 505.355 -79.1064 850.459
  vertex 506.866 -79.1845 850.706
 endloop
endfacet
facet normal -0.496666 -0.563851 0.659845
 outer loop
  vertex 508.11 -79.1064 851.6
  vertex 506.866 -79.1845 850.706
  vertex 508.151 -79.1845 851.559
 endloop
endfacet
facet normal -0.373718 -0.646542 0.66507
 outer loop
  vertex 508.11 -79.1064 851.6
  vertex 506.844 -79.1064 850.759
  vertex 506.866 -79.1845 850.706
 endloop
endfacet
facet normal -0.364863 -0.789755 0.493115
 outer loop
  vertex 508.11 -79.1064 851.6
  vertex 508.054 -79.0506 851.656
  vertex 506.844 -79.1064 850.759
 endloop
endfacet
facet normal -0.25465 -0.848312 0.46424
 outer loop
  vertex 506.844 -79.1064 850.759
  vertex 508.054 -79.0506 851.656
  vertex 506.814 -79.0506 850.832
 endloop
endfacet
facet normal -0.0572374 -0.929895 0.363344
 outer loop
  vertex 505.355 -79.0506 850.539
  vertex 506.814 -79.0506 850.832
  vertex 505.355 -79.0169 850.635
 endloop
endfacet
facet normal 0.0860386 -0.955323 0.282763
 outer loop
  vertex 503.897 -79.0506 850.833
  vertex 505.355 -79.0169 850.635
  vertex 503.933 -79.0169 850.922
 endloop
endfacet
facet normal 0.0816894 -0.989125 0.122304
 outer loop
  vertex 502.725 -79.0169 851.725
  vertex 503.933 -79.0169 850.922
  vertex 502.871 -79 851.871
 endloop
endfacet
facet normal 0.0692868 -0.997184 0.0286889
 outer loop
  vertex 501.922 -79.0169 852.933
  vertex 502.871 -79 851.871
  vertex 502.114 -79 853.013
 endloop
endfacet
facet normal 0.0692868 -0.997184 0.0286889
 outer loop
  vertex 501.842 -79 854.355
  vertex 501.922 -79.0169 852.933
  vertex 502.114 -79 853.013
 endloop
endfacet
facet normal 0.144253 -0.989124 0.0287311
 outer loop
  vertex 501.842 -79 854.355
  vertex 501.635 -79.0169 854.355
  vertex 501.922 -79.0169 852.933
 endloop
endfacet
facet normal 0.789569 -0.102718 -0.605003
 outer loop
  vertex 502.518 -79.4869 857.193
  vertex 501.648 -79.4869 855.891
  vertex 502.534 -79.2801 857.177
 endloop
endfacet
facet normal 0.853234 -0.178484 -0.490036
 outer loop
  vertex 502.534 -79.2801 857.177
  vertex 501.648 -79.4869 855.891
  vertex 501.672 -79.2801 855.88
 endloop
endfacet
facet normal 0.794747 -0.403294 -0.453577
 outer loop
  vertex 502.559 -79.1845 857.151
  vertex 501.672 -79.2801 855.88
  vertex 501.706 -79.1845 855.866
 endloop
endfacet
facet normal 0.66507 -0.646542 -0.373718
 outer loop
  vertex 502.6 -79.1064 857.11
  vertex 501.706 -79.1845 855.866
  vertex 501.759 -79.1064 855.844
 endloop
endfacet
facet normal 0.46424 -0.848312 -0.25465
 outer loop
  vertex 502.656 -79.0506 857.054
  vertex 501.759 -79.1064 855.844
  vertex 501.832 -79.0506 855.813
 endloop
endfacet
facet normal 0.260758 -0.955337 -0.139054
 outer loop
  vertex 502.725 -79.0169 856.986
  vertex 501.832 -79.0506 855.813
  vertex 501.922 -79.0169 855.777
 endloop
endfacet
facet normal 0.122295 -0.989127 -0.0816828
 outer loop
  vertex 502.871 -79 856.839
  vertex 502.725 -79.0169 856.986
  vertex 501.922 -79.0169 855.777
 endloop
endfacet
facet normal 0.493115 -0.789755 -0.364863
 outer loop
  vertex 502.656 -79.0506 857.054
  vertex 502.6 -79.1064 857.11
  vertex 501.759 -79.1064 855.844
 endloop
endfacet
facet normal 0.659845 -0.563851 -0.496666
 outer loop
  vertex 502.6 -79.1064 857.11
  vertex 502.559 -79.1845 857.151
  vertex 501.706 -79.1845 855.866
 endloop
endfacet
facet normal 0.751035 -0.329141 -0.572375
 outer loop
  vertex 502.559 -79.1845 857.151
  vertex 502.534 -79.2801 857.177
  vertex 501.672 -79.2801 855.88
 endloop
endfacet
facet normal 0.961048 -0.102634 -0.256619
 outer loop
  vertex 501.648 -79.4869 855.891
  vertex 501.343 -79.4869 854.355
  vertex 501.672 -79.2801 855.88
 endloop
endfacet
facet normal 0.975838 -0.178495 -0.126014
 outer loop
  vertex 501.672 -79.2801 855.88
  vertex 501.343 -79.4869 854.355
  vertex 501.365 -79.2801 854.355
 endloop
endfacet
facet normal 0.935781 -0.329111 0.12649
 outer loop
  vertex 501.401 -79.1845 854.355
  vertex 501.365 -79.2801 854.355
  vertex 501.673 -79.2801 852.83
 endloop
endfacet
facet normal 0.79475 -0.403261 0.4536
 outer loop
  vertex 501.706 -79.1845 852.844
  vertex 501.673 -79.2801 852.83
  vertex 502.559 -79.1845 851.559
 endloop
endfacet
facet normal 0.496679 -0.563831 0.659852
 outer loop
  vertex 502.6 -79.1064 851.6
  vertex 502.559 -79.1845 851.559
  vertex 503.844 -79.1845 850.706
 endloop
endfacet
facet normal 0.205972 -0.646483 0.734599
 outer loop
  vertex 503.866 -79.1064 850.76
  vertex 503.844 -79.1845 850.706
  vertex 505.355 -79.1064 850.459
 endloop
endfacet
facet normal 0.373745 -0.646504 0.665092
 outer loop
  vertex 503.866 -79.1064 850.76
  vertex 502.6 -79.1064 851.6
  vertex 503.844 -79.1845 850.706
 endloop
endfacet
facet normal 0.364878 -0.789738 0.493131
 outer loop
  vertex 503.866 -79.1064 850.76
  vertex 502.656 -79.0506 851.656
  vertex 502.6 -79.1064 851.6
 endloop
endfacet
facet normal 0.493131 -0.789738 0.364878
 outer loop
  vertex 502.6 -79.1064 851.6
  vertex 502.656 -79.0506 851.656
  vertex 501.76 -79.1064 852.866
 endloop
endfacet
facet normal 0.734599 -0.646483 0.205972
 outer loop
  vertex 501.706 -79.1845 852.844
  vertex 501.76 -79.1064 852.866
  vertex 501.459 -79.1064 854.355
 endloop
endfacet
facet normal 0.817818 -0.563853 -0.115078
 outer loop
  vertex 501.401 -79.1845 854.355
  vertex 501.459 -79.1064 854.355
  vertex 501.706 -79.1845 855.866
 endloop
endfacet
facet normal 0.882781 -0.403296 -0.240934
 outer loop
  vertex 501.672 -79.2801 855.88
  vertex 501.401 -79.1845 854.355
  vertex 501.706 -79.1845 855.866
 endloop
endfacet
facet normal 0.935839 -0.329143 -0.125978
 outer loop
  vertex 501.672 -79.2801 855.88
  vertex 501.365 -79.2801 854.355
  vertex 501.401 -79.1845 854.355
 endloop
endfacet
facet normal 0.975772 -0.17847 0.126557
 outer loop
  vertex 501.365 -79.2801 854.355
  vertex 501.343 -79.4869 854.355
  vertex 501.673 -79.2801 852.83
 endloop
endfacet
facet normal 0.960976 -0.102613 0.256897
 outer loop
  vertex 501.673 -79.2801 852.83
  vertex 501.343 -79.4869 854.355
  vertex 501.648 -79.4869 852.82
 endloop
endfacet
facet normal 0.861187 -0.102619 0.497822
 outer loop
  vertex 502.518 -79.4869 851.518
  vertex 501.673 -79.2801 852.83
  vertex 501.648 -79.4869 852.82
 endloop
endfacet
facet normal 0.779351 -0.17848 0.600631
 outer loop
  vertex 502.518 -79.4869 851.518
  vertex 502.534 -79.2801 851.534
  vertex 501.673 -79.2801 852.83
 endloop
endfacet
facet normal 0.600631 -0.17848 0.779351
 outer loop
  vertex 502.518 -79.4869 851.518
  vertex 503.83 -79.2801 850.673
  vertex 502.534 -79.2801 851.534
 endloop
endfacet
facet normal 0.497822 -0.102619 0.861187
 outer loop
  vertex 502.518 -79.4869 851.518
  vertex 503.82 -79.4869 850.648
  vertex 503.83 -79.2801 850.673
 endloop
endfacet
facet normal 0.256897 -0.102613 0.960976
 outer loop
  vertex 503.83 -79.2801 850.673
  vertex 503.82 -79.4869 850.648
  vertex 505.355 -79.4869 850.343
 endloop
endfacet
facet normal -0.126014 -0.178495 0.975838
 outer loop
  vertex 505.355 -79.2801 850.365
  vertex 505.355 -79.4869 850.343
  vertex 506.88 -79.2801 850.672
 endloop
endfacet
facet normal -0.240934 -0.403296 0.882781
 outer loop
  vertex 505.355 -79.1845 850.401
  vertex 506.88 -79.2801 850.672
  vertex 506.866 -79.1845 850.706
 endloop
endfacet
facet normal -0.115078 -0.563853 0.817818
 outer loop
  vertex 505.355 -79.1064 850.459
  vertex 505.355 -79.1845 850.401
  vertex 506.866 -79.1845 850.706
 endloop
endfacet
facet normal 0.11552 -0.563808 0.817787
 outer loop
  vertex 505.355 -79.1064 850.459
  vertex 503.844 -79.1845 850.706
  vertex 505.355 -79.1845 850.401
 endloop
endfacet
facet normal 0.241187 -0.403242 0.882737
 outer loop
  vertex 505.355 -79.1845 850.401
  vertex 503.844 -79.1845 850.706
  vertex 503.83 -79.2801 850.673
 endloop
endfacet
facet normal 0.126557 -0.17847 0.975772
 outer loop
  vertex 505.355 -79.2801 850.365
  vertex 503.83 -79.2801 850.673
  vertex 505.355 -79.4869 850.343
 endloop
endfacet
facet normal 0.12649 -0.329111 0.935781
 outer loop
  vertex 505.355 -79.2801 850.365
  vertex 505.355 -79.1845 850.401
  vertex 503.83 -79.2801 850.673
 endloop
endfacet
facet normal -0.125978 -0.329143 0.935839
 outer loop
  vertex 505.355 -79.2801 850.365
  vertex 506.88 -79.2801 850.672
  vertex 505.355 -79.1845 850.401
 endloop
endfacet
facet normal -0.256619 -0.102634 0.961048
 outer loop
  vertex 505.355 -79.4869 850.343
  vertex 506.891 -79.4869 850.648
  vertex 506.88 -79.2801 850.672
 endloop
endfacet
facet normal -0.490036 -0.178484 0.853234
 outer loop
  vertex 506.88 -79.2801 850.672
  vertex 506.891 -79.4869 850.648
  vertex 508.177 -79.2801 851.534
 endloop
endfacet
facet normal -0.572375 -0.329141 0.751035
 outer loop
  vertex 508.151 -79.1845 851.559
  vertex 506.88 -79.2801 850.672
  vertex 508.177 -79.2801 851.534
 endloop
endfacet
facet normal -0.453577 -0.403294 0.794747
 outer loop
  vertex 508.151 -79.1845 851.559
  vertex 506.866 -79.1845 850.706
  vertex 506.88 -79.2801 850.672
 endloop
endfacet
facet normal -0.605003 -0.102718 0.789569
 outer loop
  vertex 506.891 -79.4869 850.648
  vertex 508.193 -79.4869 851.518
  vertex 508.177 -79.2801 851.534
 endloop
endfacet
facet normal -0.216341 -0.929894 0.297479
 outer loop
  vertex 508.054 -79.0506 851.656
  vertex 507.986 -79.0169 851.725
  vertex 506.814 -79.0506 850.832
 endloop
endfacet
facet normal -0.139054 -0.955337 0.260758
 outer loop
  vertex 506.814 -79.0506 850.832
  vertex 507.986 -79.0169 851.725
  vertex 506.777 -79.0169 850.922
 endloop
endfacet
facet normal -0.0286641 -0.989127 0.144243
 outer loop
  vertex 505.355 -79.0169 850.635
  vertex 506.777 -79.0169 850.922
  vertex 505.355 -79 850.842
 endloop
endfacet
facet normal 0.0286889 -0.997184 0.0692868
 outer loop
  vertex 503.933 -79.0169 850.922
  vertex 505.355 -79 850.842
  vertex 504.013 -79 851.114
 endloop
endfacet
facet normal 0.0286889 -0.997184 0.0692868
 outer loop
  vertex 502.871 -79 851.871
  vertex 503.933 -79.0169 850.922
  vertex 504.013 -79 851.114
 endloop
endfacet
facet normal -0.0816828 -0.989127 0.122295
 outer loop
  vertex 507.986 -79.0169 851.725
  vertex 507.839 -79 851.871
  vertex 506.777 -79.0169 850.922
 endloop
endfacet
facet normal -0.0286823 -0.997185 0.0692772
 outer loop
  vertex 506.777 -79.0169 850.922
  vertex 507.839 -79 851.871
  vertex 506.697 -79 851.113
 endloop
endfacet
facet normal -0.0286823 -0.997185 0.0692772
 outer loop
  vertex 505.355 -79 850.842
  vertex 506.777 -79.0169 850.922
  vertex 506.697 -79 851.113
 endloop
endfacet
facet normal 0.0692771 -0.997185 -0.0286823
 outer loop
  vertex 501.842 -79 854.355
  vertex 502.113 -79 855.697
  vertex 501.922 -79.0169 855.777
 endloop
endfacet
facet normal 0.659852 -0.563831 0.496679
 outer loop
  vertex 502.559 -79.1845 851.559
  vertex 502.6 -79.1064 851.6
  vertex 501.706 -79.1845 852.844
 endloop
endfacet
facet normal 0.665092 -0.646504 0.373745
 outer loop
  vertex 501.706 -79.1845 852.844
  vertex 502.6 -79.1064 851.6
  vertex 501.76 -79.1064 852.866
 endloop
endfacet
facet normal 0.260784 -0.955327 0.139073
 outer loop
  vertex 501.833 -79.0506 852.897
  vertex 502.725 -79.0169 851.725
  vertex 501.922 -79.0169 852.933
 endloop
endfacet
facet normal 0.122304 -0.989125 0.0816894
 outer loop
  vertex 501.922 -79.0169 852.933
  vertex 502.725 -79.0169 851.725
  vertex 502.871 -79 851.871
 endloop
endfacet
facet normal 0.139073 -0.955327 0.260784
 outer loop
  vertex 503.933 -79.0169 850.922
  vertex 502.725 -79.0169 851.725
  vertex 503.897 -79.0506 850.833
 endloop
endfacet
facet normal 0.216353 -0.929886 0.297495
 outer loop
  vertex 503.897 -79.0506 850.833
  vertex 502.725 -79.0169 851.725
  vertex 502.656 -79.0506 851.656
 endloop
endfacet
facet normal 0.282738 -0.955338 -0.08596
 outer loop
  vertex 501.922 -79.0169 855.777
  vertex 501.832 -79.0506 855.813
  vertex 501.635 -79.0169 854.355
 endloop
endfacet
facet normal 0.363344 -0.929895 -0.0572374
 outer loop
  vertex 501.635 -79.0169 854.355
  vertex 501.832 -79.0506 855.813
  vertex 501.539 -79.0506 854.355
 endloop
endfacet
facet normal 0.508406 -0.848274 0.148171
 outer loop
  vertex 501.833 -79.0506 852.897
  vertex 501.539 -79.0506 854.355
  vertex 501.76 -79.1064 852.866
 endloop
endfacet
facet normal 0.464273 -0.848287 0.254677
 outer loop
  vertex 502.656 -79.0506 851.656
  vertex 501.833 -79.0506 852.897
  vertex 501.76 -79.1064 852.866
 endloop
endfacet
facet normal 0.606713 -0.78972 0.090785
 outer loop
  vertex 501.76 -79.1064 852.866
  vertex 501.539 -79.0506 854.355
  vertex 501.459 -79.1064 854.355
 endloop
endfacet
facet normal 0.606713 -0.789757 -0.0904601
 outer loop
  vertex 501.459 -79.1064 854.355
  vertex 501.539 -79.0506 854.355
  vertex 501.759 -79.1064 855.844
 endloop
endfacet
facet normal 0.734604 -0.646545 -0.20576
 outer loop
  vertex 501.706 -79.1845 855.866
  vertex 501.459 -79.1064 854.355
  vertex 501.759 -79.1064 855.844
 endloop
endfacet
facet normal 0.363357 -0.929878 0.05743
 outer loop
  vertex 501.635 -79.0169 854.355
  vertex 501.539 -79.0506 854.355
  vertex 501.833 -79.0506 852.897
 endloop
endfacet
facet normal 0.508382 -0.848314 -0.148025
 outer loop
  vertex 501.539 -79.0506 854.355
  vertex 501.832 -79.0506 855.813
  vertex 501.759 -79.1064 855.844
 endloop
endfacet
facet normal 0.297479 -0.929894 -0.216341
 outer loop
  vertex 502.656 -79.0506 857.054
  vertex 501.832 -79.0506 855.813
  vertex 502.725 -79.0169 856.986
 endloop
endfacet
facet normal 0.882737 -0.403242 0.241187
 outer loop
  vertex 501.673 -79.2801 852.83
  vertex 501.706 -79.1845 852.844
  vertex 501.401 -79.1845 854.355
 endloop
endfacet
facet normal 0.817787 -0.563808 0.11552
 outer loop
  vertex 501.401 -79.1845 854.355
  vertex 501.706 -79.1845 852.844
  vertex 501.459 -79.1064 854.355
 endloop
endfacet
facet normal 0.751033 -0.329128 0.572385
 outer loop
  vertex 501.673 -79.2801 852.83
  vertex 502.534 -79.2801 851.534
  vertex 502.559 -79.1845 851.559
 endloop
endfacet
facet normal 0.572385 -0.329128 0.751033
 outer loop
  vertex 502.559 -79.1845 851.559
  vertex 502.534 -79.2801 851.534
  vertex 503.83 -79.2801 850.673
 endloop
endfacet
facet normal 0.4536 -0.403261 0.79475
 outer loop
  vertex 503.844 -79.1845 850.706
  vertex 502.559 -79.1845 851.559
  vertex 503.83 -79.2801 850.673
 endloop
endfacet
facet normal 0.0287311 -0.989124 0.144253
 outer loop
  vertex 505.355 -79.0169 850.635
  vertex 505.355 -79 850.842
  vertex 503.933 -79.0169 850.922
 endloop
endfacet
facet normal -0.148025 -0.848314 0.508382
 outer loop
  vertex 506.814 -79.0506 850.832
  vertex 505.355 -79.0506 850.539
  vertex 506.844 -79.1064 850.759
 endloop
endfacet
facet normal -0.0904601 -0.789757 0.606713
 outer loop
  vertex 506.844 -79.1064 850.759
  vertex 505.355 -79.0506 850.539
  vertex 505.355 -79.1064 850.459
 endloop
endfacet
facet normal 0.148171 -0.848274 0.508406
 outer loop
  vertex 503.866 -79.1064 850.76
  vertex 505.355 -79.0506 850.539
  vertex 503.897 -79.0506 850.833
 endloop
endfacet
facet normal 0.05743 -0.929878 0.363357
 outer loop
  vertex 503.897 -79.0506 850.833
  vertex 505.355 -79.0506 850.539
  vertex 505.355 -79.0169 850.635
 endloop
endfacet
facet normal -0.08596 -0.955338 0.282738
 outer loop
  vertex 506.777 -79.0169 850.922
  vertex 505.355 -79.0169 850.635
  vertex 506.814 -79.0506 850.832
 endloop
endfacet
facet normal -0.0529655 -0.997191 0.0529655
 outer loop
  vertex 507.839 -79 851.871
  vertex 507.986 -79.0169 851.725
  vertex 509.091 -79 853.123
 endloop
endfacet
facet normal -0.105948 -0.988711 0.105948
 outer loop
  vertex 509.091 -79 853.123
  vertex 507.986 -79.0169 851.725
  vertex 509.242 -79.0169 852.98
 endloop
endfacet
facet normal -0.211616 -0.954169 0.211616
 outer loop
  vertex 509.242 -79.0169 852.98
  vertex 507.986 -79.0169 851.725
  vertex 508.054 -79.0506 851.656
 endloop
endfacet
facet normal -0.378446 -0.844723 0.378446
 outer loop
  vertex 509.311 -79.0506 852.914
  vertex 508.054 -79.0506 851.656
  vertex 508.11 -79.1064 851.6
 endloop
endfacet
facet normal -0.54297 -0.640599 0.54297
 outer loop
  vertex 509.368 -79.1064 852.858
  vertex 508.11 -79.1064 851.6
  vertex 509.408 -79.1846 852.816
 endloop
endfacet
facet normal -0.438604 -0.784381 0.438604
 outer loop
  vertex 509.368 -79.1064 852.858
  vertex 509.311 -79.0506 852.914
  vertex 508.11 -79.1064 851.6
 endloop
endfacet
facet normal -0.587199 -0.557131 0.587199
 outer loop
  vertex 508.11 -79.1064 851.6
  vertex 508.151 -79.1845 851.559
  vertex 509.408 -79.1846 852.816
 endloop
endfacet
facet normal -0.648737 -0.397844 0.648737
 outer loop
  vertex 509.408 -79.1846 852.816
  vertex 508.151 -79.1845 851.559
  vertex 509.433 -79.2801 852.789
 endloop
endfacet
facet normal -0.668929 -0.324141 0.668929
 outer loop
  vertex 509.433 -79.2801 852.789
  vertex 508.151 -79.1845 851.559
  vertex 508.177 -79.2801 851.534
 endloop
endfacet
facet normal -0.703492 -0.100982 0.703492
 outer loop
  vertex 509.444 -79.4869 852.769
  vertex 508.177 -79.2801 851.534
  vertex 508.193 -79.4869 851.518
 endloop
endfacet
facet normal -0.696112 -0.17566 0.696112
 outer loop
  vertex 509.444 -79.4869 852.769
  vertex 509.433 -79.2801 852.789
  vertex 508.177 -79.2801 851.534
 endloop
endfacet
facet normal -0.264243 -0.927551 0.264243
 outer loop
  vertex 509.311 -79.0506 852.914
  vertex 509.242 -79.0169 852.98
  vertex 508.054 -79.0506 851.656
 endloop
endfacet
facet normal 0.0529655 -0.997191 -0.0529655
 outer loop
  vertex 502.871 -79 856.839
  vertex 504.123 -79 858.091
  vertex 502.725 -79.0169 856.986
 endloop
endfacet
facet normal 0.105946 -0.988712 -0.105946
 outer loop
  vertex 502.725 -79.0169 856.986
  vertex 504.123 -79 858.091
  vertex 503.98 -79.0169 858.241
 endloop
endfacet
facet normal 0.26424 -0.927553 -0.26424
 outer loop
  vertex 502.656 -79.0506 857.054
  vertex 503.98 -79.0169 858.241
  vertex 503.913 -79.0506 858.311
 endloop
endfacet
facet normal 0.438603 -0.784382 -0.438603
 outer loop
  vertex 502.6 -79.1064 857.11
  vertex 503.913 -79.0506 858.311
  vertex 503.857 -79.1064 858.368
 endloop
endfacet
facet normal 0.542971 -0.640597 -0.542971
 outer loop
  vertex 503.816 -79.1846 858.408
  vertex 502.6 -79.1064 857.11
  vertex 503.857 -79.1064 858.368
 endloop
endfacet
facet normal 0.5872 -0.557129 -0.5872
 outer loop
  vertex 503.816 -79.1846 858.408
  vertex 502.559 -79.1845 857.151
  vertex 502.6 -79.1064 857.11
 endloop
endfacet
facet normal 0.648739 -0.397839 -0.648739
 outer loop
  vertex 503.816 -79.1846 858.408
  vertex 503.789 -79.2801 858.432
  vertex 502.559 -79.1845 857.151
 endloop
endfacet
facet normal 0.66893 -0.324138 -0.66893
 outer loop
  vertex 502.559 -79.1845 857.151
  vertex 503.789 -79.2801 858.432
  vertex 502.534 -79.2801 857.177
 endloop
endfacet
facet normal 0.696112 -0.175657 -0.696112
 outer loop
  vertex 502.534 -79.2801 857.177
  vertex 503.789 -79.2801 858.432
  vertex 503.769 -79.4869 858.444
 endloop
endfacet
facet normal 0.703492 -0.100982 -0.703492
 outer loop
  vertex 502.518 -79.4869 857.193
  vertex 502.534 -79.2801 857.177
  vertex 503.769 -79.4869 858.444
 endloop
endfacet
facet normal 0.378445 -0.844724 -0.378445
 outer loop
  vertex 502.6 -79.1064 857.11
  vertex 502.656 -79.0506 857.054
  vertex 503.913 -79.0506 858.311
 endloop
endfacet
facet normal 0.211614 -0.954169 -0.211614
 outer loop
  vertex 502.656 -79.0506 857.054
  vertex 502.725 -79.0169 856.986
  vertex 503.98 -79.0169 858.241
 endloop
endfacet
facet normal -0.609146 -0.026631 0.792611
 outer loop
  vertex 508.193 -79.4869 851.518
  vertex 506.891 -79.4869 850.648
  vertex 508.324 -86.5955 851.386
 endloop
endfacet
facet normal -0.506454 -0.0266035 0.861856
 outer loop
  vertex 508.324 -86.5955 851.386
  vertex 506.891 -79.4869 850.648
  vertex 507.074 -88.045 850.483
 endloop
endfacet
facet normal -0.267583 -0.0266623 0.963166
 outer loop
  vertex 507.074 -88.045 850.483
  vertex 506.891 -79.4869 850.648
  vertex 505.355 -79.4869 850.343
 endloop
endfacet
facet normal 0.102364 -0.0264564 0.994395
 outer loop
  vertex 505.355 -88.9724 850.094
  vertex 505.355 -79.4869 850.343
  vertex 504.057 -89.3129 850.287
 endloop
endfacet
facet normal -0.137853 -0.0266917 0.990093
 outer loop
  vertex 505.355 -88.9724 850.094
  vertex 507.074 -88.045 850.483
  vertex 505.355 -79.4869 850.343
 endloop
endfacet
facet normal 0.232095 -0.0265539 0.972331
 outer loop
  vertex 505.355 -79.4869 850.343
  vertex 503.82 -79.4869 850.648
  vertex 504.057 -89.3129 850.287
 endloop
endfacet
facet normal 0.428123 -0.0264154 0.903334
 outer loop
  vertex 504.057 -89.3129 850.287
  vertex 503.82 -79.4869 850.648
  vertex 502.848 -89.461 850.894
 endloop
endfacet
facet normal 0.565931 -0.0265206 0.824026
 outer loop
  vertex 502.848 -89.461 850.894
  vertex 503.82 -79.4869 850.648
  vertex 502.518 -79.4869 851.518
 endloop
endfacet
facet normal 0.826569 -0.0265182 0.56221
 outer loop
  vertex 501.861 -89.4581 851.895
  vertex 502.518 -79.4869 851.518
  vertex 501.648 -79.4869 852.82
 endloop
endfacet
facet normal 0.973118 -0.0265475 0.22877
 outer loop
  vertex 501.275 -89.3052 853.099
  vertex 501.648 -79.4869 852.82
  vertex 501.343 -79.4869 854.355
 endloop
endfacet
facet normal 0.994407 -0.0264246 -0.102253
 outer loop
  vertex 501.095 -88.9544 854.405
  vertex 501.343 -79.4869 854.355
  vertex 501.295 -88.3814 855.596
 endloop
endfacet
facet normal 0.995114 -0.026449 0.0951288
 outer loop
  vertex 501.095 -88.9544 854.405
  vertex 501.275 -89.3052 853.099
  vertex 501.343 -79.4869 854.355
 endloop
endfacet
facet normal 0.973282 -0.0265462 -0.228075
 outer loop
  vertex 501.343 -79.4869 854.355
  vertex 501.648 -79.4869 855.891
  vertex 501.295 -88.3814 855.596
 endloop
endfacet
facet normal 0.881734 -0.0267717 -0.470987
 outer loop
  vertex 501.295 -88.3814 855.596
  vertex 501.648 -79.4869 855.891
  vertex 502.386 -86.5955 857.324
 endloop
endfacet
facet normal 0.792611 -0.026631 -0.609146
 outer loop
  vertex 502.386 -86.5955 857.324
  vertex 501.648 -79.4869 855.891
  vertex 502.518 -79.4869 857.193
 endloop
endfacet
facet normal 0.906644 -0.0264061 0.421069
 outer loop
  vertex 501.275 -89.3052 853.099
  vertex 501.861 -89.4581 851.895
  vertex 501.648 -79.4869 852.82
 endloop
endfacet
facet normal 0.709985 -0.0264168 0.703721
 outer loop
  vertex 501.861 -89.4581 851.895
  vertex 502.848 -89.461 850.894
  vertex 502.518 -79.4869 851.518
 endloop
endfacet
facet normal -0.706864 -0.0261769 -0.706864
 outer loop
  vertex 435.962 -79.079 858.698
  vertex 435.993 -79.1028 858.667
  vertex 435.899 -79.0438 858.76
 endloop
endfacet
facet normal -0.706864 -0.0261769 -0.706864
 outer loop
  vertex 435.899 -79.0438 858.76
  vertex 435.993 -79.1028 858.667
  vertex 436.068 -79.1798 858.595
 endloop
endfacet
facet normal -0.706864 -0.0261769 -0.706864
 outer loop
  vertex 436.113 -79.2396 858.553
  vertex 435.899 -79.0438 858.76
  vertex 436.068 -79.1798 858.595
 endloop
endfacet
facet normal -0.706864 -0.0261769 -0.706864
 outer loop
  vertex 436.113 -79.2396 858.553
  vertex 436.136 -79.2756 858.531
  vertex 435.899 -79.0438 858.76
 endloop
endfacet
facet normal -0.706864 -0.0261769 -0.706864
 outer loop
  vertex 435.899 -79.0438 858.76
  vertex 436.136 -79.2756 858.531
  vertex 436.231 -79.4869 858.444
 endloop
endfacet
facet normal -0.706864 -0.0261769 -0.706864
 outer loop
  vertex 436.027 -81.2887 858.715
  vertex 436.231 -79.4869 858.444
  vertex 437.482 -79.4869 857.193
 endloop
endfacet
facet normal -0.706864 -0.0261769 -0.706864
 outer loop
  vertex 436.518 -84.1134 858.328
  vertex 437.482 -79.4869 857.193
  vertex 437.614 -86.5955 857.324
 endloop
endfacet
facet normal -0.706864 -0.0261769 -0.706864
 outer loop
  vertex 436.518 -84.1134 858.328
  vertex 436.027 -81.2887 858.715
  vertex 437.482 -79.4869 857.193
 endloop
endfacet
facet normal -0.706864 -0.0261769 -0.706864
 outer loop
  vertex 436.027 -81.2887 858.715
  vertex 435.899 -79.0438 858.76
  vertex 436.231 -79.4869 858.444
 endloop
endfacet
facet normal -0.0531696 -0.997188 -0.0528035
 outer loop
  vertex 435.877 -79 858.091
  vertex 436.02 -79.0169 858.242
  vertex 435.729 -79 858.285
 endloop
endfacet
facet normal -0.126817 -0.990268 -0.0573275
 outer loop
  vertex 435.729 -79 858.285
  vertex 436.02 -79.0169 858.242
  vertex 435.817 -79.0162 858.688
 endloop
endfacet
facet normal -0.144285 -0.989498 -0.00874285
 outer loop
  vertex 435.635 -79 858.535
  vertex 435.817 -79.0162 858.688
  vertex 435.812 -79.0178 858.687
 endloop
endfacet
facet normal -0.0734713 -0.997287 -0.00445
 outer loop
  vertex 435.635 -79 858.535
  vertex 435.729 -79 858.285
  vertex 435.817 -79.0162 858.688
 endloop
endfacet
facet normal -0.233796 -0.9585 -0.163149
 outer loop
  vertex 436.02 -79.0169 858.242
  vertex 436.086 -79.0506 858.311
  vertex 435.817 -79.0162 858.688
 endloop
endfacet
facet normal -0.328973 -0.936767 -0.119349
 outer loop
  vertex 435.817 -79.0162 858.688
  vertex 436.086 -79.0506 858.311
  vertex 435.911 -79.0486 858.694
 endloop
endfacet
facet normal -0.480003 -0.877162 -0.0135674
 outer loop
  vertex 435.899 -79.0438 858.76
  vertex 435.911 -79.0486 858.694
  vertex 435.962 -79.079 858.698
 endloop
endfacet
facet normal -0.355812 -0.934537 -0.00626188
 outer loop
  vertex 435.899 -79.0438 858.76
  vertex 435.817 -79.0162 858.688
  vertex 435.911 -79.0486 858.694
 endloop
endfacet
facet normal -0.279891 -0.96003 -0.00182382
 outer loop
  vertex 435.899 -79.0438 858.76
  vertex 435.812 -79.0178 858.687
  vertex 435.817 -79.0162 858.688
 endloop
endfacet
facet normal -0.471258 -0.856295 -0.211366
 outer loop
  vertex 435.911 -79.0486 858.694
  vertex 436.086 -79.0506 858.311
  vertex 436.035 -79.1041 858.52
 endloop
endfacet
facet normal -0.72732 -0.653066 -0.210975
 outer loop
  vertex 435.993 -79.1028 858.667
  vertex 436.035 -79.1041 858.52
  vertex 436.068 -79.1798 858.595
 endloop
endfacet
facet normal -0.592721 -0.794417 -0.132602
 outer loop
  vertex 435.993 -79.1028 858.667
  vertex 435.911 -79.0486 858.694
  vertex 436.035 -79.1041 858.52
 endloop
endfacet
facet normal -0.574765 -0.81686 -0.0488269
 outer loop
  vertex 435.993 -79.1028 858.667
  vertex 435.962 -79.079 858.698
  vertex 435.911 -79.0486 858.694
 endloop
endfacet
facet normal -0.790289 -0.360295 -0.495611
 outer loop
  vertex 436.136 -79.2756 858.531
  vertex 436.113 -79.2396 858.553
  vertex 436.184 -79.1846 858.408
 endloop
endfacet
facet normal -0.730935 -0.33108 -0.596758
 outer loop
  vertex 436.211 -79.2801 858.433
  vertex 436.136 -79.2756 858.531
  vertex 436.184 -79.1846 858.408
 endloop
endfacet
facet normal -0.758957 -0.181553 -0.625318
 outer loop
  vertex 436.211 -79.2801 858.433
  vertex 436.231 -79.4869 858.444
  vertex 436.136 -79.2756 858.531
 endloop
endfacet
facet normal -0.772986 -0.434098 -0.462657
 outer loop
  vertex 436.184 -79.1846 858.408
  vertex 436.113 -79.2396 858.553
  vertex 436.089 -79.1808 858.543
 endloop
endfacet
facet normal -0.654322 -0.651339 -0.384214
 outer loop
  vertex 436.142 -79.1064 858.368
  vertex 436.089 -79.1808 858.543
  vertex 436.035 -79.1041 858.52
 endloop
endfacet
facet normal -0.488885 -0.79081 -0.368254
 outer loop
  vertex 436.086 -79.0506 858.311
  vertex 436.142 -79.1064 858.368
  vertex 436.035 -79.1041 858.52
 endloop
endfacet
facet normal -0.653838 -0.566528 -0.501539
 outer loop
  vertex 436.184 -79.1846 858.408
  vertex 436.089 -79.1808 858.543
  vertex 436.142 -79.1064 858.368
 endloop
endfacet
facet normal -0.835828 -0.434474 -0.335594
 outer loop
  vertex 436.113 -79.2396 858.553
  vertex 436.068 -79.1798 858.595
  vertex 436.089 -79.1808 858.543
 endloop
endfacet
facet normal -0.765098 -0.568244 -0.30286
 outer loop
  vertex 436.089 -79.1808 858.543
  vertex 436.068 -79.1798 858.595
  vertex 436.035 -79.1041 858.52
 endloop
endfacet
facet normal 1.76432E-18 -1 -2.56556E-22
 outer loop
  vertex 432.617 -79 855.377
  vertex 432.107 -79 855.168
  vertex 432.248 -79 854.002
 endloop
endfacet
facet normal 1.76432E-18 -1 -2.56556E-22
 outer loop
  vertex 432.617 -79 855.377
  vertex 433.623 -79 856.383
  vertex 432.107 -79 855.168
 endloop
endfacet
facet normal 1.76432E-18 -1 -2.56556E-22
 outer loop
  vertex 432.107 -79 855.168
  vertex 433.623 -79 856.383
  vertex 433.832 -79 856.893
 endloop
endfacet
facet normal 1.76432E-18 -1 -2.56556E-22
 outer loop
  vertex 433.832 -79 856.893
  vertex 433.623 -79 856.383
  vertex 434.998 -79 856.752
 endloop
endfacet
facet normal 1.76432E-18 -1 -2.56556E-22
 outer loop
  vertex 435.729 -79 858.285
  vertex 434.998 -79 856.752
  vertex 435.877 -79 858.091
 endloop
endfacet
facet normal 1.76432E-18 -1 -2.56556E-22
 outer loop
  vertex 435.729 -79 858.285
  vertex 433.832 -79 856.893
  vertex 434.998 -79 856.752
 endloop
endfacet
facet normal 1.76432E-18 -1 -2.56556E-22
 outer loop
  vertex 435.729 -79 858.285
  vertex 435.635 -79 858.535
  vertex 433.832 -79 856.893
 endloop
endfacet
facet normal 1.76432E-18 -1 -2.56556E-22
 outer loop
  vertex 434.998 -79 856.752
  vertex 436.373 -79 856.383
  vertex 435.877 -79 858.091
 endloop
endfacet
facet normal 1.76432E-18 -1 -2.56556E-22
 outer loop
  vertex 435.877 -79 858.091
  vertex 436.373 -79 856.383
  vertex 437.129 -79 856.839
 endloop
endfacet
facet normal 1.76432E-18 -1 -2.56556E-22
 outer loop
  vertex 437.129 -79 856.839
  vertex 436.373 -79 856.383
  vertex 437.38 -79 855.377
 endloop
endfacet
facet normal 1.76432E-18 -1 -2.56556E-22
 outer loop
  vertex 437.887 -79 855.697
  vertex 437.38 -79 855.377
  vertex 438.158 -79 854.355
 endloop
endfacet
facet normal 1.76432E-18 -1 -2.56556E-22
 outer loop
  vertex 437.887 -79 855.697
  vertex 437.129 -79 856.839
  vertex 437.38 -79 855.377
 endloop
endfacet
facet normal 1.76432E-18 -1 -2.56556E-22
 outer loop
  vertex 437.38 -79 855.377
  vertex 437.748 -79 854.002
  vertex 438.158 -79 854.355
 endloop
endfacet
facet normal 1.76432E-18 -1 -2.56556E-22
 outer loop
  vertex 438.158 -79 854.355
  vertex 437.748 -79 854.002
  vertex 437.886 -79 853.013
 endloop
endfacet
facet normal 1.76432E-18 -1 -2.56556E-22
 outer loop
  vertex 437.886 -79 853.013
  vertex 437.748 -79 854.002
  vertex 437.38 -79 852.627
 endloop
endfacet
facet normal 1.76432E-18 -1 -2.56556E-22
 outer loop
  vertex 437.129 -79 851.871
  vertex 437.38 -79 852.627
  vertex 436.373 -79 851.62
 endloop
endfacet
facet normal 1.76432E-18 -1 -2.56556E-22
 outer loop
  vertex 435.987 -79 851.114
  vertex 436.373 -79 851.62
  vertex 434.998 -79 851.252
 endloop
endfacet
facet normal 1.76432E-18 -1 -2.56556E-22
 outer loop
  vertex 434.645 -79 850.842
  vertex 434.998 -79 851.252
  vertex 433.623 -79 851.62
 endloop
endfacet
facet normal 1.76432E-18 -1 -2.56556E-22
 outer loop
  vertex 433.303 -79 851.113
  vertex 433.623 -79 851.62
  vertex 432.161 -79 851.871
 endloop
endfacet
facet normal 1.76432E-18 -1 -2.56556E-22
 outer loop
  vertex 433.303 -79 851.113
  vertex 434.645 -79 850.842
  vertex 433.623 -79 851.62
 endloop
endfacet
facet normal 1.76432E-18 -1 -2.56556E-22
 outer loop
  vertex 433.623 -79 851.62
  vertex 432.617 -79 852.627
  vertex 432.161 -79 851.871
 endloop
endfacet
facet normal 1.76432E-18 -1 -2.56556E-22
 outer loop
  vertex 432.161 -79 851.871
  vertex 432.617 -79 852.627
  vertex 430.909 -79 853.123
 endloop
endfacet
facet normal 1.76432E-18 -1 -2.56556E-22
 outer loop
  vertex 430.909 -79 853.123
  vertex 432.617 -79 852.627
  vertex 432.248 -79 854.002
 endloop
endfacet
facet normal 1.76432E-18 -1 -2.56556E-22
 outer loop
  vertex 430.706 -79 853.276
  vertex 432.248 -79 854.002
  vertex 432.107 -79 855.168
 endloop
endfacet
facet normal 1.76432E-18 -1 -2.56556E-22
 outer loop
  vertex 430.465 -79 853.365
  vertex 430.706 -79 853.276
  vertex 432.107 -79 855.168
 endloop
endfacet
facet normal 1.76432E-18 -1 -2.56556E-22
 outer loop
  vertex 430.706 -79 853.276
  vertex 430.909 -79 853.123
  vertex 432.248 -79 854.002
 endloop
endfacet
facet normal 1.76432E-18 -1 -2.56556E-22
 outer loop
  vertex 434.645 -79 850.842
  vertex 435.987 -79 851.114
  vertex 434.998 -79 851.252
 endloop
endfacet
facet normal 1.76432E-18 -1 -2.56556E-22
 outer loop
  vertex 435.987 -79 851.114
  vertex 437.129 -79 851.871
  vertex 436.373 -79 851.62
 endloop
endfacet
facet normal 1.76432E-18 -1 -2.56556E-22
 outer loop
  vertex 437.129 -79 851.871
  vertex 437.886 -79 853.013
  vertex 437.38 -79 852.627
 endloop
endfacet
facet normal 0.0252763 -0.997255 0.0695907
 outer loop
  vertex 430.706 -79 853.276
  vertex 430.465 -79 853.365
  vertex 430.508 -79.0164 853.142
 endloop
endfacet
facet normal 0.183666 -0.955892 0.229209
 outer loop
  vertex 430.759 -79.0169 852.98
  vertex 430.508 -79.0164 853.142
  vertex 430.689 -79.0506 852.913
 endloop
endfacet
facet normal 0.0781343 -0.98935 0.122804
 outer loop
  vertex 430.759 -79.0169 852.98
  vertex 430.706 -79 853.276
  vertex 430.508 -79.0164 853.142
 endloop
endfacet
facet normal 0.0528196 -0.997189 0.0531489
 outer loop
  vertex 430.759 -79.0169 852.98
  vertex 430.909 -79 853.123
  vertex 430.706 -79 853.276
 endloop
endfacet
facet normal 0.0475679 -0.936011 0.348742
 outer loop
  vertex 430.24 -79.0438 853.101
  vertex 430.474 -79.0493 853.053
  vertex 430.309 -79.0187 853.184
 endloop
endfacet
facet normal 0.0722436 -0.858342 0.507967
 outer loop
  vertex 430.24 -79.0438 853.101
  vertex 430.333 -79.1026 853.007
  vertex 430.474 -79.0493 853.053
 endloop
endfacet
facet normal 0.158524 -0.792253 0.589241
 outer loop
  vertex 430.474 -79.0493 853.053
  vertex 430.333 -79.1026 853.007
  vertex 430.446 -79.1037 852.979
 endloop
endfacet
facet normal 0.353651 -0.79311 0.495891
 outer loop
  vertex 430.689 -79.0506 852.913
  vertex 430.446 -79.1037 852.979
  vertex 430.632 -79.1064 852.857
 endloop
endfacet
facet normal 0.236698 -0.852009 0.466962
 outer loop
  vertex 430.689 -79.0506 852.913
  vertex 430.474 -79.0493 853.053
  vertex 430.446 -79.1037 852.979
 endloop
endfacet
facet normal 0.181382 -0.931427 0.315506
 outer loop
  vertex 430.689 -79.0506 852.913
  vertex 430.508 -79.0164 853.142
  vertex 430.474 -79.0493 853.053
 endloop
endfacet
facet normal 0.0797735 -0.956029 0.282213
 outer loop
  vertex 430.474 -79.0493 853.053
  vertex 430.508 -79.0164 853.142
  vertex 430.309 -79.0187 853.184
 endloop
endfacet
facet normal 0.0294101 -0.98927 0.143107
 outer loop
  vertex 430.309 -79.0187 853.184
  vertex 430.508 -79.0164 853.142
  vertex 430.465 -79 853.365
 endloop
endfacet
facet normal 0.195175 -0.652496 0.732226
 outer loop
  vertex 430.333 -79.1026 853.007
  vertex 430.405 -79.1797 852.932
  vertex 430.446 -79.1037 852.979
 endloop
endfacet
facet normal 0.26735 -0.568657 0.777916
 outer loop
  vertex 430.446 -79.1037 852.979
  vertex 430.405 -79.1797 852.932
  vertex 430.427 -79.1802 852.924
 endloop
endfacet
facet normal 0.484023 -0.569667 0.66423
 outer loop
  vertex 430.632 -79.1064 852.857
  vertex 430.427 -79.1802 852.924
  vertex 430.592 -79.1846 852.816
 endloop
endfacet
facet normal 0.349972 -0.654532 0.670155
 outer loop
  vertex 430.632 -79.1064 852.857
  vertex 430.446 -79.1037 852.979
  vertex 430.427 -79.1802 852.924
 endloop
endfacet
facet normal 0.289975 -0.461668 0.838318
 outer loop
  vertex 430.405 -79.1797 852.932
  vertex 430.423 -79.2038 852.913
  vertex 430.427 -79.1802 852.924
 endloop
endfacet
facet normal 0.418785 -0.464403 0.780352
 outer loop
  vertex 430.427 -79.1802 852.924
  vertex 430.423 -79.2038 852.913
  vertex 430.592 -79.1846 852.816
 endloop
endfacet
facet normal 0.472002 -0.39008 0.790602
 outer loop
  vertex 430.592 -79.1846 852.816
  vertex 430.423 -79.2038 852.913
  vertex 430.469 -79.2753 852.864
 endloop
endfacet
facet normal 0.625452 -0.18155 0.758847
 outer loop
  vertex 430.568 -79.2801 852.789
  vertex 430.469 -79.2753 852.864
  vertex 430.556 -79.4869 852.769
 endloop
endfacet
facet normal 0.597053 -0.331081 0.730694
 outer loop
  vertex 430.568 -79.2801 852.789
  vertex 430.592 -79.1846 852.816
  vertex 430.469 -79.2753 852.864
 endloop
endfacet
facet normal 0.706864 -0.0261769 0.706864
 outer loop
  vertex 431.676 -86.5955 851.386
  vertex 431.807 -79.4869 851.518
  vertex 430.672 -84.1133 852.482
 endloop
endfacet
facet normal 0.706864 -0.0261769 0.706864
 outer loop
  vertex 430.672 -84.1133 852.482
  vertex 431.807 -79.4869 851.518
  vertex 430.285 -81.2887 852.973
 endloop
endfacet
facet normal 0.706864 -0.0261769 0.706864
 outer loop
  vertex 430.285 -81.2887 852.973
  vertex 431.807 -79.4869 851.518
  vertex 430.556 -79.4869 852.769
 endloop
endfacet
facet normal 0.706864 -0.0261769 0.706864
 outer loop
  vertex 430.24 -79.0438 853.101
  vertex 430.556 -79.4869 852.769
  vertex 430.469 -79.2753 852.864
 endloop
endfacet
facet normal 0.706864 -0.0261769 0.706864
 outer loop
  vertex 430.423 -79.2038 852.913
  vertex 430.24 -79.0438 853.101
  vertex 430.469 -79.2753 852.864
 endloop
endfacet
facet normal 0.706864 -0.0261769 0.706864
 outer loop
  vertex 430.423 -79.2038 852.913
  vertex 430.405 -79.1797 852.932
  vertex 430.24 -79.0438 853.101
 endloop
endfacet
facet normal 0.706864 -0.0261769 0.706864
 outer loop
  vertex 430.24 -79.0438 853.101
  vertex 430.405 -79.1797 852.932
  vertex 430.333 -79.1026 853.007
 endloop
endfacet
facet normal 0.706864 -0.0261769 0.706864
 outer loop
  vertex 430.24 -79.0438 853.101
  vertex 430.285 -81.2887 852.973
  vertex 430.556 -79.4869 852.769
 endloop
endfacet
facet normal 0.706864 -0.0261769 -0.706864
 outer loop
  vertex 430.302 -79.079 784.962
  vertex 430.333 -79.1028 784.993
  vertex 430.24 -79.0438 784.899
 endloop
endfacet
facet normal 0.706864 -0.0261769 -0.706864
 outer loop
  vertex 430.24 -79.0438 784.899
  vertex 430.333 -79.1028 784.993
  vertex 430.405 -79.1798 785.068
 endloop
endfacet
facet normal 0.706864 -0.0261769 -0.706864
 outer loop
  vertex 430.447 -79.2396 785.113
  vertex 430.24 -79.0438 784.899
  vertex 430.405 -79.1798 785.068
 endloop
endfacet
facet normal 0.706864 -0.0261769 -0.706864
 outer loop
  vertex 430.447 -79.2396 785.113
  vertex 430.469 -79.2756 785.136
  vertex 430.24 -79.0438 784.899
 endloop
endfacet
facet normal 0.706864 -0.0261769 -0.706864
 outer loop
  vertex 430.24 -79.0438 784.899
  vertex 430.469 -79.2756 785.136
  vertex 430.556 -79.4869 785.231
 endloop
endfacet
facet normal 0.706864 -0.0261769 -0.706864
 outer loop
  vertex 430.285 -81.2887 785.027
  vertex 430.556 -79.4869 785.231
  vertex 431.807 -79.4869 786.482
 endloop
endfacet
facet normal 0.706864 -0.0261769 -0.706864
 outer loop
  vertex 430.672 -84.1134 785.518
  vertex 431.807 -79.4869 786.482
  vertex 431.676 -86.5955 786.614
 endloop
endfacet
facet normal 0.706864 -0.0261769 -0.706864
 outer loop
  vertex 430.672 -84.1134 785.518
  vertex 430.285 -81.2887 785.027
  vertex 431.807 -79.4869 786.482
 endloop
endfacet
facet normal 0.706864 -0.0261769 -0.706864
 outer loop
  vertex 430.285 -81.2887 785.027
  vertex 430.24 -79.0438 784.899
  vertex 430.556 -79.4869 785.231
 endloop
endfacet
facet normal 0.0528035 -0.997188 -0.0531696
 outer loop
  vertex 430.909 -79 784.877
  vertex 430.758 -79.0169 785.02
  vertex 430.715 -79 784.729
 endloop
endfacet
facet normal 0.0573275 -0.990268 -0.126817
 outer loop
  vertex 430.715 -79 784.729
  vertex 430.758 -79.0169 785.02
  vertex 430.312 -79.0162 784.817
 endloop
endfacet
facet normal 0.00874285 -0.989498 -0.144285
 outer loop
  vertex 430.465 -79 784.635
  vertex 430.312 -79.0162 784.817
  vertex 430.313 -79.0178 784.812
 endloop
endfacet
facet normal 0.00445 -0.997287 -0.0734713
 outer loop
  vertex 430.465 -79 784.635
  vertex 430.715 -79 784.729
  vertex 430.312 -79.0162 784.817
 endloop
endfacet
facet normal 0.163149 -0.9585 -0.233796
 outer loop
  vertex 430.758 -79.0169 785.02
  vertex 430.689 -79.0506 785.086
  vertex 430.312 -79.0162 784.817
 endloop
endfacet
facet normal 0.119349 -0.936767 -0.328973
 outer loop
  vertex 430.312 -79.0162 784.817
  vertex 430.689 -79.0506 785.086
  vertex 430.306 -79.0486 784.911
 endloop
endfacet
facet normal 0.0135674 -0.877162 -0.480003
 outer loop
  vertex 430.24 -79.0438 784.899
  vertex 430.306 -79.0486 784.911
  vertex 430.302 -79.079 784.962
 endloop
endfacet
facet normal 0.00626188 -0.934537 -0.355812
 outer loop
  vertex 430.24 -79.0438 784.899
  vertex 430.312 -79.0162 784.817
  vertex 430.306 -79.0486 784.911
 endloop
endfacet
facet normal 0.00182382 -0.96003 -0.279891
 outer loop
  vertex 430.24 -79.0438 784.899
  vertex 430.313 -79.0178 784.812
  vertex 430.312 -79.0162 784.817
 endloop
endfacet
facet normal 0.211366 -0.856295 -0.471258
 outer loop
  vertex 430.306 -79.0486 784.911
  vertex 430.689 -79.0506 785.086
  vertex 430.48 -79.1041 785.035
 endloop
endfacet
facet normal 0.210975 -0.653066 -0.72732
 outer loop
  vertex 430.333 -79.1028 784.993
  vertex 430.48 -79.1041 785.035
  vertex 430.405 -79.1798 785.068
 endloop
endfacet
facet normal 0.132602 -0.794417 -0.592721
 outer loop
  vertex 430.333 -79.1028 784.993
  vertex 430.306 -79.0486 784.911
  vertex 430.48 -79.1041 785.035
 endloop
endfacet
facet normal 0.0488269 -0.81686 -0.574765
 outer loop
  vertex 430.333 -79.1028 784.993
  vertex 430.302 -79.079 784.962
  vertex 430.306 -79.0486 784.911
 endloop
endfacet
facet normal 0.495611 -0.360295 -0.790289
 outer loop
  vertex 430.469 -79.2756 785.136
  vertex 430.447 -79.2396 785.113
  vertex 430.592 -79.1846 785.184
 endloop
endfacet
facet normal 0.596758 -0.33108 -0.730935
 outer loop
  vertex 430.567 -79.2801 785.211
  vertex 430.469 -79.2756 785.136
  vertex 430.592 -79.1846 785.184
 endloop
endfacet
facet normal 0.625318 -0.181553 -0.758957
 outer loop
  vertex 430.567 -79.2801 785.211
  vertex 430.556 -79.4869 785.231
  vertex 430.469 -79.2756 785.136
 endloop
endfacet
facet normal 0.462657 -0.434098 -0.772986
 outer loop
  vertex 430.592 -79.1846 785.184
  vertex 430.447 -79.2396 785.113
  vertex 430.457 -79.1808 785.089
 endloop
endfacet
facet normal 0.384214 -0.651339 -0.654322
 outer loop
  vertex 430.632 -79.1064 785.142
  vertex 430.457 -79.1808 785.089
  vertex 430.48 -79.1041 785.035
 endloop
endfacet
facet normal 0.368254 -0.79081 -0.488885
 outer loop
  vertex 430.689 -79.0506 785.086
  vertex 430.632 -79.1064 785.142
  vertex 430.48 -79.1041 785.035
 endloop
endfacet
facet normal 0.501539 -0.566528 -0.653838
 outer loop
  vertex 430.592 -79.1846 785.184
  vertex 430.457 -79.1808 785.089
  vertex 430.632 -79.1064 785.142
 endloop
endfacet
facet normal 0.335594 -0.434474 -0.835828
 outer loop
  vertex 430.447 -79.2396 785.113
  vertex 430.405 -79.1798 785.068
  vertex 430.457 -79.1808 785.089
 endloop
endfacet
facet normal 0.30286 -0.568244 -0.765098
 outer loop
  vertex 430.457 -79.1808 785.089
  vertex 430.405 -79.1798 785.068
  vertex 430.48 -79.1041 785.035
 endloop
endfacet
facet normal 1.76432E-18 -1 -2.56556E-22
 outer loop
  vertex 433.623 -79 781.617
  vertex 433.832 -79 781.107
  vertex 434.998 -79 781.248
 endloop
endfacet
facet normal 1.76432E-18 -1 -2.56556E-22
 outer loop
  vertex 433.623 -79 781.617
  vertex 432.617 -79 782.623
  vertex 433.832 -79 781.107
 endloop
endfacet
facet normal 1.76432E-18 -1 -2.56556E-22
 outer loop
  vertex 433.832 -79 781.107
  vertex 432.617 -79 782.623
  vertex 432.107 -79 782.832
 endloop
endfacet
facet normal 1.76432E-18 -1 -2.56556E-22
 outer loop
  vertex 432.107 -79 782.832
  vertex 432.617 -79 782.623
  vertex 432.248 -79 783.998
 endloop
endfacet
facet normal 1.76432E-18 -1 -2.56556E-22
 outer loop
  vertex 430.715 -79 784.729
  vertex 432.248 -79 783.998
  vertex 430.909 -79 784.877
 endloop
endfacet
facet normal 1.76432E-18 -1 -2.56556E-22
 outer loop
  vertex 430.715 -79 784.729
  vertex 432.107 -79 782.832
  vertex 432.248 -79 783.998
 endloop
endfacet
facet normal 1.76432E-18 -1 -2.56556E-22
 outer loop
  vertex 430.715 -79 784.729
  vertex 430.465 -79 784.635
  vertex 432.107 -79 782.832
 endloop
endfacet
facet normal 1.76432E-18 -1 -2.56556E-22
 outer loop
  vertex 432.248 -79 783.998
  vertex 432.617 -79 785.373
  vertex 430.909 -79 784.877
 endloop
endfacet
facet normal 1.76432E-18 -1 -2.56556E-22
 outer loop
  vertex 430.909 -79 784.877
  vertex 432.617 -79 785.373
  vertex 432.161 -79 786.129
 endloop
endfacet
facet normal 1.76432E-18 -1 -2.56556E-22
 outer loop
  vertex 432.161 -79 786.129
  vertex 432.617 -79 785.373
  vertex 433.623 -79 786.38
 endloop
endfacet
facet normal 1.76432E-18 -1 -2.56556E-22
 outer loop
  vertex 433.303 -79 786.887
  vertex 433.623 -79 786.38
  vertex 434.645 -79 787.158
 endloop
endfacet
facet normal 1.76432E-18 -1 -2.56556E-22
 outer loop
  vertex 433.303 -79 786.887
  vertex 432.161 -79 786.129
  vertex 433.623 -79 786.38
 endloop
endfacet
facet normal 1.76432E-18 -1 -2.56556E-22
 outer loop
  vertex 433.623 -79 786.38
  vertex 434.998 -79 786.748
  vertex 434.645 -79 787.158
 endloop
endfacet
facet normal 1.76432E-18 -1 -2.56556E-22
 outer loop
  vertex 434.645 -79 787.158
  vertex 434.998 -79 786.748
  vertex 435.987 -79 786.886
 endloop
endfacet
facet normal 1.76432E-18 -1 -2.56556E-22
 outer loop
  vertex 435.987 -79 786.886
  vertex 434.998 -79 786.748
  vertex 436.373 -79 786.38
 endloop
endfacet
facet normal 1.76432E-18 -1 -2.56556E-22
 outer loop
  vertex 437.129 -79 786.129
  vertex 436.373 -79 786.38
  vertex 437.38 -79 785.373
 endloop
endfacet
facet normal 1.76432E-18 -1 -2.56556E-22
 outer loop
  vertex 437.886 -79 784.987
  vertex 437.38 -79 785.373
  vertex 437.748 -79 783.998
 endloop
endfacet
facet normal 1.76432E-18 -1 -2.56556E-22
 outer loop
  vertex 438.158 -79 783.645
  vertex 437.748 -79 783.998
  vertex 437.38 -79 782.623
 endloop
endfacet
facet normal 1.76432E-18 -1 -2.56556E-22
 outer loop
  vertex 437.887 -79 782.303
  vertex 437.38 -79 782.623
  vertex 437.129 -79 781.161
 endloop
endfacet
facet normal 1.76432E-18 -1 -2.56556E-22
 outer loop
  vertex 437.887 -79 782.303
  vertex 438.158 -79 783.645
  vertex 437.38 -79 782.623
 endloop
endfacet
facet normal 1.76432E-18 -1 -2.56556E-22
 outer loop
  vertex 437.38 -79 782.623
  vertex 436.373 -79 781.617
  vertex 437.129 -79 781.161
 endloop
endfacet
facet normal 1.76432E-18 -1 -2.56556E-22
 outer loop
  vertex 437.129 -79 781.161
  vertex 436.373 -79 781.617
  vertex 435.877 -79 779.909
 endloop
endfacet
facet normal 1.76432E-18 -1 -2.56556E-22
 outer loop
  vertex 435.877 -79 779.909
  vertex 436.373 -79 781.617
  vertex 434.998 -79 781.248
 endloop
endfacet
facet normal 1.76432E-18 -1 -2.56556E-22
 outer loop
  vertex 435.724 -79 779.706
  vertex 434.998 -79 781.248
  vertex 433.832 -79 781.107
 endloop
endfacet
facet normal 1.76432E-18 -1 -2.56556E-22
 outer loop
  vertex 435.635 -79 779.465
  vertex 435.724 -79 779.706
  vertex 433.832 -79 781.107
 endloop
endfacet
facet normal 1.76432E-18 -1 -2.56556E-22
 outer loop
  vertex 435.724 -79 779.706
  vertex 435.877 -79 779.909
  vertex 434.998 -79 781.248
 endloop
endfacet
facet normal 1.76432E-18 -1 -2.56556E-22
 outer loop
  vertex 438.158 -79 783.645
  vertex 437.886 -79 784.987
  vertex 437.748 -79 783.998
 endloop
endfacet
facet normal 1.76432E-18 -1 -2.56556E-22
 outer loop
  vertex 437.886 -79 784.987
  vertex 437.129 -79 786.129
  vertex 437.38 -79 785.373
 endloop
endfacet
facet normal 1.76432E-18 -1 -2.56556E-22
 outer loop
  vertex 437.129 -79 786.129
  vertex 435.987 -79 786.886
  vertex 436.373 -79 786.38
 endloop
endfacet
facet normal -0.0695907 -0.997255 0.0252763
 outer loop
  vertex 435.724 -79 779.706
  vertex 435.635 -79 779.465
  vertex 435.858 -79.0164 779.508
 endloop
endfacet
facet normal -0.229209 -0.955892 0.183666
 outer loop
  vertex 436.02 -79.0169 779.759
  vertex 435.858 -79.0164 779.508
  vertex 436.087 -79.0506 779.689
 endloop
endfacet
facet normal -0.122804 -0.98935 0.0781343
 outer loop
  vertex 436.02 -79.0169 779.759
  vertex 435.724 -79 779.706
  vertex 435.858 -79.0164 779.508
 endloop
endfacet
facet normal -0.0531489 -0.997189 0.0528196
 outer loop
  vertex 436.02 -79.0169 779.759
  vertex 435.877 -79 779.909
  vertex 435.724 -79 779.706
 endloop
endfacet
facet normal -0.348742 -0.936011 0.0475679
 outer loop
  vertex 435.899 -79.0438 779.24
  vertex 435.947 -79.0493 779.474
  vertex 435.816 -79.0187 779.309
 endloop
endfacet
facet normal -0.507967 -0.858342 0.0722436
 outer loop
  vertex 435.899 -79.0438 779.24
  vertex 435.993 -79.1026 779.333
  vertex 435.947 -79.0493 779.474
 endloop
endfacet
facet normal -0.589241 -0.792253 0.158524
 outer loop
  vertex 435.947 -79.0493 779.474
  vertex 435.993 -79.1026 779.333
  vertex 436.021 -79.1037 779.446
 endloop
endfacet
facet normal -0.495891 -0.79311 0.353651
 outer loop
  vertex 436.087 -79.0506 779.689
  vertex 436.021 -79.1037 779.446
  vertex 436.143 -79.1064 779.632
 endloop
endfacet
facet normal -0.466962 -0.852009 0.236698
 outer loop
  vertex 436.087 -79.0506 779.689
  vertex 435.947 -79.0493 779.474
  vertex 436.021 -79.1037 779.446
 endloop
endfacet
facet normal -0.315506 -0.931427 0.181382
 outer loop
  vertex 436.087 -79.0506 779.689
  vertex 435.858 -79.0164 779.508
  vertex 435.947 -79.0493 779.474
 endloop
endfacet
facet normal -0.282213 -0.956029 0.0797735
 outer loop
  vertex 435.947 -79.0493 779.474
  vertex 435.858 -79.0164 779.508
  vertex 435.816 -79.0187 779.309
 endloop
endfacet
facet normal -0.143107 -0.98927 0.0294101
 outer loop
  vertex 435.816 -79.0187 779.309
  vertex 435.858 -79.0164 779.508
  vertex 435.635 -79 779.465
 endloop
endfacet
facet normal -0.732226 -0.652496 0.195175
 outer loop
  vertex 435.993 -79.1026 779.333
  vertex 436.068 -79.1797 779.405
  vertex 436.021 -79.1037 779.446
 endloop
endfacet
facet normal -0.777916 -0.568657 0.26735
 outer loop
  vertex 436.021 -79.1037 779.446
  vertex 436.068 -79.1797 779.405
  vertex 436.076 -79.1802 779.427
 endloop
endfacet
facet normal -0.66423 -0.569667 0.484023
 outer loop
  vertex 436.143 -79.1064 779.632
  vertex 436.076 -79.1802 779.427
  vertex 436.184 -79.1846 779.592
 endloop
endfacet
facet normal -0.670155 -0.654532 0.349972
 outer loop
  vertex 436.143 -79.1064 779.632
  vertex 436.021 -79.1037 779.446
  vertex 436.076 -79.1802 779.427
 endloop
endfacet
facet normal -0.838318 -0.461668 0.289975
 outer loop
  vertex 436.068 -79.1797 779.405
  vertex 436.087 -79.2038 779.423
  vertex 436.076 -79.1802 779.427
 endloop
endfacet
facet normal -0.780352 -0.464403 0.418785
 outer loop
  vertex 436.076 -79.1802 779.427
  vertex 436.087 -79.2038 779.423
  vertex 436.184 -79.1846 779.592
 endloop
endfacet
facet normal -0.790602 -0.39008 0.472002
 outer loop
  vertex 436.184 -79.1846 779.592
  vertex 436.087 -79.2038 779.423
  vertex 436.136 -79.2753 779.469
 endloop
endfacet
facet normal -0.758847 -0.18155 0.625452
 outer loop
  vertex 436.211 -79.2801 779.568
  vertex 436.136 -79.2753 779.469
  vertex 436.231 -79.4869 779.556
 endloop
endfacet
facet normal -0.730694 -0.331081 0.597053
 outer loop
  vertex 436.211 -79.2801 779.568
  vertex 436.184 -79.1846 779.592
  vertex 436.136 -79.2753 779.469
 endloop
endfacet
facet normal -0.706864 -0.0261769 0.706864
 outer loop
  vertex 437.614 -86.5955 780.676
  vertex 437.482 -79.4869 780.807
  vertex 436.518 -84.1133 779.672
 endloop
endfacet
facet normal -0.706864 -0.0261769 0.706864
 outer loop
  vertex 436.518 -84.1133 779.672
  vertex 437.482 -79.4869 780.807
  vertex 436.027 -81.2887 779.285
 endloop
endfacet
facet normal -0.706864 -0.0261769 0.706864
 outer loop
  vertex 436.027 -81.2887 779.285
  vertex 437.482 -79.4869 780.807
  vertex 436.231 -79.4869 779.556
 endloop
endfacet
facet normal -0.706864 -0.0261769 0.706864
 outer loop
  vertex 435.899 -79.0438 779.24
  vertex 436.231 -79.4869 779.556
  vertex 436.136 -79.2753 779.469
 endloop
endfacet
facet normal -0.706864 -0.0261769 0.706864
 outer loop
  vertex 436.087 -79.2038 779.423
  vertex 435.899 -79.0438 779.24
  vertex 436.136 -79.2753 779.469
 endloop
endfacet
facet normal -0.706864 -0.0261769 0.706864
 outer loop
  vertex 436.087 -79.2038 779.423
  vertex 436.068 -79.1797 779.405
  vertex 435.899 -79.0438 779.24
 endloop
endfacet
facet normal -0.706864 -0.0261769 0.706864
 outer loop
  vertex 435.899 -79.0438 779.24
  vertex 436.068 -79.1797 779.405
  vertex 435.993 -79.1026 779.333
 endloop
endfacet
facet normal -0.706864 -0.0261769 0.706864
 outer loop
  vertex 435.899 -79.0438 779.24
  vertex 436.027 -81.2887 779.285
  vertex 436.231 -79.4869 779.556
 endloop
endfacet
facet normal 0.706864 -0.0261769 0.706864
 outer loop
  vertex 504.038 -79.079 779.302
  vertex 504.007 -79.1028 779.333
  vertex 504.101 -79.0438 779.24
 endloop
endfacet
facet normal 0.706864 -0.0261769 0.706864
 outer loop
  vertex 504.101 -79.0438 779.24
  vertex 504.007 -79.1028 779.333
  vertex 503.932 -79.1798 779.405
 endloop
endfacet
facet normal 0.706864 -0.0261769 0.706864
 outer loop
  vertex 503.887 -79.2396 779.447
  vertex 504.101 -79.0438 779.24
  vertex 503.932 -79.1798 779.405
 endloop
endfacet
facet normal 0.706864 -0.0261769 0.706864
 outer loop
  vertex 503.887 -79.2396 779.447
  vertex 503.864 -79.2756 779.469
  vertex 504.101 -79.0438 779.24
 endloop
endfacet
facet normal 0.706864 -0.0261769 0.706864
 outer loop
  vertex 504.101 -79.0438 779.24
  vertex 503.864 -79.2756 779.469
  vertex 503.769 -79.4869 779.556
 endloop
endfacet
facet normal 0.706864 -0.0261769 0.706864
 outer loop
  vertex 503.973 -81.2887 779.285
  vertex 503.769 -79.4869 779.556
  vertex 502.518 -79.4869 780.807
 endloop
endfacet
facet normal 0.706864 -0.0261769 0.706864
 outer loop
  vertex 503.482 -84.1134 779.672
  vertex 502.518 -79.4869 780.807
  vertex 502.386 -86.5955 780.676
 endloop
endfacet
facet normal 0.706864 -0.0261769 0.706864
 outer loop
  vertex 503.482 -84.1134 779.672
  vertex 503.973 -81.2887 779.285
  vertex 502.518 -79.4869 780.807
 endloop
endfacet
facet normal 0.706864 -0.0261769 0.706864
 outer loop
  vertex 503.973 -81.2887 779.285
  vertex 504.101 -79.0438 779.24
  vertex 503.769 -79.4869 779.556
 endloop
endfacet
facet normal 0.0531696 -0.997188 0.0528035
 outer loop
  vertex 504.123 -79 779.909
  vertex 503.98 -79.0169 779.758
  vertex 504.271 -79 779.715
 endloop
endfacet
facet normal 0.126817 -0.990268 0.0573275
 outer loop
  vertex 504.271 -79 779.715
  vertex 503.98 -79.0169 779.758
  vertex 504.183 -79.0162 779.312
 endloop
endfacet
facet normal 0.144285 -0.989498 0.00874285
 outer loop
  vertex 504.365 -79 779.465
  vertex 504.183 -79.0162 779.312
  vertex 504.188 -79.0178 779.313
 endloop
endfacet
facet normal 0.0734713 -0.997287 0.00445
 outer loop
  vertex 504.365 -79 779.465
  vertex 504.271 -79 779.715
  vertex 504.183 -79.0162 779.312
 endloop
endfacet
facet normal 0.233796 -0.9585 0.163149
 outer loop
  vertex 503.98 -79.0169 779.758
  vertex 503.914 -79.0506 779.689
  vertex 504.183 -79.0162 779.312
 endloop
endfacet
facet normal 0.328973 -0.936767 0.119349
 outer loop
  vertex 504.183 -79.0162 779.312
  vertex 503.914 -79.0506 779.689
  vertex 504.089 -79.0486 779.306
 endloop
endfacet
facet normal 0.480003 -0.877162 0.0135674
 outer loop
  vertex 504.101 -79.0438 779.24
  vertex 504.089 -79.0486 779.306
  vertex 504.038 -79.079 779.302
 endloop
endfacet
facet normal 0.355812 -0.934537 0.00626188
 outer loop
  vertex 504.101 -79.0438 779.24
  vertex 504.183 -79.0162 779.312
  vertex 504.089 -79.0486 779.306
 endloop
endfacet
facet normal 0.279891 -0.96003 0.00182382
 outer loop
  vertex 504.101 -79.0438 779.24
  vertex 504.188 -79.0178 779.313
  vertex 504.183 -79.0162 779.312
 endloop
endfacet
facet normal 0.471258 -0.856295 0.211366
 outer loop
  vertex 504.089 -79.0486 779.306
  vertex 503.914 -79.0506 779.689
  vertex 503.965 -79.1041 779.48
 endloop
endfacet
facet normal 0.72732 -0.653066 0.210975
 outer loop
  vertex 504.007 -79.1028 779.333
  vertex 503.965 -79.1041 779.48
  vertex 503.932 -79.1798 779.405
 endloop
endfacet
facet normal 0.592721 -0.794417 0.132602
 outer loop
  vertex 504.007 -79.1028 779.333
  vertex 504.089 -79.0486 779.306
  vertex 503.965 -79.1041 779.48
 endloop
endfacet
facet normal 0.574765 -0.81686 0.0488269
 outer loop
  vertex 504.007 -79.1028 779.333
  vertex 504.038 -79.079 779.302
  vertex 504.089 -79.0486 779.306
 endloop
endfacet
facet normal 0.790289 -0.360295 0.495611
 outer loop
  vertex 503.864 -79.2756 779.469
  vertex 503.887 -79.2396 779.447
  vertex 503.816 -79.1846 779.592
 endloop
endfacet
facet normal 0.730935 -0.33108 0.596758
 outer loop
  vertex 503.789 -79.2801 779.567
  vertex 503.864 -79.2756 779.469
  vertex 503.816 -79.1846 779.592
 endloop
endfacet
facet normal 0.758957 -0.181553 0.625318
 outer loop
  vertex 503.789 -79.2801 779.567
  vertex 503.769 -79.4869 779.556
  vertex 503.864 -79.2756 779.469
 endloop
endfacet
facet normal 0.772986 -0.434098 0.462657
 outer loop
  vertex 503.816 -79.1846 779.592
  vertex 503.887 -79.2396 779.447
  vertex 503.911 -79.1808 779.457
 endloop
endfacet
facet normal 0.654322 -0.651339 0.384214
 outer loop
  vertex 503.858 -79.1064 779.632
  vertex 503.911 -79.1808 779.457
  vertex 503.965 -79.1041 779.48
 endloop
endfacet
facet normal 0.488885 -0.79081 0.368254
 outer loop
  vertex 503.914 -79.0506 779.689
  vertex 503.858 -79.1064 779.632
  vertex 503.965 -79.1041 779.48
 endloop
endfacet
facet normal 0.653838 -0.566528 0.501539
 outer loop
  vertex 503.816 -79.1846 779.592
  vertex 503.911 -79.1808 779.457
  vertex 503.858 -79.1064 779.632
 endloop
endfacet
facet normal 0.835828 -0.434474 0.335594
 outer loop
  vertex 503.887 -79.2396 779.447
  vertex 503.932 -79.1798 779.405
  vertex 503.911 -79.1808 779.457
 endloop
endfacet
facet normal 0.765098 -0.568244 0.30286
 outer loop
  vertex 503.911 -79.1808 779.457
  vertex 503.932 -79.1798 779.405
  vertex 503.965 -79.1041 779.48
 endloop
endfacet
facet normal 1.76432E-18 -1 -2.56556E-22
 outer loop
  vertex 507.383 -79 782.623
  vertex 507.893 -79 782.832
  vertex 507.752 -79 783.998
 endloop
endfacet
facet normal 1.76432E-18 -1 -2.56556E-22
 outer loop
  vertex 507.383 -79 782.623
  vertex 506.377 -79 781.617
  vertex 507.893 -79 782.832
 endloop
endfacet
facet normal 1.76432E-18 -1 -2.56556E-22
 outer loop
  vertex 507.893 -79 782.832
  vertex 506.377 -79 781.617
  vertex 506.168 -79 781.107
 endloop
endfacet
facet normal 1.76432E-18 -1 -2.56556E-22
 outer loop
  vertex 506.168 -79 781.107
  vertex 506.377 -79 781.617
  vertex 505.002 -79 781.248
 endloop
endfacet
facet normal 1.76432E-18 -1 -2.56556E-22
 outer loop
  vertex 504.271 -79 779.715
  vertex 505.002 -79 781.248
  vertex 504.123 -79 779.909
 endloop
endfacet
facet normal 1.76432E-18 -1 -2.56556E-22
 outer loop
  vertex 504.271 -79 779.715
  vertex 506.168 -79 781.107
  vertex 505.002 -79 781.248
 endloop
endfacet
facet normal 1.76432E-18 -1 -2.56556E-22
 outer loop
  vertex 504.271 -79 779.715
  vertex 504.365 -79 779.465
  vertex 506.168 -79 781.107
 endloop
endfacet
facet normal 1.76432E-18 -1 -2.56556E-22
 outer loop
  vertex 505.002 -79 781.248
  vertex 503.627 -79 781.617
  vertex 504.123 -79 779.909
 endloop
endfacet
facet normal 1.76432E-18 -1 -2.56556E-22
 outer loop
  vertex 504.123 -79 779.909
  vertex 503.627 -79 781.617
  vertex 502.871 -79 781.161
 endloop
endfacet
facet normal 1.76432E-18 -1 -2.56556E-22
 outer loop
  vertex 502.871 -79 781.161
  vertex 503.627 -79 781.617
  vertex 502.62 -79 782.623
 endloop
endfacet
facet normal 1.76432E-18 -1 -2.56556E-22
 outer loop
  vertex 502.113 -79 782.303
  vertex 502.62 -79 782.623
  vertex 501.842 -79 783.645
 endloop
endfacet
facet normal 1.76432E-18 -1 -2.56556E-22
 outer loop
  vertex 502.113 -79 782.303
  vertex 502.871 -79 781.161
  vertex 502.62 -79 782.623
 endloop
endfacet
facet normal 1.76432E-18 -1 -2.56556E-22
 outer loop
  vertex 502.62 -79 782.623
  vertex 502.252 -79 783.998
  vertex 501.842 -79 783.645
 endloop
endfacet
facet normal 1.76432E-18 -1 -2.56556E-22
 outer loop
  vertex 501.842 -79 783.645
  vertex 502.252 -79 783.998
  vertex 502.114 -79 784.987
 endloop
endfacet
facet normal 1.76432E-18 -1 -2.56556E-22
 outer loop
  vertex 502.114 -79 784.987
  vertex 502.252 -79 783.998
  vertex 502.62 -79 785.373
 endloop
endfacet
facet normal 1.76432E-18 -1 -2.56556E-22
 outer loop
  vertex 502.871 -79 786.129
  vertex 502.62 -79 785.373
  vertex 503.627 -79 786.38
 endloop
endfacet
facet normal 1.76432E-18 -1 -2.56556E-22
 outer loop
  vertex 504.013 -79 786.886
  vertex 503.627 -79 786.38
  vertex 505.002 -79 786.748
 endloop
endfacet
facet normal 1.76432E-18 -1 -2.56556E-22
 outer loop
  vertex 505.355 -79 787.158
  vertex 505.002 -79 786.748
  vertex 506.377 -79 786.38
 endloop
endfacet
facet normal 1.76432E-18 -1 -2.56556E-22
 outer loop
  vertex 506.697 -79 786.887
  vertex 506.377 -79 786.38
  vertex 507.839 -79 786.129
 endloop
endfacet
facet normal 1.76432E-18 -1 -2.56556E-22
 outer loop
  vertex 506.697 -79 786.887
  vertex 505.355 -79 787.158
  vertex 506.377 -79 786.38
 endloop
endfacet
facet normal 1.76432E-18 -1 -2.56556E-22
 outer loop
  vertex 506.377 -79 786.38
  vertex 507.383 -79 785.373
  vertex 507.839 -79 786.129
 endloop
endfacet
facet normal 1.76432E-18 -1 -2.56556E-22
 outer loop
  vertex 507.839 -79 786.129
  vertex 507.383 -79 785.373
  vertex 509.091 -79 784.877
 endloop
endfacet
facet normal 1.76432E-18 -1 -2.56556E-22
 outer loop
  vertex 509.091 -79 784.877
  vertex 507.383 -79 785.373
  vertex 507.752 -79 783.998
 endloop
endfacet
facet normal 1.76432E-18 -1 -2.56556E-22
 outer loop
  vertex 509.294 -79 784.724
  vertex 507.752 -79 783.998
  vertex 507.893 -79 782.832
 endloop
endfacet
facet normal 1.76432E-18 -1 -2.56556E-22
 outer loop
  vertex 509.535 -79 784.635
  vertex 509.294 -79 784.724
  vertex 507.893 -79 782.832
 endloop
endfacet
facet normal 1.76432E-18 -1 -2.56556E-22
 outer loop
  vertex 509.294 -79 784.724
  vertex 509.091 -79 784.877
  vertex 507.752 -79 783.998
 endloop
endfacet
facet normal 1.76432E-18 -1 -2.56556E-22
 outer loop
  vertex 505.355 -79 787.158
  vertex 504.013 -79 786.886
  vertex 505.002 -79 786.748
 endloop
endfacet
facet normal 1.76432E-18 -1 -2.56556E-22
 outer loop
  vertex 504.013 -79 786.886
  vertex 502.871 -79 786.129
  vertex 503.627 -79 786.38
 endloop
endfacet
facet normal 1.76432E-18 -1 -2.56556E-22
 outer loop
  vertex 502.871 -79 786.129
  vertex 502.114 -79 784.987
  vertex 502.62 -79 785.373
 endloop
endfacet
facet normal -0.0252763 -0.997255 -0.0695907
 outer loop
  vertex 509.294 -79 784.724
  vertex 509.535 -79 784.635
  vertex 509.492 -79.0164 784.858
 endloop
endfacet
facet normal -0.183666 -0.955892 -0.229209
 outer loop
  vertex 509.241 -79.0169 785.02
  vertex 509.492 -79.0164 784.858
  vertex 509.311 -79.0506 785.087
 endloop
endfacet
facet normal -0.0781343 -0.98935 -0.122804
 outer loop
  vertex 509.241 -79.0169 785.02
  vertex 509.294 -79 784.724
  vertex 509.492 -79.0164 784.858
 endloop
endfacet
facet normal -0.0528196 -0.997189 -0.0531489
 outer loop
  vertex 509.241 -79.0169 785.02
  vertex 509.091 -79 784.877
  vertex 509.294 -79 784.724
 endloop
endfacet
facet normal -0.0475679 -0.936011 -0.348742
 outer loop
  vertex 509.76 -79.0438 784.899
  vertex 509.526 -79.0493 784.947
  vertex 509.691 -79.0187 784.816
 endloop
endfacet
facet normal -0.0722436 -0.858342 -0.507967
 outer loop
  vertex 509.76 -79.0438 784.899
  vertex 509.667 -79.1026 784.993
  vertex 509.526 -79.0493 784.947
 endloop
endfacet
facet normal -0.158524 -0.792253 -0.589241
 outer loop
  vertex 509.526 -79.0493 784.947
  vertex 509.667 -79.1026 784.993
  vertex 509.554 -79.1037 785.021
 endloop
endfacet
facet normal -0.353651 -0.79311 -0.495891
 outer loop
  vertex 509.311 -79.0506 785.087
  vertex 509.554 -79.1037 785.021
  vertex 509.368 -79.1064 785.143
 endloop
endfacet
facet normal -0.236698 -0.852009 -0.466962
 outer loop
  vertex 509.311 -79.0506 785.087
  vertex 509.526 -79.0493 784.947
  vertex 509.554 -79.1037 785.021
 endloop
endfacet
facet normal -0.181382 -0.931427 -0.315506
 outer loop
  vertex 509.311 -79.0506 785.087
  vertex 509.492 -79.0164 784.858
  vertex 509.526 -79.0493 784.947
 endloop
endfacet
facet normal -0.0797735 -0.956029 -0.282213
 outer loop
  vertex 509.526 -79.0493 784.947
  vertex 509.492 -79.0164 784.858
  vertex 509.691 -79.0187 784.816
 endloop
endfacet
facet normal -0.0294101 -0.98927 -0.143107
 outer loop
  vertex 509.691 -79.0187 784.816
  vertex 509.492 -79.0164 784.858
  vertex 509.535 -79 784.635
 endloop
endfacet
facet normal -0.195175 -0.652496 -0.732226
 outer loop
  vertex 509.667 -79.1026 784.993
  vertex 509.595 -79.1797 785.068
  vertex 509.554 -79.1037 785.021
 endloop
endfacet
facet normal -0.26735 -0.568657 -0.777916
 outer loop
  vertex 509.554 -79.1037 785.021
  vertex 509.595 -79.1797 785.068
  vertex 509.573 -79.1802 785.076
 endloop
endfacet
facet normal -0.484023 -0.569667 -0.66423
 outer loop
  vertex 509.368 -79.1064 785.143
  vertex 509.573 -79.1802 785.076
  vertex 509.408 -79.1846 785.184
 endloop
endfacet
facet normal -0.349972 -0.654532 -0.670155
 outer loop
  vertex 509.368 -79.1064 785.143
  vertex 509.554 -79.1037 785.021
  vertex 509.573 -79.1802 785.076
 endloop
endfacet
facet normal -0.289975 -0.461668 -0.838318
 outer loop
  vertex 509.595 -79.1797 785.068
  vertex 509.577 -79.2038 785.087
  vertex 509.573 -79.1802 785.076
 endloop
endfacet
facet normal -0.418785 -0.464403 -0.780352
 outer loop
  vertex 509.573 -79.1802 785.076
  vertex 509.577 -79.2038 785.087
  vertex 509.408 -79.1846 785.184
 endloop
endfacet
facet normal -0.472002 -0.39008 -0.790602
 outer loop
  vertex 509.408 -79.1846 785.184
  vertex 509.577 -79.2038 785.087
  vertex 509.531 -79.2753 785.136
 endloop
endfacet
facet normal -0.625452 -0.18155 -0.758847
 outer loop
  vertex 509.432 -79.2801 785.211
  vertex 509.531 -79.2753 785.136
  vertex 509.444 -79.4869 785.231
 endloop
endfacet
facet normal -0.597053 -0.331081 -0.730694
 outer loop
  vertex 509.432 -79.2801 785.211
  vertex 509.408 -79.1846 785.184
  vertex 509.531 -79.2753 785.136
 endloop
endfacet
facet normal -0.706864 -0.0261769 -0.706864
 outer loop
  vertex 508.324 -86.5955 786.614
  vertex 508.193 -79.4869 786.482
  vertex 509.328 -84.1133 785.518
 endloop
endfacet
facet normal -0.706864 -0.0261769 -0.706864
 outer loop
  vertex 509.328 -84.1133 785.518
  vertex 508.193 -79.4869 786.482
  vertex 509.715 -81.2887 785.027
 endloop
endfacet
facet normal -0.706864 -0.0261769 -0.706864
 outer loop
  vertex 509.715 -81.2887 785.027
  vertex 508.193 -79.4869 786.482
  vertex 509.444 -79.4869 785.231
 endloop
endfacet
facet normal -0.706864 -0.0261769 -0.706864
 outer loop
  vertex 509.76 -79.0438 784.899
  vertex 509.444 -79.4869 785.231
  vertex 509.531 -79.2753 785.136
 endloop
endfacet
facet normal -0.706864 -0.0261769 -0.706864
 outer loop
  vertex 509.577 -79.2038 785.087
  vertex 509.76 -79.0438 784.899
  vertex 509.531 -79.2753 785.136
 endloop
endfacet
facet normal -0.706864 -0.0261769 -0.706864
 outer loop
  vertex 509.577 -79.2038 785.087
  vertex 509.595 -79.1797 785.068
  vertex 509.76 -79.0438 784.899
 endloop
endfacet
facet normal -0.706864 -0.0261769 -0.706864
 outer loop
  vertex 509.76 -79.0438 784.899
  vertex 509.595 -79.1797 785.068
  vertex 509.667 -79.1026 784.993
 endloop
endfacet
facet normal -0.706864 -0.0261769 -0.706864
 outer loop
  vertex 509.76 -79.0438 784.899
  vertex 509.715 -81.2887 785.027
  vertex 509.444 -79.4869 785.231
 endloop
endfacet
facet normal -0.706864 -0.0261769 0.706864
 outer loop
  vertex 509.698 -79.079 853.038
  vertex 509.667 -79.1028 853.007
  vertex 509.76 -79.0438 853.101
 endloop
endfacet
facet normal -0.706864 -0.0261769 0.706864
 outer loop
  vertex 509.76 -79.0438 853.101
  vertex 509.667 -79.1028 853.007
  vertex 509.595 -79.1798 852.932
 endloop
endfacet
facet normal -0.706864 -0.0261769 0.706864
 outer loop
  vertex 509.553 -79.2396 852.887
  vertex 509.76 -79.0438 853.101
  vertex 509.595 -79.1798 852.932
 endloop
endfacet
facet normal -0.706864 -0.0261769 0.706864
 outer loop
  vertex 509.553 -79.2396 852.887
  vertex 509.531 -79.2756 852.864
  vertex 509.76 -79.0438 853.101
 endloop
endfacet
facet normal -0.706864 -0.0261769 0.706864
 outer loop
  vertex 509.76 -79.0438 853.101
  vertex 509.531 -79.2756 852.864
  vertex 509.444 -79.4869 852.769
 endloop
endfacet
facet normal -0.706864 -0.0261769 0.706864
 outer loop
  vertex 509.715 -81.2887 852.973
  vertex 509.444 -79.4869 852.769
  vertex 508.193 -79.4869 851.518
 endloop
endfacet
facet normal -0.706864 -0.0261769 0.706864
 outer loop
  vertex 509.328 -84.1134 852.482
  vertex 508.193 -79.4869 851.518
  vertex 508.324 -86.5955 851.386
 endloop
endfacet
facet normal -0.706864 -0.0261769 0.706864
 outer loop
  vertex 509.328 -84.1134 852.482
  vertex 509.715 -81.2887 852.973
  vertex 508.193 -79.4869 851.518
 endloop
endfacet
facet normal -0.706864 -0.0261769 0.706864
 outer loop
  vertex 509.715 -81.2887 852.973
  vertex 509.76 -79.0438 853.101
  vertex 509.444 -79.4869 852.769
 endloop
endfacet
facet normal -0.0528035 -0.997188 0.0531696
 outer loop
  vertex 509.091 -79 853.123
  vertex 509.242 -79.0169 852.98
  vertex 509.285 -79 853.271
 endloop
endfacet
facet normal -0.0573275 -0.990268 0.126817
 outer loop
  vertex 509.285 -79 853.271
  vertex 509.242 -79.0169 852.98
  vertex 509.688 -79.0162 853.183
 endloop
endfacet
facet normal -0.00874285 -0.989498 0.144285
 outer loop
  vertex 509.535 -79 853.365
  vertex 509.688 -79.0162 853.183
  vertex 509.687 -79.0178 853.188
 endloop
endfacet
facet normal -0.00445 -0.997287 0.0734713
 outer loop
  vertex 509.535 -79 853.365
  vertex 509.285 -79 853.271
  vertex 509.688 -79.0162 853.183
 endloop
endfacet
facet normal -0.163149 -0.9585 0.233796
 outer loop
  vertex 509.242 -79.0169 852.98
  vertex 509.311 -79.0506 852.914
  vertex 509.688 -79.0162 853.183
 endloop
endfacet
facet normal -0.119349 -0.936767 0.328973
 outer loop
  vertex 509.688 -79.0162 853.183
  vertex 509.311 -79.0506 852.914
  vertex 509.694 -79.0486 853.089
 endloop
endfacet
facet normal -0.0135674 -0.877162 0.480003
 outer loop
  vertex 509.76 -79.0438 853.101
  vertex 509.694 -79.0486 853.089
  vertex 509.698 -79.079 853.038
 endloop
endfacet
facet normal -0.00626188 -0.934537 0.355812
 outer loop
  vertex 509.76 -79.0438 853.101
  vertex 509.688 -79.0162 853.183
  vertex 509.694 -79.0486 853.089
 endloop
endfacet
facet normal -0.00182382 -0.96003 0.279891
 outer loop
  vertex 509.76 -79.0438 853.101
  vertex 509.687 -79.0178 853.188
  vertex 509.688 -79.0162 853.183
 endloop
endfacet
facet normal -0.211366 -0.856295 0.471258
 outer loop
  vertex 509.694 -79.0486 853.089
  vertex 509.311 -79.0506 852.914
  vertex 509.52 -79.1041 852.965
 endloop
endfacet
facet normal -0.210975 -0.653066 0.72732
 outer loop
  vertex 509.667 -79.1028 853.007
  vertex 509.52 -79.1041 852.965
  vertex 509.595 -79.1798 852.932
 endloop
endfacet
facet normal -0.132602 -0.794417 0.592721
 outer loop
  vertex 509.667 -79.1028 853.007
  vertex 509.694 -79.0486 853.089
  vertex 509.52 -79.1041 852.965
 endloop
endfacet
facet normal -0.0488269 -0.81686 0.574765
 outer loop
  vertex 509.667 -79.1028 853.007
  vertex 509.698 -79.079 853.038
  vertex 509.694 -79.0486 853.089
 endloop
endfacet
facet normal -0.495611 -0.360295 0.790289
 outer loop
  vertex 509.531 -79.2756 852.864
  vertex 509.553 -79.2396 852.887
  vertex 509.408 -79.1846 852.816
 endloop
endfacet
facet normal -0.596758 -0.33108 0.730935
 outer loop
  vertex 509.433 -79.2801 852.789
  vertex 509.531 -79.2756 852.864
  vertex 509.408 -79.1846 852.816
 endloop
endfacet
facet normal -0.625318 -0.181553 0.758957
 outer loop
  vertex 509.433 -79.2801 852.789
  vertex 509.444 -79.4869 852.769
  vertex 509.531 -79.2756 852.864
 endloop
endfacet
facet normal -0.462657 -0.434098 0.772986
 outer loop
  vertex 509.408 -79.1846 852.816
  vertex 509.553 -79.2396 852.887
  vertex 509.543 -79.1808 852.911
 endloop
endfacet
facet normal -0.384214 -0.651339 0.654322
 outer loop
  vertex 509.368 -79.1064 852.858
  vertex 509.543 -79.1808 852.911
  vertex 509.52 -79.1041 852.965
 endloop
endfacet
facet normal -0.368254 -0.79081 0.488885
 outer loop
  vertex 509.311 -79.0506 852.914
  vertex 509.368 -79.1064 852.858
  vertex 509.52 -79.1041 852.965
 endloop
endfacet
facet normal -0.501539 -0.566528 0.653838
 outer loop
  vertex 509.408 -79.1846 852.816
  vertex 509.543 -79.1808 852.911
  vertex 509.368 -79.1064 852.858
 endloop
endfacet
facet normal -0.335594 -0.434474 0.835828
 outer loop
  vertex 509.553 -79.2396 852.887
  vertex 509.595 -79.1798 852.932
  vertex 509.543 -79.1808 852.911
 endloop
endfacet
facet normal -0.30286 -0.568244 0.765098
 outer loop
  vertex 509.543 -79.1808 852.911
  vertex 509.595 -79.1798 852.932
  vertex 509.52 -79.1041 852.965
 endloop
endfacet
facet normal 1.76432E-18 -1 -2.56556E-22
 outer loop
  vertex 502.871 -79 856.839
  vertex 502.113 -79 855.697
  vertex 502.62 -79 855.377
 endloop
endfacet
facet normal 1.76432E-18 -1 -2.56556E-22
 outer loop
  vertex 503.627 -79 856.383
  vertex 502.871 -79 856.839
  vertex 502.62 -79 855.377
 endloop
endfacet
facet normal 1.76432E-18 -1 -2.56556E-22
 outer loop
  vertex 503.627 -79 856.383
  vertex 504.123 -79 858.091
  vertex 502.871 -79 856.839
 endloop
endfacet
facet normal 1.76432E-18 -1 -2.56556E-22
 outer loop
  vertex 503.627 -79 856.383
  vertex 505.002 -79 856.752
  vertex 504.123 -79 858.091
 endloop
endfacet
facet normal 1.76432E-18 -1 -2.56556E-22
 outer loop
  vertex 504.123 -79 858.091
  vertex 505.002 -79 856.752
  vertex 504.276 -79 858.294
 endloop
endfacet
facet normal 1.76432E-18 -1 -2.56556E-22
 outer loop
  vertex 504.276 -79 858.294
  vertex 505.002 -79 856.752
  vertex 506.168 -79 856.893
 endloop
endfacet
facet normal 1.76432E-18 -1 -2.56556E-22
 outer loop
  vertex 504.365 -79 858.535
  vertex 504.276 -79 858.294
  vertex 506.168 -79 856.893
 endloop
endfacet
facet normal 1.76432E-18 -1 -2.56556E-22
 outer loop
  vertex 505.002 -79 856.752
  vertex 506.377 -79 856.383
  vertex 506.168 -79 856.893
 endloop
endfacet
facet normal 1.76432E-18 -1 -2.56556E-22
 outer loop
  vertex 506.168 -79 856.893
  vertex 506.377 -79 856.383
  vertex 507.383 -79 855.377
 endloop
endfacet
facet normal 1.76432E-18 -1 -2.56556E-22
 outer loop
  vertex 507.893 -79 855.168
  vertex 507.383 -79 855.377
  vertex 507.752 -79 854.002
 endloop
endfacet
facet normal 1.76432E-18 -1 -2.56556E-22
 outer loop
  vertex 509.285 -79 853.271
  vertex 507.752 -79 854.002
  vertex 509.091 -79 853.123
 endloop
endfacet
facet normal 1.76432E-18 -1 -2.56556E-22
 outer loop
  vertex 509.285 -79 853.271
  vertex 507.893 -79 855.168
  vertex 507.752 -79 854.002
 endloop
endfacet
facet normal 1.76432E-18 -1 -2.56556E-22
 outer loop
  vertex 509.285 -79 853.271
  vertex 509.535 -79 853.365
  vertex 507.893 -79 855.168
 endloop
endfacet
facet normal 1.76432E-18 -1 -2.56556E-22
 outer loop
  vertex 507.752 -79 854.002
  vertex 507.383 -79 852.627
  vertex 509.091 -79 853.123
 endloop
endfacet
facet normal 1.76432E-18 -1 -2.56556E-22
 outer loop
  vertex 509.091 -79 853.123
  vertex 507.383 -79 852.627
  vertex 507.839 -79 851.871
 endloop
endfacet
facet normal 1.76432E-18 -1 -2.56556E-22
 outer loop
  vertex 507.839 -79 851.871
  vertex 507.383 -79 852.627
  vertex 506.377 -79 851.62
 endloop
endfacet
facet normal 1.76432E-18 -1 -2.56556E-22
 outer loop
  vertex 506.697 -79 851.113
  vertex 506.377 -79 851.62
  vertex 505.355 -79 850.842
 endloop
endfacet
facet normal 1.76432E-18 -1 -2.56556E-22
 outer loop
  vertex 506.697 -79 851.113
  vertex 507.839 -79 851.871
  vertex 506.377 -79 851.62
 endloop
endfacet
facet normal 1.76432E-18 -1 -2.56556E-22
 outer loop
  vertex 506.377 -79 851.62
  vertex 505.002 -79 851.252
  vertex 505.355 -79 850.842
 endloop
endfacet
facet normal 1.76432E-18 -1 -2.56556E-22
 outer loop
  vertex 505.355 -79 850.842
  vertex 505.002 -79 851.252
  vertex 504.013 -79 851.114
 endloop
endfacet
facet normal 1.76432E-18 -1 -2.56556E-22
 outer loop
  vertex 504.013 -79 851.114
  vertex 505.002 -79 851.252
  vertex 503.627 -79 851.62
 endloop
endfacet
facet normal 1.76432E-18 -1 -2.56556E-22
 outer loop
  vertex 502.871 -79 851.871
  vertex 503.627 -79 851.62
  vertex 502.62 -79 852.627
 endloop
endfacet
facet normal 1.76432E-18 -1 -2.56556E-22
 outer loop
  vertex 502.114 -79 853.013
  vertex 502.62 -79 852.627
  vertex 502.252 -79 854.002
 endloop
endfacet
facet normal 1.76432E-18 -1 -2.56556E-22
 outer loop
  vertex 501.842 -79 854.355
  vertex 502.252 -79 854.002
  vertex 502.62 -79 855.377
 endloop
endfacet
facet normal 1.76432E-18 -1 -2.56556E-22
 outer loop
  vertex 502.113 -79 855.697
  vertex 501.842 -79 854.355
  vertex 502.62 -79 855.377
 endloop
endfacet
facet normal 1.76432E-18 -1 -2.56556E-22
 outer loop
  vertex 507.893 -79 855.168
  vertex 506.168 -79 856.893
  vertex 507.383 -79 855.377
 endloop
endfacet
facet normal 1.76432E-18 -1 -2.56556E-22
 outer loop
  vertex 501.842 -79 854.355
  vertex 502.114 -79 853.013
  vertex 502.252 -79 854.002
 endloop
endfacet
facet normal 1.76432E-18 -1 -2.56556E-22
 outer loop
  vertex 502.114 -79 853.013
  vertex 502.871 -79 851.871
  vertex 502.62 -79 852.627
 endloop
endfacet
facet normal 1.76432E-18 -1 -2.56556E-22
 outer loop
  vertex 502.871 -79 851.871
  vertex 504.013 -79 851.114
  vertex 503.627 -79 851.62
 endloop
endfacet
facet normal 0.0695907 -0.997255 -0.0252763
 outer loop
  vertex 504.276 -79 858.294
  vertex 504.365 -79 858.535
  vertex 504.142 -79.0164 858.492
 endloop
endfacet
facet normal 0.229209 -0.955892 -0.183666
 outer loop
  vertex 503.98 -79.0169 858.241
  vertex 504.142 -79.0164 858.492
  vertex 503.913 -79.0506 858.311
 endloop
endfacet
facet normal 0.122804 -0.98935 -0.0781343
 outer loop
  vertex 503.98 -79.0169 858.241
  vertex 504.276 -79 858.294
  vertex 504.142 -79.0164 858.492
 endloop
endfacet
facet normal 0.0531489 -0.997189 -0.0528196
 outer loop
  vertex 503.98 -79.0169 858.241
  vertex 504.123 -79 858.091
  vertex 504.276 -79 858.294
 endloop
endfacet
facet normal 0.348742 -0.936011 -0.0475679
 outer loop
  vertex 504.101 -79.0438 858.76
  vertex 504.053 -79.0493 858.526
  vertex 504.184 -79.0187 858.691
 endloop
endfacet
facet normal 0.507967 -0.858342 -0.0722436
 outer loop
  vertex 504.101 -79.0438 858.76
  vertex 504.007 -79.1026 858.667
  vertex 504.053 -79.0493 858.526
 endloop
endfacet
facet normal 0.589241 -0.792253 -0.158524
 outer loop
  vertex 504.053 -79.0493 858.526
  vertex 504.007 -79.1026 858.667
  vertex 503.979 -79.1037 858.554
 endloop
endfacet
facet normal 0.495891 -0.79311 -0.353651
 outer loop
  vertex 503.913 -79.0506 858.311
  vertex 503.979 -79.1037 858.554
  vertex 503.857 -79.1064 858.368
 endloop
endfacet
facet normal 0.466962 -0.852009 -0.236698
 outer loop
  vertex 503.913 -79.0506 858.311
  vertex 504.053 -79.0493 858.526
  vertex 503.979 -79.1037 858.554
 endloop
endfacet
facet normal 0.315506 -0.931427 -0.181382
 outer loop
  vertex 503.913 -79.0506 858.311
  vertex 504.142 -79.0164 858.492
  vertex 504.053 -79.0493 858.526
 endloop
endfacet
facet normal 0.282213 -0.956029 -0.0797735
 outer loop
  vertex 504.053 -79.0493 858.526
  vertex 504.142 -79.0164 858.492
  vertex 504.184 -79.0187 858.691
 endloop
endfacet
facet normal 0.143107 -0.98927 -0.0294101
 outer loop
  vertex 504.184 -79.0187 858.691
  vertex 504.142 -79.0164 858.492
  vertex 504.365 -79 858.535
 endloop
endfacet
facet normal 0.732226 -0.652496 -0.195175
 outer loop
  vertex 504.007 -79.1026 858.667
  vertex 503.932 -79.1797 858.595
  vertex 503.979 -79.1037 858.554
 endloop
endfacet
facet normal 0.777916 -0.568657 -0.26735
 outer loop
  vertex 503.979 -79.1037 858.554
  vertex 503.932 -79.1797 858.595
  vertex 503.924 -79.1802 858.573
 endloop
endfacet
facet normal 0.66423 -0.569667 -0.484023
 outer loop
  vertex 503.857 -79.1064 858.368
  vertex 503.924 -79.1802 858.573
  vertex 503.816 -79.1846 858.408
 endloop
endfacet
facet normal 0.670155 -0.654532 -0.349972
 outer loop
  vertex 503.857 -79.1064 858.368
  vertex 503.979 -79.1037 858.554
  vertex 503.924 -79.1802 858.573
 endloop
endfacet
facet normal 0.838318 -0.461668 -0.289975
 outer loop
  vertex 503.932 -79.1797 858.595
  vertex 503.913 -79.2038 858.577
  vertex 503.924 -79.1802 858.573
 endloop
endfacet
facet normal 0.780352 -0.464403 -0.418785
 outer loop
  vertex 503.924 -79.1802 858.573
  vertex 503.913 -79.2038 858.577
  vertex 503.816 -79.1846 858.408
 endloop
endfacet
facet normal 0.790602 -0.39008 -0.472002
 outer loop
  vertex 503.816 -79.1846 858.408
  vertex 503.913 -79.2038 858.577
  vertex 503.864 -79.2753 858.531
 endloop
endfacet
facet normal 0.758847 -0.18155 -0.625452
 outer loop
  vertex 503.789 -79.2801 858.432
  vertex 503.864 -79.2753 858.531
  vertex 503.769 -79.4869 858.444
 endloop
endfacet
facet normal 0.730694 -0.331081 -0.597053
 outer loop
  vertex 503.789 -79.2801 858.432
  vertex 503.816 -79.1846 858.408
  vertex 503.864 -79.2753 858.531
 endloop
endfacet
facet normal 0.706864 -0.0261769 -0.706864
 outer loop
  vertex 502.386 -86.5955 857.324
  vertex 502.518 -79.4869 857.193
  vertex 503.482 -84.1133 858.328
 endloop
endfacet
facet normal 0.706864 -0.0261769 -0.706864
 outer loop
  vertex 503.482 -84.1133 858.328
  vertex 502.518 -79.4869 857.193
  vertex 503.973 -81.2887 858.715
 endloop
endfacet
facet normal 0.706864 -0.0261769 -0.706864
 outer loop
  vertex 503.973 -81.2887 858.715
  vertex 502.518 -79.4869 857.193
  vertex 503.769 -79.4869 858.444
 endloop
endfacet
facet normal 0.706864 -0.0261769 -0.706864
 outer loop
  vertex 504.101 -79.0438 858.76
  vertex 503.769 -79.4869 858.444
  vertex 503.864 -79.2753 858.531
 endloop
endfacet
facet normal 0.706864 -0.0261769 -0.706864
 outer loop
  vertex 503.913 -79.2038 858.577
  vertex 504.101 -79.0438 858.76
  vertex 503.864 -79.2753 858.531
 endloop
endfacet
facet normal 0.706864 -0.0261769 -0.706864
 outer loop
  vertex 503.913 -79.2038 858.577
  vertex 503.932 -79.1797 858.595
  vertex 504.101 -79.0438 858.76
 endloop
endfacet
facet normal 0.706864 -0.0261769 -0.706864
 outer loop
  vertex 504.101 -79.0438 858.76
  vertex 503.932 -79.1797 858.595
  vertex 504.007 -79.1026 858.667
 endloop
endfacet
facet normal 0.706864 -0.0261769 -0.706864
 outer loop
  vertex 504.101 -79.0438 858.76
  vertex 503.973 -81.2887 858.715
  vertex 503.769 -79.4869 858.444
 endloop
endfacet
facet normal -1.76432E-18 1 2.56556E-22
 outer loop
  vertex 470 74.5 870.02
  vertex 487.45 74.5 866.943
  vertex 452.55 74.5 866.943
 endloop
endfacet
facet normal -1.76432E-18 1 2.56556E-22
 outer loop
  vertex 452.55 74.5 866.943
  vertex 487.45 74.5 866.943
  vertex 437.205 74.5 858.084
 endloop
endfacet
facet normal -1.76432E-18 1 2.56556E-22
 outer loop
  vertex 437.205 74.5 858.084
  vertex 487.45 74.5 866.943
  vertex 502.795 74.5 858.084
 endloop
endfacet
facet normal -1.76432E-18 1 2.56556E-22
 outer loop
  vertex 425.815 74.5 844.51
  vertex 502.795 74.5 858.084
  vertex 514.185 74.5 844.51
 endloop
endfacet
facet normal -1.76432E-18 1 2.56556E-22
 outer loop
  vertex 419.755 74.5 827.86
  vertex 514.185 74.5 844.51
  vertex 520.245 74.5 827.86
 endloop
endfacet
facet normal -1.76432E-18 1 2.56556E-22
 outer loop
  vertex 419.755 74.5 810.14
  vertex 520.245 74.5 827.86
  vertex 520.245 74.5 810.14
 endloop
endfacet
facet normal -1.76432E-18 1 2.56556E-22
 outer loop
  vertex 425.815 74.5 793.49
  vertex 520.245 74.5 810.14
  vertex 514.185 74.5 793.49
 endloop
endfacet
facet normal -1.76432E-18 1 2.56556E-22
 outer loop
  vertex 437.205 74.5 779.916
  vertex 514.185 74.5 793.49
  vertex 502.795 74.5 779.916
 endloop
endfacet
facet normal -1.76432E-18 1 2.56556E-22
 outer loop
  vertex 452.55 74.5 771.057
  vertex 502.795 74.5 779.916
  vertex 487.45 74.5 771.057
 endloop
endfacet
facet normal -1.76432E-18 1 2.56556E-22
 outer loop
  vertex 470 74.5 767.98
  vertex 452.55 74.5 771.057
  vertex 487.45 74.5 771.057
 endloop
endfacet
facet normal -1.76432E-18 1 2.56556E-22
 outer loop
  vertex 452.55 74.5 771.057
  vertex 437.205 74.5 779.916
  vertex 502.795 74.5 779.916
 endloop
endfacet
facet normal -1.76432E-18 1 2.56556E-22
 outer loop
  vertex 437.205 74.5 779.916
  vertex 425.815 74.5 793.49
  vertex 514.185 74.5 793.49
 endloop
endfacet
facet normal -1.76432E-18 1 2.56556E-22
 outer loop
  vertex 425.815 74.5 793.49
  vertex 419.755 74.5 810.14
  vertex 520.245 74.5 810.14
 endloop
endfacet
facet normal -1.76432E-18 1 2.56556E-22
 outer loop
  vertex 419.755 74.5 810.14
  vertex 419.755 74.5 827.86
  vertex 520.245 74.5 827.86
 endloop
endfacet
facet normal -1.76432E-18 1 2.56556E-22
 outer loop
  vertex 419.755 74.5 827.86
  vertex 425.815 74.5 844.51
  vertex 514.185 74.5 844.51
 endloop
endfacet
facet normal -1.76432E-18 1 2.56556E-22
 outer loop
  vertex 425.815 74.5 844.51
  vertex 437.205 74.5 858.084
  vertex 502.795 74.5 858.084
 endloop
endfacet
facet normal 1 -1.76432E-18 -5.33443E-17
 outer loop
  vertex 538 52.75 899
  vertex 538 49.5688 917.042
  vertex 538 49.5688 880.958
 endloop
endfacet
facet normal 1 -1.76432E-18 -5.33443E-17
 outer loop
  vertex 538 49.5688 880.958
  vertex 538 49.5688 917.042
  vertex 538 40.4088 865.093
 endloop
endfacet
facet normal 1 -1.76432E-18 -5.33443E-17
 outer loop
  vertex 538 40.4088 865.093
  vertex 538 49.5688 917.042
  vertex 538 40.4088 932.907
 endloop
endfacet
facet normal 1 -1.76432E-18 -5.33443E-17
 outer loop
  vertex 538 26.375 853.317
  vertex 538 40.4088 932.907
  vertex 538 26.375 944.683
 endloop
endfacet
facet normal 1 -1.76432E-18 -5.33443E-17
 outer loop
  vertex 538 9.15994 847.051
  vertex 538 26.375 944.683
  vertex 538 9.15994 950.949
 endloop
endfacet
facet normal 1 -1.76432E-18 -5.33443E-17
 outer loop
  vertex 538 -9.15994 847.051
  vertex 538 9.15994 950.949
  vertex 538 5.51105E-15 951.75
 endloop
endfacet
facet normal 1 -1.76432E-18 -5.33443E-17
 outer loop
  vertex 538 -9.15994 950.949
  vertex 538 -9.15994 847.051
  vertex 538 5.51105E-15 951.75
 endloop
endfacet
facet normal 1 -1.76432E-18 -5.33443E-17
 outer loop
  vertex 538 -9.15994 950.949
  vertex 538 -26.375 853.317
  vertex 538 -9.15994 847.051
 endloop
endfacet
facet normal 1 -1.76432E-18 -5.33443E-17
 outer loop
  vertex 538 -9.15994 950.949
  vertex 538 -26.375 944.683
  vertex 538 -26.375 853.317
 endloop
endfacet
facet normal 1 -1.76432E-18 -5.33443E-17
 outer loop
  vertex 538 -26.375 853.317
  vertex 538 -26.375 944.683
  vertex 538 -40.4088 865.093
 endloop
endfacet
facet normal 1 -1.76432E-18 -5.33443E-17
 outer loop
  vertex 538 -40.4088 865.093
  vertex 538 -26.375 944.683
  vertex 538 -40.4088 932.907
 endloop
endfacet
facet normal 1 -1.76432E-18 -5.33443E-17
 outer loop
  vertex 538 -49.5688 880.958
  vertex 538 -40.4088 932.907
  vertex 538 -49.5688 917.042
 endloop
endfacet
facet normal 1 -1.76432E-18 -5.33443E-17
 outer loop
  vertex 538 -52.75 899
  vertex 538 -49.5688 880.958
  vertex 538 -49.5688 917.042
 endloop
endfacet
facet normal 1 -1.76432E-18 -5.33443E-17
 outer loop
  vertex 538 -49.5688 880.958
  vertex 538 -40.4088 865.093
  vertex 538 -40.4088 932.907
 endloop
endfacet
facet normal 1 -1.76432E-18 -5.33443E-17
 outer loop
  vertex 538 -9.15994 847.051
  vertex 538 9.15994 847.051
  vertex 538 9.15994 950.949
 endloop
endfacet
facet normal 1 -1.76432E-18 -5.33443E-17
 outer loop
  vertex 538 9.15994 847.051
  vertex 538 26.375 853.317
  vertex 538 26.375 944.683
 endloop
endfacet
facet normal 1 -1.76432E-18 -5.33443E-17
 outer loop
  vertex 538 26.375 853.317
  vertex 538 40.4088 865.093
  vertex 538 40.4088 932.907
 endloop
endfacet
facet normal -0.103255 0.949396 -0.296624
 outer loop
  vertex 441.402 45.5811 872.45
  vertex 446.161 46.2078 873.232
  vertex 446.783 46.0677 871.938
 endloop
endfacet
facet normal -0.278842 0.959337 -0.0438201
 outer loop
  vertex 441.619 44.5876 869.555
  vertex 446.783 46.0677 871.938
  vertex 442.347 44.7862 868.192
 endloop
endfacet
facet normal -0.462514 0.881581 0.0943211
 outer loop
  vertex 437.775 42.838 865.523
  vertex 442.347 44.7862 868.192
  vertex 438.474 43.4081 864.163
 endloop
endfacet
facet normal -0.643887 0.735871 0.20953
 outer loop
  vertex 434.463 40.9257 861.275
  vertex 438.474 43.4081 864.163
  vertex 434.97 41.8042 859.982
 endloop
endfacet
facet normal -0.773983 0.545464 0.321589
 outer loop
  vertex 431.502 38.7227 856.949
  vertex 434.97 41.8042 859.982
  vertex 433.354 41.4009 857.314
 endloop
endfacet
facet normal -0.810501 0.352316 0.467932
 outer loop
  vertex 431.699 39.7554 855.76
  vertex 433.354 41.4009 857.314
  vertex 431.571 40.8732 854.8
 endloop
endfacet
facet normal -0.802323 0.158813 0.575375
 outer loop
  vertex 430.046 39.0426 853.204
  vertex 431.571 40.8732 854.8
  vertex 430.29 40.8833 853.134
 endloop
endfacet
facet normal -0.796155 0.0981353 0.597081
 outer loop
  vertex 428.83 38.9155 851.486
  vertex 430.046 39.0426 853.204
  vertex 430.29 40.8833 853.134
 endloop
endfacet
facet normal -0.830383 0.153043 0.535763
 outer loop
  vertex 428.83 38.9155 851.486
  vertex 428.65 37.0669 851.631
  vertex 430.046 39.0426 853.204
 endloop
endfacet
facet normal -0.822077 0.0950941 0.561379
 outer loop
  vertex 428.83 38.9155 851.486
  vertex 427.508 36.8093 849.88
  vertex 428.65 37.0669 851.631
 endloop
endfacet
facet normal -0.855262 0.146684 0.497001
 outer loop
  vertex 428.65 37.0669 851.631
  vertex 427.508 36.8093 849.88
  vertex 427.375 34.9414 850.092
 endloop
endfacet
facet normal -0.895551 0.307902 0.321223
 outer loop
  vertex 428.781 36.0567 852.699
  vertex 427.375 34.9414 850.092
  vertex 427.503 33.9933 851.211
 endloop
endfacet
facet normal -0.886444 0.452296 0.0982087
 outer loop
  vertex 428.566 35.1248 853.96
  vertex 427.503 33.9933 851.211
  vertex 426.1 30.9702 851.091
 endloop
endfacet
facet normal -0.810873 0.567277 -0.143811
 outer loop
  vertex 427.971 34.3912 855.303
  vertex 426.1 30.9702 851.091
  vertex 425.47 30.3316 852.452
 endloop
endfacet
facet normal -0.668777 0.649527 -0.361735
 outer loop
  vertex 427.039 33.9495 856.581
  vertex 425.47 30.3316 852.452
  vertex 424.495 29.9462 853.7
 endloop
endfacet
facet normal -0.482027 0.683198 -0.548534
 outer loop
  vertex 425.89 33.8311 857.662
  vertex 424.495 29.9462 853.7
  vertex 423.294 29.841 854.71
 endloop
endfacet
facet normal -0.142936 0.58844 -0.795807
 outer loop
  vertex 421.426 31.3972 856.612
  vertex 423.294 29.841 854.71
  vertex 419.123 26.9359 853.646
 endloop
endfacet
facet normal -0.280167 0.676101 -0.681464
 outer loop
  vertex 421.426 31.3972 856.612
  vertex 425.89 33.8311 857.662
  vertex 423.294 29.841 854.71
 endloop
endfacet
facet normal -0.203137 0.693416 -0.69131
 outer loop
  vertex 421.426 31.3972 856.612
  vertex 424.666 34.0002 858.469
  vertex 425.89 33.8311 857.662
 endloop
endfacet
facet normal -0.0657762 0.658793 -0.749443
 outer loop
  vertex 421.426 31.3972 856.612
  vertex 424.345 35.4159 859.907
  vertex 424.666 34.0002 858.469
 endloop
endfacet
facet normal -0.129346 0.717217 -0.68474
 outer loop
  vertex 424.666 34.0002 858.469
  vertex 424.345 35.4159 859.907
  vertex 426.189 35.8015 860.049
 endloop
endfacet
facet normal -0.328078 0.764625 -0.554718
 outer loop
  vertex 425.89 33.8311 857.662
  vertex 426.189 35.8015 860.049
  vertex 427.377 35.6227 859.188
 endloop
endfacet
facet normal -0.515865 0.774956 -0.365139
 outer loop
  vertex 427.039 33.9495 856.581
  vertex 427.377 35.6227 859.188
  vertex 430.077 37.4179 859.577
 endloop
endfacet
facet normal -0.67246 0.727197 -0.137776
 outer loop
  vertex 427.971 34.3912 855.303
  vertex 430.077 37.4179 859.577
  vertex 430.947 37.9088 858.268
 endloop
endfacet
facet normal -0.785663 0.612811 0.0848335
 outer loop
  vertex 428.566 35.1248 853.96
  vertex 430.947 37.9088 858.268
  vertex 431.502 38.7227 856.949
 endloop
endfacet
facet normal -0.829533 0.462552 0.312923
 outer loop
  vertex 430.177 37.9756 854.219
  vertex 431.502 38.7227 856.949
  vertex 431.699 39.7554 855.76
 endloop
endfacet
facet normal -0.825119 0.282139 0.489464
 outer loop
  vertex 430.046 39.0426 853.204
  vertex 431.699 39.7554 855.76
  vertex 431.571 40.8732 854.8
 endloop
endfacet
facet normal -0.84266 0.339089 0.418262
 outer loop
  vertex 430.046 39.0426 853.204
  vertex 430.177 37.9756 854.219
  vertex 431.699 39.7554 855.76
 endloop
endfacet
facet normal -0.85457 0.270789 0.443151
 outer loop
  vertex 430.046 39.0426 853.204
  vertex 428.65 37.0669 851.631
  vertex 430.177 37.9756 854.219
 endloop
endfacet
facet normal -0.870953 0.324251 0.369191
 outer loop
  vertex 430.177 37.9756 854.219
  vertex 428.65 37.0669 851.631
  vertex 428.781 36.0567 852.699
 endloop
endfacet
facet normal -0.883906 0.42026 0.205161
 outer loop
  vertex 428.566 35.1248 853.96
  vertex 428.781 36.0567 852.699
  vertex 427.503 33.9933 851.211
 endloop
endfacet
facet normal -0.868494 0.433953 0.239589
 outer loop
  vertex 428.566 35.1248 853.96
  vertex 430.177 37.9756 854.219
  vertex 428.781 36.0567 852.699
 endloop
endfacet
facet normal -0.838399 0.503846 0.20791
 outer loop
  vertex 428.566 35.1248 853.96
  vertex 431.502 38.7227 856.949
  vertex 430.177 37.9756 854.219
 endloop
endfacet
facet normal -0.144595 0.983775 -0.106206
 outer loop
  vertex 446.783 46.0677 871.938
  vertex 451.791 47.2535 875.206
  vertex 452.258 47.1381 873.861
 endloop
endfacet
facet normal -0.203483 0.968505 0.143503
 outer loop
  vertex 447.369 46.2921 870.531
  vertex 452.258 47.1381 873.861
  vertex 458.318 48.1294 873.828
 endloop
endfacet
facet normal -0.227318 0.883678 0.409193
 outer loop
  vertex 453.062 48.0264 871.03
  vertex 458.318 48.1294 873.828
  vertex 455.776 48.4457 871.795
 endloop
endfacet
facet normal -0.282333 0.736297 0.614943
 outer loop
  vertex 453.307 49.0154 869.828
  vertex 455.776 48.4457 871.795
  vertex 455.982 49.4381 870.598
 endloop
endfacet
facet normal -0.304923 0.543571 0.782018
 outer loop
  vertex 453.414 50.2379 868.924
  vertex 455.982 49.4381 870.598
  vertex 456.074 50.6616 869.708
 endloop
endfacet
facet normal -0.282888 0.188366 0.940475
 outer loop
  vertex 452.37 52.6615 867.807
  vertex 456.074 50.6616 869.708
  vertex 458.17 53.5303 869.491
 endloop
endfacet
facet normal -0.326393 0.335445 0.88371
 outer loop
  vertex 452.37 52.6615 867.807
  vertex 453.414 50.2379 868.924
  vertex 456.074 50.6616 869.708
 endloop
endfacet
facet normal -0.384707 0.335753 0.859808
 outer loop
  vertex 452.37 52.6615 867.807
  vertex 448.302 49.1093 866.987
  vertex 453.414 50.2379 868.924
 endloop
endfacet
facet normal -0.410667 0.188071 0.892178
 outer loop
  vertex 452.37 52.6615 867.807
  vertex 447.145 51.4239 865.645
  vertex 448.302 49.1093 866.987
 endloop
endfacet
facet normal -0.493733 0.333547 0.803103
 outer loop
  vertex 448.302 49.1093 866.987
  vertex 447.145 51.4239 865.645
  vertex 443.483 47.5426 864.59
 endloop
endfacet
facet normal -0.516302 0.605305 0.605837
 outer loop
  vertex 448.169 47.8935 867.924
  vertex 443.483 47.5426 864.59
  vertex 443.33 46.3439 865.574
 endloop
endfacet
facet normal -0.468205 0.781163 0.413
 outer loop
  vertex 447.85 46.9156 869.144
  vertex 443.33 46.3439 865.574
  vertex 442.941 45.3861 866.815
 endloop
endfacet
facet normal -0.386021 0.903031 0.188476
 outer loop
  vertex 447.369 46.2921 870.531
  vertex 442.941 45.3861 866.815
  vertex 442.347 44.7862 868.192
 endloop
endfacet
facet normal -0.295045 0.953599 0.0599777
 outer loop
  vertex 446.783 46.0677 871.938
  vertex 447.369 46.2921 870.531
  vertex 442.347 44.7862 868.192
 endloop
endfacet
facet normal -0.220639 0.974948 0.0281743
 outer loop
  vertex 446.783 46.0677 871.938
  vertex 452.258 47.1381 873.861
  vertex 447.369 46.2921 870.531
 endloop
endfacet
facet normal -0.236497 0.792034 0.562807
 outer loop
  vertex 455.776 48.4457 871.795
  vertex 458.561 48.7826 872.432
  vertex 455.982 49.4381 870.598
 endloop
endfacet
facet normal -0.195217 0.884155 0.424453
 outer loop
  vertex 455.776 48.4457 871.795
  vertex 458.318 48.1294 873.828
  vertex 458.561 48.7826 872.432
 endloop
endfacet
facet normal -0.163102 0.884666 0.436765
 outer loop
  vertex 458.561 48.7826 872.432
  vertex 458.318 48.1294 873.828
  vertex 461.382 49.0385 872.932
 endloop
endfacet
facet normal -0.17684 0.736283 0.653157
 outer loop
  vertex 458.727 49.7773 871.241
  vertex 461.382 49.0385 872.932
  vertex 461.506 50.0347 871.745
 endloop
endfacet
facet normal -0.19123 0.5433 0.817469
 outer loop
  vertex 458.803 51.0009 870.36
  vertex 461.506 50.0347 871.745
  vertex 461.564 51.2581 870.872
 endloop
endfacet
facet normal -0.171042 0.188183 0.967126
 outer loop
  vertex 458.17 53.5303 869.491
  vertex 461.564 51.2581 870.872
  vertex 464.026 54.01 870.494
 endloop
endfacet
facet normal -0.212414 0.335265 0.917866
 outer loop
  vertex 458.17 53.5303 869.491
  vertex 458.803 51.0009 870.36
  vertex 461.564 51.2581 870.872
 endloop
endfacet
facet normal -0.251843 0.33562 0.907708
 outer loop
  vertex 458.17 53.5303 869.491
  vertex 456.074 50.6616 869.708
  vertex 458.803 51.0009 870.36
 endloop
endfacet
facet normal -0.248224 0.543535 0.801845
 outer loop
  vertex 458.803 51.0009 870.36
  vertex 456.074 50.6616 869.708
  vertex 458.727 49.7773 871.241
 endloop
endfacet
facet normal -0.20634 0.611865 0.763574
 outer loop
  vertex 461.506 50.0347 871.745
  vertex 458.803 51.0009 870.36
  vertex 458.727 49.7773 871.241
 endloop
endfacet
facet normal -0.513747 0.186347 0.83746
 outer loop
  vertex 447.145 51.4239 865.645
  vertex 442.135 49.655 862.92
  vertex 443.483 47.5426 864.59
 endloop
endfacet
facet normal -0.596719 0.328132 0.732295
 outer loop
  vertex 443.483 47.5426 864.59
  vertex 442.135 49.655 862.92
  vertex 439.093 45.4995 861.854
 endloop
endfacet
facet normal -0.616687 0.593226 0.517476
 outer loop
  vertex 443.33 46.3439 865.574
  vertex 439.093 45.4995 861.854
  vertex 438.925 44.3339 862.898
 endloop
endfacet
facet normal -0.560448 0.764415 0.318697
 outer loop
  vertex 442.941 45.3861 866.815
  vertex 438.925 44.3339 862.898
  vertex 438.474 43.4081 864.163
 endloop
endfacet
facet normal -0.472896 0.857094 0.20435
 outer loop
  vertex 442.347 44.7862 868.192
  vertex 442.941 45.3861 866.815
  vertex 438.474 43.4081 864.163
 endloop
endfacet
facet normal -0.622055 0.251095 0.741619
 outer loop
  vertex 439.093 45.4995 861.854
  vertex 442.135 49.655 862.92
  vertex 439.004 46.7573 861.102
 endloop
endfacet
facet normal -0.650158 0.175388 0.739279
 outer loop
  vertex 436.966 45.5134 859.588
  vertex 439.004 46.7573 861.102
  vertex 437.633 47.3373 859.835
 endloop
endfacet
facet normal -0.654315 0.107123 0.748597
 outer loop
  vertex 435.551 45.9314 858.17
  vertex 436.966 45.5134 859.588
  vertex 437.633 47.3373 859.835
 endloop
endfacet
facet normal -0.697936 0.172213 0.695146
 outer loop
  vertex 435.551 45.9314 858.17
  vertex 435.039 44.1164 858.017
  vertex 436.966 45.5134 859.588
 endloop
endfacet
facet normal -0.69958 0.105355 0.706745
 outer loop
  vertex 435.551 45.9314 858.17
  vertex 433.639 44.3875 856.487
  vertex 435.039 44.1164 858.017
 endloop
endfacet
facet normal -0.736127 0.168426 0.655554
 outer loop
  vertex 435.039 44.1164 858.017
  vertex 433.639 44.3875 856.487
  vertex 433.232 42.5635 856.408
 endloop
endfacet
facet normal -0.774366 0.363868 0.517646
 outer loop
  vertex 435.152 42.9153 858.869
  vertex 433.232 42.5635 856.408
  vertex 433.354 41.4009 857.314
 endloop
endfacet
facet normal -0.758673 0.495749 0.422668
 outer loop
  vertex 434.97 41.8042 859.982
  vertex 435.152 42.9153 858.869
  vertex 433.354 41.4009 857.314
 endloop
endfacet
facet normal -0.73232 0.504164 0.45774
 outer loop
  vertex 434.97 41.8042 859.982
  vertex 437.068 44.2807 860.388
  vertex 435.152 42.9153 858.869
 endloop
endfacet
facet normal -0.693654 0.576042 0.432457
 outer loop
  vertex 434.97 41.8042 859.982
  vertex 438.925 44.3339 862.898
  vertex 437.068 44.2807 860.388
 endloop
endfacet
facet normal -0.643439 0.695895 0.31893
 outer loop
  vertex 434.97 41.8042 859.982
  vertex 438.474 43.4081 864.163
  vertex 438.925 44.3339 862.898
 endloop
endfacet
facet normal -0.735067 0.103277 0.670082
 outer loop
  vertex 433.639 44.3875 856.487
  vertex 431.889 42.7055 854.805
  vertex 433.232 42.5635 856.408
 endloop
endfacet
facet normal -0.770958 0.163945 0.615423
 outer loop
  vertex 433.232 42.5635 856.408
  vertex 431.889 42.7055 854.805
  vertex 431.571 40.8732 854.8
 endloop
endfacet
facet normal -0.791931 0.292192 0.536161
 outer loop
  vertex 433.354 41.4009 857.314
  vertex 433.232 42.5635 856.408
  vertex 431.571 40.8732 854.8
 endloop
endfacet
facet normal -0.767198 0.100867 0.633429
 outer loop
  vertex 431.889 42.7055 854.805
  vertex 430.29 40.8833 853.134
  vertex 431.571 40.8732 854.8
 endloop
endfacet
facet normal -0.845107 0.0917716 0.526662
 outer loop
  vertex 427.508 36.8093 849.88
  vertex 426.314 34.565 848.328
  vertex 427.375 34.9414 850.092
 endloop
endfacet
facet normal -0.877149 0.139775 0.459426
 outer loop
  vertex 427.375 34.9414 850.092
  vertex 426.314 34.565 848.328
  vertex 426.214 32.6627 848.599
 endloop
endfacet
facet normal -0.916652 0.290169 0.274864
 outer loop
  vertex 427.503 33.9933 851.211
  vertex 426.214 32.6627 848.599
  vertex 426.337 31.7816 849.766
 endloop
endfacet
facet normal -0.927646 0.36231 0.0905771
 outer loop
  vertex 426.1 30.9702 851.091
  vertex 426.337 31.7816 849.766
  vertex 424.366 27.0319 847.12
 endloop
endfacet
facet normal -0.951645 0.307146 0.00573817
 outer loop
  vertex 424.105 26.3534 848.497
  vertex 424.366 27.0319 847.12
  vertex 422.818 21.8876 844.859
 endloop
endfacet
facet normal -0.96628 0.249616 -0.0632102
 outer loop
  vertex 422.534 21.3489 846.274
  vertex 422.818 21.8876 844.859
  vertex 421.621 16.3576 843.035
 endloop
endfacet
facet normal -0.977495 0.166147 -0.129994
 outer loop
  vertex 420.43 10.3544 843.194
  vertex 421.621 16.3576 843.035
  vertex 420.747 10.6044 841.734
 endloop
endfacet
facet normal -0.994695 0.102492 0.00875494
 outer loop
  vertex 420.152 4.69782 840.986
  vertex 420.747 10.6044 841.734
  vertex 420.701 10.8858 840.341
 endloop
endfacet
facet normal -0.946317 0.0560552 0.318343
 outer loop
  vertex 420.297 10.5316 839.007
  vertex 420.701 10.8858 840.341
  vertex 421.061 16.2889 840.236
 endloop
endfacet
facet normal -0.984988 0.0717255 0.157016
 outer loop
  vertex 420.297 10.5316 839.007
  vertex 420.152 4.69782 840.986
  vertex 420.701 10.8858 840.341
 endloop
endfacet
facet normal -0.973856 0.0559557 0.220169
 outer loop
  vertex 420.297 10.5316 839.007
  vertex 419.501 -4.71043E-06 838.127
  vertex 420.152 4.69782 840.986
 endloop
endfacet
facet normal -0.996489 0.0574974 0.060856
 outer loop
  vertex 420.152 4.69782 840.986
  vertex 419.501 -4.71043E-06 838.127
  vertex 419.864 -0.00764937 840.798
 endloop
endfacet
facet normal -0.965041 0.0636226 -0.25426
 outer loop
  vertex 419.827 4.59215 842.456
  vertex 419.864 -0.00764937 840.798
  vertex 419.539 -0.00535675 842.271
 endloop
endfacet
facet normal -0.867504 0.0745785 -0.491808
 outer loop
  vertex 419.117 4.52354 843.844
  vertex 419.539 -0.00535675 842.271
  vertex 418.913 1.64745 843.686
 endloop
endfacet
facet normal -0.710507 0.0823754 -0.698852
 outer loop
  vertex 418.074 4.50081 845.004
  vertex 418.913 1.64745 843.686
  vertex 417.868 1.66567 844.844
 endloop
endfacet
facet normal -0.510692 0.0776839 -0.856247
 outer loop
  vertex 416.814 4.52395 845.836
  vertex 417.868 1.66567 844.844
  vertex 416.607 1.7075 845.672
 endloop
endfacet
facet normal -0.14916 0.049626 -0.987567
 outer loop
  vertex 414.214 4.8958 846.478
  vertex 416.607 1.7075 845.672
  vertex 413.887 0.0609515 846.25
 endloop
endfacet
facet normal -0.298041 0.0877496 -0.950511
 outer loop
  vertex 414.214 4.8958 846.478
  vertex 416.814 4.52395 845.836
  vertex 416.607 1.7075 845.672
 endloop
endfacet
facet normal -0.297893 0.126731 -0.946149
 outer loop
  vertex 414.214 4.8958 846.478
  vertex 417.087 7.30554 846.145
  vertex 416.814 4.52395 845.836
 endloop
endfacet
facet normal -0.148943 0.154505 -0.976701
 outer loop
  vertex 414.214 4.8958 846.478
  vertex 414.882 10.7395 847.355
  vertex 417.087 7.30554 846.145
 endloop
endfacet
facet normal -0.297534 0.201348 -0.933238
 outer loop
  vertex 417.087 7.30554 846.145
  vertex 414.882 10.7395 847.355
  vertex 417.428 10.0517 846.595
 endloop
endfacet
facet normal -0.580012 0.208535 -0.787464
 outer loop
  vertex 418.345 7.3005 845.307
  vertex 417.428 10.0517 846.595
  vertex 418.685 10.0639 845.749
 endloop
endfacet
facet normal -0.767162 0.19864 -0.609922
 outer loop
  vertex 419.387 7.36361 844.144
  vertex 418.685 10.0639 845.749
  vertex 419.725 10.1668 844.581
 endloop
endfacet
facet normal -0.864139 0.21389 -0.455537
 outer loop
  vertex 420.43 10.3544 843.194
  vertex 419.725 10.1668 844.581
  vertex 420.135 12.9319 845.155
 endloop
endfacet
facet normal -0.765315 0.297697 -0.570674
 outer loop
  vertex 420.624 15.6575 845.863
  vertex 420.135 12.9319 845.155
  vertex 419.59 15.477 847.043
 endloop
endfacet
facet normal -0.577241 0.409136 -0.706683
 outer loop
  vertex 420.832 20.6722 848.854
  vertex 419.59 15.477 847.043
  vertex 419.586 20.6024 849.757
 endloop
endfacet
facet normal -0.294604 0.479335 -0.826708
 outer loop
  vertex 421.212 25.4073 852.041
  vertex 419.586 20.6024 849.757
  vertex 417.261 21.8384 850.983
 endloop
endfacet
facet normal -0.146378 0.493048 -0.8576
 outer loop
  vertex 419.123 26.9359 853.646
  vertex 421.212 25.4073 852.041
  vertex 417.261 21.8384 850.983
 endloop
endfacet
facet normal -0.289479 0.581564 -0.760254
 outer loop
  vertex 419.123 26.9359 853.646
  vertex 423.294 29.841 854.71
  vertex 421.212 25.4073 852.041
 endloop
endfacet
facet normal -0.496527 0.587225 -0.63924
 outer loop
  vertex 421.212 25.4073 852.041
  vertex 423.294 29.841 854.71
  vertex 422.443 25.4971 851.091
 endloop
endfacet
facet normal -0.700812 0.461116 -0.544274
 outer loop
  vertex 420.832 20.6722 848.854
  vertex 422.443 25.4971 851.091
  vertex 421.855 20.9268 847.656
 endloop
endfacet
facet normal -0.859209 0.343583 -0.379091
 outer loop
  vertex 420.624 15.6575 845.863
  vertex 421.855 20.9268 847.656
  vertex 422.534 21.3489 846.274
 endloop
endfacet
facet normal -0.956785 0.230401 -0.17742
 outer loop
  vertex 420.43 10.3544 843.194
  vertex 422.534 21.3489 846.274
  vertex 421.621 16.3576 843.035
 endloop
endfacet
facet normal -0.902119 0.270054 -0.336529
 outer loop
  vertex 420.43 10.3544 843.194
  vertex 420.624 15.6575 845.863
  vertex 422.534 21.3489 846.274
 endloop
endfacet
facet normal -0.863217 0.245437 -0.441154
 outer loop
  vertex 420.43 10.3544 843.194
  vertex 420.135 12.9319 845.155
  vertex 420.624 15.6575 845.863
 endloop
endfacet
facet normal -0.865374 0.0881977 0.493305
 outer loop
  vertex 426.314 34.565 848.328
  vertex 425.247 32.203 846.852
  vertex 426.214 32.6627 848.599
 endloop
endfacet
facet normal -0.907657 0.187604 0.37545
 outer loop
  vertex 426.214 32.6627 848.599
  vertex 425.247 32.203 846.852
  vertex 426.337 31.7816 849.766
 endloop
endfacet
facet normal -0.932752 0.223639 0.28277
 outer loop
  vertex 426.337 31.7816 849.766
  vertex 425.247 32.203 846.852
  vertex 424.366 27.0319 847.12
 endloop
endfacet
facet normal -0.91489 0.12439 0.384062
 outer loop
  vertex 424.366 27.0319 847.12
  vertex 425.247 32.203 846.852
  vertex 423.475 27.2078 844.201
 endloop
endfacet
facet normal -0.954162 0.140072 0.26449
 outer loop
  vertex 422.818 21.8876 844.859
  vertex 423.475 27.2078 844.201
  vertex 422.735 22.4766 843.544
 endloop
endfacet
facet normal -0.948399 0.0967537 0.301957
 outer loop
  vertex 421.559 16.7927 841.673
  vertex 422.735 22.4766 843.544
  vertex 422.105 21.8896 841.983
 endloop
endfacet
facet normal -0.933801 0.0643497 0.351959
 outer loop
  vertex 421.061 16.2889 840.236
  vertex 421.559 16.7927 841.673
  vertex 422.105 21.8896 841.983
 endloop
endfacet
facet normal -0.961901 0.0801743 0.26138
 outer loop
  vertex 421.061 16.2889 840.236
  vertex 420.701 10.8858 840.341
  vertex 421.559 16.7927 841.673
 endloop
endfacet
facet normal -0.984526 0.128575 0.119066
 outer loop
  vertex 421.559 16.7927 841.673
  vertex 420.701 10.8858 840.341
  vertex 421.621 16.3576 843.035
 endloop
endfacet
facet normal -0.981291 0.178039 0.0732766
 outer loop
  vertex 422.818 21.8876 844.859
  vertex 421.559 16.7927 841.673
  vertex 421.621 16.3576 843.035
 endloop
endfacet
facet normal -0.972816 0.161975 0.16551
 outer loop
  vertex 422.818 21.8876 844.859
  vertex 422.735 22.4766 843.544
  vertex 421.559 16.7927 841.673
 endloop
endfacet
facet normal -0.91496 0.0726492 0.396952
 outer loop
  vertex 423.475 27.2078 844.201
  vertex 422.105 21.8896 841.983
  vertex 422.735 22.4766 843.544
 endloop
endfacet
facet normal -0.867887 0.0495801 -0.494282
 outer loop
  vertex 419.539 -0.00535675 842.271
  vertex 418.826 0.0020617 843.659
  vertex 418.913 1.64745 843.686
 endloop
endfacet
facet normal -0.769349 0.0561061 -0.63636
 outer loop
  vertex 418.913 1.64745 843.686
  vertex 418.826 0.0020617 843.659
  vertex 417.868 1.66567 844.844
 endloop
endfacet
facet normal -0.711817 0.0445359 -0.700951
 outer loop
  vertex 417.868 1.66567 844.844
  vertex 418.826 0.0020617 843.659
  vertex 417.794 0.0134878 844.805
 endloop
endfacet
facet normal -0.511981 0.0364511 -0.858223
 outer loop
  vertex 416.607 1.7075 845.672
  vertex 417.794 0.0134878 844.805
  vertex 416.522 0.0285974 845.641
 endloop
endfacet
facet normal -0.298342 0.0267688 -0.954084
 outer loop
  vertex 413.887 0.0609515 846.25
  vertex 416.607 1.7075 845.672
  vertex 416.522 0.0285974 845.641
 endloop
endfacet
facet normal -0.297541 0.239954 -0.924062
 outer loop
  vertex 417.428 10.0517 846.595
  vertex 414.882 10.7395 847.355
  vertex 417.842 12.7613 847.184
 endloop
endfacet
facet normal -0.579552 0.263342 -0.771214
 outer loop
  vertex 418.685 10.0639 845.749
  vertex 417.842 12.7613 847.184
  vertex 419.098 12.7899 846.328
 endloop
endfacet
facet normal -0.766378 0.248137 -0.59253
 outer loop
  vertex 419.725 10.1668 844.581
  vertex 419.098 12.7899 846.328
  vertex 420.135 12.9319 845.155
 endloop
endfacet
facet normal -0.708509 0.23813 -0.664311
 outer loop
  vertex 419.725 10.1668 844.581
  vertex 418.685 10.0639 845.749
  vertex 419.098 12.7899 846.328
 endloop
endfacet
facet normal -0.148094 0.391014 -0.908392
 outer loop
  vertex 417.261 21.8384 850.983
  vertex 419.586 20.6024 849.757
  vertex 415.907 16.5565 848.916
 endloop
endfacet
facet normal -0.296984 0.371153 -0.879799
 outer loop
  vertex 415.907 16.5565 848.916
  vertex 419.586 20.6024 849.757
  vertex 418.336 15.4333 847.912
 endloop
endfacet
facet normal -0.508901 0.301705 -0.806222
 outer loop
  vertex 417.842 12.7613 847.184
  vertex 418.336 15.4333 847.912
  vertex 419.098 12.7899 846.328
 endloop
endfacet
facet normal -0.297051 0.313243 -0.90202
 outer loop
  vertex 417.842 12.7613 847.184
  vertex 415.907 16.5565 848.916
  vertex 418.336 15.4333 847.912
 endloop
endfacet
facet normal -0.148751 0.264273 -0.952908
 outer loop
  vertex 417.842 12.7613 847.184
  vertex 414.882 10.7395 847.355
  vertex 415.907 16.5565 848.916
 endloop
endfacet
facet normal -0.0637269 0.713832 -0.697411
 outer loop
  vertex 424.345 35.4159 859.907
  vertex 426.008 37.1849 861.585
  vertex 426.189 35.8015 860.049
 endloop
endfacet
facet normal -0.125151 0.752938 -0.646082
 outer loop
  vertex 426.189 35.8015 860.049
  vertex 426.008 37.1849 861.585
  vertex 427.854 37.4712 861.651
 endloop
endfacet
facet normal -0.317257 0.801779 -0.506457
 outer loop
  vertex 427.377 35.6227 859.188
  vertex 427.854 37.4712 861.651
  vertex 429 37.2853 860.735
 endloop
endfacet
facet normal -0.431979 0.828613 -0.356082
 outer loop
  vertex 430.077 37.4179 859.577
  vertex 429 37.2853 860.735
  vertex 430.77 38.8238 862.292
 endloop
endfacet
facet normal -0.404226 0.87001 -0.282284
 outer loop
  vertex 433.671 40.3919 862.612
  vertex 430.77 38.8238 862.292
  vertex 432.693 40.2412 863.847
 endloop
endfacet
facet normal -0.274229 0.891801 -0.359846
 outer loop
  vertex 434.745 41.5208 865.366
  vertex 432.693 40.2412 863.847
  vertex 433.764 41.7093 866.449
 endloop
endfacet
facet normal -0.101692 0.864771 -0.491761
 outer loop
  vertex 435.999 42.8478 867.963
  vertex 433.764 41.7093 866.449
  vertex 434.061 42.7933 868.157
 endloop
endfacet
facet normal -0.0491004 0.850615 -0.523492
 outer loop
  vertex 436.412 43.8523 869.682
  vertex 435.999 42.8478 867.963
  vertex 434.061 42.7933 868.157
 endloop
endfacet
facet normal -0.151112 0.899414 -0.410147
 outer loop
  vertex 436.412 43.8523 869.682
  vertex 436.915 42.6648 866.829
  vertex 435.999 42.8478 867.963
 endloop
endfacet
facet normal -0.188898 0.928726 -0.319039
 outer loop
  vertex 436.412 43.8523 869.682
  vertex 441.619 44.5876 869.555
  vertex 436.915 42.6648 866.829
 endloop
endfacet
facet normal -0.086551 0.905178 -0.416127
 outer loop
  vertex 436.412 43.8523 869.682
  vertex 441.402 45.5811 872.45
  vertex 441.619 44.5876 869.555
 endloop
endfacet
facet normal -0.156257 0.955586 -0.249877
 outer loop
  vertex 441.619 44.5876 869.555
  vertex 441.402 45.5811 872.45
  vertex 446.783 46.0677 871.938
 endloop
endfacet
facet normal -0.0614422 0.746983 -0.661998
 outer loop
  vertex 426.008 37.1849 861.585
  vertex 427.798 38.7922 863.255
  vertex 427.854 37.4712 861.651
 endloop
endfacet
facet normal -0.120254 0.78551 -0.607053
 outer loop
  vertex 427.854 37.4712 861.651
  vertex 427.798 38.7922 863.255
  vertex 429.672 39.0139 863.265
 endloop
endfacet
facet normal -0.304644 0.835429 -0.457439
 outer loop
  vertex 429 37.2853 860.735
  vertex 429.672 39.0139 863.265
  vertex 430.77 38.8238 862.292
 endloop
endfacet
facet normal -0.245897 0.814088 -0.526114
 outer loop
  vertex 429 37.2853 860.735
  vertex 427.854 37.4712 861.651
  vertex 429.672 39.0139 863.265
 endloop
endfacet
facet normal -0.0588123 0.777229 -0.626464
 outer loop
  vertex 427.798 38.7922 863.255
  vertex 429.75 40.27 864.928
  vertex 429.672 39.0139 863.265
 endloop
endfacet
facet normal -0.114664 0.815129 -0.567817
 outer loop
  vertex 429.672 39.0139 863.265
  vertex 429.75 40.27 864.928
  vertex 431.651 40.4322 864.877
 endloop
endfacet
facet normal -0.290233 0.865523 -0.408209
 outer loop
  vertex 430.77 38.8238 862.292
  vertex 431.651 40.4322 864.877
  vertex 432.693 40.2412 863.847
 endloop
endfacet
facet normal -0.234946 0.845203 -0.480034
 outer loop
  vertex 430.77 38.8238 862.292
  vertex 429.672 39.0139 863.265
  vertex 431.651 40.4322 864.877
 endloop
endfacet
facet normal -0.0558498 0.804659 -0.591104
 outer loop
  vertex 429.75 40.27 864.928
  vertex 431.84 41.6026 866.569
  vertex 431.651 40.4322 864.877
 endloop
endfacet
facet normal -0.10845 0.841564 -0.529159
 outer loop
  vertex 431.651 40.4322 864.877
  vertex 431.84 41.6026 866.569
  vertex 433.764 41.7093 866.449
 endloop
endfacet
facet normal -0.222638 0.87281 -0.434321
 outer loop
  vertex 432.693 40.2412 863.847
  vertex 431.651 40.4322 864.877
  vertex 433.764 41.7093 866.449
 endloop
endfacet
facet normal -0.052592 0.829085 -0.556644
 outer loop
  vertex 431.84 41.6026 866.569
  vertex 434.061 42.7933 868.157
  vertex 433.764 41.7093 866.449
 endloop
endfacet
facet normal -0.0334663 0.904167 -0.425867
 outer loop
  vertex 441.402 45.5811 872.45
  vertex 446.741 46.8686 874.795
  vertex 446.161 46.2078 873.232
 endloop
endfacet
facet normal -0.0586171 0.941564 -0.331696
 outer loop
  vertex 446.161 46.2078 873.232
  vertex 446.741 46.8686 874.795
  vertex 451.791 47.2535 875.206
 endloop
endfacet
facet normal -0.126759 0.971982 -0.197947
 outer loop
  vertex 446.783 46.0677 871.938
  vertex 446.161 46.2078 873.232
  vertex 451.791 47.2535 875.206
 endloop
endfacet
facet normal -0.0251582 0.92467 -0.379938
 outer loop
  vertex 446.741 46.8686 874.795
  vertex 452.317 47.7816 876.651
  vertex 451.791 47.2535 875.206
 endloop
endfacet
facet normal -0.0419032 0.956132 -0.289924
 outer loop
  vertex 451.791 47.2535 875.206
  vertex 452.317 47.7816 876.651
  vertex 457.714 47.9589 876.664
 endloop
endfacet
facet normal -0.102138 0.992914 -0.0607356
 outer loop
  vertex 452.258 47.1381 873.861
  vertex 457.714 47.9589 876.664
  vertex 458.025 47.8643 875.285
 endloop
endfacet
facet normal -0.101874 0.987514 0.120153
 outer loop
  vertex 458.318 48.1294 873.828
  vertex 458.025 47.8643 875.285
  vertex 463.95 48.2809 876.154
 endloop
endfacet
facet normal -0.0426188 0.989205 0.140207
 outer loop
  vertex 464.097 48.5574 874.687
  vertex 463.95 48.2809 876.154
  vertex 469.942 48.4178 876.449
 endloop
endfacet
facet normal 0.0246378 0.973957 0.225388
 outer loop
  vertex 469.943 48.6981 874.979
  vertex 469.942 48.4178 876.449
  vertex 475.833 48.5607 874.694
 endloop
endfacet
facet normal 0.0725955 0.884584 0.460695
 outer loop
  vertex 472.829 49.3266 873.511
  vertex 475.833 48.5607 874.694
  vertex 475.713 49.221 873.297
 endloop
endfacet
facet normal 0.123014 0.736011 0.665699
 outer loop
  vertex 475.63 50.2181 872.113
  vertex 475.713 49.221 873.297
  vertex 478.432 50.0395 871.754
 endloop
endfacet
facet normal 0.18982 0.543292 0.817804
 outer loop
  vertex 478.374 51.2629 870.881
  vertex 478.432 50.0395 871.754
  vertex 481.115 51.0097 870.378
 endloop
endfacet
facet normal 0.249902 0.335608 0.908249
 outer loop
  vertex 481.733 53.5412 869.514
  vertex 481.115 51.0097 870.378
  vertex 483.814 50.6773 869.737
 endloop
endfacet
facet normal 0.323956 0.335446 0.884606
 outer loop
  vertex 487.543 52.6779 867.837
  vertex 483.814 50.6773 869.737
  vertex 486.469 50.2586 868.962
 endloop
endfacet
facet normal 0.377539 0.543367 0.749811
 outer loop
  vertex 491.62 49.1301 867.021
  vertex 486.469 50.2586 868.962
  vertex 486.576 49.036 869.864
 endloop
endfacet
facet normal 0.350586 0.735614 0.579622
 outer loop
  vertex 491.753 47.9141 867.958
  vertex 486.576 49.036 869.864
  vertex 486.819 48.0468 871.067
 endloop
endfacet
facet normal 0.324716 0.880584 0.345155
 outer loop
  vertex 492.071 46.936 869.177
  vertex 486.819 48.0468 871.067
  vertex 492.55 46.3121 870.564
 endloop
endfacet
facet normal 0.384276 0.903375 0.19038
 outer loop
  vertex 496.941 45.4295 866.878
  vertex 492.55 46.3121 870.564
  vertex 497.533 44.8289 868.254
 endloop
endfacet
facet normal 0.46056 0.882309 0.09703
 outer loop
  vertex 501.41 43.4687 864.24
  vertex 497.533 44.8289 868.254
  vertex 502.106 42.8976 865.6
 endloop
endfacet
facet normal 0.53018 0.847808 -0.0113863
 outer loop
  vertex 505.451 40.9878 861.342
  vertex 502.106 42.8976 865.6
  vertex 506.241 40.4531 862.679
 endloop
endfacet
facet normal 0.589126 0.797793 -0.128281
 outer loop
  vertex 508.956 38.006 858.358
  vertex 506.241 40.4531 862.679
  vertex 509.824 37.5137 859.667
 endloop
endfacet
facet normal 0.635299 0.731791 -0.246733
 outer loop
  vertex 511.967 34.4773 855.369
  vertex 509.824 37.5137 859.667
  vertex 512.897 34.0344 856.648
 endloop
endfacet
facet normal 0.668187 0.651459 -0.359342
 outer loop
  vertex 514.48 30.427 852.513
  vertex 512.897 34.0344 856.648
  vertex 515.454 30.0402 853.762
 endloop
endfacet
facet normal 0.689022 0.560653 -0.459257
 outer loop
  vertex 516.511 25.9268 849.925
  vertex 515.454 30.0402 853.762
  vertex 517.516 25.6024 851.146
 endloop
endfacet
facet normal 0.700698 0.462649 -0.543119
 outer loop
  vertex 518.129 20.9851 847.679
  vertex 517.516 25.6024 851.146
  vertex 519.151 20.7297 848.877
 endloop
endfacet
facet normal 0.706306 0.361039 -0.608919
 outer loop
  vertex 519.359 15.7444 845.888
  vertex 519.151 20.7297 848.877
  vertex 520.393 15.5627 847.068
 endloop
endfacet
facet normal 0.707691 0.291547 -0.643563
 outer loop
  vertex 519.85 13.0241 845.177
  vertex 520.393 15.5627 847.068
  vertex 520.887 12.8808 846.35
 endloop
endfacet
facet normal 0.708493 0.239598 -0.6638
 outer loop
  vertex 520.265 10.2382 844.594
  vertex 520.887 12.8808 846.35
  vertex 521.305 10.1343 845.762
 endloop
endfacet
facet normal 0.709121 0.187307 -0.679752
 outer loop
  vertex 520.609 7.3998 844.148
  vertex 521.305 10.1343 845.762
  vertex 521.651 7.33618 845.312
 endloop
endfacet
facet normal 0.709748 0.13493 -0.691413
 outer loop
  vertex 520.882 4.53609 843.845
  vertex 521.651 7.33618 845.312
  vertex 521.925 4.51318 845.005
 endloop
endfacet
facet normal 0.710507 0.0824746 -0.698841
 outer loop
  vertex 521.087 1.64909 843.686
  vertex 521.925 4.51318 845.005
  vertex 522.132 1.66729 844.844
 endloop
endfacet
facet normal 0.710882 0.0445036 -0.701902
 outer loop
  vertex 521.174 0.00206767 843.66
  vertex 522.132 1.66729 844.844
  vertex 522.223 0.0136866 844.819
 endloop
endfacet
facet normal 0.769317 0.056123 -0.636398
 outer loop
  vertex 521.174 0.00206767 843.66
  vertex 521.087 1.64909 843.686
  vertex 522.132 1.66729 844.844
 endloop
endfacet
facet normal 0.867835 0.0495852 -0.494373
 outer loop
  vertex 521.174 0.00206767 843.66
  vertex 520.462 -0.00535468 842.272
  vertex 521.087 1.64909 843.686
 endloop
endfacet
facet normal 0.907419 0.070812 -0.414218
 outer loop
  vertex 521.087 1.64909 843.686
  vertex 520.462 -0.00535468 842.272
  vertex 520.172 4.60497 842.457
 endloop
endfacet
facet normal 0.866162 0.126217 -0.483563
 outer loop
  vertex 520.882 4.53609 843.845
  vertex 520.172 4.60497 842.457
  vertex 520.609 7.3998 844.148
 endloop
endfacet
facet normal 0.767865 0.149584 -0.622902
 outer loop
  vertex 521.651 7.33618 845.312
  vertex 520.882 4.53609 843.845
  vertex 520.609 7.3998 844.148
 endloop
endfacet
facet normal -0.0167516 0.938377 -0.345208
 outer loop
  vertex 452.317 47.7816 876.651
  vertex 458.11 48.3906 878.002
  vertex 457.714 47.9589 876.664
 endloop
endfacet
facet normal -0.0342708 0.982102 -0.185203
 outer loop
  vertex 457.714 47.9589 876.664
  vertex 458.11 48.3906 878.002
  vertex 463.95 48.2809 876.154
 endloop
endfacet
facet normal -0.0680388 0.99694 -0.0384956
 outer loop
  vertex 458.025 47.8643 875.285
  vertex 457.714 47.9589 876.664
  vertex 463.95 48.2809 876.154
 endloop
endfacet
facet normal -0.0173917 0.968929 -0.246727
 outer loop
  vertex 458.11 48.3906 878.002
  vertex 469.935 48.8494 879.093
  vertex 463.95 48.2809 876.154
 endloop
endfacet
facet normal -0.0175436 0.995932 -0.0883811
 outer loop
  vertex 463.95 48.2809 876.154
  vertex 469.935 48.8494 879.093
  vertex 469.942 48.4178 876.449
 endloop
endfacet
facet normal 0.0170037 0.995947 -0.0883154
 outer loop
  vertex 469.942 48.4178 876.449
  vertex 469.935 48.8494 879.093
  vertex 475.979 48.2842 876.161
 endloop
endfacet
facet normal 0.0921765 0.973149 0.210912
 outer loop
  vertex 475.833 48.5607 874.694
  vertex 475.979 48.2842 876.161
  vertex 481.596 48.138 873.845
 endloop
endfacet
facet normal 0.161886 0.884666 0.437217
 outer loop
  vertex 478.556 49.0433 872.941
  vertex 481.596 48.138 873.845
  vertex 481.355 48.7914 872.449
 endloop
endfacet
facet normal 0.227858 0.736439 0.636977
 outer loop
  vertex 481.191 49.7861 871.258
  vertex 481.355 48.7914 872.449
  vertex 483.906 49.4538 870.627
 endloop
endfacet
facet normal 0.302531 0.543572 0.782946
 outer loop
  vertex 483.814 50.6773 869.737
  vertex 483.906 49.4538 870.627
  vertex 486.469 50.2586 868.962
 endloop
endfacet
facet normal 0.260255 0.612044 0.746772
 outer loop
  vertex 483.814 50.6773 869.737
  vertex 481.191 49.7861 871.258
  vertex 483.906 49.4538 870.627
 endloop
endfacet
facet normal 0.246305 0.543524 0.802443
 outer loop
  vertex 483.814 50.6773 869.737
  vertex 481.115 51.0097 870.378
  vertex 481.191 49.7861 871.258
 endloop
endfacet
facet normal 0.20481 0.611855 0.763994
 outer loop
  vertex 481.191 49.7861 871.258
  vertex 481.115 51.0097 870.378
  vertex 478.432 50.0395 871.754
 endloop
endfacet
facet normal 0.134378 0.791879 0.59571
 outer loop
  vertex 478.556 49.0433 872.941
  vertex 478.432 50.0395 871.754
  vertex 475.713 49.221 873.297
 endloop
endfacet
facet normal 0.104671 0.88448 0.454686
 outer loop
  vertex 475.833 48.5607 874.694
  vertex 478.556 49.0433 872.941
  vertex 475.713 49.221 873.297
 endloop
endfacet
facet normal 0.123178 0.92168 0.367876
 outer loop
  vertex 475.833 48.5607 874.694
  vertex 481.596 48.138 873.845
  vertex 478.556 49.0433 872.941
 endloop
endfacet
facet normal 0.0171862 0.96898 -0.246541
 outer loop
  vertex 469.935 48.8494 879.093
  vertex 481.791 48.3986 878.021
  vertex 475.979 48.2842 876.161
 endloop
endfacet
facet normal 0.0339389 0.982177 -0.184871
 outer loop
  vertex 475.979 48.2842 876.161
  vertex 481.791 48.3986 878.021
  vertex 482.197 47.967 876.682
 endloop
endfacet
facet normal 0.101378 0.993034 -0.0600566
 outer loop
  vertex 481.888 47.8727 875.302
  vertex 482.197 47.967 876.682
  vertex 487.617 47.1577 873.898
 endloop
endfacet
facet normal 0.202329 0.968609 0.144428
 outer loop
  vertex 481.596 48.138 873.845
  vertex 487.617 47.1577 873.898
  vertex 492.55 46.3121 870.564
 endloop
endfacet
facet normal 0.247468 0.920069 0.303697
 outer loop
  vertex 486.819 48.0468 871.067
  vertex 481.596 48.138 873.845
  vertex 492.55 46.3121 870.564
 endloop
endfacet
facet normal 0.225565 0.883712 0.41009
 outer loop
  vertex 486.819 48.0468 871.067
  vertex 484.11 48.4613 871.824
  vertex 481.596 48.138 873.845
 endloop
endfacet
facet normal 0.284641 0.7916 0.540693
 outer loop
  vertex 486.819 48.0468 871.067
  vertex 486.576 49.036 869.864
  vertex 484.11 48.4613 871.824
 endloop
endfacet
facet normal 0.280105 0.736311 0.615944
 outer loop
  vertex 484.11 48.4613 871.824
  vertex 486.576 49.036 869.864
  vertex 483.906 49.4538 870.627
 endloop
endfacet
facet normal 0.234593 0.792037 0.563598
 outer loop
  vertex 481.355 48.7914 872.449
  vertex 484.11 48.4613 871.824
  vertex 483.906 49.4538 870.627
 endloop
endfacet
facet normal 0.193693 0.884168 0.425123
 outer loop
  vertex 481.355 48.7914 872.449
  vertex 481.596 48.138 873.845
  vertex 484.11 48.4613 871.824
 endloop
endfacet
facet normal 0.0166261 0.938568 -0.344695
 outer loop
  vertex 481.791 48.3986 878.021
  vertex 487.545 47.7996 876.689
  vertex 482.197 47.967 876.682
 endloop
endfacet
facet normal 0.0415918 0.956362 -0.289208
 outer loop
  vertex 482.197 47.967 876.682
  vertex 487.545 47.7996 876.689
  vertex 488.081 47.2727 875.244
 endloop
endfacet
facet normal 0.143769 0.984007 -0.105173
 outer loop
  vertex 487.617 47.1577 873.898
  vertex 488.081 47.2727 875.244
  vertex 493.134 46.0874 871.972
 endloop
endfacet
facet normal 0.293792 0.953892 0.0614564
 outer loop
  vertex 492.55 46.3121 870.564
  vertex 493.134 46.0874 871.972
  vertex 497.533 44.8289 868.254
 endloop
endfacet
facet normal 0.21961 0.975149 0.0292692
 outer loop
  vertex 492.55 46.3121 870.564
  vertex 487.617 47.1577 873.898
  vertex 493.134 46.0874 871.972
 endloop
endfacet
facet normal 0.0249728 0.925001 -0.379143
 outer loop
  vertex 487.545 47.7996 876.689
  vertex 493.153 46.8896 874.835
  vertex 488.081 47.2727 875.244
 endloop
endfacet
facet normal 0.0583033 0.941878 -0.330858
 outer loop
  vertex 488.081 47.2727 875.244
  vertex 493.153 46.8896 874.835
  vertex 493.753 46.2271 873.267
 endloop
endfacet
facet normal 0.102851 0.949786 -0.295514
 outer loop
  vertex 493.134 46.0874 871.972
  vertex 493.753 46.2271 873.267
  vertex 498.474 45.6167 872.511
 endloop
endfacet
facet normal 0.0861401 0.906007 -0.414405
 outer loop
  vertex 498.257 44.6297 869.619
  vertex 498.474 45.6167 872.511
  vertex 503.445 43.9109 869.77
 endloop
endfacet
facet normal 0.150505 0.900497 -0.407987
 outer loop
  vertex 502.963 42.7238 866.907
  vertex 503.445 43.9109 869.77
  vertex 503.875 42.9064 868.044
 endloop
endfacet
facet normal 0.208553 0.897769 -0.387964
 outer loop
  vertex 505.159 41.5757 865.434
  vertex 503.875 42.9064 868.044
  vertex 506.137 41.764 866.519
 endloop
endfacet
facet normal 0.222053 0.87397 -0.432283
 outer loop
  vertex 507.217 40.302 863.917
  vertex 506.137 41.764 866.519
  vertex 508.256 40.4929 864.949
 endloop
endfacet
facet normal 0.234334 0.846737 -0.477623
 outer loop
  vertex 509.128 38.9057 862.378
  vertex 508.256 40.4929 864.949
  vertex 510.222 39.0959 863.354
 endloop
endfacet
facet normal 0.245297 0.815999 -0.523426
 outer loop
  vertex 510.898 37.3806 860.828
  vertex 510.222 39.0959 863.354
  vertex 512.041 37.5669 861.748
 endloop
endfacet
facet normal 0.254916 0.781677 -0.569208
 outer loop
  vertex 512.535 35.72 859.275
  vertex 512.041 37.5669 861.748
  vertex 513.721 35.8992 860.139
 endloop
endfacet
facet normal 0.263171 0.743719 -0.61451
 outer loop
  vertex 514.045 33.9158 857.731
  vertex 513.721 35.8992 860.139
  vertex 515.267 34.0854 858.541
 endloop
endfacet
facet normal 0.0656972 0.660578 -0.747878
 outer loop
  vertex 518.524 31.4796 856.673
  vertex 515.267 34.0854 858.541
  vertex 515.577 35.5052 859.988
 endloop
endfacet
facet normal 0.202892 0.695307 -0.68948
 outer loop
  vertex 518.524 31.4796 856.673
  vertex 514.045 33.9158 857.731
  vertex 515.267 34.0854 858.541
 endloop
endfacet
facet normal 0.2799 0.678105 -0.679581
 outer loop
  vertex 518.524 31.4796 856.673
  vertex 516.654 29.9347 854.773
  vertex 514.045 33.9158 857.731
 endloop
endfacet
facet normal 0.142833 0.590484 -0.794309
 outer loop
  vertex 518.524 31.4796 856.673
  vertex 520.843 27.0151 853.693
  vertex 516.654 29.9347 854.773
 endloop
endfacet
facet normal 0.28932 0.583788 -0.758607
 outer loop
  vertex 516.654 29.9347 854.773
  vertex 520.843 27.0151 853.693
  vertex 518.746 25.5123 852.097
 endloop
endfacet
facet normal 0.571502 0.516525 -0.637642
 outer loop
  vertex 517.516 25.6024 851.146
  vertex 518.746 25.5123 852.097
  vertex 519.151 20.7297 848.877
 endloop
endfacet
facet normal 0.496282 0.589478 -0.637354
 outer loop
  vertex 517.516 25.6024 851.146
  vertex 516.654 29.9347 854.773
  vertex 518.746 25.5123 852.097
 endloop
endfacet
facet normal 0.560028 0.616929 -0.552962
 outer loop
  vertex 517.516 25.6024 851.146
  vertex 515.454 30.0402 853.762
  vertex 516.654 29.9347 854.773
 endloop
endfacet
facet normal 0.48161 0.685235 -0.546356
 outer loop
  vertex 516.654 29.9347 854.773
  vertex 515.454 30.0402 853.762
  vertex 514.045 33.9158 857.731
 endloop
endfacet
facet normal 0.540129 0.708771 -0.453768
 outer loop
  vertex 514.045 33.9158 857.731
  vertex 515.454 30.0402 853.762
  vertex 512.897 34.0344 856.648
 endloop
endfacet
facet normal 0.514945 0.776969 -0.362148
 outer loop
  vertex 512.535 35.72 859.275
  vertex 512.897 34.0344 856.648
  vertex 509.824 37.5137 859.667
 endloop
endfacet
facet normal 0.430919 0.830526 -0.352897
 outer loop
  vertex 510.898 37.3806 860.828
  vertex 509.824 37.5137 859.667
  vertex 509.128 38.9057 862.378
 endloop
endfacet
facet normal 0.303873 0.837243 -0.454627
 outer loop
  vertex 510.222 39.0959 863.354
  vertex 510.898 37.3806 860.828
  vertex 509.128 38.9057 862.378
 endloop
endfacet
facet normal 0.033337 0.904627 -0.424899
 outer loop
  vertex 493.153 46.8896 874.835
  vertex 498.474 45.6167 872.511
  vertex 493.753 46.2271 873.267
 endloop
endfacet
facet normal 0.0489129 0.851763 -0.521639
 outer loop
  vertex 503.445 43.9109 869.77
  vertex 505.804 42.8598 868.249
  vertex 503.875 42.9064 868.044
 endloop
endfacet
facet normal 0.101346 0.865901 -0.489842
 outer loop
  vertex 503.875 42.9064 868.044
  vertex 505.804 42.8598 868.249
  vertex 506.137 41.764 866.519
 endloop
endfacet
facet normal 0.0524371 0.83032 -0.554815
 outer loop
  vertex 506.137 41.764 866.519
  vertex 505.804 42.8598 868.249
  vertex 508.032 41.6774 866.665
 endloop
endfacet
facet normal 0.0557028 0.80606 -0.589207
 outer loop
  vertex 508.256 40.4929 864.949
  vertex 508.032 41.6774 866.665
  vertex 510.129 40.3538 865.027
 endloop
endfacet
facet normal 0.0586624 0.7789 -0.624399
 outer loop
  vertex 510.222 39.0959 863.354
  vertex 510.129 40.3538 865.027
  vertex 512.091 38.8837 863.354
 endloop
endfacet
facet normal 0.0612947 0.748815 -0.659939
 outer loop
  vertex 512.041 37.5669 861.748
  vertex 512.091 38.8837 863.354
  vertex 513.899 37.276 861.676
 endloop
endfacet
facet normal 0.0636062 0.715673 -0.695533
 outer loop
  vertex 513.721 35.8992 860.139
  vertex 513.899 37.276 861.676
  vertex 515.577 35.5052 859.988
 endloop
endfacet
facet normal 0.12915 0.719084 -0.682817
 outer loop
  vertex 515.267 34.0854 858.541
  vertex 513.721 35.8992 860.139
  vertex 515.577 35.5052 859.988
 endloop
endfacet
facet normal 0.146329 0.494946 -0.856514
 outer loop
  vertex 520.843 27.0151 853.693
  vertex 522.716 21.9128 851.017
  vertex 518.746 25.5123 852.097
 endloop
endfacet
facet normal 0.294551 0.480967 -0.825779
 outer loop
  vertex 518.746 25.5123 852.097
  vertex 522.716 21.9128 851.017
  vertex 520.398 20.6596 849.781
 endloop
endfacet
facet normal 0.577189 0.410528 -0.705918
 outer loop
  vertex 519.151 20.7297 848.877
  vertex 520.398 20.6596 849.781
  vertex 520.393 15.5627 847.068
 endloop
endfacet
facet normal 0.504356 0.485738 -0.713922
 outer loop
  vertex 519.151 20.7297 848.877
  vertex 518.746 25.5123 852.097
  vertex 520.398 20.6596 849.781
 endloop
endfacet
facet normal 0.148079 0.39237 -0.90781
 outer loop
  vertex 522.716 21.9128 851.017
  vertex 524.076 16.6377 848.943
  vertex 520.398 20.6596 849.781
 endloop
endfacet
facet normal 0.29696 0.372747 -0.879133
 outer loop
  vertex 520.398 20.6596 849.781
  vertex 524.076 16.6377 848.943
  vertex 521.647 15.5185 847.938
 endloop
endfacet
facet normal 0.578895 0.319857 -0.750048
 outer loop
  vertex 520.393 15.5627 847.068
  vertex 521.647 15.5185 847.938
  vertex 520.887 12.8808 846.35
 endloop
endfacet
facet normal 0.508103 0.377499 -0.774162
 outer loop
  vertex 520.393 15.5627 847.068
  vertex 520.398 20.6596 849.781
  vertex 521.647 15.5185 847.938
 endloop
endfacet
facet normal 0.297039 0.315058 -0.901391
 outer loop
  vertex 521.647 15.5185 847.938
  vertex 524.076 16.6377 848.943
  vertex 522.143 12.8517 847.207
 endloop
endfacet
facet normal 0.579538 0.265039 -0.770642
 outer loop
  vertex 520.887 12.8808 846.35
  vertex 522.143 12.8517 847.207
  vertex 521.305 10.1343 845.762
 endloop
endfacet
facet normal 0.508882 0.303545 -0.805543
 outer loop
  vertex 520.887 12.8808 846.35
  vertex 521.647 15.5185 847.938
  vertex 522.143 12.8517 847.207
 endloop
endfacet
facet normal 0.581313 0.0502074 -0.81213
 outer loop
  vertex 522.223 0.0136866 844.819
  vertex 522.132 1.66729 844.844
  vertex 523.393 1.7091 845.672
 endloop
endfacet
facet normal 0.298332 0.0267756 -0.954086
 outer loop
  vertex 523.478 0.0285985 845.641
  vertex 523.393 1.7091 845.672
  vertex 526.113 0.0609515 846.25
 endloop
endfacet
facet normal 0.510882 0.0364071 -0.858879
 outer loop
  vertex 523.478 0.0285985 845.641
  vertex 522.223 0.0136866 844.819
  vertex 523.393 1.7091 845.672
 endloop
endfacet
facet normal 0.149161 0.0497153 -0.987562
 outer loop
  vertex 526.113 0.0609515 846.25
  vertex 523.393 1.7091 845.672
  vertex 525.784 4.91198 846.479
 endloop
endfacet
facet normal 0.298041 0.0879264 -0.950495
 outer loop
  vertex 525.784 4.91198 846.479
  vertex 523.393 1.7091 845.672
  vertex 523.185 4.53624 845.837
 endloop
endfacet
facet normal 0.510162 0.134595 -0.849482
 outer loop
  vertex 522.909 7.34098 846.15
  vertex 523.185 4.53624 845.837
  vertex 521.925 4.51318 845.005
 endloop
endfacet
facet normal 0.580456 0.154096 -0.799578
 outer loop
  vertex 521.651 7.33618 845.312
  vertex 522.909 7.34098 846.15
  vertex 521.925 4.51318 845.005
 endloop
endfacet
facet normal 0.509752 0.19123 -0.838799
 outer loop
  vertex 521.651 7.33618 845.312
  vertex 522.562 10.1216 846.608
  vertex 522.909 7.34098 846.15
 endloop
endfacet
facet normal 0.580008 0.209713 -0.787154
 outer loop
  vertex 521.651 7.33618 845.312
  vertex 521.305 10.1343 845.762
  vertex 522.562 10.1216 846.608
 endloop
endfacet
facet normal 0.509367 0.247651 -0.824145
 outer loop
  vertex 522.562 10.1216 846.608
  vertex 521.305 10.1343 845.762
  vertex 522.143 12.8517 847.207
 endloop
endfacet
facet normal 0.148749 0.265935 -0.952446
 outer loop
  vertex 525.107 10.8153 847.371
  vertex 522.143 12.8517 847.207
  vertex 524.076 16.6377 848.943
 endloop
endfacet
facet normal 0.297539 0.24155 -0.923647
 outer loop
  vertex 525.107 10.8153 847.371
  vertex 522.562 10.1216 846.608
  vertex 522.143 12.8517 847.207
 endloop
endfacet
facet normal 0.297535 0.202545 -0.932978
 outer loop
  vertex 525.107 10.8153 847.371
  vertex 522.909 7.34098 846.15
  vertex 522.562 10.1216 846.608
 endloop
endfacet
facet normal 0.148946 0.155293 -0.976575
 outer loop
  vertex 525.107 10.8153 847.371
  vertex 525.784 4.91198 846.479
  vertex 522.909 7.34098 846.15
 endloop
endfacet
facet normal 0.297897 0.127146 -0.946093
 outer loop
  vertex 522.909 7.34098 846.15
  vertex 525.784 4.91198 846.479
  vertex 523.185 4.53624 845.837
 endloop
endfacet
facet normal 0.964962 0.0636733 -0.254548
 outer loop
  vertex 520.462 -0.00535468 842.272
  vertex 520.136 -0.00764638 840.803
  vertex 520.172 4.60497 842.457
 endloop
endfacet
facet normal 0.982458 0.077396 -0.169668
 outer loop
  vertex 520.172 4.60497 842.457
  vertex 520.136 -0.00764638 840.803
  vertex 519.847 4.71095 840.987
 endloop
endfacet
facet normal 0.979636 0.132808 -0.150582
 outer loop
  vertex 519.561 10.4273 843.207
  vertex 519.847 4.71095 840.987
  vertex 519.244 10.6791 841.747
 endloop
endfacet
facet normal 0.990158 0.136639 0.0302803
 outer loop
  vertex 518.362 16.4488 843.06
  vertex 519.244 10.6791 841.747
  vertex 519.29 10.9625 840.355
 endloop
endfacet
facet normal 0.961739 0.0804142 0.261901
 outer loop
  vertex 518.425 16.8863 841.699
  vertex 519.29 10.9625 840.355
  vertex 518.927 16.3711 840.258
 endloop
endfacet
facet normal 0.933578 0.0644832 0.352526
 outer loop
  vertex 517.881 21.9536 842.007
  vertex 518.425 16.8863 841.699
  vertex 518.927 16.3711 840.258
 endloop
endfacet
facet normal 0.948185 0.0969807 0.302556
 outer loop
  vertex 517.881 21.9536 842.007
  vertex 517.25 22.5396 843.568
  vertex 518.425 16.8863 841.699
 endloop
endfacet
facet normal 0.914613 0.0727447 0.397733
 outer loop
  vertex 517.881 21.9536 842.007
  vertex 516.494 27.3096 844.249
  vertex 517.25 22.5396 843.568
 endloop
endfacet
facet normal 0.953873 0.14037 0.265371
 outer loop
  vertex 517.25 22.5396 843.568
  vertex 516.494 27.3096 844.249
  vertex 517.167 21.9488 844.882
 endloop
endfacet
facet normal 0.981128 0.178635 0.0740046
 outer loop
  vertex 518.425 16.8863 841.699
  vertex 517.167 21.9488 844.882
  vertex 518.362 16.4488 843.06
 endloop
endfacet
facet normal 0.984387 0.129087 0.119666
 outer loop
  vertex 519.29 10.9625 840.355
  vertex 518.425 16.8863 841.699
  vertex 518.362 16.4488 843.06
 endloop
endfacet
facet normal 0.996502 0.0575369 0.0606086
 outer loop
  vertex 520.136 -0.00764638 840.803
  vertex 520.499 -4.71043E-06 838.127
  vertex 519.847 4.71095 840.987
 endloop
endfacet
facet normal 0.973828 0.0559941 0.220279
 outer loop
  vertex 519.847 4.71095 840.987
  vertex 520.499 -4.71043E-06 838.127
  vertex 519.696 10.5934 839.017
 endloop
endfacet
facet normal 0.946178 0.0561613 0.318736
 outer loop
  vertex 519.29 10.9625 840.355
  vertex 519.696 10.5934 839.017
  vertex 518.927 16.3711 840.258
 endloop
endfacet
facet normal 0.984941 0.0718716 0.157245
 outer loop
  vertex 519.29 10.9625 840.355
  vertex 519.847 4.71095 840.987
  vertex 519.696 10.5934 839.017
 endloop
endfacet
facet normal 0.994656 0.102852 0.00901852
 outer loop
  vertex 519.29 10.9625 840.355
  vertex 519.244 10.6791 841.747
  vertex 519.847 4.71095 840.987
 endloop
endfacet
facet normal 0.957245 0.191723 0.216622
 outer loop
  vertex 517.167 21.9488 844.882
  vertex 516.494 27.3096 844.249
  vertex 515.594 27.1443 847.176
 endloop
endfacet
facet normal 0.92235 0.386122 -0.013455
 outer loop
  vertex 515.854 26.4627 848.552
  vertex 515.594 27.1443 847.176
  vertex 513.851 31.0678 851.153
 endloop
endfacet
facet normal 0.810136 0.568943 -0.141361
 outer loop
  vertex 514.48 30.427 852.513
  vertex 513.851 31.0678 851.153
  vertex 511.967 34.4773 855.369
 endloop
endfacet
facet normal 0.711585 0.655998 -0.25162
 outer loop
  vertex 512.897 34.0344 856.648
  vertex 514.48 30.427 852.513
  vertex 511.967 34.4773 855.369
 endloop
endfacet
facet normal 0.368858 0.789425 0.490664
 outer loop
  vertex 486.819 48.0468 871.067
  vertex 492.071 46.936 869.177
  vertex 491.753 47.9141 867.958
 endloop
endfacet
facet normal 0.453219 0.730426 0.51095
 outer loop
  vertex 491.753 47.9141 867.958
  vertex 492.071 46.936 869.177
  vertex 496.555 46.388 865.637
 endloop
endfacet
facet normal 0.590292 0.531863 0.607187
 outer loop
  vertex 496.402 47.5873 864.655
  vertex 496.555 46.388 865.637
  vertex 500.792 45.5622 861.933
 endloop
endfacet
facet normal 0.619563 0.251288 0.743637
 outer loop
  vertex 497.738 49.7087 862.998
  vertex 500.792 45.5622 861.933
  vertex 500.881 46.8213 861.183
 endloop
endfacet
facet normal 0.647961 0.175521 0.741174
 outer loop
  vertex 502.255 47.4059 859.92
  vertex 500.881 46.8213 861.183
  vertex 502.943 45.5732 859.658
 endloop
endfacet
facet normal 0.696033 0.172365 0.697014
 outer loop
  vertex 504.341 46.0102 858.259
  vertex 502.943 45.5732 859.658
  vertex 504.877 44.1829 858.089
 endloop
endfacet
facet normal 0.73423 0.168641 0.657622
 outer loop
  vertex 506.259 44.4769 856.581
  vertex 504.877 44.1829 858.089
  vertex 506.671 42.6534 856.498
 endloop
endfacet
facet normal 0.76905 0.164223 0.617732
 outer loop
  vertex 508.015 42.8062 854.901
  vertex 506.671 42.6534 856.498
  vertex 508.334 40.9781 854.896
 endloop
endfacet
facet normal 0.800601 0.159127 0.577683
 outer loop
  vertex 509.623 40.9917 853.229
  vertex 508.334 40.9781 854.896
  vertex 509.871 39.1497 853.294
 endloop
endfacet
facet normal 0.829048 0.153353 0.537738
 outer loop
  vertex 511.103 39.0129 851.564
  vertex 509.871 39.1497 853.294
  vertex 511.289 37.1604 851.702
 endloop
endfacet
facet normal 0.85429 0.146959 0.498589
 outer loop
  vertex 512.44 36.8984 849.945
  vertex 511.289 37.1604 851.702
  vertex 512.579 35.0239 850.149
 endloop
endfacet
facet normal 0.8763 0.140069 0.460955
 outer loop
  vertex 513.637 34.6651 848.394
  vertex 512.579 35.0239 850.149
  vertex 513.737 32.7662 848.664
 endloop
endfacet
facet normal 0.906845 0.188102 0.377161
 outer loop
  vertex 514.708 32.3107 846.916
  vertex 513.737 32.7662 848.664
  vertex 513.614 31.8821 849.829
 endloop
endfacet
facet normal 0.926975 0.363503 0.0926429
 outer loop
  vertex 515.594 27.1443 847.176
  vertex 513.614 31.8821 849.829
  vertex 513.851 31.0678 851.153
 endloop
endfacet
facet normal 0.932048 0.22435 0.284523
 outer loop
  vertex 515.594 27.1443 847.176
  vertex 514.708 32.3107 846.916
  vertex 513.614 31.8821 849.829
 endloop
endfacet
facet normal 0.914229 0.12476 0.385512
 outer loop
  vertex 515.594 27.1443 847.176
  vertex 516.494 27.3096 844.249
  vertex 514.708 32.3107 846.916
 endloop
endfacet
facet normal 0.844231 0.0919028 0.528042
 outer loop
  vertex 513.637 34.6651 848.394
  vertex 512.44 36.8984 849.945
  vertex 512.579 35.0239 850.149
 endloop
endfacet
facet normal 0.820973 0.095242 0.562968
 outer loop
  vertex 512.44 36.8984 849.945
  vertex 511.103 39.0129 851.564
  vertex 511.289 37.1604 851.702
 endloop
endfacet
facet normal 0.794667 0.0982991 0.599035
 outer loop
  vertex 511.103 39.0129 851.564
  vertex 509.623 40.9917 853.229
  vertex 509.871 39.1497 853.294
 endloop
endfacet
facet normal 0.765416 0.101018 0.635557
 outer loop
  vertex 509.623 40.9917 853.229
  vertex 508.015 42.8062 854.901
  vertex 508.334 40.9781 854.896
 endloop
endfacet
facet normal 0.733165 0.103407 0.672142
 outer loop
  vertex 508.015 42.8062 854.901
  vertex 506.259 44.4769 856.581
  vertex 506.671 42.6534 856.498
 endloop
endfacet
facet normal 0.697681 0.105443 0.708606
 outer loop
  vertex 506.259 44.4769 856.581
  vertex 504.341 46.0102 858.259
  vertex 504.877 44.1829 858.089
 endloop
endfacet
facet normal 0.652264 0.10719 0.750374
 outer loop
  vertex 504.341 46.0102 858.259
  vertex 502.255 47.4059 859.92
  vertex 502.943 45.5732 859.658
 endloop
endfacet
facet normal 0.589715 0.108689 0.800264
 outer loop
  vertex 502.255 47.4059 859.92
  vertex 497.738 49.7087 862.998
  vertex 500.881 46.8213 861.183
 endloop
endfacet
facet normal 0.59417 0.328324 0.734279
 outer loop
  vertex 500.792 45.5622 861.933
  vertex 497.738 49.7087 862.998
  vertex 496.402 47.5873 864.655
 endloop
endfacet
facet normal 0.511552 0.186404 0.83879
 outer loop
  vertex 496.402 47.5873 864.655
  vertex 497.738 49.7087 862.998
  vertex 492.77 51.4484 865.685
 endloop
endfacet
facet normal 0.408796 0.188091 0.893033
 outer loop
  vertex 491.62 49.1301 867.021
  vertex 492.77 51.4484 865.685
  vertex 487.543 52.6779 867.837
 endloop
endfacet
facet normal 0.382497 0.33578 0.860783
 outer loop
  vertex 486.469 50.2586 868.962
  vertex 491.62 49.1301 867.021
  vertex 487.543 52.6779 867.837
 endloop
endfacet
facet normal 0.280755 0.188359 0.941115
 outer loop
  vertex 487.543 52.6779 867.837
  vertex 481.733 53.5412 869.514
  vertex 483.814 50.6773 869.737
 endloop
endfacet
facet normal 0.21085 0.335259 0.918229
 outer loop
  vertex 481.115 51.0097 870.378
  vertex 481.733 53.5412 869.514
  vertex 478.374 51.2629 870.881
 endloop
endfacet
facet normal 0.169623 0.18818 0.967376
 outer loop
  vertex 478.374 51.2629 870.881
  vertex 481.733 53.5412 869.514
  vertex 475.903 54.0137 870.502
 endloop
endfacet
facet normal 0.095618 0.334921 0.937382
 outer loop
  vertex 475.591 51.441 871.245
  vertex 475.903 54.0137 870.502
  vertex 472.768 51.5469 871.464
 endloop
endfacet
facet normal 0.0367396 0.611139 0.79067
 outer loop
  vertex 472.788 50.3243 872.329
  vertex 472.768 51.5469 871.464
  vertex 469.945 50.3584 872.399
 endloop
endfacet
facet normal -0.0193014 0.735684 0.67705
 outer loop
  vertex 469.944 49.3606 873.581
  vertex 469.945 50.3584 872.399
  vertex 467.117 50.322 872.324
 endloop
endfacet
facet normal -0.0717779 0.735787 0.673399
 outer loop
  vertex 467.074 49.3243 873.507
  vertex 467.117 50.322 872.324
  vertex 464.303 50.2147 872.106
 endloop
endfacet
facet normal -0.124234 0.736017 0.665466
 outer loop
  vertex 464.22 49.2176 873.29
  vertex 464.303 50.2147 872.106
  vertex 461.506 50.0347 871.745
 endloop
endfacet
facet normal -0.135518 0.791883 0.595447
 outer loop
  vertex 461.382 49.0385 872.932
  vertex 464.22 49.2176 873.29
  vertex 461.506 50.0347 871.745
 endloop
endfacet
facet normal -0.105704 0.88448 0.454446
 outer loop
  vertex 461.382 49.0385 872.932
  vertex 464.097 48.5574 874.687
  vertex 464.22 49.2176 873.29
 endloop
endfacet
facet normal -0.124212 0.921679 0.367532
 outer loop
  vertex 461.382 49.0385 872.932
  vertex 458.318 48.1294 873.828
  vertex 464.097 48.5574 874.687
 endloop
endfacet
facet normal -0.0930563 0.973133 0.210599
 outer loop
  vertex 464.097 48.5574 874.687
  vertex 458.318 48.1294 873.828
  vertex 463.95 48.2809 876.154
 endloop
endfacet
facet normal 0.0564404 0.188004 0.980545
 outer loop
  vertex 475.903 54.0137 870.502
  vertex 470 54.166 870.833
  vertex 472.768 51.5469 871.464
 endloop
endfacet
facet normal 0.0190083 0.334861 0.942076
 outer loop
  vertex 472.768 51.5469 871.464
  vertex 470 54.166 870.833
  vertex 469.945 51.5808 871.535
 endloop
endfacet
facet normal -0.0204781 0.542707 0.839673
 outer loop
  vertex 469.945 50.3584 872.399
  vertex 469.945 51.5808 871.535
  vertex 467.137 51.5446 871.459
 endloop
endfacet
facet normal -0.0774351 0.542802 0.836283
 outer loop
  vertex 467.117 50.322 872.324
  vertex 467.137 51.5446 871.459
  vertex 464.343 51.4376 871.238
 endloop
endfacet
facet normal -0.134305 0.543023 0.828908
 outer loop
  vertex 464.303 50.2147 872.106
  vertex 464.343 51.4376 871.238
  vertex 461.564 51.2581 870.872
 endloop
endfacet
facet normal -0.150378 0.611565 0.776772
 outer loop
  vertex 461.506 50.0347 871.745
  vertex 464.303 50.2147 872.106
  vertex 461.564 51.2581 870.872
 endloop
endfacet
facet normal -0.000744938 0.187792 0.982208
 outer loop
  vertex 470 54.166 870.833
  vertex 469.942 54.166 870.833
  vertex 469.945 51.5808 871.535
 endloop
endfacet
facet normal -0.0208043 0.334862 0.942038
 outer loop
  vertex 469.945 51.5808 871.535
  vertex 469.942 54.166 870.833
  vertex 467.137 51.5446 871.459
 endloop
endfacet
facet normal -0.0579112 0.188004 0.980459
 outer loop
  vertex 467.137 51.5446 871.459
  vertex 469.942 54.166 870.833
  vertex 464.026 54.01 870.494
 endloop
endfacet
facet normal -0.136479 0.335181 0.932216
 outer loop
  vertex 464.343 51.4376 871.238
  vertex 464.026 54.01 870.494
  vertex 461.564 51.2581 870.872
 endloop
endfacet
facet normal -0.0971917 0.33492 0.937221
 outer loop
  vertex 464.343 51.4376 871.238
  vertex 467.137 51.5446 871.459
  vertex 464.026 54.01 870.494
 endloop
endfacet
facet normal 0.0405437 0.921835 0.385457
 outer loop
  vertex 475.833 48.5607 874.694
  vertex 472.829 49.3266 873.511
  vertex 469.943 48.6981 874.979
 endloop
endfacet
facet normal 0.015163 0.88442 0.466446
 outer loop
  vertex 469.943 48.6981 874.979
  vertex 472.829 49.3266 873.511
  vertex 469.944 49.3606 873.581
 endloop
endfacet
facet normal -0.035205 0.791541 0.610101
 outer loop
  vertex 467.074 49.3243 873.507
  vertex 469.944 49.3606 873.581
  vertex 467.117 50.322 872.324
 endloop
endfacet
facet normal -0.0168138 0.884417 0.466394
 outer loop
  vertex 467.074 49.3243 873.507
  vertex 469.943 48.6981 874.979
  vertex 469.944 49.3606 873.581
 endloop
endfacet
facet normal -0.0418733 0.921827 0.385334
 outer loop
  vertex 467.074 49.3243 873.507
  vertex 464.097 48.5574 874.687
  vertex 469.943 48.6981 874.979
 endloop
endfacet
facet normal -0.073816 0.884583 0.460504
 outer loop
  vertex 467.074 49.3243 873.507
  vertex 464.22 49.2176 873.29
  vertex 464.097 48.5574 874.687
 endloop
endfacet
facet normal -0.0853345 0.791672 0.604957
 outer loop
  vertex 467.074 49.3243 873.507
  vertex 464.303 50.2147 872.106
  vertex 464.22 49.2176 873.29
 endloop
endfacet
facet normal 0.0334224 0.791542 0.6102
 outer loop
  vertex 469.944 49.3606 873.581
  vertex 472.829 49.3266 873.511
  vertex 472.788 50.3243 872.329
 endloop
endfacet
facet normal 0.0173488 0.735687 0.6771
 outer loop
  vertex 469.945 50.3584 872.399
  vertex 469.944 49.3606 873.581
  vertex 472.788 50.3243 872.329
 endloop
endfacet
facet normal 0.616559 0.78718 -0.0142682
 outer loop
  vertex 506.241 40.4531 862.679
  vertex 508.956 38.006 858.358
  vertex 505.451 40.9878 861.342
 endloop
endfacet
facet normal 0.713253 0.69457 0.0940375
 outer loop
  vertex 505.451 40.9878 861.342
  vertex 508.956 38.006 858.358
  vertex 508.403 38.822 857.039
 endloop
endfacet
facet normal 0.772036 0.54643 0.324615
 outer loop
  vertex 504.946 41.8675 860.05
  vertex 508.403 38.822 857.039
  vertex 506.55 41.4885 857.4
 endloop
endfacet
facet normal 0.772389 0.364422 0.520204
 outer loop
  vertex 504.764 42.9802 858.938
  vertex 506.55 41.4885 857.4
  vertex 506.671 42.6534 856.498
 endloop
endfacet
facet normal 0.753026 0.301285 0.584961
 outer loop
  vertex 504.877 44.1829 858.089
  vertex 504.764 42.9802 858.938
  vertex 506.671 42.6534 856.498
 endloop
endfacet
facet normal 0.732558 0.374051 0.568722
 outer loop
  vertex 504.877 44.1829 858.089
  vertex 502.842 44.3392 860.456
  vertex 504.764 42.9802 858.938
 endloop
endfacet
facet normal 0.71255 0.308466 0.630176
 outer loop
  vertex 504.877 44.1829 858.089
  vertex 502.943 45.5732 859.658
  vertex 502.842 44.3392 860.456
 endloop
endfacet
facet normal 0.689176 0.381967 0.615741
 outer loop
  vertex 502.842 44.3392 860.456
  vertex 502.943 45.5732 859.658
  vertex 500.792 45.5622 861.933
 endloop
endfacet
facet normal 0.614133 0.593652 0.520017
 outer loop
  vertex 500.961 44.3955 862.975
  vertex 500.792 45.5622 861.933
  vertex 496.555 46.388 865.637
 endloop
endfacet
facet normal 0.466108 0.781415 0.414891
 outer loop
  vertex 496.941 45.4295 866.878
  vertex 496.555 46.388 865.637
  vertex 492.071 46.936 869.177
 endloop
endfacet
facet normal 0.386747 0.873638 0.295269
 outer loop
  vertex 492.55 46.3121 870.564
  vertex 496.941 45.4295 866.878
  vertex 492.071 46.936 869.177
 endloop
endfacet
facet normal 0.769486 0.638119 -0.0263736
 outer loop
  vertex 508.956 38.006 858.358
  vertex 511.967 34.4773 855.369
  vertex 511.372 35.2129 854.027
 endloop
endfacet
facet normal 0.836884 0.505098 0.210953
 outer loop
  vertex 508.403 38.822 857.039
  vertex 511.372 35.2129 854.027
  vertex 509.74 38.0798 854.305
 endloop
endfacet
facet normal 0.840913 0.339898 0.421112
 outer loop
  vertex 508.206 39.8574 855.853
  vertex 509.74 38.0798 854.305
  vertex 509.871 39.1497 853.294
 endloop
endfacet
facet normal 0.823275 0.282768 0.4922
 outer loop
  vertex 508.334 40.9781 854.896
  vertex 508.206 39.8574 855.853
  vertex 509.871 39.1497 853.294
 endloop
endfacet
facet normal 0.808508 0.353037 0.470829
 outer loop
  vertex 508.334 40.9781 854.896
  vertex 506.55 41.4885 857.4
  vertex 508.206 39.8574 855.853
 endloop
endfacet
facet normal 0.789932 0.292727 0.538812
 outer loop
  vertex 508.334 40.9781 854.896
  vertex 506.671 42.6534 856.498
  vertex 506.55 41.4885 857.4
 endloop
endfacet
facet normal 0.671161 0.72901 -0.134488
 outer loop
  vertex 508.956 38.006 858.358
  vertex 509.824 37.5137 859.667
  vertex 511.967 34.4773 855.369
 endloop
endfacet
facet normal 0.754228 0.479145 -0.448954
 outer loop
  vertex 517.516 25.6024 851.146
  vertex 518.129 20.9851 847.679
  vertex 516.511 25.9268 849.925
 endloop
endfacet
facet normal 0.852056 0.406301 -0.330031
 outer loop
  vertex 516.511 25.9268 849.925
  vertex 518.129 20.9851 847.679
  vertex 517.45 21.4085 846.298
 endloop
endfacet
facet normal 0.941839 0.321965 -0.0963235
 outer loop
  vertex 515.854 26.4627 848.552
  vertex 517.45 21.4085 846.298
  vertex 517.167 21.9488 844.882
 endloop
endfacet
facet normal 0.951279 0.308245 0.00725027
 outer loop
  vertex 515.594 27.1443 847.176
  vertex 515.854 26.4627 848.552
  vertex 517.167 21.9488 844.882
 endloop
endfacet
facet normal 0.859113 0.344731 -0.378267
 outer loop
  vertex 518.129 20.9851 847.679
  vertex 519.359 15.7444 845.888
  vertex 517.45 21.4085 846.298
 endloop
endfacet
facet normal 0.762399 0.382209 -0.522172
 outer loop
  vertex 518.129 20.9851 847.679
  vertex 519.151 20.7297 848.877
  vertex 519.359 15.7444 845.888
 endloop
endfacet
facet normal 0.766353 0.249676 -0.591916
 outer loop
  vertex 520.887 12.8808 846.35
  vertex 520.265 10.2382 844.594
  vertex 519.85 13.0241 845.177
 endloop
endfacet
facet normal 0.864107 0.215144 -0.455008
 outer loop
  vertex 519.85 13.0241 845.177
  vertex 520.265 10.2382 844.594
  vertex 519.561 10.4273 843.207
 endloop
endfacet
facet normal 0.902044 0.271168 -0.335833
 outer loop
  vertex 519.359 15.7444 845.888
  vertex 519.561 10.4273 843.207
  vertex 517.45 21.4085 846.298
 endloop
endfacet
facet normal 0.863171 0.246795 -0.440486
 outer loop
  vertex 519.359 15.7444 845.888
  vertex 519.85 13.0241 845.177
  vertex 519.561 10.4273 843.207
 endloop
endfacet
facet normal 0.765273 0.299314 -0.569884
 outer loop
  vertex 519.359 15.7444 845.888
  vertex 520.393 15.5627 847.068
  vertex 519.85 13.0241 845.177
 endloop
endfacet
facet normal 0.865168 0.18338 -0.466751
 outer loop
  vertex 520.265 10.2382 844.594
  vertex 520.609 7.3998 844.148
  vertex 519.561 10.4273 843.207
 endloop
endfacet
facet normal 0.767151 0.199708 -0.609587
 outer loop
  vertex 520.265 10.2382 844.594
  vertex 521.305 10.1343 845.762
  vertex 520.609 7.3998 844.148
 endloop
endfacet
facet normal 0.768654 0.0994597 -0.631885
 outer loop
  vertex 521.925 4.51318 845.005
  vertex 521.087 1.64909 843.686
  vertex 520.882 4.53609 843.845
 endloop
endfacet
facet normal 0.866991 0.0943382 -0.489313
 outer loop
  vertex 520.882 4.53609 843.845
  vertex 521.087 1.64909 843.686
  vertex 520.172 4.60497 842.457
 endloop
endfacet
facet normal 0.581007 0.0983913 -0.807929
 outer loop
  vertex 521.925 4.51318 845.005
  vertex 523.185 4.53624 845.837
  vertex 522.132 1.66729 844.844
 endloop
endfacet
facet normal 0.510692 0.0777894 -0.856237
 outer loop
  vertex 522.132 1.66729 844.844
  vertex 523.185 4.53624 845.837
  vertex 523.393 1.7091 845.672
 endloop
endfacet
facet normal 0.884996 0.407033 -0.226065
 outer loop
  vertex 517.45 21.4085 846.298
  vertex 515.854 26.4627 848.552
  vertex 516.511 25.9268 849.925
 endloop
endfacet
facet normal 0.836567 0.490633 -0.243793
 outer loop
  vertex 516.511 25.9268 849.925
  vertex 515.854 26.4627 848.552
  vertex 514.48 30.427 852.513
 endloop
endfacet
facet normal 0.738413 0.571422 -0.358082
 outer loop
  vertex 515.454 30.0402 853.762
  vertex 516.511 25.9268 849.925
  vertex 514.48 30.427 852.513
 endloop
endfacet
facet normal 0.327555 0.766668 -0.552203
 outer loop
  vertex 513.721 35.8992 860.139
  vertex 514.045 33.9158 857.731
  vertex 512.535 35.72 859.275
 endloop
endfacet
facet normal 0.462546 0.757408 -0.460851
 outer loop
  vertex 512.535 35.72 859.275
  vertex 514.045 33.9158 857.731
  vertex 512.897 34.0344 856.648
 endloop
endfacet
facet normal 0.441648 0.808845 -0.388222
 outer loop
  vertex 509.824 37.5137 859.667
  vertex 510.898 37.3806 860.828
  vertex 512.535 35.72 859.275
 endloop
endfacet
facet normal 0.316568 0.803847 -0.503602
 outer loop
  vertex 512.535 35.72 859.275
  vertex 510.898 37.3806 860.828
  vertex 512.041 37.5669 861.748
 endloop
endfacet
facet normal 0.124882 0.754879 -0.643865
 outer loop
  vertex 513.899 37.276 861.676
  vertex 513.721 35.8992 860.139
  vertex 512.041 37.5669 861.748
 endloop
endfacet
facet normal 0.119956 0.787315 -0.60477
 outer loop
  vertex 512.091 38.8837 863.354
  vertex 512.041 37.5669 861.748
  vertex 510.222 39.0959 863.354
 endloop
endfacet
facet normal 0.47079 0.857649 0.20687
 outer loop
  vertex 497.533 44.8289 868.254
  vertex 501.41 43.4687 864.24
  vertex 496.941 45.4295 866.878
 endloop
endfacet
facet normal 0.558096 0.764998 0.321413
 outer loop
  vertex 496.941 45.4295 866.878
  vertex 501.41 43.4687 864.24
  vertex 500.961 44.3955 862.975
 endloop
endfacet
facet normal 0.550929 0.71851 0.424525
 outer loop
  vertex 496.555 46.388 865.637
  vertex 496.941 45.4295 866.878
  vertex 500.961 44.3955 862.975
 endloop
endfacet
facet normal 0.720221 0.662116 0.207083
 outer loop
  vertex 508.403 38.822 857.039
  vertex 504.946 41.8675 860.05
  vertex 505.451 40.9878 861.342
 endloop
endfacet
facet normal 0.642 0.736723 0.212307
 outer loop
  vertex 505.451 40.9878 861.342
  vertex 504.946 41.8675 860.05
  vertex 501.41 43.4687 864.24
 endloop
endfacet
facet normal 0.548625 0.829809 0.10211
 outer loop
  vertex 502.106 42.8976 865.6
  vertex 505.451 40.9878 861.342
  vertex 501.41 43.4687 864.24
 endloop
endfacet
facet normal 0.289486 0.866897 -0.405817
 outer loop
  vertex 508.256 40.4929 864.949
  vertex 509.128 38.9057 862.378
  vertex 507.217 40.302 863.917
 endloop
endfacet
facet normal 0.403183 0.871345 -0.279646
 outer loop
  vertex 507.217 40.302 863.917
  vertex 509.128 38.9057 862.378
  vertex 506.241 40.4531 862.679
 endloop
endfacet
facet normal 0.42457 0.894696 -0.138778
 outer loop
  vertex 505.159 41.5757 865.434
  vertex 506.241 40.4531 862.679
  vertex 502.106 42.8976 865.6
 endloop
endfacet
facet normal 0.332577 0.934237 -0.128818
 outer loop
  vertex 502.963 42.7238 866.907
  vertex 502.106 42.8976 865.6
  vertex 498.257 44.6297 869.619
 endloop
endfacet
facet normal 0.188071 0.929632 -0.316883
 outer loop
  vertex 503.445 43.9109 869.77
  vertex 502.963 42.7238 866.907
  vertex 498.257 44.6297 869.619
 endloop
endfacet
facet normal 0.355774 0.918081 -0.174791
 outer loop
  vertex 502.106 42.8976 865.6
  vertex 502.963 42.7238 866.907
  vertex 505.159 41.5757 865.434
 endloop
endfacet
facet normal 0.255998 0.915285 -0.310995
 outer loop
  vertex 505.159 41.5757 865.434
  vertex 502.963 42.7238 866.907
  vertex 503.875 42.9064 868.044
 endloop
endfacet
facet normal 0.389813 0.887707 -0.244996
 outer loop
  vertex 506.241 40.4531 862.679
  vertex 505.159 41.5757 865.434
  vertex 507.217 40.302 863.917
 endloop
endfacet
facet normal 0.273469 0.8929 -0.357693
 outer loop
  vertex 507.217 40.302 863.917
  vertex 505.159 41.5757 865.434
  vertex 506.137 41.764 866.519
 endloop
endfacet
facet normal 0.114369 0.816613 -0.565741
 outer loop
  vertex 510.129 40.3538 865.027
  vertex 510.222 39.0959 863.354
  vertex 508.256 40.4929 864.949
 endloop
endfacet
facet normal 0.108146 0.842785 -0.527274
 outer loop
  vertex 508.032 41.6774 866.665
  vertex 508.256 40.4929 864.949
  vertex 506.137 41.764 866.519
 endloop
endfacet
facet normal 0.475 0.843904 -0.249403
 outer loop
  vertex 509.824 37.5137 859.667
  vertex 506.241 40.4531 862.679
  vertex 509.128 38.9057 862.378
 endloop
endfacet
facet normal 0.277576 0.959784 -0.0420344
 outer loop
  vertex 497.533 44.8289 868.254
  vertex 493.134 46.0874 871.972
  vertex 498.257 44.6297 869.619
 endloop
endfacet
facet normal 0.357679 0.933562 -0.0229858
 outer loop
  vertex 502.106 42.8976 865.6
  vertex 497.533 44.8289 868.254
  vertex 498.257 44.6297 869.619
 endloop
endfacet
facet normal 0.155568 0.956092 -0.248367
 outer loop
  vertex 498.257 44.6297 869.619
  vertex 493.134 46.0874 871.972
  vertex 498.474 45.6167 872.511
 endloop
endfacet
facet normal 0.067455 0.996994 -0.0381201
 outer loop
  vertex 482.197 47.967 876.682
  vertex 481.888 47.8727 875.302
  vertex 475.979 48.2842 876.161
 endloop
endfacet
facet normal 0.101038 0.987551 0.120562
 outer loop
  vertex 475.979 48.2842 876.161
  vertex 481.888 47.8727 875.302
  vertex 481.596 48.138 873.845
 endloop
endfacet
facet normal 0.135246 0.985885 0.0986933
 outer loop
  vertex 481.596 48.138 873.845
  vertex 481.888 47.8727 875.302
  vertex 487.617 47.1577 873.898
 endloop
endfacet
facet normal -0.0257551 0.973945 0.225316
 outer loop
  vertex 469.942 48.4178 876.449
  vertex 469.943 48.6981 874.979
  vertex 464.097 48.5574 874.687
 endloop
endfacet
facet normal 0.0417882 0.989221 0.140343
 outer loop
  vertex 469.942 48.4178 876.449
  vertex 475.979 48.2842 876.161
  vertex 475.833 48.5607 874.694
 endloop
endfacet
facet normal 0.0924552 0.984505 -0.149005
 outer loop
  vertex 488.081 47.2727 875.244
  vertex 487.617 47.1577 873.898
  vertex 482.197 47.967 876.682
 endloop
endfacet
facet normal 0.126183 0.972252 -0.196989
 outer loop
  vertex 493.753 46.2271 873.267
  vertex 493.134 46.0874 871.972
  vertex 488.081 47.2727 875.244
 endloop
endfacet
facet normal -0.722014 0.661082 0.204125
 outer loop
  vertex 434.97 41.8042 859.982
  vertex 431.502 38.7227 856.949
  vertex 434.463 40.9257 861.275
 endloop
endfacet
facet normal -0.715002 0.69321 0.0907287
 outer loop
  vertex 434.463 40.9257 861.275
  vertex 431.502 38.7227 856.949
  vertex 430.947 37.9088 858.268
 endloop
endfacet
facet normal -0.590572 0.79619 -0.131554
 outer loop
  vertex 433.671 40.3919 862.612
  vertex 430.947 37.9088 858.268
  vertex 430.077 37.4179 859.577
 endloop
endfacet
facet normal -0.476205 0.842321 -0.252436
 outer loop
  vertex 430.77 38.8238 862.292
  vertex 433.671 40.3919 862.612
  vertex 430.077 37.4179 859.577
 endloop
endfacet
facet normal -0.388386 0.873427 0.293737
 outer loop
  vertex 442.941 45.3861 866.815
  vertex 447.369 46.2921 870.531
  vertex 447.85 46.9156 869.144
 endloop
endfacet
facet normal -0.326302 0.880457 0.343979
 outer loop
  vertex 447.85 46.9156 869.144
  vertex 447.369 46.2921 870.531
  vertex 453.062 48.0264 871.03
 endloop
endfacet
facet normal -0.352648 0.73555 0.578451
 outer loop
  vertex 448.169 47.8935 867.924
  vertex 453.062 48.0264 871.03
  vertex 453.307 49.0154 869.828
 endloop
endfacet
facet normal -0.379751 0.543327 0.748722
 outer loop
  vertex 448.302 49.1093 866.987
  vertex 453.307 49.0154 869.828
  vertex 453.414 50.2379 868.924
 endloop
endfacet
facet normal -0.409585 0.610855 0.677566
 outer loop
  vertex 448.302 49.1093 866.987
  vertex 448.169 47.8935 867.924
  vertex 453.307 49.0154 869.828
 endloop
endfacet
facet normal -0.488878 0.539928 0.685183
 outer loop
  vertex 448.302 49.1093 866.987
  vertex 443.483 47.5426 864.59
  vertex 448.169 47.8935 867.924
 endloop
endfacet
facet normal -0.455119 0.730281 0.509467
 outer loop
  vertex 443.33 46.3439 865.574
  vertex 447.85 46.9156 869.144
  vertex 448.169 47.8935 867.924
 endloop
endfacet
facet normal -0.370606 0.789331 0.489497
 outer loop
  vertex 448.169 47.8935 867.924
  vertex 447.85 46.9156 869.144
  vertex 453.062 48.0264 871.03
 endloop
endfacet
facet normal -0.229644 0.736444 0.636328
 outer loop
  vertex 455.982 49.4381 870.598
  vertex 458.561 48.7826 872.432
  vertex 458.727 49.7773 871.241
 endloop
endfacet
facet normal -0.262355 0.612053 0.74603
 outer loop
  vertex 456.074 50.6616 869.708
  vertex 455.982 49.4381 870.598
  vertex 458.727 49.7773 871.241
 endloop
endfacet
facet normal -0.136263 0.985815 0.097981
 outer loop
  vertex 458.025 47.8643 875.285
  vertex 458.318 48.1294 873.828
  vertex 452.258 47.1381 873.861
 endloop
endfacet
facet normal -0.093144 0.984314 -0.149836
 outer loop
  vertex 452.258 47.1381 873.861
  vertex 451.791 47.2535 875.206
  vertex 457.714 47.9589 876.664
 endloop
endfacet
facet normal -0.24895 0.919987 0.302733
 outer loop
  vertex 447.369 46.2921 870.531
  vertex 458.318 48.1294 873.828
  vertex 453.062 48.0264 871.03
 endloop
endfacet
facet normal -0.55051 0.828909 0.0992457
 outer loop
  vertex 438.474 43.4081 864.163
  vertex 434.463 40.9257 861.275
  vertex 437.775 42.838 865.523
 endloop
endfacet
facet normal -0.531742 0.846789 -0.0141322
 outer loop
  vertex 437.775 42.838 865.523
  vertex 434.463 40.9257 861.275
  vertex 433.671 40.3919 862.612
 endloop
endfacet
facet normal -0.390846 0.886584 -0.247404
 outer loop
  vertex 434.745 41.5208 865.366
  vertex 433.671 40.3919 862.612
  vertex 432.693 40.2412 863.847
 endloop
endfacet
facet normal -0.425909 0.893653 -0.14137
 outer loop
  vertex 434.745 41.5208 865.366
  vertex 437.775 42.838 865.523
  vertex 433.671 40.3919 862.612
 endloop
endfacet
facet normal -0.357092 0.917074 -0.177371
 outer loop
  vertex 434.745 41.5208 865.366
  vertex 436.915 42.6648 866.829
  vertex 437.775 42.838 865.523
 endloop
endfacet
facet normal -0.256916 0.914233 -0.313325
 outer loop
  vertex 434.745 41.5208 865.366
  vertex 435.999 42.8478 867.963
  vertex 436.915 42.6648 866.829
 endloop
endfacet
facet normal -0.209222 0.896708 -0.390052
 outer loop
  vertex 434.745 41.5208 865.366
  vertex 433.764 41.7093 866.449
  vertex 435.999 42.8478 867.963
 endloop
endfacet
facet normal -0.333987 0.933384 -0.131328
 outer loop
  vertex 436.915 42.6648 866.829
  vertex 441.619 44.5876 869.555
  vertex 437.775 42.838 865.523
 endloop
endfacet
facet normal -0.359282 0.932884 -0.0253865
 outer loop
  vertex 437.775 42.838 865.523
  vertex 441.619 44.5876 869.555
  vertex 442.347 44.7862 868.192
 endloop
endfacet
facet normal -0.618101 0.785909 -0.0172749
 outer loop
  vertex 434.463 40.9257 861.275
  vertex 430.947 37.9088 858.268
  vertex 433.671 40.3919 862.612
 endloop
endfacet
facet normal -0.442631 0.806773 -0.3914
 outer loop
  vertex 429 37.2853 860.735
  vertex 430.077 37.4179 859.577
  vertex 427.377 35.6227 859.188
 endloop
endfacet
facet normal -0.706363 0.359552 -0.609732
 outer loop
  vertex 419.59 15.477 847.043
  vertex 420.832 20.6722 848.854
  vertex 420.624 15.6575 845.863
 endloop
endfacet
facet normal -0.762474 0.380945 -0.522986
 outer loop
  vertex 420.624 15.6575 845.863
  vertex 420.832 20.6722 848.854
  vertex 421.855 20.9268 847.656
 endloop
endfacet
facet normal -0.85222 0.404974 -0.331236
 outer loop
  vertex 421.855 20.9268 847.656
  vertex 423.448 25.8199 849.87
  vertex 422.534 21.3489 846.274
 endloop
endfacet
facet normal -0.754436 0.477335 -0.45053
 outer loop
  vertex 421.855 20.9268 847.656
  vertex 422.443 25.4971 851.091
  vertex 423.448 25.8199 849.87
 endloop
endfacet
facet normal -0.689373 0.558519 -0.461325
 outer loop
  vertex 423.448 25.8199 849.87
  vertex 422.443 25.4971 851.091
  vertex 424.495 29.9462 853.7
 endloop
endfacet
facet normal -0.738875 0.569431 -0.360295
 outer loop
  vertex 425.47 30.3316 852.452
  vertex 423.448 25.8199 849.87
  vertex 424.495 29.9462 853.7
 endloop
endfacet
facet normal -0.837022 0.488794 -0.245917
 outer loop
  vertex 425.47 30.3316 852.452
  vertex 424.105 26.3534 848.497
  vertex 423.448 25.8199 849.87
 endloop
endfacet
facet normal -0.865418 0.481951 -0.137024
 outer loop
  vertex 425.47 30.3316 852.452
  vertex 426.1 30.9702 851.091
  vertex 424.105 26.3534 848.497
 endloop
endfacet
facet normal -0.922902 0.384723 -0.0154884
 outer loop
  vertex 424.105 26.3534 848.497
  vertex 426.1 30.9702 851.091
  vertex 424.366 27.0319 847.12
 endloop
endfacet
facet normal -0.636283 0.729944 -0.249653
 outer loop
  vertex 430.077 37.4179 859.577
  vertex 427.971 34.3912 855.303
  vertex 427.039 33.9495 856.581
 endloop
endfacet
facet normal -0.712332 0.654206 -0.254159
 outer loop
  vertex 427.039 33.9495 856.581
  vertex 427.971 34.3912 855.303
  vertex 425.47 30.3316 852.452
 endloop
endfacet
facet normal -0.833035 0.552356 -0.0309193
 outer loop
  vertex 426.1 30.9702 851.091
  vertex 427.971 34.3912 855.303
  vertex 428.566 35.1248 853.96
 endloop
endfacet
facet normal -0.770695 0.636528 -0.0293604
 outer loop
  vertex 428.566 35.1248 853.96
  vertex 427.971 34.3912 855.303
  vertex 430.947 37.9088 858.268
 endloop
endfacet
facet normal -0.463194 0.755436 -0.463431
 outer loop
  vertex 427.377 35.6227 859.188
  vertex 427.039 33.9495 856.581
  vertex 425.89 33.8311 857.662
 endloop
endfacet
facet normal -0.540687 0.706824 -0.456134
 outer loop
  vertex 425.89 33.8311 857.662
  vertex 427.039 33.9495 856.581
  vertex 424.495 29.9462 853.7
 endloop
endfacet
facet normal -0.263534 0.741788 -0.616685
 outer loop
  vertex 425.89 33.8311 857.662
  vertex 424.666 34.0002 858.469
  vertex 426.189 35.8015 860.049
 endloop
endfacet
facet normal -0.560367 0.614766 -0.555024
 outer loop
  vertex 423.294 29.841 854.71
  vertex 424.495 29.9462 853.7
  vertex 422.443 25.4971 851.091
 endloop
endfacet
facet normal -0.255423 0.779605 -0.571817
 outer loop
  vertex 427.377 35.6227 859.188
  vertex 426.189 35.8015 860.049
  vertex 427.854 37.4712 861.651
 endloop
endfacet
facet normal -0.504432 0.484122 -0.714965
 outer loop
  vertex 419.586 20.6024 849.757
  vertex 421.212 25.4073 852.041
  vertex 420.832 20.6722 848.854
 endloop
endfacet
facet normal -0.571647 0.514562 -0.639097
 outer loop
  vertex 420.832 20.6722 848.854
  vertex 421.212 25.4073 852.041
  vertex 422.443 25.4971 851.091
 endloop
endfacet
facet normal -0.707723 0.289835 -0.644301
 outer loop
  vertex 420.135 12.9319 845.155
  vertex 419.098 12.7899 846.328
  vertex 419.59 15.477 847.043
 endloop
endfacet
facet normal -0.578921 0.318073 -0.750786
 outer loop
  vertex 419.59 15.477 847.043
  vertex 419.098 12.7899 846.328
  vertex 418.336 15.4333 847.912
 endloop
endfacet
facet normal -0.508141 0.375904 -0.774912
 outer loop
  vertex 419.586 20.6024 849.757
  vertex 419.59 15.477 847.043
  vertex 418.336 15.4333 847.912
 endloop
endfacet
facet normal -0.509376 0.246072 -0.824612
 outer loop
  vertex 417.428 10.0517 846.595
  vertex 417.842 12.7613 847.184
  vertex 418.685 10.0639 845.749
 endloop
endfacet
facet normal -0.768655 0.0993013 -0.631909
 outer loop
  vertex 418.913 1.64745 843.686
  vertex 418.074 4.50081 845.004
  vertex 419.117 4.52354 843.844
 endloop
endfacet
facet normal -0.709749 0.13455 -0.691486
 outer loop
  vertex 419.117 4.52354 843.844
  vertex 418.074 4.50081 845.004
  vertex 418.345 7.3005 845.307
 endloop
endfacet
facet normal -0.709126 0.186413 -0.679993
 outer loop
  vertex 419.387 7.36361 844.144
  vertex 418.345 7.3005 845.307
  vertex 418.685 10.0639 845.749
 endloop
endfacet
facet normal -0.767869 0.14908 -0.623019
 outer loop
  vertex 419.387 7.36361 844.144
  vertex 419.117 4.52354 843.844
  vertex 418.345 7.3005 845.307
 endloop
endfacet
facet normal -0.866166 0.12589 -0.48364
 outer loop
  vertex 419.387 7.36361 844.144
  vertex 419.827 4.59215 842.456
  vertex 419.117 4.52354 843.844
 endloop
endfacet
facet normal -0.905604 0.147042 -0.39782
 outer loop
  vertex 419.387 7.36361 844.144
  vertex 420.43 10.3544 843.194
  vertex 419.827 4.59215 842.456
 endloop
endfacet
facet normal -0.865181 0.182452 -0.46709
 outer loop
  vertex 419.387 7.36361 844.144
  vertex 419.725 10.1668 844.581
  vertex 420.43 10.3544 843.194
 endloop
endfacet
facet normal -0.581007 0.0982171 -0.80795
 outer loop
  vertex 417.868 1.66567 844.844
  vertex 416.814 4.52395 845.836
  vertex 418.074 4.50081 845.004
 endloop
endfacet
facet normal -0.51016 0.134187 -0.849547
 outer loop
  vertex 418.074 4.50081 845.004
  vertex 416.814 4.52395 845.836
  vertex 417.087 7.30554 846.145
 endloop
endfacet
facet normal -0.509752 0.19027 -0.839017
 outer loop
  vertex 418.345 7.3005 845.307
  vertex 417.087 7.30554 846.145
  vertex 417.428 10.0517 846.595
 endloop
endfacet
facet normal -0.580455 0.153541 -0.799686
 outer loop
  vertex 418.345 7.3005 845.307
  vertex 418.074 4.50081 845.004
  vertex 417.087 7.30554 846.145
 endloop
endfacet
facet normal -0.582355 0.0502364 -0.811381
 outer loop
  vertex 416.607 1.7075 845.672
  vertex 417.868 1.66567 844.844
  vertex 417.794 0.0134878 844.805
 endloop
endfacet
facet normal 0.966137 0.250361 -0.0624383
 outer loop
  vertex 517.167 21.9488 844.882
  vertex 517.45 21.4085 846.298
  vertex 518.362 16.4488 843.06
 endloop
endfacet
facet normal 0.956697 0.23128 -0.176751
 outer loop
  vertex 518.362 16.4488 843.06
  vertex 517.45 21.4085 846.298
  vertex 519.561 10.4273 843.207
 endloop
endfacet
facet normal 0.977428 0.166957 -0.129457
 outer loop
  vertex 519.244 10.6791 841.747
  vertex 518.362 16.4488 843.06
  vertex 519.561 10.4273 843.207
 endloop
endfacet
facet normal 0.9056 0.147621 -0.397615
 outer loop
  vertex 520.609 7.3998 844.148
  vertex 520.172 4.60497 842.457
  vertex 519.561 10.4273 843.207
 endloop
endfacet
facet normal 0.962904 0.121758 -0.240813
 outer loop
  vertex 519.561 10.4273 843.207
  vertex 520.172 4.60497 842.457
  vertex 519.847 4.71095 840.987
 endloop
endfacet
facet normal 0.97263 0.162393 0.16619
 outer loop
  vertex 517.25 22.5396 843.568
  vertex 517.167 21.9488 844.882
  vertex 518.425 16.8863 841.699
 endloop
endfacet
facet normal 0.915841 0.290931 0.276756
 outer loop
  vertex 513.614 31.8821 849.829
  vertex 513.737 32.7662 848.664
  vertex 512.451 34.0734 851.266
 endloop
endfacet
facet normal 0.885579 0.453493 0.100466
 outer loop
  vertex 513.851 31.0678 851.153
  vertex 512.451 34.0734 851.266
  vertex 511.372 35.2129 854.027
 endloop
endfacet
facet normal 0.832137 0.553843 -0.0283867
 outer loop
  vertex 511.967 34.4773 855.369
  vertex 513.851 31.0678 851.153
  vertex 511.372 35.2129 854.027
 endloop
endfacet
facet normal 0.864843 0.483604 -0.134808
 outer loop
  vertex 513.851 31.0678 851.153
  vertex 514.48 30.427 852.513
  vertex 515.854 26.4627 848.552
 endloop
endfacet
facet normal 0.911766 0.386852 0.137945
 outer loop
  vertex 513.851 31.0678 851.153
  vertex 513.614 31.8821 849.829
  vertex 512.451 34.0734 851.266
 endloop
endfacet
facet normal 0.806701 0.474794 0.351857
 outer loop
  vertex 506.55 41.4885 857.4
  vertex 508.403 38.822 857.039
  vertex 508.206 39.8574 855.853
 endloop
endfacet
facet normal 0.827692 0.463661 0.31614
 outer loop
  vertex 508.206 39.8574 855.853
  vertex 508.403 38.822 857.039
  vertex 509.74 38.0798 854.305
 endloop
endfacet
facet normal 0.853095 0.27143 0.445594
 outer loop
  vertex 509.871 39.1497 853.294
  vertex 509.74 38.0798 854.305
  vertex 511.289 37.1604 851.702
 endloop
endfacet
facet normal 0.869639 0.325026 0.371599
 outer loop
  vertex 511.289 37.1604 851.702
  vertex 509.74 38.0798 854.305
  vertex 511.158 36.1474 852.768
 endloop
endfacet
facet normal 0.894625 0.308594 0.323136
 outer loop
  vertex 512.579 35.0239 850.149
  vertex 511.158 36.1474 852.768
  vertex 512.451 34.0734 851.266
 endloop
endfacet
facet normal 0.902082 0.245045 0.355249
 outer loop
  vertex 513.737 32.7662 848.664
  vertex 512.579 35.0239 850.149
  vertex 512.451 34.0734 851.266
 endloop
endfacet
facet normal 0.867221 0.435032 0.24223
 outer loop
  vertex 509.74 38.0798 854.305
  vertex 511.372 35.2129 854.027
  vertex 511.158 36.1474 852.768
 endloop
endfacet
facet normal 0.8829 0.421262 0.207428
 outer loop
  vertex 511.158 36.1474 852.768
  vertex 511.372 35.2129 854.027
  vertex 512.451 34.0734 851.266
 endloop
endfacet
facet normal 0.784129 0.614312 0.0881067
 outer loop
  vertex 508.403 38.822 857.039
  vertex 508.956 38.006 858.358
  vertex 511.372 35.2129 854.027
 endloop
endfacet
facet normal 0.879391 0.258777 0.399632
 outer loop
  vertex 511.289 37.1604 851.702
  vertex 511.158 36.1474 852.768
  vertex 512.579 35.0239 850.149
 endloop
endfacet
facet normal 0.491719 0.333611 0.804311
 outer loop
  vertex 492.77 51.4484 865.685
  vertex 491.62 49.1301 867.021
  vertex 496.402 47.5873 864.655
 endloop
endfacet
facet normal 0.486872 0.540023 0.686535
 outer loop
  vertex 496.402 47.5873 864.655
  vertex 491.62 49.1301 867.021
  vertex 491.753 47.9141 867.958
 endloop
endfacet
facet normal 0.514023 0.605479 0.607597
 outer loop
  vertex 496.555 46.388 865.637
  vertex 496.402 47.5873 864.655
  vertex 491.753 47.9141 867.958
 endloop
endfacet
facet normal 0.67065 0.519488 0.52949
 outer loop
  vertex 500.792 45.5622 861.933
  vertex 500.961 44.3955 862.975
  vertex 502.842 44.3392 860.456
 endloop
endfacet
facet normal 0.691537 0.576642 0.435041
 outer loop
  vertex 502.842 44.3392 860.456
  vertex 500.961 44.3955 862.975
  vertex 504.946 41.8675 860.05
 endloop
endfacet
facet normal 0.756756 0.496433 0.425295
 outer loop
  vertex 504.764 42.9802 858.938
  vertex 504.946 41.8675 860.05
  vertex 506.55 41.4885 857.4
 endloop
endfacet
facet normal 0.730418 0.504733 0.460146
 outer loop
  vertex 504.764 42.9802 858.938
  vertex 502.842 44.3392 860.456
  vertex 504.946 41.8675 860.05
 endloop
endfacet
facet normal 0.641248 0.696617 0.321753
 outer loop
  vertex 500.961 44.3955 862.975
  vertex 501.41 43.4687 864.24
  vertex 504.946 41.8675 860.05
 endloop
endfacet
facet normal 0.668759 0.314295 0.67378
 outer loop
  vertex 500.881 46.8213 861.183
  vertex 500.792 45.5622 861.933
  vertex 502.943 45.5732 859.658
 endloop
endfacet
facet normal 0.407662 0.610918 0.678669
 outer loop
  vertex 491.753 47.9141 867.958
  vertex 491.62 49.1301 867.021
  vertex 486.576 49.036 869.864
 endloop
endfacet
facet normal 0.175532 0.736275 0.653519
 outer loop
  vertex 478.432 50.0395 871.754
  vertex 478.556 49.0433 872.941
  vertex 481.191 49.7861 871.258
 endloop
endfacet
facet normal 0.18454 0.792057 0.581886
 outer loop
  vertex 481.191 49.7861 871.258
  vertex 478.556 49.0433 872.941
  vertex 481.355 48.7914 872.449
 endloop
endfacet
facet normal 0.315535 0.611961 0.725218
 outer loop
  vertex 486.576 49.036 869.864
  vertex 486.469 50.2586 868.962
  vertex 483.906 49.4538 870.627
 endloop
endfacet
facet normal 0.135137 0.335176 0.932413
 outer loop
  vertex 475.903 54.0137 870.502
  vertex 475.591 51.441 871.245
  vertex 478.374 51.2629 870.881
 endloop
endfacet
facet normal 0.132983 0.543018 0.829124
 outer loop
  vertex 478.374 51.2629 870.881
  vertex 475.591 51.441 871.245
  vertex 475.63 50.2181 872.113
 endloop
endfacet
facet normal 0.149111 0.611559 0.777021
 outer loop
  vertex 478.432 50.0395 871.754
  vertex 478.374 51.2629 870.881
  vertex 475.63 50.2181 872.113
 endloop
endfacet
facet normal 0.0701815 0.735787 0.673567
 outer loop
  vertex 472.788 50.3243 872.329
  vertex 472.829 49.3266 873.511
  vertex 475.63 50.2181 872.113
 endloop
endfacet
facet normal 0.0930435 0.611295 0.785914
 outer loop
  vertex 475.591 51.441 871.245
  vertex 472.788 50.3243 872.329
  vertex 475.63 50.2181 872.113
 endloop
endfacet
facet normal 0.0756982 0.542804 0.836441
 outer loop
  vertex 475.591 51.441 871.245
  vertex 472.768 51.5469 871.464
  vertex 472.788 50.3243 872.329
 endloop
endfacet
facet normal 0.0183559 0.54271 0.83972
 outer loop
  vertex 469.945 51.5808 871.535
  vertex 469.945 50.3584 872.399
  vertex 472.768 51.5469 871.464
 endloop
endfacet
facet normal 0.0839789 0.791672 0.605148
 outer loop
  vertex 472.829 49.3266 873.511
  vertex 475.713 49.221 873.297
  vertex 475.63 50.2181 872.113
 endloop
endfacet
facet normal -0.0945576 0.611296 0.785733
 outer loop
  vertex 464.343 51.4376 871.238
  vertex 464.303 50.2147 872.106
  vertex 467.117 50.322 872.324
 endloop
endfacet
facet normal -0.0387281 0.611136 0.790577
 outer loop
  vertex 467.137 51.5446 871.459
  vertex 467.117 50.322 872.324
  vertex 469.945 50.3584 872.399
 endloop
endfacet
facet normal -0.185923 0.792062 0.581438
 outer loop
  vertex 458.727 49.7773 871.241
  vertex 458.561 48.7826 872.432
  vertex 461.382 49.0385 872.932
 endloop
endfacet
facet normal -0.28682 0.791568 0.539587
 outer loop
  vertex 453.062 48.0264 871.03
  vertex 455.776 48.4457 871.795
  vertex 453.307 49.0154 869.828
 endloop
endfacet
facet normal -0.317937 0.611949 0.724178
 outer loop
  vertex 453.414 50.2379 868.924
  vertex 453.307 49.0154 869.828
  vertex 455.982 49.4381 870.598
 endloop
endfacet
facet normal -0.592035 0.108625 0.798558
 outer loop
  vertex 437.633 47.3373 859.835
  vertex 439.004 46.7573 861.102
  vertex 442.135 49.655 862.92
 endloop
endfacet
facet normal -0.553372 0.718084 0.42206
 outer loop
  vertex 442.941 45.3861 866.815
  vertex 443.33 46.3439 865.574
  vertex 438.925 44.3339 862.898
 endloop
endfacet
facet normal -0.671082 0.314029 0.671591
 outer loop
  vertex 439.004 46.7573 861.102
  vertex 436.966 45.5134 859.588
  vertex 439.093 45.4995 861.854
 endloop
endfacet
facet normal -0.69135 0.381626 0.613511
 outer loop
  vertex 439.093 45.4995 861.854
  vertex 436.966 45.5134 859.588
  vertex 437.068 44.2807 860.388
 endloop
endfacet
facet normal -0.673025 0.519016 0.526934
 outer loop
  vertex 438.925 44.3339 862.898
  vertex 439.093 45.4995 861.854
  vertex 437.068 44.2807 860.388
 endloop
endfacet
facet normal -0.59287 0.531568 0.604931
 outer loop
  vertex 443.483 47.5426 864.59
  vertex 439.093 45.4995 861.854
  vertex 443.33 46.3439 865.574
 endloop
endfacet
facet normal -0.808697 0.473766 0.348648
 outer loop
  vertex 431.699 39.7554 855.76
  vertex 431.502 38.7227 856.949
  vertex 433.354 41.4009 857.314
 endloop
endfacet
facet normal -0.754906 0.3009 0.582732
 outer loop
  vertex 433.232 42.5635 856.408
  vertex 435.152 42.9153 858.869
  vertex 435.039 44.1164 858.017
 endloop
endfacet
facet normal -0.734444 0.373654 0.566547
 outer loop
  vertex 435.039 44.1164 858.017
  vertex 435.152 42.9153 858.869
  vertex 437.068 44.2807 860.388
 endloop
endfacet
facet normal -0.714459 0.308175 0.628154
 outer loop
  vertex 436.966 45.5134 859.588
  vertex 435.039 44.1164 858.017
  vertex 437.068 44.2807 860.388
 endloop
endfacet
facet normal -0.91254 0.385761 0.135863
 outer loop
  vertex 426.337 31.7816 849.766
  vertex 426.1 30.9702 851.091
  vertex 427.503 33.9933 851.211
 endloop
endfacet
facet normal -0.880437 0.258206 0.397693
 outer loop
  vertex 428.781 36.0567 852.699
  vertex 428.65 37.0669 851.631
  vertex 427.375 34.9414 850.092
 endloop
endfacet
facet normal -0.902906 0.244487 0.353535
 outer loop
  vertex 427.503 33.9933 851.211
  vertex 427.375 34.9414 850.092
  vertex 426.214 32.6627 848.599
 endloop
endfacet
facet normal -0.942066 0.320946 -0.0974968
 outer loop
  vertex 422.818 21.8876 844.859
  vertex 422.534 21.3489 846.274
  vertex 424.105 26.3534 848.497
 endloop
endfacet
facet normal -0.885279 0.405524 -0.227664
 outer loop
  vertex 424.105 26.3534 848.497
  vertex 422.534 21.3489 846.274
  vertex 423.448 25.8199 849.87
 endloop
endfacet
facet normal -0.95765 0.191144 0.215339
 outer loop
  vertex 424.366 27.0319 847.12
  vertex 423.475 27.2078 844.201
  vertex 422.818 21.8876 844.859
 endloop
endfacet
facet normal -0.962914 0.121346 -0.240979
 outer loop
  vertex 419.827 4.59215 842.456
  vertex 420.43 10.3544 843.194
  vertex 420.152 4.69782 840.986
 endloop
endfacet
facet normal -0.982504 0.0773061 -0.169437
 outer loop
  vertex 419.864 -0.00764937 840.798
  vertex 419.827 4.59215 842.456
  vertex 420.152 4.69782 840.986
 endloop
endfacet
facet normal -0.990255 0.136046 0.0297699
 outer loop
  vertex 420.747 10.6044 841.734
  vertex 421.621 16.3576 843.035
  vertex 420.701 10.8858 840.341
 endloop
endfacet
facet normal -0.979669 0.132236 -0.150871
 outer loop
  vertex 420.43 10.3544 843.194
  vertex 420.747 10.6044 841.734
  vertex 420.152 4.69782 840.986
 endloop
endfacet
facet normal -0.907026 0.0866521 -0.412062
 outer loop
  vertex 419.117 4.52354 843.844
  vertex 419.827 4.59215 842.456
  vertex 419.539 -0.00535675 842.271
 endloop
endfacet
facet normal 0.864539 0.0883575 0.494737
 outer loop
  vertex 513.737 32.7662 848.664
  vertex 514.708 32.3107 846.916
  vertex 513.637 34.6651 848.394
 endloop
endfacet
facet normal 0.298663 -0.0173074 -0.954202
 outer loop
  vertex 523.478 0.0285985 845.641
  vertex 526.113 0.0609515 846.25
  vertex 523.438 -1.68171 845.671
 endloop
endfacet
facet normal 0.582207 -0.0341757 -0.812322
 outer loop
  vertex 522.223 0.0136866 844.819
  vertex 523.438 -1.68171 845.671
  vertex 522.175 -1.66977 844.843
 endloop
endfacet
facet normal 0.77025 -0.0357427 -0.63674
 outer loop
  vertex 521.174 0.00206767 843.66
  vertex 522.175 -1.66977 844.843
  vertex 521.129 -1.67552 843.685
 endloop
endfacet
facet normal 0.908671 -0.0476164 -0.414788
 outer loop
  vertex 520.462 -0.00535468 842.272
  vertex 521.129 -1.67552 843.685
  vertex 520.286 -4.69082 842.459
 endloop
endfacet
facet normal 0.984011 -0.0529293 -0.170064
 outer loop
  vertex 520.136 -0.00764638 840.803
  vertex 520.286 -4.69082 842.459
  vertex 519.962 -4.8036 840.988
 endloop
endfacet
facet normal 0.97666 -0.0321837 0.212364
 outer loop
  vertex 520.499 -4.71043E-06 838.127
  vertex 519.962 -4.8036 840.988
  vertex 520.5 -2.13381E-13 838.125
 endloop
endfacet
facet normal 0.997621 -0.0329171 0.0605764
 outer loop
  vertex 520.499 -4.71043E-06 838.127
  vertex 520.136 -0.00764638 840.803
  vertex 519.962 -4.8036 840.988
 endloop
endfacet
facet normal 0.134192 -0.686052 -0.71507
 outer loop
  vertex 517.873 -33.9867 858.658
  vertex 516.019 -34.5255 858.914
  vertex 517.393 -32.5662 857.308
 endloop
endfacet
facet normal 0.137155 -0.636859 -0.758683
 outer loop
  vertex 519.243 -31.8779 856.972
  vertex 517.393 -32.5662 857.308
  vertex 518.631 -30.4633 855.75
 endloop
endfacet
facet normal 0.213989 -0.609026 -0.763739
 outer loop
  vertex 521.492 -27.339 853.887
  vertex 518.631 -30.4633 855.75
  vertex 517.341 -30.3424 855.046
 endloop
endfacet
facet normal 0.501231 -0.585611 -0.637046
 outer loop
  vertex 519.365 -25.8296 852.267
  vertex 517.341 -30.3424 855.046
  vertex 518.124 -25.9491 851.322
 endloop
endfacet
facet normal 0.706365 -0.451788 -0.544918
 outer loop
  vertex 519.649 -21.0389 848.997
  vertex 518.124 -25.9491 851.322
  vertex 518.62 -21.3229 847.801
 endloop
endfacet
facet normal 0.864626 -0.327743 -0.380798
 outer loop
  vertex 519.746 -15.9564 845.939
  vertex 518.62 -21.3229 847.801
  vertex 517.941 -21.77 846.42
 endloop
endfacet
facet normal 0.961177 -0.209849 -0.179169
 outer loop
  vertex 519.818 -10.564 843.222
  vertex 517.941 -21.77 846.42
  vertex 518.752 -16.6926 843.109
 endloop
endfacet
facet normal 0.993194 -0.113011 0.0281625
 outer loop
  vertex 519.503 -10.8243 841.76
  vertex 518.752 -16.6926 843.109
  vertex 519.554 -11.1074 840.366
 endloop
endfacet
facet normal 0.986618 -0.0478005 0.155884
 outer loop
  vertex 519.962 -4.8036 840.988
  vertex 519.554 -11.1074 840.366
  vertex 519.948 -10.7429 839.027
 endloop
endfacet
facet normal 0.975064 -0.0322205 0.219571
 outer loop
  vertex 520.5 -2.13381E-13 838.125
  vertex 519.962 -4.8036 840.988
  vertex 519.948 -10.7429 839.027
 endloop
endfacet
facet normal 0.767599 -0.368202 -0.524613
 outer loop
  vertex 518.62 -21.3229 847.801
  vertex 519.746 -15.9564 845.939
  vertex 519.649 -21.0389 848.997
 endloop
endfacet
facet normal 0.710802 -0.347543 -0.611534
 outer loop
  vertex 519.649 -21.0389 848.997
  vertex 519.746 -15.9564 845.939
  vertex 520.784 -15.748 847.118
 endloop
endfacet
facet normal 0.511404 -0.368887 -0.776137
 outer loop
  vertex 520.905 -20.9388 849.895
  vertex 520.784 -15.748 847.118
  vertex 522.045 -15.6736 847.983
 endloop
endfacet
facet normal 0.298685 -0.309786 -0.902674
 outer loop
  vertex 524.508 -16.7577 848.983
  vertex 522.045 -15.6736 847.983
  vertex 522.478 -12.9482 847.229
 endloop
endfacet
facet normal 0.298872 -0.234842 -0.924946
 outer loop
  vertex 525.397 -10.8211 847.372
  vertex 522.478 -12.9482 847.229
  vertex 522.828 -10.1852 846.619
 endloop
endfacet
facet normal 0.51149 -0.178864 -0.840467
 outer loop
  vertex 523.102 -7.38588 846.155
  vertex 522.828 -10.1852 846.619
  vertex 521.839 -7.41122 845.319
 endloop
endfacet
facet normal 0.71153 -0.117168 -0.692818
 outer loop
  vertex 522.042 -4.55819 845.007
  vertex 521.839 -7.41122 845.319
  vertex 520.997 -4.60566 843.847
 endloop
endfacet
facet normal 0.868572 -0.072407 -0.490244
 outer loop
  vertex 521.129 -1.67552 843.685
  vertex 520.997 -4.60566 843.847
  vertex 520.286 -4.69082 842.459
 endloop
endfacet
facet normal 0.770143 -0.0798234 -0.632857
 outer loop
  vertex 521.129 -1.67552 843.685
  vertex 522.042 -4.55819 845.007
  vertex 520.997 -4.60566 843.847
 endloop
endfacet
facet normal 0.711706 -0.0639128 -0.699564
 outer loop
  vertex 521.129 -1.67552 843.685
  vertex 522.175 -1.66977 844.843
  vertex 522.042 -4.55819 845.007
 endloop
endfacet
facet normal 0.582159 -0.0831617 -0.808811
 outer loop
  vertex 522.042 -4.55819 845.007
  vertex 522.175 -1.66977 844.843
  vertex 523.304 -4.55118 845.838
 endloop
endfacet
facet normal 0.29869 -0.119231 -0.946873
 outer loop
  vertex 523.102 -7.38588 846.155
  vertex 523.304 -4.55118 845.838
  vertex 525.916 -4.86324 846.475
 endloop
endfacet
facet normal 0.149419 -0.15132 -0.977127
 outer loop
  vertex 525.397 -10.8211 847.372
  vertex 523.102 -7.38588 846.155
  vertex 525.916 -4.86324 846.475
 endloop
endfacet
facet normal 0.29863 -0.1954 -0.934151
 outer loop
  vertex 525.397 -10.8211 847.372
  vertex 522.828 -10.1852 846.619
  vertex 523.102 -7.38588 846.155
 endloop
endfacet
facet normal 0.298996 -0.369043 -0.880005
 outer loop
  vertex 522.045 -15.6736 847.983
  vertex 524.508 -16.7577 848.983
  vertex 520.905 -20.9388 849.895
 endloop
endfacet
facet normal 0.149229 -0.392866 -0.907407
 outer loop
  vertex 520.905 -20.9388 849.895
  vertex 524.508 -16.7577 848.983
  vertex 523.266 -22.1414 851.122
 endloop
endfacet
facet normal 0.14773 -0.497091 -0.85503
 outer loop
  vertex 519.365 -25.8296 852.267
  vertex 523.266 -22.1414 851.122
  vertex 521.492 -27.339 853.887
 endloop
endfacet
facet normal 0.292311 -0.584399 -0.756989
 outer loop
  vertex 517.341 -30.3424 855.046
  vertex 519.365 -25.8296 852.267
  vertex 521.492 -27.339 853.887
 endloop
endfacet
facet normal 0.0693044 -0.575912 -0.814568
 outer loop
  vertex 521.492 -27.339 853.887
  vertex 519.243 -31.8779 856.972
  vertex 518.631 -30.4633 855.75
 endloop
endfacet
facet normal 0.0679393 -0.639944 -0.765412
 outer loop
  vertex 519.243 -31.8779 856.972
  vertex 517.873 -33.9867 858.658
  vertex 517.393 -32.5662 857.308
 endloop
endfacet
facet normal 0.0663047 -0.6865 -0.724101
 outer loop
  vertex 517.873 -33.9867 858.658
  vertex 516.345 -35.9479 860.395
  vertex 516.019 -34.5255 858.914
 endloop
endfacet
facet normal 0.130633 -0.72548 -0.675732
 outer loop
  vertex 516.019 -34.5255 858.914
  vertex 516.345 -35.9479 860.395
  vertex 514.501 -36.3454 860.555
 endloop
endfacet
facet normal 0.33142 -0.76962 -0.545752
 outer loop
  vertex 514.782 -34.3784 858.109
  vertex 514.501 -36.3454 860.555
  vertex 513.3 -36.188 859.694
 endloop
endfacet
facet normal 0.521056 -0.775852 -0.355744
 outer loop
  vertex 513.621 -34.5248 857.03
  vertex 513.3 -36.188 859.694
  vertex 510.585 -38.0266 860.145
 endloop
endfacet
facet normal 0.67882 -0.72303 -0.12818
 outer loop
  vertex 512.683 -34.9989 855.756
  vertex 510.585 -38.0266 860.145
  vertex 509.709 -38.5504 858.841
 endloop
endfacet
facet normal 0.792242 -0.603013 0.0934253
 outer loop
  vertex 512.088 -35.7655 854.419
  vertex 509.709 -38.5504 858.841
  vertex 509.156 -39.3984 857.53
 endloop
endfacet
facet normal 0.834969 -0.447586 0.320146
 outer loop
  vertex 510.492 -38.6648 854.749
  vertex 509.156 -39.3984 857.53
  vertex 508.967 -40.4614 856.356
 endloop
endfacet
facet normal 0.828705 -0.262956 0.494067
 outer loop
  vertex 510.636 -39.7538 853.749
  vertex 508.967 -40.4614 856.356
  vertex 509.107 -41.602 855.413
 endloop
endfacet
facet normal 0.768257 -0.0789061 0.635259
 outer loop
  vertex 510.391 -41.6342 853.742
  vertex 509.107 -41.602 855.413
  vertex 508.784 -43.4677 855.481
 endloop
endfacet
facet normal 0.804407 -0.137589 0.577926
 outer loop
  vertex 510.391 -41.6342 853.742
  vertex 510.636 -39.7538 853.749
  vertex 509.107 -41.602 855.413
 endloop
endfacet
facet normal 0.797514 -0.0761384 0.598477
 outer loop
  vertex 510.391 -41.6342 853.742
  vertex 511.853 -39.6449 852.022
  vertex 510.636 -39.7538 853.749
 endloop
endfacet
facet normal 0.83278 -0.131733 0.537703
 outer loop
  vertex 510.636 -39.7538 853.749
  vertex 511.853 -39.6449 852.022
  vertex 512.026 -37.7575 852.111
 endloop
endfacet
facet normal 0.875782 -0.306044 0.373286
 outer loop
  vertex 510.492 -38.6648 854.749
  vertex 512.026 -37.7575 852.111
  vertex 511.882 -36.7262 853.167
 endloop
endfacet
facet normal 0.890144 -0.404597 0.209629
 outer loop
  vertex 512.088 -35.7655 854.419
  vertex 511.882 -36.7262 853.167
  vertex 513.145 -34.6397 851.619
 endloop
endfacet
facet normal 0.918916 -0.369306 0.138591
 outer loop
  vertex 514.518 -31.5631 851.437
  vertex 513.145 -34.6397 851.619
  vertex 514.289 -32.4006 850.117
 endloop
endfacet
facet normal 0.93722 -0.203199 0.283424
 outer loop
  vertex 516.201 -27.5646 847.355
  vertex 514.289 -32.4006 850.117
  vertex 515.386 -32.8431 847.193
 endloop
endfacet
facet normal 0.917777 -0.102329 0.383686
 outer loop
  vertex 517.094 -27.7526 844.424
  vertex 516.201 -27.5646 847.355
  vertex 515.386 -32.8431 847.193
 endloop
endfacet
facet normal 0.961834 -0.169743 0.214624
 outer loop
  vertex 517.094 -27.7526 844.424
  vertex 517.663 -22.3267 845.003
  vertex 516.201 -27.5646 847.355
 endloop
endfacet
facet normal 0.95748 -0.117754 0.263376
 outer loop
  vertex 517.094 -27.7526 844.424
  vertex 517.756 -22.9254 843.689
  vertex 517.663 -22.3267 845.003
 endloop
endfacet
facet normal 0.91696 -0.0499951 0.395833
 outer loop
  vertex 517.094 -27.7526 844.424
  vertex 518.373 -22.3317 842.116
  vertex 517.756 -22.9254 843.689
 endloop
endfacet
facet normal 0.950857 -0.0740057 0.300656
 outer loop
  vertex 517.756 -22.9254 843.689
  vertex 518.373 -22.3317 842.116
  vertex 518.821 -17.1333 841.746
 endloop
endfacet
facet normal 0.985137 -0.156064 0.0717639
 outer loop
  vertex 517.663 -22.3267 845.003
  vertex 518.821 -17.1333 841.746
  vertex 518.752 -16.6926 843.109
 endloop
endfacet
facet normal 0.971183 -0.229384 -0.0647029
 outer loop
  vertex 517.941 -21.77 846.42
  vertex 517.663 -22.3267 845.003
  vertex 518.752 -16.6926 843.109
 endloop
endfacet
facet normal 0.947952 -0.302848 -0.0983338
 outer loop
  vertex 517.941 -21.77 846.42
  vertex 516.455 -26.8642 848.732
  vertex 517.663 -22.3267 845.003
 endloop
endfacet
facet normal 0.891844 -0.390693 -0.227978
 outer loop
  vertex 517.941 -21.77 846.42
  vertex 517.112 -26.3026 850.104
  vertex 516.455 -26.8642 848.732
 endloop
endfacet
facet normal 0.85845 -0.390864 -0.332099
 outer loop
  vertex 517.941 -21.77 846.42
  vertex 518.62 -21.3229 847.801
  vertex 517.112 -26.3026 850.104
 endloop
endfacet
facet normal 0.760654 -0.467215 -0.450683
 outer loop
  vertex 517.112 -26.3026 850.104
  vertex 518.62 -21.3229 847.801
  vertex 518.124 -25.9491 851.322
 endloop
endfacet
facet normal 0.565841 -0.612407 -0.55207
 outer loop
  vertex 516.129 -30.4764 854.04
  vertex 518.124 -25.9491 851.322
  vertex 517.341 -30.3424 855.046
 endloop
endfacet
facet normal 0.348109 -0.683741 -0.641341
 outer loop
  vertex 516.126 -32.4314 856.556
  vertex 517.341 -30.3424 855.046
  vertex 517.393 -32.5662 857.308
 endloop
endfacet
facet normal 0.273055 -0.706083 -0.653366
 outer loop
  vertex 516.019 -34.5255 858.914
  vertex 516.126 -32.4314 856.556
  vertex 517.393 -32.5662 857.308
 endloop
endfacet
facet normal 0.340633 -0.728414 -0.59446
 outer loop
  vertex 516.019 -34.5255 858.914
  vertex 514.782 -34.3784 858.109
  vertex 516.126 -32.4314 856.556
 endloop
endfacet
facet normal 0.266216 -0.747808 -0.608204
 outer loop
  vertex 516.019 -34.5255 858.914
  vertex 514.501 -36.3454 860.555
  vertex 514.782 -34.3784 858.109
 endloop
endfacet
facet normal 0.0643539 -0.723241 -0.687591
 outer loop
  vertex 516.345 -35.9479 860.395
  vertex 514.679 -37.7341 862.139
  vertex 514.501 -36.3454 860.555
 endloop
endfacet
facet normal 0.126351 -0.761603 -0.635607
 outer loop
  vertex 514.501 -36.3454 860.555
  vertex 514.679 -37.7341 862.139
  vertex 512.829 -38.031 862.22
 endloop
endfacet
facet normal 0.320363 -0.807243 -0.495709
 outer loop
  vertex 513.3 -36.188 859.694
  vertex 512.829 -38.031 862.22
  vertex 511.672 -37.8662 861.302
 endloop
endfacet
facet normal 0.436028 -0.831587 -0.34401
 outer loop
  vertex 510.585 -38.0266 860.145
  vertex 511.672 -37.8662 861.302
  vertex 509.886 -39.4179 862.923
 endloop
endfacet
facet normal 0.407507 -0.873095 -0.267662
 outer loop
  vertex 506.958 -41.0187 863.301
  vertex 509.886 -39.4179 862.923
  vertex 507.944 -40.8398 864.537
 endloop
endfacet
facet normal 0.276221 -0.897395 -0.34407
 outer loop
  vertex 505.873 -42.1154 866.107
  vertex 507.944 -40.8398 864.537
  vertex 506.86 -42.2816 867.195
 endloop
endfacet
facet normal 0.102323 -0.873513 -0.475925
 outer loop
  vertex 504.595 -43.4144 868.759
  vertex 506.86 -42.2816 867.195
  vertex 506.545 -43.3508 868.945
 endloop
endfacet
facet normal 0.0493777 -0.860212 -0.50754
 outer loop
  vertex 504.155 -44.4025 870.522
  vertex 504.595 -43.4144 868.759
  vertex 506.545 -43.3508 868.945
 endloop
endfacet
facet normal 0.151993 -0.90685 -0.393091
 outer loop
  vertex 504.155 -44.4025 870.522
  vertex 503.674 -43.2546 867.62
  vertex 504.595 -43.4144 868.759
 endloop
endfacet
facet normal 0.18979 -0.934623 -0.300765
 outer loop
  vertex 504.155 -44.4025 870.522
  vertex 498.883 -45.1655 870.443
  vertex 503.674 -43.2546 867.62
 endloop
endfacet
facet normal 0.0868269 -0.913245 -0.39805
 outer loop
  vertex 504.155 -44.4025 870.522
  vertex 499.071 -46.1109 873.381
  vertex 498.883 -45.1655 870.443
 endloop
endfacet
facet normal 0.156622 -0.960505 -0.229999
 outer loop
  vertex 498.883 -45.1655 870.443
  vertex 499.071 -46.1109 873.381
  vertex 493.637 -46.6203 872.897
 endloop
endfacet
facet normal 0.295618 -0.951892 0.0806901
 outer loop
  vertex 498.153 -45.3944 869.08
  vertex 493.637 -46.6203 872.897
  vertex 493.051 -46.8759 871.492
 endloop
endfacet
facet normal 0.389046 -0.866314 0.313277
 outer loop
  vertex 497.558 -46.0272 867.713
  vertex 493.051 -46.8759 871.492
  vertex 492.57 -47.5319 870.115
 endloop
endfacet
facet normal 0.455674 -0.717871 0.526329
 outer loop
  vertex 497.171 -47.0168 866.49
  vertex 492.57 -47.5319 870.115
  vertex 492.252 -48.5399 868.916
 endloop
endfacet
facet normal 0.489118 -0.522963 0.69805
 outer loop
  vertex 497.021 -48.2422 865.531
  vertex 492.252 -48.5399 868.916
  vertex 492.12 -49.78 868.005
 endloop
endfacet
facet normal 0.410039 -0.166286 0.896781
 outer loop
  vertex 493.277 -52.132 866.72
  vertex 492.12 -49.78 868.005
  vertex 487.955 -53.3348 868.945
 endloop
endfacet
facet normal 0.493613 -0.313439 0.811235
 outer loop
  vertex 493.277 -52.132 866.72
  vertex 497.021 -48.2422 865.531
  vertex 492.12 -49.78 868.005
 endloop
endfacet
facet normal 0.513363 -0.164815 0.842196
 outer loop
  vertex 493.277 -52.132 866.72
  vertex 498.473 -50.3581 863.851
  vertex 497.021 -48.2422 865.531
 endloop
endfacet
facet normal 0.597374 -0.308537 0.740236
 outer loop
  vertex 497.021 -48.2422 865.531
  vertex 498.473 -50.3581 863.851
  vertex 501.494 -46.2134 862.689
 endloop
endfacet
facet normal 0.618725 -0.579038 0.530937
 outer loop
  vertex 497.171 -47.0168 866.49
  vertex 501.494 -46.2134 862.689
  vertex 501.658 -45.0191 863.71
 endloop
endfacet
facet normal 0.562859 -0.75551 0.335251
 outer loop
  vertex 497.558 -46.0272 867.713
  vertex 501.658 -45.0191 863.71
  vertex 502.108 -44.06 864.961
 endloop
endfacet
facet normal 0.464782 -0.878239 0.112574
 outer loop
  vertex 498.153 -45.3944 869.08
  vertex 502.108 -44.06 864.961
  vertex 502.809 -43.4569 866.313
 endloop
endfacet
facet normal 0.335708 -0.935196 -0.11273
 outer loop
  vertex 498.883 -45.1655 870.443
  vertex 502.809 -43.4569 866.313
  vertex 503.674 -43.2546 867.62
 endloop
endfacet
facet normal 0.360793 -0.932626 -0.00605119
 outer loop
  vertex 498.883 -45.1655 870.443
  vertex 498.153 -45.3944 869.08
  vertex 502.809 -43.4569 866.313
 endloop
endfacet
facet normal 0.279563 -0.959842 -0.0233882
 outer loop
  vertex 498.883 -45.1655 870.443
  vertex 493.637 -46.6203 872.897
  vertex 498.153 -45.3944 869.08
 endloop
endfacet
facet normal 0.0620154 -0.756705 -0.650809
 outer loop
  vertex 514.679 -37.7341 862.139
  vertex 512.876 -39.3537 863.874
  vertex 512.829 -38.031 862.22
 endloop
endfacet
facet normal 0.121327 -0.794464 -0.595068
 outer loop
  vertex 512.829 -38.031 862.22
  vertex 512.876 -39.3537 863.874
  vertex 510.993 -39.5868 863.899
 endloop
endfacet
facet normal 0.307411 -0.841199 -0.444841
 outer loop
  vertex 511.672 -37.8662 861.302
  vertex 510.993 -39.5868 863.899
  vertex 509.886 -39.4179 862.923
 endloop
endfacet
facet normal 0.248183 -0.820953 -0.514239
 outer loop
  vertex 511.672 -37.8662 861.302
  vertex 512.829 -38.031 862.22
  vertex 510.993 -39.5868 863.899
 endloop
endfacet
facet normal 0.0593138 -0.78713 -0.613929
 outer loop
  vertex 512.876 -39.3537 863.874
  vertex 510.908 -40.8342 865.606
  vertex 510.993 -39.5868 863.899
 endloop
endfacet
facet normal 0.115589 -0.824183 -0.554402
 outer loop
  vertex 510.993 -39.5868 863.899
  vertex 510.908 -40.8342 865.606
  vertex 508.993 -41.0091 865.571
 endloop
endfacet
facet normal 0.292607 -0.871343 -0.393881
 outer loop
  vertex 509.886 -39.4179 862.923
  vertex 508.993 -41.0091 865.571
  vertex 507.944 -40.8398 864.537
 endloop
endfacet
facet normal 0.236926 -0.852229 -0.466446
 outer loop
  vertex 509.886 -39.4179 862.923
  vertex 510.993 -39.5868 863.899
  vertex 508.993 -41.0091 865.571
 endloop
endfacet
facet normal 0.0562737 -0.814564 -0.577337
 outer loop
  vertex 510.908 -40.8342 865.606
  vertex 508.796 -42.1648 867.303
  vertex 508.993 -41.0091 865.571
 endloop
endfacet
facet normal 0.109224 -0.850522 -0.514473
 outer loop
  vertex 508.993 -41.0091 865.571
  vertex 508.796 -42.1648 867.303
  vertex 506.86 -42.2816 867.195
 endloop
endfacet
facet normal 0.224308 -0.879727 -0.419246
 outer loop
  vertex 507.944 -40.8398 864.537
  vertex 508.993 -41.0091 865.571
  vertex 506.86 -42.2816 867.195
 endloop
endfacet
facet normal 0.0529443 -0.838864 -0.54176
 outer loop
  vertex 508.796 -42.1648 867.303
  vertex 506.545 -43.3508 868.945
  vertex 506.86 -42.2816 867.195
 endloop
endfacet
facet normal 0.103382 -0.95536 -0.276765
 outer loop
  vertex 493.637 -46.6203 872.897
  vertex 499.071 -46.1109 873.381
  vertex 494.26 -46.733 874.196
 endloop
endfacet
facet normal 0.0586313 -0.948386 -0.311651
 outer loop
  vertex 488.528 -47.7539 876.226
  vertex 494.26 -46.733 874.196
  vertex 493.652 -47.3669 875.785
 endloop
endfacet
facet normal 0.0251364 -0.932568 -0.360118
 outer loop
  vertex 487.975 -48.2541 877.69
  vertex 488.528 -47.7539 876.226
  vertex 493.652 -47.3669 875.785
 endloop
endfacet
facet normal 0.0418291 -0.962228 -0.269012
 outer loop
  vertex 487.975 -48.2541 877.69
  vertex 482.489 -48.4387 877.724
  vertex 488.528 -47.7539 876.226
 endloop
endfacet
facet normal 0.0166995 -0.945709 -0.324586
 outer loop
  vertex 487.975 -48.2541 877.69
  vertex 482.082 -48.8417 879.074
  vertex 482.489 -48.4387 877.724
 endloop
endfacet
facet normal 0.0341735 -0.98597 -0.163384
 outer loop
  vertex 482.489 -48.4387 877.724
  vertex 482.082 -48.8417 879.074
  vertex 476.16 -48.7767 877.232
 endloop
endfacet
facet normal 0.101567 -0.984606 0.14225
 outer loop
  vertex 482.179 -48.3745 876.343
  vertex 476.16 -48.7767 877.232
  vertex 481.887 -48.6723 874.891
 endloop
endfacet
facet normal 0.2034 -0.96509 0.165012
 outer loop
  vertex 488.061 -47.6676 874.877
  vertex 481.887 -48.6723 874.891
  vertex 493.051 -46.8759 871.492
 endloop
endfacet
facet normal 0.22079 -0.974063 0.0495259
 outer loop
  vertex 493.637 -46.6203 872.897
  vertex 488.061 -47.6676 874.877
  vertex 493.051 -46.8759 871.492
 endloop
endfacet
facet normal 0.144609 -0.985853 -0.0847527
 outer loop
  vertex 493.637 -46.6203 872.897
  vertex 488.528 -47.7539 876.226
  vertex 488.061 -47.6676 874.877
 endloop
endfacet
facet normal 0.12685 -0.975995 -0.177039
 outer loop
  vertex 493.637 -46.6203 872.897
  vertex 494.26 -46.733 874.196
  vertex 488.528 -47.7539 876.226
 endloop
endfacet
facet normal 0.0173467 -0.974173 -0.225134
 outer loop
  vertex 482.082 -48.8417 879.074
  vertex 470.056 -49.2815 880.188
  vertex 476.16 -48.7767 877.232
 endloop
endfacet
facet normal 0.01746 -0.99766 -0.0661049
 outer loop
  vertex 476.16 -48.7767 877.232
  vertex 470.056 -49.2815 880.188
  vertex 470.046 -48.9089 877.535
 endloop
endfacet
facet normal 0.025595 -0.968656 0.247084
 outer loop
  vertex 476.014 -49.0859 875.771
  vertex 470.046 -48.9089 877.535
  vertex 470.045 -49.2221 876.071
 endloop
endfacet
facet normal 0.0166242 -0.873724 0.486138
 outer loop
  vertex 472.979 -49.881 874.612
  vertex 470.045 -49.2221 876.071
  vertex 470.044 -49.916 874.688
 endloop
endfacet
facet normal 0.0190763 -0.720264 0.693438
 outer loop
  vertex 472.937 -50.9052 873.452
  vertex 470.044 -49.916 874.688
  vertex 470.043 -50.9403 873.529
 endloop
endfacet
facet normal 0.0202323 -0.523635 0.851702
 outer loop
  vertex 472.917 -52.1472 872.614
  vertex 470.043 -50.9403 873.529
  vertex 470.043 -52.1821 872.692
 endloop
endfacet
facet normal -0.0189257 -0.313504 0.949398
 outer loop
  vertex 470.042 -54.7828 872.049
  vertex 470.043 -52.1821 872.692
  vertex 467.153 -52.1488 872.618
 endloop
endfacet
facet normal -0.0956299 -0.313598 0.944728
 outer loop
  vertex 463.977 -54.6365 871.708
  vertex 467.153 -52.1488 872.618
  vertex 464.289 -52.0469 872.392
 endloop
endfacet
facet normal -0.132751 -0.524097 0.841249
 outer loop
  vertex 461.46 -51.8754 872.019
  vertex 464.289 -52.0469 872.392
  vertex 464.251 -50.8043 873.233
 endloop
endfacet
facet normal -0.12281 -0.720807 0.682169
 outer loop
  vertex 461.403 -50.632 872.865
  vertex 464.251 -50.8043 873.233
  vertex 464.168 -49.7804 874.394
 endloop
endfacet
facet normal -0.104503 -0.874048 0.474468
 outer loop
  vertex 461.28 -49.6087 874.03
  vertex 464.168 -49.7804 874.394
  vertex 464.047 -49.0887 875.777
 endloop
endfacet
facet normal -0.0920332 -0.968196 0.232653
 outer loop
  vertex 458.188 -48.6794 874.906
  vertex 464.047 -49.0887 875.777
  vertex 463.902 -48.7794 877.238
 endloop
endfacet
facet normal -0.0673362 -0.997603 -0.0159525
 outer loop
  vertex 457.897 -48.3815 876.358
  vertex 463.902 -48.7794 877.238
  vertex 457.589 -48.4454 877.74
 endloop
endfacet
facet normal -0.0924466 -0.987527 -0.127456
 outer loop
  vertex 452.045 -47.6837 874.909
  vertex 457.589 -48.4454 877.74
  vertex 451.581 -47.7694 876.259
 endloop
endfacet
facet normal -0.126334 -0.976218 -0.176174
 outer loop
  vertex 446.44 -46.6379 872.929
  vertex 451.581 -47.7694 876.259
  vertex 445.82 -46.7502 874.229
 endloop
endfacet
facet normal -0.0333831 -0.913163 -0.406226
 outer loop
  vertex 441.051 -46.1446 873.441
  vertex 445.82 -46.7502 874.229
  vertex 446.449 -47.386 875.824
 endloop
endfacet
facet normal -0.103009 -0.955707 -0.275706
 outer loop
  vertex 441.051 -46.1446 873.441
  vertex 446.44 -46.6379 872.929
  vertex 445.82 -46.7502 874.229
 endloop
endfacet
facet normal -0.155965 -0.960961 -0.228537
 outer loop
  vertex 441.051 -46.1446 873.441
  vertex 441.237 -45.2054 870.507
  vertex 446.44 -46.6379 872.929
 endloop
endfacet
facet normal -0.0864293 -0.914029 -0.396335
 outer loop
  vertex 441.051 -46.1446 873.441
  vertex 435.99 -44.4602 870.612
  vertex 441.237 -45.2054 870.507
 endloop
endfacet
facet normal -0.189007 -0.935452 -0.298675
 outer loop
  vertex 441.237 -45.2054 870.507
  vertex 435.99 -44.4602 870.612
  vertex 436.437 -43.3075 867.693
 endloop
endfacet
facet normal -0.358096 -0.920295 -0.157559
 outer loop
  vertex 437.3 -43.5104 866.385
  vertex 436.437 -43.3075 867.693
  vertex 434.213 -42.1637 866.168
 endloop
endfacet
facet normal -0.392821 -0.890526 -0.229468
 outer loop
  vertex 433.126 -41.0766 863.367
  vertex 434.213 -42.1637 866.168
  vertex 432.142 -40.8972 864.605
 endloop
endfacet
facet normal -0.29186 -0.872674 -0.391481
 outer loop
  vertex 430.218 -39.5011 863.014
  vertex 432.142 -40.8972 864.605
  vertex 431.095 -41.0665 865.641
 endloop
endfacet
facet normal -0.115288 -0.82567 -0.552248
 outer loop
  vertex 429.114 -39.6701 863.993
  vertex 431.095 -41.0665 865.641
  vertex 429.22 -40.9215 865.713
 endloop
endfacet
facet normal -0.059156 -0.788862 -0.611716
 outer loop
  vertex 427.242 -39.4503 863.982
  vertex 429.114 -39.6701 863.993
  vertex 429.22 -40.9215 865.713
 endloop
endfacet
facet normal -0.121013 -0.796344 -0.592614
 outer loop
  vertex 427.242 -39.4503 863.982
  vertex 427.281 -38.1321 862.325
  vertex 429.114 -39.6701 863.993
 endloop
endfacet
facet normal -0.0618588 -0.758634 -0.648574
 outer loop
  vertex 427.242 -39.4503 863.982
  vertex 425.419 -37.8301 862.238
  vertex 427.281 -38.1321 862.325
 endloop
endfacet
facet normal -0.126067 -0.763615 -0.633245
 outer loop
  vertex 427.281 -38.1321 862.325
  vertex 425.419 -37.8301 862.238
  vertex 425.589 -36.4438 860.648
 endloop
endfacet
facet normal -0.330897 -0.771631 -0.543225
 outer loop
  vertex 426.788 -36.286 859.785
  vertex 425.589 -36.4438 860.648
  vertex 425.277 -34.4564 858.174
 endloop
endfacet
facet normal -0.47539 -0.731935 -0.488134
 outer loop
  vertex 426.437 -34.6031 857.094
  vertex 425.277 -34.4564 858.174
  vertex 423.921 -32.5063 856.613
 endloop
endfacet
facet normal -0.489416 -0.670533 -0.557546
 outer loop
  vertex 423.921 -30.5713 854.104
  vertex 423.921 -32.5063 856.613
  vertex 422.71 -30.437 855.111
 endloop
endfacet
facet normal -0.501005 -0.587839 -0.635169
 outer loop
  vertex 421.914 -26.0509 851.377
  vertex 422.71 -30.437 855.111
  vertex 420.673 -25.931 852.323
 endloop
endfacet
facet normal -0.508461 -0.481443 -0.713918
 outer loop
  vertex 420.367 -21.0985 849.022
  vertex 420.673 -25.931 852.323
  vertex 419.111 -20.9981 849.92
 endloop
endfacet
facet normal -0.511379 -0.370505 -0.775382
 outer loop
  vertex 419.231 -15.8336 847.144
  vertex 419.111 -20.9981 849.92
  vertex 417.97 -15.7587 848.009
 endloop
endfacet
facet normal -0.511544 -0.294542 -0.807197
 outer loop
  vertex 418.795 -13.0858 846.396
  vertex 417.97 -15.7587 848.009
  vertex 417.533 -13.0262 847.248
 endloop
endfacet
facet normal -0.51157 -0.237122 -0.825875
 outer loop
  vertex 418.44 -10.2767 845.786
  vertex 417.533 -13.0262 847.248
  vertex 417.178 -10.2336 846.628
 endloop
endfacet
facet normal -0.511494 -0.179541 -0.840321
 outer loop
  vertex 418.163 -7.43669 845.323
  vertex 417.178 -10.2336 846.628
  vertex 416.901 -7.41119 846.158
 endloop
endfacet
facet normal -0.511461 -0.12189 -0.850618
 outer loop
  vertex 417.959 -4.56796 845.008
  vertex 416.901 -7.41119 846.158
  vertex 416.697 -4.56089 845.838
 endloop
endfacet
facet normal -0.511562 -0.0640232 -0.856858
 outer loop
  vertex 417.825 -1.67166 844.843
  vertex 416.697 -4.56089 845.838
  vertex 416.562 -1.68359 845.671
 endloop
endfacet
facet normal -0.511611 -0.0218469 -0.858939
 outer loop
  vertex 417.794 0.0134878 844.805
  vertex 416.562 -1.68359 845.671
  vertex 416.522 0.0285974 845.641
 endloop
endfacet
facet normal -0.582207 -0.0341999 -0.812321
 outer loop
  vertex 417.794 0.0134878 844.805
  vertex 417.825 -1.67166 844.843
  vertex 416.562 -1.68359 845.671
 endloop
endfacet
facet normal -0.711801 -0.0252804 -0.701926
 outer loop
  vertex 417.794 0.0134878 844.805
  vertex 418.826 0.0020617 843.659
  vertex 417.825 -1.67166 844.843
 endloop
endfacet
facet normal -0.770271 -0.0357654 -0.636713
 outer loop
  vertex 417.825 -1.67166 844.843
  vertex 418.826 0.0020617 843.659
  vertex 418.871 -1.67744 843.685
 endloop
endfacet
facet normal -0.770144 -0.0799522 -0.63284
 outer loop
  vertex 417.959 -4.56796 845.008
  vertex 418.871 -1.67744 843.685
  vertex 419.004 -4.61557 843.848
 endloop
endfacet
facet normal -0.769979 -0.131021 -0.624472
 outer loop
  vertex 418.163 -7.43669 845.323
  vertex 419.004 -4.61557 843.848
  vertex 419.207 -7.52568 844.16
 endloop
endfacet
facet normal -0.769906 -0.182066 -0.611634
 outer loop
  vertex 418.44 -10.2767 845.786
  vertex 419.207 -7.52568 844.16
  vertex 419.482 -10.4066 844.619
 endloop
endfacet
facet normal -0.769763 -0.233251 -0.594187
 outer loop
  vertex 418.795 -13.0858 846.396
  vertex 419.482 -10.4066 844.619
  vertex 419.836 -13.2561 845.223
 endloop
endfacet
facet normal -0.769333 -0.284344 -0.572079
 outer loop
  vertex 419.231 -15.8336 847.144
  vertex 419.836 -13.2561 845.223
  vertex 420.269 -16.0433 845.965
 endloop
endfacet
facet normal -0.76754 -0.369505 -0.523783
 outer loop
  vertex 420.367 -21.0985 849.022
  vertex 420.269 -16.0433 845.965
  vertex 421.395 -21.3833 847.826
 endloop
endfacet
facet normal -0.760471 -0.469006 -0.449129
 outer loop
  vertex 421.914 -26.0509 851.377
  vertex 421.395 -21.3833 847.826
  vertex 422.925 -26.4058 850.158
 endloop
endfacet
facet normal -0.745332 -0.563949 -0.355588
 outer loop
  vertex 423.921 -30.5713 854.104
  vertex 422.925 -26.4058 850.158
  vertex 424.902 -30.9898 852.858
 endloop
endfacet
facet normal -0.718619 -0.650479 -0.245896
 outer loop
  vertex 426.437 -34.6031 857.094
  vertex 424.902 -30.9898 852.858
  vertex 427.373 -35.0783 855.819
 endloop
endfacet
facet normal -0.677479 -0.724886 -0.124747
 outer loop
  vertex 429.519 -38.1279 860.243
  vertex 427.373 -35.0783 855.819
  vertex 430.393 -38.6531 858.938
 endloop
endfacet
facet normal -0.621546 -0.783377 -0.000773286
 outer loop
  vertex 433.126 -41.0766 863.367
  vertex 430.393 -38.6531 858.938
  vertex 433.92 -41.6444 862.036
 endloop
endfacet
facet normal -0.552188 -0.825284 0.118302
 outer loop
  vertex 437.3 -43.5104 866.385
  vertex 433.92 -41.6444 862.036
  vertex 437.998 -44.1144 865.032
 endloop
endfacet
facet normal -0.472721 -0.851945 0.225221
 outer loop
  vertex 441.964 -45.4349 869.143
  vertex 437.998 -44.1144 865.032
  vertex 442.556 -46.0683 867.775
 endloop
endfacet
facet normal -0.387496 -0.866485 0.314724
 outer loop
  vertex 447.024 -46.8939 871.523
  vertex 442.556 -46.0683 867.775
  vertex 447.503 -47.5502 870.146
 endloop
endfacet
facet normal -0.369144 -0.777845 0.508615
 outer loop
  vertex 452.844 -48.6367 872.094
  vertex 447.503 -47.5502 870.146
  vertex 447.821 -48.5583 868.947
 endloop
endfacet
facet normal -0.407782 -0.594687 0.692865
 outer loop
  vertex 453.086 -49.6545 870.913
  vertex 447.821 -48.5583 868.947
  vertex 447.952 -49.7986 868.037
 endloop
endfacet
facet normal -0.38228 -0.315175 0.868635
 outer loop
  vertex 453.192 -50.8992 870.037
  vertex 447.952 -49.7986 868.037
  vertex 452.118 -53.348 868.971
 endloop
endfacet
facet normal -0.280207 -0.166298 0.945425
 outer loop
  vertex 455.911 -51.3082 870.84
  vertex 452.118 -53.348 868.971
  vertex 458.048 -54.1833 870.696
 endloop
endfacet
facet normal -0.210292 -0.314107 0.925805
 outer loop
  vertex 458.667 -51.6309 871.501
  vertex 458.048 -54.1833 870.696
  vertex 461.46 -51.8754 872.019
 endloop
endfacet
facet normal -0.14879 -0.593804 0.790733
 outer loop
  vertex 461.403 -50.632 872.865
  vertex 461.46 -51.8754 872.019
  vertex 464.251 -50.8043 873.233
 endloop
endfacet
facet normal -0.18935 -0.524534 0.830067
 outer loop
  vertex 461.403 -50.632 872.865
  vertex 458.667 -51.6309 871.501
  vertex 461.46 -51.8754 872.019
 endloop
endfacet
facet normal -0.204326 -0.594311 0.777847
 outer loop
  vertex 461.403 -50.632 872.865
  vertex 458.593 -50.3867 872.354
  vertex 458.667 -51.6309 871.501
 endloop
endfacet
facet normal -0.175123 -0.721305 0.670112
 outer loop
  vertex 461.403 -50.632 872.865
  vertex 461.28 -49.6087 874.03
  vertex 458.593 -50.3867 872.354
 endloop
endfacet
facet normal -0.134101 -0.778253 0.613464
 outer loop
  vertex 461.403 -50.632 872.865
  vertex 464.168 -49.7804 874.394
  vertex 461.28 -49.6087 874.03
 endloop
endfacet
facet normal -0.0170257 -0.997671 -0.0660477
 outer loop
  vertex 470.046 -48.9089 877.535
  vertex 470.056 -49.2815 880.188
  vertex 463.902 -48.7794 877.238
 endloop
endfacet
facet normal -0.0417856 -0.985835 0.162432
 outer loop
  vertex 464.047 -49.0887 875.777
  vertex 470.046 -48.9089 877.535
  vertex 463.902 -48.7794 877.238
 endloop
endfacet
facet normal -0.0247076 -0.968663 0.247146
 outer loop
  vertex 464.047 -49.0887 875.777
  vertex 470.045 -49.2221 876.071
  vertex 470.046 -48.9089 877.535
 endloop
endfacet
facet normal -0.0406644 -0.912957 0.406026
 outer loop
  vertex 464.047 -49.0887 875.777
  vertex 467.092 -49.8826 874.615
  vertex 470.045 -49.2221 876.071
 endloop
endfacet
facet normal -0.0726283 -0.87402 0.480432
 outer loop
  vertex 464.047 -49.0887 875.777
  vertex 464.168 -49.7804 874.394
  vertex 467.092 -49.8826 874.615
 endloop
endfacet
facet normal -0.0839974 -0.777853 0.622808
 outer loop
  vertex 467.092 -49.8826 874.615
  vertex 464.168 -49.7804 874.394
  vertex 464.251 -50.8043 873.233
 endloop
endfacet
facet normal -0.0930616 -0.593395 0.799513
 outer loop
  vertex 467.134 -50.9068 873.455
  vertex 464.251 -50.8043 873.233
  vertex 464.289 -52.0469 872.392
 endloop
endfacet
facet normal -0.0758608 -0.523777 0.848471
 outer loop
  vertex 467.153 -52.1488 872.618
  vertex 467.134 -50.9068 873.455
  vertex 464.289 -52.0469 872.392
 endloop
endfacet
facet normal -0.0370284 -0.593165 0.804229
 outer loop
  vertex 467.153 -52.1488 872.618
  vertex 470.043 -50.9403 873.529
  vertex 467.134 -50.9068 873.455
 endloop
endfacet
facet normal -0.0186303 -0.523639 0.851737
 outer loop
  vertex 467.153 -52.1488 872.618
  vertex 470.043 -52.1821 872.692
  vertex 470.043 -50.9403 873.529
 endloop
endfacet
facet normal -0.0249809 -0.932842 -0.359419
 outer loop
  vertex 446.449 -47.386 875.824
  vertex 451.581 -47.7694 876.259
  vertex 452.152 -48.27 877.726
 endloop
endfacet
facet normal -0.0583572 -0.948652 -0.310893
 outer loop
  vertex 446.449 -47.386 875.824
  vertex 445.82 -46.7502 874.229
  vertex 451.581 -47.7694 876.259
 endloop
endfacet
facet normal -0.151436 -0.907833 -0.391032
 outer loop
  vertex 436.437 -43.3075 867.693
  vertex 435.99 -44.4602 870.612
  vertex 435.52 -43.4669 868.835
 endloop
endfacet
facet normal -0.209991 -0.90425 -0.3718
 outer loop
  vertex 434.213 -42.1637 866.168
  vertex 435.52 -43.4669 868.835
  vertex 433.228 -42.3297 867.259
 endloop
endfacet
facet normal -0.223752 -0.880793 -0.417299
 outer loop
  vertex 432.142 -40.8972 864.605
  vertex 433.228 -42.3297 867.259
  vertex 431.095 -41.0665 865.641
 endloop
endfacet
facet normal -0.275516 -0.898378 -0.342064
 outer loop
  vertex 432.142 -40.8972 864.605
  vertex 434.213 -42.1637 866.168
  vertex 433.228 -42.3297 867.259
 endloop
endfacet
facet normal -0.0561277 -0.815971 -0.575361
 outer loop
  vertex 429.22 -40.9215 865.713
  vertex 431.095 -41.0665 865.641
  vertex 431.338 -42.2414 867.405
 endloop
endfacet
facet normal -0.108939 -0.851678 -0.512617
 outer loop
  vertex 431.338 -42.2414 867.405
  vertex 431.095 -41.0665 865.641
  vertex 433.228 -42.3297 867.259
 endloop
endfacet
facet normal -0.102007 -0.874551 -0.474084
 outer loop
  vertex 433.595 -43.4175 869.042
  vertex 433.228 -42.3297 867.259
  vertex 435.52 -43.4669 868.835
 endloop
endfacet
facet normal -0.0492087 -0.861308 -0.505695
 outer loop
  vertex 435.99 -44.4602 870.612
  vertex 433.595 -43.4175 869.042
  vertex 435.52 -43.4669 868.835
 endloop
endfacet
facet normal -0.0642235 -0.725137 -0.685603
 outer loop
  vertex 425.419 -37.8301 862.238
  vertex 423.736 -36.0415 860.483
  vertex 425.589 -36.4438 860.648
 endloop
endfacet
facet normal -0.130432 -0.727329 -0.67378
 outer loop
  vertex 425.589 -36.4438 860.648
  vertex 423.736 -36.0415 860.483
  vertex 424.042 -34.604 858.982
 endloop
endfacet
facet normal -0.340298 -0.730131 -0.592542
 outer loop
  vertex 425.277 -34.4564 858.174
  vertex 424.042 -34.604 858.982
  vertex 423.921 -32.5063 856.613
 endloop
endfacet
facet normal -0.265867 -0.749653 -0.606082
 outer loop
  vertex 425.277 -34.4564 858.174
  vertex 425.589 -36.4438 860.648
  vertex 424.042 -34.604 858.982
 endloop
endfacet
facet normal -0.0662295 -0.688216 -0.722477
 outer loop
  vertex 423.736 -36.0415 860.483
  vertex 422.191 -34.0761 858.734
  vertex 424.042 -34.604 858.982
 endloop
endfacet
facet normal -0.134065 -0.68772 -0.713489
 outer loop
  vertex 424.042 -34.604 858.982
  vertex 422.191 -34.0761 858.734
  vertex 422.656 -32.6415 857.367
 endloop
endfacet
facet normal -0.347844 -0.685568 -0.639532
 outer loop
  vertex 423.921 -32.5063 856.613
  vertex 422.656 -32.6415 857.367
  vertex 422.71 -30.437 855.111
 endloop
endfacet
facet normal -0.272817 -0.707753 -0.651657
 outer loop
  vertex 423.921 -32.5063 856.613
  vertex 424.042 -34.604 858.982
  vertex 422.656 -32.6415 857.367
 endloop
endfacet
facet normal -0.0678872 -0.641664 -0.763976
 outer loop
  vertex 422.191 -34.0761 858.734
  vertex 420.808 -31.9626 857.036
  vertex 422.656 -32.6415 857.367
 endloop
endfacet
facet normal -0.13705 -0.638694 -0.757158
 outer loop
  vertex 422.656 -32.6415 857.367
  vertex 420.808 -31.9626 857.036
  vertex 421.421 -30.5585 855.817
 endloop
endfacet
facet normal -0.213841 -0.611133 -0.762095
 outer loop
  vertex 422.71 -30.437 855.111
  vertex 421.421 -30.5585 855.817
  vertex 418.541 -27.4187 853.936
 endloop
endfacet
facet normal -0.147686 -0.498957 -0.85395
 outer loop
  vertex 420.673 -25.931 852.323
  vertex 418.541 -27.4187 853.936
  vertex 416.754 -22.2129 851.155
 endloop
endfacet
facet normal -0.149217 -0.394255 -0.906806
 outer loop
  vertex 419.111 -20.9981 849.92
  vertex 416.754 -22.2129 851.155
  vertex 415.505 -16.8273 849.006
 endloop
endfacet
facet normal -0.298685 -0.311518 -0.902077
 outer loop
  vertex 417.97 -15.7587 848.009
  vertex 415.505 -16.8273 849.006
  vertex 417.533 -13.0262 847.248
 endloop
endfacet
facet normal -0.298979 -0.370659 -0.879331
 outer loop
  vertex 417.97 -15.7587 848.009
  vertex 419.111 -20.9981 849.92
  vertex 415.505 -16.8273 849.006
 endloop
endfacet
facet normal -0.069255 -0.577873 -0.813183
 outer loop
  vertex 420.808 -31.9626 857.036
  vertex 418.541 -27.4187 853.936
  vertex 421.421 -30.5585 855.817
 endloop
endfacet
facet normal -0.149501 -0.264817 -0.952639
 outer loop
  vertex 415.505 -16.8273 849.006
  vertex 414.61 -10.8789 847.384
  vertex 417.533 -13.0262 847.248
 endloop
endfacet
facet normal -0.29888 -0.236061 -0.924633
 outer loop
  vertex 417.533 -13.0262 847.248
  vertex 414.61 -10.8789 847.384
  vertex 417.178 -10.2336 846.628
 endloop
endfacet
facet normal -0.298632 -0.196236 -0.933976
 outer loop
  vertex 417.178 -10.2336 846.628
  vertex 414.61 -10.8789 847.384
  vertex 416.901 -7.41119 846.158
 endloop
endfacet
facet normal -0.149421 -0.151879 -0.97704
 outer loop
  vertex 416.901 -7.41119 846.158
  vertex 414.61 -10.8789 847.384
  vertex 414.085 -4.87509 846.476
 endloop
endfacet
facet normal -0.298619 -0.0796148 -0.951046
 outer loop
  vertex 416.697 -4.56089 845.838
  vertex 414.085 -4.87509 846.476
  vertex 416.562 -1.68359 845.671
 endloop
endfacet
facet normal -0.298692 -0.11954 -0.946833
 outer loop
  vertex 416.697 -4.56089 845.838
  vertex 416.901 -7.41119 846.158
  vertex 414.085 -4.87509 846.476
 endloop
endfacet
facet normal -0.149382 -0.044458 -0.98778
 outer loop
  vertex 414.085 -4.87509 846.476
  vertex 413.887 0.0609515 846.25
  vertex 416.562 -1.68359 845.671
 endloop
endfacet
facet normal -0.298673 -0.0173187 -0.954198
 outer loop
  vertex 416.562 -1.68359 845.671
  vertex 413.887 0.0609515 846.25
  vertex 416.522 0.0285974 845.641
 endloop
endfacet
facet normal -0.868761 -0.0268762 -0.494502
 outer loop
  vertex 418.826 0.0020617 843.659
  vertex 419.539 -0.00535675 842.271
  vertex 418.871 -1.67744 843.685
 endloop
endfacet
facet normal -0.908702 -0.0476708 -0.414716
 outer loop
  vertex 418.871 -1.67744 843.685
  vertex 419.539 -0.00535675 842.271
  vertex 419.715 -4.70094 842.46
 endloop
endfacet
facet normal -0.868221 -0.105013 -0.484937
 outer loop
  vertex 419.004 -4.61557 843.848
  vertex 419.715 -4.70094 842.46
  vertex 419.207 -7.52568 844.16
 endloop
endfacet
facet normal -0.868573 -0.0725163 -0.490227
 outer loop
  vertex 419.004 -4.61557 843.848
  vertex 418.871 -1.67744 843.685
  vertex 419.715 -4.70094 842.46
 endloop
endfacet
facet normal -0.966338 -0.0392789 -0.254259
 outer loop
  vertex 419.539 -0.00535675 842.271
  vertex 419.864 -0.00764937 840.798
  vertex 419.715 -4.70094 842.46
 endloop
endfacet
facet normal -0.984072 -0.0530032 -0.169687
 outer loop
  vertex 419.715 -4.70094 842.46
  vertex 419.864 -0.00764937 840.798
  vertex 420.039 -4.81398 840.988
 endloop
endfacet
facet normal -0.982269 -0.109465 -0.152203
 outer loop
  vertex 420.187 -10.6144 843.231
  vertex 420.039 -4.81398 840.988
  vertex 420.502 -10.876 841.769
 endloop
endfacet
facet normal -0.993126 -0.113508 0.0285855
 outer loop
  vertex 421.263 -16.7837 843.135
  vertex 420.502 -10.876 841.769
  vertex 420.452 -11.1605 840.375
 endloop
endfacet
facet normal -0.963783 -0.057233 0.260475
 outer loop
  vertex 421.193 -17.2269 841.772
  vertex 420.452 -11.1605 840.375
  vertex 420.703 -16.6971 840.322
 endloop
endfacet
facet normal -0.935382 -0.0416283 0.35118
 outer loop
  vertex 421.64 -22.3967 842.14
  vertex 421.193 -17.2269 841.772
  vertex 420.703 -16.6971 840.322
 endloop
endfacet
facet normal -0.950648 -0.0742377 0.301261
 outer loop
  vertex 421.64 -22.3967 842.14
  vertex 422.259 -22.9907 843.714
  vertex 421.193 -17.2269 841.772
 endloop
endfacet
facet normal -0.916621 -0.0500941 0.396606
 outer loop
  vertex 421.64 -22.3967 842.14
  vertex 422.933 -27.848 844.47
  vertex 422.259 -22.9907 843.714
 endloop
endfacet
facet normal -0.9572 -0.118064 0.264252
 outer loop
  vertex 422.259 -22.9907 843.714
  vertex 422.933 -27.848 844.47
  vertex 422.352 -22.3902 845.028
 endloop
endfacet
facet normal -0.984987 -0.156671 0.072492
 outer loop
  vertex 421.193 -17.2269 841.772
  vertex 422.352 -22.3902 845.028
  vertex 421.263 -16.7837 843.135
 endloop
endfacet
facet normal -0.987317 -0.106128 0.118076
 outer loop
  vertex 420.452 -11.1605 840.375
  vertex 421.193 -17.2269 841.772
  vertex 421.263 -16.7837 843.135
 endloop
endfacet
facet normal -0.997597 -0.0329446 0.0609517
 outer loop
  vertex 419.864 -0.00764937 840.798
  vertex 419.501 -4.71043E-06 838.127
  vertex 420.039 -4.81398 840.988
 endloop
endfacet
facet normal -0.976658 -0.0322134 0.212372
 outer loop
  vertex 420.039 -4.81398 840.988
  vertex 419.501 -4.71043E-06 838.127
  vertex 419.5 1.04958E-11 838.125
 endloop
endfacet
facet normal -0.975047 -0.0322506 0.219645
 outer loop
  vertex 420.056 -10.7864 839.035
  vertex 420.039 -4.81398 840.988
  vertex 419.5 1.04958E-11 838.125
 endloop
endfacet
facet normal -0.986589 -0.0479052 0.156038
 outer loop
  vertex 420.056 -10.7864 839.035
  vertex 420.452 -11.1605 840.375
  vertex 420.039 -4.81398 840.988
 endloop
endfacet
facet normal -0.947708 -0.0330813 0.317419
 outer loop
  vertex 420.056 -10.7864 839.035
  vertex 420.703 -16.6971 840.322
  vertex 420.452 -11.1605 840.375
 endloop
endfacet
facet normal -0.961451 -0.17032 0.215877
 outer loop
  vertex 422.352 -22.3902 845.028
  vertex 422.933 -27.848 844.47
  vertex 423.835 -27.6732 847.411
 endloop
endfacet
facet normal -0.929011 -0.369842 -0.0124603
 outer loop
  vertex 423.582 -26.9697 848.786
  vertex 423.835 -27.6732 847.411
  vertex 425.531 -31.6616 851.501
 endloop
endfacet
facet normal -0.817536 -0.559331 -0.137051
 outer loop
  vertex 424.902 -30.9898 852.858
  vertex 425.531 -31.6616 851.501
  vertex 427.373 -35.0783 855.819
 endloop
endfacet
facet normal -0.872093 -0.471013 -0.132667
 outer loop
  vertex 424.902 -30.9898 852.858
  vertex 423.582 -26.9697 848.786
  vertex 425.531 -31.6616 851.501
 endloop
endfacet
facet normal -0.843694 -0.478911 -0.242538
 outer loop
  vertex 424.902 -30.9898 852.858
  vertex 422.925 -26.4058 850.158
  vertex 423.582 -26.9697 848.786
 endloop
endfacet
facet normal -0.891589 -0.392186 -0.226405
 outer loop
  vertex 423.582 -26.9697 848.786
  vertex 422.925 -26.4058 850.158
  vertex 422.074 -21.8318 846.445
 endloop
endfacet
facet normal -0.971053 -0.230154 -0.0639176
 outer loop
  vertex 422.352 -22.3902 845.028
  vertex 422.074 -21.8318 846.445
  vertex 421.263 -16.7837 843.135
 endloop
endfacet
facet normal -0.947744 -0.303875 -0.0971617
 outer loop
  vertex 422.352 -22.3902 845.028
  vertex 423.582 -26.9697 848.786
  vertex 422.074 -21.8318 846.445
 endloop
endfacet
facet normal -0.957128 -0.289583 0.00686314
 outer loop
  vertex 422.352 -22.3902 845.028
  vertex 423.835 -27.6732 847.411
  vertex 423.582 -26.9697 848.786
 endloop
endfacet
facet normal -0.514758 -0.590251 0.621794
 outer loop
  vertex 447.821 -48.5583 868.947
  vertex 442.942 -47.0585 866.552
  vertex 443.092 -48.2844 865.595
 endloop
endfacet
facet normal -0.491717 -0.31349 0.812366
 outer loop
  vertex 447.952 -49.7986 868.037
  vertex 443.092 -48.2844 865.595
  vertex 446.796 -52.1521 866.756
 endloop
endfacet
facet normal -0.408385 -0.166299 0.897534
 outer loop
  vertex 452.118 -53.348 868.971
  vertex 447.952 -49.7986 868.037
  vertex 446.796 -52.1521 866.756
 endloop
endfacet
facet normal -0.594963 -0.308705 0.742105
 outer loop
  vertex 443.092 -48.2844 865.595
  vertex 438.61 -46.2697 862.763
  vertex 441.613 -50.394 863.905
 endloop
endfacet
facet normal -0.51127 -0.164864 0.843459
 outer loop
  vertex 446.796 -52.1521 866.756
  vertex 443.092 -48.2844 865.595
  vertex 441.613 -50.394 863.905
 endloop
endfacet
facet normal -0.589759 -0.0865998 0.802922
 outer loop
  vertex 441.613 -50.394 863.905
  vertex 438.515 -47.5498 862.039
  vertex 437.133 -48.1602 860.787
 endloop
endfacet
facet normal -0.620477 -0.230784 0.749498
 outer loop
  vertex 441.613 -50.394 863.905
  vertex 438.61 -46.2697 862.763
  vertex 438.515 -47.5498 862.039
 endloop
endfacet
facet normal -0.670417 -0.294845 0.680887
 outer loop
  vertex 438.515 -47.5498 862.039
  vertex 438.61 -46.2697 862.763
  vertex 436.424 -46.3079 860.458
 endloop
endfacet
facet normal -0.652641 -0.0851755 0.752865
 outer loop
  vertex 437.133 -48.1602 860.787
  vertex 436.424 -46.3079 860.458
  vertex 435.017 -46.7702 859.065
 endloop
endfacet
facet normal -0.648779 -0.154194 0.745191
 outer loop
  vertex 437.133 -48.1602 860.787
  vertex 438.515 -47.5498 862.039
  vertex 436.424 -46.3079 860.458
 endloop
endfacet
facet normal -0.698187 -0.0834846 0.711031
 outer loop
  vertex 435.017 -46.7702 859.065
  vertex 434.477 -44.9265 858.837
  vertex 433.08 -45.2396 857.323
 endloop
endfacet
facet normal -0.697068 -0.151137 0.700895
 outer loop
  vertex 435.017 -46.7702 859.065
  vertex 436.424 -46.3079 860.458
  vertex 434.477 -44.9265 858.837
 endloop
endfacet
facet normal -0.714649 -0.289192 0.636903
 outer loop
  vertex 434.477 -44.9265 858.837
  vertex 436.424 -46.3079 860.458
  vertex 436.534 -45.0519 861.231
 endloop
endfacet
facet normal -0.734044 -0.489717 0.470486
 outer loop
  vertex 434.599 -43.7011 859.663
  vertex 436.534 -45.0519 861.231
  vertex 434.424 -42.5582 860.756
 endloop
endfacet
facet normal -0.776917 -0.533301 0.334649
 outer loop
  vertex 432.801 -42.2098 858.068
  vertex 434.424 -42.5582 860.756
  vertex 430.945 -39.5033 857.629
 endloop
endfacet
facet normal -0.833032 -0.448742 0.323556
 outer loop
  vertex 431.134 -40.5692 856.457
  vertex 430.945 -39.5033 857.629
  vertex 429.59 -38.7696 854.839
 endloop
endfacet
facet normal -0.857101 -0.252081 0.449258
 outer loop
  vertex 429.447 -39.8618 853.842
  vertex 429.59 -38.7696 854.839
  vertex 428.029 -37.8436 852.179
 endloop
endfacet
facet normal -0.822455 -0.073193 0.564102
 outer loop
  vertex 428.224 -39.7597 852.117
  vertex 428.029 -37.8436 852.179
  vertex 426.897 -37.6281 850.433
 endloop
endfacet
facet normal -0.831408 -0.132037 0.539747
 outer loop
  vertex 428.224 -39.7597 852.117
  vertex 429.447 -39.8618 853.842
  vertex 428.029 -37.8436 852.179
 endloop
endfacet
facet normal -0.795917 -0.0763024 0.600578
 outer loop
  vertex 428.224 -39.7597 852.117
  vertex 429.701 -41.7487 853.846
  vertex 429.447 -39.8618 853.842
 endloop
endfacet
facet normal -0.80261 -0.13791 0.580343
 outer loop
  vertex 429.447 -39.8618 853.842
  vertex 429.701 -41.7487 853.846
  vertex 430.994 -41.7128 855.518
 endloop
endfacet
facet normal -0.812292 -0.33523 0.477287
 outer loop
  vertex 431.134 -40.5692 856.457
  vertex 430.994 -41.7128 855.518
  vertex 432.801 -42.2098 858.068
 endloop
endfacet
facet normal -0.811618 -0.459962 0.360153
 outer loop
  vertex 430.945 -39.5033 857.629
  vertex 431.134 -40.5692 856.457
  vertex 432.801 -42.2098 858.068
 endloop
endfacet
facet normal -0.766399 -0.079064 0.637481
 outer loop
  vertex 429.701 -41.7487 853.846
  vertex 431.313 -43.5683 855.581
  vertex 430.994 -41.7128 855.518
 endloop
endfacet
facet normal -0.770682 -0.143062 0.620953
 outer loop
  vertex 430.994 -41.7128 855.518
  vertex 431.313 -43.5683 855.581
  vertex 432.669 -43.3979 857.186
 endloop
endfacet
facet normal -0.775598 -0.346603 0.527555
 outer loop
  vertex 432.801 -42.2098 858.068
  vertex 432.669 -43.3979 857.186
  vertex 434.599 -43.7011 859.663
 endloop
endfacet
facet normal -0.76074 -0.481565 0.435166
 outer loop
  vertex 434.424 -42.5582 860.756
  vertex 432.801 -42.2098 858.068
  vertex 434.599 -43.7011 859.663
 endloop
endfacet
facet normal -0.733899 -0.0814669 0.674355
 outer loop
  vertex 431.313 -43.5683 855.581
  vertex 433.08 -45.2396 857.323
  vertex 432.669 -43.3979 857.186
 endloop
endfacet
facet normal -0.735531 -0.147471 0.661246
 outer loop
  vertex 432.669 -43.3979 857.186
  vertex 433.08 -45.2396 857.323
  vertex 434.477 -44.9265 858.837
 endloop
endfacet
facet normal -0.735282 -0.356092 0.57668
 outer loop
  vertex 434.599 -43.7011 859.663
  vertex 434.477 -44.9265 858.837
  vertex 436.534 -45.0519 861.231
 endloop
endfacet
facet normal -0.755494 -0.282151 0.591287
 outer loop
  vertex 434.599 -43.7011 859.663
  vertex 432.669 -43.3979 857.186
  vertex 434.477 -44.9265 858.837
 endloop
endfacet
facet normal -0.1692 -0.165986 0.971504
 outer loop
  vertex 458.048 -54.1833 870.696
  vertex 463.977 -54.6365 871.708
  vertex 461.46 -51.8754 872.019
 endloop
endfacet
facet normal -0.134889 -0.31391 0.939822
 outer loop
  vertex 461.46 -51.8754 872.019
  vertex 463.977 -54.6365 871.708
  vertex 464.289 -52.0469 872.392
 endloop
endfacet
facet normal -0.0562191 -0.16575 0.984564
 outer loop
  vertex 463.977 -54.6365 871.708
  vertex 470.042 -54.7828 872.049
  vertex 467.153 -52.1488 872.618
 endloop
endfacet
facet normal 0.0205544 -0.313502 0.949365
 outer loop
  vertex 470.043 -52.1821 872.692
  vertex 470.042 -54.7828 872.049
  vertex 472.917 -52.1472 872.614
 endloop
endfacet
facet normal 0.0576362 -0.165747 0.984483
 outer loop
  vertex 472.917 -52.1472 872.614
  vertex 470.042 -54.7828 872.049
  vertex 476.077 -54.6338 871.702
 endloop
endfacet
facet normal 0.136077 -0.313916 0.939649
 outer loop
  vertex 475.769 -52.0441 872.386
  vertex 476.077 -54.6338 871.702
  vertex 478.598 -51.8711 872.01
 endloop
endfacet
facet normal 0.149946 -0.593814 0.790507
 outer loop
  vertex 475.808 -50.8015 873.227
  vertex 478.598 -51.8711 872.01
  vertex 478.656 -50.6277 872.856
 endloop
endfacet
facet normal 0.135141 -0.778263 0.613224
 outer loop
  vertex 475.892 -49.7776 874.388
  vertex 478.656 -50.6277 872.856
  vertex 478.78 -49.6044 874.02
 endloop
endfacet
facet normal 0.123854 -0.913212 0.388205
 outer loop
  vertex 476.014 -49.0859 875.771
  vertex 478.78 -49.6044 874.02
  vertex 481.887 -48.6723 874.891
 endloop
endfacet
facet normal 0.0927881 -0.968188 0.232384
 outer loop
  vertex 476.16 -48.7767 877.232
  vertex 476.014 -49.0859 875.771
  vertex 481.887 -48.6723 874.891
 endloop
endfacet
facet normal 0.0424704 -0.985825 0.162314
 outer loop
  vertex 476.16 -48.7767 877.232
  vertex 470.046 -48.9089 877.535
  vertex 476.014 -49.0859 875.771
 endloop
endfacet
facet normal 0.170451 -0.16599 0.971285
 outer loop
  vertex 476.077 -54.6338 871.702
  vertex 482.024 -54.1757 870.679
  vertex 478.598 -51.8711 872.01
 endloop
endfacet
facet normal 0.211664 -0.314115 0.925489
 outer loop
  vertex 478.598 -51.8711 872.01
  vertex 482.024 -54.1757 870.679
  vertex 481.404 -51.6236 871.486
 endloop
endfacet
facet normal 0.205667 -0.594325 0.777483
 outer loop
  vertex 478.656 -50.6277 872.856
  vertex 481.404 -51.6236 871.486
  vertex 481.479 -50.3793 872.339
 endloop
endfacet
facet normal 0.185343 -0.778727 0.59936
 outer loop
  vertex 478.78 -49.6044 874.02
  vertex 481.479 -50.3793 872.339
  vertex 481.644 -49.3572 873.508
 endloop
endfacet
facet normal 0.194656 -0.874394 0.444459
 outer loop
  vertex 481.887 -48.6723 874.891
  vertex 481.644 -49.3572 873.508
  vertex 484.481 -49.0302 872.853
 endloop
endfacet
facet normal 0.286389 -0.779075 0.557695
 outer loop
  vertex 487.258 -48.6201 872.063
  vertex 484.481 -49.0302 872.853
  vertex 487.014 -49.6377 870.881
 endloop
endfacet
facet normal 0.409488 -0.594648 0.691891
 outer loop
  vertex 492.252 -48.5399 868.916
  vertex 487.014 -49.6377 870.881
  vertex 492.12 -49.78 868.005
 endloop
endfacet
facet normal 0.352486 -0.721967 0.595414
 outer loop
  vertex 492.252 -48.5399 868.916
  vertex 487.258 -48.6201 872.063
  vertex 487.014 -49.6377 870.881
 endloop
endfacet
facet normal 0.370697 -0.777783 0.50758
 outer loop
  vertex 492.252 -48.5399 868.916
  vertex 492.57 -47.5319 870.115
  vertex 487.258 -48.6201 872.063
 endloop
endfacet
facet normal 0.326441 -0.872407 0.36379
 outer loop
  vertex 487.258 -48.6201 872.063
  vertex 492.57 -47.5319 870.115
  vertex 493.051 -46.8759 871.492
 endloop
endfacet
facet normal 0.248817 -0.912972 0.323376
 outer loop
  vertex 481.887 -48.6723 874.891
  vertex 487.258 -48.6201 872.063
  vertex 493.051 -46.8759 871.492
 endloop
endfacet
facet normal 0.226866 -0.874243 0.429221
 outer loop
  vertex 481.887 -48.6723 874.891
  vertex 484.481 -49.0302 872.853
  vertex 487.258 -48.6201 872.063
 endloop
endfacet
facet normal 0.250974 -0.314585 0.91545
 outer loop
  vertex 481.404 -51.6236 871.486
  vertex 482.024 -54.1757 870.679
  vertex 484.185 -51.2954 870.815
 endloop
endfacet
facet normal 0.261579 -0.594797 0.760127
 outer loop
  vertex 481.479 -50.3793 872.339
  vertex 484.185 -51.2954 870.815
  vertex 484.276 -50.0506 871.678
 endloop
endfacet
facet normal 0.235848 -0.779076 0.580875
 outer loop
  vertex 481.644 -49.3572 873.508
  vertex 484.276 -50.0506 871.678
  vertex 484.481 -49.0302 872.853
 endloop
endfacet
facet normal 0.228951 -0.721801 0.653135
 outer loop
  vertex 481.644 -49.3572 873.508
  vertex 481.479 -50.3793 872.339
  vertex 484.276 -50.0506 871.678
 endloop
endfacet
facet normal 0.622784 -0.230616 0.747634
 outer loop
  vertex 501.494 -46.2134 862.689
  vertex 498.473 -50.3581 863.851
  vertex 501.59 -47.4925 861.963
 endloop
endfacet
facet normal 0.650763 -0.154079 0.743483
 outer loop
  vertex 503.657 -46.2553 860.394
  vertex 501.59 -47.4925 861.963
  vertex 502.962 -48.1036 860.714
 endloop
endfacet
facet normal 0.65448 -0.0851192 0.751273
 outer loop
  vertex 505.079 -46.7004 858.982
  vertex 503.657 -46.2553 860.394
  vertex 502.962 -48.1036 860.714
 endloop
endfacet
facet normal 0.698807 -0.151001 0.69919
 outer loop
  vertex 505.079 -46.7004 858.982
  vertex 505.603 -44.8638 858.766
  vertex 503.657 -46.2553 860.394
 endloop
endfacet
facet normal 0.69996 -0.0834005 0.709295
 outer loop
  vertex 505.079 -46.7004 858.982
  vertex 507.017 -45.1551 857.232
  vertex 505.603 -44.8638 858.766
 endloop
endfacet
facet normal 0.737389 -0.147259 0.659221
 outer loop
  vertex 505.603 -44.8638 858.766
  vertex 507.017 -45.1551 857.232
  vertex 507.429 -43.3067 857.092
 endloop
endfacet
facet normal 0.777589 -0.346057 0.524976
 outer loop
  vertex 505.481 -43.6398 859.595
  vertex 507.429 -43.3067 857.092
  vertex 507.296 -42.1209 857.977
 endloop
endfacet
facet normal 0.778917 -0.532329 0.331533
 outer loop
  vertex 505.656 -42.4983 860.689
  vertex 507.296 -42.1209 857.977
  vertex 509.156 -39.3984 857.53
 endloop
endfacet
facet normal 0.720747 -0.685627 0.102172
 outer loop
  vertex 506.162 -41.5856 861.97
  vertex 509.156 -39.3984 857.53
  vertex 509.709 -38.5504 858.841
 endloop
endfacet
facet normal 0.595815 -0.794237 -0.119132
 outer loop
  vertex 506.958 -41.0187 863.301
  vertex 509.709 -38.5504 858.841
  vertex 510.585 -38.0266 860.145
 endloop
endfacet
facet normal 0.480392 -0.843835 -0.239094
 outer loop
  vertex 509.886 -39.4179 862.923
  vertex 506.958 -41.0187 863.301
  vertex 510.585 -38.0266 860.145
 endloop
endfacet
facet normal 0.73579 -0.0813329 0.672308
 outer loop
  vertex 507.017 -45.1551 857.232
  vertex 508.784 -43.4677 855.481
  vertex 507.429 -43.3067 857.092
 endloop
endfacet
facet normal 0.772652 -0.142773 0.618567
 outer loop
  vertex 507.429 -43.3067 857.092
  vertex 508.784 -43.4677 855.481
  vertex 509.107 -41.602 855.413
 endloop
endfacet
facet normal 0.814392 -0.33448 0.474225
 outer loop
  vertex 507.296 -42.1209 857.977
  vertex 509.107 -41.602 855.413
  vertex 508.967 -40.4614 856.356
 endloop
endfacet
facet normal 0.813728 -0.458889 0.356746
 outer loop
  vertex 509.156 -39.3984 857.53
  vertex 507.296 -42.1209 857.977
  vertex 508.967 -40.4614 856.356
 endloop
endfacet
facet normal 0.823677 -0.073046 0.562335
 outer loop
  vertex 511.853 -39.6449 852.022
  vertex 513.167 -37.5144 850.348
  vertex 512.026 -37.7575 852.111
 endloop
endfacet
facet normal 0.857865 -0.125259 0.498374
 outer loop
  vertex 512.026 -37.7575 852.111
  vertex 513.167 -37.5144 850.348
  vertex 513.287 -35.6076 850.509
 endloop
endfacet
facet normal 0.900608 -0.289384 0.324287
 outer loop
  vertex 511.882 -36.7262 853.167
  vertex 513.287 -35.6076 850.509
  vertex 513.145 -34.6397 851.619
 endloop
endfacet
facet normal 0.884685 -0.238642 0.400477
 outer loop
  vertex 511.882 -36.7262 853.167
  vertex 512.026 -37.7575 852.111
  vertex 513.287 -35.6076 850.509
 endloop
endfacet
facet normal 0.846865 -0.0696618 0.527225
 outer loop
  vertex 513.167 -37.5144 850.348
  vertex 514.343 -35.2428 848.732
  vertex 513.287 -35.6076 850.509
 endloop
endfacet
facet normal 0.87987 -0.118208 0.460278
 outer loop
  vertex 513.287 -35.6076 850.509
  vertex 514.343 -35.2428 848.732
  vertex 514.424 -33.2999 848.956
 endloop
endfacet
facet normal 0.921796 -0.271262 0.276963
 outer loop
  vertex 513.145 -34.6397 851.619
  vertex 514.424 -33.2999 848.956
  vertex 514.289 -32.4006 850.117
 endloop
endfacet
facet normal 0.907288 -0.22464 0.35548
 outer loop
  vertex 513.145 -34.6397 851.619
  vertex 513.287 -35.6076 850.509
  vertex 514.424 -33.2999 848.956
 endloop
endfacet
facet normal 0.867245 -0.0660086 0.493487
 outer loop
  vertex 514.343 -35.2428 848.732
  vertex 515.386 -32.8431 847.193
  vertex 514.424 -33.2999 848.956
 endloop
endfacet
facet normal 0.911322 -0.16675 0.376413
 outer loop
  vertex 514.424 -33.2999 848.956
  vertex 515.386 -32.8431 847.193
  vertex 514.289 -32.4006 850.117
 endloop
endfacet
facet normal 0.935599 -0.0414941 0.350617
 outer loop
  vertex 518.373 -22.3317 842.116
  vertex 519.307 -16.6192 840.301
  vertex 518.821 -17.1333 841.746
 endloop
endfacet
facet normal 0.963924 -0.0570248 0.259999
 outer loop
  vertex 518.821 -17.1333 841.746
  vertex 519.307 -16.6192 840.301
  vertex 519.554 -11.1074 840.366
 endloop
endfacet
facet normal 0.987435 -0.105647 0.117523
 outer loop
  vertex 518.752 -16.6926 843.109
  vertex 518.821 -17.1333 841.746
  vertex 519.554 -11.1074 840.366
 endloop
endfacet
facet normal 0.947818 -0.0330076 0.3171
 outer loop
  vertex 519.307 -16.6192 840.301
  vertex 519.948 -10.7429 839.027
  vertex 519.554 -11.1074 840.366
 endloop
endfacet
facet normal 0.966228 -0.0392337 -0.254686
 outer loop
  vertex 520.136 -0.00764638 840.803
  vertex 520.462 -0.00535468 842.272
  vertex 520.286 -4.69082 842.459
 endloop
endfacet
facet normal 0.86871 -0.0268656 -0.494592
 outer loop
  vertex 520.462 -0.00535468 842.272
  vertex 521.174 0.00206767 843.66
  vertex 521.129 -1.67552 843.685
 endloop
endfacet
facet normal 0.711778 -0.0252691 -0.701949
 outer loop
  vertex 521.174 0.00206767 843.66
  vertex 522.223 0.0136866 844.819
  vertex 522.175 -1.66977 844.843
 endloop
endfacet
facet normal 0.511602 -0.0218356 -0.858945
 outer loop
  vertex 522.223 0.0136866 844.819
  vertex 523.478 0.0285985 845.641
  vertex 523.438 -1.68171 845.671
 endloop
endfacet
facet normal -0.0153794 -0.873726 0.486176
 outer loop
  vertex 470.045 -49.2221 876.071
  vertex 467.092 -49.8826 874.615
  vertex 470.044 -49.916 874.688
 endloop
endfacet
facet normal -0.0336838 -0.777623 0.627828
 outer loop
  vertex 470.044 -49.916 874.688
  vertex 467.092 -49.8826 874.615
  vertex 467.134 -50.9068 873.455
 endloop
endfacet
facet normal -0.017603 -0.720266 0.693475
 outer loop
  vertex 470.043 -50.9403 873.529
  vertex 470.044 -49.916 874.688
  vertex 467.134 -50.9068 873.455
 endloop
endfacet
facet normal -0.776468 -0.629882 -0.0186078
 outer loop
  vertex 430.393 -38.6531 858.938
  vertex 427.373 -35.0783 855.819
  vertex 427.967 -35.8467 854.483
 endloop
endfacet
facet normal -0.843126 -0.491577 0.217924
 outer loop
  vertex 430.945 -39.5033 857.629
  vertex 427.967 -35.8467 854.483
  vertex 429.59 -38.7696 854.839
 endloop
endfacet
facet normal -0.790658 -0.604551 0.0968379
 outer loop
  vertex 430.945 -39.5033 857.629
  vertex 430.393 -38.6531 858.938
  vertex 427.967 -35.8467 854.483
 endloop
endfacet
facet normal -0.71892 -0.687018 0.105643
 outer loop
  vertex 430.945 -39.5033 857.629
  vertex 433.92 -41.6444 862.036
  vertex 430.393 -38.6531 858.938
 endloop
endfacet
facet normal -0.725325 -0.652601 0.219126
 outer loop
  vertex 430.945 -39.5033 857.629
  vertex 434.424 -42.5582 860.756
  vertex 433.92 -41.6444 862.036
 endloop
endfacet
facet normal -0.646158 -0.728758 0.226698
 outer loop
  vertex 433.92 -41.6444 862.036
  vertex 434.424 -42.5582 860.756
  vertex 437.998 -44.1144 865.032
 endloop
endfacet
facet normal -0.644864 -0.686458 0.336044
 outer loop
  vertex 437.998 -44.1144 865.032
  vertex 434.424 -42.5582 860.756
  vertex 438.447 -45.0743 863.782
 endloop
endfacet
facet normal -0.552815 -0.70732 0.440561
 outer loop
  vertex 442.556 -46.0683 867.775
  vertex 438.447 -45.0743 863.782
  vertex 442.942 -47.0585 866.552
 endloop
endfacet
facet normal -0.45388 -0.717984 0.527723
 outer loop
  vertex 447.503 -47.5502 870.146
  vertex 442.942 -47.0585 866.552
  vertex 447.821 -48.5583 868.947
 endloop
endfacet
facet normal -0.467108 -0.771154 0.432587
 outer loop
  vertex 447.503 -47.5502 870.146
  vertex 442.556 -46.0683 867.775
  vertex 442.942 -47.0585 866.552
 endloop
endfacet
facet normal -0.864547 -0.328923 -0.379959
 outer loop
  vertex 421.395 -21.3833 847.826
  vertex 420.269 -16.0433 845.965
  vertex 422.074 -21.8318 846.445
 endloop
endfacet
facet normal -0.858305 -0.392204 -0.330892
 outer loop
  vertex 422.925 -26.4058 850.158
  vertex 421.395 -21.3833 847.826
  vertex 422.074 -21.8318 846.445
 endloop
endfacet
facet normal -0.297057 -0.481372 -0.824644
 outer loop
  vertex 416.754 -22.2129 851.155
  vertex 419.111 -20.9981 849.92
  vertex 420.673 -25.931 852.323
 endloop
endfacet
facet normal -0.868096 -0.16322 -0.468795
 outer loop
  vertex 419.482 -10.4066 844.619
  vertex 419.207 -7.52568 844.16
  vertex 420.187 -10.6144 843.231
 endloop
endfacet
facet normal -0.867089 -0.228311 -0.442753
 outer loop
  vertex 419.836 -13.2561 845.223
  vertex 420.187 -10.6144 843.231
  vertex 420.269 -16.0433 845.965
 endloop
endfacet
facet normal -0.867526 -0.195729 -0.457262
 outer loop
  vertex 419.836 -13.2561 845.223
  vertex 419.482 -10.4066 844.619
  vertex 420.187 -10.6144 843.231
 endloop
endfacet
facet normal -0.58216 -0.0833035 -0.808796
 outer loop
  vertex 416.697 -4.56089 845.838
  vertex 417.825 -1.67166 844.843
  vertex 417.959 -4.56796 845.008
 endloop
endfacet
facet normal -0.711707 -0.0639987 -0.699555
 outer loop
  vertex 417.959 -4.56796 845.008
  vertex 417.825 -1.67166 844.843
  vertex 418.871 -1.67744 843.685
 endloop
endfacet
facet normal -0.5821 -0.140041 -0.800967
 outer loop
  vertex 416.901 -7.41119 846.158
  vertex 417.959 -4.56796 845.008
  vertex 418.163 -7.43669 845.323
 endloop
endfacet
facet normal -0.711532 -0.117452 -0.692768
 outer loop
  vertex 418.163 -7.43669 845.323
  vertex 417.959 -4.56796 845.008
  vertex 419.004 -4.61557 843.848
 endloop
endfacet
facet normal -0.582161 -0.196656 -0.788933
 outer loop
  vertex 417.178 -10.2336 846.628
  vertex 418.163 -7.43669 845.323
  vertex 418.44 -10.2767 845.786
 endloop
endfacet
facet normal -0.711504 -0.170793 -0.68161
 outer loop
  vertex 418.44 -10.2767 845.786
  vertex 418.163 -7.43669 845.323
  vertex 419.207 -7.52568 844.16
 endloop
endfacet
facet normal -0.582215 -0.253297 -0.772572
 outer loop
  vertex 417.533 -13.0262 847.248
  vertex 418.44 -10.2767 845.786
  vertex 418.795 -13.0858 846.396
 endloop
endfacet
facet normal -0.711493 -0.224195 -0.665969
 outer loop
  vertex 418.795 -13.0858 846.396
  vertex 418.44 -10.2767 845.786
  vertex 419.482 -10.4066 844.619
 endloop
endfacet
facet normal -0.58209 -0.30968 -0.751844
 outer loop
  vertex 417.97 -15.7587 848.009
  vertex 418.795 -13.0858 846.396
  vertex 419.231 -15.8336 847.144
 endloop
endfacet
facet normal -0.71131 -0.277604 -0.645736
 outer loop
  vertex 419.231 -15.8336 847.144
  vertex 418.795 -13.0858 846.396
  vertex 419.836 -13.2561 845.223
 endloop
endfacet
facet normal -0.581241 -0.402748 -0.707074
 outer loop
  vertex 419.111 -20.9981 849.92
  vertex 419.231 -15.8336 847.144
  vertex 420.367 -21.0985 849.022
 endloop
endfacet
facet normal -0.710763 -0.349054 -0.610719
 outer loop
  vertex 420.367 -21.0985 849.022
  vertex 419.231 -15.8336 847.144
  vertex 420.269 -16.0433 845.965
 endloop
endfacet
facet normal -0.576438 -0.511422 -0.637312
 outer loop
  vertex 420.673 -25.931 852.323
  vertex 420.367 -21.0985 849.022
  vertex 421.914 -26.0509 851.377
 endloop
endfacet
facet normal -0.706267 -0.453337 -0.543758
 outer loop
  vertex 421.914 -26.0509 851.377
  vertex 420.367 -21.0985 849.022
  vertex 421.395 -21.3833 847.826
 endloop
endfacet
facet normal -0.292163 -0.586595 -0.755346
 outer loop
  vertex 418.541 -27.4187 853.936
  vertex 420.673 -25.931 852.323
  vertex 422.71 -30.437 855.111
 endloop
endfacet
facet normal -0.565517 -0.614579 -0.549985
 outer loop
  vertex 422.71 -30.437 855.111
  vertex 421.914 -26.0509 851.377
  vertex 423.921 -30.5713 854.104
 endloop
endfacet
facet normal -0.695411 -0.554019 -0.457676
 outer loop
  vertex 423.921 -30.5713 854.104
  vertex 421.914 -26.0509 851.377
  vertex 422.925 -26.4058 850.158
 endloop
endfacet
facet normal -0.54948 -0.694184 -0.464951
 outer loop
  vertex 423.921 -32.5063 856.613
  vertex 423.921 -30.5713 854.104
  vertex 426.437 -34.6031 857.094
 endloop
endfacet
facet normal -0.674854 -0.647202 -0.354543
 outer loop
  vertex 426.437 -34.6031 857.094
  vertex 423.921 -30.5713 854.104
  vertex 424.902 -30.9898 852.858
 endloop
endfacet
facet normal -0.467333 -0.759374 -0.452715
 outer loop
  vertex 425.277 -34.4564 858.174
  vertex 426.437 -34.6031 857.094
  vertex 426.788 -36.286 859.785
 endloop
endfacet
facet normal -0.520121 -0.777877 -0.352677
 outer loop
  vertex 426.788 -36.286 859.785
  vertex 426.437 -34.6031 857.094
  vertex 429.519 -38.1279 860.243
 endloop
endfacet
facet normal -0.434898 -0.833583 -0.340591
 outer loop
  vertex 428.435 -37.967 861.404
  vertex 429.519 -38.1279 860.243
  vertex 430.218 -39.5011 863.014
 endloop
endfacet
facet normal -0.236301 -0.853753 -0.463969
 outer loop
  vertex 429.114 -39.6701 863.993
  vertex 430.218 -39.5011 863.014
  vertex 431.095 -41.0665 865.641
 endloop
endfacet
facet normal -0.3066 -0.843065 -0.441858
 outer loop
  vertex 429.114 -39.6701 863.993
  vertex 428.435 -37.967 861.404
  vertex 430.218 -39.5011 863.014
 endloop
endfacet
facet normal -0.247543 -0.822949 -0.511348
 outer loop
  vertex 429.114 -39.6701 863.993
  vertex 427.281 -38.1321 862.325
  vertex 428.435 -37.967 861.404
 endloop
endfacet
facet normal -0.319634 -0.809396 -0.492658
 outer loop
  vertex 428.435 -37.967 861.404
  vertex 427.281 -38.1321 862.325
  vertex 426.788 -36.286 859.785
 endloop
endfacet
facet normal -0.445917 -0.811706 -0.377216
 outer loop
  vertex 429.519 -38.1279 860.243
  vertex 428.435 -37.967 861.404
  vertex 426.788 -36.286 859.785
 endloop
endfacet
facet normal -0.278336 -0.66298 -0.694973
 outer loop
  vertex 421.421 -30.5585 855.817
  vertex 422.71 -30.437 855.111
  vertex 422.656 -32.6415 857.367
 endloop
endfacet
facet normal -0.257417 -0.788242 -0.558937
 outer loop
  vertex 425.589 -36.4438 860.648
  vertex 426.788 -36.286 859.785
  vertex 427.281 -38.1321 862.325
 endloop
endfacet
facet normal -0.641622 -0.729074 -0.238269
 outer loop
  vertex 426.437 -34.6031 857.094
  vertex 427.373 -35.0783 855.819
  vertex 429.519 -38.1279 860.243
 endloop
endfacet
facet normal -0.479149 -0.845428 -0.23594
 outer loop
  vertex 430.218 -39.5011 863.014
  vertex 429.519 -38.1279 860.243
  vertex 433.126 -41.0766 863.367
 endloop
endfacet
facet normal -0.406472 -0.874381 -0.265025
 outer loop
  vertex 432.142 -40.8972 864.605
  vertex 430.218 -39.5011 863.014
  vertex 433.126 -41.0766 863.367
 endloop
endfacet
facet normal -0.325035 -0.872494 0.364837
 outer loop
  vertex 447.503 -47.5502 870.146
  vertex 452.844 -48.6367 872.094
  vertex 447.024 -46.8939 871.523
 endloop
endfacet
facet normal -0.247534 -0.913023 0.324217
 outer loop
  vertex 447.024 -46.8939 871.523
  vertex 452.844 -48.6367 872.094
  vertex 458.188 -48.6794 874.906
 endloop
endfacet
facet normal -0.135095 -0.983471 0.120556
 outer loop
  vertex 452.045 -47.6837 874.909
  vertex 458.188 -48.6794 874.906
  vertex 457.897 -48.3815 876.358
 endloop
endfacet
facet normal -0.101293 -0.994126 -0.038119
 outer loop
  vertex 457.589 -48.4454 877.74
  vertex 452.045 -47.6837 874.909
  vertex 457.897 -48.3815 876.358
 endloop
endfacet
facet normal -0.257688 -0.920374 -0.294125
 outer loop
  vertex 436.437 -43.3075 867.693
  vertex 435.52 -43.4669 868.835
  vertex 434.213 -42.1637 866.168
 endloop
endfacet
facet normal -0.33439 -0.935949 -0.110377
 outer loop
  vertex 436.437 -43.3075 867.693
  vertex 437.3 -43.5104 866.385
  vertex 441.237 -45.2054 870.507
 endloop
endfacet
facet normal -0.359266 -0.933228 -0.00376211
 outer loop
  vertex 441.237 -45.2054 870.507
  vertex 437.3 -43.5104 866.385
  vertex 441.964 -45.4349 869.143
 endloop
endfacet
facet normal -0.294431 -0.95214 0.0820941
 outer loop
  vertex 446.44 -46.6379 872.929
  vertex 441.964 -45.4349 869.143
  vertex 447.024 -46.8939 871.523
 endloop
endfacet
facet normal -0.202393 -0.965163 0.165824
 outer loop
  vertex 452.045 -47.6837 874.909
  vertex 447.024 -46.8939 871.523
  vertex 458.188 -48.6794 874.906
 endloop
endfacet
facet normal -0.219871 -0.97422 0.0505092
 outer loop
  vertex 452.045 -47.6837 874.909
  vertex 446.44 -46.6379 872.929
  vertex 447.024 -46.8939 871.523
 endloop
endfacet
facet normal -0.143893 -0.986034 -0.0838496
 outer loop
  vertex 452.045 -47.6837 874.909
  vertex 451.581 -47.7694 876.259
  vertex 446.44 -46.6379 872.929
 endloop
endfacet
facet normal -0.427607 -0.895644 -0.122366
 outer loop
  vertex 434.213 -42.1637 866.168
  vertex 433.126 -41.0766 863.367
  vertex 437.3 -43.5104 866.385
 endloop
endfacet
facet normal -0.534003 -0.845471 0.004347
 outer loop
  vertex 437.3 -43.5104 866.385
  vertex 433.126 -41.0766 863.367
  vertex 433.92 -41.6444 862.036
 endloop
endfacet
facet normal -0.5943 -0.79588 -0.115683
 outer loop
  vertex 433.126 -41.0766 863.367
  vertex 429.519 -38.1279 860.243
  vertex 430.393 -38.6531 858.938
 endloop
endfacet
facet normal -0.462955 -0.878876 0.115107
 outer loop
  vertex 437.3 -43.5104 866.385
  vertex 437.998 -44.1144 865.032
  vertex 441.964 -45.4349 869.143
 endloop
endfacet
facet normal -0.560661 -0.756017 0.337783
 outer loop
  vertex 442.556 -46.0683 867.775
  vertex 437.998 -44.1144 865.032
  vertex 438.447 -45.0743 863.782
 endloop
endfacet
facet normal -0.278343 -0.960237 -0.0216637
 outer loop
  vertex 441.237 -45.2054 870.507
  vertex 441.964 -45.4349 869.143
  vertex 446.44 -46.6379 872.929
 endloop
endfacet
facet normal -0.385268 -0.898557 0.210152
 outer loop
  vertex 441.964 -45.4349 869.143
  vertex 442.556 -46.0683 867.775
  vertex 447.024 -46.8939 871.523
 endloop
endfacet
facet normal -0.122939 -0.913207 0.388508
 outer loop
  vertex 464.047 -49.0887 875.777
  vertex 458.188 -48.6794 874.906
  vertex 461.28 -49.6087 874.03
 endloop
endfacet
facet normal -0.161537 -0.87463 0.457087
 outer loop
  vertex 461.28 -49.6087 874.03
  vertex 458.188 -48.6794 874.906
  vertex 458.429 -49.3644 873.523
 endloop
endfacet
facet normal -0.227436 -0.721785 0.653681
 outer loop
  vertex 458.593 -50.3867 872.354
  vertex 458.429 -49.3644 873.523
  vertex 455.82 -50.0634 871.703
 endloop
endfacet
facet normal -0.302196 -0.525317 0.795437
 outer loop
  vertex 455.911 -51.3082 870.84
  vertex 455.82 -50.0634 871.703
  vertex 453.192 -50.8992 870.037
 endloop
endfacet
facet normal -0.323582 -0.314599 0.892369
 outer loop
  vertex 452.118 -53.348 868.971
  vertex 455.911 -51.3082 870.84
  vertex 453.192 -50.8992 870.037
 endloop
endfacet
facet normal -0.234243 -0.779066 0.581538
 outer loop
  vertex 458.429 -49.3644 873.523
  vertex 455.616 -49.0429 872.878
  vertex 455.82 -50.0634 871.703
 endloop
endfacet
facet normal -0.193363 -0.874393 0.445025
 outer loop
  vertex 458.429 -49.3644 873.523
  vertex 458.188 -48.6794 874.906
  vertex 455.616 -49.0429 872.878
 endloop
endfacet
facet normal -0.22539 -0.874255 0.429973
 outer loop
  vertex 455.616 -49.0429 872.878
  vertex 458.188 -48.6794 874.906
  vertex 452.844 -48.6367 872.094
 endloop
endfacet
facet normal -0.35071 -0.722002 0.596419
 outer loop
  vertex 453.086 -49.6545 870.913
  vertex 452.844 -48.6367 872.094
  vertex 447.821 -48.5583 868.947
 endloop
endfacet
facet normal -0.284562 -0.779084 0.558617
 outer loop
  vertex 453.086 -49.6545 870.913
  vertex 455.616 -49.0429 872.878
  vertex 452.844 -48.6367 872.094
 endloop
endfacet
facet normal -0.279882 -0.722054 0.632696
 outer loop
  vertex 453.086 -49.6545 870.913
  vertex 455.82 -50.0634 871.703
  vertex 455.616 -49.0429 872.878
 endloop
endfacet
facet normal -0.315352 -0.595039 0.739244
 outer loop
  vertex 453.086 -49.6545 870.913
  vertex 453.192 -50.8992 870.037
  vertex 455.82 -50.0634 871.703
 endloop
endfacet
facet normal -0.377495 -0.52555 0.762427
 outer loop
  vertex 453.086 -49.6545 870.913
  vertex 447.952 -49.7986 868.037
  vertex 453.192 -50.8992 870.037
 endloop
endfacet
facet normal -0.01717 -0.974214 -0.224972
 outer loop
  vertex 470.056 -49.2815 880.188
  vertex 458.015 -48.849 879.092
  vertex 463.902 -48.7794 877.238
 endloop
endfacet
facet normal -0.0338887 -0.986028 -0.163096
 outer loop
  vertex 463.902 -48.7794 877.238
  vertex 458.015 -48.849 879.092
  vertex 457.589 -48.4454 877.74
 endloop
endfacet
facet normal -0.0165922 -0.945863 -0.324143
 outer loop
  vertex 457.589 -48.4454 877.74
  vertex 458.015 -48.849 879.092
  vertex 452.152 -48.27 877.726
 endloop
endfacet
facet normal -0.0415659 -0.962411 -0.268399
 outer loop
  vertex 451.581 -47.7694 876.259
  vertex 457.589 -48.4454 877.74
  vertex 452.152 -48.27 877.726
 endloop
endfacet
facet normal -0.10085 -0.984629 0.142602
 outer loop
  vertex 457.897 -48.3815 876.358
  vertex 458.188 -48.6794 874.906
  vertex 463.902 -48.7794 877.238
 endloop
endfacet
facet normal 0.0335025 -0.912745 -0.407155
 outer loop
  vertex 493.652 -47.3669 875.785
  vertex 494.26 -46.733 874.196
  vertex 499.071 -46.1109 873.381
 endloop
endfacet
facet normal 0.162606 -0.874637 0.456693
 outer loop
  vertex 481.644 -49.3572 873.508
  vertex 481.887 -48.6723 874.891
  vertex 478.78 -49.6044 874.02
 endloop
endfacet
facet normal 0.135959 -0.983426 0.11995
 outer loop
  vertex 481.887 -48.6723 874.891
  vertex 488.061 -47.6676 874.877
  vertex 482.179 -48.3745 876.343
 endloop
endfacet
facet normal 0.101936 -0.994038 -0.0386982
 outer loop
  vertex 482.179 -48.3745 876.343
  vertex 488.061 -47.6676 874.877
  vertex 482.489 -48.4387 877.724
 endloop
endfacet
facet normal 0.0678363 -0.997564 -0.0162768
 outer loop
  vertex 476.16 -48.7767 877.232
  vertex 482.179 -48.3745 876.343
  vertex 482.489 -48.4387 877.724
 endloop
endfacet
facet normal 0.0930264 -0.987381 -0.128162
 outer loop
  vertex 488.061 -47.6676 874.877
  vertex 488.528 -47.7539 876.226
  vertex 482.489 -48.4387 877.724
 endloop
endfacet
facet normal 0.10542 -0.874053 0.474255
 outer loop
  vertex 478.78 -49.6044 874.02
  vertex 476.014 -49.0859 875.771
  vertex 475.892 -49.7776 874.388
 endloop
endfacet
facet normal 0.0736029 -0.874024 0.480276
 outer loop
  vertex 475.892 -49.7776 874.388
  vertex 476.014 -49.0859 875.771
  vertex 472.979 -49.881 874.612
 endloop
endfacet
facet normal 0.0715444 -0.720435 0.689822
 outer loop
  vertex 475.808 -50.8015 873.227
  vertex 472.979 -49.881 874.612
  vertex 472.937 -50.9052 873.452
 endloop
endfacet
facet normal 0.0771771 -0.523778 0.848352
 outer loop
  vertex 475.769 -52.0441 872.386
  vertex 472.937 -50.9052 873.452
  vertex 472.917 -52.1472 872.614
 endloop
endfacet
facet normal 0.0968904 -0.313599 0.944599
 outer loop
  vertex 476.077 -54.6338 871.702
  vertex 475.769 -52.0441 872.386
  vertex 472.917 -52.1472 872.614
 endloop
endfacet
facet normal 0.123892 -0.720817 0.681963
 outer loop
  vertex 478.656 -50.6277 872.856
  vertex 475.892 -49.7776 874.388
  vertex 475.808 -50.8015 873.227
 endloop
endfacet
facet normal 0.0850882 -0.777858 0.622653
 outer loop
  vertex 475.808 -50.8015 873.227
  vertex 475.892 -49.7776 874.388
  vertex 472.979 -49.881 874.612
 endloop
endfacet
facet normal 0.0416889 -0.912954 0.405928
 outer loop
  vertex 476.014 -49.0859 875.771
  vertex 470.045 -49.2221 876.071
  vertex 472.979 -49.881 874.612
 endloop
endfacet
facet normal 0.672523 -0.294616 0.678907
 outer loop
  vertex 501.59 -47.4925 861.963
  vertex 503.657 -46.2553 860.394
  vertex 501.494 -46.2134 862.689
 endloop
endfacet
facet normal 0.693402 -0.3635 0.622143
 outer loop
  vertex 501.494 -46.2134 862.689
  vertex 503.657 -46.2553 860.394
  vertex 503.547 -45.0005 861.169
 endloop
endfacet
facet normal 0.69702 -0.562546 0.444641
 outer loop
  vertex 501.658 -45.0191 863.71
  vertex 503.547 -45.0005 861.169
  vertex 505.656 -42.4983 860.689
 endloop
endfacet
facet normal 0.647948 -0.727984 0.224061
 outer loop
  vertex 502.108 -44.06 864.961
  vertex 505.656 -42.4983 860.689
  vertex 506.162 -41.5856 861.97
 endloop
endfacet
facet normal 0.535488 -0.844541 0.00172979
 outer loop
  vertex 502.809 -43.4569 866.313
  vertex 506.162 -41.5856 861.97
  vertex 506.958 -41.0187 863.301
 endloop
endfacet
facet normal 0.393801 -0.889498 -0.231761
 outer loop
  vertex 505.873 -42.1154 866.107
  vertex 506.958 -41.0187 863.301
  vertex 507.944 -40.8398 864.537
 endloop
endfacet
facet normal 0.428855 -0.894713 -0.124788
 outer loop
  vertex 505.873 -42.1154 866.107
  vertex 502.809 -43.4569 866.313
  vertex 506.958 -41.0187 863.301
 endloop
endfacet
facet normal 0.359302 -0.919415 -0.159929
 outer loop
  vertex 505.873 -42.1154 866.107
  vertex 503.674 -43.2546 867.62
  vertex 502.809 -43.4569 866.313
 endloop
endfacet
facet normal 0.258527 -0.919451 -0.296267
 outer loop
  vertex 505.873 -42.1154 866.107
  vertex 504.595 -43.4144 868.759
  vertex 503.674 -43.2546 867.62
 endloop
endfacet
facet normal 0.210598 -0.903321 -0.37371
 outer loop
  vertex 505.873 -42.1154 866.107
  vertex 506.86 -42.2816 867.195
  vertex 504.595 -43.4144 868.759
 endloop
endfacet
facet normal 0.386948 -0.898262 0.208321
 outer loop
  vertex 493.051 -46.8759 871.492
  vertex 497.558 -46.0272 867.713
  vertex 498.153 -45.3944 869.08
 endloop
endfacet
facet normal 0.474728 -0.851459 0.222826
 outer loop
  vertex 498.153 -45.3944 869.08
  vertex 497.558 -46.0272 867.713
  vertex 502.108 -44.06 864.961
 endloop
endfacet
facet normal 0.55514 -0.70695 0.438225
 outer loop
  vertex 501.658 -45.0191 863.71
  vertex 497.558 -46.0272 867.713
  vertex 497.171 -47.0168 866.49
 endloop
endfacet
facet normal 0.469123 -0.770944 0.430778
 outer loop
  vertex 497.171 -47.0168 866.49
  vertex 497.558 -46.0272 867.713
  vertex 492.57 -47.5319 870.115
 endloop
endfacet
facet normal 0.553948 -0.824483 0.115623
 outer loop
  vertex 502.809 -43.4569 866.313
  vertex 502.108 -44.06 864.961
  vertex 506.162 -41.5856 861.97
 endloop
endfacet
facet normal 0.623106 -0.782128 -0.00382672
 outer loop
  vertex 506.162 -41.5856 861.97
  vertex 509.709 -38.5504 858.841
  vertex 506.958 -41.0187 863.301
 endloop
endfacet
facet normal 0.44696 -0.809543 -0.380612
 outer loop
  vertex 511.672 -37.8662 861.302
  vertex 510.585 -38.0266 860.145
  vertex 513.3 -36.188 859.694
 endloop
endfacet
facet normal 0.695736 -0.551904 -0.459731
 outer loop
  vertex 518.124 -25.9491 851.322
  vertex 516.129 -30.4764 854.04
  vertex 517.112 -26.3026 850.104
 endloop
endfacet
facet normal 0.745774 -0.561946 -0.357823
 outer loop
  vertex 517.112 -26.3026 850.104
  vertex 516.129 -30.4764 854.04
  vertex 515.147 -30.8936 852.795
 endloop
endfacet
facet normal 0.872647 -0.469349 -0.134902
 outer loop
  vertex 516.455 -26.8642 848.732
  vertex 515.147 -30.8936 852.795
  vertex 514.518 -31.5631 851.437
 endloop
endfacet
facet normal 0.933964 -0.345258 0.0922414
 outer loop
  vertex 516.201 -27.5646 847.355
  vertex 514.518 -31.5631 851.437
  vertex 514.289 -32.4006 850.117
 endloop
endfacet
facet normal 0.929534 -0.368453 -0.0144737
 outer loop
  vertex 516.201 -27.5646 847.355
  vertex 516.455 -26.8642 848.732
  vertex 514.518 -31.5631 851.437
 endloop
endfacet
facet normal 0.957466 -0.288496 0.00538051
 outer loop
  vertex 516.201 -27.5646 847.355
  vertex 517.663 -22.3267 845.003
  vertex 516.455 -26.8642 848.732
 endloop
endfacet
facet normal 0.489776 -0.66854 -0.559619
 outer loop
  vertex 517.341 -30.3424 855.046
  vertex 516.126 -32.4314 856.556
  vertex 516.129 -30.4764 854.04
 endloop
endfacet
facet normal 0.549961 -0.69233 -0.467143
 outer loop
  vertex 516.129 -30.4764 854.04
  vertex 516.126 -32.4314 856.556
  vertex 513.621 -34.5248 857.03
 endloop
endfacet
facet normal 0.719325 -0.648761 -0.248354
 outer loop
  vertex 515.147 -30.8936 852.795
  vertex 513.621 -34.5248 857.03
  vertex 512.683 -34.9989 855.756
 endloop
endfacet
facet normal 0.840319 -0.541481 -0.0257524
 outer loop
  vertex 514.518 -31.5631 851.437
  vertex 512.683 -34.9989 855.756
  vertex 512.088 -35.7655 854.419
 endloop
endfacet
facet normal 0.893254 -0.437783 0.102188
 outer loop
  vertex 513.145 -34.6397 851.619
  vertex 514.518 -31.5631 851.437
  vertex 512.088 -35.7655 854.419
 endloop
endfacet
facet normal 0.675424 -0.645292 -0.356931
 outer loop
  vertex 515.147 -30.8936 852.795
  vertex 516.129 -30.4764 854.04
  vertex 513.621 -34.5248 857.03
 endloop
endfacet
facet normal 0.777657 -0.628318 -0.0215869
 outer loop
  vertex 512.683 -34.9989 855.756
  vertex 509.709 -38.5504 858.841
  vertex 512.088 -35.7655 854.419
 endloop
endfacet
facet normal 0.642589 -0.727263 -0.241183
 outer loop
  vertex 512.683 -34.9989 855.756
  vertex 513.621 -34.5248 857.03
  vertex 510.585 -38.0266 860.145
 endloop
endfacet
facet normal 0.278541 -0.661036 -0.69674
 outer loop
  vertex 517.341 -30.3424 855.046
  vertex 518.631 -30.4633 855.75
  vertex 517.393 -32.5662 857.308
 endloop
endfacet
facet normal 0.467956 -0.757484 -0.455232
 outer loop
  vertex 513.3 -36.188 859.694
  vertex 513.621 -34.5248 857.03
  vertex 514.782 -34.3784 858.109
 endloop
endfacet
facet normal 0.475871 -0.730195 -0.490268
 outer loop
  vertex 514.782 -34.3784 858.109
  vertex 513.621 -34.5248 857.03
  vertex 516.126 -32.4314 856.556
 endloop
endfacet
facet normal 0.257949 -0.786118 -0.561676
 outer loop
  vertex 513.3 -36.188 859.694
  vertex 514.501 -36.3454 860.555
  vertex 512.829 -38.031 862.22
 endloop
endfacet
facet normal 0.844119 -0.477087 -0.244645
 outer loop
  vertex 517.112 -26.3026 850.104
  vertex 515.147 -30.8936 852.795
  vertex 516.455 -26.8642 848.732
 endloop
endfacet
facet normal 0.297101 -0.479732 -0.825584
 outer loop
  vertex 523.266 -22.1414 851.122
  vertex 519.365 -25.8296 852.267
  vertex 520.905 -20.9388 849.895
 endloop
endfacet
facet normal 0.508525 -0.479813 -0.71497
 outer loop
  vertex 520.905 -20.9388 849.895
  vertex 519.365 -25.8296 852.267
  vertex 519.649 -21.0389 848.997
 endloop
endfacet
facet normal 0.58128 -0.401316 -0.707855
 outer loop
  vertex 520.784 -15.748 847.118
  vertex 520.905 -20.9388 849.895
  vertex 519.649 -21.0389 848.997
 endloop
endfacet
facet normal 0.576564 -0.509482 -0.63875
 outer loop
  vertex 519.365 -25.8296 852.267
  vertex 518.124 -25.9491 851.322
  vertex 519.649 -21.0389 848.997
 endloop
endfacet
facet normal 0.769352 -0.28279 -0.572824
 outer loop
  vertex 520.784 -15.748 847.118
  vertex 519.746 -15.9564 845.939
  vertex 520.175 -13.1765 845.204
 endloop
endfacet
facet normal 0.769765 -0.231986 -0.59468
 outer loop
  vertex 521.216 -13.0074 846.376
  vertex 520.175 -13.1765 845.204
  vertex 520.523 -10.3572 844.61
 endloop
endfacet
facet normal 0.769904 -0.18132 -0.611858
 outer loop
  vertex 521.566 -10.228 845.776
  vertex 520.523 -10.3572 844.61
  vertex 520.795 -7.49985 844.157
 endloop
endfacet
facet normal 0.769978 -0.130655 -0.624551
 outer loop
  vertex 521.839 -7.41122 845.319
  vertex 520.795 -7.49985 844.157
  vertex 520.997 -4.60566 843.847
 endloop
endfacet
facet normal 0.711501 -0.170162 -0.681771
 outer loop
  vertex 521.839 -7.41122 845.319
  vertex 521.566 -10.228 845.776
  vertex 520.795 -7.49985 844.157
 endloop
endfacet
facet normal 0.582157 -0.195834 -0.78914
 outer loop
  vertex 521.839 -7.41122 845.319
  vertex 522.828 -10.1852 846.619
  vertex 521.566 -10.228 845.776
 endloop
endfacet
facet normal 0.511564 -0.235917 -0.826224
 outer loop
  vertex 521.566 -10.228 845.776
  vertex 522.828 -10.1852 846.619
  vertex 522.478 -12.9482 847.229
 endloop
endfacet
facet normal 0.511544 -0.292864 -0.807808
 outer loop
  vertex 521.216 -13.0074 846.376
  vertex 522.478 -12.9482 847.229
  vertex 522.045 -15.6736 847.983
 endloop
endfacet
facet normal 0.582096 -0.30797 -0.752541
 outer loop
  vertex 520.784 -15.748 847.118
  vertex 521.216 -13.0074 846.376
  vertex 522.045 -15.6736 847.983
 endloop
endfacet
facet normal 0.711317 -0.276039 -0.646398
 outer loop
  vertex 520.784 -15.748 847.118
  vertex 520.175 -13.1765 845.204
  vertex 521.216 -13.0074 846.376
 endloop
endfacet
facet normal 0.867534 -0.194767 -0.457658
 outer loop
  vertex 520.523 -10.3572 844.61
  vertex 520.175 -13.1765 845.204
  vertex 519.818 -10.564 843.222
 endloop
endfacet
facet normal 0.908129 -0.125536 -0.399428
 outer loop
  vertex 520.795 -7.49985 844.157
  vertex 519.818 -10.564 843.222
  vertex 520.286 -4.69082 842.459
 endloop
endfacet
facet normal 0.868221 -0.10477 -0.48499
 outer loop
  vertex 520.997 -4.60566 843.847
  vertex 520.795 -7.49985 844.157
  vertex 520.286 -4.69082 842.459
 endloop
endfacet
facet normal 0.582208 -0.251905 -0.773031
 outer loop
  vertex 522.478 -12.9482 847.229
  vertex 521.216 -13.0074 846.376
  vertex 521.566 -10.228 845.776
 endloop
endfacet
facet normal 0.71149 -0.22307 -0.66635
 outer loop
  vertex 521.566 -10.228 845.776
  vertex 521.216 -13.0074 846.376
  vertex 520.523 -10.3572 844.61
 endloop
endfacet
facet normal 0.90675 -0.251517 -0.338443
 outer loop
  vertex 517.941 -21.77 846.42
  vertex 519.818 -10.564 843.222
  vertex 519.746 -15.9564 845.939
 endloop
endfacet
facet normal 0.867108 -0.227117 -0.443329
 outer loop
  vertex 519.746 -15.9564 845.939
  vertex 519.818 -10.564 843.222
  vertex 520.175 -13.1765 845.204
 endloop
endfacet
facet normal 0.511561 -0.0639316 -0.856865
 outer loop
  vertex 522.175 -1.66977 844.843
  vertex 523.438 -1.68171 845.671
  vertex 523.304 -4.55118 845.838
 endloop
endfacet
facet normal 0.298619 -0.0794707 -0.951058
 outer loop
  vertex 523.304 -4.55118 845.838
  vertex 523.438 -1.68171 845.671
  vertex 525.916 -4.86324 846.475
 endloop
endfacet
facet normal 0.149381 -0.0443826 -0.987783
 outer loop
  vertex 525.916 -4.86324 846.475
  vertex 523.438 -1.68171 845.671
  vertex 526.113 0.0609515 846.25
 endloop
endfacet
facet normal 0.582098 -0.139638 -0.801039
 outer loop
  vertex 521.839 -7.41122 845.319
  vertex 522.042 -4.55819 845.007
  vertex 523.102 -7.38588 846.155
 endloop
endfacet
facet normal 0.511459 -0.121586 -0.850662
 outer loop
  vertex 523.102 -7.38588 846.155
  vertex 522.042 -4.55819 845.007
  vertex 523.304 -4.55118 845.838
 endloop
endfacet
facet normal 0.868096 -0.162572 -0.469021
 outer loop
  vertex 520.795 -7.49985 844.157
  vertex 520.523 -10.3572 844.61
  vertex 519.818 -10.564 843.222
 endloop
endfacet
facet normal -0.980762 -0.144381 -0.131373
 outer loop
  vertex 420.502 -10.876 841.769
  vertex 421.263 -16.7837 843.135
  vertex 420.187 -10.6144 843.231
 endloop
endfacet
facet normal -0.961119 -0.210647 -0.178544
 outer loop
  vertex 420.187 -10.6144 843.231
  vertex 421.263 -16.7837 843.135
  vertex 422.074 -21.8318 846.445
 endloop
endfacet
facet normal -0.906705 -0.252552 -0.337793
 outer loop
  vertex 420.269 -16.0433 845.965
  vertex 420.187 -10.6144 843.231
  vertex 422.074 -21.8318 846.445
 endloop
endfacet
facet normal -0.996854 -0.0788943 0.00761871
 outer loop
  vertex 420.502 -10.876 841.769
  vertex 420.039 -4.81398 840.988
  vertex 420.452 -11.1605 840.375
 endloop
endfacet
facet normal -0.908132 -0.125947 -0.399291
 outer loop
  vertex 419.207 -7.52568 844.16
  vertex 419.715 -4.70094 842.46
  vertex 420.187 -10.6144 843.231
 endloop
endfacet
facet normal -0.965214 -0.0984928 -0.242201
 outer loop
  vertex 420.187 -10.6144 843.231
  vertex 419.715 -4.70094 842.46
  vertex 420.039 -4.81398 840.988
 endloop
endfacet
facet normal -0.976277 -0.140329 0.164897
 outer loop
  vertex 422.259 -22.9907 843.714
  vertex 422.352 -22.3902 845.028
  vertex 421.193 -17.2269 841.772
 endloop
endfacet
facet normal -0.933311 -0.34646 0.0943189
 outer loop
  vertex 425.531 -31.6616 851.501
  vertex 423.835 -27.6732 847.411
  vertex 425.759 -32.502 850.181
 endloop
endfacet
facet normal -0.920989 -0.272036 0.278882
 outer loop
  vertex 426.9 -34.7199 851.676
  vertex 425.759 -32.502 850.181
  vertex 425.623 -33.4044 849.023
 endloop
endfacet
facet normal -0.879001 -0.118497 0.461861
 outer loop
  vertex 426.758 -35.6902 850.568
  vertex 425.623 -33.4044 849.023
  vertex 425.71 -35.3542 848.807
 endloop
endfacet
facet normal -0.845886 -0.0697916 0.528777
 outer loop
  vertex 426.897 -37.6281 850.433
  vertex 426.758 -35.6902 850.568
  vertex 425.71 -35.3542 848.807
 endloop
endfacet
facet normal -0.856851 -0.125532 0.500048
 outer loop
  vertex 426.897 -37.6281 850.433
  vertex 428.029 -37.8436 852.179
  vertex 426.758 -35.6902 850.568
 endloop
endfacet
facet normal -0.883703 -0.239183 0.40232
 outer loop
  vertex 426.758 -35.6902 850.568
  vertex 428.029 -37.8436 852.179
  vertex 428.174 -36.8098 853.232
 endloop
endfacet
facet normal -0.889197 -0.40555 0.211797
 outer loop
  vertex 426.9 -34.7199 851.676
  vertex 428.174 -36.8098 853.232
  vertex 427.967 -35.8467 854.483
 endloop
endfacet
facet normal -0.83947 -0.542905 -0.0233101
 outer loop
  vertex 425.531 -31.6616 851.501
  vertex 427.967 -35.8467 854.483
  vertex 427.373 -35.0783 855.819
 endloop
endfacet
facet normal -0.892418 -0.438961 0.104416
 outer loop
  vertex 425.531 -31.6616 851.501
  vertex 426.9 -34.7199 851.676
  vertex 427.967 -35.8467 854.483
 endloop
endfacet
facet normal -0.918146 -0.370415 0.140712
 outer loop
  vertex 425.531 -31.6616 851.501
  vertex 425.759 -32.502 850.181
  vertex 426.9 -34.7199 851.676
 endloop
endfacet
facet normal -0.917146 -0.102687 0.385097
 outer loop
  vertex 422.933 -27.848 844.47
  vertex 424.657 -32.9512 847.258
  vertex 423.835 -27.6732 847.411
 endloop
endfacet
facet normal -0.936537 -0.203906 0.285169
 outer loop
  vertex 423.835 -27.6732 847.411
  vertex 424.657 -32.9512 847.258
  vertex 425.759 -32.502 850.181
 endloop
endfacet
facet normal -0.910514 -0.167256 0.37814
 outer loop
  vertex 425.759 -32.502 850.181
  vertex 424.657 -32.9512 847.258
  vertex 425.623 -33.4044 849.023
 endloop
endfacet
facet normal -0.86639 -0.066161 0.494965
 outer loop
  vertex 425.623 -33.4044 849.023
  vertex 424.657 -32.9512 847.258
  vertex 425.71 -35.3542 848.807
 endloop
endfacet
facet normal -0.873359 -0.419551 0.247428
 outer loop
  vertex 427.967 -35.8467 854.483
  vertex 428.174 -36.8098 853.232
  vertex 429.59 -38.7696 854.839
 endloop
endfacet
facet normal -0.874523 -0.306789 0.375619
 outer loop
  vertex 429.59 -38.7696 854.839
  vertex 428.174 -36.8098 853.232
  vertex 428.029 -37.8436 852.179
 endloop
endfacet
facet normal -0.826769 -0.263611 0.496952
 outer loop
  vertex 430.994 -41.7128 855.518
  vertex 431.134 -40.5692 856.457
  vertex 429.447 -39.8618 853.842
 endloop
endfacet
facet normal -0.8453 -0.321942 0.426405
 outer loop
  vertex 429.447 -39.8618 853.842
  vertex 431.134 -40.5692 856.457
  vertex 429.59 -38.7696 854.839
 endloop
endfacet
facet normal -0.906467 -0.225204 0.357212
 outer loop
  vertex 425.623 -33.4044 849.023
  vertex 426.758 -35.6902 850.568
  vertex 426.9 -34.7199 851.676
 endloop
endfacet
facet normal -0.899715 -0.290058 0.326159
 outer loop
  vertex 426.9 -34.7199 851.676
  vertex 426.758 -35.6902 850.568
  vertex 428.174 -36.8098 853.232
 endloop
endfacet
facet normal -0.69506 -0.563077 0.447031
 outer loop
  vertex 434.424 -42.5582 860.756
  vertex 436.534 -45.0519 861.231
  vertex 438.447 -45.0743 863.782
 endloop
endfacet
facet normal -0.673422 -0.504053 0.540771
 outer loop
  vertex 438.447 -45.0743 863.782
  vertex 436.534 -45.0519 861.231
  vertex 438.61 -46.2697 862.763
 endloop
endfacet
facet normal -0.591702 -0.515773 0.61957
 outer loop
  vertex 442.942 -47.0585 866.552
  vertex 438.61 -46.2697 862.763
  vertex 443.092 -48.2844 865.595
 endloop
endfacet
facet normal -0.616343 -0.579408 0.5333
 outer loop
  vertex 442.942 -47.0585 866.552
  vertex 438.447 -45.0743 863.782
  vertex 438.61 -46.2697 862.763
 endloop
endfacet
facet normal -0.691442 -0.363792 0.624151
 outer loop
  vertex 438.61 -46.2697 862.763
  vertex 436.534 -45.0519 861.231
  vertex 436.424 -46.3079 860.458
 endloop
endfacet
facet normal -0.792883 -0.273641 0.544479
 outer loop
  vertex 432.669 -43.3979 857.186
  vertex 432.801 -42.2098 858.068
  vertex 430.994 -41.7128 855.518
 endloop
endfacet
facet normal -0.487229 -0.523036 0.699315
 outer loop
  vertex 447.952 -49.7986 868.037
  vertex 447.821 -48.5583 868.947
  vertex 443.092 -48.2844 865.595
 endloop
endfacet
facet normal -0.249329 -0.314571 0.915904
 outer loop
  vertex 458.048 -54.1833 870.696
  vertex 458.667 -51.6309 871.501
  vertex 455.911 -51.3082 870.84
 endloop
endfacet
facet normal -0.245795 -0.524989 0.814844
 outer loop
  vertex 455.911 -51.3082 870.84
  vertex 458.667 -51.6309 871.501
  vertex 458.593 -50.3867 872.354
 endloop
endfacet
facet normal -0.25981 -0.594779 0.760748
 outer loop
  vertex 455.82 -50.0634 871.703
  vertex 455.911 -51.3082 870.84
  vertex 458.593 -50.3867 872.354
 endloop
endfacet
facet normal -0.184131 -0.778715 0.599749
 outer loop
  vertex 458.429 -49.3644 873.523
  vertex 458.593 -50.3867 872.354
  vertex 461.28 -49.6087 874.03
 endloop
endfacet
facet normal -0.0703328 -0.720431 0.689951
 outer loop
  vertex 467.134 -50.9068 873.455
  vertex 467.092 -49.8826 874.615
  vertex 464.251 -50.8043 873.233
 endloop
endfacet
facet normal 0.133922 -0.524105 0.841058
 outer loop
  vertex 478.598 -51.8711 872.01
  vertex 475.808 -50.8015 873.227
  vertex 475.769 -52.0441 872.386
 endloop
endfacet
facet normal 0.0942777 -0.5934 0.799368
 outer loop
  vertex 475.769 -52.0441 872.386
  vertex 475.808 -50.8015 873.227
  vertex 472.937 -50.9052 873.452
 endloop
endfacet
facet normal 0.0349996 -0.777623 0.627756
 outer loop
  vertex 472.979 -49.881 874.612
  vertex 470.044 -49.916 874.688
  vertex 472.937 -50.9052 873.452
 endloop
endfacet
facet normal 0.038497 -0.593163 0.804162
 outer loop
  vertex 472.917 -52.1472 872.614
  vertex 472.937 -50.9052 873.452
  vertex 470.043 -50.9403 873.529
 endloop
endfacet
facet normal 0.190625 -0.524546 0.829767
 outer loop
  vertex 478.598 -51.8711 872.01
  vertex 481.404 -51.6236 871.486
  vertex 478.656 -50.6277 872.856
 endloop
endfacet
facet normal 0.176306 -0.721318 0.669788
 outer loop
  vertex 478.78 -49.6044 874.02
  vertex 478.656 -50.6277 872.856
  vertex 481.479 -50.3793 872.339
 endloop
endfacet
facet normal 0.247422 -0.525005 0.814341
 outer loop
  vertex 481.479 -50.3793 872.339
  vertex 481.404 -51.6236 871.486
  vertex 484.185 -51.2954 870.815
 endloop
endfacet
facet normal 0.3042 -0.525327 0.794666
 outer loop
  vertex 484.276 -50.0506 871.678
  vertex 484.185 -51.2954 870.815
  vertex 486.907 -50.8824 870.005
 endloop
endfacet
facet normal 0.379396 -0.52553 0.761497
 outer loop
  vertex 487.014 -49.6377 870.881
  vertex 486.907 -50.8824 870.005
  vertex 492.12 -49.78 868.005
 endloop
endfacet
facet normal 0.317364 -0.595043 0.738379
 outer loop
  vertex 487.014 -49.6377 870.881
  vertex 484.276 -50.0506 871.678
  vertex 486.907 -50.8824 870.005
 endloop
endfacet
facet normal 0.28175 -0.722059 0.631861
 outer loop
  vertex 487.014 -49.6377 870.881
  vertex 484.481 -49.0302 872.853
  vertex 484.276 -50.0506 871.678
 endloop
endfacet
facet normal 0.384179 -0.31516 0.867802
 outer loop
  vertex 492.12 -49.78 868.005
  vertex 486.907 -50.8824 870.005
  vertex 487.955 -53.3348 868.945
 endloop
endfacet
facet normal 0.32562 -0.314606 0.891625
 outer loop
  vertex 487.955 -53.3348 868.945
  vertex 486.907 -50.8824 870.005
  vertex 484.185 -51.2954 870.815
 endloop
endfacet
facet normal 0.282 -0.166306 0.944891
 outer loop
  vertex 482.024 -54.1757 870.679
  vertex 487.955 -53.3348 868.945
  vertex 484.185 -51.2954 870.815
 endloop
endfacet
facet normal 0.591902 -0.0865435 0.80135
 outer loop
  vertex 502.962 -48.1036 860.714
  vertex 501.59 -47.4925 861.963
  vertex 498.473 -50.3581 863.851
 endloop
endfacet
facet normal 0.646906 -0.685819 0.333415
 outer loop
  vertex 502.108 -44.06 864.961
  vertex 501.658 -45.0191 863.71
  vertex 505.656 -42.4983 860.689
 endloop
endfacet
facet normal 0.594151 -0.515516 0.617436
 outer loop
  vertex 501.494 -46.2134 862.689
  vertex 497.171 -47.0168 866.49
  vertex 497.021 -48.2422 865.531
 endloop
endfacet
facet normal 0.516941 -0.590107 0.620117
 outer loop
  vertex 497.021 -48.2422 865.531
  vertex 497.171 -47.0168 866.49
  vertex 492.252 -48.5399 868.916
 endloop
endfacet
facet normal 0.675582 -0.503647 0.538451
 outer loop
  vertex 501.658 -45.0191 863.71
  vertex 501.494 -46.2134 862.689
  vertex 503.547 -45.0005 861.169
 endloop
endfacet
facet normal 0.727132 -0.651586 0.216138
 outer loop
  vertex 506.162 -41.5856 861.97
  vertex 505.656 -42.4983 860.689
  vertex 509.156 -39.3984 857.53
 endloop
endfacet
facet normal 0.75734 -0.281782 0.589097
 outer loop
  vertex 507.429 -43.3067 857.092
  vertex 505.481 -43.6398 859.595
  vertex 505.603 -44.8638 858.766
 endloop
endfacet
facet normal 0.737048 -0.355732 0.574643
 outer loop
  vertex 505.603 -44.8638 858.766
  vertex 505.481 -43.6398 859.595
  vertex 503.547 -45.0005 861.169
 endloop
endfacet
facet normal 0.716393 -0.288937 0.635057
 outer loop
  vertex 503.657 -46.2553 860.394
  vertex 505.603 -44.8638 858.766
  vertex 503.547 -45.0005 861.169
 endloop
endfacet
facet normal 0.762634 -0.480908 0.43257
 outer loop
  vertex 507.296 -42.1209 857.977
  vertex 505.656 -42.4983 860.689
  vertex 505.481 -43.6398 859.595
 endloop
endfacet
facet normal 0.735833 -0.4892 0.468222
 outer loop
  vertex 505.481 -43.6398 859.595
  vertex 505.656 -42.4983 860.689
  vertex 503.547 -45.0005 861.169
 endloop
endfacet
facet normal 0.794959 -0.273093 0.541719
 outer loop
  vertex 507.296 -42.1209 857.977
  vertex 507.429 -43.3067 857.092
  vertex 509.107 -41.602 855.413
 endloop
endfacet
facet normal 0.844654 -0.49032 0.214815
 outer loop
  vertex 509.156 -39.3984 857.53
  vertex 510.492 -38.6648 854.749
  vertex 512.088 -35.7655 854.419
 endloop
endfacet
facet normal 0.874575 -0.418519 0.244869
 outer loop
  vertex 512.088 -35.7655 854.419
  vertex 510.492 -38.6648 854.749
  vertex 511.882 -36.7262 853.167
 endloop
endfacet
facet normal 0.81825 -0.557684 -0.139487
 outer loop
  vertex 514.518 -31.5631 851.437
  vertex 515.147 -30.8936 852.795
  vertex 512.683 -34.9989 855.756
 endloop
endfacet
facet normal 0.858558 -0.251449 0.446824
 outer loop
  vertex 512.026 -37.7575 852.111
  vertex 510.492 -38.6648 854.749
  vertex 510.636 -39.7538 853.749
 endloop
endfacet
facet normal 0.847105 -0.321113 0.423439
 outer loop
  vertex 510.636 -39.7538 853.749
  vertex 510.492 -38.6648 854.749
  vertex 508.967 -40.4614 856.356
 endloop
endfacet
facet normal 0.976455 -0.139898 0.164207
 outer loop
  vertex 517.663 -22.3267 845.003
  vertex 517.756 -22.9254 843.689
  vertex 518.821 -17.1333 841.746
 endloop
endfacet
facet normal 0.996875 -0.0786412 0.00744198
 outer loop
  vertex 519.554 -11.1074 840.366
  vertex 519.962 -4.8036 840.988
  vertex 519.503 -10.8243 841.76
 endloop
endfacet
facet normal 0.982283 -0.109065 -0.152397
 outer loop
  vertex 519.503 -10.8243 841.76
  vertex 519.962 -4.8036 840.988
  vertex 519.818 -10.564 843.222
 endloop
endfacet
facet normal 0.980799 -0.143732 -0.131813
 outer loop
  vertex 518.752 -16.6926 843.109
  vertex 519.503 -10.8243 841.76
  vertex 519.818 -10.564 843.222
 endloop
endfacet
facet normal 0.965216 -0.0981981 -0.242313
 outer loop
  vertex 519.962 -4.8036 840.988
  vertex 520.286 -4.69082 842.459
  vertex 519.818 -10.564 843.222
 endloop
endfacet
facet normal 0.149496 -0.263379 -0.953038
 outer loop
  vertex 524.508 -16.7577 848.983
  vertex 522.478 -12.9482 847.229
  vertex 525.397 -10.8211 847.372
 endloop
endfacet
facet normal -0.0528046 -0.840059 -0.539919
 outer loop
  vertex 433.228 -42.3297 867.259
  vertex 433.595 -43.4175 869.042
  vertex 431.338 -42.2414 867.405
 endloop
endfacet
facet normal 0.0175188 -0.920765 0.389723
 outer loop
  vertex 379 -33.2948 863.391
  vertex 377.6 -33.3143 863.409
  vertex 377 -33.4629 863.11
 endloop
endfacet
facet normal 0.017859 -0.7014 0.712544
 outer loop
  vertex 379 -33.7506 862.688
  vertex 377 -33.4629 863.11
  vertex 377 -34.1133 862.459
 endloop
endfacet
facet normal 0.0178602 -0.269918 0.962718
 outer loop
  vertex 379 -34.4739 862.265
  vertex 377 -34.1133 862.459
  vertex 377 -35.0018 862.221
 endloop
endfacet
facet normal 0.0178745 0.228739 0.973324
 outer loop
  vertex 379 -35.31 862.213
  vertex 377 -35.0018 862.221
  vertex 377 -35.8902 862.459
 endloop
endfacet
facet normal 0.0179019 0.670489 0.741704
 outer loop
  vertex 379 -36.0803 862.542
  vertex 377 -35.8902 862.459
  vertex 377 -36.5406 863.11
 endloop
endfacet
facet normal 0.0179424 0.945385 0.325463
 outer loop
  vertex 379 -36.6199 863.183
  vertex 377 -36.5406 863.11
  vertex 377 -36.7787 863.998
 endloop
endfacet
facet normal 0.0178823 0.987967 0.153626
 outer loop
  vertex 379 -36.8136 863.998
  vertex 379 -36.6199 863.183
  vertex 377 -36.7787 863.998
 endloop
endfacet
facet normal 0.0178354 0.801887 0.597209
 outer loop
  vertex 379 -36.6199 863.183
  vertex 379 -36.0803 862.542
  vertex 377 -36.5406 863.11
 endloop
endfacet
facet normal 0.0178017 0.430161 0.902577
 outer loop
  vertex 379 -36.0803 862.542
  vertex 379 -35.31 862.213
  vertex 377 -35.8902 862.459
 endloop
endfacet
facet normal 0.0177811 -0.0411787 0.998994
 outer loop
  vertex 379 -35.31 862.213
  vertex 379 -34.4739 862.265
  vertex 377 -35.0018 862.221
 endloop
endfacet
facet normal 0.0177734 -0.502997 0.864106
 outer loop
  vertex 379 -34.4739 862.265
  vertex 379 -33.7506 862.688
  vertex 377 -34.1133 862.459
 endloop
endfacet
facet normal 0.0177786 -0.84835 0.529138
 outer loop
  vertex 379 -33.7506 862.688
  vertex 379 -33.2948 863.391
  vertex 377 -33.4629 863.11
 endloop
endfacet
facet normal 0.0175865 -0.935375 0.35322
 outer loop
  vertex 377.6 -33.3143 863.409
  vertex 377.6 -33.259 863.601
  vertex 377 -33.4629 863.11
 endloop
endfacet
facet normal 0.0178608 -0.969031 0.246292
 outer loop
  vertex 377 -33.4629 863.11
  vertex 377.6 -33.259 863.601
  vertex 377 -33.2249 863.998
 endloop
endfacet
facet normal 0.0175256 -0.993584 0.111727
 outer loop
  vertex 377 -33.2249 863.998
  vertex 377.6 -33.259 863.601
  vertex 377.6 -33.2256 863.798
 endloop
endfacet
facet normal 0.0174767 -0.999151 0.0372944
 outer loop
  vertex 377.6 -33.2144 863.998
  vertex 377 -33.2249 863.998
  vertex 377.6 -33.2256 863.798
 endloop
endfacet
facet normal 0.0177823 0.990652 -0.135247
 outer loop
  vertex 379 -36.8136 863.998
  vertex 377 -36.7787 863.998
  vertex 379 -36.6637 864.72
 endloop
endfacet
facet normal 0.0179019 0.951512 -0.30709
 outer loop
  vertex 379 -36.6637 864.72
  vertex 377 -36.7787 863.998
  vertex 377 -36.5406 864.887
 endloop
endfacet
facet normal 0.0178602 0.698779 -0.715115
 outer loop
  vertex 379 -36.2388 865.322
  vertex 377 -36.5406 864.887
  vertex 377 -35.8902 865.537
 endloop
endfacet
facet normal 0.017869 0.283109 -0.958921
 outer loop
  vertex 377.6 -35.591 865.686
  vertex 377 -35.8902 865.537
  vertex 377 -35.0018 865.775
 endloop
endfacet
facet normal 0.0178874 -0.218714 -0.975625
 outer loop
  vertex 377.6 -34.751 865.768
  vertex 377 -35.0018 865.775
  vertex 377 -34.1133 865.537
 endloop
endfacet
facet normal 0.0179147 -0.665394 -0.746278
 outer loop
  vertex 377.6 -33.967 865.456
  vertex 377 -34.1133 865.537
  vertex 377 -33.4629 864.887
 endloop
endfacet
facet normal 0.0179509 -0.944267 -0.328691
 outer loop
  vertex 377.6 -33.4137 864.818
  vertex 377 -33.4629 864.887
  vertex 377 -33.2249 863.998
 endloop
endfacet
facet normal 0.0179014 -0.987459 -0.156855
 outer loop
  vertex 377.6 -33.2144 863.998
  vertex 377.6 -33.4137 864.818
  vertex 377 -33.2249 863.998
 endloop
endfacet
facet normal 0.0178608 -0.795912 -0.605149
 outer loop
  vertex 377.6 -33.4137 864.818
  vertex 377.6 -33.967 865.456
  vertex 377 -33.4629 864.887
 endloop
endfacet
facet normal 0.0178293 -0.415121 -0.909592
 outer loop
  vertex 377.6 -33.967 865.456
  vertex 377.6 -34.751 865.768
  vertex 377 -34.1133 865.537
 endloop
endfacet
facet normal 0.0178065 0.0643938 -0.997766
 outer loop
  vertex 377.6 -34.751 865.768
  vertex 377.6 -35.591 865.686
  vertex 377 -35.0018 865.775
 endloop
endfacet
facet normal 0.0177872 0.457773 -0.888891
 outer loop
  vertex 379 -35.6092 865.705
  vertex 379 -36.2388 865.322
  vertex 377.6 -35.591 865.686
 endloop
endfacet
facet normal 0.0177071 0.511413 -0.859152
 outer loop
  vertex 377.6 -35.591 865.686
  vertex 379 -36.2388 865.322
  vertex 377 -35.8902 865.537
 endloop
endfacet
facet normal 0.0177153 0.834271 -0.55107
 outer loop
  vertex 379 -36.2388 865.322
  vertex 379 -36.6637 864.72
  vertex 377 -36.5406 864.887
 endloop
endfacet
facet normal 1 -1.76432E-18 -5.33443E-17
 outer loop
  vertex 377 -36.7787 863.998
  vertex 377 -36.5406 863.11
  vertex 377 -36.5406 864.887
 endloop
endfacet
facet normal 1 -1.76432E-18 -5.33443E-17
 outer loop
  vertex 377 -36.5406 864.887
  vertex 377 -36.5406 863.11
  vertex 377 -35.8902 865.537
 endloop
endfacet
facet normal 1 -1.76432E-18 -5.33443E-17
 outer loop
  vertex 377 -35.8902 865.537
  vertex 377 -36.5406 863.11
  vertex 377 -35.8902 862.459
 endloop
endfacet
facet normal 1 -1.76432E-18 -5.33443E-17
 outer loop
  vertex 377 -35.0018 865.775
  vertex 377 -35.8902 862.459
  vertex 377 -35.0018 862.221
 endloop
endfacet
facet normal 1 -1.76432E-18 -5.33443E-17
 outer loop
  vertex 377 -34.1133 865.537
  vertex 377 -35.0018 862.221
  vertex 377 -34.1133 862.459
 endloop
endfacet
facet normal 1 -1.76432E-18 -5.33443E-17
 outer loop
  vertex 377 -33.4629 864.887
  vertex 377 -34.1133 862.459
  vertex 377 -33.4629 863.11
 endloop
endfacet
facet normal 1 -1.76432E-18 -5.33443E-17
 outer loop
  vertex 377 -33.2249 863.998
  vertex 377 -33.4629 864.887
  vertex 377 -33.4629 863.11
 endloop
endfacet
facet normal 1 -1.76432E-18 -5.33443E-17
 outer loop
  vertex 377 -33.4629 864.887
  vertex 377 -34.1133 865.537
  vertex 377 -34.1133 862.459
 endloop
endfacet
facet normal 1 -1.76432E-18 -5.33443E-17
 outer loop
  vertex 377 -34.1133 865.537
  vertex 377 -35.0018 865.775
  vertex 377 -35.0018 862.221
 endloop
endfacet
facet normal 1 -1.76432E-18 -5.33443E-17
 outer loop
  vertex 377 -35.0018 865.775
  vertex 377 -35.8902 865.537
  vertex 377 -35.8902 862.459
 endloop
endfacet
facet normal -1 1.76432E-18 5.33443E-17
 outer loop
  vertex 377.6 -35.591 865.686
  vertex 377.6 -34.751 865.768
  vertex 377.6 -35.4605 865.547
 endloop
endfacet
facet normal -1 1.76432E-18 5.33443E-17
 outer loop
  vertex 377.6 -35.4605 865.547
  vertex 377.6 -34.751 865.768
  vertex 377.6 -35.3294 865.408
 endloop
endfacet
facet normal -1 1.76432E-18 5.33443E-17
 outer loop
  vertex 377.6 -35.3294 865.408
  vertex 377.6 -34.751 865.768
  vertex 377.6 -35.1979 865.271
 endloop
endfacet
facet normal -1 1.76432E-18 5.33443E-17
 outer loop
  vertex 377.6 -35.1979 865.271
  vertex 377.6 -34.751 865.768
  vertex 377.6 -34.6014 865.222
 endloop
endfacet
facet normal -1 1.76432E-18 5.33443E-17
 outer loop
  vertex 377.6 -34.6014 865.222
  vertex 377.6 -34.751 865.768
  vertex 377.6 -33.967 865.456
 endloop
endfacet
facet normal -1 1.76432E-18 5.33443E-17
 outer loop
  vertex 377.6 -34.0915 864.909
  vertex 377.6 -33.967 865.456
  vertex 377.6 -33.4137 864.818
 endloop
endfacet
facet normal -1 1.76432E-18 5.33443E-17
 outer loop
  vertex 377.6 -33.7782 864.399
  vertex 377.6 -33.4137 864.818
  vertex 377.6 -33.2144 863.998
 endloop
endfacet
facet normal -1 1.76432E-18 5.33443E-17
 outer loop
  vertex 377.6 -33.7294 863.802
  vertex 377.6 -33.2144 863.998
  vertex 377.6 -33.5916 863.671
 endloop
endfacet
facet normal -1 1.76432E-18 5.33443E-17
 outer loop
  vertex 377.6 -33.7294 863.802
  vertex 377.6 -33.7782 864.399
  vertex 377.6 -33.2144 863.998
 endloop
endfacet
facet normal -1 1.76432E-18 5.33443E-17
 outer loop
  vertex 377.6 -33.2144 863.998
  vertex 377.6 -33.2256 863.798
  vertex 377.6 -33.5916 863.671
 endloop
endfacet
facet normal -1 1.76432E-18 5.33443E-17
 outer loop
  vertex 377.6 -33.5916 863.671
  vertex 377.6 -33.2256 863.798
  vertex 377.6 -33.4532 863.539
 endloop
endfacet
facet normal -1 1.76432E-18 5.33443E-17
 outer loop
  vertex 377.6 -33.4532 863.539
  vertex 377.6 -33.2256 863.798
  vertex 377.6 -33.259 863.601
 endloop
endfacet
facet normal -1 1.76432E-18 5.33443E-17
 outer loop
  vertex 377.6 -33.3143 863.409
  vertex 377.6 -33.4532 863.539
  vertex 377.6 -33.259 863.601
 endloop
endfacet
facet normal -1 1.76432E-18 5.33443E-17
 outer loop
  vertex 377.6 -33.7782 864.399
  vertex 377.6 -34.0915 864.909
  vertex 377.6 -33.4137 864.818
 endloop
endfacet
facet normal -1 1.76432E-18 5.33443E-17
 outer loop
  vertex 377.6 -34.0915 864.909
  vertex 377.6 -34.6014 865.222
  vertex 377.6 -33.967 865.456
 endloop
endfacet
facet normal 3.97821E-17 -0.690944 -0.722908
 outer loop
  vertex 377.6 -33.7294 863.802
  vertex 377.6 -33.5916 863.671
  vertex 379 -33.7294 863.802
 endloop
endfacet
facet normal 3.98306E-17 -0.689957 -0.72385
 outer loop
  vertex 379 -33.7294 863.802
  vertex 377.6 -33.5916 863.671
  vertex 379 -33.5851 863.664
 endloop
endfacet
facet normal 3.9923E-17 -0.688069 -0.725646
 outer loop
  vertex 379 -33.5851 863.664
  vertex 377.6 -33.5916 863.671
  vertex 377.6 -33.4532 863.539
 endloop
endfacet
facet normal 4.00633E-17 -0.685182 -0.728372
 outer loop
  vertex 379 -33.4402 863.527
  vertex 377.6 -33.4532 863.539
  vertex 377.6 -33.3143 863.409
 endloop
endfacet
facet normal 4.01157E-17 -0.684099 -0.729389
 outer loop
  vertex 379 -33.2948 863.391
  vertex 379 -33.4402 863.527
  vertex 377.6 -33.3143 863.409
 endloop
endfacet
facet normal 3.99735E-17 -0.687034 -0.726625
 outer loop
  vertex 379 -33.4402 863.527
  vertex 379 -33.5851 863.664
  vertex 377.6 -33.4532 863.539
 endloop
endfacet
facet normal 1.88104E-18 -0.999998 -0.00218808
 outer loop
  vertex 379 -33.7294 863.802
  vertex 379 -33.7782 864.399
  vertex 377.6 -33.7294 863.802
 endloop
endfacet
facet normal 1.03017E-17 -0.987041 -0.160471
 outer loop
  vertex 377.6 -33.7294 863.802
  vertex 379 -33.7782 864.399
  vertex 377.6 -33.7782 864.399
 endloop
endfacet
facet normal 2.57943E-17 -0.890963 -0.454076
 outer loop
  vertex 377.6 -33.7782 864.399
  vertex 379 -33.7782 864.399
  vertex 379 -34.0915 864.909
 endloop
endfacet
facet normal 4.41337E-17 -0.589399 -0.807842
 outer loop
  vertex 377.6 -34.0915 864.909
  vertex 379 -34.0915 864.909
  vertex 379 -34.6014 865.222
 endloop
endfacet
facet normal 5.29361E-17 -0.160471 -0.987041
 outer loop
  vertex 377.6 -34.6014 865.222
  vertex 379 -34.6014 865.222
  vertex 377.6 -35.1979 865.271
 endloop
endfacet
facet normal 4.83289E-17 -0.454076 -0.890963
 outer loop
  vertex 377.6 -34.6014 865.222
  vertex 377.6 -34.0915 864.909
  vertex 379 -34.6014 865.222
 endloop
endfacet
facet normal 5.3348E-17 -0.00218808 -0.999998
 outer loop
  vertex 379 -34.6014 865.222
  vertex 379 -35.1979 865.271
  vertex 377.6 -35.1979 865.271
 endloop
endfacet
facet normal 3.28663E-17 -0.807842 -0.589399
 outer loop
  vertex 377.6 -34.0915 864.909
  vertex 377.6 -33.7782 864.399
  vertex 379 -34.0915 864.909
 endloop
endfacet
facet normal 3.81334E-17 -0.722908 -0.690944
 outer loop
  vertex 377.6 -35.1979 865.271
  vertex 379 -35.1979 865.271
  vertex 377.6 -35.3294 865.408
 endloop
endfacet
facet normal 3.80824E-17 -0.72385 -0.689957
 outer loop
  vertex 377.6 -35.3294 865.408
  vertex 379 -35.1979 865.271
  vertex 379 -35.3356 865.415
 endloop
endfacet
facet normal 3.79313E-17 -0.726625 -0.687034
 outer loop
  vertex 377.6 -35.4605 865.547
  vertex 379 -35.3356 865.415
  vertex 379 -35.4727 865.56
 endloop
endfacet
facet normal 3.77797E-17 -0.729389 -0.684099
 outer loop
  vertex 377.6 -35.591 865.686
  vertex 379 -35.4727 865.56
  vertex 379 -35.6092 865.705
 endloop
endfacet
facet normal 3.78356E-17 -0.728372 -0.685182
 outer loop
  vertex 377.6 -35.591 865.686
  vertex 377.6 -35.4605 865.547
  vertex 379 -35.4727 865.56
 endloop
endfacet
facet normal 3.79848E-17 -0.725646 -0.688069
 outer loop
  vertex 377.6 -35.4605 865.547
  vertex 377.6 -35.3294 865.408
  vertex 379 -35.3356 865.415
 endloop
endfacet
facet normal -1 1.76432E-18 5.33443E-17
 outer loop
  vertex 379 -36.6199 863.183
  vertex 379 -36.8136 863.998
  vertex 379 -35.1979 865.271
 endloop
endfacet
facet normal -1 1.76432E-18 5.33443E-17
 outer loop
  vertex 379 -36.0803 862.542
  vertex 379 -35.1979 865.271
  vertex 379 -33.7294 863.802
 endloop
endfacet
facet normal -1 1.76432E-18 5.33443E-17
 outer loop
  vertex 379 -35.31 862.213
  vertex 379 -33.7294 863.802
  vertex 379 -34.4739 862.265
 endloop
endfacet
facet normal -1 1.76432E-18 5.33443E-17
 outer loop
  vertex 379 -35.31 862.213
  vertex 379 -36.0803 862.542
  vertex 379 -33.7294 863.802
 endloop
endfacet
facet normal -1 1.76432E-18 5.33443E-17
 outer loop
  vertex 379 -36.8136 863.998
  vertex 379 -36.6637 864.72
  vertex 379 -35.1979 865.271
 endloop
endfacet
facet normal -1 1.76432E-18 5.33443E-17
 outer loop
  vertex 379 -35.1979 865.271
  vertex 379 -36.6637 864.72
  vertex 379 -36.2388 865.322
 endloop
endfacet
facet normal -1 1.76432E-18 5.33443E-17
 outer loop
  vertex 379 -35.3356 865.415
  vertex 379 -36.2388 865.322
  vertex 379 -35.4727 865.56
 endloop
endfacet
facet normal -1 1.76432E-18 5.33443E-17
 outer loop
  vertex 379 -35.3356 865.415
  vertex 379 -35.1979 865.271
  vertex 379 -36.2388 865.322
 endloop
endfacet
facet normal -1 1.76432E-18 5.33443E-17
 outer loop
  vertex 379 -36.2388 865.322
  vertex 379 -35.6092 865.705
  vertex 379 -35.4727 865.56
 endloop
endfacet
facet normal -1 1.76432E-18 5.33443E-17
 outer loop
  vertex 379 -34.6014 865.222
  vertex 379 -34.0915 864.909
  vertex 379 -35.1979 865.271
 endloop
endfacet
facet normal -1 1.76432E-18 5.33443E-17
 outer loop
  vertex 379 -35.1979 865.271
  vertex 379 -34.0915 864.909
  vertex 379 -33.7782 864.399
 endloop
endfacet
facet normal -1 1.76432E-18 5.33443E-17
 outer loop
  vertex 379 -33.7294 863.802
  vertex 379 -35.1979 865.271
  vertex 379 -33.7782 864.399
 endloop
endfacet
facet normal -1 1.76432E-18 5.33443E-17
 outer loop
  vertex 379 -34.4739 862.265
  vertex 379 -33.7294 863.802
  vertex 379 -33.7506 862.688
 endloop
endfacet
facet normal -1 1.76432E-18 5.33443E-17
 outer loop
  vertex 379 -33.7506 862.688
  vertex 379 -33.7294 863.802
  vertex 379 -33.5851 863.664
 endloop
endfacet
facet normal -1 1.76432E-18 5.33443E-17
 outer loop
  vertex 379 -33.4402 863.527
  vertex 379 -33.7506 862.688
  vertex 379 -33.5851 863.664
 endloop
endfacet
facet normal -1 1.76432E-18 5.33443E-17
 outer loop
  vertex 379 -33.4402 863.527
  vertex 379 -33.2948 863.391
  vertex 379 -33.7506 862.688
 endloop
endfacet
facet normal -1 1.76432E-18 5.33443E-17
 outer loop
  vertex 379 -36.0803 862.542
  vertex 379 -36.6199 863.183
  vertex 379 -35.1979 865.271
 endloop
endfacet
facet normal 0.0179014 -0.987459 0.156855
 outer loop
  vertex 377.6 -33.2144 934.002
  vertex 377 -33.2249 934.002
  vertex 377.6 -33.4137 933.182
 endloop
endfacet
facet normal 0.0179509 -0.944267 0.328691
 outer loop
  vertex 377.6 -33.4137 933.182
  vertex 377 -33.2249 934.002
  vertex 377 -33.4629 933.113
 endloop
endfacet
facet normal 0.0179147 -0.665394 0.746278
 outer loop
  vertex 377.6 -33.967 932.544
  vertex 377 -33.4629 933.113
  vertex 377 -34.1133 932.463
 endloop
endfacet
facet normal 0.0178874 -0.218714 0.975625
 outer loop
  vertex 377.6 -34.751 932.232
  vertex 377 -34.1133 932.463
  vertex 377 -35.0018 932.225
 endloop
endfacet
facet normal 0.017869 0.283109 0.958921
 outer loop
  vertex 377.6 -35.591 932.314
  vertex 377 -35.0018 932.225
  vertex 377 -35.8902 932.463
 endloop
endfacet
facet normal 0.0178602 0.698779 0.715115
 outer loop
  vertex 379 -36.2388 932.678
  vertex 377 -35.8902 932.463
  vertex 377 -36.5406 933.113
 endloop
endfacet
facet normal 0.0179019 0.951512 0.30709
 outer loop
  vertex 379 -36.6637 933.28
  vertex 377 -36.5406 933.113
  vertex 377 -36.7787 934.002
 endloop
endfacet
facet normal 0.0177823 0.990652 0.135247
 outer loop
  vertex 379 -36.8136 934.002
  vertex 379 -36.6637 933.28
  vertex 377 -36.7787 934.002
 endloop
endfacet
facet normal 0.0177153 0.834271 0.55107
 outer loop
  vertex 379 -36.6637 933.28
  vertex 379 -36.2388 932.678
  vertex 377 -36.5406 933.113
 endloop
endfacet
facet normal 0.0177872 0.457773 0.888891
 outer loop
  vertex 379 -35.6092 932.295
  vertex 377.6 -35.591 932.314
  vertex 379 -36.2388 932.678
 endloop
endfacet
facet normal 0.0177071 0.511413 0.859152
 outer loop
  vertex 379 -36.2388 932.678
  vertex 377.6 -35.591 932.314
  vertex 377 -35.8902 932.463
 endloop
endfacet
facet normal 0.0178065 0.0643938 0.997766
 outer loop
  vertex 377.6 -35.591 932.314
  vertex 377.6 -34.751 932.232
  vertex 377 -35.0018 932.225
 endloop
endfacet
facet normal 0.0178293 -0.415121 0.909592
 outer loop
  vertex 377.6 -34.751 932.232
  vertex 377.6 -33.967 932.544
  vertex 377 -34.1133 932.463
 endloop
endfacet
facet normal 0.0178608 -0.795912 0.605149
 outer loop
  vertex 377.6 -33.967 932.544
  vertex 377.6 -33.4137 933.182
  vertex 377 -33.4629 933.113
 endloop
endfacet
facet normal 2.31143E-18 -0.999947 -0.0102579
 outer loop
  vertex 377.6 -33.7294 934.198
  vertex 377.6 -33.7638 933.648
  vertex 379 -33.7294 934.198
 endloop
endfacet
facet normal -5.45205E-18 -0.990849 0.134977
 outer loop
  vertex 379 -33.7294 934.198
  vertex 377.6 -33.7638 933.648
  vertex 379 -33.7638 933.648
 endloop
endfacet
facet normal -2.01736E-17 -0.912818 0.408368
 outer loop
  vertex 379 -33.7638 933.648
  vertex 377.6 -33.7638 933.648
  vertex 377.6 -34.0246 933.164
 endloop
endfacet
facet normal -3.89701E-17 -0.658789 0.752327
 outer loop
  vertex 379 -34.0246 933.164
  vertex 377.6 -34.0246 933.164
  vertex 377.6 -34.464 932.832
 endloop
endfacet
facet normal -5.06413E-17 -0.284309 0.958733
 outer loop
  vertex 379 -34.464 932.832
  vertex 377.6 -34.464 932.832
  vertex 377.6 -35.0018 932.714
 endloop
endfacet
facet normal -5.25517E-17 -0.142154 0.989844
 outer loop
  vertex 379 -35.0018 932.714
  vertex 379 -34.464 932.832
  vertex 377.6 -35.0018 932.714
 endloop
endfacet
facet normal -4.38505E-17 -0.542626 0.839974
 outer loop
  vertex 379 -34.464 932.832
  vertex 379 -34.0246 933.164
  vertex 377.6 -34.464 932.832
 endloop
endfacet
facet normal -2.71316E-17 -0.843885 0.536524
 outer loop
  vertex 379 -34.0246 933.164
  vertex 379 -33.7638 933.648
  vertex 377.6 -34.0246 933.164
 endloop
endfacet
facet normal -5.33666E-17 0.016986 0.999856
 outer loop
  vertex 379 -35.0018 932.714
  vertex 377.6 -35.0018 932.714
  vertex 379 -35.0674 932.716
 endloop
endfacet
facet normal -5.33734E-17 0.0339719 0.999423
 outer loop
  vertex 379 -35.0674 932.716
  vertex 377.6 -35.0018 932.714
  vertex 377.6 -35.0674 932.716
 endloop
endfacet
facet normal -5.33016E-17 0.0848415 0.996394
 outer loop
  vertex 379 -35.1328 932.721
  vertex 377.6 -35.0674 932.716
  vertex 377.6 -35.1328 932.721
 endloop
endfacet
facet normal -5.30914E-17 0.135491 0.990779
 outer loop
  vertex 379 -35.1979 932.729
  vertex 377.6 -35.1328 932.721
  vertex 377.6 -35.1979 932.729
 endloop
endfacet
facet normal -5.31769E-17 0.118637 0.992938
 outer loop
  vertex 379 -35.1979 932.729
  vertex 379 -35.1328 932.721
  vertex 377.6 -35.1328 932.721
 endloop
endfacet
facet normal -5.3341E-17 0.0678997 0.997692
 outer loop
  vertex 379 -35.1328 932.721
  vertex 379 -35.0674 932.716
  vertex 377.6 -35.0674 932.716
 endloop
endfacet
facet normal 0.0178823 0.987967 -0.153626
 outer loop
  vertex 379 -36.8136 934.002
  vertex 377 -36.7787 934.002
  vertex 379 -36.6199 934.817
 endloop
endfacet
facet normal 0.0179424 0.945385 -0.325463
 outer loop
  vertex 379 -36.6199 934.817
  vertex 377 -36.7787 934.002
  vertex 377 -36.5406 934.89
 endloop
endfacet
facet normal 0.0179019 0.670489 -0.741704
 outer loop
  vertex 379 -36.0803 935.458
  vertex 377 -36.5406 934.89
  vertex 377 -35.8902 935.541
 endloop
endfacet
facet normal 0.0178745 0.228739 -0.973324
 outer loop
  vertex 379 -35.31 935.787
  vertex 377 -35.8902 935.541
  vertex 377 -35.0018 935.779
 endloop
endfacet
facet normal 0.0178602 -0.269918 -0.962718
 outer loop
  vertex 379 -34.4739 935.735
  vertex 377 -35.0018 935.779
  vertex 377 -34.1133 935.541
 endloop
endfacet
facet normal 0.017859 -0.7014 -0.712544
 outer loop
  vertex 379 -33.7506 935.312
  vertex 377 -34.1133 935.541
  vertex 377 -33.4629 934.89
 endloop
endfacet
facet normal 0.0175188 -0.920765 -0.389723
 outer loop
  vertex 379 -33.2948 934.609
  vertex 377 -33.4629 934.89
  vertex 377.6 -33.3143 934.591
 endloop
endfacet
facet normal 0.0177786 -0.84835 -0.529138
 outer loop
  vertex 379 -33.2948 934.609
  vertex 379 -33.7506 935.312
  vertex 377 -33.4629 934.89
 endloop
endfacet
facet normal 0.0175865 -0.935375 -0.35322
 outer loop
  vertex 377.6 -33.3143 934.591
  vertex 377 -33.4629 934.89
  vertex 377.6 -33.259 934.399
 endloop
endfacet
facet normal 0.0178608 -0.969031 -0.246292
 outer loop
  vertex 377.6 -33.259 934.399
  vertex 377 -33.4629 934.89
  vertex 377 -33.2249 934.002
 endloop
endfacet
facet normal 0.0174767 -0.999151 -0.0372944
 outer loop
  vertex 377.6 -33.2256 934.202
  vertex 377 -33.2249 934.002
  vertex 377.6 -33.2144 934.002
 endloop
endfacet
facet normal 0.0175256 -0.993584 -0.111727
 outer loop
  vertex 377.6 -33.2256 934.202
  vertex 377.6 -33.259 934.399
  vertex 377 -33.2249 934.002
 endloop
endfacet
facet normal 0.0177734 -0.502997 -0.864106
 outer loop
  vertex 379 -33.7506 935.312
  vertex 379 -34.4739 935.735
  vertex 377 -34.1133 935.541
 endloop
endfacet
facet normal 0.0177811 -0.0411787 -0.998994
 outer loop
  vertex 379 -34.4739 935.735
  vertex 379 -35.31 935.787
  vertex 377 -35.0018 935.779
 endloop
endfacet
facet normal 0.0178017 0.430161 -0.902577
 outer loop
  vertex 379 -35.31 935.787
  vertex 379 -36.0803 935.458
  vertex 377 -35.8902 935.541
 endloop
endfacet
facet normal 0.0178354 0.801887 -0.597209
 outer loop
  vertex 379 -36.0803 935.458
  vertex 379 -36.6199 934.817
  vertex 377 -36.5406 934.89
 endloop
endfacet
facet normal -1 1.76432E-18 5.33443E-17
 outer loop
  vertex 377.6 -33.3143 934.591
  vertex 377.6 -33.259 934.399
  vertex 377.6 -33.4532 934.461
 endloop
endfacet
facet normal -1 1.76432E-18 5.33443E-17
 outer loop
  vertex 377.6 -33.4532 934.461
  vertex 377.6 -33.259 934.399
  vertex 377.6 -33.2256 934.202
 endloop
endfacet
facet normal -1 1.76432E-18 5.33443E-17
 outer loop
  vertex 377.6 -33.5916 934.329
  vertex 377.6 -33.2256 934.202
  vertex 377.6 -33.2144 934.002
 endloop
endfacet
facet normal -1 1.76432E-18 5.33443E-17
 outer loop
  vertex 377.6 -33.7294 934.198
  vertex 377.6 -33.2144 934.002
  vertex 377.6 -33.7638 933.648
 endloop
endfacet
facet normal -1 1.76432E-18 5.33443E-17
 outer loop
  vertex 377.6 -33.7294 934.198
  vertex 377.6 -33.5916 934.329
  vertex 377.6 -33.2144 934.002
 endloop
endfacet
facet normal -1 1.76432E-18 5.33443E-17
 outer loop
  vertex 377.6 -33.2144 934.002
  vertex 377.6 -33.4137 933.182
  vertex 377.6 -33.7638 933.648
 endloop
endfacet
facet normal -1 1.76432E-18 5.33443E-17
 outer loop
  vertex 377.6 -33.7638 933.648
  vertex 377.6 -33.4137 933.182
  vertex 377.6 -34.0246 933.164
 endloop
endfacet
facet normal -1 1.76432E-18 5.33443E-17
 outer loop
  vertex 377.6 -34.0246 933.164
  vertex 377.6 -33.4137 933.182
  vertex 377.6 -33.967 932.544
 endloop
endfacet
facet normal -1 1.76432E-18 5.33443E-17
 outer loop
  vertex 377.6 -34.464 932.832
  vertex 377.6 -33.967 932.544
  vertex 377.6 -34.751 932.232
 endloop
endfacet
facet normal -1 1.76432E-18 5.33443E-17
 outer loop
  vertex 377.6 -35.0018 932.714
  vertex 377.6 -34.751 932.232
  vertex 377.6 -35.0674 932.716
 endloop
endfacet
facet normal -1 1.76432E-18 5.33443E-17
 outer loop
  vertex 377.6 -35.0018 932.714
  vertex 377.6 -34.464 932.832
  vertex 377.6 -34.751 932.232
 endloop
endfacet
facet normal -1 1.76432E-18 5.33443E-17
 outer loop
  vertex 377.6 -35.591 932.314
  vertex 377.6 -35.4605 932.453
  vertex 377.6 -34.751 932.232
 endloop
endfacet
facet normal -1 1.76432E-18 5.33443E-17
 outer loop
  vertex 377.6 -34.751 932.232
  vertex 377.6 -35.4605 932.453
  vertex 377.6 -35.3294 932.592
 endloop
endfacet
facet normal -1 1.76432E-18 5.33443E-17
 outer loop
  vertex 377.6 -35.0674 932.716
  vertex 377.6 -35.3294 932.592
  vertex 377.6 -35.1328 932.721
 endloop
endfacet
facet normal -1 1.76432E-18 5.33443E-17
 outer loop
  vertex 377.6 -35.0674 932.716
  vertex 377.6 -34.751 932.232
  vertex 377.6 -35.3294 932.592
 endloop
endfacet
facet normal -1 1.76432E-18 5.33443E-17
 outer loop
  vertex 377.6 -35.3294 932.592
  vertex 377.6 -35.1979 932.729
  vertex 377.6 -35.1328 932.721
 endloop
endfacet
facet normal -1 1.76432E-18 5.33443E-17
 outer loop
  vertex 377.6 -34.464 932.832
  vertex 377.6 -34.0246 933.164
  vertex 377.6 -33.967 932.544
 endloop
endfacet
facet normal -1 1.76432E-18 5.33443E-17
 outer loop
  vertex 377.6 -33.5916 934.329
  vertex 377.6 -33.4532 934.461
  vertex 377.6 -33.2256 934.202
 endloop
endfacet
facet normal 1 -1.76432E-18 -5.33443E-17
 outer loop
  vertex 377 -36.7787 934.002
  vertex 377 -36.5406 933.113
  vertex 377 -36.5406 934.89
 endloop
endfacet
facet normal 1 -1.76432E-18 -5.33443E-17
 outer loop
  vertex 377 -36.5406 934.89
  vertex 377 -36.5406 933.113
  vertex 377 -35.8902 935.541
 endloop
endfacet
facet normal 1 -1.76432E-18 -5.33443E-17
 outer loop
  vertex 377 -35.8902 935.541
  vertex 377 -36.5406 933.113
  vertex 377 -35.8902 932.463
 endloop
endfacet
facet normal 1 -1.76432E-18 -5.33443E-17
 outer loop
  vertex 377 -35.0018 935.779
  vertex 377 -35.8902 932.463
  vertex 377 -35.0018 932.225
 endloop
endfacet
facet normal 1 -1.76432E-18 -5.33443E-17
 outer loop
  vertex 377 -34.1133 935.541
  vertex 377 -35.0018 932.225
  vertex 377 -34.1133 932.463
 endloop
endfacet
facet normal 1 -1.76432E-18 -5.33443E-17
 outer loop
  vertex 377 -33.4629 934.89
  vertex 377 -34.1133 932.463
  vertex 377 -33.4629 933.113
 endloop
endfacet
facet normal 1 -1.76432E-18 -5.33443E-17
 outer loop
  vertex 377 -33.2249 934.002
  vertex 377 -33.4629 934.89
  vertex 377 -33.4629 933.113
 endloop
endfacet
facet normal 1 -1.76432E-18 -5.33443E-17
 outer loop
  vertex 377 -33.4629 934.89
  vertex 377 -34.1133 935.541
  vertex 377 -34.1133 932.463
 endloop
endfacet
facet normal 1 -1.76432E-18 -5.33443E-17
 outer loop
  vertex 377 -34.1133 935.541
  vertex 377 -35.0018 935.779
  vertex 377 -35.0018 932.225
 endloop
endfacet
facet normal 1 -1.76432E-18 -5.33443E-17
 outer loop
  vertex 377 -35.0018 935.779
  vertex 377 -35.8902 935.541
  vertex 377 -35.8902 932.463
 endloop
endfacet
facet normal -3.55825E-17 -0.722908 0.690944
 outer loop
  vertex 377.6 -35.1979 932.729
  vertex 377.6 -35.3294 932.592
  vertex 379 -35.1979 932.729
 endloop
endfacet
facet normal -3.55282E-17 -0.72385 0.689957
 outer loop
  vertex 379 -35.1979 932.729
  vertex 377.6 -35.3294 932.592
  vertex 379 -35.3356 932.585
 endloop
endfacet
facet normal -3.54243E-17 -0.725646 0.688069
 outer loop
  vertex 379 -35.3356 932.585
  vertex 377.6 -35.3294 932.592
  vertex 377.6 -35.4605 932.453
 endloop
endfacet
facet normal -3.52655E-17 -0.728372 0.685182
 outer loop
  vertex 379 -35.4727 932.44
  vertex 377.6 -35.4605 932.453
  vertex 377.6 -35.591 932.314
 endloop
endfacet
facet normal -3.52059E-17 -0.729389 0.684099
 outer loop
  vertex 379 -35.6092 932.295
  vertex 379 -35.4727 932.44
  vertex 377.6 -35.591 932.314
 endloop
endfacet
facet normal -3.53673E-17 -0.726625 0.687034
 outer loop
  vertex 379 -35.4727 932.44
  vertex 379 -35.3356 932.585
  vertex 377.6 -35.4605 932.453
 endloop
endfacet
facet normal -3.7344E-17 -0.690944 0.722908
 outer loop
  vertex 377.6 -33.7294 934.198
  vertex 379 -33.7294 934.198
  vertex 377.6 -33.5916 934.329
 endloop
endfacet
facet normal -3.7396E-17 -0.689957 0.72385
 outer loop
  vertex 377.6 -33.5916 934.329
  vertex 379 -33.7294 934.198
  vertex 379 -33.5851 934.336
 endloop
endfacet
facet normal -3.75492E-17 -0.687034 0.726625
 outer loop
  vertex 377.6 -33.4532 934.461
  vertex 379 -33.5851 934.336
  vertex 379 -33.4402 934.473
 endloop
endfacet
facet normal -3.77017E-17 -0.684099 0.729389
 outer loop
  vertex 377.6 -33.3143 934.591
  vertex 379 -33.4402 934.473
  vertex 379 -33.2948 934.609
 endloop
endfacet
facet normal -3.76456E-17 -0.685182 0.728372
 outer loop
  vertex 377.6 -33.3143 934.591
  vertex 377.6 -33.4532 934.461
  vertex 379 -33.4402 934.473
 endloop
endfacet
facet normal -3.74951E-17 -0.688069 0.725646
 outer loop
  vertex 377.6 -33.4532 934.461
  vertex 377.6 -33.5916 934.329
  vertex 379 -33.5851 934.336
 endloop
endfacet
facet normal -1 1.76432E-18 5.33443E-17
 outer loop
  vertex 379 -33.2948 934.609
  vertex 379 -33.4402 934.473
  vertex 379 -33.7506 935.312
 endloop
endfacet
facet normal -1 1.76432E-18 5.33443E-17
 outer loop
  vertex 379 -33.7506 935.312
  vertex 379 -33.4402 934.473
  vertex 379 -33.5851 934.336
 endloop
endfacet
facet normal -1 1.76432E-18 5.33443E-17
 outer loop
  vertex 379 -33.7294 934.198
  vertex 379 -33.7506 935.312
  vertex 379 -33.5851 934.336
 endloop
endfacet
facet normal -1 1.76432E-18 5.33443E-17
 outer loop
  vertex 379 -33.7294 934.198
  vertex 379 -34.4739 935.735
  vertex 379 -33.7506 935.312
 endloop
endfacet
facet normal -1 1.76432E-18 5.33443E-17
 outer loop
  vertex 379 -33.7294 934.198
  vertex 379 -35.31 935.787
  vertex 379 -34.4739 935.735
 endloop
endfacet
facet normal -1 1.76432E-18 5.33443E-17
 outer loop
  vertex 379 -33.7294 934.198
  vertex 379 -36.0803 935.458
  vertex 379 -35.31 935.787
 endloop
endfacet
facet normal -1 1.76432E-18 5.33443E-17
 outer loop
  vertex 379 -33.7294 934.198
  vertex 379 -35.1979 932.729
  vertex 379 -36.0803 935.458
 endloop
endfacet
facet normal -1 1.76432E-18 5.33443E-17
 outer loop
  vertex 379 -33.7294 934.198
  vertex 379 -33.7638 933.648
  vertex 379 -35.1979 932.729
 endloop
endfacet
facet normal -1 1.76432E-18 5.33443E-17
 outer loop
  vertex 379 -35.1979 932.729
  vertex 379 -33.7638 933.648
  vertex 379 -34.0246 933.164
 endloop
endfacet
facet normal -1 1.76432E-18 5.33443E-17
 outer loop
  vertex 379 -34.464 932.832
  vertex 379 -35.1979 932.729
  vertex 379 -34.0246 933.164
 endloop
endfacet
facet normal -1 1.76432E-18 5.33443E-17
 outer loop
  vertex 379 -34.464 932.832
  vertex 379 -35.0018 932.714
  vertex 379 -35.1979 932.729
 endloop
endfacet
facet normal -1 1.76432E-18 5.33443E-17
 outer loop
  vertex 379 -35.1979 932.729
  vertex 379 -35.0018 932.714
  vertex 379 -35.0674 932.716
 endloop
endfacet
facet normal -1 1.76432E-18 5.33443E-17
 outer loop
  vertex 379 -35.1328 932.721
  vertex 379 -35.1979 932.729
  vertex 379 -35.0674 932.716
 endloop
endfacet
facet normal -1 1.76432E-18 5.33443E-17
 outer loop
  vertex 379 -35.3356 932.585
  vertex 379 -36.2388 932.678
  vertex 379 -35.1979 932.729
 endloop
endfacet
facet normal -1 1.76432E-18 5.33443E-17
 outer loop
  vertex 379 -35.3356 932.585
  vertex 379 -35.4727 932.44
  vertex 379 -36.2388 932.678
 endloop
endfacet
facet normal -1 1.76432E-18 5.33443E-17
 outer loop
  vertex 379 -36.2388 932.678
  vertex 379 -35.4727 932.44
  vertex 379 -35.6092 932.295
 endloop
endfacet
facet normal -1 1.76432E-18 5.33443E-17
 outer loop
  vertex 379 -36.2388 932.678
  vertex 379 -36.6637 933.28
  vertex 379 -35.1979 932.729
 endloop
endfacet
facet normal -1 1.76432E-18 5.33443E-17
 outer loop
  vertex 379 -35.1979 932.729
  vertex 379 -36.6637 933.28
  vertex 379 -36.8136 934.002
 endloop
endfacet
facet normal -1 1.76432E-18 5.33443E-17
 outer loop
  vertex 379 -36.6199 934.817
  vertex 379 -35.1979 932.729
  vertex 379 -36.8136 934.002
 endloop
endfacet
facet normal -1 1.76432E-18 5.33443E-17
 outer loop
  vertex 379 -36.6199 934.817
  vertex 379 -36.0803 935.458
  vertex 379 -35.1979 932.729
 endloop
endfacet
facet normal 0.0175188 0.920765 -0.389723
 outer loop
  vertex 379 33.2948 934.609
  vertex 377.6 33.3143 934.591
  vertex 377 33.4629 934.89
 endloop
endfacet
facet normal 0.017859 0.7014 -0.712544
 outer loop
  vertex 379 33.7506 935.312
  vertex 377 33.4629 934.89
  vertex 377 34.1133 935.541
 endloop
endfacet
facet normal 0.0178602 0.269918 -0.962718
 outer loop
  vertex 379 34.4739 935.735
  vertex 377 34.1133 935.541
  vertex 377 35.0018 935.779
 endloop
endfacet
facet normal 0.0178745 -0.228739 -0.973324
 outer loop
  vertex 379 35.31 935.787
  vertex 377 35.0018 935.779
  vertex 377 35.8902 935.541
 endloop
endfacet
facet normal 0.0179019 -0.670489 -0.741704
 outer loop
  vertex 379 36.0803 935.458
  vertex 377 35.8902 935.541
  vertex 377 36.5406 934.89
 endloop
endfacet
facet normal 0.0179424 -0.945385 -0.325463
 outer loop
  vertex 379 36.6199 934.817
  vertex 377 36.5406 934.89
  vertex 377 36.7787 934.002
 endloop
endfacet
facet normal 0.0178823 -0.987967 -0.153626
 outer loop
  vertex 379 36.8136 934.002
  vertex 379 36.6199 934.817
  vertex 377 36.7787 934.002
 endloop
endfacet
facet normal 0.0178354 -0.801887 -0.597209
 outer loop
  vertex 379 36.6199 934.817
  vertex 379 36.0803 935.458
  vertex 377 36.5406 934.89
 endloop
endfacet
facet normal 0.0178017 -0.430161 -0.902577
 outer loop
  vertex 379 36.0803 935.458
  vertex 379 35.31 935.787
  vertex 377 35.8902 935.541
 endloop
endfacet
facet normal 0.0177811 0.0411787 -0.998994
 outer loop
  vertex 379 35.31 935.787
  vertex 379 34.4739 935.735
  vertex 377 35.0018 935.779
 endloop
endfacet
facet normal 0.0177734 0.502997 -0.864106
 outer loop
  vertex 379 34.4739 935.735
  vertex 379 33.7506 935.312
  vertex 377 34.1133 935.541
 endloop
endfacet
facet normal 0.0177786 0.84835 -0.529138
 outer loop
  vertex 379 33.7506 935.312
  vertex 379 33.2948 934.609
  vertex 377 33.4629 934.89
 endloop
endfacet
facet normal 0.0175865 0.935375 -0.35322
 outer loop
  vertex 377.6 33.3143 934.591
  vertex 377.6 33.259 934.399
  vertex 377 33.4629 934.89
 endloop
endfacet
facet normal 0.0178608 0.969031 -0.246292
 outer loop
  vertex 377 33.4629 934.89
  vertex 377.6 33.259 934.399
  vertex 377 33.2249 934.002
 endloop
endfacet
facet normal 0.0175256 0.993584 -0.111727
 outer loop
  vertex 377 33.2249 934.002
  vertex 377.6 33.259 934.399
  vertex 377.6 33.2256 934.202
 endloop
endfacet
facet normal 0.0174767 0.999151 -0.0372944
 outer loop
  vertex 377.6 33.2144 934.002
  vertex 377 33.2249 934.002
  vertex 377.6 33.2256 934.202
 endloop
endfacet
facet normal -5.26133E-17 -0.135491 0.990779
 outer loop
  vertex 379 35.1979 932.729
  vertex 377.6 35.1979 932.729
  vertex 379 35.1328 932.721
 endloop
endfacet
facet normal -5.27582E-17 -0.118637 0.992938
 outer loop
  vertex 379 35.1328 932.721
  vertex 377.6 35.1979 932.729
  vertex 377.6 35.1328 932.721
 endloop
endfacet
facet normal -5.31014E-17 -0.0678997 0.997692
 outer loop
  vertex 379 35.0674 932.716
  vertex 377.6 35.1328 932.721
  vertex 377.6 35.0674 932.716
 endloop
endfacet
facet normal -5.33066E-17 -0.016986 0.999856
 outer loop
  vertex 379 35.0018 932.714
  vertex 377.6 35.0674 932.716
  vertex 377.6 35.0018 932.714
 endloop
endfacet
facet normal -5.32536E-17 -0.0339719 0.999423
 outer loop
  vertex 379 35.0018 932.714
  vertex 379 35.0674 932.716
  vertex 377.6 35.0674 932.716
 endloop
endfacet
facet normal -5.30023E-17 -0.0848415 0.996394
 outer loop
  vertex 379 35.0674 932.716
  vertex 379 35.1328 932.721
  vertex 377.6 35.1328 932.721
 endloop
endfacet
facet normal -5.30533E-17 0.142154 0.989844
 outer loop
  vertex 377.6 35.0018 932.714
  vertex 377.6 34.464 932.832
  vertex 379 35.0018 932.714
 endloop
endfacet
facet normal -5.16445E-17 0.284309 0.958733
 outer loop
  vertex 379 35.0018 932.714
  vertex 377.6 34.464 932.832
  vertex 379 34.464 932.832
 endloop
endfacet
facet normal -4.57652E-17 0.542626 0.839974
 outer loop
  vertex 379 34.464 932.832
  vertex 377.6 34.464 932.832
  vertex 377.6 34.0246 933.164
 endloop
endfacet
facet normal -3.01094E-17 0.843885 0.536524
 outer loop
  vertex 379 34.0246 933.164
  vertex 377.6 34.0246 933.164
  vertex 377.6 33.7638 933.648
 endloop
endfacet
facet normal -8.9484E-18 0.990849 0.134977
 outer loop
  vertex 379 33.7638 933.648
  vertex 377.6 33.7638 933.648
  vertex 377.6 33.7294 934.198
 endloop
endfacet
facet normal -1.21703E-18 0.999947 -0.0102579
 outer loop
  vertex 379 33.7294 934.198
  vertex 379 33.7638 933.648
  vertex 377.6 33.7294 934.198
 endloop
endfacet
facet normal -2.33946E-17 0.912818 0.408368
 outer loop
  vertex 379 33.7638 933.648
  vertex 379 34.0246 933.164
  vertex 377.6 33.7638 933.648
 endloop
endfacet
facet normal -4.12947E-17 0.658789 0.752327
 outer loop
  vertex 379 34.0246 933.164
  vertex 379 34.464 932.832
  vertex 377.6 34.0246 933.164
 endloop
endfacet
facet normal 0.0177823 -0.990652 0.135247
 outer loop
  vertex 379 36.8136 934.002
  vertex 377 36.7787 934.002
  vertex 379 36.6637 933.28
 endloop
endfacet
facet normal 0.0179019 -0.951512 0.30709
 outer loop
  vertex 379 36.6637 933.28
  vertex 377 36.7787 934.002
  vertex 377 36.5406 933.113
 endloop
endfacet
facet normal 0.0178602 -0.698779 0.715115
 outer loop
  vertex 379 36.2388 932.678
  vertex 377 36.5406 933.113
  vertex 377 35.8902 932.463
 endloop
endfacet
facet normal 0.017869 -0.283109 0.958921
 outer loop
  vertex 377.6 35.591 932.314
  vertex 377 35.8902 932.463
  vertex 377 35.0018 932.225
 endloop
endfacet
facet normal 0.0178874 0.218714 0.975625
 outer loop
  vertex 377.6 34.751 932.232
  vertex 377 35.0018 932.225
  vertex 377 34.1133 932.463
 endloop
endfacet
facet normal 0.0179147 0.665394 0.746278
 outer loop
  vertex 377.6 33.967 932.544
  vertex 377 34.1133 932.463
  vertex 377 33.4629 933.113
 endloop
endfacet
facet normal 0.0179509 0.944267 0.328691
 outer loop
  vertex 377.6 33.4137 933.182
  vertex 377 33.4629 933.113
  vertex 377 33.2249 934.002
 endloop
endfacet
facet normal 0.0179014 0.987459 0.156855
 outer loop
  vertex 377.6 33.2144 934.002
  vertex 377.6 33.4137 933.182
  vertex 377 33.2249 934.002
 endloop
endfacet
facet normal 0.0178608 0.795912 0.605149
 outer loop
  vertex 377.6 33.4137 933.182
  vertex 377.6 33.967 932.544
  vertex 377 33.4629 933.113
 endloop
endfacet
facet normal 0.0178293 0.415121 0.909592
 outer loop
  vertex 377.6 33.967 932.544
  vertex 377.6 34.751 932.232
  vertex 377 34.1133 932.463
 endloop
endfacet
facet normal 0.0178065 -0.0643938 0.997766
 outer loop
  vertex 377.6 34.751 932.232
  vertex 377.6 35.591 932.314
  vertex 377 35.0018 932.225
 endloop
endfacet
facet normal 0.0177872 -0.457773 0.888891
 outer loop
  vertex 379 35.6092 932.295
  vertex 379 36.2388 932.678
  vertex 377.6 35.591 932.314
 endloop
endfacet
facet normal 0.0177071 -0.511413 0.859152
 outer loop
  vertex 377.6 35.591 932.314
  vertex 379 36.2388 932.678
  vertex 377 35.8902 932.463
 endloop
endfacet
facet normal 0.0177153 -0.834271 0.55107
 outer loop
  vertex 379 36.2388 932.678
  vertex 379 36.6637 933.28
  vertex 377 36.5406 933.113
 endloop
endfacet
facet normal -1 1.76432E-18 5.33443E-17
 outer loop
  vertex 377.6 35.591 932.314
  vertex 377.6 34.751 932.232
  vertex 377.6 35.4605 932.453
 endloop
endfacet
facet normal -1 1.76432E-18 5.33443E-17
 outer loop
  vertex 377.6 35.4605 932.453
  vertex 377.6 34.751 932.232
  vertex 377.6 35.3294 932.592
 endloop
endfacet
facet normal -1 1.76432E-18 5.33443E-17
 outer loop
  vertex 377.6 35.3294 932.592
  vertex 377.6 34.751 932.232
  vertex 377.6 35.0674 932.716
 endloop
endfacet
facet normal -1 1.76432E-18 5.33443E-17
 outer loop
  vertex 377.6 35.1328 932.721
  vertex 377.6 35.3294 932.592
  vertex 377.6 35.0674 932.716
 endloop
endfacet
facet normal -1 1.76432E-18 5.33443E-17
 outer loop
  vertex 377.6 35.1328 932.721
  vertex 377.6 35.1979 932.729
  vertex 377.6 35.3294 932.592
 endloop
endfacet
facet normal -1 1.76432E-18 5.33443E-17
 outer loop
  vertex 377.6 33.5916 934.329
  vertex 377.6 33.7294 934.198
  vertex 377.6 33.2144 934.002
 endloop
endfacet
facet normal -1 1.76432E-18 5.33443E-17
 outer loop
  vertex 377.6 33.2256 934.202
  vertex 377.6 33.5916 934.329
  vertex 377.6 33.2144 934.002
 endloop
endfacet
facet normal -1 1.76432E-18 5.33443E-17
 outer loop
  vertex 377.6 33.2256 934.202
  vertex 377.6 33.4532 934.461
  vertex 377.6 33.5916 934.329
 endloop
endfacet
facet normal -1 1.76432E-18 5.33443E-17
 outer loop
  vertex 377.6 33.2256 934.202
  vertex 377.6 33.259 934.399
  vertex 377.6 33.4532 934.461
 endloop
endfacet
facet normal -1 1.76432E-18 5.33443E-17
 outer loop
  vertex 377.6 33.4532 934.461
  vertex 377.6 33.259 934.399
  vertex 377.6 33.3143 934.591
 endloop
endfacet
facet normal -1 1.76432E-18 5.33443E-17
 outer loop
  vertex 377.6 33.2144 934.002
  vertex 377.6 33.7638 933.648
  vertex 377.6 33.4137 933.182
 endloop
endfacet
facet normal -1 1.76432E-18 5.33443E-17
 outer loop
  vertex 377.6 33.2144 934.002
  vertex 377.6 33.7294 934.198
  vertex 377.6 33.7638 933.648
 endloop
endfacet
facet normal -1 1.76432E-18 5.33443E-17
 outer loop
  vertex 377.6 33.7638 933.648
  vertex 377.6 34.0246 933.164
  vertex 377.6 33.4137 933.182
 endloop
endfacet
facet normal -1 1.76432E-18 5.33443E-17
 outer loop
  vertex 377.6 33.4137 933.182
  vertex 377.6 34.0246 933.164
  vertex 377.6 33.967 932.544
 endloop
endfacet
facet normal -1 1.76432E-18 5.33443E-17
 outer loop
  vertex 377.6 33.967 932.544
  vertex 377.6 34.0246 933.164
  vertex 377.6 34.464 932.832
 endloop
endfacet
facet normal -1 1.76432E-18 5.33443E-17
 outer loop
  vertex 377.6 34.751 932.232
  vertex 377.6 34.464 932.832
  vertex 377.6 35.0018 932.714
 endloop
endfacet
facet normal -1 1.76432E-18 5.33443E-17
 outer loop
  vertex 377.6 35.0674 932.716
  vertex 377.6 34.751 932.232
  vertex 377.6 35.0018 932.714
 endloop
endfacet
facet normal -1 1.76432E-18 5.33443E-17
 outer loop
  vertex 377.6 34.464 932.832
  vertex 377.6 34.751 932.232
  vertex 377.6 33.967 932.544
 endloop
endfacet
facet normal 1 -1.76432E-18 -5.33443E-17
 outer loop
  vertex 377 36.7787 934.002
  vertex 377 36.5406 934.89
  vertex 377 36.5406 933.113
 endloop
endfacet
facet normal 1 -1.76432E-18 -5.33443E-17
 outer loop
  vertex 377 36.5406 933.113
  vertex 377 36.5406 934.89
  vertex 377 35.8902 932.463
 endloop
endfacet
facet normal 1 -1.76432E-18 -5.33443E-17
 outer loop
  vertex 377 35.8902 932.463
  vertex 377 36.5406 934.89
  vertex 377 35.8902 935.541
 endloop
endfacet
facet normal 1 -1.76432E-18 -5.33443E-17
 outer loop
  vertex 377 35.0018 932.225
  vertex 377 35.8902 935.541
  vertex 377 35.0018 935.779
 endloop
endfacet
facet normal 1 -1.76432E-18 -5.33443E-17
 outer loop
  vertex 377 34.1133 932.463
  vertex 377 35.0018 935.779
  vertex 377 34.1133 935.541
 endloop
endfacet
facet normal 1 -1.76432E-18 -5.33443E-17
 outer loop
  vertex 377 33.4629 933.113
  vertex 377 34.1133 935.541
  vertex 377 33.4629 934.89
 endloop
endfacet
facet normal 1 -1.76432E-18 -5.33443E-17
 outer loop
  vertex 377 33.2249 934.002
  vertex 377 33.4629 933.113
  vertex 377 33.4629 934.89
 endloop
endfacet
facet normal 1 -1.76432E-18 -5.33443E-17
 outer loop
  vertex 377 33.4629 933.113
  vertex 377 34.1133 932.463
  vertex 377 34.1133 935.541
 endloop
endfacet
facet normal 1 -1.76432E-18 -5.33443E-17
 outer loop
  vertex 377 34.1133 932.463
  vertex 377 35.0018 932.225
  vertex 377 35.0018 935.779
 endloop
endfacet
facet normal 1 -1.76432E-18 -5.33443E-17
 outer loop
  vertex 377 35.0018 932.225
  vertex 377 35.8902 932.463
  vertex 377 35.8902 935.541
 endloop
endfacet
facet normal -3.97821E-17 0.690944 0.722908
 outer loop
  vertex 377.6 33.7294 934.198
  vertex 377.6 33.5916 934.329
  vertex 379 33.7294 934.198
 endloop
endfacet
facet normal -3.98306E-17 0.689957 0.72385
 outer loop
  vertex 379 33.7294 934.198
  vertex 377.6 33.5916 934.329
  vertex 379 33.5851 934.336
 endloop
endfacet
facet normal -3.9923E-17 0.688069 0.725646
 outer loop
  vertex 379 33.5851 934.336
  vertex 377.6 33.5916 934.329
  vertex 377.6 33.4532 934.461
 endloop
endfacet
facet normal -4.00633E-17 0.685182 0.728372
 outer loop
  vertex 379 33.4402 934.473
  vertex 377.6 33.4532 934.461
  vertex 377.6 33.3143 934.591
 endloop
endfacet
facet normal -4.01157E-17 0.684099 0.729389
 outer loop
  vertex 379 33.2948 934.609
  vertex 379 33.4402 934.473
  vertex 377.6 33.3143 934.591
 endloop
endfacet
facet normal -3.99735E-17 0.687034 0.726625
 outer loop
  vertex 379 33.4402 934.473
  vertex 379 33.5851 934.336
  vertex 377.6 33.4532 934.461
 endloop
endfacet
facet normal -3.81334E-17 0.722908 0.690944
 outer loop
  vertex 377.6 35.1979 932.729
  vertex 379 35.1979 932.729
  vertex 377.6 35.3294 932.592
 endloop
endfacet
facet normal -3.80824E-17 0.72385 0.689957
 outer loop
  vertex 377.6 35.3294 932.592
  vertex 379 35.1979 932.729
  vertex 379 35.3356 932.585
 endloop
endfacet
facet normal -3.79313E-17 0.726625 0.687034
 outer loop
  vertex 377.6 35.4605 932.453
  vertex 379 35.3356 932.585
  vertex 379 35.4727 932.44
 endloop
endfacet
facet normal -3.77797E-17 0.729389 0.684099
 outer loop
  vertex 377.6 35.591 932.314
  vertex 379 35.4727 932.44
  vertex 379 35.6092 932.295
 endloop
endfacet
facet normal -3.78356E-17 0.728372 0.685182
 outer loop
  vertex 377.6 35.591 932.314
  vertex 377.6 35.4605 932.453
  vertex 379 35.4727 932.44
 endloop
endfacet
facet normal -3.79848E-17 0.725646 0.688069
 outer loop
  vertex 377.6 35.4605 932.453
  vertex 377.6 35.3294 932.592
  vertex 379 35.3356 932.585
 endloop
endfacet
facet normal -1 1.76432E-18 5.33443E-17
 outer loop
  vertex 379 35.6092 932.295
  vertex 379 35.4727 932.44
  vertex 379 36.2388 932.678
 endloop
endfacet
facet normal -1 1.76432E-18 5.33443E-17
 outer loop
  vertex 379 36.2388 932.678
  vertex 379 35.4727 932.44
  vertex 379 35.3356 932.585
 endloop
endfacet
facet normal -1 1.76432E-18 5.33443E-17
 outer loop
  vertex 379 35.1979 932.729
  vertex 379 36.2388 932.678
  vertex 379 35.3356 932.585
 endloop
endfacet
facet normal -1 1.76432E-18 5.33443E-17
 outer loop
  vertex 379 35.1979 932.729
  vertex 379 36.6637 933.28
  vertex 379 36.2388 932.678
 endloop
endfacet
facet normal -1 1.76432E-18 5.33443E-17
 outer loop
  vertex 379 35.1979 932.729
  vertex 379 36.8136 934.002
  vertex 379 36.6637 933.28
 endloop
endfacet
facet normal -1 1.76432E-18 5.33443E-17
 outer loop
  vertex 379 35.1979 932.729
  vertex 379 36.6199 934.817
  vertex 379 36.8136 934.002
 endloop
endfacet
facet normal -1 1.76432E-18 5.33443E-17
 outer loop
  vertex 379 35.1979 932.729
  vertex 379 36.0803 935.458
  vertex 379 36.6199 934.817
 endloop
endfacet
facet normal -1 1.76432E-18 5.33443E-17
 outer loop
  vertex 379 35.1979 932.729
  vertex 379 33.7294 934.198
  vertex 379 36.0803 935.458
 endloop
endfacet
facet normal -1 1.76432E-18 5.33443E-17
 outer loop
  vertex 379 35.1979 932.729
  vertex 379 35.1328 932.721
  vertex 379 33.7294 934.198
 endloop
endfacet
facet normal -1 1.76432E-18 5.33443E-17
 outer loop
  vertex 379 33.7294 934.198
  vertex 379 35.1328 932.721
  vertex 379 35.0674 932.716
 endloop
endfacet
facet normal -1 1.76432E-18 5.33443E-17
 outer loop
  vertex 379 35.0018 932.714
  vertex 379 33.7294 934.198
  vertex 379 35.0674 932.716
 endloop
endfacet
facet normal -1 1.76432E-18 5.33443E-17
 outer loop
  vertex 379 35.0018 932.714
  vertex 379 34.464 932.832
  vertex 379 33.7294 934.198
 endloop
endfacet
facet normal -1 1.76432E-18 5.33443E-17
 outer loop
  vertex 379 33.7294 934.198
  vertex 379 34.464 932.832
  vertex 379 34.0246 933.164
 endloop
endfacet
facet normal -1 1.76432E-18 5.33443E-17
 outer loop
  vertex 379 33.7638 933.648
  vertex 379 33.7294 934.198
  vertex 379 34.0246 933.164
 endloop
endfacet
facet normal -1 1.76432E-18 5.33443E-17
 outer loop
  vertex 379 33.5851 934.336
  vertex 379 33.7506 935.312
  vertex 379 33.7294 934.198
 endloop
endfacet
facet normal -1 1.76432E-18 5.33443E-17
 outer loop
  vertex 379 33.5851 934.336
  vertex 379 33.4402 934.473
  vertex 379 33.7506 935.312
 endloop
endfacet
facet normal -1 1.76432E-18 5.33443E-17
 outer loop
  vertex 379 33.7506 935.312
  vertex 379 33.4402 934.473
  vertex 379 33.2948 934.609
 endloop
endfacet
facet normal -1 1.76432E-18 5.33443E-17
 outer loop
  vertex 379 33.7506 935.312
  vertex 379 34.4739 935.735
  vertex 379 33.7294 934.198
 endloop
endfacet
facet normal -1 1.76432E-18 5.33443E-17
 outer loop
  vertex 379 33.7294 934.198
  vertex 379 34.4739 935.735
  vertex 379 35.31 935.787
 endloop
endfacet
facet normal -1 1.76432E-18 5.33443E-17
 outer loop
  vertex 379 36.0803 935.458
  vertex 379 33.7294 934.198
  vertex 379 35.31 935.787
 endloop
endfacet
facet normal 0.0178823 -0.987967 0.153626
 outer loop
  vertex 379 36.8136 863.998
  vertex 377 36.7787 863.998
  vertex 379 36.6199 863.183
 endloop
endfacet
facet normal 0.0179424 -0.945385 0.325463
 outer loop
  vertex 379 36.6199 863.183
  vertex 377 36.7787 863.998
  vertex 377 36.5406 863.11
 endloop
endfacet
facet normal 0.0179019 -0.670489 0.741704
 outer loop
  vertex 379 36.0803 862.542
  vertex 377 36.5406 863.11
  vertex 377 35.8902 862.459
 endloop
endfacet
facet normal 0.0178745 -0.228739 0.973324
 outer loop
  vertex 379 35.31 862.213
  vertex 377 35.8902 862.459
  vertex 377 35.0018 862.221
 endloop
endfacet
facet normal 0.0178602 0.269918 0.962718
 outer loop
  vertex 379 34.4739 862.265
  vertex 377 35.0018 862.221
  vertex 377 34.1133 862.459
 endloop
endfacet
facet normal 0.017859 0.7014 0.712544
 outer loop
  vertex 379 33.7506 862.688
  vertex 377 34.1133 862.459
  vertex 377 33.4629 863.11
 endloop
endfacet
facet normal 0.0175865 0.935375 0.35322
 outer loop
  vertex 377.6 33.3143 863.409
  vertex 377 33.4629 863.11
  vertex 377.6 33.259 863.601
 endloop
endfacet
facet normal 0.0177864 0.849392 0.527462
 outer loop
  vertex 377.6 33.3143 863.409
  vertex 379 33.7506 862.688
  vertex 377 33.4629 863.11
 endloop
endfacet
facet normal 0.0178879 0.880236 0.4742
 outer loop
  vertex 377.6 33.3143 863.409
  vertex 379 33.2948 863.391
  vertex 379 33.7506 862.688
 endloop
endfacet
facet normal 0.0178608 0.969031 0.246292
 outer loop
  vertex 377 33.4629 863.11
  vertex 377 33.2249 863.998
  vertex 377.6 33.259 863.601
 endloop
endfacet
facet normal 0.0175256 0.993584 0.111727
 outer loop
  vertex 377.6 33.259 863.601
  vertex 377 33.2249 863.998
  vertex 377.6 33.2256 863.798
 endloop
endfacet
facet normal 0.0174767 0.999151 0.0372944
 outer loop
  vertex 377.6 33.2256 863.798
  vertex 377 33.2249 863.998
  vertex 377.6 33.2144 863.998
 endloop
endfacet
facet normal 0.0177734 0.502997 0.864106
 outer loop
  vertex 379 33.7506 862.688
  vertex 379 34.4739 862.265
  vertex 377 34.1133 862.459
 endloop
endfacet
facet normal 0.0177811 0.0411787 0.998994
 outer loop
  vertex 379 34.4739 862.265
  vertex 379 35.31 862.213
  vertex 377 35.0018 862.221
 endloop
endfacet
facet normal 0.0178017 -0.430161 0.902577
 outer loop
  vertex 379 35.31 862.213
  vertex 379 36.0803 862.542
  vertex 377 35.8902 862.459
 endloop
endfacet
facet normal 0.0178354 -0.801887 0.597209
 outer loop
  vertex 379 36.0803 862.542
  vertex 379 36.6199 863.183
  vertex 377 36.5406 863.11
 endloop
endfacet
facet normal 0.0179014 0.987459 -0.156855
 outer loop
  vertex 377.6 33.2144 863.998
  vertex 377 33.2249 863.998
  vertex 377.6 33.4137 864.818
 endloop
endfacet
facet normal 0.0179509 0.944267 -0.328691
 outer loop
  vertex 377.6 33.4137 864.818
  vertex 377 33.2249 863.998
  vertex 377 33.4629 864.887
 endloop
endfacet
facet normal 0.0179147 0.665394 -0.746278
 outer loop
  vertex 377.6 33.967 865.456
  vertex 377 33.4629 864.887
  vertex 377 34.1133 865.537
 endloop
endfacet
facet normal 0.0178874 0.218714 -0.975625
 outer loop
  vertex 377.6 34.751 865.768
  vertex 377 34.1133 865.537
  vertex 377 35.0018 865.775
 endloop
endfacet
facet normal 0.017869 -0.283109 -0.958921
 outer loop
  vertex 377.6 35.591 865.686
  vertex 377 35.0018 865.775
  vertex 377 35.8902 865.537
 endloop
endfacet
facet normal 0.0178602 -0.698779 -0.715115
 outer loop
  vertex 379 36.2388 865.322
  vertex 377 35.8902 865.537
  vertex 377 36.5406 864.887
 endloop
endfacet
facet normal 0.0179019 -0.951512 -0.30709
 outer loop
  vertex 379 36.6637 864.72
  vertex 377 36.5406 864.887
  vertex 377 36.7787 863.998
 endloop
endfacet
facet normal 0.0177823 -0.990652 -0.135247
 outer loop
  vertex 379 36.8136 863.998
  vertex 379 36.6637 864.72
  vertex 377 36.7787 863.998
 endloop
endfacet
facet normal 0.0177153 -0.834271 -0.55107
 outer loop
  vertex 379 36.6637 864.72
  vertex 379 36.2388 865.322
  vertex 377 36.5406 864.887
 endloop
endfacet
facet normal 0.0177872 -0.457773 -0.888891
 outer loop
  vertex 379 35.6092 865.705
  vertex 377.6 35.591 865.686
  vertex 379 36.2388 865.322
 endloop
endfacet
facet normal 0.0177071 -0.511413 -0.859152
 outer loop
  vertex 379 36.2388 865.322
  vertex 377.6 35.591 865.686
  vertex 377 35.8902 865.537
 endloop
endfacet
facet normal 0.0178065 -0.0643938 -0.997766
 outer loop
  vertex 377.6 35.591 865.686
  vertex 377.6 34.751 865.768
  vertex 377 35.0018 865.775
 endloop
endfacet
facet normal 0.0178293 0.415121 -0.909592
 outer loop
  vertex 377.6 34.751 865.768
  vertex 377.6 33.967 865.456
  vertex 377 34.1133 865.537
 endloop
endfacet
facet normal 0.0178608 0.795912 -0.605149
 outer loop
  vertex 377.6 33.967 865.456
  vertex 377.6 33.4137 864.818
  vertex 377 33.4629 864.887
 endloop
endfacet
facet normal -1 1.76432E-18 5.33443E-17
 outer loop
  vertex 377.6 33.3143 863.409
  vertex 377.6 33.259 863.601
  vertex 377.6 33.4532 863.539
 endloop
endfacet
facet normal -1 1.76432E-18 5.33443E-17
 outer loop
  vertex 377.6 33.4532 863.539
  vertex 377.6 33.259 863.601
  vertex 377.6 33.2256 863.798
 endloop
endfacet
facet normal -1 1.76432E-18 5.33443E-17
 outer loop
  vertex 377.6 33.5916 863.671
  vertex 377.6 33.2256 863.798
  vertex 377.6 33.2144 863.998
 endloop
endfacet
facet normal -1 1.76432E-18 5.33443E-17
 outer loop
  vertex 377.6 33.7294 863.802
  vertex 377.6 33.2144 863.998
  vertex 377.6 33.7782 864.399
 endloop
endfacet
facet normal -1 1.76432E-18 5.33443E-17
 outer loop
  vertex 377.6 33.7294 863.802
  vertex 377.6 33.5916 863.671
  vertex 377.6 33.2144 863.998
 endloop
endfacet
facet normal -1 1.76432E-18 5.33443E-17
 outer loop
  vertex 377.6 33.2144 863.998
  vertex 377.6 33.4137 864.818
  vertex 377.6 33.7782 864.399
 endloop
endfacet
facet normal -1 1.76432E-18 5.33443E-17
 outer loop
  vertex 377.6 33.7782 864.399
  vertex 377.6 33.4137 864.818
  vertex 377.6 34.0915 864.909
 endloop
endfacet
facet normal -1 1.76432E-18 5.33443E-17
 outer loop
  vertex 377.6 34.0915 864.909
  vertex 377.6 33.4137 864.818
  vertex 377.6 33.967 865.456
 endloop
endfacet
facet normal -1 1.76432E-18 5.33443E-17
 outer loop
  vertex 377.6 34.6014 865.222
  vertex 377.6 33.967 865.456
  vertex 377.6 34.751 865.768
 endloop
endfacet
facet normal -1 1.76432E-18 5.33443E-17
 outer loop
  vertex 377.6 35.1979 865.271
  vertex 377.6 34.751 865.768
  vertex 377.6 35.3294 865.408
 endloop
endfacet
facet normal -1 1.76432E-18 5.33443E-17
 outer loop
  vertex 377.6 35.1979 865.271
  vertex 377.6 34.6014 865.222
  vertex 377.6 34.751 865.768
 endloop
endfacet
facet normal -1 1.76432E-18 5.33443E-17
 outer loop
  vertex 377.6 35.591 865.686
  vertex 377.6 35.4605 865.547
  vertex 377.6 34.751 865.768
 endloop
endfacet
facet normal -1 1.76432E-18 5.33443E-17
 outer loop
  vertex 377.6 34.751 865.768
  vertex 377.6 35.4605 865.547
  vertex 377.6 35.3294 865.408
 endloop
endfacet
facet normal -1 1.76432E-18 5.33443E-17
 outer loop
  vertex 377.6 34.6014 865.222
  vertex 377.6 34.0915 864.909
  vertex 377.6 33.967 865.456
 endloop
endfacet
facet normal -1 1.76432E-18 5.33443E-17
 outer loop
  vertex 377.6 33.5916 863.671
  vertex 377.6 33.4532 863.539
  vertex 377.6 33.2256 863.798
 endloop
endfacet
facet normal 1 -1.76432E-18 -5.33443E-17
 outer loop
  vertex 377 33.2249 863.998
  vertex 377 33.4629 863.11
  vertex 377 33.4629 864.887
 endloop
endfacet
facet normal 1 -1.76432E-18 -5.33443E-17
 outer loop
  vertex 377 33.4629 864.887
  vertex 377 33.4629 863.11
  vertex 377 34.1133 865.537
 endloop
endfacet
facet normal 1 -1.76432E-18 -5.33443E-17
 outer loop
  vertex 377 34.1133 865.537
  vertex 377 33.4629 863.11
  vertex 377 34.1133 862.459
 endloop
endfacet
facet normal 1 -1.76432E-18 -5.33443E-17
 outer loop
  vertex 377 35.0018 865.775
  vertex 377 34.1133 862.459
  vertex 377 35.0018 862.221
 endloop
endfacet
facet normal 1 -1.76432E-18 -5.33443E-17
 outer loop
  vertex 377 35.8902 865.537
  vertex 377 35.0018 862.221
  vertex 377 35.8902 862.459
 endloop
endfacet
facet normal 1 -1.76432E-18 -5.33443E-17
 outer loop
  vertex 377 36.5406 864.887
  vertex 377 35.8902 862.459
  vertex 377 36.5406 863.11
 endloop
endfacet
facet normal 1 -1.76432E-18 -5.33443E-17
 outer loop
  vertex 377 36.7787 863.998
  vertex 377 36.5406 864.887
  vertex 377 36.5406 863.11
 endloop
endfacet
facet normal 1 -1.76432E-18 -5.33443E-17
 outer loop
  vertex 377 36.5406 864.887
  vertex 377 35.8902 865.537
  vertex 377 35.8902 862.459
 endloop
endfacet
facet normal 1 -1.76432E-18 -5.33443E-17
 outer loop
  vertex 377 35.8902 865.537
  vertex 377 35.0018 865.775
  vertex 377 35.0018 862.221
 endloop
endfacet
facet normal 1 -1.76432E-18 -5.33443E-17
 outer loop
  vertex 377 35.0018 865.775
  vertex 377 34.1133 865.537
  vertex 377 34.1133 862.459
 endloop
endfacet
facet normal 3.55825E-17 0.722908 -0.690944
 outer loop
  vertex 377.6 35.1979 865.271
  vertex 377.6 35.3294 865.408
  vertex 379 35.1979 865.271
 endloop
endfacet
facet normal 3.55282E-17 0.72385 -0.689957
 outer loop
  vertex 379 35.1979 865.271
  vertex 377.6 35.3294 865.408
  vertex 379 35.3356 865.415
 endloop
endfacet
facet normal 3.54243E-17 0.725646 -0.688069
 outer loop
  vertex 379 35.3356 865.415
  vertex 377.6 35.3294 865.408
  vertex 377.6 35.4605 865.547
 endloop
endfacet
facet normal 3.52655E-17 0.728372 -0.685182
 outer loop
  vertex 379 35.4727 865.56
  vertex 377.6 35.4605 865.547
  vertex 377.6 35.591 865.686
 endloop
endfacet
facet normal 3.52059E-17 0.729389 -0.684099
 outer loop
  vertex 379 35.6092 865.705
  vertex 379 35.4727 865.56
  vertex 377.6 35.591 865.686
 endloop
endfacet
facet normal 3.53673E-17 0.726625 -0.687034
 outer loop
  vertex 379 35.4727 865.56
  vertex 379 35.3356 865.415
  vertex 377.6 35.4605 865.547
 endloop
endfacet
facet normal 5.33403E-17 0.00218808 -0.999998
 outer loop
  vertex 377.6 35.1979 865.271
  vertex 379 35.1979 865.271
  vertex 377.6 34.6014 865.222
 endloop
endfacet
facet normal 5.23699E-17 0.160471 -0.987041
 outer loop
  vertex 377.6 34.6014 865.222
  vertex 379 35.1979 865.271
  vertex 379 34.6014 865.222
 endloop
endfacet
facet normal 4.67266E-17 0.454076 -0.890963
 outer loop
  vertex 379 34.0915 864.909
  vertex 377.6 34.6014 865.222
  vertex 379 34.6014 865.222
 endloop
endfacet
facet normal 4.20539E-17 0.589399 -0.807842
 outer loop
  vertex 379 34.0915 864.909
  vertex 377.6 34.0915 864.909
  vertex 377.6 34.6014 865.222
 endloop
endfacet
facet normal 3.00158E-17 0.807842 -0.589399
 outer loop
  vertex 379 34.0915 864.909
  vertex 379 33.7782 864.399
  vertex 377.6 34.0915 864.909
 endloop
endfacet
facet normal 2.26504E-17 0.890963 -0.454076
 outer loop
  vertex 377.6 34.0915 864.909
  vertex 379 33.7782 864.399
  vertex 377.6 33.7782 864.399
 endloop
endfacet
facet normal 6.81874E-18 0.987041 -0.160471
 outer loop
  vertex 377.6 33.7782 864.399
  vertex 379 33.7782 864.399
  vertex 379 33.7294 863.802
 endloop
endfacet
facet normal -1.64759E-18 0.999998 -0.00218808
 outer loop
  vertex 377.6 33.7294 863.802
  vertex 377.6 33.7782 864.399
  vertex 379 33.7294 863.802
 endloop
endfacet
facet normal 3.7344E-17 0.690944 -0.722908
 outer loop
  vertex 377.6 33.7294 863.802
  vertex 379 33.7294 863.802
  vertex 377.6 33.5916 863.671
 endloop
endfacet
facet normal 3.7396E-17 0.689957 -0.72385
 outer loop
  vertex 377.6 33.5916 863.671
  vertex 379 33.7294 863.802
  vertex 379 33.5851 863.664
 endloop
endfacet
facet normal 3.75492E-17 0.687034 -0.726625
 outer loop
  vertex 377.6 33.4532 863.539
  vertex 379 33.5851 863.664
  vertex 379 33.4402 863.527
 endloop
endfacet
facet normal 3.77017E-17 0.684099 -0.729389
 outer loop
  vertex 377.6 33.3143 863.409
  vertex 379 33.4402 863.527
  vertex 379 33.2948 863.391
 endloop
endfacet
facet normal 3.76456E-17 0.685182 -0.728372
 outer loop
  vertex 377.6 33.3143 863.409
  vertex 377.6 33.4532 863.539
  vertex 379 33.4402 863.527
 endloop
endfacet
facet normal 3.74951E-17 0.688069 -0.725646
 outer loop
  vertex 377.6 33.4532 863.539
  vertex 377.6 33.5916 863.671
  vertex 379 33.5851 863.664
 endloop
endfacet
facet normal -1 1.76432E-18 5.33443E-17
 outer loop
  vertex 379 33.2948 863.391
  vertex 379 33.4402 863.527
  vertex 379 33.7506 862.688
 endloop
endfacet
facet normal -1 1.76432E-18 5.33443E-17
 outer loop
  vertex 379 33.7506 862.688
  vertex 379 33.4402 863.527
  vertex 379 33.5851 863.664
 endloop
endfacet
facet normal -1 1.76432E-18 5.33443E-17
 outer loop
  vertex 379 33.7294 863.802
  vertex 379 33.7506 862.688
  vertex 379 33.5851 863.664
 endloop
endfacet
facet normal -1 1.76432E-18 5.33443E-17
 outer loop
  vertex 379 33.7294 863.802
  vertex 379 34.4739 862.265
  vertex 379 33.7506 862.688
 endloop
endfacet
facet normal -1 1.76432E-18 5.33443E-17
 outer loop
  vertex 379 33.7294 863.802
  vertex 379 35.31 862.213
  vertex 379 34.4739 862.265
 endloop
endfacet
facet normal -1 1.76432E-18 5.33443E-17
 outer loop
  vertex 379 33.7294 863.802
  vertex 379 36.0803 862.542
  vertex 379 35.31 862.213
 endloop
endfacet
facet normal -1 1.76432E-18 5.33443E-17
 outer loop
  vertex 379 33.7294 863.802
  vertex 379 35.1979 865.271
  vertex 379 36.0803 862.542
 endloop
endfacet
facet normal -1 1.76432E-18 5.33443E-17
 outer loop
  vertex 379 33.7294 863.802
  vertex 379 34.6014 865.222
  vertex 379 35.1979 865.271
 endloop
endfacet
facet normal -1 1.76432E-18 5.33443E-17
 outer loop
  vertex 379 33.7294 863.802
  vertex 379 34.0915 864.909
  vertex 379 34.6014 865.222
 endloop
endfacet
facet normal -1 1.76432E-18 5.33443E-17
 outer loop
  vertex 379 33.7294 863.802
  vertex 379 33.7782 864.399
  vertex 379 34.0915 864.909
 endloop
endfacet
facet normal -1 1.76432E-18 5.33443E-17
 outer loop
  vertex 379 35.3356 865.415
  vertex 379 36.2388 865.322
  vertex 379 35.1979 865.271
 endloop
endfacet
facet normal -1 1.76432E-18 5.33443E-17
 outer loop
  vertex 379 35.3356 865.415
  vertex 379 35.4727 865.56
  vertex 379 36.2388 865.322
 endloop
endfacet
facet normal -1 1.76432E-18 5.33443E-17
 outer loop
  vertex 379 36.2388 865.322
  vertex 379 35.4727 865.56
  vertex 379 35.6092 865.705
 endloop
endfacet
facet normal -1 1.76432E-18 5.33443E-17
 outer loop
  vertex 379 36.2388 865.322
  vertex 379 36.6637 864.72
  vertex 379 35.1979 865.271
 endloop
endfacet
facet normal -1 1.76432E-18 5.33443E-17
 outer loop
  vertex 379 35.1979 865.271
  vertex 379 36.6637 864.72
  vertex 379 36.8136 863.998
 endloop
endfacet
facet normal -1 1.76432E-18 5.33443E-17
 outer loop
  vertex 379 36.6199 863.183
  vertex 379 35.1979 865.271
  vertex 379 36.8136 863.998
 endloop
endfacet
facet normal -1 1.76432E-18 5.33443E-17
 outer loop
  vertex 379 36.6199 863.183
  vertex 379 36.0803 862.542
  vertex 379 35.1979 865.271
 endloop
endfacet
facet normal -0.981208 -0.0339501 0.189941
 outer loop
  vertex 344.341 0.288516 871.004
  vertex 345.815 1.02255E-13 879.625
  vertex 344.341 4.96362 871.986
 endloop
endfacet
facet normal -0.980566 -0.00186377 0.19618
 outer loop
  vertex 344.341 0.288516 871.004
  vertex 344.341 1.02E-13 871.001
  vertex 345.815 1.02255E-13 879.625
 endloop
endfacet
facet normal -0.986504 -0.0736905 0.146216
 outer loop
  vertex 344.341 4.96362 871.986
  vertex 345.815 1.02255E-13 879.625
  vertex 345.217 6.44065 877.76
 endloop
endfacet
facet normal -0.975007 -0.175214 0.136605
 outer loop
  vertex 344.341 8.96835 874.59
  vertex 345.217 6.44065 877.76
  vertex 344.341 11.7619 878.466
 endloop
endfacet
facet normal -0.975143 -0.131393 0.178413
 outer loop
  vertex 344.341 8.96835 874.59
  vertex 344.341 4.96362 871.986
  vertex 345.217 6.44065 877.76
 endloop
endfacet
facet normal -0.980686 -0.0135954 -0.195117
 outer loop
  vertex 344.341 1.02867E-13 896.999
  vertex 344.341 2.10435 896.827
  vertex 345.815 1.02255E-13 888.375
 endloop
endfacet
facet normal -0.986907 -0.0552374 -0.151534
 outer loop
  vertex 345.815 1.02255E-13 888.375
  vertex 344.341 2.10435 896.827
  vertex 345.217 6.44065 890.24
 endloop
endfacet
facet normal -0.985843 -0.167566 0.00591096
 outer loop
  vertex 345.217 6.44065 877.76
  vertex 345.217 6.44065 890.24
  vertex 344.341 12.9669 883.088
 endloop
endfacet
facet normal -0.976115 -0.201227 0.0818989
 outer loop
  vertex 344.341 11.7619 878.466
  vertex 345.217 6.44065 877.76
  vertex 344.341 12.9669 883.088
 endloop
endfacet
facet normal -0.975852 -0.097723 -0.195356
 outer loop
  vertex 344.341 2.10435 896.827
  vertex 344.341 6.59605 895.201
  vertex 345.217 6.44065 890.24
 endloop
endfacet
facet normal -0.974943 -0.149814 -0.164445
 outer loop
  vertex 345.217 6.44065 890.24
  vertex 344.341 6.59605 895.201
  vertex 344.341 10.1969 892.062
 endloop
endfacet
facet normal -0.975286 -0.187438 -0.116982
 outer loop
  vertex 344.341 12.4206 887.834
  vertex 345.217 6.44065 890.24
  vertex 344.341 10.1969 892.062
 endloop
endfacet
facet normal -0.976838 -0.205632 -0.0591916
 outer loop
  vertex 344.341 12.4206 887.834
  vertex 344.341 12.9669 883.088
  vertex 345.217 6.44065 890.24
 endloop
endfacet
facet normal -0.998312 -0.0417128 0.0404111
 outer loop
  vertex 345.815 1.02255E-13 879.625
  vertex 345.815 1.02255E-13 888.375
  vertex 345.217 6.44065 877.76
 endloop
endfacet
facet normal -0.996098 -0.0835645 -0.0283794
 outer loop
  vertex 345.217 6.44065 877.76
  vertex 345.815 1.02255E-13 888.375
  vertex 345.217 6.44065 890.24
 endloop
endfacet
facet normal -0.97981 0.0882371 -0.179405
 outer loop
  vertex 344.294 7.89652 903.037
  vertex 344.294 5.74758 901.772
  vertex 342.7 -9.22211E-14 909.449
 endloop
endfacet
facet normal -0.982631 0.159192 -0.0953588
 outer loop
  vertex 344.294 11.3237 906.63
  vertex 342.7 -9.22211E-14 909.449
  vertex 344.294 13.2215 911.218
 endloop
endfacet
facet normal -0.981096 0.124461 -0.148187
 outer loop
  vertex 344.294 11.3237 906.63
  vertex 344.294 7.89652 903.037
  vertex 342.7 -9.22211E-14 909.449
 endloop
endfacet
facet normal -0.979291 0.0219951 -0.201258
 outer loop
  vertex 344.294 -9.24834E-14 900.489
  vertex 342.7 -9.22211E-14 909.449
  vertex 344.294 3.40291 900.925
 endloop
endfacet
facet normal -0.979417 0.0591529 -0.192987
 outer loop
  vertex 344.294 3.40291 900.925
  vertex 342.7 -9.22211E-14 909.449
  vertex 344.294 5.74758 901.772
 endloop
endfacet
facet normal -0.984433 0.172544 -0.0334669
 outer loop
  vertex 344.294 13.2215 911.218
  vertex 342.7 -9.22211E-14 909.449
  vertex 344.294 13.3337 916.182
 endloop
endfacet
facet normal -0.996129 0.086753 0.0141964
 outer loop
  vertex 344.294 13.3337 916.182
  vertex 342.7 -9.22211E-14 909.449
  vertex 342.7 -9.22211E-14 918.551
 endloop
endfacet
facet normal -0.981262 0.129719 0.142468
 outer loop
  vertex 344.294 11.6451 920.851
  vertex 342.7 -9.22211E-14 918.551
  vertex 344.294 8.38373 924.595
 endloop
endfacet
facet normal -0.982842 0.162039 0.0881188
 outer loop
  vertex 344.294 11.6451 920.851
  vertex 344.294 13.3337 916.182
  vertex 342.7 -9.22211E-14 918.551
 endloop
endfacet
facet normal -0.979415 0.025794 0.200204
 outer loop
  vertex 344.294 -9.20497E-14 927.511
  vertex 344.294 3.99013 926.908
  vertex 342.7 -9.22211E-14 918.551
 endloop
endfacet
facet normal -0.98013 0.0800485 0.181488
 outer loop
  vertex 342.7 -9.22211E-14 918.551
  vertex 344.294 3.99013 926.908
  vertex 344.294 8.38373 924.595
 endloop
endfacet
facet normal -0.965197 -0.0819712 0.248346
 outer loop
  vertex 344.294 -5.74758 926.228
  vertex 344.298 -5.75296 926.239
  vertex 344.294 -0.942359 927.478
 endloop
endfacet
facet normal -0.964074 -0.0512933 0.260635
 outer loop
  vertex 344.294 -0.942359 927.478
  vertex 344.298 -5.75296 926.239
  vertex 344.298 -0.943242 927.491
 endloop
endfacet
facet normal -0.963053 -0.00636281 0.269237
 outer loop
  vertex 344.294 -9.20497E-14 927.511
  vertex 344.298 -0.943242 927.491
  vertex 344.298 -8.48999E-14 927.524
 endloop
endfacet
facet normal -0.963714 0.0526725 0.261689
 outer loop
  vertex 344.294 3.99013 926.908
  vertex 344.298 -8.48999E-14 927.524
  vertex 344.298 3.99387 926.92
 endloop
endfacet
facet normal -0.964074 0.137682 0.227168
 outer loop
  vertex 344.294 8.38373 924.595
  vertex 344.298 3.99387 926.92
  vertex 344.298 8.39158 924.605
 endloop
endfacet
facet normal -0.964074 0.210447 0.162091
 outer loop
  vertex 344.294 11.6451 920.851
  vertex 344.298 8.39158 924.605
  vertex 344.298 11.656 920.858
 endloop
endfacet
facet normal -0.964074 0.25479 0.0751228
 outer loop
  vertex 344.294 13.3337 916.182
  vertex 344.298 11.656 920.858
  vertex 344.298 13.3461 916.184
 endloop
endfacet
facet normal -0.964074 0.264722 -0.021991
 outer loop
  vertex 344.294 13.2215 911.218
  vertex 344.298 13.3461 916.184
  vertex 344.298 13.2339 911.215
 endloop
endfacet
facet normal -0.964074 0.238902 -0.116135
 outer loop
  vertex 344.294 11.3237 906.63
  vertex 344.298 13.2339 911.215
  vertex 344.298 11.3343 906.623
 endloop
endfacet
facet normal -0.964074 0.180817 -0.194594
 outer loop
  vertex 344.294 7.89652 903.037
  vertex 344.298 11.3343 906.623
  vertex 344.298 7.90391 903.026
 endloop
endfacet
facet normal -0.963282 0.129168 -0.235381
 outer loop
  vertex 344.294 5.74758 901.772
  vertex 344.298 7.90391 903.026
  vertex 344.298 5.75296 901.761
 endloop
endfacet
facet normal -0.96444 0.141212 -0.223414
 outer loop
  vertex 344.294 5.74758 901.772
  vertex 344.294 7.89652 903.037
  vertex 344.298 7.90391 903.026
 endloop
endfacet
facet normal -0.922865 -0.132873 0.361477
 outer loop
  vertex 344.298 -5.75296 926.239
  vertex 344.462 -5.8929 926.537
  vertex 344.298 -0.943242 927.491
 endloop
endfacet
facet normal -0.869268 -0.107893 0.482423
 outer loop
  vertex 344.298 -0.943242 927.491
  vertex 344.462 -5.8929 926.537
  vertex 344.462 -0.966187 927.819
 endloop
endfacet
facet normal -0.892426 0.007086 0.451137
 outer loop
  vertex 344.298 -8.48999E-14 927.524
  vertex 344.462 -0.966187 927.819
  vertex 344.375 1.85411 927.59
 endloop
endfacet
facet normal -0.892225 0.10858 0.438344
 outer loop
  vertex 344.298 3.99387 926.92
  vertex 344.375 1.85411 927.59
  vertex 344.462 4.09102 927.235
 endloop
endfacet
facet normal -0.869268 0.245272 0.429202
 outer loop
  vertex 344.298 8.39158 924.605
  vertex 344.462 4.09102 927.235
  vertex 344.462 8.59571 924.863
 endloop
endfacet
facet normal -0.869268 0.383755 0.311616
 outer loop
  vertex 344.298 11.656 920.858
  vertex 344.462 8.59571 924.863
  vertex 344.462 11.9395 921.025
 endloop
endfacet
facet normal -0.869268 0.47041 0.151945
 outer loop
  vertex 344.298 13.3461 916.184
  vertex 344.462 11.9395 921.025
  vertex 344.462 13.6708 916.237
 endloop
endfacet
facet normal -0.869268 0.493533 -0.028247
 outer loop
  vertex 344.298 13.2339 911.215
  vertex 344.462 13.6708 916.237
  vertex 344.462 13.5558 911.148
 endloop
endfacet
facet normal -0.869268 0.450002 -0.204624
 outer loop
  vertex 344.298 11.3343 906.623
  vertex 344.462 13.5558 911.148
  vertex 344.462 11.61 906.443
 endloop
endfacet
facet normal -0.869268 0.345696 -0.353366
 outer loop
  vertex 344.298 7.90391 903.026
  vertex 344.462 11.61 906.443
  vertex 344.462 8.09618 902.76
 endloop
endfacet
facet normal -0.866603 0.245626 -0.434358
 outer loop
  vertex 344.298 5.75296 901.761
  vertex 344.462 8.09618 902.76
  vertex 344.462 5.8929 901.463
 endloop
endfacet
facet normal -0.921582 0.212839 -0.324632
 outer loop
  vertex 344.298 5.75296 901.761
  vertex 344.298 7.90391 903.026
  vertex 344.462 8.09618 902.76
 endloop
endfacet
facet normal -0.790046 -0.192859 0.581922
 outer loop
  vertex 344.462 -5.8929 926.537
  vertex 344.5 -5.9132 926.58
  vertex 344.462 -0.966187 927.819
 endloop
endfacet
facet normal -0.777529 -0.122149 0.616869
 outer loop
  vertex 344.462 -0.966187 927.819
  vertex 344.5 -5.9132 926.58
  vertex 344.5 -0.969515 927.867
 endloop
endfacet
facet normal -0.777529 0.0351198 0.627865
 outer loop
  vertex 344.5 4.10511 927.28
  vertex 344.462 -0.966187 927.819
  vertex 344.5 -0.969515 927.867
 endloop
endfacet
facet normal -0.821074 0.0716279 0.566311
 outer loop
  vertex 344.5 4.10511 927.28
  vertex 344.375 1.85411 927.59
  vertex 344.462 -0.966187 927.819
 endloop
endfacet
facet normal -0.818433 0.145123 0.555974
 outer loop
  vertex 344.5 4.10511 927.28
  vertex 344.462 4.09102 927.235
  vertex 344.375 1.85411 927.59
 endloop
endfacet
facet normal -0.790046 0.249514 0.559974
 outer loop
  vertex 344.5 4.10511 927.28
  vertex 344.462 8.59571 924.863
  vertex 344.462 4.09102 927.235
 endloop
endfacet
facet normal -0.777529 0.325313 0.538163
 outer loop
  vertex 344.5 4.10511 927.28
  vertex 344.5 8.62531 924.901
  vertex 344.462 8.59571 924.863
 endloop
endfacet
facet normal -0.790046 0.434951 0.432025
 outer loop
  vertex 344.462 8.59571 924.863
  vertex 344.5 8.62531 924.901
  vertex 344.462 11.9395 921.025
 endloop
endfacet
facet normal -0.777529 0.497752 0.384306
 outer loop
  vertex 344.462 11.9395 921.025
  vertex 344.5 8.62531 924.901
  vertex 344.5 11.9806 921.049
 endloop
endfacet
facet normal -0.777529 0.602967 0.178545
 outer loop
  vertex 344.462 13.6708 916.237
  vertex 344.5 11.9806 921.049
  vertex 344.5 13.7179 916.245
 endloop
endfacet
facet normal -0.777529 0.626748 -0.0513283
 outer loop
  vertex 344.462 13.5558 911.148
  vertex 344.5 13.7179 916.245
  vertex 344.5 13.6025 911.138
 endloop
endfacet
facet normal -0.777529 0.565884 -0.27427
 outer loop
  vertex 344.462 11.61 906.443
  vertex 344.5 13.6025 911.138
  vertex 344.5 11.65 906.417
 endloop
endfacet
facet normal -0.777529 0.428593 -0.46017
 outer loop
  vertex 344.462 8.09618 902.76
  vertex 344.5 11.65 906.417
  vertex 344.5 8.12406 902.721
 endloop
endfacet
facet normal -0.773952 0.304966 -0.554972
 outer loop
  vertex 344.462 5.8929 901.463
  vertex 344.5 8.12406 902.721
  vertex 344.5 5.9132 901.42
 endloop
endfacet
facet normal -0.786679 0.330164 -0.521659
 outer loop
  vertex 344.462 5.8929 901.463
  vertex 344.462 8.09618 902.76
  vertex 344.5 8.12406 902.721
 endloop
endfacet
facet normal -0.965197 0.200431 -0.167996
 outer loop
  vertex 344.294 7.89652 903.037
  vertex 344.294 11.3237 906.63
  vertex 344.298 11.3343 906.623
 endloop
endfacet
facet normal -0.965197 0.247583 -0.0842476
 outer loop
  vertex 344.294 11.3237 906.63
  vertex 344.294 13.2215 911.218
  vertex 344.298 13.2339 911.215
 endloop
endfacet
facet normal -0.965197 0.261298 0.0108788
 outer loop
  vertex 344.294 13.2215 911.218
  vertex 344.294 13.3337 916.182
  vertex 344.298 13.3461 916.184
 endloop
endfacet
facet normal -0.965197 0.239723 0.104536
 outer loop
  vertex 344.294 13.3337 916.182
  vertex 344.294 11.6451 920.851
  vertex 344.298 11.656 920.858
 endloop
endfacet
facet normal -0.965197 0.185773 0.184075
 outer loop
  vertex 344.294 11.6451 920.851
  vertex 344.294 8.38373 924.595
  vertex 344.298 8.39158 924.605
 endloop
endfacet
facet normal -0.965197 0.106732 0.238754
 outer loop
  vertex 344.294 8.38373 924.595
  vertex 344.294 3.99013 926.908
  vertex 344.298 3.99387 926.92
 endloop
endfacet
facet normal -0.964853 0.0257118 0.261529
 outer loop
  vertex 344.294 3.99013 926.908
  vertex 344.294 -9.20497E-14 927.511
  vertex 344.298 -8.48999E-14 927.524
 endloop
endfacet
facet normal -0.964222 -0.0124313 0.264804
 outer loop
  vertex 344.294 -0.942359 927.478
  vertex 344.298 -0.943242 927.491
  vertex 344.294 -9.20497E-14 927.511
 endloop
endfacet
facet normal -0.921213 -0.0206874 0.388509
 outer loop
  vertex 344.298 -0.943242 927.491
  vertex 344.462 -0.966187 927.819
  vertex 344.298 -8.48999E-14 927.524
 endloop
endfacet
facet normal -0.941265 0.0482145 0.334209
 outer loop
  vertex 344.298 -8.48999E-14 927.524
  vertex 344.375 1.85411 927.59
  vertex 344.298 3.99387 926.92
 endloop
endfacet
facet normal -0.922865 0.264354 0.280068
 outer loop
  vertex 344.298 8.39158 924.605
  vertex 344.462 8.59571 924.863
  vertex 344.298 11.656 920.858
 endloop
endfacet
facet normal -0.922865 0.145331 0.356651
 outer loop
  vertex 344.298 3.99387 926.92
  vertex 344.462 4.09102 927.235
  vertex 344.298 8.39158 924.605
 endloop
endfacet
facet normal -0.790046 0.561645 0.245729
 outer loop
  vertex 344.462 11.9395 921.025
  vertex 344.5 11.9806 921.049
  vertex 344.462 13.6708 916.237
 endloop
endfacet
facet normal -0.922865 0.347675 0.165659
 outer loop
  vertex 344.298 11.656 920.858
  vertex 344.462 11.9395 921.025
  vertex 344.298 13.3461 916.184
 endloop
endfacet
facet normal -0.790046 0.612486 0.0262461
 outer loop
  vertex 344.462 13.6708 916.237
  vertex 344.5 13.7179 916.245
  vertex 344.462 13.5558 911.148
 endloop
endfacet
facet normal -0.922865 0.38404 0.0288782
 outer loop
  vertex 344.298 13.3461 916.184
  vertex 344.462 13.6708 916.237
  vertex 344.298 13.2339 911.215
 endloop
endfacet
facet normal -0.790046 0.580607 -0.196782
 outer loop
  vertex 344.462 13.5558 911.148
  vertex 344.5 13.6025 911.138
  vertex 344.462 11.61 906.443
 endloop
endfacet
facet normal -0.922865 0.368539 -0.111803
 outer loop
  vertex 344.298 13.2339 911.215
  vertex 344.462 13.5558 911.148
  vertex 344.298 11.3343 906.623
 endloop
endfacet
facet normal -0.790046 0.470314 -0.393233
 outer loop
  vertex 344.462 11.61 906.443
  vertex 344.5 11.65 906.417
  vertex 344.462 8.09618 902.76
 endloop
endfacet
facet normal -0.922865 0.303264 -0.237385
 outer loop
  vertex 344.298 11.3343 906.623
  vertex 344.462 11.61 906.443
  vertex 344.298 7.90391 903.026
 endloop
endfacet
facet normal -0.923982 -0.130176 0.359599
 outer loop
  vertex 344.347 -5.164 896.499
  vertex 344.5 -5.2838 896.789
  vertex 344.347 -2.77941 897.235
 endloop
endfacet
facet normal -0.999504 -0.0126171 0.0288531
 outer loop
  vertex 344.314 -2.7042 896.877
  vertex 344.347 -2.77941 897.235
  vertex 344.314 1.02311E-13 897.158
 endloop
endfacet
facet normal -0.980177 -0.0135915 -0.197656
 outer loop
  vertex 344.341 1.02867E-13 896.999
  vertex 344.314 1.02311E-13 897.158
  vertex 344.341 2.10435 896.827
 endloop
endfacet
facet normal -0.989413 0.00633987 -0.14499
 outer loop
  vertex 344.341 1.02867E-13 896.999
  vertex 344.314 -2.7042 896.877
  vertex 344.314 1.02311E-13 897.158
 endloop
endfacet
facet normal -0.980254 0.0235971 -0.196328
 outer loop
  vertex 344.341 1.02867E-13 896.999
  vertex 344.341 -2.67156 896.721
  vertex 344.314 -2.7042 896.877
 endloop
endfacet
facet normal -0.989398 0.0353726 -0.140858
 outer loop
  vertex 344.314 -2.7042 896.877
  vertex 344.341 -2.67156 896.721
  vertex 344.314 -5.02427 896.161
 endloop
endfacet
facet normal -0.999512 -0.0170243 0.0261785
 outer loop
  vertex 344.347 -5.164 896.499
  vertex 344.314 -2.7042 896.877
  vertex 344.314 -5.02427 896.161
 endloop
endfacet
facet normal -0.988164 -0.0479897 0.1457
 outer loop
  vertex 344.347 -5.164 896.499
  vertex 344.347 -2.77941 897.235
  vertex 344.314 -2.7042 896.877
 endloop
endfacet
facet normal -0.980691 -0.170371 -0.0960156
 outer loop
  vertex 344.341 12.4206 887.834
  vertex 344.341 10.1969 892.062
  vertex 344.314 10.3215 892.16
 endloop
endfacet
facet normal -0.999416 0.0183181 0.0288616
 outer loop
  vertex 344.314 12.5724 887.881
  vertex 344.314 10.3215 892.16
  vertex 344.347 10.6086 892.387
 endloop
endfacet
facet normal -0.925241 0.317199 0.208119
 outer loop
  vertex 344.347 12.9221 887.989
  vertex 344.347 10.6086 892.387
  vertex 344.5 10.8547 892.582
 endloop
endfacet
facet normal -0.875439 0.435445 0.209749
 outer loop
  vertex 344.5 13.2218 888.081
  vertex 344.347 12.9221 887.989
  vertex 344.5 10.8547 892.582
 endloop
endfacet
facet normal -0.925241 0.37096 0.0794795
 outer loop
  vertex 344.5 13.2218 888.081
  vertex 344.347 13.4904 883.051
  vertex 344.347 12.9221 887.989
 endloop
endfacet
facet normal -0.875439 0.481811 0.0382846
 outer loop
  vertex 344.5 13.2218 888.081
  vertex 344.5 13.8033 883.029
  vertex 344.347 13.4904 883.051
 endloop
endfacet
facet normal -0.925241 0.374621 -0.0598938
 outer loop
  vertex 344.347 13.4904 883.051
  vertex 344.5 13.8033 883.029
  vertex 344.347 12.2367 878.242
 endloop
endfacet
facet normal -0.999416 0.0340009 -0.00353294
 outer loop
  vertex 344.314 11.9056 878.398
  vertex 344.347 12.2367 878.242
  vertex 344.314 9.07794 874.475
 endloop
endfacet
facet normal -0.980691 -0.111326 0.160785
 outer loop
  vertex 344.341 8.96835 874.59
  vertex 344.314 9.07794 874.475
  vertex 344.341 4.96362 871.986
 endloop
endfacet
facet normal -0.989575 -0.107134 0.0962505
 outer loop
  vertex 344.341 8.96835 874.59
  vertex 344.314 11.9056 878.398
  vertex 344.314 9.07794 874.475
 endloop
endfacet
facet normal -0.980691 -0.16189 0.109712
 outer loop
  vertex 344.341 8.96835 874.59
  vertex 344.341 11.7619 878.466
  vertex 344.314 11.9056 878.398
 endloop
endfacet
facet normal -0.989575 -0.134669 0.0510496
 outer loop
  vertex 344.314 11.9056 878.398
  vertex 344.341 11.7619 878.466
  vertex 344.314 13.1253 883.077
 endloop
endfacet
facet normal -0.988448 0.149801 0.0230205
 outer loop
  vertex 344.347 13.4904 883.051
  vertex 344.314 13.1253 883.077
  vertex 344.347 12.9221 887.989
 endloop
endfacet
facet normal -0.999416 0.0329812 0.00898819
 outer loop
  vertex 344.347 13.4904 883.051
  vertex 344.314 11.9056 878.398
  vertex 344.314 13.1253 883.077
 endloop
endfacet
facet normal -0.988448 0.148001 -0.0326482
 outer loop
  vertex 344.347 13.4904 883.051
  vertex 344.347 12.2367 878.242
  vertex 344.314 11.9056 878.398
 endloop
endfacet
facet normal -0.875439 0.33027 0.352886
 outer loop
  vertex 344.5 10.8547 892.582
  vertex 344.347 10.6086 892.387
  vertex 344.5 7.02153 895.924
 endloop
endfacet
facet normal -0.925241 0.220598 0.30865
 outer loop
  vertex 344.5 7.02153 895.924
  vertex 344.347 10.6086 892.387
  vertex 344.347 6.86233 895.653
 endloop
endfacet
facet normal -0.925241 0.0942039 0.367497
 outer loop
  vertex 344.5 2.24009 897.655
  vertex 344.347 6.86233 895.653
  vertex 344.347 2.1893 897.345
 endloop
endfacet
facet normal -0.988143 0.00993948 0.153216
 outer loop
  vertex 344.347 1.02067E-13 897.524
  vertex 344.347 2.1893 897.345
  vertex 344.314 2.13006 896.984
 endloop
endfacet
facet normal -0.989384 -0.0185841 -0.14413
 outer loop
  vertex 344.314 1.02311E-13 897.158
  vertex 344.314 2.13006 896.984
  vertex 344.341 2.10435 896.827
 endloop
endfacet
facet normal -0.99952 -0.00505532 0.030576
 outer loop
  vertex 344.314 1.02311E-13 897.158
  vertex 344.347 1.02067E-13 897.524
  vertex 344.314 2.13006 896.984
 endloop
endfacet
facet normal -0.988189 -0.019038 0.152056
 outer loop
  vertex 344.314 1.02311E-13 897.158
  vertex 344.347 -2.77941 897.235
  vertex 344.347 1.02067E-13 897.524
 endloop
endfacet
facet normal -0.92409 -0.0598366 0.377463
 outer loop
  vertex 344.347 1.02067E-13 897.524
  vertex 344.347 -2.77941 897.235
  vertex 344.5 -2.84388 897.542
 endloop
endfacet
facet normal -0.874905 -0.00869012 0.484217
 outer loop
  vertex 344.5 2.24009 897.655
  vertex 344.347 1.02067E-13 897.524
  vertex 344.5 -2.84388 897.542
 endloop
endfacet
facet normal -0.923887 0.0471221 0.379754
 outer loop
  vertex 344.5 2.24009 897.655
  vertex 344.347 2.1893 897.345
  vertex 344.347 1.02067E-13 897.524
 endloop
endfacet
facet normal -0.875439 0.463105 -0.138351
 outer loop
  vertex 344.5 13.8033 883.029
  vertex 344.5 12.5206 878.109
  vertex 344.347 12.2367 878.242
 endloop
endfacet
facet normal -0.925241 0.327688 -0.191178
 outer loop
  vertex 344.347 12.2367 878.242
  vertex 344.5 12.5206 878.109
  vertex 344.347 9.33041 874.211
 endloop
endfacet
facet normal -0.999416 0.0304287 -0.0155769
 outer loop
  vertex 344.314 9.07794 874.475
  vertex 344.347 9.33041 874.211
  vertex 344.314 5.02427 871.839
 endloop
endfacet
facet normal -0.989575 -0.0651299 0.128452
 outer loop
  vertex 344.341 4.96362 871.986
  vertex 344.314 9.07794 874.475
  vertex 344.314 5.02427 871.839
 endloop
endfacet
facet normal -0.875439 0.381855 -0.296301
 outer loop
  vertex 344.5 12.5206 878.109
  vertex 344.5 9.54686 873.983
  vertex 344.347 9.33041 874.211
 endloop
endfacet
facet normal -0.925241 0.236498 -0.296643
 outer loop
  vertex 344.347 9.33041 874.211
  vertex 344.5 9.54686 873.983
  vertex 344.347 5.164 871.501
 endloop
endfacet
facet normal -0.988448 0.087379 -0.123835
 outer loop
  vertex 344.314 5.02427 871.839
  vertex 344.347 9.33041 874.211
  vertex 344.347 5.164 871.501
 endloop
endfacet
facet normal -0.875439 0.249033 -0.414234
 outer loop
  vertex 344.5 9.54686 873.983
  vertex 344.5 5.2838 871.211
  vertex 344.347 5.164 871.501
 endloop
endfacet
facet normal -0.980691 -0.190591 0.0438216
 outer loop
  vertex 344.341 11.7619 878.466
  vertex 344.341 12.9669 883.088
  vertex 344.314 13.1253 883.077
 endloop
endfacet
facet normal -0.989575 -0.144017 -0.00104585
 outer loop
  vertex 344.314 13.1253 883.077
  vertex 344.341 12.9669 883.088
  vertex 344.314 12.5724 887.881
 endloop
endfacet
facet normal -0.988448 0.131369 0.0755803
 outer loop
  vertex 344.347 12.9221 887.989
  vertex 344.314 12.5724 887.881
  vertex 344.347 10.6086 892.387
 endloop
endfacet
facet normal -0.999416 0.0275071 0.0202954
 outer loop
  vertex 344.347 12.9221 887.989
  vertex 344.314 13.1253 883.077
  vertex 344.314 12.5724 887.881
 endloop
endfacet
facet normal -0.980691 -0.193551 -0.0279869
 outer loop
  vertex 344.341 12.9669 883.088
  vertex 344.341 12.4206 887.834
  vertex 344.314 12.5724 887.881
 endloop
endfacet
facet normal -0.989575 -0.133914 -0.053
 outer loop
  vertex 344.314 12.5724 887.881
  vertex 344.341 12.4206 887.834
  vertex 344.314 10.3215 892.16
 endloop
endfacet
facet normal -0.989575 -0.105725 -0.0977963
 outer loop
  vertex 344.314 10.3215 892.16
  vertex 344.341 10.1969 892.062
  vertex 344.314 6.67665 895.338
 endloop
endfacet
facet normal -0.988448 0.0461647 0.144357
 outer loop
  vertex 344.347 6.86233 895.653
  vertex 344.314 6.67665 895.338
  vertex 344.347 2.1893 897.345
 endloop
endfacet
facet normal -0.999416 0.00665508 0.0335299
 outer loop
  vertex 344.347 6.86233 895.653
  vertex 344.314 10.3215 892.16
  vertex 344.314 6.67665 895.338
 endloop
endfacet
facet normal -0.988448 0.0951952 0.117932
 outer loop
  vertex 344.347 6.86233 895.653
  vertex 344.347 10.6086 892.387
  vertex 344.314 10.3215 892.16
 endloop
endfacet
facet normal -0.980691 -0.0612201 -0.185734
 outer loop
  vertex 344.341 2.10435 896.827
  vertex 344.314 2.13006 896.984
  vertex 344.341 6.59605 895.201
 endloop
endfacet
facet normal -0.989575 -0.0632575 -0.129385
 outer loop
  vertex 344.341 6.59605 895.201
  vertex 344.314 2.13006 896.984
  vertex 344.314 6.67665 895.338
 endloop
endfacet
facet normal -0.980691 -0.124181 -0.151077
 outer loop
  vertex 344.341 10.1969 892.062
  vertex 344.341 6.59605 895.201
  vertex 344.314 6.67665 895.338
 endloop
endfacet
facet normal -0.980213 0.061096 -0.188279
 outer loop
  vertex 344.341 -2.67156 896.721
  vertex 344.341 -4.96362 896.014
  vertex 344.314 -5.02427 896.161
 endloop
endfacet
facet normal -0.872876 -0.135732 0.468683
 outer loop
  vertex 344.5 -2.84388 897.542
  vertex 344.347 -2.77941 897.235
  vertex 344.5 -5.2838 896.789
 endloop
endfacet
facet normal -0.875439 0.180491 0.448364
 outer loop
  vertex 344.5 7.02153 895.924
  vertex 344.347 6.86233 895.653
  vertex 344.5 2.24009 897.655
 endloop
endfacet
facet normal -0.999416 -0.00590672 0.0336698
 outer loop
  vertex 344.314 2.13006 896.984
  vertex 344.347 2.1893 897.345
  vertex 344.314 6.67665 895.338
 endloop
endfacet
facet normal -0.988448 0.126213 -0.0839077
 outer loop
  vertex 344.347 9.33041 874.211
  vertex 344.314 9.07794 874.475
  vertex 344.347 12.2367 878.242
 endloop
endfacet
facet normal -0.980691 -0.0457261 0.190143
 outer loop
  vertex 344.341 4.96362 871.986
  vertex 344.314 5.02427 871.839
  vertex 344.341 0.288516 871.004
 endloop
endfacet
facet normal -0.989575 -0.0143296 0.143306
 outer loop
  vertex 344.341 0.288516 871.004
  vertex 344.314 5.02427 871.839
  vertex 344.314 0.292042 870.846
 endloop
endfacet
facet normal -0.989555 0.00981902 0.143818
 outer loop
  vertex 344.341 1.02E-13 871.001
  vertex 344.314 0.292042 870.846
  vertex 344.314 -4.47963 871.628
 endloop
endfacet
facet normal -0.980691 0.0943064 0.171323
 outer loop
  vertex 344.341 -4.42555 871.778
  vertex 344.314 -4.47963 871.628
  vertex 344.341 -8.54192 874.202
 endloop
endfacet
facet normal -0.980617 0.0391041 0.191991
 outer loop
  vertex 344.341 -4.42555 871.778
  vertex 344.341 1.02E-13 871.001
  vertex 344.314 -4.47963 871.628
 endloop
endfacet
facet normal -0.999416 0.0227469 -0.0255171
 outer loop
  vertex 344.314 5.02427 871.839
  vertex 344.347 5.164 871.501
  vertex 344.314 0.292042 870.846
 endloop
endfacet
facet normal -0.988448 0.0367442 -0.147038
 outer loop
  vertex 344.314 0.292042 870.846
  vertex 344.347 5.164 871.501
  vertex 344.347 0.300164 870.48
 endloop
endfacet
facet normal -0.988448 -0.0188531 -0.150382
 outer loop
  vertex 344.314 -4.47963 871.628
  vertex 344.347 0.300164 870.48
  vertex 344.347 -4.60421 871.284
 endloop
endfacet
facet normal -0.988448 -0.0719043 -0.133416
 outer loop
  vertex 344.314 -8.6463 874.082
  vertex 344.347 -4.60421 871.284
  vertex 344.347 -8.88676 873.806
 endloop
endfacet
facet normal -0.988448 -0.115244 -0.0984323
 outer loop
  vertex 344.314 -11.6452 877.875
  vertex 344.347 -8.88676 873.806
  vertex 344.347 -11.9691 877.705
 endloop
endfacet
facet normal -0.988448 -0.14302 -0.0501544
 outer loop
  vertex 344.314 -13.0714 882.495
  vertex 344.347 -11.9691 877.705
  vertex 344.347 -13.435 882.454
 endloop
endfacet
facet normal -0.988448 -0.15148 0.00489722
 outer loop
  vertex 344.314 -12.7322 887.319
  vertex 344.347 -13.435 882.454
  vertex 344.347 -13.0863 887.411
 endloop
endfacet
facet normal -0.988448 -0.139482 0.0592874
 outer loop
  vertex 344.314 -10.6735 891.694
  vertex 344.347 -13.0863 887.411
  vertex 344.347 -10.9703 891.908
 endloop
endfacet
facet normal -0.988448 -0.108646 0.105671
 outer loop
  vertex 344.314 -7.17325 895.03
  vertex 344.347 -10.9703 891.908
  vertex 344.347 -7.37274 895.337
 endloop
endfacet
facet normal -0.988164 -0.0739449 0.134401
 outer loop
  vertex 344.314 -5.02427 896.161
  vertex 344.347 -7.37274 895.337
  vertex 344.347 -5.164 896.499
 endloop
endfacet
facet normal -0.999512 -0.0215447 0.0226046
 outer loop
  vertex 344.314 -5.02427 896.161
  vertex 344.314 -7.17325 895.03
  vertex 344.347 -7.37274 895.337
 endloop
endfacet
facet normal -0.989398 0.0606529 -0.13196
 outer loop
  vertex 344.314 -5.02427 896.161
  vertex 344.341 -4.96362 896.014
  vertex 344.314 -7.17325 895.03
 endloop
endfacet
facet normal -0.980213 0.0946518 -0.173846
 outer loop
  vertex 344.314 -7.17325 895.03
  vertex 344.341 -4.96362 896.014
  vertex 344.341 -7.08665 894.897
 endloop
endfacet
facet normal -0.980691 0.138974 -0.137591
 outer loop
  vertex 344.314 -10.6735 891.694
  vertex 344.341 -7.08665 894.897
  vertex 344.341 -10.5447 891.601
 endloop
endfacet
facet normal -0.980691 0.179293 -0.0780964
 outer loop
  vertex 344.314 -12.7322 887.319
  vertex 344.341 -10.5447 891.601
  vertex 344.341 -12.5785 887.279
 endloop
endfacet
facet normal -0.980691 0.195398 -0.00805447
 outer loop
  vertex 344.314 -13.0714 882.495
  vertex 344.341 -12.5785 887.279
  vertex 344.341 -12.9136 882.514
 endloop
endfacet
facet normal -0.980691 0.185113 0.0630752
 outer loop
  vertex 344.314 -11.6452 877.875
  vertex 344.341 -12.9136 882.514
  vertex 344.341 -11.5047 877.949
 endloop
endfacet
facet normal -0.980691 0.149827 0.125686
 outer loop
  vertex 344.314 -8.6463 874.082
  vertex 344.341 -11.5047 877.949
  vertex 344.341 -8.54192 874.202
 endloop
endfacet
facet normal -0.989575 0.0859548 0.115558
 outer loop
  vertex 344.314 -4.47963 871.628
  vertex 344.314 -8.6463 874.082
  vertex 344.341 -8.54192 874.202
 endloop
endfacet
facet normal -0.999416 -0.000380658 -0.0341819
 outer loop
  vertex 344.314 -4.47963 871.628
  vertex 344.347 -4.60421 871.284
  vertex 344.314 -8.6463 874.082
 endloop
endfacet
facet normal -0.925241 0.113368 -0.362044
 outer loop
  vertex 344.347 5.164 871.501
  vertex 344.5 5.2838 871.211
  vertex 344.347 0.300164 870.48
 endloop
endfacet
facet normal -0.875439 0.0825772 -0.476223
 outer loop
  vertex 344.347 0.300164 870.48
  vertex 344.5 5.2838 871.211
  vertex 344.5 0.307127 870.166
 endloop
endfacet
facet normal -0.87203 0.00645847 -0.48941
 outer loop
  vertex 344.5 2.09396E-13 870.163
  vertex 344.347 0.300164 870.48
  vertex 344.5 0.307127 870.166
 endloop
endfacet
facet normal -0.925113 -0.0294823 -0.378546
 outer loop
  vertex 344.5 2.09396E-13 870.163
  vertex 344.347 -4.60421 871.284
  vertex 344.347 0.300164 870.48
 endloop
endfacet
facet normal -0.875042 -0.0994086 -0.473729
 outer loop
  vertex 344.5 2.09396E-13 870.163
  vertex 344.5 -4.71102 870.989
  vertex 344.347 -4.60421 871.284
 endloop
endfacet
facet normal -0.925241 -0.160127 -0.34393
 outer loop
  vertex 344.347 -4.60421 871.284
  vertex 344.5 -4.71102 870.989
  vertex 344.347 -8.88676 873.806
 endloop
endfacet
facet normal -0.875439 -0.259804 -0.407565
 outer loop
  vertex 344.347 -8.88676 873.806
  vertex 344.5 -4.71102 870.989
  vertex 344.5 -9.09292 873.57
 endloop
endfacet
facet normal -0.875439 -0.389489 -0.286191
 outer loop
  vertex 344.347 -11.9691 877.705
  vertex 344.5 -9.09292 873.57
  vertex 344.5 -12.2468 877.559
 endloop
endfacet
facet normal -0.875439 -0.466572 -0.126165
 outer loop
  vertex 344.347 -13.435 882.454
  vertex 344.5 -12.2468 877.559
  vertex 344.5 -13.7466 882.418
 endloop
endfacet
facet normal -0.875439 -0.480642 0.0508997
 outer loop
  vertex 344.347 -13.0863 887.411
  vertex 344.5 -13.7466 882.418
  vertex 344.5 -13.3899 887.49
 endloop
endfacet
facet normal -0.875439 -0.429798 0.22109
 outer loop
  vertex 344.347 -10.9703 891.908
  vertex 344.5 -13.3899 887.49
  vertex 344.5 -11.2248 892.092
 endloop
endfacet
facet normal -0.875439 -0.320908 0.361422
 outer loop
  vertex 344.347 -7.37274 895.337
  vertex 344.5 -11.2248 892.092
  vertex 344.5 -7.54378 895.6
 endloop
endfacet
facet normal -0.872876 -0.219541 0.435762
 outer loop
  vertex 344.347 -5.164 896.499
  vertex 344.5 -7.54378 895.6
  vertex 344.5 -5.2838 896.789
 endloop
endfacet
facet normal -0.923982 -0.194035 0.329556
 outer loop
  vertex 344.347 -5.164 896.499
  vertex 344.347 -7.37274 895.337
  vertex 344.5 -7.54378 895.6
 endloop
endfacet
facet normal -0.980055 -0.00254786 0.19871
 outer loop
  vertex 344.341 1.02E-13 871.001
  vertex 344.341 0.288516 871.004
  vertex 344.314 0.292042 870.846
 endloop
endfacet
facet normal -0.999416 0.011993 -0.0320112
 outer loop
  vertex 344.314 0.292042 870.846
  vertex 344.347 0.300164 870.48
  vertex 344.314 -4.47963 871.628
 endloop
endfacet
facet normal -0.925241 -0.273556 -0.26286
 outer loop
  vertex 344.347 -8.88676 873.806
  vertex 344.5 -9.09292 873.57
  vertex 344.347 -11.9691 877.705
 endloop
endfacet
facet normal -0.989575 0.121895 0.0767042
 outer loop
  vertex 344.341 -11.5047 877.949
  vertex 344.314 -8.6463 874.082
  vertex 344.314 -11.6452 877.875
 endloop
endfacet
facet normal -0.999416 -0.0127029 -0.0317361
 outer loop
  vertex 344.314 -11.6452 877.875
  vertex 344.314 -8.6463 874.082
  vertex 344.347 -8.88676 873.806
 endloop
endfacet
facet normal -0.925241 -0.350039 -0.14629
 outer loop
  vertex 344.347 -11.9691 877.705
  vertex 344.5 -12.2468 877.559
  vertex 344.347 -13.435 882.454
 endloop
endfacet
facet normal -0.989575 0.141372 0.027491
 outer loop
  vertex 344.341 -12.9136 882.514
  vertex 344.314 -11.6452 877.875
  vertex 344.314 -13.0714 882.495
 endloop
endfacet
facet normal -0.999416 -0.0233095 -0.0250043
 outer loop
  vertex 344.314 -13.0714 882.495
  vertex 344.314 -11.6452 877.875
  vertex 344.347 -11.9691 877.705
 endloop
endfacet
facet normal -0.925241 -0.379248 -0.00996251
 outer loop
  vertex 344.347 -13.435 882.454
  vertex 344.5 -13.7466 882.418
  vertex 344.347 -13.0863 887.411
 endloop
endfacet
facet normal -0.989575 0.141757 -0.0254349
 outer loop
  vertex 344.341 -12.5785 887.279
  vertex 344.314 -13.0714 882.495
  vertex 344.314 -12.7322 887.319
 endloop
endfacet
facet normal -0.999416 -0.030768 -0.0148954
 outer loop
  vertex 344.314 -12.7322 887.319
  vertex 344.314 -13.0714 882.495
  vertex 344.347 -13.435 882.454
 endloop
endfacet
facet normal -0.925241 -0.357237 0.12771
 outer loop
  vertex 344.347 -13.0863 887.411
  vertex 344.5 -13.3899 887.49
  vertex 344.347 -10.9703 891.908
 endloop
endfacet
facet normal -0.989575 0.122996 -0.0749258
 outer loop
  vertex 344.341 -10.5447 891.601
  vertex 344.314 -12.7322 887.319
  vertex 344.314 -10.6735 891.694
 endloop
endfacet
facet normal -0.999416 -0.0340712 -0.00277487
 outer loop
  vertex 344.314 -10.6735 891.694
  vertex 344.314 -12.7322 887.319
  vertex 344.347 -13.0863 887.411
 endloop
endfacet
facet normal -0.925241 -0.286979 0.248135
 outer loop
  vertex 344.347 -10.9703 891.908
  vertex 344.5 -11.2248 892.092
  vertex 344.347 -7.37274 895.337
 endloop
endfacet
facet normal -0.989575 0.087624 -0.114297
 outer loop
  vertex 344.341 -7.08665 894.897
  vertex 344.314 -10.6735 891.694
  vertex 344.314 -7.17325 895.03
 endloop
endfacet
facet normal -0.999416 -0.0327728 0.00972044
 outer loop
  vertex 344.314 -7.17325 895.03
  vertex 344.314 -10.6735 891.694
  vertex 344.347 -10.9703 891.908
 endloop
endfacet
facet normal -0.777529 -0.336739 0.531088
 outer loop
  vertex 344.5 -5.9132 926.58
  vertex 344.462 -5.8929 926.537
  vertex 344.5 -10.0583 923.594
 endloop
endfacet
facet normal -0.790046 -0.39005 0.472957
 outer loop
  vertex 344.5 -10.0583 923.594
  vertex 344.462 -5.8929 926.537
  vertex 344.462 -10.0238 923.561
 endloop
endfacet
facet normal -0.790046 -0.534563 0.300117
 outer loop
  vertex 344.5 -12.8449 919.313
  vertex 344.462 -10.0238 923.561
  vertex 344.462 -12.8008 919.295
 endloop
endfacet
facet normal -0.790046 -0.60688 0.0867448
 outer loop
  vertex 344.5 -13.8968 914.314
  vertex 344.462 -12.8008 919.295
  vertex 344.462 -13.8491 914.313
 endloop
endfacet
facet normal -0.790046 -0.597234 -0.138343
 outer loop
  vertex 344.5 -13.0718 909.273
  vertex 344.462 -13.8491 914.313
  vertex 344.462 -13.027 909.289
 endloop
endfacet
facet normal -0.790046 -0.506929 -0.344747
 outer loop
  vertex 344.5 -10.4814 904.87
  vertex 344.462 -13.027 909.289
  vertex 344.462 -10.4455 904.901
 endloop
endfacet
facet normal -0.790046 -0.34816 -0.504591
 outer loop
  vertex 344.5 -6.47547 901.7
  vertex 344.462 -10.4455 904.901
  vertex 344.462 -6.45324 901.742
 endloop
endfacet
facet normal -0.790046 -0.14237 -0.596287
 outer loop
  vertex 344.5 -1.59495 900.191
  vertex 344.462 -6.45324 901.742
  vertex 344.462 -1.58948 900.239
 endloop
endfacet
facet normal -0.785989 -0.0230716 -0.617809
 outer loop
  vertex 344.5 2.50467E-14 900.1
  vertex 344.462 -1.58948 900.239
  vertex 344.462 9.24354E-15 900.147
 endloop
endfacet
facet normal -0.787688 0.105522 -0.60697
 outer loop
  vertex 344.5 3.50097 900.548
  vertex 344.462 9.24354E-15 900.147
  vertex 344.462 3.48895 900.594
 endloop
endfacet
facet normal -0.786679 0.228687 -0.573444
 outer loop
  vertex 344.5 5.9132 901.42
  vertex 344.462 3.48895 900.594
  vertex 344.462 5.8929 901.463
 endloop
endfacet
facet normal -0.773952 0.197798 -0.60156
 outer loop
  vertex 344.5 5.9132 901.42
  vertex 344.5 3.50097 900.548
  vertex 344.462 3.48895 900.594
 endloop
endfacet
facet normal -0.869268 -0.274879 0.410871
 outer loop
  vertex 344.462 -5.8929 926.537
  vertex 344.298 -5.75296 926.239
  vertex 344.462 -10.0238 923.561
 endloop
endfacet
facet normal -0.922865 -0.254481 0.289068
 outer loop
  vertex 344.462 -10.0238 923.561
  vertex 344.298 -5.75296 926.239
  vertex 344.298 -9.78571 923.334
 endloop
endfacet
facet normal -0.922865 -0.34172 0.177618
 outer loop
  vertex 344.462 -12.8008 919.295
  vertex 344.298 -9.78571 923.334
  vertex 344.298 -12.4968 919.169
 endloop
endfacet
facet normal -0.922865 -0.382808 0.0421808
 outer loop
  vertex 344.462 -13.8491 914.313
  vertex 344.298 -12.4968 919.169
  vertex 344.298 -13.5202 914.306
 endloop
endfacet
facet normal -0.922865 -0.372195 -0.0989537
 outer loop
  vertex 344.462 -13.027 909.289
  vertex 344.298 -13.5202 914.306
  vertex 344.298 -12.7176 909.401
 endloop
endfacet
facet normal -0.922865 -0.311315 -0.226724
 outer loop
  vertex 344.462 -10.4455 904.901
  vertex 344.298 -12.7176 909.401
  vertex 344.298 -10.1974 905.117
 endloop
endfacet
facet normal -0.922865 -0.208391 -0.323874
 outer loop
  vertex 344.462 -6.45324 901.742
  vertex 344.298 -10.1974 905.117
  vertex 344.298 -6.29999 902.033
 endloop
endfacet
facet normal -0.922865 -0.0773219 -0.377283
 outer loop
  vertex 344.462 -1.58948 900.239
  vertex 344.298 -6.29999 902.033
  vertex 344.298 -1.55173 900.566
 endloop
endfacet
facet normal -0.921318 -0.0106295 -0.388664
 outer loop
  vertex 344.462 9.24354E-15 900.147
  vertex 344.298 -1.55173 900.566
  vertex 344.298 -9.01549E-14 900.476
 endloop
endfacet
facet normal -0.921968 0.0747644 -0.379981
 outer loop
  vertex 344.462 3.48895 900.594
  vertex 344.298 -9.01549E-14 900.476
  vertex 344.298 3.4061 900.912
 endloop
endfacet
facet normal -0.921582 0.149564 -0.358213
 outer loop
  vertex 344.462 5.8929 901.463
  vertex 344.298 3.4061 900.912
  vertex 344.298 5.75296 901.761
 endloop
endfacet
facet normal -0.866603 0.16163 -0.472096
 outer loop
  vertex 344.462 5.8929 901.463
  vertex 344.462 3.48895 900.594
  vertex 344.298 3.4061 900.912
 endloop
endfacet
facet normal -0.964074 -0.141982 0.224506
 outer loop
  vertex 344.298 -5.75296 926.239
  vertex 344.294 -5.74758 926.228
  vertex 344.298 -9.78571 923.334
 endloop
endfacet
facet normal -0.965197 -0.166149 0.201965
 outer loop
  vertex 344.298 -9.78571 923.334
  vertex 344.294 -5.74758 926.228
  vertex 344.294 -9.77655 923.326
 endloop
endfacet
facet normal -0.965197 -0.227887 0.128306
 outer loop
  vertex 344.298 -12.4968 919.169
  vertex 344.294 -9.77655 923.326
  vertex 344.294 -12.4851 919.164
 endloop
endfacet
facet normal -0.965197 -0.258848 0.0373198
 outer loop
  vertex 344.298 -13.5202 914.306
  vertex 344.294 -12.4851 919.164
  vertex 344.294 -13.5076 914.305
 endloop
endfacet
facet normal -0.965197 -0.25485 -0.058707
 outer loop
  vertex 344.298 -12.7176 909.401
  vertex 344.294 -13.5076 914.305
  vertex 344.294 -12.7057 909.405
 endloop
endfacet
facet normal -0.965197 -0.216433 -0.146805
 outer loop
  vertex 344.298 -10.1974 905.117
  vertex 344.294 -12.7057 909.405
  vertex 344.294 -10.1879 905.126
 endloop
endfacet
facet normal -0.965197 -0.148786 -0.215076
 outer loop
  vertex 344.298 -6.29999 902.033
  vertex 344.294 -10.1879 905.126
  vertex 344.294 -6.2941 902.045
 endloop
endfacet
facet normal -0.965197 -0.0610441 -0.2543
 outer loop
  vertex 344.298 -1.55173 900.566
  vertex 344.294 -6.2941 902.045
  vertex 344.294 -1.55028 900.578
 endloop
endfacet
facet normal -0.964284 -0.0099839 -0.264681
 outer loop
  vertex 344.298 -9.01549E-14 900.476
  vertex 344.294 -1.55028 900.578
  vertex 344.294 -9.24834E-14 900.489
 endloop
endfacet
facet normal -0.964668 0.0449107 -0.259613
 outer loop
  vertex 344.298 3.4061 900.912
  vertex 344.294 -9.24834E-14 900.489
  vertex 344.294 3.40291 900.925
 endloop
endfacet
facet normal -0.96444 0.0977556 -0.245558
 outer loop
  vertex 344.298 5.75296 901.761
  vertex 344.294 3.40291 900.925
  vertex 344.294 5.74758 901.772
 endloop
endfacet
facet normal -0.963282 0.0837175 -0.255108
 outer loop
  vertex 344.298 5.75296 901.761
  vertex 344.298 3.4061 900.912
  vertex 344.294 3.40291 900.925
 endloop
endfacet
facet normal -0.775024 0.0547816 -0.629553
 outer loop
  vertex 344.5 3.50097 900.548
  vertex 344.5 2.50467E-14 900.1
  vertex 344.462 9.24354E-15 900.147
 endloop
endfacet
facet normal -0.77322 -0.0479716 -0.632321
 outer loop
  vertex 344.5 2.50467E-14 900.1
  vertex 344.5 -1.59495 900.191
  vertex 344.462 -1.58948 900.239
 endloop
endfacet
facet normal -0.777529 -0.220887 -0.588776
 outer loop
  vertex 344.5 -1.59495 900.191
  vertex 344.5 -6.47547 901.7
  vertex 344.462 -6.45324 901.742
 endloop
endfacet
facet normal -0.777529 -0.418661 -0.469224
 outer loop
  vertex 344.5 -6.47547 901.7
  vertex 344.5 -10.4814 904.87
  vertex 344.462 -10.4455 904.901
 endloop
endfacet
facet normal -0.777529 -0.559893 -0.2863
 outer loop
  vertex 344.5 -10.4814 904.87
  vertex 344.5 -13.0718 909.273
  vertex 344.462 -13.027 909.289
 endloop
endfacet
facet normal -0.777529 -0.625508 -0.0647104
 outer loop
  vertex 344.5 -13.0718 909.273
  vertex 344.5 -13.8968 914.314
  vertex 344.462 -13.8491 914.313
 endloop
endfacet
facet normal -0.777529 -0.606645 0.165619
 outer loop
  vertex 344.5 -13.8968 914.314
  vertex 344.5 -12.8449 919.313
  vertex 344.462 -12.8008 919.295
 endloop
endfacet
facet normal -0.777529 -0.505851 0.373581
 outer loop
  vertex 344.5 -12.8449 919.313
  vertex 344.5 -10.0583 923.594
  vertex 344.462 -10.0238 923.561
 endloop
endfacet
facet normal -0.964074 -0.213495 0.158055
 outer loop
  vertex 344.298 -9.78571 923.334
  vertex 344.294 -9.77655 923.326
  vertex 344.298 -12.4968 919.169
 endloop
endfacet
facet normal -0.869268 -0.40474 0.283828
 outer loop
  vertex 344.462 -10.0238 923.561
  vertex 344.298 -9.78571 923.334
  vertex 344.462 -12.8008 919.295
 endloop
endfacet
facet normal -0.964074 -0.256174 0.0702591
 outer loop
  vertex 344.298 -12.4968 919.169
  vertex 344.294 -12.4851 919.164
  vertex 344.298 -13.5202 914.306
 endloop
endfacet
facet normal -0.869268 -0.479939 0.118453
 outer loop
  vertex 344.462 -12.8008 919.295
  vertex 344.298 -12.4968 919.169
  vertex 344.462 -13.8491 914.313
 endloop
endfacet
facet normal -0.964074 -0.264256 -0.0270261
 outer loop
  vertex 344.298 -13.5202 914.306
  vertex 344.294 -13.5076 914.305
  vertex 344.298 -12.7176 909.401
 endloop
endfacet
facet normal -0.869268 -0.49032 -0.0629204
 outer loop
  vertex 344.462 -13.8491 914.313
  vertex 344.298 -13.5202 914.306
  vertex 344.462 -13.027 909.289
 endloop
endfacet
facet normal -0.964074 -0.236648 -0.120661
 outer loop
  vertex 344.298 -12.7176 909.401
  vertex 344.294 -12.7057 909.405
  vertex 344.298 -10.1974 905.117
 endloop
endfacet
facet normal -0.869268 -0.434481 -0.235796
 outer loop
  vertex 344.462 -13.027 909.289
  vertex 344.298 -12.7176 909.401
  vertex 344.462 -10.4455 904.901
 endloop
endfacet
facet normal -0.964074 -0.17708 -0.198001
 outer loop
  vertex 344.298 -10.1974 905.117
  vertex 344.294 -10.1879 905.126
  vertex 344.298 -6.29999 902.033
 endloop
endfacet
facet normal -0.869268 -0.319962 -0.376825
 outer loop
  vertex 344.462 -10.4455 904.901
  vertex 344.298 -10.1974 905.117
  vertex 344.462 -6.45324 901.742
 endloop
endfacet
facet normal -0.964074 -0.0935962 -0.248599
 outer loop
  vertex 344.298 -6.29999 902.033
  vertex 344.294 -6.2941 902.045
  vertex 344.298 -1.55173 900.566
 endloop
endfacet
facet normal -0.869268 -0.16223 -0.466963
 outer loop
  vertex 344.462 -6.45324 901.742
  vertex 344.298 -6.29999 902.033
  vertex 344.462 -1.58948 900.239
 endloop
endfacet
facet normal -0.963118 -0.0204522 -0.2683
 outer loop
  vertex 344.298 -1.55173 900.566
  vertex 344.294 -1.55028 900.578
  vertex 344.298 -9.01549E-14 900.476
 endloop
endfacet
facet normal -0.866056 -0.0340442 -0.498786
 outer loop
  vertex 344.462 -1.58948 900.239
  vertex 344.298 -1.55173 900.566
  vertex 344.462 9.24354E-15 900.147
 endloop
endfacet
facet normal -0.96352 0.0229876 -0.266647
 outer loop
  vertex 344.298 -9.01549E-14 900.476
  vertex 344.294 -9.24834E-14 900.489
  vertex 344.298 3.4061 900.912
 endloop
endfacet
facet normal -0.867403 0.0514708 -0.494937
 outer loop
  vertex 344.462 9.24354E-15 900.147
  vertex 344.298 -9.01549E-14 900.476
  vertex 344.462 3.48895 900.594
 endloop
endfacet
facet normal -0.978994 -0.00608922 0.203799
 outer loop
  vertex 344.294 -9.20497E-14 927.511
  vertex 342.7 -9.22211E-14 918.551
  vertex 344.294 -0.942359 927.478
 endloop
endfacet
facet normal -0.979719 -0.0432602 0.19565
 outer loop
  vertex 344.294 -0.942359 927.478
  vertex 342.7 -9.22211E-14 918.551
  vertex 344.294 -5.74758 926.228
 endloop
endfacet
facet normal -0.980494 -0.100465 0.168932
 outer loop
  vertex 344.294 -5.74758 926.228
  vertex 342.7 -9.22211E-14 918.551
  vertex 344.294 -9.77655 923.326
 endloop
endfacet
facet normal -0.981817 -0.144263 0.123387
 outer loop
  vertex 344.294 -9.77655 923.326
  vertex 342.7 -9.22211E-14 918.551
  vertex 344.294 -12.4851 919.164
 endloop
endfacet
facet normal -0.983514 -0.168732 0.0650446
 outer loop
  vertex 344.294 -12.4851 919.164
  vertex 342.7 -9.22211E-14 918.551
  vertex 344.294 -13.5076 914.305
 endloop
endfacet
facet normal -0.996129 -0.0878844 0.00198614
 outer loop
  vertex 344.294 -13.5076 914.305
  vertex 342.7 -9.22211E-14 918.551
  vertex 342.7 -9.22211E-14 909.449
 endloop
endfacet
facet normal -0.982008 -0.148386 -0.116796
 outer loop
  vertex 344.294 -12.7057 909.405
  vertex 342.7 -9.22211E-14 909.449
  vertex 344.294 -10.1879 905.126
 endloop
endfacet
facet normal -0.983736 -0.170202 -0.0573987
 outer loop
  vertex 344.294 -12.7057 909.405
  vertex 344.294 -13.5076 914.305
  vertex 342.7 -9.22211E-14 909.449
 endloop
endfacet
facet normal -0.979035 -0.0100178 -0.203444
 outer loop
  vertex 344.294 -9.24834E-14 900.489
  vertex 344.294 -1.55028 900.578
  vertex 342.7 -9.22211E-14 909.449
 endloop
endfacet
facet normal -0.97978 -0.0507285 -0.193538
 outer loop
  vertex 342.7 -9.22211E-14 909.449
  vertex 344.294 -1.55028 900.578
  vertex 344.294 -6.2941 902.045
 endloop
endfacet
facet normal -0.980629 -0.106679 -0.164273
 outer loop
  vertex 344.294 -10.1879 905.126
  vertex 342.7 -9.22211E-14 909.449
  vertex 344.294 -6.2941 902.045
 endloop
endfacet
facet normal -0.980761 0.0172612 -0.194447
 outer loop
  vertex 344.341 1.02867E-13 896.999
  vertex 345.815 1.02255E-13 888.375
  vertex 344.341 -2.67156 896.721
 endloop
endfacet
facet normal -0.986803 0.0588978 -0.150833
 outer loop
  vertex 344.341 -2.67156 896.721
  vertex 345.815 1.02255E-13 888.375
  vertex 345.217 -6.44065 890.24
 endloop
endfacet
facet normal -0.974912 0.119229 -0.187963
 outer loop
  vertex 344.341 -4.96362 896.014
  vertex 345.217 -6.44065 890.24
  vertex 344.341 -7.08665 894.897
 endloop
endfacet
facet normal -0.975604 0.0908248 -0.199867
 outer loop
  vertex 344.341 -4.96362 896.014
  vertex 344.341 -2.67156 896.721
  vertex 345.217 -6.44065 890.24
 endloop
endfacet
facet normal -0.998312 0.0417128 -0.0404111
 outer loop
  vertex 345.815 1.02255E-13 888.375
  vertex 345.815 1.02255E-13 879.625
  vertex 345.217 -6.44065 890.24
 endloop
endfacet
facet normal -0.996098 0.0835645 0.0283794
 outer loop
  vertex 345.217 -6.44065 890.24
  vertex 345.815 1.02255E-13 879.625
  vertex 345.217 -6.44065 877.76
 endloop
endfacet
facet normal -0.975919 0.199183 0.0889252
 outer loop
  vertex 344.341 -12.9136 882.514
  vertex 345.217 -6.44065 877.76
  vertex 344.341 -11.5047 877.949
 endloop
endfacet
facet normal -0.985872 0.167226 0.00963601
 outer loop
  vertex 344.341 -12.9136 882.514
  vertex 345.217 -6.44065 890.24
  vertex 345.217 -6.44065 877.76
 endloop
endfacet
facet normal -0.977098 0.206363 -0.0519075
 outer loop
  vertex 344.341 -12.9136 882.514
  vertex 344.341 -12.5785 887.279
  vertex 345.217 -6.44065 890.24
 endloop
endfacet
facet normal -0.975411 0.190724 -0.110446
 outer loop
  vertex 345.217 -6.44065 890.24
  vertex 344.341 -12.5785 887.279
  vertex 344.341 -10.5447 891.601
 endloop
endfacet
facet normal -0.974917 0.155216 -0.159513
 outer loop
  vertex 344.341 -7.08665 894.897
  vertex 345.217 -6.44065 890.24
  vertex 344.341 -10.5447 891.601
 endloop
endfacet
facet normal -0.981116 0.0286043 0.191291
 outer loop
  vertex 344.341 1.02E-13 871.001
  vertex 344.341 -4.42555 871.778
  vertex 345.815 1.02255E-13 879.625
 endloop
endfacet
facet normal -0.986556 0.0702174 0.14757
 outer loop
  vertex 345.815 1.02255E-13 879.625
  vertex 344.341 -4.42555 871.778
  vertex 345.217 -6.44065 877.76
 endloop
endfacet
facet normal -0.975244 0.125185 0.182283
 outer loop
  vertex 345.217 -6.44065 877.76
  vertex 344.341 -4.42555 871.778
  vertex 344.341 -8.54192 874.202
 endloop
endfacet
facet normal -0.974957 0.170796 0.142435
 outer loop
  vertex 344.341 -11.5047 877.949
  vertex 345.217 -6.44065 877.76
  vertex 344.341 -8.54192 874.202
 endloop
endfacet
facet normal -0.0262753 0.992161 -0.122172
 outer loop
  vertex 370.499 52.5774 899
  vertex 374.499 51.8 889.4
  vertex 366.499 51.5862 889.396
 endloop
endfacet
facet normal -0.0262757 0.997778 -0.0612215
 outer loop
  vertex 366.499 52.4727 899
  vertex 370.499 52.5774 899
  vertex 366.499 51.5862 889.396
 endloop
endfacet
facet normal -0.0262748 0.95312 -0.301451
 outer loop
  vertex 366.499 51.5862 889.396
  vertex 374.499 49.1831 880.121
  vertex 366.499 48.9567 880.116
 endloop
endfacet
facet normal -0.0262744 0.969914 -0.242027
 outer loop
  vertex 366.499 51.5862 889.396
  vertex 374.499 51.8 889.4
  vertex 374.499 49.1831 880.121
 endloop
endfacet
facet normal -0.0262748 0.997795 -0.0609509
 outer loop
  vertex 370.499 52.5774 899
  vertex 374.499 52.6821 899
  vertex 374.499 51.8 889.4
 endloop
endfacet
facet normal -0.026274 0.909454 -0.414973
 outer loop
  vertex 374.499 49.1831 880.121
  vertex 374.499 44.9191 871.474
  vertex 366.499 48.9567 880.116
 endloop
endfacet
facet normal -0.0262744 0.88197 -0.470573
 outer loop
  vertex 366.499 48.9567 880.116
  vertex 374.499 44.9191 871.474
  vertex 366.499 44.6731 871.474
 endloop
endfacet
facet normal -0.0261798 0.846199 -0.532224
 outer loop
  vertex 366.499 44.6731 871.474
  vertex 374.499 44.9191 871.474
  vertex 374.23 43.9935 870.03
 endloop
endfacet
facet normal -0.0261793 0.829069 -0.558533
 outer loop
  vertex 366.764 43.7648 870.039
  vertex 374.23 43.9935 870.03
  vertex 373.445 43.1091 868.766
 endloop
endfacet
facet normal -0.0261783 0.813758 -0.580614
 outer loop
  vertex 367.554 42.9197 868.765
  vertex 373.445 43.1091 868.766
  vertex 372.168 42.3999 867.836
 endloop
endfacet
facet normal -0.0261772 0.80336 -0.594918
 outer loop
  vertex 368.853 42.2842 867.825
  vertex 372.168 42.3999 867.836
  vertex 370.518 42.075 867.47
 endloop
endfacet
facet normal -0.0261782 0.809149 -0.58702
 outer loop
  vertex 368.853 42.2842 867.825
  vertex 367.554 42.9197 868.765
  vertex 372.168 42.3999 867.836
 endloop
endfacet
facet normal -0.0261792 0.823179 -0.567178
 outer loop
  vertex 367.554 42.9197 868.765
  vertex 366.764 43.7648 870.039
  vertex 373.445 43.1091 868.766
 endloop
endfacet
facet normal -0.0261798 0.839965 -0.542008
 outer loop
  vertex 366.764 43.7648 870.039
  vertex 366.499 44.6731 871.474
  vertex 374.23 43.9935 870.03
 endloop
endfacet
facet normal -0.99966 0.0122949 0.0229984
 outer loop
  vertex 366.5 -27.5 854.369
  vertex 366.5 -18.8664 850.09
  vertex 366.499 -27.5262 854.327
 endloop
endfacet
facet normal -0.99966 0.0108579 0.0237107
 outer loop
  vertex 366.499 -27.5262 854.327
  vertex 366.5 -18.8664 850.09
  vertex 366.499 -18.8844 850.043
 endloop
endfacet
facet normal -0.99966 0.00787768 0.0248603
 outer loop
  vertex 366.499 -18.8844 850.043
  vertex 366.5 -18.8664 850.09
  vertex 366.5 -9.59529 847.463
 endloop
endfacet
facet normal -0.99966 0.00319424 0.0258822
 outer loop
  vertex 366.499 -9.60444 847.414
  vertex 366.5 -9.59529 847.463
  vertex 366.499 3.65768E-13 846.527
 endloop
endfacet
facet normal -0.99966 0.00633452 0.0252975
 outer loop
  vertex 366.499 -9.60444 847.414
  vertex 366.499 -18.8844 850.043
  vertex 366.5 -9.59529 847.463
 endloop
endfacet
facet normal -0.99966 0.00159712 0.0260296
 outer loop
  vertex 366.5 -9.59529 847.463
  vertex 366.5 3.65419E-13 846.577
  vertex 366.499 3.65768E-13 846.527
 endloop
endfacet
facet normal 0.99966 0.0122452 -0.0230259
 outer loop
  vertex 374.5 27.5 854.124
  vertex 374.5 18.8615 849.864
  vertex 374.499 27.5261 854.081
 endloop
endfacet
facet normal 0.99966 0.0108131 -0.0237321
 outer loop
  vertex 374.499 27.5261 854.081
  vertex 374.5 18.8615 849.864
  vertex 374.499 18.8794 849.817
 endloop
endfacet
facet normal 0.99966 0.00784406 -0.0248718
 outer loop
  vertex 374.499 18.8794 849.817
  vertex 374.5 18.8615 849.864
  vertex 374.5 9.59136 847.249
 endloop
endfacet
facet normal 0.99966 0.00318023 -0.0258848
 outer loop
  vertex 374.499 9.60047 847.2
  vertex 374.5 9.59136 847.249
  vertex 374.499 3.67217E-13 846.318
 endloop
endfacet
facet normal 0.99966 0.0063072 -0.0253053
 outer loop
  vertex 374.499 9.60047 847.2
  vertex 374.499 18.8794 849.817
  vertex 374.5 9.59136 847.249
 endloop
endfacet
facet normal 0.99966 0.00159011 -0.0260309
 outer loop
  vertex 374.5 9.59136 847.249
  vertex 374.5 3.66868E-13 846.368
  vertex 374.499 3.67217E-13 846.318
 endloop
endfacet
facet normal 0.99966 -0.00159011 -0.0260309
 outer loop
  vertex 374.499 3.67217E-13 846.318
  vertex 374.5 3.66868E-13 846.368
  vertex 374.499 -9.60047 847.2
 endloop
endfacet
facet normal 0.99966 -0.00318023 -0.0258848
 outer loop
  vertex 374.499 -9.60047 847.2
  vertex 374.5 3.66868E-13 846.368
  vertex 374.5 -9.59136 847.249
 endloop
endfacet
facet normal 0.99966 -0.0063072 -0.0253053
 outer loop
  vertex 374.5 -18.8615 849.864
  vertex 374.499 -9.60047 847.2
  vertex 374.5 -9.59136 847.249
 endloop
endfacet
facet normal 0.99966 -0.00784406 -0.0248718
 outer loop
  vertex 374.5 -18.8615 849.864
  vertex 374.499 -18.8794 849.817
  vertex 374.499 -9.60047 847.2
 endloop
endfacet
facet normal 0.99966 -0.0108131 -0.0237321
 outer loop
  vertex 374.5 -18.8615 849.864
  vertex 374.5 -27.5 854.124
  vertex 374.499 -18.8794 849.817
 endloop
endfacet
facet normal 0.99966 -0.0122452 -0.0230259
 outer loop
  vertex 374.499 -18.8794 849.817
  vertex 374.5 -27.5 854.124
  vertex 374.499 -27.5261 854.081
 endloop
endfacet
facet normal -0.99966 -0.00159712 0.0260296
 outer loop
  vertex 366.499 3.65768E-13 846.527
  vertex 366.5 3.65419E-13 846.577
  vertex 366.499 9.60444 847.414
 endloop
endfacet
facet normal -0.99966 -0.00319424 0.0258822
 outer loop
  vertex 366.499 9.60444 847.414
  vertex 366.5 3.65419E-13 846.577
  vertex 366.5 9.59529 847.463
 endloop
endfacet
facet normal -0.99966 -0.00633452 0.0252975
 outer loop
  vertex 366.5 18.8664 850.09
  vertex 366.499 9.60444 847.414
  vertex 366.5 9.59529 847.463
 endloop
endfacet
facet normal -0.99966 -0.00787768 0.0248603
 outer loop
  vertex 366.5 18.8664 850.09
  vertex 366.499 18.8844 850.043
  vertex 366.499 9.60444 847.414
 endloop
endfacet
facet normal -0.99966 -0.0108579 0.0237107
 outer loop
  vertex 366.5 18.8664 850.09
  vertex 366.5 27.5 854.369
  vertex 366.499 18.8844 850.043
 endloop
endfacet
facet normal -0.99966 -0.0122949 0.0229984
 outer loop
  vertex 366.499 18.8844 850.043
  vertex 366.5 27.5 854.369
  vertex 366.499 27.5262 854.327
 endloop
endfacet
facet normal -0.0262748 0.997795 0.0609509
 outer loop
  vertex 374.499 52.6821 899
  vertex 370.499 52.5774 899
  vertex 374.499 51.8 908.6
 endloop
endfacet
facet normal -0.0262753 0.992161 0.122172
 outer loop
  vertex 374.499 51.8 908.6
  vertex 370.499 52.5774 899
  vertex 366.499 51.5862 908.604
 endloop
endfacet
facet normal -0.0262762 0.969782 0.242553
 outer loop
  vertex 366.499 48.9567 917.884
  vertex 374.499 51.8 908.6
  vertex 366.499 51.5862 908.604
 endloop
endfacet
facet normal -0.0262757 0.953201 0.301192
 outer loop
  vertex 366.499 48.9567 917.884
  vertex 374.499 49.1831 917.879
  vertex 374.499 51.8 908.6
 endloop
endfacet
facet normal -0.0262766 0.909116 0.415713
 outer loop
  vertex 366.499 48.9567 917.884
  vertex 366.499 44.6731 926.526
  vertex 374.499 49.1831 917.879
 endloop
endfacet
facet normal -0.0262762 0.882225 0.470095
 outer loop
  vertex 374.499 49.1831 917.879
  vertex 366.499 44.6731 926.526
  vertex 374.499 44.9191 926.526
 endloop
endfacet
facet normal -0.0261798 0.846251 0.532141
 outer loop
  vertex 374.499 44.9191 926.526
  vertex 366.499 44.6731 926.526
  vertex 374.235 44.0022 927.957
 endloop
endfacet
facet normal -0.0261798 0.839962 0.542013
 outer loop
  vertex 374.235 44.0022 927.957
  vertex 366.499 44.6731 926.526
  vertex 366.77 43.7559 927.975
 endloop
endfacet
facet normal -0.0261792 0.823119 0.567265
 outer loop
  vertex 373.46 43.1213 929.217
  vertex 366.77 43.7559 927.975
  vertex 367.57 42.9078 929.253
 endloop
endfacet
facet normal -0.0261782 0.809078 0.587119
 outer loop
  vertex 372.197 42.4105 930.151
  vertex 367.57 42.9078 929.253
  vertex 368.88 42.2761 930.188
 endloop
endfacet
facet normal -0.0261771 0.803696 0.594464
 outer loop
  vertex 369.69 42.1097 930.447
  vertex 372.197 42.4105 930.151
  vertex 368.88 42.2761 930.188
 endloop
endfacet
facet normal -0.0261772 0.802209 0.596469
 outer loop
  vertex 369.69 42.1097 930.447
  vertex 370.551 42.0763 930.53
  vertex 372.197 42.4105 930.151
 endloop
endfacet
facet normal -0.0262757 0.997778 0.0612215
 outer loop
  vertex 370.499 52.5774 899
  vertex 366.499 52.4727 899
  vertex 366.499 51.5862 908.604
 endloop
endfacet
facet normal -0.0261782 0.813818 0.58053
 outer loop
  vertex 372.197 42.4105 930.151
  vertex 373.46 43.1213 929.217
  vertex 367.57 42.9078 929.253
 endloop
endfacet
facet normal -0.0261792 0.82914 0.558428
 outer loop
  vertex 373.46 43.1213 929.217
  vertex 374.235 44.0022 927.957
  vertex 366.77 43.7559 927.975
 endloop
endfacet
facet normal -0.994152 -0.0730169 -0.0795631
 outer loop
  vertex 366.499 -27.5262 943.673
  vertex 366.5 -27.5 943.631
  vertex 366.77 -28.9749 942.756
 endloop
endfacet
facet normal -0.977614 -0.159994 -0.136645
 outer loop
  vertex 366.77 -28.9749 942.756
  vertex 366.5 -27.5 943.631
  vertex 366.771 -28.9473 942.714
 endloop
endfacet
facet normal -0.909365 -0.329482 -0.253964
 outer loop
  vertex 367.571 -30.2242 941.867
  vertex 366.77 -28.9749 942.756
  vertex 366.771 -28.9473 942.714
 endloop
endfacet
facet normal -0.855769 -0.411379 -0.313732
 outer loop
  vertex 367.571 -30.2242 941.867
  vertex 367.57 -30.253 941.908
  vertex 366.77 -28.9749 942.756
 endloop
endfacet
facet normal -0.697972 -0.570678 -0.432623
 outer loop
  vertex 367.571 -30.2242 941.867
  vertex 368.881 -31.1578 941.236
  vertex 367.57 -30.253 941.908
 endloop
endfacet
facet normal -0.588166 -0.644255 -0.488872
 outer loop
  vertex 367.57 -30.253 941.908
  vertex 368.881 -31.1578 941.236
  vertex 368.88 -31.1875 941.276
 endloop
endfacet
facet normal -0.392447 -0.732862 -0.555787
 outer loop
  vertex 368.88 -31.1875 941.276
  vertex 368.881 -31.1578 941.236
  vertex 369.69 -31.4473 941.11
 endloop
endfacet
facet normal -0.312787 -0.757149 -0.573489
 outer loop
  vertex 369.69 -31.4473 941.11
  vertex 368.881 -31.1578 941.236
  vertex 369.691 -31.4174 941.07
 endloop
endfacet
facet normal -0.0535492 -0.798583 -0.599498
 outer loop
  vertex 370.551 -31.5296 941.076
  vertex 369.691 -31.4174 941.07
  vertex 370.553 -31.4997 941.036
 endloop
endfacet
facet normal 0.365603 -0.753864 -0.545916
 outer loop
  vertex 372.197 -31.1514 941.411
  vertex 370.553 -31.4997 941.036
  vertex 372.198 -31.1218 941.37
 endloop
endfacet
facet normal 0.721624 -0.573974 -0.387056
 outer loop
  vertex 373.46 -30.2174 942.121
  vertex 372.198 -31.1218 941.37
  vertex 373.462 -30.1888 942.08
 endloop
endfacet
facet normal 0.914587 -0.347428 -0.206941
 outer loop
  vertex 374.235 -28.9567 943.002
  vertex 373.462 -30.1888 942.08
  vertex 374.236 -28.9292 942.96
 endloop
endfacet
facet normal 0.994495 -0.0991004 -0.0340516
 outer loop
  vertex 374.499 -27.5261 943.919
  vertex 374.236 -28.9292 942.96
  vertex 374.5 -27.5 943.876
 endloop
endfacet
facet normal 0.978684 -0.184303 -0.0906111
 outer loop
  vertex 374.499 -27.5261 943.919
  vertex 374.235 -28.9567 943.002
  vertex 374.236 -28.9292 942.96
 endloop
endfacet
facet normal 0.865186 -0.424833 -0.266402
 outer loop
  vertex 374.235 -28.9567 943.002
  vertex 373.46 -30.2174 942.121
  vertex 373.462 -30.1888 942.08
 endloop
endfacet
facet normal 0.622941 -0.642548 -0.44618
 outer loop
  vertex 373.46 -30.2174 942.121
  vertex 372.197 -31.1514 941.411
  vertex 372.198 -31.1218 941.37
 endloop
endfacet
facet normal 0.201433 -0.78867 -0.580883
 outer loop
  vertex 372.197 -31.1514 941.411
  vertex 370.551 -31.5296 941.076
  vertex 370.553 -31.4997 941.036
 endloop
endfacet
facet normal -0.143537 -0.790349 -0.595605
 outer loop
  vertex 370.551 -31.5296 941.076
  vertex 369.69 -31.4473 941.11
  vertex 369.691 -31.4174 941.07
 endloop
endfacet
facet normal 0.999663 -0.0114867 0.0232779
 outer loop
  vertex 374.5 -27.5 943.876
  vertex 374.5 -14.2864 949.656
  vertex 374.499 -27.5261 943.919
 endloop
endfacet
facet normal 0.999663 -0.0092961 0.0242361
 outer loop
  vertex 374.499 -27.5261 943.919
  vertex 374.5 -14.2864 949.656
  vertex 374.499 -14.2999 949.704
 endloop
endfacet
facet normal 0.999663 -0.00473697 0.0255219
 outer loop
  vertex 374.499 -14.2999 949.704
  vertex 374.5 -14.2864 949.656
  vertex 374.5 -6.78488E-13 951.632
 endloop
endfacet
facet normal 0.999663 0.00236849 0.0258495
 outer loop
  vertex 374.499 -4.21178E-13 951.682
  vertex 374.5 -6.78488E-13 951.632
  vertex 374.5 14.2864 949.656
 endloop
endfacet
facet normal 0.999663 0.0092961 0.0242361
 outer loop
  vertex 374.499 14.2999 949.704
  vertex 374.5 14.2864 949.656
  vertex 374.5 27.5 943.876
 endloop
endfacet
facet normal 0.999663 0.0114867 0.0232779
 outer loop
  vertex 374.499 27.5261 943.919
  vertex 374.499 14.2999 949.704
  vertex 374.5 27.5 943.876
 endloop
endfacet
facet normal 0.999663 0.00473697 0.0255219
 outer loop
  vertex 374.499 14.2999 949.704
  vertex 374.499 -4.21178E-13 951.682
  vertex 374.5 14.2864 949.656
 endloop
endfacet
facet normal 0.999663 -0.00236849 0.0258495
 outer loop
  vertex 374.499 -4.21178E-13 951.682
  vertex 374.499 -14.2999 949.704
  vertex 374.5 -6.78488E-13 951.632
 endloop
endfacet
facet normal 0.994407 0.0998062 -0.0345551
 outer loop
  vertex 374.499 27.5261 943.919
  vertex 374.5 27.5 943.876
  vertex 374.23 28.9696 942.994
 endloop
endfacet
facet normal 0.978285 0.185862 -0.0917224
 outer loop
  vertex 374.23 28.9696 942.994
  vertex 374.5 27.5 943.876
  vertex 374.231 28.9421 942.952
 endloop
endfacet
facet normal 0.913098 0.350117 -0.208976
 outer loop
  vertex 373.446 30.2055 942.068
  vertex 374.23 28.9696 942.994
  vertex 374.231 28.9421 942.952
 endloop
endfacet
facet normal 0.862939 0.427879 -0.268805
 outer loop
  vertex 373.446 30.2055 942.068
  vertex 373.445 30.2342 942.109
  vertex 374.23 28.9696 942.994
 endloop
endfacet
facet normal 0.717233 0.577473 -0.390001
 outer loop
  vertex 373.446 30.2055 942.068
  vertex 372.17 31.1349 941.36
  vertex 373.445 30.2342 942.109
 endloop
endfacet
facet normal 0.617079 0.646062 -0.449241
 outer loop
  vertex 373.445 30.2342 942.109
  vertex 372.17 31.1349 941.36
  vertex 372.168 31.1645 941.4
 endloop
endfacet
facet normal 0.357105 0.756272 -0.548206
 outer loop
  vertex 372.168 31.1645 941.4
  vertex 372.17 31.1349 941.36
  vertex 370.518 31.5299 941.075
 endloop
endfacet
facet normal 0.191755 0.790018 -0.582325
 outer loop
  vertex 370.518 31.5299 941.075
  vertex 372.17 31.1349 941.36
  vertex 370.52 31.5 941.035
 endloop
endfacet
facet normal -0.318445 0.756398 -0.571362
 outer loop
  vertex 368.853 31.1752 941.284
  vertex 370.52 31.5 941.035
  vertex 368.854 31.1456 941.244
 endloop
endfacet
facet normal -0.702733 0.566952 -0.429804
 outer loop
  vertex 367.554 30.2354 941.92
  vertex 368.854 31.1456 941.244
  vertex 367.555 30.2067 941.879
 endloop
endfacet
facet normal -0.911017 0.326538 -0.251836
 outer loop
  vertex 366.764 28.9612 942.765
  vertex 367.555 30.2067 941.879
  vertex 366.766 28.9337 942.723
 endloop
endfacet
facet normal -0.994251 0.0722516 -0.079021
 outer loop
  vertex 366.499 27.5262 943.673
  vertex 366.766 28.9337 942.723
  vertex 366.5 27.5 943.631
 endloop
endfacet
facet normal -0.978053 0.158307 -0.135465
 outer loop
  vertex 366.499 27.5262 943.673
  vertex 366.764 28.9612 942.765
  vertex 366.766 28.9337 942.723
 endloop
endfacet
facet normal -0.858281 0.408023 -0.311241
 outer loop
  vertex 366.764 28.9612 942.765
  vertex 367.554 30.2354 941.92
  vertex 367.555 30.2067 941.879
 endloop
endfacet
facet normal -0.594353 0.640637 -0.486136
 outer loop
  vertex 367.554 30.2354 941.92
  vertex 368.853 31.1752 941.284
  vertex 368.854 31.1456 941.244
 endloop
endfacet
facet normal -0.145991 0.790785 -0.594429
 outer loop
  vertex 368.853 31.1752 941.284
  vertex 370.518 31.5299 941.075
  vertex 370.52 31.5 941.035
 endloop
endfacet
facet normal -0.999663 -0.0115335 -0.0232526
 outer loop
  vertex 366.5 27.5 943.631
  vertex 366.5 14.2913 949.437
  vertex 366.499 27.5262 943.673
 endloop
endfacet
facet normal -0.999663 -0.0093349 -0.0242191
 outer loop
  vertex 366.499 27.5262 943.673
  vertex 366.5 14.2913 949.437
  vertex 366.499 14.3049 949.485
 endloop
endfacet
facet normal -0.999663 -0.00475755 -0.0255161
 outer loop
  vertex 366.499 14.3049 949.485
  vertex 366.5 14.2913 949.437
  vertex 366.5 -3.60292E-13 951.423
 endloop
endfacet
facet normal -0.999663 0.00237878 -0.0258466
 outer loop
  vertex 366.499 -4.02015E-13 951.473
  vertex 366.5 -3.60292E-13 951.423
  vertex 366.5 -14.2913 949.437
 endloop
endfacet
facet normal -0.999663 0.0093349 -0.0242191
 outer loop
  vertex 366.499 -14.3049 949.485
  vertex 366.5 -14.2913 949.437
  vertex 366.5 -27.5 943.631
 endloop
endfacet
facet normal -0.999663 0.0115335 -0.0232526
 outer loop
  vertex 366.499 -27.5262 943.673
  vertex 366.499 -14.3049 949.485
  vertex 366.5 -27.5 943.631
 endloop
endfacet
facet normal -0.999663 0.00475755 -0.0255161
 outer loop
  vertex 366.499 -14.3049 949.485
  vertex 366.499 -4.02015E-13 951.473
  vertex 366.5 -14.2913 949.437
 endloop
endfacet
facet normal -0.999663 -0.00237878 -0.0258466
 outer loop
  vertex 366.499 -4.02015E-13 951.473
  vertex 366.499 14.3049 949.485
  vertex 366.5 -3.60292E-13 951.423
 endloop
endfacet
facet normal -0.0261772 0.594918 0.80336
 outer loop
  vertex 370.518 31.5299 941.075
  vertex 368.853 31.1752 941.284
  vertex 372.168 31.1645 941.4
 endloop
endfacet
facet normal -0.0261782 0.58702 0.809149
 outer loop
  vertex 372.168 31.1645 941.4
  vertex 368.853 31.1752 941.284
  vertex 367.554 30.2354 941.92
 endloop
endfacet
facet normal -0.0261792 0.567178 0.823179
 outer loop
  vertex 373.445 30.2342 942.109
  vertex 367.554 30.2354 941.92
  vertex 366.764 28.9612 942.765
 endloop
endfacet
facet normal -0.0261798 0.542008 0.839965
 outer loop
  vertex 374.23 28.9696 942.994
  vertex 366.764 28.9612 942.765
  vertex 366.499 27.5262 943.673
 endloop
endfacet
facet normal -0.026398 0.44346 0.895905
 outer loop
  vertex 374.499 27.5261 943.919
  vertex 366.499 27.5262 943.673
  vertex 366.499 14.3049 949.485
 endloop
endfacet
facet normal -0.026399 0.182827 0.982791
 outer loop
  vertex 374.499 14.2999 949.704
  vertex 366.499 14.3049 949.485
  vertex 366.499 -4.02015E-13 951.473
 endloop
endfacet
facet normal -0.0264 -0.0916151 0.995444
 outer loop
  vertex 374.499 -4.21178E-13 951.682
  vertex 366.499 -4.02015E-13 951.473
  vertex 366.499 -14.3049 949.485
 endloop
endfacet
facet normal -0.026401 -0.359138 0.932911
 outer loop
  vertex 374.499 -14.2999 949.704
  vertex 366.499 -14.3049 949.485
  vertex 366.499 -27.5262 943.673
 endloop
endfacet
facet normal -0.0261798 -0.532141 0.846251
 outer loop
  vertex 374.499 -27.5261 943.919
  vertex 366.499 -27.5262 943.673
  vertex 374.235 -28.9567 943.002
 endloop
endfacet
facet normal -0.0264 -0.443097 0.896085
 outer loop
  vertex 374.499 -27.5261 943.919
  vertex 374.499 -14.2999 949.704
  vertex 366.499 -27.5262 943.673
 endloop
endfacet
facet normal -0.0261793 0.558533 0.829069
 outer loop
  vertex 374.23 28.9696 942.994
  vertex 373.445 30.2342 942.109
  vertex 366.764 28.9612 942.765
 endloop
endfacet
facet normal -0.0261783 0.580614 0.813758
 outer loop
  vertex 373.445 30.2342 942.109
  vertex 372.168 31.1645 941.4
  vertex 367.554 30.2354 941.92
 endloop
endfacet
facet normal -0.0261798 -0.542013 0.839962
 outer loop
  vertex 366.499 -27.5262 943.673
  vertex 366.77 -28.9749 942.756
  vertex 374.235 -28.9567 943.002
 endloop
endfacet
facet normal -0.0261792 -0.558428 0.82914
 outer loop
  vertex 374.235 -28.9567 943.002
  vertex 366.77 -28.9749 942.756
  vertex 373.46 -30.2174 942.121
 endloop
endfacet
facet normal -0.0261792 -0.567265 0.823119
 outer loop
  vertex 373.46 -30.2174 942.121
  vertex 366.77 -28.9749 942.756
  vertex 367.57 -30.253 941.908
 endloop
endfacet
facet normal -0.0261782 -0.587119 0.809078
 outer loop
  vertex 372.197 -31.1514 941.411
  vertex 367.57 -30.253 941.908
  vertex 368.88 -31.1875 941.276
 endloop
endfacet
facet normal -0.0261771 -0.594464 0.803696
 outer loop
  vertex 369.69 -31.4473 941.11
  vertex 372.197 -31.1514 941.411
  vertex 368.88 -31.1875 941.276
 endloop
endfacet
facet normal -0.0261772 -0.596469 0.802209
 outer loop
  vertex 369.69 -31.4473 941.11
  vertex 370.551 -31.5296 941.076
  vertex 372.197 -31.1514 941.411
 endloop
endfacet
facet normal -0.0261782 -0.58053 0.813818
 outer loop
  vertex 372.197 -31.1514 941.411
  vertex 373.46 -30.2174 942.121
  vertex 367.57 -30.253 941.908
 endloop
endfacet
facet normal -0.026399 -0.182827 0.982791
 outer loop
  vertex 374.499 -14.2999 949.704
  vertex 374.499 -4.21178E-13 951.682
  vertex 366.499 -14.3049 949.485
 endloop
endfacet
facet normal -0.026398 0.091212 0.995482
 outer loop
  vertex 374.499 -4.21178E-13 951.682
  vertex 374.499 14.2999 949.704
  vertex 366.499 -4.02015E-13 951.473
 endloop
endfacet
facet normal -0.026397 0.358382 0.933202
 outer loop
  vertex 374.499 14.2999 949.704
  vertex 374.499 27.5261 943.919
  vertex 366.499 14.3049 949.485
 endloop
endfacet
facet normal -0.0261798 0.532224 0.846199
 outer loop
  vertex 374.23 28.9696 942.994
  vertex 366.499 27.5262 943.673
  vertex 374.499 27.5261 943.919
 endloop
endfacet
facet normal -0.994152 -0.0795631 0.0730169
 outer loop
  vertex 366.499 44.6731 926.526
  vertex 366.5 44.6306 926.5
  vertex 366.77 43.7559 927.975
 endloop
endfacet
facet normal -0.977614 -0.136645 0.159994
 outer loop
  vertex 366.77 43.7559 927.975
  vertex 366.5 44.6306 926.5
  vertex 366.771 43.7142 927.947
 endloop
endfacet
facet normal -0.909365 -0.253964 0.329482
 outer loop
  vertex 367.571 42.867 929.224
  vertex 366.77 43.7559 927.975
  vertex 366.771 43.7142 927.947
 endloop
endfacet
facet normal -0.855769 -0.313732 0.411379
 outer loop
  vertex 367.571 42.867 929.224
  vertex 367.57 42.9078 929.253
  vertex 366.77 43.7559 927.975
 endloop
endfacet
facet normal -0.697972 -0.432623 0.570678
 outer loop
  vertex 367.571 42.867 929.224
  vertex 368.881 42.2359 930.158
  vertex 367.57 42.9078 929.253
 endloop
endfacet
facet normal -0.588166 -0.488872 0.644255
 outer loop
  vertex 367.57 42.9078 929.253
  vertex 368.881 42.2359 930.158
  vertex 368.88 42.2761 930.188
 endloop
endfacet
facet normal -0.392447 -0.555787 0.732862
 outer loop
  vertex 368.88 42.2761 930.188
  vertex 368.881 42.2359 930.158
  vertex 369.69 42.1097 930.447
 endloop
endfacet
facet normal -0.312787 -0.573489 0.757149
 outer loop
  vertex 369.69 42.1097 930.447
  vertex 368.881 42.2359 930.158
  vertex 369.691 42.0696 930.417
 endloop
endfacet
facet normal -0.0535492 -0.599498 0.798583
 outer loop
  vertex 370.551 42.0763 930.53
  vertex 369.691 42.0696 930.417
  vertex 370.553 42.0363 930.5
 endloop
endfacet
facet normal 0.365603 -0.545916 0.753864
 outer loop
  vertex 372.197 42.4105 930.151
  vertex 370.553 42.0363 930.5
  vertex 372.198 42.3702 930.122
 endloop
endfacet
facet normal 0.721624 -0.387056 0.573974
 outer loop
  vertex 373.46 43.1213 929.217
  vertex 372.198 42.3702 930.122
  vertex 373.462 43.0804 929.189
 endloop
endfacet
facet normal 0.914587 -0.206941 0.347428
 outer loop
  vertex 374.235 44.0022 927.957
  vertex 373.462 43.0804 929.189
  vertex 374.236 43.9604 927.929
 endloop
endfacet
facet normal 0.994495 -0.0340516 0.0991004
 outer loop
  vertex 374.499 44.9191 926.526
  vertex 374.236 43.9604 927.929
  vertex 374.5 44.8764 926.5
 endloop
endfacet
facet normal 0.978684 -0.0906111 0.184303
 outer loop
  vertex 374.499 44.9191 926.526
  vertex 374.235 44.0022 927.957
  vertex 374.236 43.9604 927.929
 endloop
endfacet
facet normal 0.865186 -0.266402 0.424833
 outer loop
  vertex 374.235 44.0022 927.957
  vertex 373.46 43.1213 929.217
  vertex 373.462 43.0804 929.189
 endloop
endfacet
facet normal 0.622941 -0.44618 0.642548
 outer loop
  vertex 373.46 43.1213 929.217
  vertex 372.197 42.4105 930.151
  vertex 372.198 42.3702 930.122
 endloop
endfacet
facet normal 0.201433 -0.580883 0.78867
 outer loop
  vertex 372.197 42.4105 930.151
  vertex 370.551 42.0763 930.53
  vertex 370.553 42.0363 930.5
 endloop
endfacet
facet normal -0.143537 -0.595605 0.790349
 outer loop
  vertex 370.551 42.0763 930.53
  vertex 369.69 42.1097 930.447
  vertex 369.691 42.0696 930.417
 endloop
endfacet
facet normal 0.99966 0.0230259 0.0122452
 outer loop
  vertex 374.499 44.9191 926.526
  vertex 374.5 44.8764 926.5
  vertex 374.499 49.1831 917.879
 endloop
endfacet
facet normal 0.99966 0.0237321 0.0108131
 outer loop
  vertex 374.499 49.1831 917.879
  vertex 374.5 44.8764 926.5
  vertex 374.5 49.1364 917.862
 endloop
endfacet
facet normal 0.99966 0.0248718 0.00784406
 outer loop
  vertex 374.5 51.7509 908.591
  vertex 374.499 49.1831 917.879
  vertex 374.5 49.1364 917.862
 endloop
endfacet
facet normal 0.99966 0.0253053 0.0063072
 outer loop
  vertex 374.5 51.7509 908.591
  vertex 374.499 51.8 908.6
  vertex 374.499 49.1831 917.879
 endloop
endfacet
facet normal 0.99966 0.0258848 0.00318023
 outer loop
  vertex 374.5 51.7509 908.591
  vertex 374.5 52.6322 899
  vertex 374.499 51.8 908.6
 endloop
endfacet
facet normal 0.99966 0.0260309 0.00159011
 outer loop
  vertex 374.499 51.8 908.6
  vertex 374.5 52.6322 899
  vertex 374.499 52.6821 899
 endloop
endfacet
facet normal 0.99966 0.0260309 -0.00159011
 outer loop
  vertex 374.499 52.6821 899
  vertex 374.5 52.6322 899
  vertex 374.5 51.7509 889.409
 endloop
endfacet
facet normal 0.99966 0.0253053 -0.0063072
 outer loop
  vertex 374.499 51.8 889.4
  vertex 374.5 51.7509 889.409
  vertex 374.5 49.1364 880.138
 endloop
endfacet
facet normal 0.99966 0.0237321 -0.0108131
 outer loop
  vertex 374.499 49.1831 880.121
  vertex 374.5 49.1364 880.138
  vertex 374.499 44.9191 871.474
 endloop
endfacet
facet normal 0.99966 0.0248718 -0.00784406
 outer loop
  vertex 374.499 49.1831 880.121
  vertex 374.499 51.8 889.4
  vertex 374.5 49.1364 880.138
 endloop
endfacet
facet normal 0.99966 0.0230259 -0.0122452
 outer loop
  vertex 374.5 49.1364 880.138
  vertex 374.5 44.8764 871.5
  vertex 374.499 44.9191 871.474
 endloop
endfacet
facet normal 0.99966 0.0258848 -0.00318023
 outer loop
  vertex 374.499 51.8 889.4
  vertex 374.499 52.6821 899
  vertex 374.5 51.7509 889.409
 endloop
endfacet
facet normal 0.994407 -0.0345551 -0.0998062
 outer loop
  vertex 374.499 44.9191 871.474
  vertex 374.5 44.8764 871.5
  vertex 374.23 43.9935 870.03
 endloop
endfacet
facet normal 0.978285 -0.0917224 -0.185862
 outer loop
  vertex 374.23 43.9935 870.03
  vertex 374.5 44.8764 871.5
  vertex 374.231 43.9518 870.058
 endloop
endfacet
facet normal 0.913098 -0.208976 -0.350117
 outer loop
  vertex 373.446 43.0682 868.794
  vertex 374.23 43.9935 870.03
  vertex 374.231 43.9518 870.058
 endloop
endfacet
facet normal 0.862939 -0.268805 -0.427879
 outer loop
  vertex 373.446 43.0682 868.794
  vertex 373.445 43.1091 868.766
  vertex 374.23 43.9935 870.03
 endloop
endfacet
facet normal 0.717233 -0.390001 -0.577473
 outer loop
  vertex 373.446 43.0682 868.794
  vertex 372.17 42.3597 867.865
  vertex 373.445 43.1091 868.766
 endloop
endfacet
facet normal 0.617079 -0.449241 -0.646062
 outer loop
  vertex 373.445 43.1091 868.766
  vertex 372.17 42.3597 867.865
  vertex 372.168 42.3999 867.836
 endloop
endfacet
facet normal 0.357105 -0.548206 -0.756272
 outer loop
  vertex 372.168 42.3999 867.836
  vertex 372.17 42.3597 867.865
  vertex 370.518 42.075 867.47
 endloop
endfacet
facet normal 0.191755 -0.582325 -0.790018
 outer loop
  vertex 370.518 42.075 867.47
  vertex 372.17 42.3597 867.865
  vertex 370.52 42.035 867.5
 endloop
endfacet
facet normal -0.318445 -0.571362 -0.756398
 outer loop
  vertex 368.853 42.2842 867.825
  vertex 370.52 42.035 867.5
  vertex 368.854 42.244 867.854
 endloop
endfacet
facet normal -0.702733 -0.429804 -0.566952
 outer loop
  vertex 367.554 42.9197 868.765
  vertex 368.854 42.244 867.854
  vertex 367.555 42.8788 868.793
 endloop
endfacet
facet normal -0.911017 -0.251836 -0.326538
 outer loop
  vertex 366.764 43.7648 870.039
  vertex 367.555 42.8788 868.793
  vertex 366.766 43.7231 870.066
 endloop
endfacet
facet normal -0.994251 -0.079021 -0.0722516
 outer loop
  vertex 366.499 44.6731 871.474
  vertex 366.766 43.7231 870.066
  vertex 366.5 44.6306 871.5
 endloop
endfacet
facet normal -0.978053 -0.135465 -0.158307
 outer loop
  vertex 366.499 44.6731 871.474
  vertex 366.764 43.7648 870.039
  vertex 366.766 43.7231 870.066
 endloop
endfacet
facet normal -0.858281 -0.311241 -0.408023
 outer loop
  vertex 366.764 43.7648 870.039
  vertex 367.554 42.9197 868.765
  vertex 367.555 42.8788 868.793
 endloop
endfacet
facet normal -0.594353 -0.486136 -0.640637
 outer loop
  vertex 367.554 42.9197 868.765
  vertex 368.853 42.2842 867.825
  vertex 368.854 42.244 867.854
 endloop
endfacet
facet normal -0.145991 -0.594429 -0.790785
 outer loop
  vertex 368.853 42.2842 867.825
  vertex 370.518 42.075 867.47
  vertex 370.52 42.035 867.5
 endloop
endfacet
facet normal -0.99966 -0.0229984 0.0122949
 outer loop
  vertex 366.499 44.6731 871.474
  vertex 366.5 44.6306 871.5
  vertex 366.499 48.9567 880.116
 endloop
endfacet
facet normal -0.99966 -0.0237107 0.0108579
 outer loop
  vertex 366.499 48.9567 880.116
  vertex 366.5 44.6306 871.5
  vertex 366.5 48.9101 880.134
 endloop
endfacet
facet normal -0.99966 -0.0248603 0.00787768
 outer loop
  vertex 366.5 51.537 889.405
  vertex 366.499 48.9567 880.116
  vertex 366.5 48.9101 880.134
 endloop
endfacet
facet normal -0.99966 -0.0252975 0.00633452
 outer loop
  vertex 366.5 51.537 889.405
  vertex 366.499 51.5862 889.396
  vertex 366.499 48.9567 880.116
 endloop
endfacet
facet normal -0.99966 -0.0258822 0.00319424
 outer loop
  vertex 366.5 51.537 889.405
  vertex 366.5 52.4227 899
  vertex 366.499 51.5862 889.396
 endloop
endfacet
facet normal -0.99966 -0.0260296 0.00159712
 outer loop
  vertex 366.499 51.5862 889.396
  vertex 366.5 52.4227 899
  vertex 366.499 52.4727 899
 endloop
endfacet
facet normal -0.99966 -0.0260296 -0.00159712
 outer loop
  vertex 366.499 52.4727 899
  vertex 366.5 52.4227 899
  vertex 366.5 51.537 908.595
 endloop
endfacet
facet normal -0.99966 -0.0252975 -0.00633452
 outer loop
  vertex 366.499 51.5862 908.604
  vertex 366.5 51.537 908.595
  vertex 366.5 48.9101 917.866
 endloop
endfacet
facet normal -0.99966 -0.0237107 -0.0108579
 outer loop
  vertex 366.499 48.9567 917.884
  vertex 366.5 48.9101 917.866
  vertex 366.499 44.6731 926.526
 endloop
endfacet
facet normal -0.99966 -0.0248603 -0.00787768
 outer loop
  vertex 366.499 48.9567 917.884
  vertex 366.499 51.5862 908.604
  vertex 366.5 48.9101 917.866
 endloop
endfacet
facet normal -0.99966 -0.0229984 -0.0122949
 outer loop
  vertex 366.5 48.9101 917.866
  vertex 366.5 44.6306 926.5
  vertex 366.499 44.6731 926.526
 endloop
endfacet
facet normal -0.99966 -0.0258822 -0.00319424
 outer loop
  vertex 366.499 51.5862 908.604
  vertex 366.499 52.4727 899
  vertex 366.5 51.537 908.595
 endloop
endfacet
facet normal 0.994407 -0.0998062 0.0345551
 outer loop
  vertex 374.499 -27.5261 854.081
  vertex 374.5 -27.5 854.124
  vertex 374.23 -28.9696 855.006
 endloop
endfacet
facet normal 0.978285 -0.185862 0.0917224
 outer loop
  vertex 374.23 -28.9696 855.006
  vertex 374.5 -27.5 854.124
  vertex 374.231 -28.9421 855.048
 endloop
endfacet
facet normal 0.913098 -0.350117 0.208976
 outer loop
  vertex 373.446 -30.2055 855.932
  vertex 374.23 -28.9696 855.006
  vertex 374.231 -28.9421 855.048
 endloop
endfacet
facet normal 0.862939 -0.427879 0.268805
 outer loop
  vertex 373.446 -30.2055 855.932
  vertex 373.445 -30.2342 855.891
  vertex 374.23 -28.9696 855.006
 endloop
endfacet
facet normal 0.717233 -0.577473 0.390001
 outer loop
  vertex 373.446 -30.2055 855.932
  vertex 372.17 -31.1349 856.64
  vertex 373.445 -30.2342 855.891
 endloop
endfacet
facet normal 0.617079 -0.646062 0.449241
 outer loop
  vertex 373.445 -30.2342 855.891
  vertex 372.17 -31.1349 856.64
  vertex 372.168 -31.1645 856.6
 endloop
endfacet
facet normal 0.357105 -0.756272 0.548206
 outer loop
  vertex 372.168 -31.1645 856.6
  vertex 372.17 -31.1349 856.64
  vertex 370.518 -31.5299 856.925
 endloop
endfacet
facet normal 0.191755 -0.790018 0.582325
 outer loop
  vertex 370.518 -31.5299 856.925
  vertex 372.17 -31.1349 856.64
  vertex 370.52 -31.5 856.965
 endloop
endfacet
facet normal -0.318445 -0.756398 0.571362
 outer loop
  vertex 368.853 -31.1752 856.716
  vertex 370.52 -31.5 856.965
  vertex 368.854 -31.1456 856.756
 endloop
endfacet
facet normal -0.702733 -0.566952 0.429804
 outer loop
  vertex 367.554 -30.2354 856.08
  vertex 368.854 -31.1456 856.756
  vertex 367.555 -30.2067 856.121
 endloop
endfacet
facet normal -0.911017 -0.326538 0.251836
 outer loop
  vertex 366.764 -28.9612 855.235
  vertex 367.555 -30.2067 856.121
  vertex 366.766 -28.9337 855.277
 endloop
endfacet
facet normal -0.994251 -0.0722516 0.079021
 outer loop
  vertex 366.499 -27.5262 854.327
  vertex 366.766 -28.9337 855.277
  vertex 366.5 -27.5 854.369
 endloop
endfacet
facet normal -0.978053 -0.158307 0.135465
 outer loop
  vertex 366.499 -27.5262 854.327
  vertex 366.764 -28.9612 855.235
  vertex 366.766 -28.9337 855.277
 endloop
endfacet
facet normal -0.858281 -0.408023 0.311241
 outer loop
  vertex 366.764 -28.9612 855.235
  vertex 367.554 -30.2354 856.08
  vertex 367.555 -30.2067 856.121
 endloop
endfacet
facet normal -0.594353 -0.640637 0.486136
 outer loop
  vertex 367.554 -30.2354 856.08
  vertex 368.853 -31.1752 856.716
  vertex 368.854 -31.1456 856.756
 endloop
endfacet
facet normal -0.145991 -0.790785 0.594429
 outer loop
  vertex 368.853 -31.1752 856.716
  vertex 370.518 -31.5299 856.925
  vertex 370.52 -31.5 856.965
 endloop
endfacet
facet normal -0.994152 0.0730169 0.0795631
 outer loop
  vertex 366.499 27.5262 854.327
  vertex 366.5 27.5 854.369
  vertex 366.77 28.9749 855.244
 endloop
endfacet
facet normal -0.977614 0.159994 0.136645
 outer loop
  vertex 366.77 28.9749 855.244
  vertex 366.5 27.5 854.369
  vertex 366.771 28.9473 855.286
 endloop
endfacet
facet normal -0.909365 0.329482 0.253964
 outer loop
  vertex 367.571 30.2242 856.133
  vertex 366.77 28.9749 855.244
  vertex 366.771 28.9473 855.286
 endloop
endfacet
facet normal -0.855769 0.411379 0.313732
 outer loop
  vertex 367.571 30.2242 856.133
  vertex 367.57 30.253 856.092
  vertex 366.77 28.9749 855.244
 endloop
endfacet
facet normal -0.697972 0.570678 0.432623
 outer loop
  vertex 367.571 30.2242 856.133
  vertex 368.881 31.1578 856.764
  vertex 367.57 30.253 856.092
 endloop
endfacet
facet normal -0.588166 0.644255 0.488872
 outer loop
  vertex 367.57 30.253 856.092
  vertex 368.881 31.1578 856.764
  vertex 368.88 31.1875 856.724
 endloop
endfacet
facet normal -0.392447 0.732862 0.555787
 outer loop
  vertex 368.88 31.1875 856.724
  vertex 368.881 31.1578 856.764
  vertex 369.69 31.4473 856.89
 endloop
endfacet
facet normal -0.312787 0.757149 0.573489
 outer loop
  vertex 369.69 31.4473 856.89
  vertex 368.881 31.1578 856.764
  vertex 369.691 31.4174 856.93
 endloop
endfacet
facet normal -0.0535492 0.798583 0.599498
 outer loop
  vertex 370.551 31.5296 856.924
  vertex 369.691 31.4174 856.93
  vertex 370.553 31.4997 856.964
 endloop
endfacet
facet normal 0.365603 0.753864 0.545916
 outer loop
  vertex 372.197 31.1514 856.589
  vertex 370.553 31.4997 856.964
  vertex 372.198 31.1218 856.63
 endloop
endfacet
facet normal 0.721624 0.573974 0.387056
 outer loop
  vertex 373.46 30.2174 855.879
  vertex 372.198 31.1218 856.63
  vertex 373.462 30.1888 855.92
 endloop
endfacet
facet normal 0.914587 0.347428 0.206941
 outer loop
  vertex 374.235 28.9567 854.998
  vertex 373.462 30.1888 855.92
  vertex 374.236 28.9292 855.04
 endloop
endfacet
facet normal 0.994495 0.0991004 0.0340516
 outer loop
  vertex 374.499 27.5261 854.081
  vertex 374.236 28.9292 855.04
  vertex 374.5 27.5 854.124
 endloop
endfacet
facet normal 0.978684 0.184303 0.0906111
 outer loop
  vertex 374.499 27.5261 854.081
  vertex 374.235 28.9567 854.998
  vertex 374.236 28.9292 855.04
 endloop
endfacet
facet normal 0.865186 0.424833 0.266402
 outer loop
  vertex 374.235 28.9567 854.998
  vertex 373.46 30.2174 855.879
  vertex 373.462 30.1888 855.92
 endloop
endfacet
facet normal 0.622941 0.642548 0.44618
 outer loop
  vertex 373.46 30.2174 855.879
  vertex 372.197 31.1514 856.589
  vertex 372.198 31.1218 856.63
 endloop
endfacet
facet normal 0.201433 0.78867 0.580883
 outer loop
  vertex 372.197 31.1514 856.589
  vertex 370.551 31.5296 856.924
  vertex 370.553 31.4997 856.964
 endloop
endfacet
facet normal -0.143537 0.790349 0.595605
 outer loop
  vertex 370.551 31.5296 856.924
  vertex 369.69 31.4473 856.89
  vertex 369.691 31.4174 856.93
 endloop
endfacet
facet normal -0.0261782 0.587119 -0.809078
 outer loop
  vertex 368.88 31.1875 856.724
  vertex 372.197 31.1514 856.589
  vertex 367.57 30.253 856.092
 endloop
endfacet
facet normal -0.0261771 0.594464 -0.803696
 outer loop
  vertex 368.88 31.1875 856.724
  vertex 369.69 31.4473 856.89
  vertex 372.197 31.1514 856.589
 endloop
endfacet
facet normal -0.0261772 0.596469 -0.802209
 outer loop
  vertex 372.197 31.1514 856.589
  vertex 369.69 31.4473 856.89
  vertex 370.551 31.5296 856.924
 endloop
endfacet
facet normal -0.0261792 0.567265 -0.823119
 outer loop
  vertex 367.57 30.253 856.092
  vertex 373.46 30.2174 855.879
  vertex 366.77 28.9749 855.244
 endloop
endfacet
facet normal -0.0261782 0.58053 -0.813818
 outer loop
  vertex 367.57 30.253 856.092
  vertex 372.197 31.1514 856.589
  vertex 373.46 30.2174 855.879
 endloop
endfacet
facet normal -0.0261792 0.558428 -0.82914
 outer loop
  vertex 373.46 30.2174 855.879
  vertex 374.235 28.9567 854.998
  vertex 366.77 28.9749 855.244
 endloop
endfacet
facet normal -0.0261798 0.542013 -0.839962
 outer loop
  vertex 366.77 28.9749 855.244
  vertex 374.235 28.9567 854.998
  vertex 366.499 27.5262 854.327
 endloop
endfacet
facet normal -0.0261798 0.532141 -0.846251
 outer loop
  vertex 366.499 27.5262 854.327
  vertex 374.235 28.9567 854.998
  vertex 374.499 27.5261 854.081
 endloop
endfacet
facet normal -0.0262762 0.470095 -0.882225
 outer loop
  vertex 374.499 18.8794 849.817
  vertex 366.499 27.5262 854.327
  vertex 374.499 27.5261 854.081
 endloop
endfacet
facet normal -0.0262766 0.415713 -0.909116
 outer loop
  vertex 374.499 18.8794 849.817
  vertex 366.499 18.8844 850.043
  vertex 366.499 27.5262 854.327
 endloop
endfacet
facet normal -0.0262748 0.301451 -0.95312
 outer loop
  vertex 374.499 18.8794 849.817
  vertex 366.499 9.60444 847.414
  vertex 366.499 18.8844 850.043
 endloop
endfacet
facet normal -0.0262744 0.242027 -0.969914
 outer loop
  vertex 374.499 18.8794 849.817
  vertex 374.499 9.60047 847.2
  vertex 366.499 9.60444 847.414
 endloop
endfacet
facet normal -0.0262753 0.122172 -0.992161
 outer loop
  vertex 366.499 9.60444 847.414
  vertex 374.499 9.60047 847.2
  vertex 374.499 3.67217E-13 846.318
 endloop
endfacet
facet normal -0.0262748 -0.0609509 -0.997795
 outer loop
  vertex 366.499 3.65768E-13 846.527
  vertex 374.499 3.67217E-13 846.318
  vertex 374.499 -9.60047 847.2
 endloop
endfacet
facet normal -0.0262744 -0.242027 -0.969914
 outer loop
  vertex 366.499 -9.60444 847.414
  vertex 374.499 -9.60047 847.2
  vertex 374.499 -18.8794 849.817
 endloop
endfacet
facet normal -0.026274 -0.414973 -0.909454
 outer loop
  vertex 366.499 -18.8844 850.043
  vertex 374.499 -18.8794 849.817
  vertex 374.499 -27.5261 854.081
 endloop
endfacet
facet normal -0.0261798 -0.532224 -0.846199
 outer loop
  vertex 366.499 -27.5262 854.327
  vertex 374.499 -27.5261 854.081
  vertex 374.23 -28.9696 855.006
 endloop
endfacet
facet normal -0.0261793 -0.558533 -0.829069
 outer loop
  vertex 366.764 -28.9612 855.235
  vertex 374.23 -28.9696 855.006
  vertex 373.445 -30.2342 855.891
 endloop
endfacet
facet normal -0.0261783 -0.580614 -0.813758
 outer loop
  vertex 367.554 -30.2354 856.08
  vertex 373.445 -30.2342 855.891
  vertex 372.168 -31.1645 856.6
 endloop
endfacet
facet normal -0.0261772 -0.594918 -0.80336
 outer loop
  vertex 368.853 -31.1752 856.716
  vertex 372.168 -31.1645 856.6
  vertex 370.518 -31.5299 856.925
 endloop
endfacet
facet normal -0.0261782 -0.58702 -0.809149
 outer loop
  vertex 368.853 -31.1752 856.716
  vertex 367.554 -30.2354 856.08
  vertex 372.168 -31.1645 856.6
 endloop
endfacet
facet normal -0.0261792 -0.567178 -0.823179
 outer loop
  vertex 367.554 -30.2354 856.08
  vertex 366.764 -28.9612 855.235
  vertex 373.445 -30.2342 855.891
 endloop
endfacet
facet normal -0.0261798 -0.542008 -0.839965
 outer loop
  vertex 366.764 -28.9612 855.235
  vertex 366.499 -27.5262 854.327
  vertex 374.23 -28.9696 855.006
 endloop
endfacet
facet normal -0.0262744 -0.470573 -0.88197
 outer loop
  vertex 366.499 -27.5262 854.327
  vertex 366.499 -18.8844 850.043
  vertex 374.499 -27.5261 854.081
 endloop
endfacet
facet normal -0.0262748 -0.301451 -0.95312
 outer loop
  vertex 366.499 -18.8844 850.043
  vertex 366.499 -9.60444 847.414
  vertex 374.499 -18.8794 849.817
 endloop
endfacet
facet normal -0.0262753 -0.122172 -0.992161
 outer loop
  vertex 366.499 -9.60444 847.414
  vertex 366.499 3.65768E-13 846.527
  vertex 374.499 -9.60047 847.2
 endloop
endfacet
facet normal -0.0262757 0.0612215 -0.997778
 outer loop
  vertex 366.499 3.65768E-13 846.527
  vertex 366.499 9.60444 847.414
  vertex 374.499 3.67217E-13 846.318
 endloop
endfacet
facet normal 0.994407 0.0345551 0.0998062
 outer loop
  vertex 374.499 -44.9191 926.526
  vertex 374.5 -44.8764 926.5
  vertex 374.23 -43.9935 927.97
 endloop
endfacet
facet normal 0.978285 0.0917224 0.185862
 outer loop
  vertex 374.23 -43.9935 927.97
  vertex 374.5 -44.8764 926.5
  vertex 374.231 -43.9518 927.942
 endloop
endfacet
facet normal 0.913098 0.208976 0.350117
 outer loop
  vertex 373.446 -43.0682 929.206
  vertex 374.23 -43.9935 927.97
  vertex 374.231 -43.9518 927.942
 endloop
endfacet
facet normal 0.862939 0.268805 0.427879
 outer loop
  vertex 373.446 -43.0682 929.206
  vertex 373.445 -43.1091 929.234
  vertex 374.23 -43.9935 927.97
 endloop
endfacet
facet normal 0.717233 0.390001 0.577473
 outer loop
  vertex 373.446 -43.0682 929.206
  vertex 372.17 -42.3597 930.135
  vertex 373.445 -43.1091 929.234
 endloop
endfacet
facet normal 0.617079 0.449241 0.646062
 outer loop
  vertex 373.445 -43.1091 929.234
  vertex 372.17 -42.3597 930.135
  vertex 372.168 -42.3999 930.164
 endloop
endfacet
facet normal 0.357105 0.548206 0.756272
 outer loop
  vertex 372.168 -42.3999 930.164
  vertex 372.17 -42.3597 930.135
  vertex 370.518 -42.075 930.53
 endloop
endfacet
facet normal 0.191755 0.582325 0.790018
 outer loop
  vertex 370.518 -42.075 930.53
  vertex 372.17 -42.3597 930.135
  vertex 370.52 -42.035 930.5
 endloop
endfacet
facet normal -0.318445 0.571362 0.756398
 outer loop
  vertex 368.853 -42.2842 930.175
  vertex 370.52 -42.035 930.5
  vertex 368.854 -42.244 930.146
 endloop
endfacet
facet normal -0.702733 0.429804 0.566952
 outer loop
  vertex 367.554 -42.9197 929.235
  vertex 368.854 -42.244 930.146
  vertex 367.555 -42.8788 929.207
 endloop
endfacet
facet normal -0.911017 0.251836 0.326538
 outer loop
  vertex 366.764 -43.7648 927.961
  vertex 367.555 -42.8788 929.207
  vertex 366.766 -43.7231 927.934
 endloop
endfacet
facet normal -0.994251 0.079021 0.0722516
 outer loop
  vertex 366.499 -44.6731 926.526
  vertex 366.766 -43.7231 927.934
  vertex 366.5 -44.6306 926.5
 endloop
endfacet
facet normal -0.978053 0.135465 0.158307
 outer loop
  vertex 366.499 -44.6731 926.526
  vertex 366.764 -43.7648 927.961
  vertex 366.766 -43.7231 927.934
 endloop
endfacet
facet normal -0.858281 0.311241 0.408023
 outer loop
  vertex 366.764 -43.7648 927.961
  vertex 367.554 -42.9197 929.235
  vertex 367.555 -42.8788 929.207
 endloop
endfacet
facet normal -0.594353 0.486136 0.640637
 outer loop
  vertex 367.554 -42.9197 929.235
  vertex 368.853 -42.2842 930.175
  vertex 368.854 -42.244 930.146
 endloop
endfacet
facet normal -0.145991 0.594429 0.790785
 outer loop
  vertex 368.853 -42.2842 930.175
  vertex 370.518 -42.075 930.53
  vertex 370.52 -42.035 930.5
 endloop
endfacet
facet normal -0.99966 0.0229984 -0.0122949
 outer loop
  vertex 366.5 -44.6306 926.5
  vertex 366.5 -48.9101 917.866
  vertex 366.499 -44.6731 926.526
 endloop
endfacet
facet normal -0.999662 0.0239649 -0.0100964
 outer loop
  vertex 366.499 -44.6731 926.526
  vertex 366.5 -48.9101 917.866
  vertex 366.499 -50.4851 913.305
 endloop
endfacet
facet normal -0.999659 0.0251144 -0.00711616
 outer loop
  vertex 366.499 -50.4851 913.305
  vertex 366.5 -48.9101 917.866
  vertex 366.5 -51.537 908.595
 endloop
endfacet
facet normal -0.99966 0.0260296 -0.00159712
 outer loop
  vertex 366.499 -52.4727 899
  vertex 366.5 -51.537 908.595
  vertex 366.5 -52.4227 899
 endloop
endfacet
facet normal -0.99966 0.0260296 0.00159712
 outer loop
  vertex 366.5 -51.537 889.405
  vertex 366.499 -52.4727 899
  vertex 366.5 -52.4227 899
 endloop
endfacet
facet normal -0.999662 0.0256991 0.0039759
 outer loop
  vertex 366.5 -51.537 889.405
  vertex 366.499 -50.4851 884.695
  vertex 366.499 -52.4727 899
 endloop
endfacet
facet normal -0.999659 0.0251144 0.00711616
 outer loop
  vertex 366.5 -51.537 889.405
  vertex 366.5 -48.9101 880.134
  vertex 366.499 -50.4851 884.695
 endloop
endfacet
facet normal -0.999662 0.0239649 0.0100964
 outer loop
  vertex 366.499 -50.4851 884.695
  vertex 366.5 -48.9101 880.134
  vertex 366.499 -44.6731 871.474
 endloop
endfacet
facet normal -0.99966 0.0229984 0.0122949
 outer loop
  vertex 366.499 -44.6731 871.474
  vertex 366.5 -48.9101 880.134
  vertex 366.5 -44.6306 871.5
 endloop
endfacet
facet normal -0.999662 0.0256991 -0.0039759
 outer loop
  vertex 366.499 -52.4727 899
  vertex 366.499 -50.4851 913.305
  vertex 366.5 -51.537 908.595
 endloop
endfacet
facet normal -0.994152 0.0795631 -0.0730169
 outer loop
  vertex 366.499 -44.6731 871.474
  vertex 366.5 -44.6306 871.5
  vertex 366.77 -43.7559 870.025
 endloop
endfacet
facet normal -0.977614 0.136645 -0.159994
 outer loop
  vertex 366.77 -43.7559 870.025
  vertex 366.5 -44.6306 871.5
  vertex 366.771 -43.7142 870.053
 endloop
endfacet
facet normal -0.909365 0.253964 -0.329482
 outer loop
  vertex 367.571 -42.867 868.776
  vertex 366.77 -43.7559 870.025
  vertex 366.771 -43.7142 870.053
 endloop
endfacet
facet normal -0.855769 0.313732 -0.411379
 outer loop
  vertex 367.571 -42.867 868.776
  vertex 367.57 -42.9078 868.747
  vertex 366.77 -43.7559 870.025
 endloop
endfacet
facet normal -0.697972 0.432623 -0.570678
 outer loop
  vertex 367.571 -42.867 868.776
  vertex 368.881 -42.2359 867.842
  vertex 367.57 -42.9078 868.747
 endloop
endfacet
facet normal -0.588166 0.488872 -0.644255
 outer loop
  vertex 367.57 -42.9078 868.747
  vertex 368.881 -42.2359 867.842
  vertex 368.88 -42.2761 867.812
 endloop
endfacet
facet normal -0.392447 0.555787 -0.732862
 outer loop
  vertex 368.88 -42.2761 867.812
  vertex 368.881 -42.2359 867.842
  vertex 369.69 -42.1097 867.553
 endloop
endfacet
facet normal -0.312787 0.573489 -0.757149
 outer loop
  vertex 369.69 -42.1097 867.553
  vertex 368.881 -42.2359 867.842
  vertex 369.691 -42.0696 867.583
 endloop
endfacet
facet normal -0.0535492 0.599498 -0.798583
 outer loop
  vertex 370.551 -42.0763 867.47
  vertex 369.691 -42.0696 867.583
  vertex 370.553 -42.0363 867.5
 endloop
endfacet
facet normal 0.365603 0.545916 -0.753864
 outer loop
  vertex 372.197 -42.4105 867.849
  vertex 370.553 -42.0363 867.5
  vertex 372.198 -42.3702 867.878
 endloop
endfacet
facet normal 0.721624 0.387056 -0.573974
 outer loop
  vertex 373.46 -43.1213 868.783
  vertex 372.198 -42.3702 867.878
  vertex 373.462 -43.0804 868.811
 endloop
endfacet
facet normal 0.914587 0.206941 -0.347428
 outer loop
  vertex 374.235 -44.0022 870.043
  vertex 373.462 -43.0804 868.811
  vertex 374.236 -43.9604 870.071
 endloop
endfacet
facet normal 0.994495 0.0340516 -0.0991004
 outer loop
  vertex 374.499 -44.9191 871.474
  vertex 374.236 -43.9604 870.071
  vertex 374.5 -44.8764 871.5
 endloop
endfacet
facet normal 0.978684 0.0906111 -0.184303
 outer loop
  vertex 374.499 -44.9191 871.474
  vertex 374.235 -44.0022 870.043
  vertex 374.236 -43.9604 870.071
 endloop
endfacet
facet normal 0.865186 0.266402 -0.424833
 outer loop
  vertex 374.235 -44.0022 870.043
  vertex 373.46 -43.1213 868.783
  vertex 373.462 -43.0804 868.811
 endloop
endfacet
facet normal 0.622941 0.44618 -0.642548
 outer loop
  vertex 373.46 -43.1213 868.783
  vertex 372.197 -42.4105 867.849
  vertex 372.198 -42.3702 867.878
 endloop
endfacet
facet normal 0.201433 0.580883 -0.78867
 outer loop
  vertex 372.197 -42.4105 867.849
  vertex 370.551 -42.0763 867.47
  vertex 370.553 -42.0363 867.5
 endloop
endfacet
facet normal -0.143537 0.595605 -0.790349
 outer loop
  vertex 370.551 -42.0763 867.47
  vertex 369.69 -42.1097 867.553
  vertex 369.691 -42.0696 867.583
 endloop
endfacet
facet normal 0.99966 -0.0230259 -0.0122452
 outer loop
  vertex 374.5 -44.8764 871.5
  vertex 374.5 -49.1364 880.138
  vertex 374.499 -44.9191 871.474
 endloop
endfacet
facet normal 0.999662 -0.0239841 -0.0100546
 outer loop
  vertex 374.499 -44.9191 871.474
  vertex 374.5 -49.1364 880.138
  vertex 374.499 -50.7042 884.7
 endloop
endfacet
facet normal 0.999659 -0.0251237 -0.00708556
 outer loop
  vertex 374.499 -50.7042 884.7
  vertex 374.5 -49.1364 880.138
  vertex 374.5 -51.7509 889.409
 endloop
endfacet
facet normal 0.99966 -0.0260309 -0.00159011
 outer loop
  vertex 374.499 -52.6821 899
  vertex 374.5 -51.7509 889.409
  vertex 374.5 -52.6322 899
 endloop
endfacet
facet normal 0.99966 -0.0260309 0.00159011
 outer loop
  vertex 374.5 -51.7509 908.591
  vertex 374.499 -52.6821 899
  vertex 374.5 -52.6322 899
 endloop
endfacet
facet normal 0.999662 -0.0257034 0.0039586
 outer loop
  vertex 374.5 -51.7509 908.591
  vertex 374.499 -50.7042 913.3
  vertex 374.499 -52.6821 899
 endloop
endfacet
facet normal 0.999659 -0.0251237 0.00708556
 outer loop
  vertex 374.5 -51.7509 908.591
  vertex 374.5 -49.1364 917.862
  vertex 374.499 -50.7042 913.3
 endloop
endfacet
facet normal 0.999662 -0.0239841 0.0100546
 outer loop
  vertex 374.499 -50.7042 913.3
  vertex 374.5 -49.1364 917.862
  vertex 374.499 -44.9191 926.526
 endloop
endfacet
facet normal 0.99966 -0.0230259 0.0122452
 outer loop
  vertex 374.499 -44.9191 926.526
  vertex 374.5 -49.1364 917.862
  vertex 374.5 -44.8764 926.5
 endloop
endfacet
facet normal 0.999662 -0.0257034 -0.0039586
 outer loop
  vertex 374.499 -52.6821 899
  vertex 374.499 -50.7042 884.7
  vertex 374.5 -51.7509 889.409
 endloop
endfacet
facet normal -0.0261782 -0.809078 -0.587119
 outer loop
  vertex 368.88 -42.2761 867.812
  vertex 372.197 -42.4105 867.849
  vertex 367.57 -42.9078 868.747
 endloop
endfacet
facet normal -0.0261771 -0.803696 -0.594464
 outer loop
  vertex 368.88 -42.2761 867.812
  vertex 369.69 -42.1097 867.553
  vertex 372.197 -42.4105 867.849
 endloop
endfacet
facet normal -0.0261772 -0.802209 -0.596469
 outer loop
  vertex 372.197 -42.4105 867.849
  vertex 369.69 -42.1097 867.553
  vertex 370.551 -42.0763 867.47
 endloop
endfacet
facet normal -0.0261792 -0.823119 -0.567265
 outer loop
  vertex 367.57 -42.9078 868.747
  vertex 373.46 -43.1213 868.783
  vertex 366.77 -43.7559 870.025
 endloop
endfacet
facet normal -0.0261782 -0.813818 -0.58053
 outer loop
  vertex 367.57 -42.9078 868.747
  vertex 372.197 -42.4105 867.849
  vertex 373.46 -43.1213 868.783
 endloop
endfacet
facet normal -0.0261792 -0.82914 -0.558428
 outer loop
  vertex 373.46 -43.1213 868.783
  vertex 374.235 -44.0022 870.043
  vertex 366.77 -43.7559 870.025
 endloop
endfacet
facet normal -0.0261798 -0.839962 -0.542013
 outer loop
  vertex 366.77 -43.7559 870.025
  vertex 374.235 -44.0022 870.043
  vertex 366.499 -44.6731 871.474
 endloop
endfacet
facet normal -0.0261798 -0.846251 -0.532141
 outer loop
  vertex 366.499 -44.6731 871.474
  vertex 374.235 -44.0022 870.043
  vertex 374.499 -44.9191 871.474
 endloop
endfacet
facet normal -0.0264 -0.896085 -0.443097
 outer loop
  vertex 374.499 -50.7042 884.7
  vertex 366.499 -44.6731 871.474
  vertex 374.499 -44.9191 871.474
 endloop
endfacet
facet normal -0.026401 -0.932911 -0.359138
 outer loop
  vertex 374.499 -50.7042 884.7
  vertex 366.499 -50.4851 884.695
  vertex 366.499 -44.6731 871.474
 endloop
endfacet
facet normal -0.026399 -0.982791 -0.182827
 outer loop
  vertex 374.499 -50.7042 884.7
  vertex 374.499 -52.6821 899
  vertex 366.499 -50.4851 884.695
 endloop
endfacet
facet normal -0.0264 -0.995444 -0.0916151
 outer loop
  vertex 366.499 -50.4851 884.695
  vertex 374.499 -52.6821 899
  vertex 366.499 -52.4727 899
 endloop
endfacet
facet normal -0.026398 -0.995482 0.091212
 outer loop
  vertex 366.499 -52.4727 899
  vertex 374.499 -52.6821 899
  vertex 374.499 -50.7042 913.3
 endloop
endfacet
facet normal -0.026397 -0.933202 0.358382
 outer loop
  vertex 366.499 -50.4851 913.305
  vertex 374.499 -50.7042 913.3
  vertex 374.499 -44.9191 926.526
 endloop
endfacet
facet normal -0.0261798 -0.846199 0.532224
 outer loop
  vertex 366.499 -44.6731 926.526
  vertex 374.499 -44.9191 926.526
  vertex 374.23 -43.9935 927.97
 endloop
endfacet
facet normal -0.0261793 -0.829069 0.558533
 outer loop
  vertex 366.764 -43.7648 927.961
  vertex 374.23 -43.9935 927.97
  vertex 373.445 -43.1091 929.234
 endloop
endfacet
facet normal -0.0261783 -0.813758 0.580614
 outer loop
  vertex 367.554 -42.9197 929.235
  vertex 373.445 -43.1091 929.234
  vertex 372.168 -42.3999 930.164
 endloop
endfacet
facet normal -0.0261772 -0.80336 0.594918
 outer loop
  vertex 368.853 -42.2842 930.175
  vertex 372.168 -42.3999 930.164
  vertex 370.518 -42.075 930.53
 endloop
endfacet
facet normal -0.0261782 -0.809149 0.58702
 outer loop
  vertex 368.853 -42.2842 930.175
  vertex 367.554 -42.9197 929.235
  vertex 372.168 -42.3999 930.164
 endloop
endfacet
facet normal -0.0261792 -0.823179 0.567178
 outer loop
  vertex 367.554 -42.9197 929.235
  vertex 366.764 -43.7648 927.961
  vertex 373.445 -43.1091 929.234
 endloop
endfacet
facet normal -0.0261798 -0.839965 0.542008
 outer loop
  vertex 366.764 -43.7648 927.961
  vertex 366.499 -44.6731 926.526
  vertex 374.23 -43.9935 927.97
 endloop
endfacet
facet normal -0.026398 -0.895905 0.44346
 outer loop
  vertex 366.499 -44.6731 926.526
  vertex 366.499 -50.4851 913.305
  vertex 374.499 -44.9191 926.526
 endloop
endfacet
facet normal -0.026399 -0.982791 0.182827
 outer loop
  vertex 366.499 -50.4851 913.305
  vertex 366.499 -52.4727 899
  vertex 374.499 -50.7042 913.3
 endloop
endfacet
endsolid Link5
