solid Link6
facet normal 1 -3.61978E-35 -1.02481E-18
 outer loop
  vertex 815 23.8857 956.048
  vertex 815 24.5 961.5
  vertex 815 13.5 961.5
 endloop
endfacet
facet normal 1 -3.61978E-35 -1.02481E-18
 outer loop
  vertex 815 12.9532 957.697
  vertex 815 23.8857 956.048
  vertex 815 13.5 961.5
 endloop
endfacet
facet normal 1 -3.61978E-35 -1.02481E-18
 outer loop
  vertex 815 12.9532 957.697
  vertex 815 22.0737 950.87
  vertex 815 23.8857 956.048
 endloop
endfacet
facet normal 1 -3.61978E-35 -1.02481E-18
 outer loop
  vertex 815 12.9532 957.697
  vertex 815 15.4796 949.674
  vertex 815 22.0737 950.87
 endloop
endfacet
facet normal 1 -3.61978E-35 -1.02481E-18
 outer loop
  vertex 815 12.9532 957.697
  vertex 815 14.1421 950.033
  vertex 815 15.4796 949.674
 endloop
endfacet
facet normal 1 -3.61978E-35 -1.02481E-18
 outer loop
  vertex 815 12.9532 957.697
  vertex 815 11.3569 954.201
  vertex 815 14.1421 950.033
 endloop
endfacet
facet normal 1 -3.61978E-35 -1.02481E-18
 outer loop
  vertex 815 14.1421 950.033
  vertex 815 11.3569 954.201
  vertex 815 12.8046 949.674
 endloop
endfacet
facet normal 1 -3.61978E-35 -1.02481E-18
 outer loop
  vertex 815 12.8046 949.674
  vertex 815 11.3569 954.201
  vertex 815 8.84062 951.297
 endloop
endfacet
facet normal 1 -3.61978E-35 -1.02481E-18
 outer loop
  vertex 815 11.8255 948.695
  vertex 815 8.84062 951.297
  vertex 815 11.4671 947.358
 endloop
endfacet
facet normal 1 -3.61978E-35 -1.02481E-18
 outer loop
  vertex 815 11.8255 948.695
  vertex 815 12.8046 949.674
  vertex 815 8.84062 951.297
 endloop
endfacet
facet normal 1 -3.61978E-35 -1.02481E-18
 outer loop
  vertex 815 16.4588 974.305
  vertex 815 15.4796 973.326
  vertex 815 22.0737 972.13
 endloop
endfacet
facet normal 1 -3.61978E-35 -1.02481E-18
 outer loop
  vertex 815 19.1549 976.776
  vertex 815 16.4588 974.305
  vertex 815 22.0737 972.13
 endloop
endfacet
facet normal 1 -3.61978E-35 -1.02481E-18
 outer loop
  vertex 815 19.1549 976.776
  vertex 815 16.8171 975.642
  vertex 815 16.4588 974.305
 endloop
endfacet
facet normal 1 -3.61978E-35 -1.02481E-18
 outer loop
  vertex 815 19.1549 976.776
  vertex 815 16.4588 976.98
  vertex 815 16.8171 975.642
 endloop
endfacet
facet normal 1 -3.61978E-35 -1.02481E-18
 outer loop
  vertex 815 19.1549 976.776
  vertex 815 15.4796 977.959
  vertex 815 16.4588 976.98
 endloop
endfacet
facet normal 1 -3.61978E-35 -1.02481E-18
 outer loop
  vertex 815 19.1549 976.776
  vertex 815 15.2755 980.655
  vertex 815 15.4796 977.959
 endloop
endfacet
facet normal 1 -3.61978E-35 -1.02481E-18
 outer loop
  vertex 815 15.4796 977.959
  vertex 815 15.2755 980.655
  vertex 815 14.1421 978.317
 endloop
endfacet
facet normal 1 -3.61978E-35 -1.02481E-18
 outer loop
  vertex 815 14.1421 978.317
  vertex 815 15.2755 980.655
  vertex 815 12.8046 977.959
 endloop
endfacet
facet normal 1 -3.61978E-35 -1.02481E-18
 outer loop
  vertex 815 12.8046 977.959
  vertex 815 15.2755 980.655
  vertex 815 10.6302 983.574
 endloop
endfacet
facet normal 1 -3.61978E-35 -1.02481E-18
 outer loop
  vertex 815 11.8255 976.98
  vertex 815 10.6302 983.574
  vertex 815 3.34914 980.483
 endloop
endfacet
facet normal 1 -3.61978E-35 -1.02481E-18
 outer loop
  vertex 815 5.6081 973.78
  vertex 815 3.34914 980.483
  vertex 815 2.90997 979.555
 endloop
endfacet
facet normal 1 -3.61978E-35 -1.02481E-18
 outer loop
  vertex 815 2.22033 978.795
  vertex 815 5.6081 973.78
  vertex 815 2.90997 979.555
 endloop
endfacet
facet normal 1 -3.61978E-35 -1.02481E-18
 outer loop
  vertex 815 2.22033 978.795
  vertex 815 1.92125 974.863
  vertex 815 5.6081 973.78
 endloop
endfacet
facet normal 1 -3.61978E-35 -1.02481E-18
 outer loop
  vertex 815 2.22033 978.795
  vertex 815 1.3397 978.267
  vertex 815 1.92125 974.863
 endloop
endfacet
facet normal 1 -3.61978E-35 -1.02481E-18
 outer loop
  vertex 815 1.92125 974.863
  vertex 815 1.3397 978.267
  vertex 815 0.343316 978.018
 endloop
endfacet
facet normal 1 -3.61978E-35 -1.02481E-18
 outer loop
  vertex 815 -1.92125 974.863
  vertex 815 0.343316 978.018
  vertex 815 -0.683194 978.068
 endloop
endfacet
facet normal 1 -3.61978E-35 -1.02481E-18
 outer loop
  vertex 815 -1.65009 978.413
  vertex 815 -1.92125 974.863
  vertex 815 -0.683194 978.068
 endloop
endfacet
facet normal 1 -3.61978E-35 -1.02481E-18
 outer loop
  vertex 815 -1.65009 978.413
  vertex 815 -2.47475 979.025
  vertex 815 -1.92125 974.863
 endloop
endfacet
facet normal 1 -3.61978E-35 -1.02481E-18
 outer loop
  vertex 815 -1.92125 974.863
  vertex 815 -2.47475 979.025
  vertex 815 -5.6081 973.78
 endloop
endfacet
facet normal 1 -3.61978E-35 -1.02481E-18
 outer loop
  vertex 815 -5.6081 973.78
  vertex 815 -2.47475 979.025
  vertex 815 -3.23342 980.16
 endloop
endfacet
facet normal 1 -3.61978E-35 -1.02481E-18
 outer loop
  vertex 815 -11.8255 976.98
  vertex 815 -3.23342 980.16
  vertex 815 -10.6302 983.574
 endloop
endfacet
facet normal 1 -3.61978E-35 -1.02481E-18
 outer loop
  vertex 815 -12.8046 977.959
  vertex 815 -10.6302 983.574
  vertex 815 -15.2755 980.655
 endloop
endfacet
facet normal 1 -3.61978E-35 -1.02481E-18
 outer loop
  vertex 815 -14.1421 978.317
  vertex 815 -15.2755 980.655
  vertex 815 -15.4796 977.959
 endloop
endfacet
facet normal 1 -3.61978E-35 -1.02481E-18
 outer loop
  vertex 815 -14.1421 978.317
  vertex 815 -12.8046 977.959
  vertex 815 -15.2755 980.655
 endloop
endfacet
facet normal 1 -3.61978E-35 -1.02481E-18
 outer loop
  vertex 815 3.34914 980.483
  vertex 815 10.6302 983.574
  vertex 815 3.5 981.5
 endloop
endfacet
facet normal 1 -3.61978E-35 -1.02481E-18
 outer loop
  vertex 815 3.5 981.5
  vertex 815 10.6302 983.574
  vertex 815 5.45176 985.386
 endloop
endfacet
facet normal 1 -3.61978E-35 -1.02481E-18
 outer loop
  vertex 815 3.23365 982.839
  vertex 815 5.45176 985.386
  vertex 815 2.475 983.975
 endloop
endfacet
facet normal 1 -3.61978E-35 -1.02481E-18
 outer loop
  vertex 815 3.23365 982.839
  vertex 815 3.5 981.5
  vertex 815 5.45176 985.386
 endloop
endfacet
facet normal 1 -3.61978E-35 -1.02481E-18
 outer loop
  vertex 815 2.475 983.975
  vertex 815 5.45176 985.386
  vertex 815 1.65021 984.587
 endloop
endfacet
facet normal 1 -3.61978E-35 -1.02481E-18
 outer loop
  vertex 815 1.65021 984.587
  vertex 815 5.45176 985.386
  vertex 815 -3.93033E-13 986
 endloop
endfacet
facet normal 1 -3.61978E-35 -1.02481E-18
 outer loop
  vertex 815 0.683367 984.933
  vertex 815 -3.93033E-13 986
  vertex 815 -0.342519 984.983
 endloop
endfacet
facet normal 1 -3.61978E-35 -1.02481E-18
 outer loop
  vertex 815 0.683367 984.933
  vertex 815 1.65021 984.587
  vertex 815 -3.93033E-13 986
 endloop
endfacet
facet normal 1 -3.61978E-35 -1.02481E-18
 outer loop
  vertex 815 -0.342519 984.983
  vertex 815 -3.93033E-13 986
  vertex 815 -1.33884 984.734
 endloop
endfacet
facet normal 1 -3.61978E-35 -1.02481E-18
 outer loop
  vertex 815 -1.33884 984.734
  vertex 815 -3.93033E-13 986
  vertex 815 -5.45176 985.386
 endloop
endfacet
facet normal 1 -3.61978E-35 -1.02481E-18
 outer loop
  vertex 815 -2.21983 984.206
  vertex 815 -5.45176 985.386
  vertex 815 -2.90981 983.445
 endloop
endfacet
facet normal 1 -3.61978E-35 -1.02481E-18
 outer loop
  vertex 815 -2.21983 984.206
  vertex 815 -1.33884 984.734
  vertex 815 -5.45176 985.386
 endloop
endfacet
facet normal 1 -3.61978E-35 -1.02481E-18
 outer loop
  vertex 815 -10.6302 983.574
  vertex 815 -3.5 981.5
  vertex 815 -5.45176 985.386
 endloop
endfacet
facet normal 1 -3.61978E-35 -1.02481E-18
 outer loop
  vertex 815 -10.6302 983.574
  vertex 815 -3.23342 980.16
  vertex 815 -3.5 981.5
 endloop
endfacet
facet normal 1 -3.61978E-35 -1.02481E-18
 outer loop
  vertex 815 -15.4796 977.959
  vertex 815 -15.2755 980.655
  vertex 815 -16.4588 976.98
 endloop
endfacet
facet normal 1 -3.61978E-35 -1.02481E-18
 outer loop
  vertex 815 -16.4588 976.98
  vertex 815 -15.2755 980.655
  vertex 815 -19.1549 976.776
 endloop
endfacet
facet normal 1 -3.61978E-35 -1.02481E-18
 outer loop
  vertex 815 -16.8171 975.642
  vertex 815 -19.1549 976.776
  vertex 815 -16.4588 974.305
 endloop
endfacet
facet normal 1 -3.61978E-35 -1.02481E-18
 outer loop
  vertex 815 -16.8171 975.642
  vertex 815 -16.4588 976.98
  vertex 815 -19.1549 976.776
 endloop
endfacet
facet normal 1 -3.61978E-35 -1.02481E-18
 outer loop
  vertex 815 -19.1549 976.776
  vertex 815 -22.0737 972.13
  vertex 815 -16.4588 974.305
 endloop
endfacet
facet normal 1 -3.61978E-35 -1.02481E-18
 outer loop
  vertex 815 -16.4588 974.305
  vertex 815 -22.0737 972.13
  vertex 815 -15.4796 973.326
 endloop
endfacet
facet normal 1 -3.61978E-35 -1.02481E-18
 outer loop
  vertex 815 -15.4796 973.326
  vertex 815 -22.0737 972.13
  vertex 815 -12.9532 965.303
 endloop
endfacet
facet normal 1 -3.61978E-35 -1.02481E-18
 outer loop
  vertex 815 -14.1421 972.967
  vertex 815 -12.9532 965.303
  vertex 815 -11.3569 968.799
 endloop
endfacet
facet normal 1 -3.61978E-35 -1.02481E-18
 outer loop
  vertex 815 -12.8046 973.326
  vertex 815 -11.3569 968.799
  vertex 815 -8.84062 971.703
 endloop
endfacet
facet normal 1 -3.61978E-35 -1.02481E-18
 outer loop
  vertex 815 -11.8255 974.305
  vertex 815 -8.84062 971.703
  vertex 815 -11.4671 975.642
 endloop
endfacet
facet normal 1 -3.61978E-35 -1.02481E-18
 outer loop
  vertex 815 -11.8255 974.305
  vertex 815 -12.8046 973.326
  vertex 815 -8.84062 971.703
 endloop
endfacet
facet normal 1 -3.61978E-35 -1.02481E-18
 outer loop
  vertex 815 -22.0737 972.13
  vertex 815 -23.8857 966.952
  vertex 815 -12.9532 965.303
 endloop
endfacet
facet normal 1 -3.61978E-35 -1.02481E-18
 outer loop
  vertex 815 -12.9532 965.303
  vertex 815 -23.8857 966.952
  vertex 815 -13.5 961.5
 endloop
endfacet
facet normal 1 -3.61978E-35 -1.02481E-18
 outer loop
  vertex 815 -13.5 961.5
  vertex 815 -23.8857 966.952
  vertex 815 -24.5 961.5
 endloop
endfacet
facet normal 1 -3.61978E-35 -1.02481E-18
 outer loop
  vertex 815 -23.8857 956.048
  vertex 815 -13.5 961.5
  vertex 815 -24.5 961.5
 endloop
endfacet
facet normal 1 -3.61978E-35 -1.02481E-18
 outer loop
  vertex 815 -23.8857 956.048
  vertex 815 -12.9532 957.697
  vertex 815 -13.5 961.5
 endloop
endfacet
facet normal 1 -3.61978E-35 -1.02481E-18
 outer loop
  vertex 815 -23.8857 956.048
  vertex 815 -22.0737 950.87
  vertex 815 -12.9532 957.697
 endloop
endfacet
facet normal 1 -3.61978E-35 -1.02481E-18
 outer loop
  vertex 815 -12.9532 957.697
  vertex 815 -22.0737 950.87
  vertex 815 -15.4796 949.674
 endloop
endfacet
facet normal 1 -3.61978E-35 -1.02481E-18
 outer loop
  vertex 815 -14.1421 950.033
  vertex 815 -12.9532 957.697
  vertex 815 -15.4796 949.674
 endloop
endfacet
facet normal 1 -3.61978E-35 -1.02481E-18
 outer loop
  vertex 815 -14.1421 950.033
  vertex 815 -11.3569 954.201
  vertex 815 -12.9532 957.697
 endloop
endfacet
facet normal 1 -3.61978E-35 -1.02481E-18
 outer loop
  vertex 815 -14.1421 950.033
  vertex 815 -12.8046 949.674
  vertex 815 -11.3569 954.201
 endloop
endfacet
facet normal 1 -3.61978E-35 -1.02481E-18
 outer loop
  vertex 815 -11.3569 954.201
  vertex 815 -12.8046 949.674
  vertex 815 -8.84062 951.297
 endloop
endfacet
facet normal 1 -3.61978E-35 -1.02481E-18
 outer loop
  vertex 815 -8.84062 951.297
  vertex 815 -12.8046 949.674
  vertex 815 -11.8255 948.695
 endloop
endfacet
facet normal 1 -3.61978E-35 -1.02481E-18
 outer loop
  vertex 815 -11.4671 947.358
  vertex 815 -8.84062 951.297
  vertex 815 -11.8255 948.695
 endloop
endfacet
facet normal 1 -3.61978E-35 -1.02481E-18
 outer loop
  vertex 815 -11.4671 947.358
  vertex 815 -5.6081 949.22
  vertex 815 -8.84062 951.297
 endloop
endfacet
facet normal 1 -3.61978E-35 -1.02481E-18
 outer loop
  vertex 815 -11.4671 947.358
  vertex 815 -11.8255 946.02
  vertex 815 -5.6081 949.22
 endloop
endfacet
facet normal 1 -3.61978E-35 -1.02481E-18
 outer loop
  vertex 815 -5.6081 949.22
  vertex 815 -11.8255 946.02
  vertex 815 -10.6302 939.426
 endloop
endfacet
facet normal 1 -3.61978E-35 -1.02481E-18
 outer loop
  vertex 815 -5.45176 937.614
  vertex 815 -5.6081 949.22
  vertex 815 -10.6302 939.426
 endloop
endfacet
facet normal 1 -3.61978E-35 -1.02481E-18
 outer loop
  vertex 815 -5.45176 937.614
  vertex 815 -1.92125 948.137
  vertex 815 -5.6081 949.22
 endloop
endfacet
facet normal 1 -3.61978E-35 -1.02481E-18
 outer loop
  vertex 815 -5.45176 937.614
  vertex 815 -3.99034E-13 937
  vertex 815 -1.92125 948.137
 endloop
endfacet
facet normal 1 -3.61978E-35 -1.02481E-18
 outer loop
  vertex 815 -1.92125 948.137
  vertex 815 -3.99034E-13 937
  vertex 815 1.92125 948.137
 endloop
endfacet
facet normal 1 -3.61978E-35 -1.02481E-18
 outer loop
  vertex 815 1.92125 948.137
  vertex 815 -3.99034E-13 937
  vertex 815 5.45176 937.614
 endloop
endfacet
facet normal 1 -3.61978E-35 -1.02481E-18
 outer loop
  vertex 815 5.6081 949.22
  vertex 815 5.45176 937.614
  vertex 815 10.6302 939.426
 endloop
endfacet
facet normal 1 -3.61978E-35 -1.02481E-18
 outer loop
  vertex 815 11.8255 946.02
  vertex 815 10.6302 939.426
  vertex 815 12.8046 945.041
 endloop
endfacet
facet normal 1 -3.61978E-35 -1.02481E-18
 outer loop
  vertex 815 11.8255 946.02
  vertex 815 5.6081 949.22
  vertex 815 10.6302 939.426
 endloop
endfacet
facet normal 1 -3.61978E-35 -1.02481E-18
 outer loop
  vertex 815 11.8255 946.02
  vertex 815 11.4671 947.358
  vertex 815 5.6081 949.22
 endloop
endfacet
facet normal 1 -3.61978E-35 -1.02481E-18
 outer loop
  vertex 815 5.6081 949.22
  vertex 815 11.4671 947.358
  vertex 815 8.84062 951.297
 endloop
endfacet
facet normal 1 -3.61978E-35 -1.02481E-18
 outer loop
  vertex 815 -15.4796 949.674
  vertex 815 -22.0737 950.87
  vertex 815 -16.4588 948.695
 endloop
endfacet
facet normal 1 -3.61978E-35 -1.02481E-18
 outer loop
  vertex 815 -16.4588 948.695
  vertex 815 -22.0737 950.87
  vertex 815 -19.1549 946.224
 endloop
endfacet
facet normal 1 -3.61978E-35 -1.02481E-18
 outer loop
  vertex 815 -16.8171 947.358
  vertex 815 -19.1549 946.224
  vertex 815 -16.4588 946.02
 endloop
endfacet
facet normal 1 -3.61978E-35 -1.02481E-18
 outer loop
  vertex 815 -16.8171 947.358
  vertex 815 -16.4588 948.695
  vertex 815 -19.1549 946.224
 endloop
endfacet
facet normal 1 -3.61978E-35 -1.02481E-18
 outer loop
  vertex 815 -16.4588 946.02
  vertex 815 -19.1549 946.224
  vertex 815 -15.4796 945.041
 endloop
endfacet
facet normal 1 -3.61978E-35 -1.02481E-18
 outer loop
  vertex 815 -15.4796 945.041
  vertex 815 -19.1549 946.224
  vertex 815 -15.2755 942.345
 endloop
endfacet
facet normal 1 -3.61978E-35 -1.02481E-18
 outer loop
  vertex 815 -14.1421 944.683
  vertex 815 -15.2755 942.345
  vertex 815 -12.8046 945.041
 endloop
endfacet
facet normal 1 -3.61978E-35 -1.02481E-18
 outer loop
  vertex 815 -14.1421 944.683
  vertex 815 -15.4796 945.041
  vertex 815 -15.2755 942.345
 endloop
endfacet
facet normal 1 -3.61978E-35 -1.02481E-18
 outer loop
  vertex 815 -15.2755 942.345
  vertex 815 -10.6302 939.426
  vertex 815 -12.8046 945.041
 endloop
endfacet
facet normal 1 -3.61978E-35 -1.02481E-18
 outer loop
  vertex 815 -12.8046 945.041
  vertex 815 -10.6302 939.426
  vertex 815 -11.8255 946.02
 endloop
endfacet
facet normal 1 -3.61978E-35 -1.02481E-18
 outer loop
  vertex 815 10.6302 939.426
  vertex 815 15.2755 942.345
  vertex 815 12.8046 945.041
 endloop
endfacet
facet normal 1 -3.61978E-35 -1.02481E-18
 outer loop
  vertex 815 12.8046 945.041
  vertex 815 15.2755 942.345
  vertex 815 14.1421 944.683
 endloop
endfacet
facet normal 1 -3.61978E-35 -1.02481E-18
 outer loop
  vertex 815 14.1421 944.683
  vertex 815 15.2755 942.345
  vertex 815 15.4796 945.041
 endloop
endfacet
facet normal 1 -3.61978E-35 -1.02481E-18
 outer loop
  vertex 815 15.4796 945.041
  vertex 815 15.2755 942.345
  vertex 815 16.4588 946.02
 endloop
endfacet
facet normal 1 -3.61978E-35 -1.02481E-18
 outer loop
  vertex 815 16.4588 946.02
  vertex 815 15.2755 942.345
  vertex 815 19.1549 946.224
 endloop
endfacet
facet normal 1 -3.61978E-35 -1.02481E-18
 outer loop
  vertex 815 16.8171 947.358
  vertex 815 19.1549 946.224
  vertex 815 16.4588 948.695
 endloop
endfacet
facet normal 1 -3.61978E-35 -1.02481E-18
 outer loop
  vertex 815 16.8171 947.358
  vertex 815 16.4588 946.02
  vertex 815 19.1549 946.224
 endloop
endfacet
facet normal 1 -3.61978E-35 -1.02481E-18
 outer loop
  vertex 815 19.1549 946.224
  vertex 815 22.0737 950.87
  vertex 815 16.4588 948.695
 endloop
endfacet
facet normal 1 -3.61978E-35 -1.02481E-18
 outer loop
  vertex 815 16.4588 948.695
  vertex 815 22.0737 950.87
  vertex 815 15.4796 949.674
 endloop
endfacet
facet normal 1 -3.61978E-35 -1.02481E-18
 outer loop
  vertex 815 -3.5 981.5
  vertex 815 -3.34912 982.517
  vertex 815 -5.45176 985.386
 endloop
endfacet
facet normal 1 -3.61978E-35 -1.02481E-18
 outer loop
  vertex 815 -5.45176 985.386
  vertex 815 -3.34912 982.517
  vertex 815 -2.90981 983.445
 endloop
endfacet
facet normal 1 -3.61978E-35 -1.02481E-18
 outer loop
  vertex 815 -14.1421 972.967
  vertex 815 -15.4796 973.326
  vertex 815 -12.9532 965.303
 endloop
endfacet
facet normal 1 -3.61978E-35 -1.02481E-18
 outer loop
  vertex 815 -12.8046 977.959
  vertex 815 -11.8255 976.98
  vertex 815 -10.6302 983.574
 endloop
endfacet
facet normal 1 -3.61978E-35 -1.02481E-18
 outer loop
  vertex 815 -3.23342 980.16
  vertex 815 -11.8255 976.98
  vertex 815 -5.6081 973.78
 endloop
endfacet
facet normal 1 -3.61978E-35 -1.02481E-18
 outer loop
  vertex 815 -5.6081 973.78
  vertex 815 -11.8255 976.98
  vertex 815 -11.4671 975.642
 endloop
endfacet
facet normal 1 -3.61978E-35 -1.02481E-18
 outer loop
  vertex 815 -8.84062 971.703
  vertex 815 -5.6081 973.78
  vertex 815 -11.4671 975.642
 endloop
endfacet
facet normal 1 -3.61978E-35 -1.02481E-18
 outer loop
  vertex 815 -12.8046 973.326
  vertex 815 -14.1421 972.967
  vertex 815 -11.3569 968.799
 endloop
endfacet
facet normal 1 -3.61978E-35 -1.02481E-18
 outer loop
  vertex 815 11.8255 976.98
  vertex 815 5.6081 973.78
  vertex 815 11.4671 975.642
 endloop
endfacet
facet normal 1 -3.61978E-35 -1.02481E-18
 outer loop
  vertex 815 11.8255 976.98
  vertex 815 3.34914 980.483
  vertex 815 5.6081 973.78
 endloop
endfacet
facet normal 1 -3.61978E-35 -1.02481E-18
 outer loop
  vertex 815 11.8255 976.98
  vertex 815 12.8046 977.959
  vertex 815 10.6302 983.574
 endloop
endfacet
facet normal 1 -3.61978E-35 -1.02481E-18
 outer loop
  vertex 815 22.0737 972.13
  vertex 815 15.4796 973.326
  vertex 815 12.9532 965.303
 endloop
endfacet
facet normal 1 -3.61978E-35 -1.02481E-18
 outer loop
  vertex 815 23.8857 966.952
  vertex 815 12.9532 965.303
  vertex 815 13.5 961.5
 endloop
endfacet
facet normal 1 -3.61978E-35 -1.02481E-18
 outer loop
  vertex 815 24.5 961.5
  vertex 815 23.8857 966.952
  vertex 815 13.5 961.5
 endloop
endfacet
facet normal 1 -3.61978E-35 -1.02481E-18
 outer loop
  vertex 815 11.8255 974.305
  vertex 815 8.84062 971.703
  vertex 815 12.8046 973.326
 endloop
endfacet
facet normal 1 -3.61978E-35 -1.02481E-18
 outer loop
  vertex 815 11.8255 974.305
  vertex 815 11.4671 975.642
  vertex 815 8.84062 971.703
 endloop
endfacet
facet normal 1 -3.61978E-35 -1.02481E-18
 outer loop
  vertex 815 8.84062 971.703
  vertex 815 11.4671 975.642
  vertex 815 5.6081 973.78
 endloop
endfacet
facet normal 1 -3.61978E-35 -1.02481E-18
 outer loop
  vertex 815 5.6081 949.22
  vertex 815 1.92125 948.137
  vertex 815 5.45176 937.614
 endloop
endfacet
facet normal 1 -3.61978E-35 -1.02481E-18
 outer loop
  vertex 815 -1.92125 974.863
  vertex 815 1.92125 974.863
  vertex 815 0.343316 978.018
 endloop
endfacet
facet normal 1 -3.61978E-35 -1.02481E-18
 outer loop
  vertex 815 8.84062 971.703
  vertex 815 11.3569 968.799
  vertex 815 12.8046 973.326
 endloop
endfacet
facet normal 1 -3.61978E-35 -1.02481E-18
 outer loop
  vertex 815 12.8046 973.326
  vertex 815 11.3569 968.799
  vertex 815 14.1421 972.967
 endloop
endfacet
facet normal 1 -3.61978E-35 -1.02481E-18
 outer loop
  vertex 815 14.1421 972.967
  vertex 815 11.3569 968.799
  vertex 815 12.9532 965.303
 endloop
endfacet
facet normal 1 -3.61978E-35 -1.02481E-18
 outer loop
  vertex 815 15.4796 973.326
  vertex 815 14.1421 972.967
  vertex 815 12.9532 965.303
 endloop
endfacet
facet normal 1 -3.61978E-35 -1.02481E-18
 outer loop
  vertex 815 12.9532 965.303
  vertex 815 23.8857 966.952
  vertex 815 22.0737 972.13
 endloop
endfacet
facet normal 0 0.997214 -0.0745904
 outer loop
  vertex 814.5 25 961.5
  vertex 814.5 24.3732 955.937
  vertex 806 25 961.5
 endloop
endfacet
facet normal 0 0.98881 -0.149181
 outer loop
  vertex 806 25 961.5
  vertex 814.5 24.3732 955.937
  vertex 806 24.3732 955.937
 endloop
endfacet
facet normal 0 0.955614 -0.294621
 outer loop
  vertex 806 24.3732 955.937
  vertex 814.5 24.3732 955.937
  vertex 814.5 22.5242 950.653
 endloop
endfacet
facet normal 0 0.866095 -0.499879
 outer loop
  vertex 806 22.5242 950.653
  vertex 814.5 22.5242 950.653
  vertex 814.5 19.5458 945.913
 endloop
endfacet
facet normal 0 0.733147 -0.68007
 outer loop
  vertex 806 19.5458 945.913
  vertex 814.5 19.5458 945.913
  vertex 814.5 15.5872 941.954
 endloop
endfacet
facet normal 0 0.563436 -0.82616
 outer loop
  vertex 806 15.5872 941.954
  vertex 814.5 15.5872 941.954
  vertex 814.5 10.8471 938.976
 endloop
endfacet
facet normal 0 0.365471 -0.930823
 outer loop
  vertex 806 10.8471 938.976
  vertex 814.5 10.8471 938.976
  vertex 814.5 5.56302 937.127
 endloop
endfacet
facet normal 0 0.149181 -0.98881
 outer loop
  vertex 806 5.56302 937.127
  vertex 814.5 5.56302 937.127
  vertex 814.5 -3.99126E-13 936.5
 endloop
endfacet
facet normal 0 -0.0745904 -0.997214
 outer loop
  vertex 806 -3.99126E-13 936.5
  vertex 814.5 -3.99126E-13 936.5
  vertex 814.5 -5.56302 937.127
 endloop
endfacet
facet normal 0 -0.294621 -0.955614
 outer loop
  vertex 806 -5.56302 937.127
  vertex 814.5 -5.56302 937.127
  vertex 814.5 -10.8471 938.976
 endloop
endfacet
facet normal 0 -0.499879 -0.866095
 outer loop
  vertex 806 -10.8471 938.976
  vertex 814.5 -10.8471 938.976
  vertex 814.5 -15.5872 941.954
 endloop
endfacet
facet normal 0 -0.68007 -0.733147
 outer loop
  vertex 806 -15.5872 941.954
  vertex 814.5 -15.5872 941.954
  vertex 814.5 -19.5458 945.913
 endloop
endfacet
facet normal 0 -0.82616 -0.563436
 outer loop
  vertex 806 -19.5458 945.913
  vertex 814.5 -19.5458 945.913
  vertex 814.5 -22.5242 950.653
 endloop
endfacet
facet normal 0 -0.930823 -0.365471
 outer loop
  vertex 806 -22.5242 950.653
  vertex 814.5 -22.5242 950.653
  vertex 814.5 -24.3732 955.937
 endloop
endfacet
facet normal 0 -0.98881 -0.149181
 outer loop
  vertex 806 -24.3732 955.937
  vertex 814.5 -24.3732 955.937
  vertex 814.5 -25 961.5
 endloop
endfacet
facet normal 0 -0.997214 -0.0745904
 outer loop
  vertex 806 -25 961.5
  vertex 806 -24.3732 955.937
  vertex 814.5 -25 961.5
 endloop
endfacet
facet normal 0 -0.955614 -0.294621
 outer loop
  vertex 806 -24.3732 955.937
  vertex 806 -22.5242 950.653
  vertex 814.5 -24.3732 955.937
 endloop
endfacet
facet normal 0 -0.866095 -0.499879
 outer loop
  vertex 806 -22.5242 950.653
  vertex 806 -19.5458 945.913
  vertex 814.5 -22.5242 950.653
 endloop
endfacet
facet normal 0 -0.733147 -0.68007
 outer loop
  vertex 806 -19.5458 945.913
  vertex 806 -15.5872 941.954
  vertex 814.5 -19.5458 945.913
 endloop
endfacet
facet normal 0 -0.563436 -0.82616
 outer loop
  vertex 806 -15.5872 941.954
  vertex 806 -10.8471 938.976
  vertex 814.5 -15.5872 941.954
 endloop
endfacet
facet normal 0 -0.365471 -0.930823
 outer loop
  vertex 806 -10.8471 938.976
  vertex 806 -5.56302 937.127
  vertex 814.5 -10.8471 938.976
 endloop
endfacet
facet normal 0 -0.149181 -0.98881
 outer loop
  vertex 806 -5.56302 937.127
  vertex 806 -3.99126E-13 936.5
  vertex 814.5 -5.56302 937.127
 endloop
endfacet
facet normal 0 0.0745904 -0.997214
 outer loop
  vertex 806 -3.99126E-13 936.5
  vertex 806 5.56302 937.127
  vertex 814.5 -3.99126E-13 936.5
 endloop
endfacet
facet normal 0 0.294621 -0.955614
 outer loop
  vertex 806 5.56302 937.127
  vertex 806 10.8471 938.976
  vertex 814.5 5.56302 937.127
 endloop
endfacet
facet normal 0 0.499879 -0.866095
 outer loop
  vertex 806 10.8471 938.976
  vertex 806 15.5872 941.954
  vertex 814.5 10.8471 938.976
 endloop
endfacet
facet normal 0 0.68007 -0.733147
 outer loop
  vertex 806 15.5872 941.954
  vertex 806 19.5458 945.913
  vertex 814.5 15.5872 941.954
 endloop
endfacet
facet normal 0 0.82616 -0.563436
 outer loop
  vertex 806 19.5458 945.913
  vertex 806 22.5242 950.653
  vertex 814.5 19.5458 945.913
 endloop
endfacet
facet normal 0 0.930823 -0.365471
 outer loop
  vertex 806 22.5242 950.653
  vertex 806 24.3732 955.937
  vertex 814.5 22.5242 950.653
 endloop
endfacet
facet normal 0 -0.997214 0.0745904
 outer loop
  vertex 814.5 -25 961.5
  vertex 814.5 -24.3732 967.063
  vertex 806 -25 961.5
 endloop
endfacet
facet normal 0 -0.98881 0.149181
 outer loop
  vertex 806 -25 961.5
  vertex 814.5 -24.3732 967.063
  vertex 806 -24.3732 967.063
 endloop
endfacet
facet normal 0 -0.955614 0.294621
 outer loop
  vertex 806 -24.3732 967.063
  vertex 814.5 -24.3732 967.063
  vertex 814.5 -22.5242 972.347
 endloop
endfacet
facet normal 0 -0.866095 0.499879
 outer loop
  vertex 806 -22.5242 972.347
  vertex 814.5 -22.5242 972.347
  vertex 814.5 -19.5458 977.087
 endloop
endfacet
facet normal 0 -0.733147 0.68007
 outer loop
  vertex 806 -19.5458 977.087
  vertex 814.5 -19.5458 977.087
  vertex 814.5 -15.5872 981.046
 endloop
endfacet
facet normal 0 -0.563436 0.82616
 outer loop
  vertex 806 -15.5872 981.046
  vertex 814.5 -15.5872 981.046
  vertex 814.5 -10.8471 984.024
 endloop
endfacet
facet normal 0 -0.365471 0.930823
 outer loop
  vertex 806 -10.8471 984.024
  vertex 814.5 -10.8471 984.024
  vertex 814.5 -5.56302 985.873
 endloop
endfacet
facet normal 0 -0.149181 0.98881
 outer loop
  vertex 806 -5.56302 985.873
  vertex 814.5 -5.56302 985.873
  vertex 814.5 -3.93003E-13 986.5
 endloop
endfacet
facet normal 0 0.0745904 0.997214
 outer loop
  vertex 806 -3.93003E-13 986.5
  vertex 814.5 -3.93003E-13 986.5
  vertex 814.5 5.56302 985.873
 endloop
endfacet
facet normal 0 0.294621 0.955614
 outer loop
  vertex 806 5.56302 985.873
  vertex 814.5 5.56302 985.873
  vertex 814.5 10.8471 984.024
 endloop
endfacet
facet normal 0 0.499879 0.866095
 outer loop
  vertex 806 10.8471 984.024
  vertex 814.5 10.8471 984.024
  vertex 814.5 15.5872 981.046
 endloop
endfacet
facet normal 0 0.68007 0.733147
 outer loop
  vertex 806 15.5872 981.046
  vertex 814.5 15.5872 981.046
  vertex 814.5 19.5458 977.087
 endloop
endfacet
facet normal 0 0.82616 0.563436
 outer loop
  vertex 806 19.5458 977.087
  vertex 814.5 19.5458 977.087
  vertex 814.5 22.5242 972.347
 endloop
endfacet
facet normal 0 0.930823 0.365471
 outer loop
  vertex 806 22.5242 972.347
  vertex 814.5 22.5242 972.347
  vertex 814.5 24.3732 967.063
 endloop
endfacet
facet normal 0 0.98881 0.149181
 outer loop
  vertex 806 24.3732 967.063
  vertex 814.5 24.3732 967.063
  vertex 814.5 25 961.5
 endloop
endfacet
facet normal 0 0.997214 0.0745904
 outer loop
  vertex 806 25 961.5
  vertex 806 24.3732 967.063
  vertex 814.5 25 961.5
 endloop
endfacet
facet normal 0 0.955614 0.294621
 outer loop
  vertex 806 24.3732 967.063
  vertex 806 22.5242 972.347
  vertex 814.5 24.3732 967.063
 endloop
endfacet
facet normal 0 0.866095 0.499879
 outer loop
  vertex 806 22.5242 972.347
  vertex 806 19.5458 977.087
  vertex 814.5 22.5242 972.347
 endloop
endfacet
facet normal 0 0.733147 0.68007
 outer loop
  vertex 806 19.5458 977.087
  vertex 806 15.5872 981.046
  vertex 814.5 19.5458 977.087
 endloop
endfacet
facet normal 0 0.563436 0.82616
 outer loop
  vertex 806 15.5872 981.046
  vertex 806 10.8471 984.024
  vertex 814.5 15.5872 981.046
 endloop
endfacet
facet normal 0 0.365471 0.930823
 outer loop
  vertex 806 10.8471 984.024
  vertex 806 5.56302 985.873
  vertex 814.5 10.8471 984.024
 endloop
endfacet
facet normal 0 0.149181 0.98881
 outer loop
  vertex 806 5.56302 985.873
  vertex 806 -3.93003E-13 986.5
  vertex 814.5 5.56302 985.873
 endloop
endfacet
facet normal 0 -0.0745904 0.997214
 outer loop
  vertex 806 -3.93003E-13 986.5
  vertex 806 -5.56302 985.873
  vertex 814.5 -3.93003E-13 986.5
 endloop
endfacet
facet normal 0 -0.294621 0.955614
 outer loop
  vertex 806 -5.56302 985.873
  vertex 806 -10.8471 984.024
  vertex 814.5 -5.56302 985.873
 endloop
endfacet
facet normal 0 -0.499879 0.866095
 outer loop
  vertex 806 -10.8471 984.024
  vertex 806 -15.5872 981.046
  vertex 814.5 -10.8471 984.024
 endloop
endfacet
facet normal 0 -0.68007 0.733147
 outer loop
  vertex 806 -15.5872 981.046
  vertex 806 -19.5458 977.087
  vertex 814.5 -15.5872 981.046
 endloop
endfacet
facet normal 0 -0.82616 0.563436
 outer loop
  vertex 806 -19.5458 977.087
  vertex 806 -22.5242 972.347
  vertex 814.5 -19.5458 977.087
 endloop
endfacet
facet normal 0 -0.930823 0.365471
 outer loop
  vertex 806 -22.5242 972.347
  vertex 806 -24.3732 967.063
  vertex 814.5 -22.5242 972.347
 endloop
endfacet
facet normal -0.970353 -0.241571 -0.00766583
 outer loop
  vertex 802.781 -12.0904 961.5
  vertex 802.781 -12.0356 960.351
  vertex 806 -25 961.5
 endloop
endfacet
facet normal -0.970535 -0.239594 -0.0256159
 outer loop
  vertex 806 -25 961.5
  vertex 802.781 -12.0356 960.351
  vertex 806 -24.3732 955.937
 endloop
endfacet
facet normal -0.970474 -0.236312 -0.0483376
 outer loop
  vertex 806 -24.3732 955.937
  vertex 802.781 -12.0356 960.351
  vertex 802.781 -11.6006 958.094
 endloop
endfacet
facet normal -0.970413 -0.230885 -0.070643
 outer loop
  vertex 802.781 -11.2243 957.006
  vertex 806 -24.3732 955.937
  vertex 802.781 -11.6006 958.094
 endloop
endfacet
facet normal -0.970546 -0.226196 -0.0829253
 outer loop
  vertex 802.781 -11.2243 957.006
  vertex 806 -22.5242 950.653
  vertex 806 -24.3732 955.937
 endloop
endfacet
facet normal -0.970341 -0.219205 -0.101916
 outer loop
  vertex 802.781 -11.2243 957.006
  vertex 802.781 -10.7464 955.96
  vertex 806 -22.5242 950.653
 endloop
endfacet
facet normal -0.970374 -0.212187 -0.115547
 outer loop
  vertex 806 -22.5242 950.653
  vertex 802.781 -10.7464 955.96
  vertex 802.781 -10.1711 954.963
 endloop
endfacet
facet normal -0.97035 -0.195016 -0.14279
 outer loop
  vertex 806 -19.5458 945.913
  vertex 802.781 -10.1711 954.963
  vertex 804.66 -15.6032 949.599
 endloop
endfacet
facet normal -0.970298 -0.190751 -0.148782
 outer loop
  vertex 804.982 -16.4918 948.636
  vertex 806 -19.5458 945.913
  vertex 804.66 -15.6032 949.599
 endloop
endfacet
facet normal -0.970302 -0.188352 -0.151777
 outer loop
  vertex 804.982 -16.4918 948.636
  vertex 805.245 -16.8171 947.358
  vertex 806 -19.5458 945.913
 endloop
endfacet
facet normal -0.970322 -0.183962 -0.15695
 outer loop
  vertex 806 -19.5458 945.913
  vertex 805.245 -16.8171 947.358
  vertex 805.388 -16.5485 946.189
 endloop
endfacet
facet normal -0.970372 -0.178457 -0.162884
 outer loop
  vertex 805.416 -15.7916 945.252
  vertex 806 -19.5458 945.913
  vertex 805.388 -16.5485 946.189
 endloop
endfacet
facet normal -0.970535 -0.169572 -0.171196
 outer loop
  vertex 805.416 -15.7916 945.252
  vertex 806 -15.5872 941.954
  vertex 806 -19.5458 945.913
 endloop
endfacet
facet normal -0.970342 -0.160405 -0.180851
 outer loop
  vertex 805.416 -15.7916 945.252
  vertex 805.358 -14.9944 944.822
  vertex 806 -15.5872 941.954
 endloop
endfacet
facet normal -0.970312 -0.156015 -0.184806
 outer loop
  vertex 806 -15.5872 941.954
  vertex 805.358 -14.9944 944.822
  vertex 805.239 -14.1037 944.683
 endloop
endfacet
facet normal -0.9703 -0.152361 -0.187896
 outer loop
  vertex 805.085 -13.2943 944.821
  vertex 806 -15.5872 941.954
  vertex 805.239 -14.1037 944.683
 endloop
endfacet
facet normal -0.970297 -0.149916 -0.189866
 outer loop
  vertex 805.085 -13.2943 944.821
  vertex 804.936 -12.6927 945.109
  vertex 806 -15.5872 941.954
 endloop
endfacet
facet normal -0.970298 -0.148637 -0.190864
 outer loop
  vertex 806 -15.5872 941.954
  vertex 804.936 -12.6927 945.109
  vertex 804.608 -11.7943 946.076
 endloop
endfacet
facet normal -0.970381 -0.136092 -0.199601
 outer loop
  vertex 802.781 -6.0452 951.029
  vertex 804.608 -11.7943 946.076
  vertex 802.781 -7.01311 951.651
 endloop
endfacet
facet normal -0.97042 -0.139601 -0.196968
 outer loop
  vertex 802.781 -6.0452 951.029
  vertex 806 -15.5872 941.954
  vertex 804.608 -11.7943 946.076
 endloop
endfacet
facet normal -0.970542 -0.125619 -0.205591
 outer loop
  vertex 802.781 -6.0452 951.029
  vertex 806 -10.8471 938.976
  vertex 806 -15.5872 941.954
 endloop
endfacet
facet normal -0.970343 -0.108814 -0.215855
 outer loop
  vertex 802.781 -6.0452 951.029
  vertex 802.781 -5.02253 950.502
  vertex 806 -10.8471 938.976
 endloop
endfacet
facet normal -0.970368 -0.09487 -0.22223
 outer loop
  vertex 806 -10.8471 938.976
  vertex 802.781 -5.02253 950.502
  vertex 802.781 -3.95438 950.075
 endloop
endfacet
facet normal -0.970362 -0.0633353 -0.233208
 outer loop
  vertex 806 -5.56302 937.127
  vertex 802.781 -3.95438 950.075
  vertex 802.781 -2.85042 949.75
 endloop
endfacet
facet normal -0.970346 -0.0484348 -0.236818
 outer loop
  vertex 802.781 -1.72064 949.533
  vertex 806 -5.56302 937.127
  vertex 802.781 -2.85042 949.75
 endloop
endfacet
facet normal -0.970539 -0.029428 -0.239139
 outer loop
  vertex 802.781 -1.72064 949.533
  vertex 806 -3.99126E-13 936.5
  vertex 806 -5.56302 937.127
 endloop
endfacet
facet normal -0.970396 -0.015315 -0.241035
 outer loop
  vertex 802.781 -1.72064 949.533
  vertex 802.781 -0.575284 949.423
  vertex 806 -3.99126E-13 936.5
 endloop
endfacet
facet normal -0.970339 3.10455E-10 -0.24175
 outer loop
  vertex 806 -3.99126E-13 936.5
  vertex 802.781 -0.575284 949.423
  vertex 802.781 0.575284 949.423
 endloop
endfacet
facet normal -0.970396 0.015315 -0.241035
 outer loop
  vertex 802.781 1.72064 949.533
  vertex 806 -3.99126E-13 936.5
  vertex 802.781 0.575284 949.423
 endloop
endfacet
facet normal -0.970539 0.029428 -0.239139
 outer loop
  vertex 802.781 1.72064 949.533
  vertex 806 5.56302 937.127
  vertex 806 -3.99126E-13 936.5
 endloop
endfacet
facet normal -0.970346 0.0484348 -0.236818
 outer loop
  vertex 802.781 1.72064 949.533
  vertex 802.781 2.85042 949.75
  vertex 806 5.56302 937.127
 endloop
endfacet
facet normal -0.970362 0.0633353 -0.233208
 outer loop
  vertex 806 5.56302 937.127
  vertex 802.781 2.85042 949.75
  vertex 802.781 3.95438 950.075
 endloop
endfacet
facet normal -0.970368 0.09487 -0.22223
 outer loop
  vertex 806 10.8471 938.976
  vertex 802.781 3.95438 950.075
  vertex 802.781 5.02253 950.502
 endloop
endfacet
facet normal -0.970343 0.108814 -0.215855
 outer loop
  vertex 802.781 6.0452 951.029
  vertex 806 10.8471 938.976
  vertex 802.781 5.02253 950.502
 endloop
endfacet
facet normal -0.970496 0.124292 -0.206613
 outer loop
  vertex 802.781 6.0452 951.029
  vertex 804.797 12.2479 945.469
  vertex 806 10.8471 938.976
 endloop
endfacet
facet normal -0.97038 0.136066 -0.199621
 outer loop
  vertex 802.781 6.0452 951.029
  vertex 802.781 7.01311 951.651
  vertex 804.797 12.2479 945.469
 endloop
endfacet
facet normal -0.970304 0.144914 -0.193677
 outer loop
  vertex 804.797 12.2479 945.469
  vertex 802.781 7.01311 951.651
  vertex 804.538 11.671 946.333
 endloop
endfacet
facet normal -0.970314 0.146747 -0.192237
 outer loop
  vertex 804.538 11.671 946.333
  vertex 802.781 7.01311 951.651
  vertex 804.306 11.4671 947.358
 endloop
endfacet
facet normal -0.97034 0.15038 -0.189278
 outer loop
  vertex 804.306 11.4671 947.358
  vertex 802.781 7.01311 951.651
  vertex 802.781 7.91752 952.363
 endloop
endfacet
facet normal -0.970323 0.16342 -0.178233
 outer loop
  vertex 804.145 11.6689 948.377
  vertex 802.781 7.91752 952.363
  vertex 804.087 12.2507 949.249
 endloop
endfacet
facet normal -0.970306 0.157184 -0.183845
 outer loop
  vertex 804.145 11.6689 948.377
  vertex 804.306 11.4671 947.358
  vertex 802.781 7.91752 952.363
 endloop
endfacet
facet normal -0.970345 -0.195355 -0.14236
 outer loop
  vertex 802.781 -10.1711 954.963
  vertex 802.781 -9.50369 954.026
  vertex 804.66 -15.6032 949.599
 endloop
endfacet
facet normal -0.970297 -0.191288 -0.148099
 outer loop
  vertex 804.66 -15.6032 949.599
  vertex 802.781 -9.50369 954.026
  vertex 804.499 -15.0105 949.887
 endloop
endfacet
facet normal -0.970298 -0.189914 -0.14985
 outer loop
  vertex 804.499 -15.0105 949.887
  vertex 802.781 -9.50369 954.026
  vertex 804.318 -14.2036 950.033
 endloop
endfacet
facet normal -0.970309 -0.186924 -0.153493
 outer loop
  vertex 804.318 -14.2036 950.033
  vertex 802.781 -9.50369 954.026
  vertex 804.168 -13.3086 949.9
 endloop
endfacet
facet normal -0.970339 -0.182548 -0.15849
 outer loop
  vertex 804.168 -13.3086 949.9
  vertex 802.781 -9.50369 954.026
  vertex 802.781 -8.75023 953.157
 endloop
endfacet
facet normal -0.970328 -0.170599 -0.171347
 outer loop
  vertex 804.093 -12.5039 949.472
  vertex 802.781 -8.75023 953.157
  vertex 804.128 -11.7378 948.532
 endloop
endfacet
facet normal -0.97031 -0.177271 -0.164542
 outer loop
  vertex 804.093 -12.5039 949.472
  vertex 804.168 -13.3086 949.9
  vertex 802.781 -8.75023 953.157
 endloop
endfacet
facet normal -0.970343 -0.165293 -0.176389
 outer loop
  vertex 802.781 -8.75023 953.157
  vertex 802.781 -7.91752 952.363
  vertex 804.128 -11.7378 948.532
 endloop
endfacet
facet normal -0.97031 -0.157714 -0.183371
 outer loop
  vertex 804.128 -11.7378 948.532
  vertex 802.781 -7.91752 952.363
  vertex 804.306 -11.4671 947.358
 endloop
endfacet
facet normal -0.97034 -0.15038 -0.189278
 outer loop
  vertex 804.306 -11.4671 947.358
  vertex 802.781 -7.91752 952.363
  vertex 802.781 -7.01311 951.651
 endloop
endfacet
facet normal -0.970314 -0.146552 -0.192387
 outer loop
  vertex 804.608 -11.7943 946.076
  vertex 804.306 -11.4671 947.358
  vertex 802.781 -7.01311 951.651
 endloop
endfacet
facet normal -0.970342 0.1682 -0.173622
 outer loop
  vertex 802.781 7.91752 952.363
  vertex 802.781 8.75023 953.157
  vertex 804.087 12.2507 949.249
 endloop
endfacet
facet normal -0.970312 0.175649 -0.166258
 outer loop
  vertex 804.087 12.2507 949.249
  vertex 802.781 8.75023 953.157
  vertex 804.145 13.1228 949.831
 endloop
endfacet
facet normal -0.97034 0.182021 -0.15909
 outer loop
  vertex 804.145 13.1228 949.831
  vertex 802.781 8.75023 953.157
  vertex 802.781 9.50369 954.026
 endloop
endfacet
facet normal -0.970299 0.189934 -0.149818
 outer loop
  vertex 804.306 14.1421 950.033
  vertex 802.781 9.50369 954.026
  vertex 804.538 15.1665 949.829
 endloop
endfacet
facet normal -0.970314 0.18629 -0.154226
 outer loop
  vertex 804.306 14.1421 950.033
  vertex 804.145 13.1228 949.831
  vertex 802.781 9.50369 954.026
 endloop
endfacet
facet normal -0.970347 0.195146 -0.142633
 outer loop
  vertex 802.781 9.50369 954.026
  vertex 802.781 10.1711 954.963
  vertex 804.538 15.1665 949.829
 endloop
endfacet
facet normal -0.970339 0.195835 -0.141741
 outer loop
  vertex 804.538 15.1665 949.829
  vertex 802.781 10.1711 954.963
  vertex 804.797 16.0308 949.252
 endloop
endfacet
facet normal -0.970494 0.204615 -0.12757
 outer loop
  vertex 804.797 16.0308 949.252
  vertex 802.781 10.1711 954.963
  vertex 806 22.5242 950.653
 endloop
endfacet
facet normal -0.970586 0.199841 -0.134265
 outer loop
  vertex 806 19.5458 945.913
  vertex 804.797 16.0308 949.252
  vertex 806 22.5242 950.653
 endloop
endfacet
facet normal -0.970298 0.190423 -0.149202
 outer loop
  vertex 806 19.5458 945.913
  vertex 805.043 16.6111 948.387
  vertex 804.797 16.0308 949.252
 endloop
endfacet
facet normal -0.970301 0.188063 -0.152146
 outer loop
  vertex 806 19.5458 945.913
  vertex 805.245 16.8171 947.358
  vertex 805.043 16.6111 948.387
 endloop
endfacet
facet normal -0.970317 0.184335 -0.156543
 outer loop
  vertex 806 19.5458 945.913
  vertex 805.375 16.6148 946.337
  vertex 805.245 16.8171 947.358
 endloop
endfacet
facet normal -0.970356 0.179645 -0.16167
 outer loop
  vertex 806 19.5458 945.913
  vertex 805.42 16.0336 945.466
  vertex 805.375 16.6148 946.337
 endloop
endfacet
facet normal -0.970533 0.170389 -0.170389
 outer loop
  vertex 806 19.5458 945.913
  vertex 806 15.5872 941.954
  vertex 805.42 16.0336 945.466
 endloop
endfacet
facet normal -0.970356 0.16167 -0.179645
 outer loop
  vertex 805.42 16.0336 945.466
  vertex 806 15.5872 941.954
  vertex 805.375 15.1629 944.885
 endloop
endfacet
facet normal -0.970317 0.156543 -0.184335
 outer loop
  vertex 805.375 15.1629 944.885
  vertex 806 15.5872 941.954
  vertex 805.245 14.1421 944.683
 endloop
endfacet
facet normal -0.970301 0.152146 -0.188063
 outer loop
  vertex 805.245 14.1421 944.683
  vertex 806 15.5872 941.954
  vertex 805.043 13.1126 944.889
 endloop
endfacet
facet normal -0.970298 0.149202 -0.190423
 outer loop
  vertex 805.043 13.1126 944.889
  vertex 806 15.5872 941.954
  vertex 804.797 12.2479 945.469
 endloop
endfacet
facet normal -0.970586 0.134265 -0.199841
 outer loop
  vertex 804.797 12.2479 945.469
  vertex 806 15.5872 941.954
  vertex 806 10.8471 938.976
 endloop
endfacet
facet normal -0.970374 0.212187 -0.115547
 outer loop
  vertex 802.781 10.1711 954.963
  vertex 802.781 10.7464 955.96
  vertex 806 22.5242 950.653
 endloop
endfacet
facet normal -0.970341 0.219205 -0.101916
 outer loop
  vertex 806 22.5242 950.653
  vertex 802.781 10.7464 955.96
  vertex 802.781 11.2243 957.006
 endloop
endfacet
facet normal -0.970413 0.230885 -0.070643
 outer loop
  vertex 806 24.3732 955.937
  vertex 802.781 11.2243 957.006
  vertex 802.781 11.6006 958.094
 endloop
endfacet
facet normal -0.97034 0.235187 -0.0559272
 outer loop
  vertex 802.781 11.8719 959.212
  vertex 806 24.3732 955.937
  vertex 802.781 11.6006 958.094
 endloop
endfacet
facet normal -0.970381 0.238098 -0.0408745
 outer loop
  vertex 802.781 11.8719 959.212
  vertex 802.781 12.0356 960.351
  vertex 806 24.3732 955.937
 endloop
endfacet
facet normal -0.970535 0.239594 -0.0256159
 outer loop
  vertex 806 24.3732 955.937
  vertex 802.781 12.0356 960.351
  vertex 806 25 961.5
 endloop
endfacet
facet normal -0.970353 0.241571 -0.00766583
 outer loop
  vertex 806 25 961.5
  vertex 802.781 12.0356 960.351
  vertex 802.781 12.0904 961.5
 endloop
endfacet
facet normal -0.970546 0.226196 -0.0829253
 outer loop
  vertex 806 24.3732 955.937
  vertex 806 22.5242 950.653
  vertex 802.781 11.2243 957.006
 endloop
endfacet
facet normal -0.970533 0.0793273 -0.227535
 outer loop
  vertex 806 10.8471 938.976
  vertex 806 5.56302 937.127
  vertex 802.781 3.95438 950.075
 endloop
endfacet
facet normal -0.970533 -0.0793273 -0.227535
 outer loop
  vertex 806 -5.56302 937.127
  vertex 806 -10.8471 938.976
  vertex 802.781 -3.95438 950.075
 endloop
endfacet
facet normal -0.970534 -0.203591 -0.128897
 outer loop
  vertex 806 -19.5458 945.913
  vertex 806 -22.5242 950.653
  vertex 802.781 -10.1711 954.963
 endloop
endfacet
facet normal -0.970353 0.241571 0.00766583
 outer loop
  vertex 802.781 12.0904 961.5
  vertex 802.781 12.0356 962.649
  vertex 806 25 961.5
 endloop
endfacet
facet normal -0.970535 0.239594 0.0256159
 outer loop
  vertex 806 25 961.5
  vertex 802.781 12.0356 962.649
  vertex 806 24.3732 967.063
 endloop
endfacet
facet normal -0.970474 0.236312 0.0483376
 outer loop
  vertex 806 24.3732 967.063
  vertex 802.781 12.0356 962.649
  vertex 802.781 11.6006 964.906
 endloop
endfacet
facet normal -0.970496 0.221751 0.094679
 outer loop
  vertex 806 22.5242 972.347
  vertex 802.781 11.6006 964.906
  vertex 802.781 10.7464 967.04
 endloop
endfacet
facet normal -0.970508 0.199226 0.135736
 outer loop
  vertex 804.66 15.6032 973.401
  vertex 802.781 10.7464 967.04
  vertex 802.781 9.50369 968.974
 endloop
endfacet
facet normal -0.970298 0.189914 0.14985
 outer loop
  vertex 804.499 15.0105 973.113
  vertex 802.781 9.50369 968.974
  vertex 804.318 14.2036 972.967
 endloop
endfacet
facet normal -0.970297 0.191288 0.148099
 outer loop
  vertex 804.499 15.0105 973.113
  vertex 804.66 15.6032 973.401
  vertex 802.781 9.50369 968.974
 endloop
endfacet
facet normal -0.97031 0.157714 0.183371
 outer loop
  vertex 804.306 11.4671 975.642
  vertex 804.128 11.7378 974.468
  vertex 802.781 7.91752 970.637
 endloop
endfacet
facet normal -0.970474 0.142139 0.194875
 outer loop
  vertex 804.608 11.7943 976.924
  vertex 802.781 7.91752 970.637
  vertex 802.781 6.0452 971.971
 endloop
endfacet
facet normal -0.970542 0.125619 0.205591
 outer loop
  vertex 806 15.5872 981.046
  vertex 802.781 6.0452 971.971
  vertex 806 10.8471 984.024
 endloop
endfacet
facet normal -0.97042 0.139601 0.196968
 outer loop
  vertex 806 15.5872 981.046
  vertex 804.608 11.7943 976.924
  vertex 802.781 6.0452 971.971
 endloop
endfacet
facet normal -0.970298 0.148637 0.190864
 outer loop
  vertex 806 15.5872 981.046
  vertex 804.936 12.6927 977.891
  vertex 804.608 11.7943 976.924
 endloop
endfacet
facet normal -0.970297 0.149916 0.189866
 outer loop
  vertex 806 15.5872 981.046
  vertex 805.085 13.2943 978.179
  vertex 804.936 12.6927 977.891
 endloop
endfacet
facet normal -0.9703 0.152361 0.187896
 outer loop
  vertex 806 15.5872 981.046
  vertex 805.239 14.1037 978.317
  vertex 805.085 13.2943 978.179
 endloop
endfacet
facet normal -0.970312 0.156015 0.184806
 outer loop
  vertex 806 15.5872 981.046
  vertex 805.358 14.9944 978.178
  vertex 805.239 14.1037 978.317
 endloop
endfacet
facet normal -0.970342 0.160405 0.180851
 outer loop
  vertex 806 15.5872 981.046
  vertex 805.416 15.7916 977.748
  vertex 805.358 14.9944 978.178
 endloop
endfacet
facet normal -0.970535 0.169572 0.171196
 outer loop
  vertex 806 15.5872 981.046
  vertex 806 19.5458 977.087
  vertex 805.416 15.7916 977.748
 endloop
endfacet
facet normal -0.970372 0.178457 0.162884
 outer loop
  vertex 805.416 15.7916 977.748
  vertex 806 19.5458 977.087
  vertex 805.388 16.5485 976.811
 endloop
endfacet
facet normal -0.970322 0.183962 0.15695
 outer loop
  vertex 805.388 16.5485 976.811
  vertex 806 19.5458 977.087
  vertex 805.245 16.8171 975.642
 endloop
endfacet
facet normal -0.970302 0.188352 0.151777
 outer loop
  vertex 805.245 16.8171 975.642
  vertex 806 19.5458 977.087
  vertex 804.982 16.4918 974.364
 endloop
endfacet
facet normal -0.970298 0.190751 0.148782
 outer loop
  vertex 804.982 16.4918 974.364
  vertex 806 19.5458 977.087
  vertex 804.66 15.6032 973.401
 endloop
endfacet
facet normal -0.970585 0.19988 0.134213
 outer loop
  vertex 804.66 15.6032 973.401
  vertex 806 19.5458 977.087
  vertex 806 22.5242 972.347
 endloop
endfacet
facet normal -0.970525 0.208498 0.120875
 outer loop
  vertex 802.781 10.7464 967.04
  vertex 804.66 15.6032 973.401
  vertex 806 22.5242 972.347
 endloop
endfacet
facet normal -0.97047 0.101702 0.218736
 outer loop
  vertex 802.781 6.0452 971.971
  vertex 802.781 3.95438 972.925
  vertex 806 10.8471 984.024
 endloop
endfacet
facet normal -0.970533 0.0793273 0.227535
 outer loop
  vertex 806 10.8471 984.024
  vertex 802.781 3.95438 972.925
  vertex 806 5.56302 985.873
 endloop
endfacet
facet normal -0.970468 0.0558055 0.234686
 outer loop
  vertex 806 5.56302 985.873
  vertex 802.781 3.95438 972.925
  vertex 802.781 1.72064 973.467
 endloop
endfacet
facet normal -0.970296 0.0351823 0.239349
 outer loop
  vertex 804.809 3 981.5
  vertex 802.781 1.72064 973.467
  vertex 804.521 2.7768 980.364
 endloop
endfacet
facet normal -0.970335 0.0413845 0.238197
 outer loop
  vertex 804.809 3 981.5
  vertex 806 5.56302 985.873
  vertex 802.781 1.72064 973.467
 endloop
endfacet
facet normal -0.970338 0.0409152 0.238264
 outer loop
  vertex 804.809 3 981.5
  vertex 805.017 2.87412 982.36
  vertex 806 5.56302 985.873
 endloop
endfacet
facet normal -0.970359 0.0382159 0.238627
 outer loop
  vertex 806 5.56302 985.873
  vertex 805.017 2.87412 982.36
  vertex 805.202 2.50361 983.153
 endloop
endfacet
facet normal -0.970397 0.0341095 0.239096
 outer loop
  vertex 805.35 1.9157 983.809
  vertex 806 5.56302 985.873
  vertex 805.202 2.50361 983.153
 endloop
endfacet
facet normal -0.970538 0.0248499 0.239664
 outer loop
  vertex 805.35 1.9157 983.809
  vertex 806 -3.93003E-13 986.5
  vertex 806 5.56302 985.873
 endloop
endfacet
facet normal -0.970331 0.0109984 0.241531
 outer loop
  vertex 805.35 1.9157 983.809
  vertex 805.45 1.15864 984.267
  vertex 806 -3.93003E-13 986.5
 endloop
endfacet
facet normal -0.970309 0.00514156 0.241814
 outer loop
  vertex 806 -3.93003E-13 986.5
  vertex 805.45 1.15864 984.267
  vertex 805.497 0.297292 984.485
 endloop
endfacet
facet normal -0.970303 -0.00103495 0.24189
 outer loop
  vertex 805.488 -0.591321 984.441
  vertex 806 -3.93003E-13 986.5
  vertex 805.497 0.297292 984.485
 endloop
endfacet
facet normal -0.970315 -0.0071473 0.24174
 outer loop
  vertex 805.488 -0.591321 984.441
  vertex 805.423 -1.42599 984.139
  vertex 806 -3.93003E-13 986.5
 endloop
endfacet
facet normal -0.970549 -0.0230195 0.239803
 outer loop
  vertex 806 -3.93003E-13 986.5
  vertex 805.423 -1.42599 984.139
  vertex 806 -5.56302 985.873
 endloop
endfacet
facet normal -0.970433 -0.0307624 0.239402
 outer loop
  vertex 806 -5.56302 985.873
  vertex 805.423 -1.42599 984.139
  vertex 805.306 -2.13319 983.609
 endloop
endfacet
facet normal -0.970379 -0.0361968 0.238861
 outer loop
  vertex 805.082 -2.77692 982.635
  vertex 806 -5.56302 985.873
  vertex 805.306 -2.13319 983.609
 endloop
endfacet
facet normal -0.970342 -0.0404134 0.238332
 outer loop
  vertex 805.082 -2.77692 982.635
  vertex 804.809 -3 981.5
  vertex 806 -5.56302 985.873
 endloop
endfacet
facet normal -0.970332 -0.0418828 0.238123
 outer loop
  vertex 806 -5.56302 985.873
  vertex 804.809 -3 981.5
  vertex 804.592 -2.87396 980.639
 endloop
endfacet
facet normal -0.970354 -0.0418945 0.238028
 outer loop
  vertex 802.781 -2.85042 973.25
  vertex 804.592 -2.87396 980.639
  vertex 804.384 -2.50428 979.848
 endloop
endfacet
facet normal -0.970384 -0.038613 0.23846
 outer loop
  vertex 804.204 -1.91839 979.194
  vertex 802.781 -2.85042 973.25
  vertex 804.384 -2.50428 979.848
 endloop
endfacet
facet normal -0.970475 -0.0315469 0.239132
 outer loop
  vertex 804.204 -1.91839 979.194
  vertex 802.781 -0.575284 973.577
  vertex 802.781 -2.85042 973.25
 endloop
endfacet
facet normal -0.970314 -0.0179554 0.241182
 outer loop
  vertex 804.204 -1.91839 979.194
  vertex 804.074 -1.16221 978.734
  vertex 802.781 -0.575284 973.577
 endloop
endfacet
facet normal -0.970308 -0.0106786 0.241638
 outer loop
  vertex 802.781 -0.575284 973.577
  vertex 804.074 -1.16221 978.734
  vertex 804.01 -0.298772 978.515
 endloop
endfacet
facet normal -0.970329 -0.00244965 0.241778
 outer loop
  vertex 804.023 0.593381 978.559
  vertex 802.781 -0.575284 973.577
  vertex 804.01 -0.298772 978.515
 endloop
endfacet
facet normal -0.970468 0.0104444 0.241004
 outer loop
  vertex 804.023 0.593381 978.559
  vertex 802.781 1.72064 973.467
  vertex 802.781 -0.575284 973.577
 endloop
endfacet
facet normal -0.970351 0.0208967 0.240794
 outer loop
  vertex 804.023 0.593381 978.559
  vertex 804.11 1.42926 978.863
  vertex 802.781 1.72064 973.467
 endloop
endfacet
facet normal -0.970313 0.0276475 0.240266
 outer loop
  vertex 802.781 1.72064 973.467
  vertex 804.11 1.42926 978.863
  vertex 804.26 2.13505 979.392
 endloop
endfacet
facet normal -0.9703 0.032775 0.239674
 outer loop
  vertex 804.521 2.7768 980.364
  vertex 802.781 1.72064 973.467
  vertex 804.26 2.13505 979.392
 endloop
endfacet
facet normal -0.970339 -0.048933 0.236743
 outer loop
  vertex 804.592 -2.87396 980.639
  vertex 802.781 -2.85042 973.25
  vertex 806 -5.56302 985.873
 endloop
endfacet
facet normal -0.970541 -0.0704731 0.230398
 outer loop
  vertex 806 -5.56302 985.873
  vertex 802.781 -2.85042 973.25
  vertex 802.781 -5.02253 972.498
 endloop
endfacet
facet normal -0.970502 -0.115289 0.211741
 outer loop
  vertex 806 -10.8471 984.024
  vertex 802.781 -5.02253 972.498
  vertex 802.781 -7.01311 971.349
 endloop
endfacet
facet normal -0.970304 -0.144914 0.193677
 outer loop
  vertex 804.797 -12.2479 977.531
  vertex 802.781 -7.01311 971.349
  vertex 804.538 -11.671 976.667
 endloop
endfacet
facet normal -0.970521 -0.130752 0.202468
 outer loop
  vertex 804.797 -12.2479 977.531
  vertex 806 -10.8471 984.024
  vertex 802.781 -7.01311 971.349
 endloop
endfacet
facet normal -0.970586 -0.134265 0.199841
 outer loop
  vertex 804.797 -12.2479 977.531
  vertex 806 -15.5872 981.046
  vertex 806 -10.8471 984.024
 endloop
endfacet
facet normal -0.970298 -0.149202 0.190423
 outer loop
  vertex 804.797 -12.2479 977.531
  vertex 805.043 -13.1126 978.111
  vertex 806 -15.5872 981.046
 endloop
endfacet
facet normal -0.970301 -0.152146 0.188063
 outer loop
  vertex 806 -15.5872 981.046
  vertex 805.043 -13.1126 978.111
  vertex 805.245 -14.1421 978.317
 endloop
endfacet
facet normal -0.970317 -0.156543 0.184335
 outer loop
  vertex 805.375 -15.1629 978.115
  vertex 806 -15.5872 981.046
  vertex 805.245 -14.1421 978.317
 endloop
endfacet
facet normal -0.970356 -0.16167 0.179645
 outer loop
  vertex 805.375 -15.1629 978.115
  vertex 805.42 -16.0336 977.534
  vertex 806 -15.5872 981.046
 endloop
endfacet
facet normal -0.970533 -0.170389 0.170389
 outer loop
  vertex 806 -15.5872 981.046
  vertex 805.42 -16.0336 977.534
  vertex 806 -19.5458 977.087
 endloop
endfacet
facet normal -0.970356 -0.179645 0.16167
 outer loop
  vertex 806 -19.5458 977.087
  vertex 805.42 -16.0336 977.534
  vertex 805.375 -16.6148 976.663
 endloop
endfacet
facet normal -0.970317 -0.184335 0.156543
 outer loop
  vertex 805.245 -16.8171 975.642
  vertex 806 -19.5458 977.087
  vertex 805.375 -16.6148 976.663
 endloop
endfacet
facet normal -0.970301 -0.188063 0.152146
 outer loop
  vertex 805.245 -16.8171 975.642
  vertex 805.043 -16.6111 974.613
  vertex 806 -19.5458 977.087
 endloop
endfacet
facet normal -0.970298 -0.190423 0.149202
 outer loop
  vertex 806 -19.5458 977.087
  vertex 805.043 -16.6111 974.613
  vertex 804.797 -16.0308 973.748
 endloop
endfacet
facet normal -0.970494 -0.204615 0.12757
 outer loop
  vertex 806 -22.5242 972.347
  vertex 804.797 -16.0308 973.748
  vertex 802.781 -10.1711 968.037
 endloop
endfacet
facet normal -0.970472 -0.215397 0.108577
 outer loop
  vertex 802.781 -11.2243 965.994
  vertex 806 -22.5242 972.347
  vertex 802.781 -10.1711 968.037
 endloop
endfacet
facet normal -0.970546 -0.226196 0.0829253
 outer loop
  vertex 802.781 -11.2243 965.994
  vertex 806 -24.3732 967.063
  vertex 806 -22.5242 972.347
 endloop
endfacet
facet normal -0.97049 -0.232713 0.0631894
 outer loop
  vertex 802.781 -11.2243 965.994
  vertex 802.781 -11.8719 963.788
  vertex 806 -24.3732 967.063
 endloop
endfacet
facet normal -0.970572 -0.238511 0.033215
 outer loop
  vertex 806 -24.3732 967.063
  vertex 802.781 -11.8719 963.788
  vertex 806 -25 961.5
 endloop
endfacet
facet normal -0.970524 -0.240521 0.0152649
 outer loop
  vertex 806 -25 961.5
  vertex 802.781 -11.8719 963.788
  vertex 802.781 -12.0904 961.5
 endloop
endfacet
facet normal -0.970312 -0.175649 0.166258
 outer loop
  vertex 804.145 -13.1228 973.169
  vertex 804.087 -12.2507 973.751
  vertex 802.781 -8.75023 969.843
 endloop
endfacet
facet normal -0.970468 -0.188872 0.150062
 outer loop
  vertex 804.306 -14.1421 972.967
  vertex 802.781 -8.75023 969.843
  vertex 802.781 -10.1711 968.037
 endloop
endfacet
facet normal -0.970339 -0.195835 0.141741
 outer loop
  vertex 804.538 -15.1665 973.171
  vertex 802.781 -10.1711 968.037
  vertex 804.797 -16.0308 973.748
 endloop
endfacet
facet normal -0.970359 -0.194397 0.143575
 outer loop
  vertex 804.538 -15.1665 973.171
  vertex 804.306 -14.1421 972.967
  vertex 802.781 -10.1711 968.037
 endloop
endfacet
facet normal -0.970586 -0.199841 0.134265
 outer loop
  vertex 806 -22.5242 972.347
  vertex 806 -19.5458 977.087
  vertex 804.797 -16.0308 973.748
 endloop
endfacet
facet normal -0.970586 -0.0864581 0.224694
 outer loop
  vertex 806 -10.8471 984.024
  vertex 806 -5.56302 985.873
  vertex 802.781 -5.02253 972.498
 endloop
endfacet
facet normal -0.97055 0.228707 0.0756718
 outer loop
  vertex 806 22.5242 972.347
  vertex 806 24.3732 967.063
  vertex 802.781 11.6006 964.906
 endloop
endfacet
facet normal -0.970351 -0.151159 0.188598
 outer loop
  vertex 804.145 -11.6689 974.623
  vertex 804.306 -11.4671 975.642
  vertex 802.781 -7.01311 971.349
 endloop
endfacet
facet normal -0.970468 -0.158752 0.181631
 outer loop
  vertex 802.781 -8.75023 969.843
  vertex 804.145 -11.6689 974.623
  vertex 802.781 -7.01311 971.349
 endloop
endfacet
facet normal -0.97033 -0.168975 0.172938
 outer loop
  vertex 802.781 -8.75023 969.843
  vertex 804.087 -12.2507 973.751
  vertex 804.145 -11.6689 974.623
 endloop
endfacet
facet normal -0.970326 -0.181267 0.160028
 outer loop
  vertex 804.306 -14.1421 972.967
  vertex 804.145 -13.1228 973.169
  vertex 802.781 -8.75023 969.843
 endloop
endfacet
facet normal -0.970338 0.165046 0.176645
 outer loop
  vertex 804.128 11.7378 974.468
  vertex 804.093 12.5039 973.528
  vertex 802.781 7.91752 970.637
 endloop
endfacet
facet normal -0.970467 0.174343 0.166728
 outer loop
  vertex 802.781 7.91752 970.637
  vertex 804.093 12.5039 973.528
  vertex 802.781 9.50369 968.974
 endloop
endfacet
facet normal -0.970343 0.182303 0.158748
 outer loop
  vertex 802.781 9.50369 968.974
  vertex 804.093 12.5039 973.528
  vertex 804.168 13.3086 973.1
 endloop
endfacet
facet normal -0.970309 0.186924 0.153493
 outer loop
  vertex 804.318 14.2036 972.967
  vertex 802.781 9.50369 968.974
  vertex 804.168 13.3086 973.1
 endloop
endfacet
facet normal -0.970313 0.152584 0.187643
 outer loop
  vertex 804.608 11.7943 976.924
  vertex 804.306 11.4671 975.642
  vertex 802.781 7.91752 970.637
 endloop
endfacet
facet normal -0.970314 -0.146747 0.192237
 outer loop
  vertex 802.781 -7.01311 971.349
  vertex 804.306 -11.4671 975.642
  vertex 804.538 -11.671 976.667
 endloop
endfacet
facet normal 0.709085 -0.703159 0.0525954
 outer loop
  vertex 815 -24.5 961.5
  vertex 815 -23.8857 966.952
  vertex 814.5 -25 961.5
 endloop
endfacet
facet normal 0.709085 -0.697233 0.105191
 outer loop
  vertex 814.5 -25 961.5
  vertex 815 -23.8857 966.952
  vertex 814.5 -24.3732 967.063
 endloop
endfacet
facet normal 0.709085 -0.673826 0.207744
 outer loop
  vertex 814.5 -24.3732 967.063
  vertex 815 -23.8857 966.952
  vertex 815 -22.0737 972.13
 endloop
endfacet
facet normal 0.709085 -0.610704 0.352476
 outer loop
  vertex 814.5 -22.5242 972.347
  vertex 815 -22.0737 972.13
  vertex 815 -19.1549 976.776
 endloop
endfacet
facet normal 0.709085 -0.516959 0.479533
 outer loop
  vertex 814.5 -19.5458 977.087
  vertex 815 -19.1549 976.776
  vertex 815 -15.2755 980.655
 endloop
endfacet
facet normal 0.709085 -0.397292 0.582544
 outer loop
  vertex 814.5 -15.5872 981.046
  vertex 815 -15.2755 980.655
  vertex 815 -10.6302 983.574
 endloop
endfacet
facet normal 0.709085 -0.257702 0.656345
 outer loop
  vertex 814.5 -10.8471 984.024
  vertex 815 -10.6302 983.574
  vertex 815 -5.45176 985.386
 endloop
endfacet
facet normal 0.709085 -0.105191 0.697233
 outer loop
  vertex 814.5 -5.56302 985.873
  vertex 815 -5.45176 985.386
  vertex 815 -3.93033E-13 986
 endloop
endfacet
facet normal 0.709085 0.0525954 0.703159
 outer loop
  vertex 814.5 -3.93003E-13 986.5
  vertex 815 -3.93033E-13 986
  vertex 815 5.45176 985.386
 endloop
endfacet
facet normal 0.709085 0.207744 0.673826
 outer loop
  vertex 814.5 5.56302 985.873
  vertex 815 5.45176 985.386
  vertex 815 10.6302 983.574
 endloop
endfacet
facet normal 0.709085 0.352476 0.610704
 outer loop
  vertex 814.5 10.8471 984.024
  vertex 815 10.6302 983.574
  vertex 815 15.2755 980.655
 endloop
endfacet
facet normal 0.709085 0.479533 0.516959
 outer loop
  vertex 814.5 15.5872 981.046
  vertex 815 15.2755 980.655
  vertex 815 19.1549 976.776
 endloop
endfacet
facet normal 0.709085 0.582544 0.397292
 outer loop
  vertex 814.5 19.5458 977.087
  vertex 815 19.1549 976.776
  vertex 815 22.0737 972.13
 endloop
endfacet
facet normal 0.709085 0.656345 0.257702
 outer loop
  vertex 814.5 22.5242 972.347
  vertex 815 22.0737 972.13
  vertex 815 23.8857 966.952
 endloop
endfacet
facet normal 0.709085 0.697233 0.105191
 outer loop
  vertex 814.5 24.3732 967.063
  vertex 815 23.8857 966.952
  vertex 815 24.5 961.5
 endloop
endfacet
facet normal 0.709085 0.703159 0.0525954
 outer loop
  vertex 814.5 25 961.5
  vertex 814.5 24.3732 967.063
  vertex 815 24.5 961.5
 endloop
endfacet
facet normal 0.709085 0.673826 0.207744
 outer loop
  vertex 814.5 24.3732 967.063
  vertex 814.5 22.5242 972.347
  vertex 815 23.8857 966.952
 endloop
endfacet
facet normal 0.709085 0.610704 0.352476
 outer loop
  vertex 814.5 22.5242 972.347
  vertex 814.5 19.5458 977.087
  vertex 815 22.0737 972.13
 endloop
endfacet
facet normal 0.709085 0.516959 0.479533
 outer loop
  vertex 814.5 19.5458 977.087
  vertex 814.5 15.5872 981.046
  vertex 815 19.1549 976.776
 endloop
endfacet
facet normal 0.709085 0.397292 0.582544
 outer loop
  vertex 814.5 15.5872 981.046
  vertex 814.5 10.8471 984.024
  vertex 815 15.2755 980.655
 endloop
endfacet
facet normal 0.709085 0.257702 0.656345
 outer loop
  vertex 814.5 10.8471 984.024
  vertex 814.5 5.56302 985.873
  vertex 815 10.6302 983.574
 endloop
endfacet
facet normal 0.709085 0.105191 0.697233
 outer loop
  vertex 814.5 5.56302 985.873
  vertex 814.5 -3.93003E-13 986.5
  vertex 815 5.45176 985.386
 endloop
endfacet
facet normal 0.709085 -0.0525954 0.703159
 outer loop
  vertex 814.5 -3.93003E-13 986.5
  vertex 814.5 -5.56302 985.873
  vertex 815 -3.93033E-13 986
 endloop
endfacet
facet normal 0.709085 -0.207744 0.673826
 outer loop
  vertex 814.5 -5.56302 985.873
  vertex 814.5 -10.8471 984.024
  vertex 815 -5.45176 985.386
 endloop
endfacet
facet normal 0.709085 -0.352476 0.610704
 outer loop
  vertex 814.5 -10.8471 984.024
  vertex 814.5 -15.5872 981.046
  vertex 815 -10.6302 983.574
 endloop
endfacet
facet normal 0.709085 -0.479533 0.516959
 outer loop
  vertex 814.5 -15.5872 981.046
  vertex 814.5 -19.5458 977.087
  vertex 815 -15.2755 980.655
 endloop
endfacet
facet normal 0.709085 -0.582544 0.397292
 outer loop
  vertex 814.5 -19.5458 977.087
  vertex 814.5 -22.5242 972.347
  vertex 815 -19.1549 976.776
 endloop
endfacet
facet normal 0.709085 -0.656345 0.257702
 outer loop
  vertex 814.5 -22.5242 972.347
  vertex 814.5 -24.3732 967.063
  vertex 815 -22.0737 972.13
 endloop
endfacet
facet normal 0.709085 0.703159 -0.0525954
 outer loop
  vertex 815 24.5 961.5
  vertex 815 23.8857 956.048
  vertex 814.5 25 961.5
 endloop
endfacet
facet normal 0.709085 0.697233 -0.105191
 outer loop
  vertex 814.5 25 961.5
  vertex 815 23.8857 956.048
  vertex 814.5 24.3732 955.937
 endloop
endfacet
facet normal 0.709085 0.673826 -0.207744
 outer loop
  vertex 814.5 24.3732 955.937
  vertex 815 23.8857 956.048
  vertex 815 22.0737 950.87
 endloop
endfacet
facet normal 0.709085 0.610704 -0.352476
 outer loop
  vertex 814.5 22.5242 950.653
  vertex 815 22.0737 950.87
  vertex 815 19.1549 946.224
 endloop
endfacet
facet normal 0.709085 0.516959 -0.479533
 outer loop
  vertex 814.5 19.5458 945.913
  vertex 815 19.1549 946.224
  vertex 815 15.2755 942.345
 endloop
endfacet
facet normal 0.709085 0.397292 -0.582544
 outer loop
  vertex 814.5 15.5872 941.954
  vertex 815 15.2755 942.345
  vertex 815 10.6302 939.426
 endloop
endfacet
facet normal 0.709085 0.257702 -0.656345
 outer loop
  vertex 814.5 10.8471 938.976
  vertex 815 10.6302 939.426
  vertex 815 5.45176 937.614
 endloop
endfacet
facet normal 0.709085 0.105191 -0.697233
 outer loop
  vertex 814.5 5.56302 937.127
  vertex 815 5.45176 937.614
  vertex 815 -3.99034E-13 937
 endloop
endfacet
facet normal 0.709085 -0.0525954 -0.703159
 outer loop
  vertex 814.5 -3.99126E-13 936.5
  vertex 815 -3.99034E-13 937
  vertex 815 -5.45176 937.614
 endloop
endfacet
facet normal 0.709085 -0.207744 -0.673826
 outer loop
  vertex 814.5 -5.56302 937.127
  vertex 815 -5.45176 937.614
  vertex 815 -10.6302 939.426
 endloop
endfacet
facet normal 0.709085 -0.352476 -0.610704
 outer loop
  vertex 814.5 -10.8471 938.976
  vertex 815 -10.6302 939.426
  vertex 815 -15.2755 942.345
 endloop
endfacet
facet normal 0.709085 -0.479533 -0.516959
 outer loop
  vertex 814.5 -15.5872 941.954
  vertex 815 -15.2755 942.345
  vertex 815 -19.1549 946.224
 endloop
endfacet
facet normal 0.709085 -0.582544 -0.397292
 outer loop
  vertex 814.5 -19.5458 945.913
  vertex 815 -19.1549 946.224
  vertex 815 -22.0737 950.87
 endloop
endfacet
facet normal 0.709085 -0.656345 -0.257702
 outer loop
  vertex 814.5 -22.5242 950.653
  vertex 815 -22.0737 950.87
  vertex 815 -23.8857 956.048
 endloop
endfacet
facet normal 0.709085 -0.697233 -0.105191
 outer loop
  vertex 814.5 -24.3732 955.937
  vertex 815 -23.8857 956.048
  vertex 815 -24.5 961.5
 endloop
endfacet
facet normal 0.709085 -0.703159 -0.0525954
 outer loop
  vertex 814.5 -25 961.5
  vertex 814.5 -24.3732 955.937
  vertex 815 -24.5 961.5
 endloop
endfacet
facet normal 0.709085 -0.673826 -0.207744
 outer loop
  vertex 814.5 -24.3732 955.937
  vertex 814.5 -22.5242 950.653
  vertex 815 -23.8857 956.048
 endloop
endfacet
facet normal 0.709085 -0.610704 -0.352476
 outer loop
  vertex 814.5 -22.5242 950.653
  vertex 814.5 -19.5458 945.913
  vertex 815 -22.0737 950.87
 endloop
endfacet
facet normal 0.709085 -0.516959 -0.479533
 outer loop
  vertex 814.5 -19.5458 945.913
  vertex 814.5 -15.5872 941.954
  vertex 815 -19.1549 946.224
 endloop
endfacet
facet normal 0.709085 -0.397292 -0.582544
 outer loop
  vertex 814.5 -15.5872 941.954
  vertex 814.5 -10.8471 938.976
  vertex 815 -15.2755 942.345
 endloop
endfacet
facet normal 0.709085 -0.257702 -0.656345
 outer loop
  vertex 814.5 -10.8471 938.976
  vertex 814.5 -5.56302 937.127
  vertex 815 -10.6302 939.426
 endloop
endfacet
facet normal 0.709085 -0.105191 -0.697233
 outer loop
  vertex 814.5 -5.56302 937.127
  vertex 814.5 -3.99126E-13 936.5
  vertex 815 -5.45176 937.614
 endloop
endfacet
facet normal 0.709085 0.0525954 -0.703159
 outer loop
  vertex 814.5 -3.99126E-13 936.5
  vertex 814.5 5.56302 937.127
  vertex 815 -3.99034E-13 937
 endloop
endfacet
facet normal 0.709085 0.207744 -0.673826
 outer loop
  vertex 814.5 5.56302 937.127
  vertex 814.5 10.8471 938.976
  vertex 815 5.45176 937.614
 endloop
endfacet
facet normal 0.709085 0.352476 -0.610704
 outer loop
  vertex 814.5 10.8471 938.976
  vertex 814.5 15.5872 941.954
  vertex 815 10.6302 939.426
 endloop
endfacet
facet normal 0.709085 0.479533 -0.516959
 outer loop
  vertex 814.5 15.5872 941.954
  vertex 814.5 19.5458 945.913
  vertex 815 15.2755 942.345
 endloop
endfacet
facet normal 0.709085 0.582544 -0.397292
 outer loop
  vertex 814.5 19.5458 945.913
  vertex 814.5 22.5242 950.653
  vertex 815 19.1549 946.224
 endloop
endfacet
facet normal 0.709085 0.656345 -0.257702
 outer loop
  vertex 814.5 22.5242 950.653
  vertex 814.5 24.3732 955.937
  vertex 815 22.0737 950.87
 endloop
endfacet
facet normal -1 5.37035E-35 1.02481E-18
 outer loop
  vertex 786 11.8882 965.363
  vertex 786 12.5 961.5
  vertex 786 8.5 961.5
 endloop
endfacet
facet normal -1 5.37035E-35 1.02481E-18
 outer loop
  vertex 786 7.85298 964.753
  vertex 786 11.8882 965.363
  vertex 786 8.5 961.5
 endloop
endfacet
facet normal -1 5.37035E-35 1.02481E-18
 outer loop
  vertex 786 7.85298 964.753
  vertex 786 10.1127 968.847
  vertex 786 11.8882 965.363
 endloop
endfacet
facet normal -1 5.37035E-35 1.02481E-18
 outer loop
  vertex 786 7.85298 964.753
  vertex 786 6.01041 967.51
  vertex 786 10.1127 968.847
 endloop
endfacet
facet normal -1 5.37035E-35 1.02481E-18
 outer loop
  vertex 786 10.1127 968.847
  vertex 786 6.01041 967.51
  vertex 786 7.34732 971.613
 endloop
endfacet
facet normal -1 5.37035E-35 1.02481E-18
 outer loop
  vertex 786 7.34732 971.613
  vertex 786 6.01041 967.51
  vertex 786 3.25281 969.353
 endloop
endfacet
facet normal -1 5.37035E-35 1.02481E-18
 outer loop
  vertex 786 3.86271 973.388
  vertex 786 3.25281 969.353
  vertex 786 -3.93506E-13 970
 endloop
endfacet
facet normal -1 5.37035E-35 1.02481E-18
 outer loop
  vertex 786 -3.93023E-13 974
  vertex 786 -3.93506E-13 970
  vertex 786 -3.86271 973.388
 endloop
endfacet
facet normal -1 5.37035E-35 1.02481E-18
 outer loop
  vertex 786 -3.93023E-13 974
  vertex 786 3.86271 973.388
  vertex 786 -3.93506E-13 970
 endloop
endfacet
facet normal -1 5.37035E-35 1.02481E-18
 outer loop
  vertex 786 -3.97575E-13 949
  vertex 786 -3.96601E-13 953
  vertex 786 3.86271 949.612
 endloop
endfacet
facet normal -1 5.37035E-35 1.02481E-18
 outer loop
  vertex 786 -3.97575E-13 949
  vertex 786 -3.86271 949.612
  vertex 786 -3.96601E-13 953
 endloop
endfacet
facet normal -1 5.37035E-35 1.02481E-18
 outer loop
  vertex 786 -3.96601E-13 953
  vertex 786 -3.86271 949.612
  vertex 786 -3.25281 953.647
 endloop
endfacet
facet normal -1 5.37035E-35 1.02481E-18
 outer loop
  vertex 786 -3.25281 953.647
  vertex 786 -3.86271 949.612
  vertex 786 -7.34732 951.387
 endloop
endfacet
facet normal -1 5.37035E-35 1.02481E-18
 outer loop
  vertex 786 -6.01041 955.49
  vertex 786 -7.34732 951.387
  vertex 786 -10.1127 954.153
 endloop
endfacet
facet normal -1 5.37035E-35 1.02481E-18
 outer loop
  vertex 786 -7.85298 958.247
  vertex 786 -10.1127 954.153
  vertex 786 -11.8882 957.637
 endloop
endfacet
facet normal -1 5.37035E-35 1.02481E-18
 outer loop
  vertex 786 -8.5 961.5
  vertex 786 -11.8882 957.637
  vertex 786 -12.5 961.5
 endloop
endfacet
facet normal -1 5.37035E-35 1.02481E-18
 outer loop
  vertex 786 -11.8882 965.363
  vertex 786 -8.5 961.5
  vertex 786 -12.5 961.5
 endloop
endfacet
facet normal -1 5.37035E-35 1.02481E-18
 outer loop
  vertex 786 -11.8882 965.363
  vertex 786 -7.85298 964.753
  vertex 786 -8.5 961.5
 endloop
endfacet
facet normal -1 5.37035E-35 1.02481E-18
 outer loop
  vertex 786 -11.8882 965.363
  vertex 786 -10.1127 968.847
  vertex 786 -7.85298 964.753
 endloop
endfacet
facet normal -1 5.37035E-35 1.02481E-18
 outer loop
  vertex 786 -7.85298 964.753
  vertex 786 -10.1127 968.847
  vertex 786 -6.01041 967.51
 endloop
endfacet
facet normal -1 5.37035E-35 1.02481E-18
 outer loop
  vertex 786 -6.01041 967.51
  vertex 786 -10.1127 968.847
  vertex 786 -7.34732 971.613
 endloop
endfacet
facet normal -1 5.37035E-35 1.02481E-18
 outer loop
  vertex 786 -3.25281 969.353
  vertex 786 -7.34732 971.613
  vertex 786 -3.86271 973.388
 endloop
endfacet
facet normal -1 5.37035E-35 1.02481E-18
 outer loop
  vertex 786 -3.93506E-13 970
  vertex 786 -3.25281 969.353
  vertex 786 -3.86271 973.388
 endloop
endfacet
facet normal -1 5.37035E-35 1.02481E-18
 outer loop
  vertex 786 3.86271 949.612
  vertex 786 3.25281 953.647
  vertex 786 7.34732 951.387
 endloop
endfacet
facet normal -1 5.37035E-35 1.02481E-18
 outer loop
  vertex 786 3.86271 949.612
  vertex 786 -3.96601E-13 953
  vertex 786 3.25281 953.647
 endloop
endfacet
facet normal -1 5.37035E-35 1.02481E-18
 outer loop
  vertex 786 3.86271 973.388
  vertex 786 7.34732 971.613
  vertex 786 3.25281 969.353
 endloop
endfacet
facet normal -1 5.37035E-35 1.02481E-18
 outer loop
  vertex 786 -3.25281 969.353
  vertex 786 -6.01041 967.51
  vertex 786 -7.34732 971.613
 endloop
endfacet
facet normal -1 5.37035E-35 1.02481E-18
 outer loop
  vertex 786 -8.5 961.5
  vertex 786 -7.85298 958.247
  vertex 786 -11.8882 957.637
 endloop
endfacet
facet normal -1 5.37035E-35 1.02481E-18
 outer loop
  vertex 786 -7.85298 958.247
  vertex 786 -6.01041 955.49
  vertex 786 -10.1127 954.153
 endloop
endfacet
facet normal -1 5.37035E-35 1.02481E-18
 outer loop
  vertex 786 -6.01041 955.49
  vertex 786 -3.25281 953.647
  vertex 786 -7.34732 951.387
 endloop
endfacet
facet normal -1 5.37035E-35 1.02481E-18
 outer loop
  vertex 786 3.25281 953.647
  vertex 786 6.01041 955.49
  vertex 786 7.34732 951.387
 endloop
endfacet
facet normal -1 5.37035E-35 1.02481E-18
 outer loop
  vertex 786 7.34732 951.387
  vertex 786 6.01041 955.49
  vertex 786 10.1127 954.153
 endloop
endfacet
facet normal -1 5.37035E-35 1.02481E-18
 outer loop
  vertex 786 10.1127 954.153
  vertex 786 6.01041 955.49
  vertex 786 7.85298 958.247
 endloop
endfacet
facet normal -1 5.37035E-35 1.02481E-18
 outer loop
  vertex 786 11.8882 957.637
  vertex 786 7.85298 958.247
  vertex 786 8.5 961.5
 endloop
endfacet
facet normal -1 5.37035E-35 1.02481E-18
 outer loop
  vertex 786 12.5 961.5
  vertex 786 11.8882 957.637
  vertex 786 8.5 961.5
 endloop
endfacet
facet normal -1 5.37035E-35 1.02481E-18
 outer loop
  vertex 786 10.1127 954.153
  vertex 786 7.85298 958.247
  vertex 786 11.8882 957.637
 endloop
endfacet
facet normal 1 -2.32928E-34 -1.02481E-18
 outer loop
  vertex 809 11.6029 957.73
  vertex 809 12.2 961.5
  vertex 809 2.125 961.5
 endloop
endfacet
facet normal 1 -2.32928E-34 -1.02481E-18
 outer loop
  vertex 809 1.8403 960.438
  vertex 809 11.6029 957.73
  vertex 809 2.125 961.5
 endloop
endfacet
facet normal 1 -2.32928E-34 -1.02481E-18
 outer loop
  vertex 809 1.8403 960.438
  vertex 809 9.87001 954.329
  vertex 809 11.6029 957.73
 endloop
endfacet
facet normal 1 -2.32928E-34 -1.02481E-18
 outer loop
  vertex 809 1.8403 960.438
  vertex 809 1.0625 959.66
  vertex 809 9.87001 954.329
 endloop
endfacet
facet normal 1 -2.32928E-34 -1.02481E-18
 outer loop
  vertex 809 9.87001 954.329
  vertex 809 1.0625 959.66
  vertex 809 7.17098 951.63
 endloop
endfacet
facet normal 1 -2.32928E-34 -1.02481E-18
 outer loop
  vertex 809 7.17098 951.63
  vertex 809 1.0625 959.66
  vertex 809 3.77001 949.897
 endloop
endfacet
facet normal 1 -2.32928E-34 -1.02481E-18
 outer loop
  vertex 809 3.77001 949.897
  vertex 809 1.0625 959.66
  vertex 809 -3.94924E-13 959.375
 endloop
endfacet
facet normal 1 -2.32928E-34 -1.02481E-18
 outer loop
  vertex 809 -3.96774E-13 949.3
  vertex 809 -3.94924E-13 959.375
  vertex 809 -3.77001 949.897
 endloop
endfacet
facet normal 1 -2.32928E-34 -1.02481E-18
 outer loop
  vertex 809 -3.96774E-13 949.3
  vertex 809 3.77001 949.897
  vertex 809 -3.94924E-13 959.375
 endloop
endfacet
facet normal 1 -2.32928E-34 -1.02481E-18
 outer loop
  vertex 809 7.17098 971.37
  vertex 809 1.0625 963.34
  vertex 809 9.87001 968.671
 endloop
endfacet
facet normal 1 -2.32928E-34 -1.02481E-18
 outer loop
  vertex 809 7.17098 971.37
  vertex 809 3.77001 973.103
  vertex 809 1.0625 963.34
 endloop
endfacet
facet normal 1 -2.32928E-34 -1.02481E-18
 outer loop
  vertex 809 1.0625 963.34
  vertex 809 3.77001 973.103
  vertex 809 -3.94403E-13 963.625
 endloop
endfacet
facet normal 1 -2.32928E-34 -1.02481E-18
 outer loop
  vertex 809 -3.94403E-13 963.625
  vertex 809 3.77001 973.103
  vertex 809 -3.93786E-13 973.7
 endloop
endfacet
facet normal 1 -2.32928E-34 -1.02481E-18
 outer loop
  vertex 809 -3.77001 973.103
  vertex 809 -3.94403E-13 963.625
  vertex 809 -3.93786E-13 973.7
 endloop
endfacet
facet normal 1 -2.32928E-34 -1.02481E-18
 outer loop
  vertex 809 -3.77001 973.103
  vertex 809 -1.0625 963.34
  vertex 809 -3.94403E-13 963.625
 endloop
endfacet
facet normal 1 -2.32928E-34 -1.02481E-18
 outer loop
  vertex 809 -3.77001 973.103
  vertex 809 -7.17098 971.37
  vertex 809 -1.0625 963.34
 endloop
endfacet
facet normal 1 -2.32928E-34 -1.02481E-18
 outer loop
  vertex 809 -1.0625 963.34
  vertex 809 -7.17098 971.37
  vertex 809 -9.87001 968.671
 endloop
endfacet
facet normal 1 -2.32928E-34 -1.02481E-18
 outer loop
  vertex 809 -1.8403 962.563
  vertex 809 -9.87001 968.671
  vertex 809 -11.6029 965.27
 endloop
endfacet
facet normal 1 -2.32928E-34 -1.02481E-18
 outer loop
  vertex 809 -2.125 961.5
  vertex 809 -11.6029 965.27
  vertex 809 -12.2 961.5
 endloop
endfacet
facet normal 1 -2.32928E-34 -1.02481E-18
 outer loop
  vertex 809 -11.6029 957.73
  vertex 809 -2.125 961.5
  vertex 809 -12.2 961.5
 endloop
endfacet
facet normal 1 -2.32928E-34 -1.02481E-18
 outer loop
  vertex 809 -11.6029 957.73
  vertex 809 -1.8403 960.438
  vertex 809 -2.125 961.5
 endloop
endfacet
facet normal 1 -2.32928E-34 -1.02481E-18
 outer loop
  vertex 809 -11.6029 957.73
  vertex 809 -9.87001 954.329
  vertex 809 -1.8403 960.438
 endloop
endfacet
facet normal 1 -2.32928E-34 -1.02481E-18
 outer loop
  vertex 809 -1.8403 960.438
  vertex 809 -9.87001 954.329
  vertex 809 -1.0625 959.66
 endloop
endfacet
facet normal 1 -2.32928E-34 -1.02481E-18
 outer loop
  vertex 809 -1.0625 959.66
  vertex 809 -9.87001 954.329
  vertex 809 -7.17098 951.63
 endloop
endfacet
facet normal 1 -2.32928E-34 -1.02481E-18
 outer loop
  vertex 809 -3.77001 949.897
  vertex 809 -1.0625 959.66
  vertex 809 -7.17098 951.63
 endloop
endfacet
facet normal 1 -2.32928E-34 -1.02481E-18
 outer loop
  vertex 809 -3.77001 949.897
  vertex 809 -3.94924E-13 959.375
  vertex 809 -1.0625 959.66
 endloop
endfacet
facet normal 1 -2.32928E-34 -1.02481E-18
 outer loop
  vertex 809 -2.125 961.5
  vertex 809 -1.8403 962.563
  vertex 809 -11.6029 965.27
 endloop
endfacet
facet normal 1 -2.32928E-34 -1.02481E-18
 outer loop
  vertex 809 -1.8403 962.563
  vertex 809 -1.0625 963.34
  vertex 809 -9.87001 968.671
 endloop
endfacet
facet normal 1 -2.32928E-34 -1.02481E-18
 outer loop
  vertex 809 1.0625 963.34
  vertex 809 1.8403 962.563
  vertex 809 9.87001 968.671
 endloop
endfacet
facet normal 1 -2.32928E-34 -1.02481E-18
 outer loop
  vertex 809 9.87001 968.671
  vertex 809 1.8403 962.563
  vertex 809 11.6029 965.27
 endloop
endfacet
facet normal 1 -2.32928E-34 -1.02481E-18
 outer loop
  vertex 809 11.6029 965.27
  vertex 809 1.8403 962.563
  vertex 809 2.125 961.5
 endloop
endfacet
facet normal 1 -2.32928E-34 -1.02481E-18
 outer loop
  vertex 809 12.2 961.5
  vertex 809 11.6029 965.27
  vertex 809 2.125 961.5
 endloop
endfacet
facet normal 0.710311 -0.70072 0.0667059
 outer loop
  vertex 815 13.5 961.5
  vertex 814 12.5 961.5
  vertex 815 12.9532 957.697
 endloop
endfacet
facet normal 0.710663 -0.689474 0.139941
 outer loop
  vertex 815 12.9532 957.697
  vertex 814 12.5 961.5
  vertex 814 11.8882 957.637
 endloop
endfacet
facet normal 0.710407 -0.616 0.34039
 outer loop
  vertex 815 11.3569 954.201
  vertex 814 11.8882 957.637
  vertex 814 10.1127 954.153
 endloop
endfacet
facet normal 0.710215 -0.485707 0.509591
 outer loop
  vertex 815 8.84062 951.297
  vertex 814 10.1127 954.153
  vertex 814 7.34732 951.387
 endloop
endfacet
facet normal 0.710087 -0.310596 0.631907
 outer loop
  vertex 815 5.6081 949.22
  vertex 814 7.34732 951.387
  vertex 814 3.86271 949.612
 endloop
endfacet
facet normal 0.710023 -0.106819 0.69603
 outer loop
  vertex 815 1.92125 948.137
  vertex 814 3.86271 949.612
  vertex 814 -3.9683E-13 949
 endloop
endfacet
facet normal 0.710023 0.106819 0.69603
 outer loop
  vertex 815 -1.92125 948.137
  vertex 814 -3.9683E-13 949
  vertex 814 -3.86271 949.612
 endloop
endfacet
facet normal 0.710087 0.310596 0.631907
 outer loop
  vertex 815 -5.6081 949.22
  vertex 814 -3.86271 949.612
  vertex 814 -7.34732 951.387
 endloop
endfacet
facet normal 0.710215 0.485707 0.509591
 outer loop
  vertex 815 -8.84062 951.297
  vertex 814 -7.34732 951.387
  vertex 814 -10.1127 954.153
 endloop
endfacet
facet normal 0.710407 0.616 0.34039
 outer loop
  vertex 815 -11.3569 954.201
  vertex 814 -10.1127 954.153
  vertex 814 -11.8882 957.637
 endloop
endfacet
facet normal 0.710663 0.689474 0.139941
 outer loop
  vertex 815 -12.9532 957.697
  vertex 814 -11.8882 957.637
  vertex 814 -12.5 961.5
 endloop
endfacet
facet normal 0.710311 0.70072 0.0667059
 outer loop
  vertex 815 -13.5 961.5
  vertex 815 -12.9532 957.697
  vertex 814 -12.5 961.5
 endloop
endfacet
facet normal 0.710023 0.651281 0.267771
 outer loop
  vertex 815 -12.9532 957.697
  vertex 815 -11.3569 954.201
  vertex 814 -11.8882 957.637
 endloop
endfacet
facet normal 0.709798 0.545393 0.445795
 outer loop
  vertex 815 -11.3569 954.201
  vertex 815 -8.84062 951.297
  vertex 814 -10.1127 954.153
 endloop
endfacet
facet normal 0.709638 0.392208 0.585309
 outer loop
  vertex 815 -8.84062 951.297
  vertex 815 -5.6081 949.22
  vertex 814 -7.34732 951.387
 endloop
endfacet
facet normal 0.709542 0.204998 0.674186
 outer loop
  vertex 815 -5.6081 949.22
  vertex 815 -1.92125 948.137
  vertex 814 -3.86271 949.612
 endloop
endfacet
facet normal 0.70951 -5.44036E-18 0.704695
 outer loop
  vertex 815 -1.92125 948.137
  vertex 815 1.92125 948.137
  vertex 814 -3.9683E-13 949
 endloop
endfacet
facet normal 0.709542 -0.204998 0.674186
 outer loop
  vertex 815 1.92125 948.137
  vertex 815 5.6081 949.22
  vertex 814 3.86271 949.612
 endloop
endfacet
facet normal 0.709638 -0.392208 0.585309
 outer loop
  vertex 815 5.6081 949.22
  vertex 815 8.84062 951.297
  vertex 814 7.34732 951.387
 endloop
endfacet
facet normal 0.709798 -0.545393 0.445795
 outer loop
  vertex 815 8.84062 951.297
  vertex 815 11.3569 954.201
  vertex 814 10.1127 954.153
 endloop
endfacet
facet normal 0.710023 -0.651281 0.267771
 outer loop
  vertex 815 11.3569 954.201
  vertex 815 12.9532 957.697
  vertex 814 11.8882 957.637
 endloop
endfacet
facet normal 0.710311 0.70072 -0.0667059
 outer loop
  vertex 815 -13.5 961.5
  vertex 814 -12.5 961.5
  vertex 815 -12.9532 965.303
 endloop
endfacet
facet normal 0.710663 0.689474 -0.139941
 outer loop
  vertex 815 -12.9532 965.303
  vertex 814 -12.5 961.5
  vertex 814 -11.8882 965.363
 endloop
endfacet
facet normal 0.710407 0.616 -0.34039
 outer loop
  vertex 815 -11.3569 968.799
  vertex 814 -11.8882 965.363
  vertex 814 -10.1127 968.847
 endloop
endfacet
facet normal 0.710215 0.485707 -0.509591
 outer loop
  vertex 815 -8.84062 971.703
  vertex 814 -10.1127 968.847
  vertex 814 -7.34732 971.613
 endloop
endfacet
facet normal 0.710087 0.310596 -0.631907
 outer loop
  vertex 815 -5.6081 973.78
  vertex 814 -7.34732 971.613
  vertex 814 -3.86271 973.388
 endloop
endfacet
facet normal 0.710023 0.106819 -0.69603
 outer loop
  vertex 815 -1.92125 974.863
  vertex 814 -3.86271 973.388
  vertex 814 -3.93768E-13 974
 endloop
endfacet
facet normal 0.710023 -0.106819 -0.69603
 outer loop
  vertex 815 1.92125 974.863
  vertex 814 -3.93768E-13 974
  vertex 814 3.86271 973.388
 endloop
endfacet
facet normal 0.710087 -0.310596 -0.631907
 outer loop
  vertex 815 5.6081 973.78
  vertex 814 3.86271 973.388
  vertex 814 7.34732 971.613
 endloop
endfacet
facet normal 0.710215 -0.485707 -0.509591
 outer loop
  vertex 815 8.84062 971.703
  vertex 814 7.34732 971.613
  vertex 814 10.1127 968.847
 endloop
endfacet
facet normal 0.710407 -0.616 -0.34039
 outer loop
  vertex 815 11.3569 968.799
  vertex 814 10.1127 968.847
  vertex 814 11.8882 965.363
 endloop
endfacet
facet normal 0.710663 -0.689474 -0.139941
 outer loop
  vertex 815 12.9532 965.303
  vertex 814 11.8882 965.363
  vertex 814 12.5 961.5
 endloop
endfacet
facet normal 0.710311 -0.70072 -0.0667059
 outer loop
  vertex 815 13.5 961.5
  vertex 815 12.9532 965.303
  vertex 814 12.5 961.5
 endloop
endfacet
facet normal 0.710023 -0.651281 -0.267771
 outer loop
  vertex 815 12.9532 965.303
  vertex 815 11.3569 968.799
  vertex 814 11.8882 965.363
 endloop
endfacet
facet normal 0.709798 -0.545393 -0.445795
 outer loop
  vertex 815 11.3569 968.799
  vertex 815 8.84062 971.703
  vertex 814 10.1127 968.847
 endloop
endfacet
facet normal 0.709638 -0.392208 -0.585309
 outer loop
  vertex 815 8.84062 971.703
  vertex 815 5.6081 973.78
  vertex 814 7.34732 971.613
 endloop
endfacet
facet normal 0.709542 -0.204998 -0.674186
 outer loop
  vertex 815 5.6081 973.78
  vertex 815 1.92125 974.863
  vertex 814 3.86271 973.388
 endloop
endfacet
facet normal 0.70951 -2.35229E-17 -0.704695
 outer loop
  vertex 815 1.92125 974.863
  vertex 815 -1.92125 974.863
  vertex 814 -3.93768E-13 974
 endloop
endfacet
facet normal 0.709542 0.204998 -0.674186
 outer loop
  vertex 815 -1.92125 974.863
  vertex 815 -5.6081 973.78
  vertex 814 -3.86271 973.388
 endloop
endfacet
facet normal 0.709638 0.392208 -0.585309
 outer loop
  vertex 815 -5.6081 973.78
  vertex 815 -8.84062 971.703
  vertex 814 -7.34732 971.613
 endloop
endfacet
facet normal 0.709798 0.545393 -0.445795
 outer loop
  vertex 815 -8.84062 971.703
  vertex 815 -11.3569 968.799
  vertex 814 -10.1127 968.847
 endloop
endfacet
facet normal 0.710023 0.651281 -0.267771
 outer loop
  vertex 815 -11.3569 968.799
  vertex 815 -12.9532 965.303
  vertex 814 -11.8882 965.363
 endloop
endfacet
facet normal 0.0605521 -0.992737 0.103953
 outer loop
  vertex 809 12.2 961.5
  vertex 809 11.6029 957.73
  vertex 814 12.5 961.5
 endloop
endfacet
facet normal 0.0605521 -0.976273 0.207907
 outer loop
  vertex 814 12.5 961.5
  vertex 809 11.6029 957.73
  vertex 814 11.8882 957.637
 endloop
endfacet
facet normal 0.0605521 -0.912026 0.405638
 outer loop
  vertex 814 11.8882 957.637
  vertex 809 11.6029 957.73
  vertex 809 9.87001 954.329
 endloop
endfacet
facet normal 0.0605521 -0.742039 0.667616
 outer loop
  vertex 814 10.1127 954.153
  vertex 809 9.87001 954.329
  vertex 809 7.17098 951.63
 endloop
endfacet
facet normal 0.0605521 -0.499416 0.864244
 outer loop
  vertex 814 7.34732 951.387
  vertex 809 7.17098 951.63
  vertex 809 3.77001 949.897
 endloop
endfacet
facet normal 0.0605521 -0.207907 0.976273
 outer loop
  vertex 814 3.86271 949.612
  vertex 809 3.77001 949.897
  vertex 809 -3.96774E-13 949.3
 endloop
endfacet
facet normal 0.0605521 0.103953 0.992737
 outer loop
  vertex 814 -3.9683E-13 949
  vertex 809 -3.96774E-13 949.3
  vertex 809 -3.77001 949.897
 endloop
endfacet
facet normal 0.0605521 0.405638 0.912026
 outer loop
  vertex 814 -3.86271 949.612
  vertex 809 -3.77001 949.897
  vertex 809 -7.17098 951.63
 endloop
endfacet
facet normal 0.0605521 0.667616 0.742039
 outer loop
  vertex 814 -7.34732 951.387
  vertex 809 -7.17098 951.63
  vertex 809 -9.87001 954.329
 endloop
endfacet
facet normal 0.0605521 0.864244 0.499416
 outer loop
  vertex 814 -10.1127 954.153
  vertex 809 -9.87001 954.329
  vertex 809 -11.6029 957.73
 endloop
endfacet
facet normal 0.0605521 0.976273 0.207907
 outer loop
  vertex 814 -11.8882 957.637
  vertex 809 -11.6029 957.73
  vertex 809 -12.2 961.5
 endloop
endfacet
facet normal 0.0605521 0.992737 0.103953
 outer loop
  vertex 814 -12.5 961.5
  vertex 814 -11.8882 957.637
  vertex 809 -12.2 961.5
 endloop
endfacet
facet normal 0.0605521 0.912026 0.405638
 outer loop
  vertex 814 -11.8882 957.637
  vertex 814 -10.1127 954.153
  vertex 809 -11.6029 957.73
 endloop
endfacet
facet normal 0.0605521 0.742039 0.667616
 outer loop
  vertex 814 -10.1127 954.153
  vertex 814 -7.34732 951.387
  vertex 809 -9.87001 954.329
 endloop
endfacet
facet normal 0.0605521 0.499416 0.864244
 outer loop
  vertex 814 -7.34732 951.387
  vertex 814 -3.86271 949.612
  vertex 809 -7.17098 951.63
 endloop
endfacet
facet normal 0.0605521 0.207907 0.976273
 outer loop
  vertex 814 -3.86271 949.612
  vertex 814 -3.9683E-13 949
  vertex 809 -3.77001 949.897
 endloop
endfacet
facet normal 0.0605521 -0.103953 0.992737
 outer loop
  vertex 814 -3.9683E-13 949
  vertex 814 3.86271 949.612
  vertex 809 -3.96774E-13 949.3
 endloop
endfacet
facet normal 0.0605521 -0.405638 0.912026
 outer loop
  vertex 814 3.86271 949.612
  vertex 814 7.34732 951.387
  vertex 809 3.77001 949.897
 endloop
endfacet
facet normal 0.0605521 -0.667616 0.742039
 outer loop
  vertex 814 7.34732 951.387
  vertex 814 10.1127 954.153
  vertex 809 7.17098 951.63
 endloop
endfacet
facet normal 0.0605521 -0.864244 0.499416
 outer loop
  vertex 814 10.1127 954.153
  vertex 814 11.8882 957.637
  vertex 809 9.87001 954.329
 endloop
endfacet
facet normal 0.0605521 0.992737 -0.103953
 outer loop
  vertex 809 -12.2 961.5
  vertex 809 -11.6029 965.27
  vertex 814 -12.5 961.5
 endloop
endfacet
facet normal 0.0605521 0.976273 -0.207907
 outer loop
  vertex 814 -12.5 961.5
  vertex 809 -11.6029 965.27
  vertex 814 -11.8882 965.363
 endloop
endfacet
facet normal 0.0605521 0.912026 -0.405638
 outer loop
  vertex 814 -11.8882 965.363
  vertex 809 -11.6029 965.27
  vertex 809 -9.87001 968.671
 endloop
endfacet
facet normal 0.0605521 0.742039 -0.667616
 outer loop
  vertex 814 -10.1127 968.847
  vertex 809 -9.87001 968.671
  vertex 809 -7.17098 971.37
 endloop
endfacet
facet normal 0.0605521 0.499416 -0.864244
 outer loop
  vertex 814 -7.34732 971.613
  vertex 809 -7.17098 971.37
  vertex 809 -3.77001 973.103
 endloop
endfacet
facet normal 0.0605521 0.207907 -0.976273
 outer loop
  vertex 814 -3.86271 973.388
  vertex 809 -3.77001 973.103
  vertex 809 -3.93786E-13 973.7
 endloop
endfacet
facet normal 0.0605521 -0.103953 -0.992737
 outer loop
  vertex 814 -3.93768E-13 974
  vertex 809 -3.93786E-13 973.7
  vertex 809 3.77001 973.103
 endloop
endfacet
facet normal 0.0605521 -0.405638 -0.912026
 outer loop
  vertex 814 3.86271 973.388
  vertex 809 3.77001 973.103
  vertex 809 7.17098 971.37
 endloop
endfacet
facet normal 0.0605521 -0.667616 -0.742039
 outer loop
  vertex 814 7.34732 971.613
  vertex 809 7.17098 971.37
  vertex 809 9.87001 968.671
 endloop
endfacet
facet normal 0.0605521 -0.864244 -0.499416
 outer loop
  vertex 814 10.1127 968.847
  vertex 809 9.87001 968.671
  vertex 809 11.6029 965.27
 endloop
endfacet
facet normal 0.0605521 -0.976273 -0.207907
 outer loop
  vertex 814 11.8882 965.363
  vertex 809 11.6029 965.27
  vertex 809 12.2 961.5
 endloop
endfacet
facet normal 0.0605521 -0.992737 -0.103953
 outer loop
  vertex 814 12.5 961.5
  vertex 814 11.8882 965.363
  vertex 809 12.2 961.5
 endloop
endfacet
facet normal 0.0605521 -0.912026 -0.405638
 outer loop
  vertex 814 11.8882 965.363
  vertex 814 10.1127 968.847
  vertex 809 11.6029 965.27
 endloop
endfacet
facet normal 0.0605521 -0.742039 -0.667616
 outer loop
  vertex 814 10.1127 968.847
  vertex 814 7.34732 971.613
  vertex 809 9.87001 968.671
 endloop
endfacet
facet normal 0.0605521 -0.499416 -0.864244
 outer loop
  vertex 814 7.34732 971.613
  vertex 814 3.86271 973.388
  vertex 809 7.17098 971.37
 endloop
endfacet
facet normal 0.0605521 -0.207907 -0.976273
 outer loop
  vertex 814 3.86271 973.388
  vertex 814 -3.93768E-13 974
  vertex 809 3.77001 973.103
 endloop
endfacet
facet normal 0.0605521 0.103953 -0.992737
 outer loop
  vertex 814 -3.93768E-13 974
  vertex 814 -3.86271 973.388
  vertex 809 -3.93786E-13 973.7
 endloop
endfacet
facet normal 0.0605521 0.405638 -0.912026
 outer loop
  vertex 814 -3.86271 973.388
  vertex 814 -7.34732 971.613
  vertex 809 -3.77001 973.103
 endloop
endfacet
facet normal 0.0605521 0.667616 -0.742039
 outer loop
  vertex 814 -7.34732 971.613
  vertex 814 -10.1127 968.847
  vertex 809 -7.17098 971.37
 endloop
endfacet
facet normal 0.0605521 0.864244 -0.499416
 outer loop
  vertex 814 -10.1127 968.847
  vertex 814 -11.8882 965.363
  vertex 809 -9.87001 968.671
 endloop
endfacet
facet normal 0 -0.994562 0.104145
 outer loop
  vertex 788.7 -12.5 961.5
  vertex 788.7 -11.8882 965.363
  vertex 786 -12.5 961.5
 endloop
endfacet
facet normal 0 -0.978067 0.208289
 outer loop
  vertex 786 -12.5 961.5
  vertex 788.7 -11.8882 965.363
  vertex 786 -11.8882 965.363
 endloop
endfacet
facet normal 0 -0.913702 0.406384
 outer loop
  vertex 786 -11.8882 965.363
  vertex 788.7 -11.8882 965.363
  vertex 788.7 -10.1127 968.847
 endloop
endfacet
facet normal 0 -0.743403 0.668844
 outer loop
  vertex 786 -10.1127 968.847
  vertex 788.7 -10.1127 968.847
  vertex 788.7 -7.34732 971.613
 endloop
endfacet
facet normal 0 -0.500334 0.865832
 outer loop
  vertex 786 -7.34732 971.613
  vertex 788.7 -7.34732 971.613
  vertex 788.7 -3.86271 973.388
 endloop
endfacet
facet normal 0 -0.208289 0.978067
 outer loop
  vertex 786 -3.86271 973.388
  vertex 788.7 -3.86271 973.388
  vertex 788.7 -3.9322E-13 974
 endloop
endfacet
facet normal 0 0.104145 0.994562
 outer loop
  vertex 786 -3.93023E-13 974
  vertex 788.7 -3.9322E-13 974
  vertex 788.7 3.86271 973.388
 endloop
endfacet
facet normal 0 0.406384 0.913702
 outer loop
  vertex 786 3.86271 973.388
  vertex 788.7 3.86271 973.388
  vertex 788.7 7.34732 971.613
 endloop
endfacet
facet normal 0 0.668844 0.743403
 outer loop
  vertex 786 7.34732 971.613
  vertex 788.7 7.34732 971.613
  vertex 788.7 10.1127 968.847
 endloop
endfacet
facet normal 0 0.865832 0.500334
 outer loop
  vertex 786 10.1127 968.847
  vertex 788.7 10.1127 968.847
  vertex 788.7 11.8882 965.363
 endloop
endfacet
facet normal 0 0.978067 0.208289
 outer loop
  vertex 786 11.8882 965.363
  vertex 788.7 11.8882 965.363
  vertex 788.7 12.5 961.5
 endloop
endfacet
facet normal 0 0.994562 0.104145
 outer loop
  vertex 786 12.5 961.5
  vertex 786 11.8882 965.363
  vertex 788.7 12.5 961.5
 endloop
endfacet
facet normal 0 0.913702 0.406384
 outer loop
  vertex 786 11.8882 965.363
  vertex 786 10.1127 968.847
  vertex 788.7 11.8882 965.363
 endloop
endfacet
facet normal 0 0.743403 0.668844
 outer loop
  vertex 786 10.1127 968.847
  vertex 786 7.34732 971.613
  vertex 788.7 10.1127 968.847
 endloop
endfacet
facet normal 0 0.500334 0.865832
 outer loop
  vertex 786 7.34732 971.613
  vertex 786 3.86271 973.388
  vertex 788.7 7.34732 971.613
 endloop
endfacet
facet normal 0 0.208289 0.978067
 outer loop
  vertex 786 3.86271 973.388
  vertex 786 -3.93023E-13 974
  vertex 788.7 3.86271 973.388
 endloop
endfacet
facet normal 0 -0.104145 0.994562
 outer loop
  vertex 786 -3.93023E-13 974
  vertex 786 -3.86271 973.388
  vertex 788.7 -3.9322E-13 974
 endloop
endfacet
facet normal 0 -0.406384 0.913702
 outer loop
  vertex 786 -3.86271 973.388
  vertex 786 -7.34732 971.613
  vertex 788.7 -3.86271 973.388
 endloop
endfacet
facet normal 0 -0.668844 0.743403
 outer loop
  vertex 786 -7.34732 971.613
  vertex 786 -10.1127 968.847
  vertex 788.7 -7.34732 971.613
 endloop
endfacet
facet normal 0 -0.865832 0.500334
 outer loop
  vertex 786 -10.1127 968.847
  vertex 786 -11.8882 965.363
  vertex 788.7 -10.1127 968.847
 endloop
endfacet
facet normal 0 0.994562 -0.104145
 outer loop
  vertex 788.7 12.5 961.5
  vertex 788.7 11.8882 957.637
  vertex 786 12.5 961.5
 endloop
endfacet
facet normal 0 0.978067 -0.208289
 outer loop
  vertex 786 12.5 961.5
  vertex 788.7 11.8882 957.637
  vertex 786 11.8882 957.637
 endloop
endfacet
facet normal 0 0.913702 -0.406384
 outer loop
  vertex 786 11.8882 957.637
  vertex 788.7 11.8882 957.637
  vertex 788.7 10.1127 954.153
 endloop
endfacet
facet normal 0 0.743403 -0.668844
 outer loop
  vertex 786 10.1127 954.153
  vertex 788.7 10.1127 954.153
  vertex 788.7 7.34732 951.387
 endloop
endfacet
facet normal 0 0.500334 -0.865832
 outer loop
  vertex 786 7.34732 951.387
  vertex 788.7 7.34732 951.387
  vertex 788.7 3.86271 949.612
 endloop
endfacet
facet normal 0 0.208289 -0.978067
 outer loop
  vertex 786 3.86271 949.612
  vertex 788.7 3.86271 949.612
  vertex 788.7 -3.97377E-13 949
 endloop
endfacet
facet normal 0 -0.104145 -0.994562
 outer loop
  vertex 786 -3.97575E-13 949
  vertex 788.7 -3.97377E-13 949
  vertex 788.7 -3.86271 949.612
 endloop
endfacet
facet normal 0 -0.406384 -0.913702
 outer loop
  vertex 786 -3.86271 949.612
  vertex 788.7 -3.86271 949.612
  vertex 788.7 -7.34732 951.387
 endloop
endfacet
facet normal 0 -0.668844 -0.743403
 outer loop
  vertex 786 -7.34732 951.387
  vertex 788.7 -7.34732 951.387
  vertex 788.7 -10.1127 954.153
 endloop
endfacet
facet normal 0 -0.865832 -0.500334
 outer loop
  vertex 786 -10.1127 954.153
  vertex 788.7 -10.1127 954.153
  vertex 788.7 -11.8882 957.637
 endloop
endfacet
facet normal 0 -0.978067 -0.208289
 outer loop
  vertex 786 -11.8882 957.637
  vertex 788.7 -11.8882 957.637
  vertex 788.7 -12.5 961.5
 endloop
endfacet
facet normal 0 -0.994562 -0.104145
 outer loop
  vertex 786 -12.5 961.5
  vertex 786 -11.8882 957.637
  vertex 788.7 -12.5 961.5
 endloop
endfacet
facet normal 0 -0.913702 -0.406384
 outer loop
  vertex 786 -11.8882 957.637
  vertex 786 -10.1127 954.153
  vertex 788.7 -11.8882 957.637
 endloop
endfacet
facet normal 0 -0.743403 -0.668844
 outer loop
  vertex 786 -10.1127 954.153
  vertex 786 -7.34732 951.387
  vertex 788.7 -10.1127 954.153
 endloop
endfacet
facet normal 0 -0.500334 -0.865832
 outer loop
  vertex 786 -7.34732 951.387
  vertex 786 -3.86271 949.612
  vertex 788.7 -7.34732 951.387
 endloop
endfacet
facet normal 0 -0.208289 -0.978067
 outer loop
  vertex 786 -3.86271 949.612
  vertex 786 -3.97575E-13 949
  vertex 788.7 -3.86271 949.612
 endloop
endfacet
facet normal 0 0.104145 -0.994562
 outer loop
  vertex 786 -3.97575E-13 949
  vertex 786 3.86271 949.612
  vertex 788.7 -3.97377E-13 949
 endloop
endfacet
facet normal 0 0.406384 -0.913702
 outer loop
  vertex 786 3.86271 949.612
  vertex 786 7.34732 951.387
  vertex 788.7 3.86271 949.612
 endloop
endfacet
facet normal 0 0.668844 -0.743403
 outer loop
  vertex 786 7.34732 951.387
  vertex 786 10.1127 954.153
  vertex 788.7 7.34732 951.387
 endloop
endfacet
facet normal 0 0.865832 -0.500334
 outer loop
  vertex 786 10.1127 954.153
  vertex 786 11.8882 957.637
  vertex 788.7 10.1127 954.153
 endloop
endfacet
facet normal 0.794461 0.604438 -0.0590483
 outer loop
  vertex 789.377 11.75 961.5
  vertex 789.377 11.1749 957.869
  vertex 788.7 12.5 961.5
 endloop
endfacet
facet normal 0.773572 0.620528 -0.128574
 outer loop
  vertex 788.7 12.5 961.5
  vertex 789.377 11.1749 957.869
  vertex 788.7 11.8882 957.637
 endloop
endfacet
facet normal 0.799642 0.550067 -0.240829
 outer loop
  vertex 788.7 11.8882 957.637
  vertex 789.377 11.1749 957.869
  vertex 789.377 9.50595 954.594
 endloop
endfacet
facet normal 0.799642 0.448724 -0.399022
 outer loop
  vertex 788.7 10.1127 954.153
  vertex 789.377 9.50595 954.594
  vertex 789.377 6.90648 951.994
 endloop
endfacet
facet normal 0.799642 0.303458 -0.518156
 outer loop
  vertex 788.7 7.34732 951.387
  vertex 789.377 6.90648 951.994
  vertex 789.377 3.63095 950.325
 endloop
endfacet
facet normal 0.799642 0.128487 -0.586569
 outer loop
  vertex 788.7 3.86271 949.612
  vertex 789.377 3.63095 950.325
  vertex 789.377 -3.97238E-13 949.75
 endloop
endfacet
facet normal 0.799642 -0.0590618 -0.597565
 outer loop
  vertex 788.7 -3.97377E-13 949
  vertex 789.377 -3.97238E-13 949.75
  vertex 789.377 -3.63095 950.325
 endloop
endfacet
facet normal 0.799642 -0.240829 -0.550067
 outer loop
  vertex 788.7 -3.86271 949.612
  vertex 789.377 -3.63095 950.325
  vertex 789.377 -6.90648 951.994
 endloop
endfacet
facet normal 0.799642 -0.399022 -0.448724
 outer loop
  vertex 788.7 -7.34732 951.387
  vertex 789.377 -6.90648 951.994
  vertex 789.377 -9.50595 954.594
 endloop
endfacet
facet normal 0.799642 -0.518156 -0.303458
 outer loop
  vertex 788.7 -10.1127 954.153
  vertex 789.377 -9.50595 954.594
  vertex 789.377 -11.1749 957.869
 endloop
endfacet
facet normal 0.794522 -0.59349 -0.128467
 outer loop
  vertex 788.7 -11.8882 957.637
  vertex 789.377 -11.1749 957.869
  vertex 789.377 -11.75 961.5
 endloop
endfacet
facet normal 0.768119 -0.636532 -0.0694315
 outer loop
  vertex 788.7 -12.5 961.5
  vertex 788.7 -11.8882 957.637
  vertex 789.377 -11.75 961.5
 endloop
endfacet
facet normal 0.773572 -0.577592 -0.260718
 outer loop
  vertex 788.7 -11.8882 957.637
  vertex 788.7 -10.1127 954.153
  vertex 789.377 -11.1749 957.869
 endloop
endfacet
facet normal 0.773572 -0.468756 -0.426443
 outer loop
  vertex 788.7 -10.1127 954.153
  vertex 788.7 -7.34732 951.387
  vertex 789.377 -9.50595 954.594
 endloop
endfacet
facet normal 0.773572 -0.314035 -0.550425
 outer loop
  vertex 788.7 -7.34732 951.387
  vertex 788.7 -3.86271 949.612
  vertex 789.377 -6.90648 951.994
 endloop
endfacet
facet normal 0.773572 -0.128574 -0.620528
 outer loop
  vertex 788.7 -3.86271 949.612
  vertex 788.7 -3.97377E-13 949
  vertex 789.377 -3.63095 950.325
 endloop
endfacet
facet normal 0.773572 0.0694722 -0.629889
 outer loop
  vertex 788.7 -3.97377E-13 949
  vertex 788.7 3.86271 949.612
  vertex 789.377 -3.97238E-13 949.75
 endloop
endfacet
facet normal 0.773572 0.260718 -0.577592
 outer loop
  vertex 788.7 3.86271 949.612
  vertex 788.7 7.34732 951.387
  vertex 789.377 3.63095 950.325
 endloop
endfacet
facet normal 0.773572 0.426443 -0.468756
 outer loop
  vertex 788.7 7.34732 951.387
  vertex 788.7 10.1127 954.153
  vertex 789.377 6.90648 951.994
 endloop
endfacet
facet normal 0.773572 0.550425 -0.314035
 outer loop
  vertex 788.7 10.1127 954.153
  vertex 788.7 11.8882 957.637
  vertex 789.377 9.50595 954.594
 endloop
endfacet
facet normal 0.794461 -0.604438 0.0590483
 outer loop
  vertex 789.377 -11.75 961.5
  vertex 789.377 -11.1749 965.131
  vertex 788.7 -12.5 961.5
 endloop
endfacet
facet normal 0.773572 -0.620528 0.128574
 outer loop
  vertex 788.7 -12.5 961.5
  vertex 789.377 -11.1749 965.131
  vertex 788.7 -11.8882 965.363
 endloop
endfacet
facet normal 0.799642 -0.550067 0.240829
 outer loop
  vertex 788.7 -11.8882 965.363
  vertex 789.377 -11.1749 965.131
  vertex 789.377 -9.50595 968.406
 endloop
endfacet
facet normal 0.799642 -0.448724 0.399022
 outer loop
  vertex 788.7 -10.1127 968.847
  vertex 789.377 -9.50595 968.406
  vertex 789.377 -6.90648 971.006
 endloop
endfacet
facet normal 0.799642 -0.303458 0.518156
 outer loop
  vertex 788.7 -7.34732 971.613
  vertex 789.377 -6.90648 971.006
  vertex 789.377 -3.63095 972.675
 endloop
endfacet
facet normal 0.799642 -0.128487 0.586569
 outer loop
  vertex 788.7 -3.86271 973.388
  vertex 789.377 -3.63095 972.675
  vertex 789.377 -3.93267E-13 973.25
 endloop
endfacet
facet normal 0.799642 0.0590618 0.597565
 outer loop
  vertex 788.7 -3.9322E-13 974
  vertex 789.377 -3.93267E-13 973.25
  vertex 789.377 3.63095 972.675
 endloop
endfacet
facet normal 0.799642 0.240829 0.550067
 outer loop
  vertex 788.7 3.86271 973.388
  vertex 789.377 3.63095 972.675
  vertex 789.377 6.90648 971.006
 endloop
endfacet
facet normal 0.799642 0.399022 0.448724
 outer loop
  vertex 788.7 7.34732 971.613
  vertex 789.377 6.90648 971.006
  vertex 789.377 9.50595 968.406
 endloop
endfacet
facet normal 0.799642 0.518156 0.303458
 outer loop
  vertex 788.7 10.1127 968.847
  vertex 789.377 9.50595 968.406
  vertex 789.377 11.1749 965.131
 endloop
endfacet
facet normal 0.794522 0.59349 0.128467
 outer loop
  vertex 788.7 11.8882 965.363
  vertex 789.377 11.1749 965.131
  vertex 789.377 11.75 961.5
 endloop
endfacet
facet normal 0.768119 0.636532 0.0694315
 outer loop
  vertex 788.7 12.5 961.5
  vertex 788.7 11.8882 965.363
  vertex 789.377 11.75 961.5
 endloop
endfacet
facet normal 0.773572 0.577592 0.260718
 outer loop
  vertex 788.7 11.8882 965.363
  vertex 788.7 10.1127 968.847
  vertex 789.377 11.1749 965.131
 endloop
endfacet
facet normal 0.773572 0.468756 0.426443
 outer loop
  vertex 788.7 10.1127 968.847
  vertex 788.7 7.34732 971.613
  vertex 789.377 9.50595 968.406
 endloop
endfacet
facet normal 0.773572 0.314035 0.550425
 outer loop
  vertex 788.7 7.34732 971.613
  vertex 788.7 3.86271 973.388
  vertex 789.377 6.90648 971.006
 endloop
endfacet
facet normal 0.773572 0.128574 0.620528
 outer loop
  vertex 788.7 3.86271 973.388
  vertex 788.7 -3.9322E-13 974
  vertex 789.377 3.63095 972.675
 endloop
endfacet
facet normal 0.773572 -0.0694722 0.629889
 outer loop
  vertex 788.7 -3.9322E-13 974
  vertex 788.7 -3.86271 973.388
  vertex 789.377 -3.93267E-13 973.25
 endloop
endfacet
facet normal 0.773572 -0.260718 0.577592
 outer loop
  vertex 788.7 -3.86271 973.388
  vertex 788.7 -7.34732 971.613
  vertex 789.377 -3.63095 972.675
 endloop
endfacet
facet normal 0.773572 -0.426443 0.468756
 outer loop
  vertex 788.7 -7.34732 971.613
  vertex 788.7 -10.1127 968.847
  vertex 789.377 -6.90648 971.006
 endloop
endfacet
facet normal 0.773572 -0.550425 0.314035
 outer loop
  vertex 788.7 -10.1127 968.847
  vertex 788.7 -11.8882 965.363
  vertex 789.377 -9.50595 968.406
 endloop
endfacet
facet normal -0.909328 -0.414861 0.0318411
 outer loop
  vertex 802.26 -10.8 961.5
  vertex 802.781 -12.0904 961.5
  vertex 802.26 -10.6048 963.544
 endloop
endfacet
facet normal -0.728469 -0.661681 0.177516
 outer loop
  vertex 801.144 -9.29865 963.292
  vertex 802.26 -10.6048 963.544
  vertex 801.144 -8.79144 965.02
 endloop
endfacet
facet normal -0.449815 -0.804847 0.387154
 outer loop
  vertex 799.64 -7.98539 964.697
  vertex 801.144 -8.79144 965.02
  vertex 799.64 -7.23607 966.15
 endloop
endfacet
facet normal -0.115682 -0.85255 0.509683
 outer loop
  vertex 797.93 -7.37733 965.303
  vertex 799.64 -7.23607 966.15
  vertex 797.93 -6.9824 965.987
 endloop
endfacet
facet normal -0.23178 -0.864631 0.445748
 outer loop
  vertex 797.93 -7.37733 965.303
  vertex 799.64 -7.98539 964.697
  vertex 799.64 -7.23607 966.15
 endloop
endfacet
facet normal -0.115682 -0.909703 0.398822
 outer loop
  vertex 797.93 -7.37733 965.303
  vertex 797.93 -7.70545 964.585
  vertex 799.64 -7.98539 964.697
 endloop
endfacet
facet normal -0.115682 -0.933601 0.339126
 outer loop
  vertex 799.64 -7.98539 964.697
  vertex 797.93 -7.70545 964.585
  vertex 797.93 -7.96379 963.838
 endloop
endfacet
facet normal -0.115682 -0.968741 0.219452
 outer loop
  vertex 799.64 -8.4461 963.128
  vertex 797.93 -7.96379 963.838
  vertex 797.93 -8.15001 963.071
 endloop
endfacet
facet normal -0.115682 -0.98091 0.156312
 outer loop
  vertex 797.93 -8.26242 962.289
  vertex 799.64 -8.4461 963.128
  vertex 797.93 -8.15001 963.071
 endloop
endfacet
facet normal -0.23178 -0.968363 0.0924675
 outer loop
  vertex 797.93 -8.26242 962.289
  vertex 799.64 -8.60154 961.5
  vertex 799.64 -8.4461 963.128
 endloop
endfacet
facet normal -0.115682 -0.992766 0.032151
 outer loop
  vertex 797.93 -8.26242 962.289
  vertex 797.93 -8.3 961.5
  vertex 799.64 -8.60154 961.5
 endloop
endfacet
facet normal -0.943785 0.33047 0.00773294
 outer loop
  vertex 802.781 12.0904 961.5
  vertex 802.26 10.8 961.5
  vertex 802.781 12.0356 962.649
 endloop
endfacet
facet normal -0.908811 0.416534 0.0237176
 outer loop
  vertex 802.781 12.0356 962.649
  vertex 802.26 10.8 961.5
  vertex 802.26 10.7511 962.527
 endloop
endfacet
facet normal -0.909328 0.407027 0.0863285
 outer loop
  vertex 802.781 11.6006 964.906
  vertex 802.26 10.7511 962.527
  vertex 802.26 10.3625 964.543
 endloop
endfacet
facet normal -0.909328 0.383333 0.161799
 outer loop
  vertex 802.781 10.7464 967.04
  vertex 802.26 10.3625 964.543
  vertex 802.26 9.59942 966.449
 endloop
endfacet
facet normal -0.909328 0.345785 0.231421
 outer loop
  vertex 802.781 9.50369 968.974
  vertex 802.26 9.59942 966.449
  vertex 802.26 8.48937 968.176
 endloop
endfacet
facet normal -0.909328 0.29574 0.292679
 outer loop
  vertex 802.781 7.91752 970.637
  vertex 802.26 8.48937 968.176
  vertex 802.26 7.0725 969.662
 endloop
endfacet
facet normal -0.909328 0.235006 0.343359
 outer loop
  vertex 802.781 6.0452 971.971
  vertex 802.26 7.0725 969.662
  vertex 802.26 5.4 970.853
 endloop
endfacet
facet normal -0.909328 0.165778 0.38163
 outer loop
  vertex 802.781 3.95438 972.925
  vertex 802.26 5.4 970.853
  vertex 802.26 3.53233 971.706
 endloop
endfacet
facet normal -0.909328 0.0905579 0.406107
 outer loop
  vertex 802.781 1.72064 973.467
  vertex 802.26 3.53233 971.706
  vertex 802.26 1.537 972.19
 endloop
endfacet
facet normal -0.909328 0.0120652 0.415906
 outer loop
  vertex 802.781 -0.575284 973.577
  vertex 802.26 1.537 972.19
  vertex 802.26 -0.513885 972.288
 endloop
endfacet
facet normal -0.909328 -0.0668636 0.410673
 outer loop
  vertex 802.781 -2.85042 973.25
  vertex 802.26 -0.513885 972.288
  vertex 802.26 -2.5462 971.996
 endloop
endfacet
facet normal -0.909328 -0.143376 0.390598
 outer loop
  vertex 802.781 -5.02253 972.498
  vertex 802.26 -2.5462 971.996
  vertex 802.26 -4.48648 971.324
 endloop
endfacet
facet normal -0.909328 -0.214706 0.356405
 outer loop
  vertex 802.781 -7.01311 971.349
  vertex 802.26 -4.48648 971.324
  vertex 802.26 -6.26461 970.297
 endloop
endfacet
facet normal -0.909328 -0.278276 0.309331
 outer loop
  vertex 802.781 -8.75023 969.843
  vertex 802.26 -6.26461 970.297
  vertex 802.26 -7.81633 968.953
 endloop
endfacet
facet normal -0.909328 -0.331788 0.251077
 outer loop
  vertex 802.781 -10.1711 968.037
  vertex 802.26 -7.81633 968.953
  vertex 802.26 -9.08554 967.339
 endloop
endfacet
facet normal -0.909328 -0.373309 0.183748
 outer loop
  vertex 802.781 -11.2243 965.994
  vertex 802.26 -9.08554 967.339
  vertex 802.26 -10.0264 965.514
 endloop
endfacet
facet normal -0.909328 -0.401338 0.109779
 outer loop
  vertex 802.781 -11.8719 963.788
  vertex 802.26 -10.0264 965.514
  vertex 802.26 -10.6048 963.544
 endloop
endfacet
facet normal -0.944044 -0.32642 0.0472287
 outer loop
  vertex 802.781 -12.0904 961.5
  vertex 802.781 -11.8719 963.788
  vertex 802.26 -10.6048 963.544
 endloop
endfacet
facet normal -0.944044 -0.285484 0.165164
 outer loop
  vertex 802.781 -11.2243 965.994
  vertex 802.781 -10.1711 968.037
  vertex 802.26 -9.08554 967.339
 endloop
endfacet
facet normal -0.944044 -0.249068 0.216207
 outer loop
  vertex 802.781 -10.1711 968.037
  vertex 802.781 -8.75023 969.843
  vertex 802.26 -7.81633 968.953
 endloop
endfacet
facet normal -0.944044 -0.203649 0.259436
 outer loop
  vertex 802.781 -8.75023 969.843
  vertex 802.781 -7.01311 971.349
  vertex 802.26 -6.26461 970.297
 endloop
endfacet
facet normal -0.944044 -0.150871 0.293289
 outer loop
  vertex 802.781 -7.01311 971.349
  vertex 802.781 -5.02253 972.498
  vertex 802.26 -4.48648 971.324
 endloop
endfacet
facet normal -0.944044 -0.0926389 0.316541
 outer loop
  vertex 802.781 -5.02253 972.498
  vertex 802.781 -2.85042 973.25
  vertex 802.26 -2.5462 971.996
 endloop
endfacet
facet normal -0.944044 -0.0310589 0.328353
 outer loop
  vertex 802.781 -2.85042 973.25
  vertex 802.781 -0.575284 973.577
  vertex 802.26 -0.513885 972.288
 endloop
endfacet
facet normal -0.944044 0.0316436 0.328297
 outer loop
  vertex 802.781 -0.575284 973.577
  vertex 802.781 1.72064 973.467
  vertex 802.26 1.537 972.19
 endloop
endfacet
facet normal -0.944044 0.0932024 0.316376
 outer loop
  vertex 802.781 1.72064 973.467
  vertex 802.781 3.95438 972.925
  vertex 802.26 3.53233 971.706
 endloop
endfacet
facet normal -0.944044 0.151393 0.29302
 outer loop
  vertex 802.781 3.95438 972.925
  vertex 802.781 6.0452 971.971
  vertex 802.26 5.4 970.853
 endloop
endfacet
facet normal -0.944044 0.204111 0.259073
 outer loop
  vertex 802.781 6.0452 971.971
  vertex 802.781 7.91752 970.637
  vertex 802.26 7.0725 969.662
 endloop
endfacet
facet normal -0.944044 0.249453 0.215763
 outer loop
  vertex 802.781 7.91752 970.637
  vertex 802.781 9.50369 968.974
  vertex 802.26 8.48937 968.176
 endloop
endfacet
facet normal -0.944044 0.285778 0.164655
 outer loop
  vertex 802.781 9.50369 968.974
  vertex 802.781 10.7464 967.04
  vertex 802.26 9.59942 966.449
 endloop
endfacet
facet normal -0.944044 0.311775 0.107596
 outer loop
  vertex 802.781 10.7464 967.04
  vertex 802.781 11.6006 964.906
  vertex 802.26 10.3625 964.543
 endloop
endfacet
facet normal -0.944044 0.326503 0.0466474
 outer loop
  vertex 802.781 11.6006 964.906
  vertex 802.781 12.0356 962.649
  vertex 802.26 10.7511 962.527
 endloop
endfacet
facet normal -0.802703 0.596163 0.0160646
 outer loop
  vertex 802.26 10.8 961.5
  vertex 801.144 9.46978 961.5
  vertex 802.26 10.7511 962.527
 endloop
endfacet
facet normal -0.727374 0.685034 0.0406841
 outer loop
  vertex 802.26 10.7511 962.527
  vertex 801.144 9.46978 961.5
  vertex 801.144 9.4269 962.4
 endloop
endfacet
facet normal -0.728469 0.669468 0.145417
 outer loop
  vertex 802.26 10.3625 964.543
  vertex 801.144 9.4269 962.4
  vertex 801.144 9.08619 964.168
 endloop
endfacet
facet normal -0.728469 0.629849 0.269487
 outer loop
  vertex 802.26 9.59942 966.449
  vertex 801.144 9.08619 964.168
  vertex 801.144 8.41707 965.839
 endloop
endfacet
facet normal -0.728469 0.567466 0.383817
 outer loop
  vertex 802.26 8.48937 968.176
  vertex 801.144 8.41707 965.839
  vertex 801.144 7.44375 967.354
 endloop
endfacet
facet normal -0.728469 0.484574 0.484274
 outer loop
  vertex 802.26 7.0725 969.662
  vertex 801.144 7.44375 967.354
  vertex 801.144 6.20139 968.657
 endloop
endfacet
facet normal -0.728469 0.384167 0.567229
 outer loop
  vertex 802.26 5.4 970.853
  vertex 801.144 6.20139 968.657
  vertex 801.144 4.73489 969.701
 endloop
endfacet
facet normal -0.728469 0.269876 0.629683
 outer loop
  vertex 802.26 3.53233 971.706
  vertex 801.144 4.73489 969.701
  vertex 801.144 3.09726 970.449
 endloop
endfacet
facet normal -0.728469 0.145831 0.669378
 outer loop
  vertex 802.26 1.537 972.19
  vertex 801.144 3.09726 970.449
  vertex 801.144 1.34769 970.873
 endloop
endfacet
facet normal -0.728469 0.016515 0.68488
 outer loop
  vertex 802.26 -0.513885 972.288
  vertex 801.144 1.34769 970.873
  vertex 801.144 -0.45059 970.959
 endloop
endfacet
facet normal -0.728469 -0.113398 0.675629
 outer loop
  vertex 802.26 -2.5462 971.996
  vertex 801.144 -0.45059 970.959
  vertex 801.144 -2.23258 970.703
 endloop
endfacet
facet normal -0.728469 -0.239212 0.641959
 outer loop
  vertex 802.26 -4.48648 971.324
  vertex 801.144 -2.23258 970.703
  vertex 801.144 -3.93389 970.114
 endloop
endfacet
facet normal -0.728469 -0.356381 0.585086
 outer loop
  vertex 802.26 -6.26461 970.297
  vertex 801.144 -3.93389 970.114
  vertex 801.144 -5.49301 969.214
 endloop
endfacet
facet normal -0.728469 -0.460669 0.507068
 outer loop
  vertex 802.26 -7.81633 968.953
  vertex 801.144 -5.49301 969.214
  vertex 801.144 -6.8536 968.035
 endloop
endfacet
facet normal -0.728469 -0.548307 0.410722
 outer loop
  vertex 802.26 -9.08554 967.339
  vertex 801.144 -6.8536 968.035
  vertex 801.144 -7.96648 966.62
 endloop
endfacet
facet normal -0.728469 -0.616128 0.299532
 outer loop
  vertex 802.26 -10.0264 965.514
  vertex 801.144 -7.96648 966.62
  vertex 801.144 -8.79144 965.02
 endloop
endfacet
facet normal -0.80349 -0.563773 0.191215
 outer loop
  vertex 802.26 -10.6048 963.544
  vertex 802.26 -10.0264 965.514
  vertex 801.144 -8.79144 965.02
 endloop
endfacet
facet normal -0.550324 0.834588 0.024621
 outer loop
  vertex 801.144 9.46978 961.5
  vertex 799.64 8.60154 961.5
  vertex 801.144 9.4269 962.4
 endloop
endfacet
facet normal -0.448697 0.892 0.0548315
 outer loop
  vertex 801.144 9.4269 962.4
  vertex 799.64 8.60154 961.5
  vertex 799.64 8.56259 962.318
 endloop
endfacet
facet normal -0.449815 0.871975 0.1932
 outer loop
  vertex 801.144 9.08619 964.168
  vertex 799.64 8.56259 962.318
  vertex 799.64 8.25311 963.923
 endloop
endfacet
facet normal -0.449815 0.819654 0.354731
 outer loop
  vertex 801.144 8.41707 965.839
  vertex 799.64 8.25311 963.923
  vertex 799.64 7.64535 965.441
 endloop
endfacet
facet normal -0.449815 0.737708 0.503441
 outer loop
  vertex 801.144 7.44375 967.354
  vertex 799.64 7.64535 965.441
  vertex 799.64 6.76126 966.817
 endloop
endfacet
facet normal -0.449815 0.6291 0.633955
 outer loop
  vertex 801.144 6.20139 968.657
  vertex 799.64 6.76126 966.817
  vertex 799.64 5.63281 968.001
 endloop
endfacet
facet normal -0.449815 0.497755 0.741557
 outer loop
  vertex 801.144 4.73489 969.701
  vertex 799.64 5.63281 968.001
  vertex 799.64 4.30077 968.949
 endloop
endfacet
facet normal -0.449815 0.348419 0.822357
 outer loop
  vertex 801.144 3.09726 970.449
  vertex 799.64 4.30077 968.949
  vertex 799.64 2.81329 969.628
 endloop
endfacet
facet normal -0.449815 0.186491 0.873434
 outer loop
  vertex 801.144 1.34769 970.873
  vertex 799.64 2.81329 969.628
  vertex 799.64 1.22413 970.014
 endloop
endfacet
facet normal -0.449815 0.017822 0.892944
 outer loop
  vertex 801.144 -0.45059 970.959
  vertex 799.64 1.22413 970.014
  vertex 799.64 -0.409278 970.092
 endloop
endfacet
facet normal -0.449815 -0.151491 0.88018
 outer loop
  vertex 801.144 -2.23258 970.703
  vertex 799.64 -0.409278 970.092
  vertex 799.64 -2.02789 969.859
 endloop
endfacet
facet normal -0.449815 -0.315328 0.835604
 outer loop
  vertex 801.144 -3.93389 970.114
  vertex 799.64 -2.02789 969.859
  vertex 799.64 -3.57321 969.324
 endloop
endfacet
facet normal -0.449815 -0.467769 0.760828
 outer loop
  vertex 801.144 -5.49301 969.214
  vertex 799.64 -3.57321 969.324
  vertex 799.64 -4.98938 968.507
 endloop
endfacet
facet normal -0.449815 -0.603303 0.658552
 outer loop
  vertex 801.144 -6.8536 968.035
  vertex 799.64 -4.98938 968.507
  vertex 799.64 -6.22522 967.436
 endloop
endfacet
facet normal -0.449815 -0.717033 0.532476
 outer loop
  vertex 801.144 -7.96648 966.62
  vertex 799.64 -6.22522 967.436
  vertex 799.64 -7.23607 966.15
 endloop
endfacet
facet normal -0.551441 -0.727123 0.408907
 outer loop
  vertex 801.144 -8.79144 965.02
  vertex 801.144 -7.96648 966.62
  vertex 799.64 -7.23607 966.15
 endloop
endfacet
facet normal -0.23135 0.972401 0.0302102
 outer loop
  vertex 799.64 8.60154 961.5
  vertex 797.93 8.3 961.5
  vertex 799.64 8.56259 962.318
 endloop
endfacet
facet normal -0.115682 0.991327 0.062363
 outer loop
  vertex 799.64 8.56259 962.318
  vertex 797.93 8.3 961.5
  vertex 797.93 8.26242 962.289
 endloop
endfacet
facet normal -0.115682 0.985214 0.126374
 outer loop
  vertex 797.93 8.15001 963.071
  vertex 799.64 8.56259 962.318
  vertex 797.93 8.26242 962.289
 endloop
endfacet
facet normal -0.23178 0.955189 0.184098
 outer loop
  vertex 797.93 8.15001 963.071
  vertex 799.64 8.25311 963.923
  vertex 799.64 8.56259 962.318
 endloop
endfacet
facet normal -0.115682 0.96161 0.248846
 outer loop
  vertex 797.93 8.15001 963.071
  vertex 797.93 7.96379 963.838
  vertex 799.64 8.25311 963.923
 endloop
endfacet
facet normal -0.115682 0.943494 0.310543
 outer loop
  vertex 799.64 8.25311 963.923
  vertex 797.93 7.96379 963.838
  vertex 797.93 7.70545 964.585
 endloop
endfacet
facet normal -0.115682 0.897138 0.426335
 outer loop
  vertex 799.64 7.64535 965.441
  vertex 797.93 7.70545 964.585
  vertex 797.93 7.37733 965.303
 endloop
endfacet
facet normal -0.115682 0.867673 0.483489
 outer loop
  vertex 797.93 6.9824 965.987
  vertex 799.64 7.64535 965.441
  vertex 797.93 7.37733 965.303
 endloop
endfacet
facet normal -0.23178 0.818345 0.525918
 outer loop
  vertex 797.93 6.9824 965.987
  vertex 799.64 6.76126 966.817
  vertex 799.64 7.64535 965.441
 endloop
endfacet
facet normal -0.115682 0.800241 0.588415
 outer loop
  vertex 797.93 6.9824 965.987
  vertex 797.93 6.52424 966.631
  vertex 799.64 6.76126 966.817
 endloop
endfacet
facet normal -0.115682 0.760492 0.63896
 outer loop
  vertex 799.64 6.76126 966.817
  vertex 797.93 6.52424 966.631
  vertex 797.93 6.00699 967.228
 endloop
endfacet
facet normal -0.115682 0.674421 0.729228
 outer loop
  vertex 799.64 5.63281 968.001
  vertex 797.93 6.00699 967.228
  vertex 797.93 5.43534 967.773
 endloop
endfacet
facet normal -0.115682 0.625825 0.771337
 outer loop
  vertex 797.93 4.81447 968.261
  vertex 799.64 5.63281 968.001
  vertex 797.93 5.43534 967.773
 endloop
endfacet
facet normal -0.23178 0.564261 0.792394
 outer loop
  vertex 797.93 4.81447 968.261
  vertex 799.64 4.30077 968.949
  vertex 799.64 5.63281 968.001
 endloop
endfacet
facet normal -0.115682 0.524226 0.843685
 outer loop
  vertex 797.93 4.81447 968.261
  vertex 797.93 4.15 968.688
  vertex 799.64 4.30077 968.949
 endloop
endfacet
facet normal -0.115682 0.468539 0.875836
 outer loop
  vertex 799.64 4.30077 968.949
  vertex 797.93 4.15 968.688
  vertex 797.93 3.44794 969.05
 endloop
endfacet
facet normal -0.115682 0.355085 0.927649
 outer loop
  vertex 799.64 2.81329 969.628
  vertex 797.93 3.44794 969.05
  vertex 797.93 2.71466 969.344
 endloop
endfacet
facet normal -0.115682 0.294319 0.94868
 outer loop
  vertex 797.93 1.9568 969.566
  vertex 799.64 2.81329 969.628
  vertex 797.93 2.71466 969.344
 endloop
endfacet
facet normal -0.23178 0.229339 0.945347
 outer loop
  vertex 797.93 1.9568 969.566
  vertex 799.64 1.22413 970.014
  vertex 799.64 2.81329 969.628
 endloop
endfacet
facet normal -0.115682 0.173109 0.978085
 outer loop
  vertex 797.93 1.9568 969.566
  vertex 797.93 1.18121 969.716
  vertex 799.64 1.22413 970.014
 endloop
endfacet
facet normal -0.115682 0.109462 0.987236
 outer loop
  vertex 799.64 1.22413 970.014
  vertex 797.93 1.18121 969.716
  vertex 797.93 0.39493 969.791
 endloop
endfacet
facet normal -0.115682 -0.0151231 0.993171
 outer loop
  vertex 799.64 -0.409278 970.092
  vertex 797.93 0.39493 969.791
  vertex 797.93 -0.39493 969.791
 endloop
endfacet
facet normal -0.115682 -0.0793523 0.990112
 outer loop
  vertex 797.93 -1.18121 969.716
  vertex 799.64 -0.409278 970.092
  vertex 797.93 -0.39493 969.791
 endloop
endfacet
facet normal -0.23178 -0.138439 0.962867
 outer loop
  vertex 797.93 -1.18121 969.716
  vertex 799.64 -2.02789 969.859
  vertex 799.64 -0.409278 970.092
 endloop
endfacet
facet normal -0.115682 -0.202809 0.972361
 outer loop
  vertex 797.93 -1.18121 969.716
  vertex 797.93 -1.9568 969.566
  vertex 799.64 -2.02789 969.859
 endloop
endfacet
facet normal -0.115682 -0.265298 0.957201
 outer loop
  vertex 799.64 -2.02789 969.859
  vertex 797.93 -1.9568 969.566
  vertex 797.93 -2.71466 969.344
 endloop
endfacet
facet normal -0.115682 -0.383164 0.916408
 outer loop
  vertex 799.64 -3.57321 969.324
  vertex 797.93 -2.71466 969.344
  vertex 797.93 -3.44794 969.05
 endloop
endfacet
facet normal -0.115682 -0.441655 0.889696
 outer loop
  vertex 797.93 -4.15 968.688
  vertex 799.64 -3.57321 969.324
  vertex 797.93 -3.44794 969.05
 endloop
endfacet
facet normal -0.23178 -0.486384 0.842442
 outer loop
  vertex 797.93 -4.15 968.688
  vertex 799.64 -4.98938 968.507
  vertex 799.64 -3.57321 969.324
 endloop
endfacet
facet normal -0.115682 -0.549671 0.827333
 outer loop
  vertex 797.93 -4.15 968.688
  vertex 797.93 -4.81447 968.261
  vertex 799.64 -4.98938 968.507
 endloop
endfacet
facet normal -0.115682 -0.60205 0.790034
 outer loop
  vertex 799.64 -4.98938 968.507
  vertex 797.93 -4.81447 968.261
  vertex 797.93 -5.43534 967.773
 endloop
endfacet
facet normal -0.115682 -0.696312 0.708356
 outer loop
  vertex 799.64 -6.22522 967.436
  vertex 797.93 -5.43534 967.773
  vertex 797.93 -6.00699 967.228
 endloop
endfacet
facet normal -0.115682 -0.740685 0.661818
 outer loop
  vertex 797.93 -6.52424 966.631
  vertex 799.64 -6.22522 967.436
  vertex 797.93 -6.00699 967.228
 endloop
endfacet
facet normal -0.23178 -0.764647 0.601325
 outer loop
  vertex 797.93 -6.52424 966.631
  vertex 799.64 -7.23607 966.15
  vertex 799.64 -6.22522 967.436
 endloop
endfacet
facet normal -0.115682 -0.817786 0.563777
 outer loop
  vertex 797.93 -6.52424 966.631
  vertex 797.93 -6.9824 965.987
  vertex 799.64 -7.23607 966.15
 endloop
endfacet
facet normal -0.449815 -0.891084 0.0602898
 outer loop
  vertex 799.64 -8.60154 961.5
  vertex 801.144 -9.46978 961.5
  vertex 799.64 -8.4461 963.128
 endloop
endfacet
facet normal -0.551441 -0.827013 0.109371
 outer loop
  vertex 799.64 -8.4461 963.128
  vertex 801.144 -9.46978 961.5
  vertex 801.144 -9.29865 963.292
 endloop
endfacet
facet normal -0.551441 -0.791369 0.263908
 outer loop
  vertex 799.64 -7.98539 964.697
  vertex 801.144 -9.29865 963.292
  vertex 801.144 -8.79144 965.02
 endloop
endfacet
facet normal -0.449815 -0.863571 0.227839
 outer loop
  vertex 799.64 -7.98539 964.697
  vertex 799.64 -8.4461 963.128
  vertex 801.144 -9.29865 963.292
 endloop
endfacet
facet normal -0.23178 -0.933364 0.27406
 outer loop
  vertex 799.64 -7.98539 964.697
  vertex 797.93 -7.96379 963.838
  vertex 799.64 -8.4461 963.128
 endloop
endfacet
facet normal -0.728469 -0.683318 0.0490842
 outer loop
  vertex 801.144 -9.46978 961.5
  vertex 802.26 -10.8 961.5
  vertex 801.144 -9.29865 963.292
 endloop
endfacet
facet normal -0.80349 -0.589773 0.0810651
 outer loop
  vertex 801.144 -9.29865 963.292
  vertex 802.26 -10.8 961.5
  vertex 802.26 -10.6048 963.544
 endloop
endfacet
facet normal -0.944044 -0.311583 0.108151
 outer loop
  vertex 802.781 -11.2243 965.994
  vertex 802.26 -10.0264 965.514
  vertex 802.781 -11.8719 963.788
 endloop
endfacet
facet normal -0.80349 -0.517398 0.294455
 outer loop
  vertex 802.26 -9.08554 967.339
  vertex 801.144 -7.96648 966.62
  vertex 802.26 -10.0264 965.514
 endloop
endfacet
facet normal -0.80349 -0.452322 0.387052
 outer loop
  vertex 802.26 -7.81633 968.953
  vertex 801.144 -6.8536 968.035
  vertex 802.26 -9.08554 967.339
 endloop
endfacet
facet normal -0.551441 -0.636597 0.539126
 outer loop
  vertex 801.144 -6.8536 968.035
  vertex 799.64 -6.22522 967.436
  vertex 801.144 -7.96648 966.62
 endloop
endfacet
facet normal -0.80349 -0.370898 0.46566
 outer loop
  vertex 802.26 -6.26461 970.297
  vertex 801.144 -5.49301 969.214
  vertex 802.26 -7.81633 968.953
 endloop
endfacet
facet normal -0.551441 -0.523063 0.64986
 outer loop
  vertex 801.144 -5.49301 969.214
  vertex 799.64 -4.98938 968.507
  vertex 801.144 -6.8536 968.035
 endloop
endfacet
facet normal -0.23178 -0.637028 0.735169
 outer loop
  vertex 799.64 -6.22522 967.436
  vertex 799.64 -4.98938 968.507
  vertex 797.93 -5.43534 967.773
 endloop
endfacet
facet normal -0.80349 -0.276068 0.527437
 outer loop
  vertex 802.26 -4.48648 971.324
  vertex 801.144 -3.93389 970.114
  vertex 802.26 -6.26461 970.297
 endloop
endfacet
facet normal -0.551441 -0.390624 0.737107
 outer loop
  vertex 801.144 -3.93389 970.114
  vertex 799.64 -3.57321 969.324
  vertex 801.144 -5.49301 969.214
 endloop
endfacet
facet normal -0.80349 -0.171261 0.570152
 outer loop
  vertex 802.26 -2.5462 971.996
  vertex 801.144 -2.23258 970.703
  vertex 802.26 -4.48648 971.324
 endloop
endfacet
facet normal -0.551441 -0.244066 0.797712
 outer loop
  vertex 801.144 -2.23258 970.703
  vertex 799.64 -2.02789 969.859
  vertex 801.144 -3.93389 970.114
 endloop
endfacet
facet normal -0.23178 -0.318161 0.919267
 outer loop
  vertex 799.64 -3.57321 969.324
  vertex 799.64 -2.02789 969.859
  vertex 797.93 -2.71466 969.344
 endloop
endfacet
facet normal -0.80349 -0.0602643 0.59226
 outer loop
  vertex 802.26 -0.513885 972.288
  vertex 801.144 -0.45059 970.959
  vertex 802.26 -2.5462 971.996
 endloop
endfacet
facet normal -0.551441 -0.0886875 0.829486
 outer loop
  vertex 801.144 -0.45059 970.959
  vertex 799.64 -0.409278 970.092
  vertex 801.144 -2.23258 970.703
 endloop
endfacet
facet normal -0.80349 0.0529108 0.592962
 outer loop
  vertex 802.26 1.537 972.19
  vertex 801.144 1.34769 970.873
  vertex 802.26 -0.513885 972.288
 endloop
endfacet
facet normal -0.551441 0.0698965 0.831281
 outer loop
  vertex 801.144 1.34769 970.873
  vertex 799.64 1.22413 970.014
  vertex 801.144 -0.45059 970.959
 endloop
endfacet
facet normal -0.23178 0.0462862 0.971666
 outer loop
  vertex 799.64 -0.409278 970.092
  vertex 799.64 1.22413 970.014
  vertex 797.93 0.39493 969.791
 endloop
endfacet
facet normal -0.80349 0.164173 0.572233
 outer loop
  vertex 802.26 3.53233 971.706
  vertex 801.144 3.09726 970.449
  vertex 802.26 1.537 972.19
 endloop
endfacet
facet normal -0.551441 0.225954 0.80303
 outer loop
  vertex 801.144 3.09726 970.449
  vertex 799.64 2.81329 969.628
  vertex 801.144 1.34769 970.873
 endloop
endfacet
facet normal -0.80349 0.269503 0.530822
 outer loop
  vertex 802.26 5.4 970.853
  vertex 801.144 4.73489 969.701
  vertex 802.26 3.53233 971.706
 endloop
endfacet
facet normal -0.551441 0.373845 0.745756
 outer loop
  vertex 801.144 4.73489 969.701
  vertex 799.64 4.30077 968.949
  vertex 801.144 3.09726 970.449
 endloop
endfacet
facet normal -0.23178 0.404102 0.884861
 outer loop
  vertex 799.64 2.81329 969.628
  vertex 799.64 4.30077 968.949
  vertex 797.93 3.44794 969.05
 endloop
endfacet
facet normal -0.80349 0.365091 0.470226
 outer loop
  vertex 802.26 7.0725 969.662
  vertex 801.144 6.20139 968.657
  vertex 802.26 5.4 970.853
 endloop
endfacet
facet normal -0.551441 0.508225 0.661529
 outer loop
  vertex 801.144 6.20139 968.657
  vertex 799.64 5.63281 968.001
  vertex 801.144 4.73489 969.701
 endloop
endfacet
facet normal -0.80349 0.447484 0.392634
 outer loop
  vertex 802.26 8.48937 968.176
  vertex 801.144 7.44375 967.354
  vertex 802.26 7.0725 969.662
 endloop
endfacet
facet normal -0.551441 0.624236 0.553392
 outer loop
  vertex 801.144 7.44375 967.354
  vertex 799.64 6.76126 966.817
  vertex 801.144 6.20139 968.657
 endloop
endfacet
facet normal -0.23178 0.704025 0.671287
 outer loop
  vertex 799.64 5.63281 968.001
  vertex 799.64 6.76126 966.817
  vertex 797.93 6.00699 967.228
 endloop
endfacet
facet normal -0.80349 0.513704 0.300852
 outer loop
  vertex 802.26 9.59942 966.449
  vertex 801.144 8.41707 965.839
  vertex 802.26 8.48937 968.176
 endloop
endfacet
facet normal -0.551441 0.717685 0.425254
 outer loop
  vertex 801.144 8.41707 965.839
  vertex 799.64 7.64535 965.441
  vertex 801.144 7.44375 967.354
 endloop
endfacet
facet normal -0.80349 0.561357 0.198196
 outer loop
  vertex 802.26 10.3625 964.543
  vertex 801.144 9.08619 964.168
  vertex 802.26 9.59942 966.449
 endloop
endfacet
facet normal -0.551441 0.785196 0.281746
 outer loop
  vertex 801.144 9.08619 964.168
  vertex 799.64 8.25311 963.923
  vertex 801.144 8.41707 965.839
 endloop
endfacet
facet normal -0.23178 0.903087 0.361541
 outer loop
  vertex 799.64 7.64535 965.441
  vertex 799.64 8.25311 963.923
  vertex 797.93 7.70545 964.585
 endloop
endfacet
facet normal -0.80349 0.588722 0.0883769
 outer loop
  vertex 802.26 10.7511 962.527
  vertex 801.144 9.4269 962.4
  vertex 802.26 10.3625 964.543
 endloop
endfacet
facet normal -0.551441 0.824327 0.128056
 outer loop
  vertex 801.144 9.4269 962.4
  vertex 799.64 8.56259 962.318
  vertex 801.144 9.08619 964.168
 endloop
endfacet
facet normal -0.908811 0.416902 -0.0159839
 outer loop
  vertex 802.26 10.8 961.5
  vertex 802.781 12.0904 961.5
  vertex 802.26 10.7511 960.473
 endloop
endfacet
facet normal -0.728469 0.675559 -0.113816
 outer loop
  vertex 801.144 9.4269 960.6
  vertex 802.26 10.7511 960.473
  vertex 801.144 9.08619 958.832
 endloop
endfacet
facet normal -0.449815 0.838004 -0.308895
 outer loop
  vertex 799.64 8.25311 959.077
  vertex 801.144 9.08619 958.832
  vertex 799.64 7.64535 957.559
 endloop
endfacet
facet normal -0.115682 0.897138 -0.426335
 outer loop
  vertex 797.93 7.70545 958.415
  vertex 799.64 7.64535 957.559
  vertex 797.93 7.37733 957.697
 endloop
endfacet
facet normal -0.23178 0.903087 -0.361541
 outer loop
  vertex 797.93 7.70545 958.415
  vertex 799.64 8.25311 959.077
  vertex 799.64 7.64535 957.559
 endloop
endfacet
facet normal -0.115682 0.943494 -0.310543
 outer loop
  vertex 797.93 7.70545 958.415
  vertex 797.93 7.96379 959.162
  vertex 799.64 8.25311 959.077
 endloop
endfacet
facet normal -0.115682 0.96161 -0.248846
 outer loop
  vertex 799.64 8.25311 959.077
  vertex 797.93 7.96379 959.162
  vertex 797.93 8.15001 959.929
 endloop
endfacet
facet normal -0.115682 0.985214 -0.126374
 outer loop
  vertex 799.64 8.56259 960.682
  vertex 797.93 8.15001 959.929
  vertex 797.93 8.26242 960.711
 endloop
endfacet
facet normal -0.115682 0.992766 -0.032151
 outer loop
  vertex 799.64 8.60154 961.5
  vertex 797.93 8.26242 960.711
  vertex 797.93 8.3 961.5
 endloop
endfacet
facet normal -0.23135 0.97087 -0.0623592
 outer loop
  vertex 799.64 8.60154 961.5
  vertex 799.64 8.56259 960.682
  vertex 797.93 8.26242 960.711
 endloop
endfacet
facet normal -0.448697 0.893173 -0.0302068
 outer loop
  vertex 799.64 8.60154 961.5
  vertex 801.144 9.46978 961.5
  vertex 799.64 8.56259 960.682
 endloop
endfacet
facet normal -0.550324 0.833149 -0.0548231
 outer loop
  vertex 799.64 8.56259 960.682
  vertex 801.144 9.46978 961.5
  vertex 801.144 9.4269 960.6
 endloop
endfacet
facet normal -0.551441 0.812872 -0.187489
 outer loop
  vertex 799.64 8.25311 959.077
  vertex 801.144 9.4269 960.6
  vertex 801.144 9.08619 958.832
 endloop
endfacet
facet normal -0.449815 0.881319 -0.14472
 outer loop
  vertex 799.64 8.25311 959.077
  vertex 799.64 8.56259 960.682
  vertex 801.144 9.4269 960.6
 endloop
endfacet
facet normal -0.23178 0.955189 -0.184098
 outer loop
  vertex 799.64 8.25311 959.077
  vertex 797.93 8.15001 959.929
  vertex 799.64 8.56259 960.682
 endloop
endfacet
facet normal -0.943785 0.329709 -0.0237153
 outer loop
  vertex 802.781 12.0904 961.5
  vertex 802.781 12.0356 960.351
  vertex 802.26 10.7511 960.473
 endloop
endfacet
facet normal -0.943785 0.328239 -0.0391111
 outer loop
  vertex 802.26 10.7511 960.473
  vertex 802.781 12.0356 960.351
  vertex 802.781 11.8719 959.212
 endloop
endfacet
facet normal -0.943785 0.319262 -0.0856845
 outer loop
  vertex 802.26 10.3625 958.457
  vertex 802.781 11.8719 959.212
  vertex 802.781 11.6006 958.094
 endloop
endfacet
facet normal -0.943785 0.314905 -0.100524
 outer loop
  vertex 802.781 11.2243 957.006
  vertex 802.26 10.3625 958.457
  vertex 802.781 11.6006 958.094
 endloop
endfacet
facet normal -0.909215 0.386504 -0.154733
 outer loop
  vertex 802.781 11.2243 957.006
  vertex 802.26 9.59942 956.551
  vertex 802.26 10.3625 958.457
 endloop
endfacet
facet normal -0.943785 0.297277 -0.144557
 outer loop
  vertex 802.781 11.2243 957.006
  vertex 802.781 10.7464 955.96
  vertex 802.26 9.59942 956.551
 endloop
endfacet
facet normal -0.943785 0.29019 -0.158303
 outer loop
  vertex 802.26 9.59942 956.551
  vertex 802.781 10.7464 955.96
  vertex 802.781 10.1711 954.963
 endloop
endfacet
facet normal -0.943785 0.264547 -0.198205
 outer loop
  vertex 802.26 8.48937 954.824
  vertex 802.781 10.1711 954.963
  vertex 802.781 9.50369 954.026
 endloop
endfacet
facet normal -0.943785 0.254987 -0.210362
 outer loop
  vertex 802.781 8.75023 953.157
  vertex 802.26 8.48937 954.824
  vertex 802.781 9.50369 954.026
 endloop
endfacet
facet normal -0.909215 0.301309 -0.287298
 outer loop
  vertex 802.781 8.75023 953.157
  vertex 802.26 7.0725 953.338
  vertex 802.26 8.48937 954.824
 endloop
endfacet
facet normal -0.943785 0.222256 -0.244689
 outer loop
  vertex 802.781 8.75023 953.157
  vertex 802.781 7.91752 952.363
  vertex 802.26 7.0725 953.338
 endloop
endfacet
facet normal -0.943785 0.210568 -0.254817
 outer loop
  vertex 802.26 7.0725 953.338
  vertex 802.781 7.91752 952.363
  vertex 802.781 7.01311 951.651
 endloop
endfacet
facet normal -0.943785 0.171932 -0.282329
 outer loop
  vertex 802.26 5.4 952.147
  vertex 802.781 7.01311 951.651
  vertex 802.781 6.0452 951.029
 endloop
endfacet
facet normal -0.943785 0.158538 -0.290062
 outer loop
  vertex 802.781 5.02253 950.502
  vertex 802.26 5.4 952.147
  vertex 802.781 6.0452 951.029
 endloop
endfacet
facet normal -0.909215 0.172948 -0.378704
 outer loop
  vertex 802.781 5.02253 950.502
  vertex 802.26 3.53233 951.294
  vertex 802.26 5.4 952.147
 endloop
endfacet
facet normal -0.943785 0.115394 -0.309765
 outer loop
  vertex 802.781 5.02253 950.502
  vertex 802.781 3.95438 950.075
  vertex 802.26 3.53233 951.294
 endloop
endfacet
facet normal -0.943785 0.100779 -0.314824
 outer loop
  vertex 802.26 3.53233 951.294
  vertex 802.781 3.95438 950.075
  vertex 802.781 2.85042 949.75
 endloop
endfacet
facet normal -0.943785 0.054685 -0.326006
 outer loop
  vertex 802.26 1.537 950.81
  vertex 802.781 2.85042 949.75
  vertex 802.781 1.72064 949.533
 endloop
endfacet
facet normal -0.943785 0.0393766 -0.328207
 outer loop
  vertex 802.781 0.575284 949.423
  vertex 802.26 1.537 950.81
  vertex 802.781 1.72064 949.533
 endloop
endfacet
facet normal -0.909215 0.0198096 -0.415855
 outer loop
  vertex 802.781 0.575284 949.423
  vertex 802.26 -0.513885 950.712
  vertex 802.26 1.537 950.81
 endloop
endfacet
facet normal -0.943785 -0.00800022 -0.330464
 outer loop
  vertex 802.781 0.575284 949.423
  vertex 802.781 -0.575284 949.423
  vertex 802.26 -0.513885 950.712
 endloop
endfacet
facet normal -0.943785 -0.0234486 -0.329728
 outer loop
  vertex 802.26 -0.513885 950.712
  vertex 802.781 -0.575284 949.423
  vertex 802.781 -1.72064 949.533
 endloop
endfacet
facet normal -0.943785 -0.0703963 -0.322978
 outer loop
  vertex 802.26 -2.5462 951.004
  vertex 802.781 -1.72064 949.533
  vertex 802.781 -2.85042 949.75
 endloop
endfacet
facet normal -0.943785 -0.0854262 -0.319332
 outer loop
  vertex 802.781 -3.95438 950.075
  vertex 802.26 -2.5462 951.004
  vertex 802.781 -2.85042 949.75
 endloop
endfacet
facet normal -0.909215 -0.136167 -0.393429
 outer loop
  vertex 802.781 -3.95438 950.075
  vertex 802.26 -4.48648 951.676
  vertex 802.26 -2.5462 951.004
 endloop
endfacet
facet normal -0.943785 -0.130248 -0.303819
 outer loop
  vertex 802.781 -3.95438 950.075
  vertex 802.781 -5.02253 950.502
  vertex 802.26 -4.48648 951.676
 endloop
endfacet
facet normal -0.943785 -0.144316 -0.297394
 outer loop
  vertex 802.26 -4.48648 951.676
  vertex 802.781 -5.02253 950.502
  vertex 802.781 -6.0452 951.029
 endloop
endfacet
facet normal -0.943785 -0.185392 -0.273679
 outer loop
  vertex 802.26 -6.26461 952.703
  vertex 802.781 -6.0452 951.029
  vertex 802.781 -7.01311 951.651
 endloop
endfacet
facet normal -0.943785 -0.197991 -0.264707
 outer loop
  vertex 802.781 -7.91752 952.363
  vertex 802.26 -6.26461 952.703
  vertex 802.781 -7.01311 951.651
 endloop
endfacet
facet normal -0.909215 -0.272636 -0.314638
 outer loop
  vertex 802.781 -7.91752 952.363
  vertex 802.26 -7.81633 954.047
  vertex 802.26 -6.26461 952.703
 endloop
endfacet
facet normal -0.943785 -0.233836 -0.233647
 outer loop
  vertex 802.781 -7.91752 952.363
  vertex 802.781 -8.75023 953.157
  vertex 802.26 -7.81633 954.047
 endloop
endfacet
facet normal -0.943785 -0.244509 -0.222454
 outer loop
  vertex 802.26 -7.81633 954.047
  vertex 802.781 -8.75023 953.157
  vertex 802.781 -9.50369 954.026
 endloop
endfacet
facet normal -0.943785 -0.273828 -0.185171
 outer loop
  vertex 802.26 -9.08554 955.661
  vertex 802.781 -9.50369 954.026
  vertex 802.781 -10.1711 954.963
 endloop
endfacet
facet normal -0.943785 -0.28219 -0.17216
 outer loop
  vertex 802.781 -10.7464 955.96
  vertex 802.26 -9.08554 955.661
  vertex 802.781 -10.1711 954.963
 endloop
endfacet
facet normal -0.909215 -0.370045 -0.190772
 outer loop
  vertex 802.781 -10.7464 955.96
  vertex 802.26 -10.0264 957.486
  vertex 802.26 -9.08554 955.661
 endloop
endfacet
facet normal -0.943785 -0.303924 -0.130002
 outer loop
  vertex 802.781 -10.7464 955.96
  vertex 802.781 -11.2243 957.006
  vertex 802.26 -10.0264 957.486
 endloop
endfacet
facet normal -0.943785 -0.309672 -0.115644
 outer loop
  vertex 802.26 -10.0264 957.486
  vertex 802.781 -11.2243 957.006
  vertex 802.781 -11.6006 958.094
 endloop
endfacet
facet normal -0.943928 -0.324186 -0.0624816
 outer loop
  vertex 802.26 -10.6048 959.456
  vertex 802.781 -11.6006 958.094
  vertex 802.781 -12.0356 960.351
 endloop
endfacet
facet normal -0.943785 -0.33047 -0.00773294
 outer loop
  vertex 802.26 -10.8 961.5
  vertex 802.781 -12.0356 960.351
  vertex 802.781 -12.0904 961.5
 endloop
endfacet
facet normal -0.909215 -0.414441 -0.0395743
 outer loop
  vertex 802.26 -10.8 961.5
  vertex 802.26 -10.6048 959.456
  vertex 802.781 -12.0356 960.351
 endloop
endfacet
facet normal -0.80349 -0.594457 -0.0320151
 outer loop
  vertex 802.26 -10.8 961.5
  vertex 801.144 -9.46978 961.5
  vertex 802.26 -10.6048 959.456
 endloop
endfacet
facet normal -0.728469 -0.680259 -0.0811217
 outer loop
  vertex 802.26 -10.6048 959.456
  vertex 801.144 -9.46978 961.5
  vertex 801.144 -9.29865 959.708
 endloop
endfacet
facet normal -0.728469 -0.652614 -0.208396
 outer loop
  vertex 802.26 -10.0264 957.486
  vertex 801.144 -9.29865 959.708
  vertex 801.144 -8.79144 957.98
 endloop
endfacet
facet normal -0.728469 -0.601381 -0.328138
 outer loop
  vertex 802.26 -9.08554 955.661
  vertex 801.144 -8.79144 957.98
  vertex 801.144 -7.96648 956.38
 endloop
endfacet
facet normal -0.728469 -0.528413 -0.43602
 outer loop
  vertex 802.26 -7.81633 954.047
  vertex 801.144 -7.96648 956.38
  vertex 801.144 -6.8536 954.965
 endloop
endfacet
facet normal -0.728469 -0.436346 -0.528143
 outer loop
  vertex 802.26 -6.26461 952.703
  vertex 801.144 -6.8536 954.965
  vertex 801.144 -5.49301 953.786
 endloop
endfacet
facet normal -0.728469 -0.328509 -0.601178
 outer loop
  vertex 802.26 -4.48648 951.676
  vertex 801.144 -5.49301 953.786
  vertex 801.144 -3.93389 952.886
 endloop
endfacet
facet normal -0.728469 -0.208799 -0.652485
 outer loop
  vertex 802.26 -2.5462 951.004
  vertex 801.144 -3.93389 952.886
  vertex 801.144 -2.23258 952.297
 endloop
endfacet
facet normal -0.728469 -0.0815422 -0.680209
 outer loop
  vertex 802.26 -0.513885 950.712
  vertex 801.144 -2.23258 952.297
  vertex 801.144 -0.45059 952.041
 endloop
endfacet
facet normal -0.728469 0.0486617 -0.683349
 outer loop
  vertex 802.26 1.537 950.81
  vertex 801.144 -0.45059 952.041
  vertex 801.144 1.34769 952.127
 endloop
endfacet
facet normal -0.728469 0.177107 -0.66179
 outer loop
  vertex 802.26 3.53233 951.294
  vertex 801.144 1.34769 952.127
  vertex 801.144 3.09726 952.551
 endloop
endfacet
facet normal -0.728469 0.299151 -0.616313
 outer loop
  vertex 802.26 5.4 952.147
  vertex 801.144 3.09726 952.551
  vertex 801.144 4.73489 953.299
 endloop
endfacet
facet normal -0.728469 0.410383 -0.548561
 outer loop
  vertex 802.26 7.0725 953.338
  vertex 801.144 4.73489 953.299
  vertex 801.144 6.20139 954.343
 endloop
endfacet
facet normal -0.728469 0.506783 -0.460982
 outer loop
  vertex 802.26 8.48937 954.824
  vertex 801.144 6.20139 954.343
  vertex 801.144 7.44375 955.646
 endloop
endfacet
facet normal -0.728469 0.584866 -0.356742
 outer loop
  vertex 802.26 9.59942 956.551
  vertex 801.144 7.44375 955.646
  vertex 801.144 8.41707 957.161
 endloop
endfacet
facet normal -0.728469 0.641811 -0.239609
 outer loop
  vertex 802.26 10.3625 958.457
  vertex 801.144 8.41707 957.161
  vertex 801.144 9.08619 958.832
 endloop
endfacet
facet normal -0.80349 0.579397 -0.13676
 outer loop
  vertex 802.26 10.7511 960.473
  vertex 802.26 10.3625 958.457
  vertex 801.144 9.08619 958.832
 endloop
endfacet
facet normal -0.909215 0.408803 -0.0787902
 outer loop
  vertex 802.26 10.7511 960.473
  vertex 802.781 11.8719 959.212
  vertex 802.26 10.3625 958.457
 endloop
endfacet
facet normal -0.551441 -0.832767 -0.0491185
 outer loop
  vertex 801.144 -9.46978 961.5
  vertex 799.64 -8.60154 961.5
  vertex 801.144 -9.29865 959.708
 endloop
endfacet
facet normal -0.449815 -0.886391 -0.109439
 outer loop
  vertex 801.144 -9.29865 959.708
  vertex 799.64 -8.60154 961.5
  vertex 799.64 -8.4461 959.872
 endloop
endfacet
facet normal -0.449815 -0.849662 -0.275211
 outer loop
  vertex 801.144 -8.79144 957.98
  vertex 799.64 -8.4461 959.872
  vertex 799.64 -7.98539 958.303
 endloop
endfacet
facet normal -0.449815 -0.782223 -0.431038
 outer loop
  vertex 801.144 -7.96648 956.38
  vertex 799.64 -7.98539 958.303
  vertex 799.64 -7.23607 956.85
 endloop
endfacet
facet normal -0.449815 -0.686513 -0.571285
 outer loop
  vertex 801.144 -6.8536 954.965
  vertex 799.64 -7.23607 956.85
  vertex 799.64 -6.22522 955.564
 endloop
endfacet
facet normal -0.449815 -0.56599 -0.690884
 outer loop
  vertex 801.144 -5.49301 953.786
  vertex 799.64 -6.22522 955.564
  vertex 799.64 -4.98938 954.493
 endloop
endfacet
facet normal -0.449815 -0.425011 -0.785514
 outer loop
  vertex 801.144 -3.93389 952.886
  vertex 799.64 -4.98938 954.493
  vertex 799.64 -3.57321 953.676
 endloop
endfacet
facet normal -0.449815 -0.268671 -0.851752
 outer loop
  vertex 801.144 -2.23258 952.297
  vertex 799.64 -3.57321 953.676
  vertex 799.64 -2.02789 953.141
 endloop
endfacet
facet normal -0.449815 -0.102621 -0.887206
 outer loop
  vertex 801.144 -0.45059 952.041
  vertex 799.64 -2.02789 953.141
  vertex 799.64 -0.409278 952.908
 endloop
endfacet
facet normal -0.449815 0.0671384 -0.890595
 outer loop
  vertex 801.144 1.34769 952.127
  vertex 799.64 -0.409278 952.908
  vertex 799.64 1.22413 952.986
 endloop
endfacet
facet normal -0.449815 0.234471 -0.861794
 outer loop
  vertex 801.144 3.09726 952.551
  vertex 799.64 1.22413 952.986
  vertex 799.64 2.81329 953.372
 endloop
endfacet
facet normal -0.449815 0.39333 -0.801847
 outer loop
  vertex 801.144 4.73489 953.299
  vertex 799.64 2.81329 953.372
  vertex 799.64 4.30077 954.051
 endloop
endfacet
facet normal -0.449815 0.537972 -0.712918
 outer loop
  vertex 801.144 6.20139 954.343
  vertex 799.64 4.30077 954.051
  vertex 799.64 5.63281 954.999
 endloop
endfacet
facet normal -0.449815 0.663171 -0.598223
 outer loop
  vertex 801.144 7.44375 955.646
  vertex 799.64 5.63281 954.999
  vertex 799.64 6.76126 956.183
 endloop
endfacet
facet normal -0.449815 0.764401 -0.461906
 outer loop
  vertex 801.144 8.41707 957.161
  vertex 799.64 6.76126 956.183
  vertex 799.64 7.64535 957.559
 endloop
endfacet
facet normal -0.551441 0.7627 -0.337938
 outer loop
  vertex 801.144 9.08619 958.832
  vertex 801.144 8.41707 957.161
  vertex 799.64 7.64535 957.559
 endloop
endfacet
facet normal -0.115682 -0.992766 -0.032151
 outer loop
  vertex 797.93 -8.3 961.5
  vertex 797.93 -8.26242 960.711
  vertex 799.64 -8.60154 961.5
 endloop
endfacet
facet normal -0.23178 -0.968363 -0.0924675
 outer loop
  vertex 799.64 -8.60154 961.5
  vertex 797.93 -8.26242 960.711
  vertex 799.64 -8.4461 959.872
 endloop
endfacet
facet normal -0.115682 -0.98091 -0.156312
 outer loop
  vertex 799.64 -8.4461 959.872
  vertex 797.93 -8.26242 960.711
  vertex 797.93 -8.15001 959.929
 endloop
endfacet
facet normal -0.115682 -0.968741 -0.219452
 outer loop
  vertex 797.93 -7.96379 959.162
  vertex 799.64 -8.4461 959.872
  vertex 797.93 -8.15001 959.929
 endloop
endfacet
facet normal -0.23178 -0.933364 -0.27406
 outer loop
  vertex 797.93 -7.96379 959.162
  vertex 799.64 -7.98539 958.303
  vertex 799.64 -8.4461 959.872
 endloop
endfacet
facet normal -0.115682 -0.933601 -0.339126
 outer loop
  vertex 797.93 -7.96379 959.162
  vertex 797.93 -7.70545 958.415
  vertex 799.64 -7.98539 958.303
 endloop
endfacet
facet normal -0.115682 -0.909703 -0.398822
 outer loop
  vertex 799.64 -7.98539 958.303
  vertex 797.93 -7.70545 958.415
  vertex 797.93 -7.37733 957.697
 endloop
endfacet
facet normal -0.115682 -0.85255 -0.509683
 outer loop
  vertex 799.64 -7.23607 956.85
  vertex 797.93 -7.37733 957.697
  vertex 797.93 -6.9824 957.013
 endloop
endfacet
facet normal -0.115682 -0.817786 -0.563777
 outer loop
  vertex 797.93 -6.52424 956.369
  vertex 799.64 -7.23607 956.85
  vertex 797.93 -6.9824 957.013
 endloop
endfacet
facet normal -0.23178 -0.764647 -0.601325
 outer loop
  vertex 797.93 -6.52424 956.369
  vertex 799.64 -6.22522 955.564
  vertex 799.64 -7.23607 956.85
 endloop
endfacet
facet normal -0.115682 -0.740685 -0.661818
 outer loop
  vertex 797.93 -6.52424 956.369
  vertex 797.93 -6.00699 955.772
  vertex 799.64 -6.22522 955.564
 endloop
endfacet
facet normal -0.115682 -0.696312 -0.708356
 outer loop
  vertex 799.64 -6.22522 955.564
  vertex 797.93 -6.00699 955.772
  vertex 797.93 -5.43534 955.227
 endloop
endfacet
facet normal -0.115682 -0.60205 -0.790034
 outer loop
  vertex 799.64 -4.98938 954.493
  vertex 797.93 -5.43534 955.227
  vertex 797.93 -4.81447 954.739
 endloop
endfacet
facet normal -0.115682 -0.549671 -0.827333
 outer loop
  vertex 797.93 -4.15 954.312
  vertex 799.64 -4.98938 954.493
  vertex 797.93 -4.81447 954.739
 endloop
endfacet
facet normal -0.23178 -0.486384 -0.842442
 outer loop
  vertex 797.93 -4.15 954.312
  vertex 799.64 -3.57321 953.676
  vertex 799.64 -4.98938 954.493
 endloop
endfacet
facet normal -0.115682 -0.441655 -0.889696
 outer loop
  vertex 797.93 -4.15 954.312
  vertex 797.93 -3.44794 953.95
  vertex 799.64 -3.57321 953.676
 endloop
endfacet
facet normal -0.115682 -0.383164 -0.916408
 outer loop
  vertex 799.64 -3.57321 953.676
  vertex 797.93 -3.44794 953.95
  vertex 797.93 -2.71466 953.656
 endloop
endfacet
facet normal -0.115682 -0.265298 -0.957201
 outer loop
  vertex 799.64 -2.02789 953.141
  vertex 797.93 -2.71466 953.656
  vertex 797.93 -1.9568 953.434
 endloop
endfacet
facet normal -0.115682 -0.202809 -0.972361
 outer loop
  vertex 797.93 -1.18121 953.284
  vertex 799.64 -2.02789 953.141
  vertex 797.93 -1.9568 953.434
 endloop
endfacet
facet normal -0.23178 -0.138439 -0.962867
 outer loop
  vertex 797.93 -1.18121 953.284
  vertex 799.64 -0.409278 952.908
  vertex 799.64 -2.02789 953.141
 endloop
endfacet
facet normal -0.115682 -0.0793523 -0.990112
 outer loop
  vertex 797.93 -1.18121 953.284
  vertex 797.93 -0.39493 953.209
  vertex 799.64 -0.409278 952.908
 endloop
endfacet
facet normal -0.115682 -0.0151231 -0.993171
 outer loop
  vertex 799.64 -0.409278 952.908
  vertex 797.93 -0.39493 953.209
  vertex 797.93 0.39493 953.209
 endloop
endfacet
facet normal -0.115682 0.109462 -0.987236
 outer loop
  vertex 799.64 1.22413 952.986
  vertex 797.93 0.39493 953.209
  vertex 797.93 1.18121 953.284
 endloop
endfacet
facet normal -0.115682 0.173109 -0.978085
 outer loop
  vertex 797.93 1.9568 953.434
  vertex 799.64 1.22413 952.986
  vertex 797.93 1.18121 953.284
 endloop
endfacet
facet normal -0.23178 0.229339 -0.945347
 outer loop
  vertex 797.93 1.9568 953.434
  vertex 799.64 2.81329 953.372
  vertex 799.64 1.22413 952.986
 endloop
endfacet
facet normal -0.115682 0.294319 -0.94868
 outer loop
  vertex 797.93 1.9568 953.434
  vertex 797.93 2.71466 953.656
  vertex 799.64 2.81329 953.372
 endloop
endfacet
facet normal -0.115682 0.355085 -0.927649
 outer loop
  vertex 799.64 2.81329 953.372
  vertex 797.93 2.71466 953.656
  vertex 797.93 3.44794 953.95
 endloop
endfacet
facet normal -0.115682 0.468539 -0.875836
 outer loop
  vertex 799.64 4.30077 954.051
  vertex 797.93 3.44794 953.95
  vertex 797.93 4.15 954.312
 endloop
endfacet
facet normal -0.115682 0.524226 -0.843685
 outer loop
  vertex 797.93 4.81447 954.739
  vertex 799.64 4.30077 954.051
  vertex 797.93 4.15 954.312
 endloop
endfacet
facet normal -0.23178 0.564261 -0.792394
 outer loop
  vertex 797.93 4.81447 954.739
  vertex 799.64 5.63281 954.999
  vertex 799.64 4.30077 954.051
 endloop
endfacet
facet normal -0.115682 0.625825 -0.771337
 outer loop
  vertex 797.93 4.81447 954.739
  vertex 797.93 5.43534 955.227
  vertex 799.64 5.63281 954.999
 endloop
endfacet
facet normal -0.115682 0.674421 -0.729228
 outer loop
  vertex 799.64 5.63281 954.999
  vertex 797.93 5.43534 955.227
  vertex 797.93 6.00699 955.772
 endloop
endfacet
facet normal -0.115682 0.760492 -0.63896
 outer loop
  vertex 799.64 6.76126 956.183
  vertex 797.93 6.00699 955.772
  vertex 797.93 6.52424 956.369
 endloop
endfacet
facet normal -0.115682 0.800241 -0.588415
 outer loop
  vertex 797.93 6.9824 957.013
  vertex 799.64 6.76126 956.183
  vertex 797.93 6.52424 956.369
 endloop
endfacet
facet normal -0.23178 0.818345 -0.525918
 outer loop
  vertex 797.93 6.9824 957.013
  vertex 799.64 7.64535 957.559
  vertex 799.64 6.76126 956.183
 endloop
endfacet
facet normal -0.115682 0.867673 -0.483489
 outer loop
  vertex 797.93 6.9824 957.013
  vertex 797.93 7.37733 957.697
  vertex 799.64 7.64535 957.559
 endloop
endfacet
facet normal -0.727374 0.685799 -0.0246167
 outer loop
  vertex 801.144 9.46978 961.5
  vertex 802.26 10.8 961.5
  vertex 801.144 9.4269 960.6
 endloop
endfacet
facet normal -0.802703 0.594991 -0.040677
 outer loop
  vertex 801.144 9.4269 960.6
  vertex 802.26 10.8 961.5
  vertex 802.26 10.7511 960.473
 endloop
endfacet
facet normal -0.80349 0.543044 -0.24394
 outer loop
  vertex 802.26 9.59942 956.551
  vertex 801.144 8.41707 957.161
  vertex 802.26 10.3625 958.457
 endloop
endfacet
facet normal -0.909215 0.350236 -0.225083
 outer loop
  vertex 802.781 10.1711 954.963
  vertex 802.26 8.48937 954.824
  vertex 802.26 9.59942 956.551
 endloop
endfacet
facet normal -0.80349 0.487065 -0.342303
 outer loop
  vertex 802.26 9.59942 956.551
  vertex 802.26 8.48937 954.824
  vertex 801.144 7.44375 955.646
 endloop
endfacet
facet normal -0.551441 0.684962 -0.476172
 outer loop
  vertex 801.144 7.44375 955.646
  vertex 799.64 6.76126 956.183
  vertex 801.144 8.41707 957.161
 endloop
endfacet
facet normal -0.80349 0.413482 -0.428295
 outer loop
  vertex 802.26 7.0725 953.338
  vertex 801.144 6.20139 954.343
  vertex 802.26 8.48937 954.824
 endloop
endfacet
facet normal -0.551441 0.582468 -0.597197
 outer loop
  vertex 801.144 6.20139 954.343
  vertex 799.64 5.63281 954.999
  vertex 801.144 7.44375 955.646
 endloop
endfacet
facet normal -0.23178 0.704025 -0.671287
 outer loop
  vertex 799.64 6.76126 956.183
  vertex 799.64 5.63281 954.999
  vertex 797.93 6.00699 955.772
 endloop
endfacet
facet normal -0.909215 0.241493 -0.339129
 outer loop
  vertex 802.781 7.01311 951.651
  vertex 802.26 5.4 952.147
  vertex 802.26 7.0725 953.338
 endloop
endfacet
facet normal -0.80349 0.324954 -0.498807
 outer loop
  vertex 802.26 7.0725 953.338
  vertex 802.26 5.4 952.147
  vertex 801.144 4.73489 953.299
 endloop
endfacet
facet normal -0.551441 0.458921 -0.696638
 outer loop
  vertex 801.144 4.73489 953.299
  vertex 799.64 4.30077 954.051
  vertex 801.144 6.20139 954.343
 endloop
endfacet
facet normal -0.80349 0.224682 -0.551291
 outer loop
  vertex 802.26 3.53233 951.294
  vertex 801.144 3.09726 952.551
  vertex 802.26 5.4 952.147
 endloop
endfacet
facet normal -0.551441 0.318788 -0.7709
 outer loop
  vertex 801.144 3.09726 952.551
  vertex 799.64 2.81329 953.372
  vertex 801.144 4.73489 953.299
 endloop
endfacet
facet normal -0.23178 0.404102 -0.884861
 outer loop
  vertex 799.64 4.30077 954.051
  vertex 799.64 2.81329 953.372
  vertex 797.93 3.44794 953.95
 endloop
endfacet
facet normal -0.909215 0.0981526 -0.404591
 outer loop
  vertex 802.781 2.85042 949.75
  vertex 802.26 1.537 950.81
  vertex 802.26 3.53233 951.294
 endloop
endfacet
facet normal -0.80349 0.116289 -0.58385
 outer loop
  vertex 802.26 3.53233 951.294
  vertex 802.26 1.537 950.81
  vertex 801.144 1.34769 952.127
 endloop
endfacet
facet normal -0.551441 0.167134 -0.8173
 outer loop
  vertex 801.144 1.34769 952.127
  vertex 799.64 1.22413 952.986
  vertex 801.144 3.09726 952.551
 endloop
endfacet
facet normal -0.80349 0.00369346 -0.595307
 outer loop
  vertex 802.26 -0.513885 950.712
  vertex 801.144 -0.45059 952.041
  vertex 802.26 1.537 950.81
 endloop
endfacet
facet normal -0.551441 0.00943824 -0.834161
 outer loop
  vertex 801.144 -0.45059 952.041
  vertex 799.64 -0.409278 952.908
  vertex 801.144 1.34769 952.127
 endloop
endfacet
facet normal -0.23178 0.0462862 -0.971666
 outer loop
  vertex 799.64 1.22413 952.986
  vertex 799.64 -0.409278 952.908
  vertex 797.93 0.39493 953.209
 endloop
endfacet
facet normal -0.909215 -0.0592494 -0.412089
 outer loop
  vertex 802.781 -1.72064 949.533
  vertex 802.26 -2.5462 951.004
  vertex 802.26 -0.513885 950.712
 endloop
endfacet
facet normal -0.80349 -0.109036 -0.585248
 outer loop
  vertex 802.26 -0.513885 950.712
  vertex 802.26 -2.5462 951.004
  vertex 801.144 -2.23258 952.297
 endloop
endfacet
facet normal -0.551441 -0.148598 -0.820872
 outer loop
  vertex 801.144 -2.23258 952.297
  vertex 799.64 -2.02789 953.141
  vertex 801.144 -0.45059 952.041
 endloop
endfacet
facet normal -0.80349 -0.217824 -0.554036
 outer loop
  vertex 802.26 -4.48648 951.676
  vertex 801.144 -3.93389 952.886
  vertex 802.26 -2.5462 951.004
 endloop
endfacet
facet normal -0.551441 -0.301264 -0.777916
 outer loop
  vertex 801.144 -3.93389 952.886
  vertex 799.64 -3.57321 953.676
  vertex 801.144 -2.23258 952.297
 endloop
endfacet
facet normal -0.23178 -0.318161 -0.919267
 outer loop
  vertex 799.64 -2.02789 953.141
  vertex 799.64 -3.57321 953.676
  vertex 797.93 -2.71466 953.656
 endloop
endfacet
facet normal -0.909215 -0.208163 -0.360549
 outer loop
  vertex 802.781 -6.0452 951.029
  vertex 802.26 -6.26461 952.703
  vertex 802.26 -4.48648 951.676
 endloop
endfacet
facet normal -0.80349 -0.31874 -0.502801
 outer loop
  vertex 802.26 -4.48648 951.676
  vertex 802.26 -6.26461 952.703
  vertex 801.144 -5.49301 953.786
 endloop
endfacet
facet normal -0.551441 -0.443041 -0.706843
 outer loop
  vertex 801.144 -5.49301 953.786
  vertex 799.64 -4.98938 954.493
  vertex 801.144 -3.93389 952.886
 endloop
endfacet
facet normal -0.80349 -0.408136 -0.433393
 outer loop
  vertex 802.26 -7.81633 954.047
  vertex 801.144 -6.8536 954.965
  vertex 802.26 -6.26461 952.703
 endloop
endfacet
facet normal -0.551441 -0.568806 -0.610224
 outer loop
  vertex 801.144 -6.8536 954.965
  vertex 799.64 -6.22522 955.564
  vertex 801.144 -5.49301 953.786
 endloop
endfacet
facet normal -0.23178 -0.637028 -0.735169
 outer loop
  vertex 799.64 -4.98938 954.493
  vertex 799.64 -6.22522 955.564
  vertex 797.93 -5.43534 955.227
 endloop
endfacet
facet normal -0.909215 -0.327254 -0.257356
 outer loop
  vertex 802.781 -9.50369 954.026
  vertex 802.26 -9.08554 955.661
  vertex 802.26 -7.81633 954.047
 endloop
endfacet
facet normal -0.80349 -0.48278 -0.34832
 outer loop
  vertex 802.26 -7.81633 954.047
  vertex 802.26 -9.08554 955.661
  vertex 801.144 -7.96648 956.38
 endloop
endfacet
facet normal -0.551441 -0.674012 -0.491549
 outer loop
  vertex 801.144 -7.96648 956.38
  vertex 799.64 -7.23607 956.85
  vertex 801.144 -6.8536 954.965
 endloop
endfacet
facet normal -0.80349 -0.539976 -0.250659
 outer loop
  vertex 802.26 -10.0264 957.486
  vertex 801.144 -8.79144 957.98
  vertex 802.26 -9.08554 955.661
 endloop
endfacet
facet normal -0.551441 -0.754858 -0.355108
 outer loop
  vertex 801.144 -8.79144 957.98
  vertex 799.64 -7.98539 958.303
  vertex 801.144 -7.96648 956.38
 endloop
endfacet
facet normal -0.23178 -0.864631 -0.445748
 outer loop
  vertex 799.64 -7.23607 956.85
  vertex 799.64 -7.98539 958.303
  vertex 797.93 -7.37733 957.697
 endloop
endfacet
facet normal -0.909215 -0.399462 -0.117293
 outer loop
  vertex 802.781 -11.6006 958.094
  vertex 802.26 -10.6048 959.456
  vertex 802.26 -10.0264 957.486
 endloop
endfacet
facet normal -0.80349 -0.577655 -0.143938
 outer loop
  vertex 802.26 -10.0264 957.486
  vertex 802.26 -10.6048 959.456
  vertex 801.144 -9.29865 959.708
 endloop
endfacet
facet normal -0.551441 -0.808422 -0.205833
 outer loop
  vertex 801.144 -9.29865 959.708
  vertex 799.64 -8.4461 959.872
  vertex 801.144 -8.79144 957.98
 endloop
endfacet
facet normal 0.843223 0.53431 -0.059053
 outer loop
  vertex 789.377 11.75 961.5
  vertex 790.697 9.20784 961.5
  vertex 789.377 11.1749 957.869
 endloop
endfacet
facet normal 0.8696 0.480937 -0.111786
 outer loop
  vertex 789.377 11.1749 957.869
  vertex 790.697 9.20784 961.5
  vertex 790.697 8.65254 958.351
 endloop
endfacet
facet normal 0.869385 0.417608 -0.264147
 outer loop
  vertex 789.377 9.50595 954.594
  vertex 790.697 8.65254 958.351
  vertex 790.697 7.05362 955.581
 endloop
endfacet
facet normal 0.869232 0.307483 -0.387157
 outer loop
  vertex 789.377 6.90648 951.994
  vertex 790.697 7.05362 955.581
  vertex 790.697 4.60392 953.526
 endloop
endfacet
facet normal 0.86914 0.162878 -0.466977
 outer loop
  vertex 789.377 3.63095 950.325
  vertex 790.697 4.60392 953.526
  vertex 790.697 1.59892 952.432
 endloop
endfacet
facet normal 0.869109 0 -0.494621
 outer loop
  vertex 789.377 -3.97238E-13 949.75
  vertex 790.697 1.59892 952.432
  vertex 790.697 -1.59892 952.432
 endloop
endfacet
facet normal 0.86914 -0.162878 -0.466977
 outer loop
  vertex 789.377 -3.63095 950.325
  vertex 790.697 -1.59892 952.432
  vertex 790.697 -4.60392 953.526
 endloop
endfacet
facet normal 0.869232 -0.307483 -0.387157
 outer loop
  vertex 789.377 -6.90648 951.994
  vertex 790.697 -4.60392 953.526
  vertex 790.697 -7.05362 955.581
 endloop
endfacet
facet normal 0.869385 -0.417608 -0.264147
 outer loop
  vertex 789.377 -9.50595 954.594
  vertex 790.697 -7.05362 955.581
  vertex 790.697 -8.65254 958.351
 endloop
endfacet
facet normal 0.8696 -0.480937 -0.111786
 outer loop
  vertex 789.377 -11.1749 957.869
  vertex 790.697 -8.65254 958.351
  vertex 790.697 -9.20784 961.5
 endloop
endfacet
facet normal 0.843223 -0.53431 -0.059053
 outer loop
  vertex 789.377 -11.75 961.5
  vertex 789.377 -11.1749 957.869
  vertex 790.697 -9.20784 961.5
 endloop
endfacet
facet normal 0.847553 -0.481108 -0.224028
 outer loop
  vertex 789.377 -11.1749 957.869
  vertex 789.377 -9.50595 954.594
  vertex 790.697 -8.65254 958.351
 endloop
endfacet
facet normal 0.847373 -0.384861 -0.365843
 outer loop
  vertex 789.377 -9.50595 954.594
  vertex 789.377 -6.90648 951.994
  vertex 790.697 -7.05362 955.581
 endloop
endfacet
facet normal 0.847253 -0.248321 -0.469573
 outer loop
  vertex 789.377 -6.90648 951.994
  vertex 789.377 -3.63095 950.325
  vertex 790.697 -4.60392 953.526
 endloop
endfacet
facet normal 0.847193 -0.0857694 -0.524316
 outer loop
  vertex 789.377 -3.63095 950.325
  vertex 789.377 -3.97238E-13 949.75
  vertex 790.697 -1.59892 952.432
 endloop
endfacet
facet normal 0.847193 0.0857694 -0.524316
 outer loop
  vertex 789.377 -3.97238E-13 949.75
  vertex 789.377 3.63095 950.325
  vertex 790.697 1.59892 952.432
 endloop
endfacet
facet normal 0.847253 0.248321 -0.469573
 outer loop
  vertex 789.377 3.63095 950.325
  vertex 789.377 6.90648 951.994
  vertex 790.697 4.60392 953.526
 endloop
endfacet
facet normal 0.847373 0.384861 -0.365843
 outer loop
  vertex 789.377 6.90648 951.994
  vertex 789.377 9.50595 954.594
  vertex 790.697 7.05362 955.581
 endloop
endfacet
facet normal 0.847553 0.481108 -0.224028
 outer loop
  vertex 789.377 9.50595 954.594
  vertex 789.377 11.1749 957.869
  vertex 790.697 8.65254 958.351
 endloop
endfacet
facet normal 0.843223 -0.53431 0.059053
 outer loop
  vertex 789.377 -11.75 961.5
  vertex 790.697 -9.20784 961.5
  vertex 789.377 -11.1749 965.131
 endloop
endfacet
facet normal 0.8696 -0.480937 0.111786
 outer loop
  vertex 789.377 -11.1749 965.131
  vertex 790.697 -9.20784 961.5
  vertex 790.697 -8.65254 964.649
 endloop
endfacet
facet normal 0.869385 -0.417608 0.264147
 outer loop
  vertex 789.377 -9.50595 968.406
  vertex 790.697 -8.65254 964.649
  vertex 790.697 -7.05362 967.419
 endloop
endfacet
facet normal 0.869232 -0.307483 0.387157
 outer loop
  vertex 789.377 -6.90648 971.006
  vertex 790.697 -7.05362 967.419
  vertex 790.697 -4.60392 969.474
 endloop
endfacet
facet normal 0.86914 -0.162878 0.466977
 outer loop
  vertex 789.377 -3.63095 972.675
  vertex 790.697 -4.60392 969.474
  vertex 790.697 -1.59892 970.568
 endloop
endfacet
facet normal 0.869109 2.32256E-17 0.494621
 outer loop
  vertex 789.377 -3.93267E-13 973.25
  vertex 790.697 -1.59892 970.568
  vertex 790.697 1.59892 970.568
 endloop
endfacet
facet normal 0.86914 0.162878 0.466977
 outer loop
  vertex 789.377 3.63095 972.675
  vertex 790.697 1.59892 970.568
  vertex 790.697 4.60392 969.474
 endloop
endfacet
facet normal 0.869232 0.307483 0.387157
 outer loop
  vertex 789.377 6.90648 971.006
  vertex 790.697 4.60392 969.474
  vertex 790.697 7.05362 967.419
 endloop
endfacet
facet normal 0.869385 0.417608 0.264147
 outer loop
  vertex 789.377 9.50595 968.406
  vertex 790.697 7.05362 967.419
  vertex 790.697 8.65254 964.649
 endloop
endfacet
facet normal 0.8696 0.480937 0.111786
 outer loop
  vertex 789.377 11.1749 965.131
  vertex 790.697 8.65254 964.649
  vertex 790.697 9.20784 961.5
 endloop
endfacet
facet normal 0.843223 0.53431 0.059053
 outer loop
  vertex 789.377 11.75 961.5
  vertex 789.377 11.1749 965.131
  vertex 790.697 9.20784 961.5
 endloop
endfacet
facet normal 0.847553 0.481108 0.224028
 outer loop
  vertex 789.377 11.1749 965.131
  vertex 789.377 9.50595 968.406
  vertex 790.697 8.65254 964.649
 endloop
endfacet
facet normal 0.847373 0.384861 0.365843
 outer loop
  vertex 789.377 9.50595 968.406
  vertex 789.377 6.90648 971.006
  vertex 790.697 7.05362 967.419
 endloop
endfacet
facet normal 0.847253 0.248321 0.469573
 outer loop
  vertex 789.377 6.90648 971.006
  vertex 789.377 3.63095 972.675
  vertex 790.697 4.60392 969.474
 endloop
endfacet
facet normal 0.847193 0.0857694 0.524316
 outer loop
  vertex 789.377 3.63095 972.675
  vertex 789.377 -3.93267E-13 973.25
  vertex 790.697 1.59892 970.568
 endloop
endfacet
facet normal 0.847193 -0.0857694 0.524316
 outer loop
  vertex 789.377 -3.93267E-13 973.25
  vertex 789.377 -3.63095 972.675
  vertex 790.697 -1.59892 970.568
 endloop
endfacet
facet normal 0.847253 -0.248321 0.469573
 outer loop
  vertex 789.377 -3.63095 972.675
  vertex 789.377 -6.90648 971.006
  vertex 790.697 -4.60392 969.474
 endloop
endfacet
facet normal 0.847373 -0.384861 0.365843
 outer loop
  vertex 789.377 -6.90648 971.006
  vertex 789.377 -9.50595 968.406
  vertex 790.697 -7.05362 967.419
 endloop
endfacet
facet normal 0.847553 -0.481108 0.224028
 outer loop
  vertex 789.377 -9.50595 968.406
  vertex 789.377 -11.1749 965.131
  vertex 790.697 -8.65254 964.649
 endloop
endfacet
facet normal 0.76951 -0.635162 0.0665103
 outer loop
  vertex 793.183 -11.5 961.5
  vertex 795.7 -8.5 961.5
  vertex 793.183 -10.9372 965.054
 endloop
endfacet
facet normal 0.770591 -0.619647 0.149085
 outer loop
  vertex 793.183 -10.9372 965.054
  vertex 795.7 -8.5 961.5
  vertex 795.7 -7.85298 964.753
 endloop
endfacet
facet normal 0.770159 -0.525609 0.361372
 outer loop
  vertex 793.183 -9.3037 968.26
  vertex 795.7 -7.85298 964.753
  vertex 795.7 -6.01041 967.51
 endloop
endfacet
facet normal 0.770159 -0.361372 0.525609
 outer loop
  vertex 793.183 -6.75953 970.804
  vertex 795.7 -6.01041 967.51
  vertex 795.7 -3.25281 969.353
 endloop
endfacet
facet normal 0.770591 -0.149085 0.619647
 outer loop
  vertex 793.183 -3.5537 972.437
  vertex 795.7 -3.25281 969.353
  vertex 795.7 -3.9342E-13 970
 endloop
endfacet
facet normal 0.76951 0.0665103 0.635162
 outer loop
  vertex 793.183 -3.93229E-13 973
  vertex 795.7 -3.9342E-13 970
  vertex 793.183 3.5537 972.437
 endloop
endfacet
facet normal 0.76951 -0.0665103 0.635162
 outer loop
  vertex 793.183 -3.93229E-13 973
  vertex 793.183 -3.5537 972.437
  vertex 795.7 -3.9342E-13 970
 endloop
endfacet
facet normal 0.770591 0.149085 0.619647
 outer loop
  vertex 795.7 -3.9342E-13 970
  vertex 795.7 3.25281 969.353
  vertex 793.183 3.5537 972.437
 endloop
endfacet
facet normal 0.768861 0.275154 0.577185
 outer loop
  vertex 793.183 3.5537 972.437
  vertex 795.7 3.25281 969.353
  vertex 793.183 6.75953 970.804
 endloop
endfacet
facet normal 0.770159 0.361372 0.525609
 outer loop
  vertex 793.183 6.75953 970.804
  vertex 795.7 3.25281 969.353
  vertex 795.7 6.01041 967.51
 endloop
endfacet
facet normal 0.770159 0.525609 0.361372
 outer loop
  vertex 793.183 9.3037 968.26
  vertex 795.7 6.01041 967.51
  vertex 795.7 7.85298 964.753
 endloop
endfacet
facet normal 0.770591 0.619647 0.149085
 outer loop
  vertex 793.183 10.9372 965.054
  vertex 795.7 7.85298 964.753
  vertex 795.7 8.5 961.5
 endloop
endfacet
facet normal 0.76951 0.635162 0.0665103
 outer loop
  vertex 793.183 11.5 961.5
  vertex 793.183 10.9372 965.054
  vertex 795.7 8.5 961.5
 endloop
endfacet
facet normal 0.768861 0.577185 0.275154
 outer loop
  vertex 793.183 10.9372 965.054
  vertex 793.183 9.3037 968.26
  vertex 795.7 7.85298 964.753
 endloop
endfacet
facet normal 0.768645 0.452319 0.452319
 outer loop
  vertex 793.183 9.3037 968.26
  vertex 793.183 6.75953 970.804
  vertex 795.7 6.01041 967.51
 endloop
endfacet
facet normal 0.768861 -0.275154 0.577185
 outer loop
  vertex 793.183 -3.5537 972.437
  vertex 793.183 -6.75953 970.804
  vertex 795.7 -3.25281 969.353
 endloop
endfacet
facet normal 0.768645 -0.452319 0.452319
 outer loop
  vertex 793.183 -6.75953 970.804
  vertex 793.183 -9.3037 968.26
  vertex 795.7 -6.01041 967.51
 endloop
endfacet
facet normal 0.768861 -0.577185 0.275154
 outer loop
  vertex 793.183 -9.3037 968.26
  vertex 793.183 -10.9372 965.054
  vertex 795.7 -7.85298 964.753
 endloop
endfacet
facet normal 0.76951 0.635162 -0.0665103
 outer loop
  vertex 793.183 11.5 961.5
  vertex 795.7 8.5 961.5
  vertex 793.183 10.9372 957.946
 endloop
endfacet
facet normal 0.770591 0.619647 -0.149085
 outer loop
  vertex 793.183 10.9372 957.946
  vertex 795.7 8.5 961.5
  vertex 795.7 7.85298 958.247
 endloop
endfacet
facet normal 0.770159 0.525609 -0.361372
 outer loop
  vertex 793.183 9.3037 954.74
  vertex 795.7 7.85298 958.247
  vertex 795.7 6.01041 955.49
 endloop
endfacet
facet normal 0.770159 0.361372 -0.525609
 outer loop
  vertex 793.183 6.75953 952.196
  vertex 795.7 6.01041 955.49
  vertex 795.7 3.25281 953.647
 endloop
endfacet
facet normal 0.770591 0.149085 -0.619647
 outer loop
  vertex 793.183 3.5537 950.563
  vertex 795.7 3.25281 953.647
  vertex 795.7 -3.96687E-13 953
 endloop
endfacet
facet normal 0.76951 -0.0665103 -0.635162
 outer loop
  vertex 793.183 -3.97246E-13 950
  vertex 795.7 -3.96687E-13 953
  vertex 793.183 -3.5537 950.563
 endloop
endfacet
facet normal 0.76951 0.0665103 -0.635162
 outer loop
  vertex 793.183 -3.97246E-13 950
  vertex 793.183 3.5537 950.563
  vertex 795.7 -3.96687E-13 953
 endloop
endfacet
facet normal 0.770591 -0.149085 -0.619647
 outer loop
  vertex 795.7 -3.96687E-13 953
  vertex 795.7 -3.25281 953.647
  vertex 793.183 -3.5537 950.563
 endloop
endfacet
facet normal 0.768861 -0.275154 -0.577185
 outer loop
  vertex 793.183 -3.5537 950.563
  vertex 795.7 -3.25281 953.647
  vertex 793.183 -6.75953 952.196
 endloop
endfacet
facet normal 0.770159 -0.361372 -0.525609
 outer loop
  vertex 793.183 -6.75953 952.196
  vertex 795.7 -3.25281 953.647
  vertex 795.7 -6.01041 955.49
 endloop
endfacet
facet normal 0.770159 -0.525609 -0.361372
 outer loop
  vertex 793.183 -9.3037 954.74
  vertex 795.7 -6.01041 955.49
  vertex 795.7 -7.85298 958.247
 endloop
endfacet
facet normal 0.770591 -0.619647 -0.149085
 outer loop
  vertex 793.183 -10.9372 957.946
  vertex 795.7 -7.85298 958.247
  vertex 795.7 -8.5 961.5
 endloop
endfacet
facet normal 0.76951 -0.635162 -0.0665103
 outer loop
  vertex 793.183 -11.5 961.5
  vertex 793.183 -10.9372 957.946
  vertex 795.7 -8.5 961.5
 endloop
endfacet
facet normal 0.768861 -0.577185 -0.275154
 outer loop
  vertex 793.183 -10.9372 957.946
  vertex 793.183 -9.3037 954.74
  vertex 795.7 -7.85298 958.247
 endloop
endfacet
facet normal 0.768645 -0.452319 -0.452319
 outer loop
  vertex 793.183 -9.3037 954.74
  vertex 793.183 -6.75953 952.196
  vertex 795.7 -6.01041 955.49
 endloop
endfacet
facet normal 0.768861 0.275154 -0.577185
 outer loop
  vertex 793.183 3.5537 950.563
  vertex 793.183 6.75953 952.196
  vertex 795.7 3.25281 953.647
 endloop
endfacet
facet normal 0.768645 0.452319 -0.452319
 outer loop
  vertex 793.183 6.75953 952.196
  vertex 793.183 9.3037 954.74
  vertex 795.7 6.01041 955.49
 endloop
endfacet
facet normal 0.768861 0.577185 -0.275154
 outer loop
  vertex 793.183 9.3037 954.74
  vertex 793.183 10.9372 957.946
  vertex 795.7 7.85298 958.247
 endloop
endfacet
facet normal 0 0.994562 -0.104145
 outer loop
  vertex 793.183 11.5 961.5
  vertex 793.183 10.9372 957.946
  vertex 791.268 11.5 961.5
 endloop
endfacet
facet normal 0 0.978067 -0.208289
 outer loop
  vertex 791.268 11.5 961.5
  vertex 793.183 10.9372 957.946
  vertex 791.268 10.9372 957.946
 endloop
endfacet
facet normal 0 0.913702 -0.406384
 outer loop
  vertex 791.268 10.9372 957.946
  vertex 793.183 10.9372 957.946
  vertex 793.183 9.3037 954.74
 endloop
endfacet
facet normal 0 0.743403 -0.668844
 outer loop
  vertex 791.268 9.3037 954.74
  vertex 793.183 9.3037 954.74
  vertex 793.183 6.75953 952.196
 endloop
endfacet
facet normal 0 0.500334 -0.865832
 outer loop
  vertex 791.268 6.75953 952.196
  vertex 793.183 6.75953 952.196
  vertex 793.183 3.5537 950.563
 endloop
endfacet
facet normal 0 0.208289 -0.978067
 outer loop
  vertex 791.268 3.5537 950.563
  vertex 793.183 3.5537 950.563
  vertex 793.183 -3.97246E-13 950
 endloop
endfacet
facet normal 0 -0.104145 -0.994562
 outer loop
  vertex 791.268 -3.97217E-13 950
  vertex 793.183 -3.97246E-13 950
  vertex 793.183 -3.5537 950.563
 endloop
endfacet
facet normal 0 -0.406384 -0.913702
 outer loop
  vertex 791.268 -3.5537 950.563
  vertex 793.183 -3.5537 950.563
  vertex 793.183 -6.75953 952.196
 endloop
endfacet
facet normal 0 -0.668844 -0.743403
 outer loop
  vertex 791.268 -6.75953 952.196
  vertex 793.183 -6.75953 952.196
  vertex 793.183 -9.3037 954.74
 endloop
endfacet
facet normal 0 -0.865832 -0.500334
 outer loop
  vertex 791.268 -9.3037 954.74
  vertex 793.183 -9.3037 954.74
  vertex 793.183 -10.9372 957.946
 endloop
endfacet
facet normal 0 -0.978067 -0.208289
 outer loop
  vertex 791.268 -10.9372 957.946
  vertex 793.183 -10.9372 957.946
  vertex 793.183 -11.5 961.5
 endloop
endfacet
facet normal 0 -0.994562 -0.104145
 outer loop
  vertex 791.268 -11.5 961.5
  vertex 791.268 -10.9372 957.946
  vertex 793.183 -11.5 961.5
 endloop
endfacet
facet normal 0 -0.913702 -0.406384
 outer loop
  vertex 791.268 -10.9372 957.946
  vertex 791.268 -9.3037 954.74
  vertex 793.183 -10.9372 957.946
 endloop
endfacet
facet normal 0 -0.743403 -0.668844
 outer loop
  vertex 791.268 -9.3037 954.74
  vertex 791.268 -6.75953 952.196
  vertex 793.183 -9.3037 954.74
 endloop
endfacet
facet normal 0 -0.500334 -0.865832
 outer loop
  vertex 791.268 -6.75953 952.196
  vertex 791.268 -3.5537 950.563
  vertex 793.183 -6.75953 952.196
 endloop
endfacet
facet normal 0 -0.208289 -0.978067
 outer loop
  vertex 791.268 -3.5537 950.563
  vertex 791.268 -3.97217E-13 950
  vertex 793.183 -3.5537 950.563
 endloop
endfacet
facet normal 0 0.104145 -0.994562
 outer loop
  vertex 791.268 -3.97217E-13 950
  vertex 791.268 3.5537 950.563
  vertex 793.183 -3.97246E-13 950
 endloop
endfacet
facet normal 0 0.406384 -0.913702
 outer loop
  vertex 791.268 3.5537 950.563
  vertex 791.268 6.75953 952.196
  vertex 793.183 3.5537 950.563
 endloop
endfacet
facet normal 0 0.668844 -0.743403
 outer loop
  vertex 791.268 6.75953 952.196
  vertex 791.268 9.3037 954.74
  vertex 793.183 6.75953 952.196
 endloop
endfacet
facet normal 0 0.865832 -0.500334
 outer loop
  vertex 791.268 9.3037 954.74
  vertex 791.268 10.9372 957.946
  vertex 793.183 9.3037 954.74
 endloop
endfacet
facet normal 0 -0.994562 0.104145
 outer loop
  vertex 793.183 -11.5 961.5
  vertex 793.183 -10.9372 965.054
  vertex 791.268 -11.5 961.5
 endloop
endfacet
facet normal 0 -0.978067 0.208289
 outer loop
  vertex 791.268 -11.5 961.5
  vertex 793.183 -10.9372 965.054
  vertex 791.268 -10.9372 965.054
 endloop
endfacet
facet normal 0 -0.913702 0.406384
 outer loop
  vertex 791.268 -10.9372 965.054
  vertex 793.183 -10.9372 965.054
  vertex 793.183 -9.3037 968.26
 endloop
endfacet
facet normal 0 -0.743403 0.668844
 outer loop
  vertex 791.268 -9.3037 968.26
  vertex 793.183 -9.3037 968.26
  vertex 793.183 -6.75953 970.804
 endloop
endfacet
facet normal 0 -0.500334 0.865832
 outer loop
  vertex 791.268 -6.75953 970.804
  vertex 793.183 -6.75953 970.804
  vertex 793.183 -3.5537 972.437
 endloop
endfacet
facet normal 0 -0.208289 0.978067
 outer loop
  vertex 791.268 -3.5537 972.437
  vertex 793.183 -3.5537 972.437
  vertex 793.183 -3.93229E-13 973
 endloop
endfacet
facet normal 0 0.104145 0.994562
 outer loop
  vertex 791.268 -3.93258E-13 973
  vertex 793.183 -3.93229E-13 973
  vertex 793.183 3.5537 972.437
 endloop
endfacet
facet normal 0 0.406384 0.913702
 outer loop
  vertex 791.268 3.5537 972.437
  vertex 793.183 3.5537 972.437
  vertex 793.183 6.75953 970.804
 endloop
endfacet
facet normal 0 0.668844 0.743403
 outer loop
  vertex 791.268 6.75953 970.804
  vertex 793.183 6.75953 970.804
  vertex 793.183 9.3037 968.26
 endloop
endfacet
facet normal 0 0.865832 0.500334
 outer loop
  vertex 791.268 9.3037 968.26
  vertex 793.183 9.3037 968.26
  vertex 793.183 10.9372 965.054
 endloop
endfacet
facet normal 0 0.978067 0.208289
 outer loop
  vertex 791.268 10.9372 965.054
  vertex 793.183 10.9372 965.054
  vertex 793.183 11.5 961.5
 endloop
endfacet
facet normal 0 0.994562 0.104145
 outer loop
  vertex 791.268 11.5 961.5
  vertex 791.268 10.9372 965.054
  vertex 793.183 11.5 961.5
 endloop
endfacet
facet normal 0 0.913702 0.406384
 outer loop
  vertex 791.268 10.9372 965.054
  vertex 791.268 9.3037 968.26
  vertex 793.183 10.9372 965.054
 endloop
endfacet
facet normal 0 0.743403 0.668844
 outer loop
  vertex 791.268 9.3037 968.26
  vertex 791.268 6.75953 970.804
  vertex 793.183 9.3037 968.26
 endloop
endfacet
facet normal 0 0.500334 0.865832
 outer loop
  vertex 791.268 6.75953 970.804
  vertex 791.268 3.5537 972.437
  vertex 793.183 6.75953 970.804
 endloop
endfacet
facet normal 0 0.208289 0.978067
 outer loop
  vertex 791.268 3.5537 972.437
  vertex 791.268 -3.93258E-13 973
  vertex 793.183 3.5537 972.437
 endloop
endfacet
facet normal 0 -0.104145 0.994562
 outer loop
  vertex 791.268 -3.93258E-13 973
  vertex 791.268 -3.5537 972.437
  vertex 793.183 -3.93229E-13 973
 endloop
endfacet
facet normal 0 -0.406384 0.913702
 outer loop
  vertex 791.268 -3.5537 972.437
  vertex 791.268 -6.75953 970.804
  vertex 793.183 -3.5537 972.437
 endloop
endfacet
facet normal 0 -0.668844 0.743403
 outer loop
  vertex 791.268 -6.75953 970.804
  vertex 791.268 -9.3037 968.26
  vertex 793.183 -6.75953 970.804
 endloop
endfacet
facet normal 0 -0.865832 0.500334
 outer loop
  vertex 791.268 -9.3037 968.26
  vertex 791.268 -10.9372 965.054
  vertex 793.183 -9.3037 968.26
 endloop
endfacet
facet normal -0.996277 -0.0857409 0.00897828
 outer loop
  vertex 791.268 -11.5 961.5
  vertex 791.268 -10.9372 965.054
  vertex 791.074 -9.28257 961.5
 endloop
endfacet
facet normal -0.996287 -0.0839896 0.0189156
 outer loop
  vertex 791.074 -9.28257 961.5
  vertex 791.268 -10.9372 965.054
  vertex 791.074 -8.72276 964.675
 endloop
endfacet
facet normal -0.996269 -0.0784392 0.0359928
 outer loop
  vertex 791.074 -8.72276 964.675
  vertex 791.268 -10.9372 965.054
  vertex 791.268 -9.3037 968.26
 endloop
endfacet
facet normal -0.996263 -0.0628391 0.059258
 outer loop
  vertex 791.074 -7.11086 967.467
  vertex 791.268 -9.3037 968.26
  vertex 791.268 -6.75953 970.804
 endloop
endfacet
facet normal -0.996259 -0.0405824 0.0762981
 outer loop
  vertex 791.074 -4.64128 969.539
  vertex 791.268 -6.75953 970.804
  vertex 791.268 -3.5537 972.437
 endloop
endfacet
facet normal -0.996257 -0.0140232 0.0852978
 outer loop
  vertex 791.074 -1.6119 970.642
  vertex 791.268 -3.5537 972.437
  vertex 791.268 -3.93258E-13 973
 endloop
endfacet
facet normal -0.996257 0.0140232 0.0852978
 outer loop
  vertex 791.074 1.6119 970.642
  vertex 791.268 -3.93258E-13 973
  vertex 791.268 3.5537 972.437
 endloop
endfacet
facet normal -0.996259 0.0405824 0.0762981
 outer loop
  vertex 791.074 4.64128 969.539
  vertex 791.268 3.5537 972.437
  vertex 791.268 6.75953 970.804
 endloop
endfacet
facet normal -0.996263 0.0628391 0.059258
 outer loop
  vertex 791.074 7.11086 967.467
  vertex 791.268 6.75953 970.804
  vertex 791.268 9.3037 968.26
 endloop
endfacet
facet normal -0.996269 0.0784392 0.0359928
 outer loop
  vertex 791.074 8.72276 964.675
  vertex 791.268 9.3037 968.26
  vertex 791.268 10.9372 965.054
 endloop
endfacet
facet normal -0.996277 0.0857409 0.00897828
 outer loop
  vertex 791.074 9.28257 961.5
  vertex 791.268 10.9372 965.054
  vertex 791.268 11.5 961.5
 endloop
endfacet
facet normal -0.996287 0.0839896 0.0189156
 outer loop
  vertex 791.074 9.28257 961.5
  vertex 791.074 8.72276 964.675
  vertex 791.268 10.9372 965.054
 endloop
endfacet
facet normal -0.99628 0.0730647 0.0456908
 outer loop
  vertex 791.074 8.72276 964.675
  vertex 791.074 7.11086 967.467
  vertex 791.268 9.3037 968.26
 endloop
endfacet
facet normal -0.996275 0.0538616 0.0673428
 outer loop
  vertex 791.074 7.11086 967.467
  vertex 791.074 4.64128 969.539
  vertex 791.268 6.75953 970.804
 endloop
endfacet
facet normal -0.996272 0.0285505 0.0814066
 outer loop
  vertex 791.074 4.64128 969.539
  vertex 791.074 1.6119 970.642
  vertex 791.268 3.5537 972.437
 endloop
endfacet
facet normal -0.996271 3.22237E-18 0.0862796
 outer loop
  vertex 791.074 1.6119 970.642
  vertex 791.074 -1.6119 970.642
  vertex 791.268 -3.93258E-13 973
 endloop
endfacet
facet normal -0.996272 -0.0285505 0.0814066
 outer loop
  vertex 791.074 -1.6119 970.642
  vertex 791.074 -4.64128 969.539
  vertex 791.268 -3.5537 972.437
 endloop
endfacet
facet normal -0.996275 -0.0538616 0.0673428
 outer loop
  vertex 791.074 -4.64128 969.539
  vertex 791.074 -7.11086 967.467
  vertex 791.268 -6.75953 970.804
 endloop
endfacet
facet normal -0.99628 -0.0730647 0.0456908
 outer loop
  vertex 791.074 -7.11086 967.467
  vertex 791.074 -8.72276 964.675
  vertex 791.268 -9.3037 968.26
 endloop
endfacet
facet normal -0.996277 0.0857409 -0.00897828
 outer loop
  vertex 791.268 11.5 961.5
  vertex 791.268 10.9372 957.946
  vertex 791.074 9.28257 961.5
 endloop
endfacet
facet normal -0.996287 0.0839896 -0.0189156
 outer loop
  vertex 791.074 9.28257 961.5
  vertex 791.268 10.9372 957.946
  vertex 791.074 8.72276 958.325
 endloop
endfacet
facet normal -0.996269 0.0784392 -0.0359928
 outer loop
  vertex 791.074 8.72276 958.325
  vertex 791.268 10.9372 957.946
  vertex 791.268 9.3037 954.74
 endloop
endfacet
facet normal -0.996263 0.0628391 -0.059258
 outer loop
  vertex 791.074 7.11086 955.533
  vertex 791.268 9.3037 954.74
  vertex 791.268 6.75953 952.196
 endloop
endfacet
facet normal -0.996259 0.0405824 -0.0762981
 outer loop
  vertex 791.074 4.64128 953.461
  vertex 791.268 6.75953 952.196
  vertex 791.268 3.5537 950.563
 endloop
endfacet
facet normal -0.996257 0.0140232 -0.0852978
 outer loop
  vertex 791.074 1.6119 952.358
  vertex 791.268 3.5537 950.563
  vertex 791.268 -3.97217E-13 950
 endloop
endfacet
facet normal -0.996257 -0.0140232 -0.0852978
 outer loop
  vertex 791.074 -1.6119 952.358
  vertex 791.268 -3.97217E-13 950
  vertex 791.268 -3.5537 950.563
 endloop
endfacet
facet normal -0.996259 -0.0405824 -0.0762981
 outer loop
  vertex 791.074 -4.64128 953.461
  vertex 791.268 -3.5537 950.563
  vertex 791.268 -6.75953 952.196
 endloop
endfacet
facet normal -0.996263 -0.0628391 -0.059258
 outer loop
  vertex 791.074 -7.11086 955.533
  vertex 791.268 -6.75953 952.196
  vertex 791.268 -9.3037 954.74
 endloop
endfacet
facet normal -0.996269 -0.0784392 -0.0359928
 outer loop
  vertex 791.074 -8.72276 958.325
  vertex 791.268 -9.3037 954.74
  vertex 791.268 -10.9372 957.946
 endloop
endfacet
facet normal -0.996277 -0.0857409 -0.00897828
 outer loop
  vertex 791.074 -9.28257 961.5
  vertex 791.268 -10.9372 957.946
  vertex 791.268 -11.5 961.5
 endloop
endfacet
facet normal -0.996287 -0.0839896 -0.0189156
 outer loop
  vertex 791.074 -9.28257 961.5
  vertex 791.074 -8.72276 958.325
  vertex 791.268 -10.9372 957.946
 endloop
endfacet
facet normal -0.99628 -0.0730647 -0.0456908
 outer loop
  vertex 791.074 -8.72276 958.325
  vertex 791.074 -7.11086 955.533
  vertex 791.268 -9.3037 954.74
 endloop
endfacet
facet normal -0.996275 -0.0538616 -0.0673428
 outer loop
  vertex 791.074 -7.11086 955.533
  vertex 791.074 -4.64128 953.461
  vertex 791.268 -6.75953 952.196
 endloop
endfacet
facet normal -0.996272 -0.0285505 -0.0814066
 outer loop
  vertex 791.074 -4.64128 953.461
  vertex 791.074 -1.6119 952.358
  vertex 791.268 -3.5537 950.563
 endloop
endfacet
facet normal -0.996271 3.35736E-19 -0.0862796
 outer loop
  vertex 791.074 -1.6119 952.358
  vertex 791.074 1.6119 952.358
  vertex 791.268 -3.97217E-13 950
 endloop
endfacet
facet normal -0.996272 0.0285505 -0.0814066
 outer loop
  vertex 791.074 1.6119 952.358
  vertex 791.074 4.64128 953.461
  vertex 791.268 3.5537 950.563
 endloop
endfacet
facet normal -0.996275 0.0538616 -0.0673428
 outer loop
  vertex 791.074 4.64128 953.461
  vertex 791.074 7.11086 955.533
  vertex 791.268 6.75953 952.196
 endloop
endfacet
facet normal -0.99628 0.0730647 -0.0456908
 outer loop
  vertex 791.074 7.11086 955.533
  vertex 791.074 8.72276 958.325
  vertex 791.268 9.3037 954.74
 endloop
endfacet
facet normal -1 6.27496E-35 1.02481E-18
 outer loop
  vertex 772.437 3.25281 953.647
  vertex 772.437 -3.25281 953.647
  vertex 772.437 6.01041 955.49
 endloop
endfacet
facet normal -1 6.27496E-35 1.02481E-18
 outer loop
  vertex 772.437 3.25281 953.647
  vertex 772.437 -3.96615E-13 953
  vertex 772.437 -3.25281 953.647
 endloop
endfacet
facet normal -1 6.27496E-35 1.02481E-18
 outer loop
  vertex 772.437 6.01041 955.49
  vertex 772.437 -6.01041 955.49
  vertex 772.437 7.85298 958.247
 endloop
endfacet
facet normal -1 6.27496E-35 1.02481E-18
 outer loop
  vertex 772.437 6.01041 955.49
  vertex 772.437 -3.25281 953.647
  vertex 772.437 -6.01041 955.49
 endloop
endfacet
facet normal -1 6.27496E-35 1.02481E-18
 outer loop
  vertex 772.437 -6.01041 955.49
  vertex 772.437 -7.85298 958.247
  vertex 772.437 7.85298 958.247
 endloop
endfacet
facet normal -1 6.27496E-35 1.02481E-18
 outer loop
  vertex 772.437 7.85298 958.247
  vertex 772.437 -7.85298 958.247
  vertex 772.437 8.5 961.5
 endloop
endfacet
facet normal -1 6.27496E-35 1.02481E-18
 outer loop
  vertex 772.437 8.5 961.5
  vertex 772.437 -7.85298 958.247
  vertex 772.437 -8.5 961.5
 endloop
endfacet
facet normal -1 6.27496E-35 1.02481E-18
 outer loop
  vertex 772.437 7.85298 964.753
  vertex 772.437 -8.5 961.5
  vertex 772.437 -7.85298 964.753
 endloop
endfacet
facet normal -1 6.27496E-35 1.02481E-18
 outer loop
  vertex 772.437 6.01041 967.51
  vertex 772.437 -7.85298 964.753
  vertex 772.437 -6.01041 967.51
 endloop
endfacet
facet normal -1 6.27496E-35 1.02481E-18
 outer loop
  vertex 772.437 3.25281 969.353
  vertex 772.437 -6.01041 967.51
  vertex 772.437 -3.25281 969.353
 endloop
endfacet
facet normal -1 6.27496E-35 1.02481E-18
 outer loop
  vertex 772.437 -3.93492E-13 970
  vertex 772.437 3.25281 969.353
  vertex 772.437 -3.25281 969.353
 endloop
endfacet
facet normal -1 6.27496E-35 1.02481E-18
 outer loop
  vertex 772.437 3.25281 969.353
  vertex 772.437 6.01041 967.51
  vertex 772.437 -6.01041 967.51
 endloop
endfacet
facet normal -1 6.27496E-35 1.02481E-18
 outer loop
  vertex 772.437 6.01041 967.51
  vertex 772.437 7.85298 964.753
  vertex 772.437 -7.85298 964.753
 endloop
endfacet
facet normal -1 6.27496E-35 1.02481E-18
 outer loop
  vertex 772.437 7.85298 964.753
  vertex 772.437 8.5 961.5
  vertex 772.437 -8.5 961.5
 endloop
endfacet
facet normal 0 -0.991543 0.129775
 outer loop
  vertex 786 -8.5 961.5
  vertex 786 -7.85298 964.753
  vertex 772.437 -8.5 961.5
 endloop
endfacet
facet normal 0 -0.96573 0.259551
 outer loop
  vertex 772.437 -8.5 961.5
  vertex 786 -7.85298 964.753
  vertex 772.437 -7.85298 964.753
 endloop
endfacet
facet normal 0 -0.866404 0.499344
 outer loop
  vertex 772.437 -7.85298 964.753
  vertex 786 -7.85298 964.753
  vertex 786 -6.01041 967.51
 endloop
endfacet
facet normal 0 -0.609362 0.792892
 outer loop
  vertex 772.437 -6.01041 967.51
  vertex 786 -6.01041 967.51
  vertex 786 -3.25281 969.353
 endloop
endfacet
facet normal 0 -0.259551 0.96573
 outer loop
  vertex 772.437 -3.25281 969.353
  vertex 786 -3.25281 969.353
  vertex 786 -3.93506E-13 970
 endloop
endfacet
facet normal 0 0.129775 0.991543
 outer loop
  vertex 772.437 -3.93492E-13 970
  vertex 786 -3.93506E-13 970
  vertex 786 3.25281 969.353
 endloop
endfacet
facet normal 0 0.499344 0.866404
 outer loop
  vertex 772.437 3.25281 969.353
  vertex 786 3.25281 969.353
  vertex 786 6.01041 967.51
 endloop
endfacet
facet normal 0 0.792892 0.609362
 outer loop
  vertex 772.437 6.01041 967.51
  vertex 786 6.01041 967.51
  vertex 786 7.85298 964.753
 endloop
endfacet
facet normal 0 0.96573 0.259551
 outer loop
  vertex 772.437 7.85298 964.753
  vertex 786 7.85298 964.753
  vertex 786 8.5 961.5
 endloop
endfacet
facet normal 0 0.991543 0.129775
 outer loop
  vertex 772.437 8.5 961.5
  vertex 772.437 7.85298 964.753
  vertex 786 8.5 961.5
 endloop
endfacet
facet normal 0 0.866404 0.499344
 outer loop
  vertex 772.437 7.85298 964.753
  vertex 772.437 6.01041 967.51
  vertex 786 7.85298 964.753
 endloop
endfacet
facet normal 0 0.609362 0.792892
 outer loop
  vertex 772.437 6.01041 967.51
  vertex 772.437 3.25281 969.353
  vertex 786 6.01041 967.51
 endloop
endfacet
facet normal 0 0.259551 0.96573
 outer loop
  vertex 772.437 3.25281 969.353
  vertex 772.437 -3.93492E-13 970
  vertex 786 3.25281 969.353
 endloop
endfacet
facet normal 0 -0.129775 0.991543
 outer loop
  vertex 772.437 -3.93492E-13 970
  vertex 772.437 -3.25281 969.353
  vertex 786 -3.93506E-13 970
 endloop
endfacet
facet normal 0 -0.499344 0.866404
 outer loop
  vertex 772.437 -3.25281 969.353
  vertex 772.437 -6.01041 967.51
  vertex 786 -3.25281 969.353
 endloop
endfacet
facet normal 0 -0.792892 0.609362
 outer loop
  vertex 772.437 -6.01041 967.51
  vertex 772.437 -7.85298 964.753
  vertex 786 -6.01041 967.51
 endloop
endfacet
facet normal 0 0.991543 -0.129775
 outer loop
  vertex 786 8.5 961.5
  vertex 786 7.85298 958.247
  vertex 772.437 8.5 961.5
 endloop
endfacet
facet normal 0 0.96573 -0.259551
 outer loop
  vertex 772.437 8.5 961.5
  vertex 786 7.85298 958.247
  vertex 772.437 7.85298 958.247
 endloop
endfacet
facet normal 0 0.866404 -0.499344
 outer loop
  vertex 772.437 7.85298 958.247
  vertex 786 7.85298 958.247
  vertex 786 6.01041 955.49
 endloop
endfacet
facet normal 0 0.609362 -0.792892
 outer loop
  vertex 772.437 6.01041 955.49
  vertex 786 6.01041 955.49
  vertex 786 3.25281 953.647
 endloop
endfacet
facet normal 0 0.259551 -0.96573
 outer loop
  vertex 772.437 3.25281 953.647
  vertex 786 3.25281 953.647
  vertex 786 -3.96601E-13 953
 endloop
endfacet
facet normal 0 -0.129775 -0.991543
 outer loop
  vertex 772.437 -3.96615E-13 953
  vertex 786 -3.96601E-13 953
  vertex 786 -3.25281 953.647
 endloop
endfacet
facet normal 0 -0.499344 -0.866404
 outer loop
  vertex 772.437 -3.25281 953.647
  vertex 786 -3.25281 953.647
  vertex 786 -6.01041 955.49
 endloop
endfacet
facet normal 0 -0.792892 -0.609362
 outer loop
  vertex 772.437 -6.01041 955.49
  vertex 786 -6.01041 955.49
  vertex 786 -7.85298 958.247
 endloop
endfacet
facet normal 0 -0.96573 -0.259551
 outer loop
  vertex 772.437 -7.85298 958.247
  vertex 786 -7.85298 958.247
  vertex 786 -8.5 961.5
 endloop
endfacet
facet normal 0 -0.991543 -0.129775
 outer loop
  vertex 772.437 -8.5 961.5
  vertex 772.437 -7.85298 958.247
  vertex 786 -8.5 961.5
 endloop
endfacet
facet normal 0 -0.866404 -0.499344
 outer loop
  vertex 772.437 -7.85298 958.247
  vertex 772.437 -6.01041 955.49
  vertex 786 -7.85298 958.247
 endloop
endfacet
facet normal 0 -0.609362 -0.792892
 outer loop
  vertex 772.437 -6.01041 955.49
  vertex 772.437 -3.25281 953.647
  vertex 786 -6.01041 955.49
 endloop
endfacet
facet normal 0 -0.259551 -0.96573
 outer loop
  vertex 772.437 -3.25281 953.647
  vertex 772.437 -3.96615E-13 953
  vertex 786 -3.25281 953.647
 endloop
endfacet
facet normal 0 0.129775 -0.991543
 outer loop
  vertex 772.437 -3.96615E-13 953
  vertex 772.437 3.25281 953.647
  vertex 786 -3.96601E-13 953
 endloop
endfacet
facet normal 0 0.499344 -0.866404
 outer loop
  vertex 772.437 3.25281 953.647
  vertex 772.437 6.01041 955.49
  vertex 786 3.25281 953.647
 endloop
endfacet
facet normal 0 0.792892 -0.609362
 outer loop
  vertex 772.437 6.01041 955.49
  vertex 772.437 7.85298 958.247
  vertex 786 6.01041 955.49
 endloop
endfacet
facet normal -0.197123 0.97381 -0.113298
 outer loop
  vertex 791.074 9.28257 961.5
  vertex 791.074 8.72276 958.325
  vertex 790.697 9.20784 961.5
 endloop
endfacet
facet normal -0.197123 0.953833 -0.226597
 outer loop
  vertex 790.697 9.20784 961.5
  vertex 791.074 8.72276 958.325
  vertex 790.697 8.65254 958.351
 endloop
endfacet
facet normal -0.197123 0.876332 -0.439528
 outer loop
  vertex 790.697 8.65254 958.351
  vertex 791.074 8.72276 958.325
  vertex 791.074 7.11086 955.533
 endloop
endfacet
facet normal -0.197123 0.673155 -0.712745
 outer loop
  vertex 790.697 7.05362 955.581
  vertex 791.074 7.11086 955.533
  vertex 791.074 4.64128 953.461
 endloop
endfacet
facet normal -0.197123 0.388786 -0.899994
 outer loop
  vertex 790.697 4.60392 953.526
  vertex 791.074 4.64128 953.461
  vertex 791.074 1.6119 952.358
 endloop
endfacet
facet normal -0.197123 0.0575231 -0.97869
 outer loop
  vertex 790.697 1.59892 952.432
  vertex 791.074 1.6119 952.358
  vertex 791.074 -1.6119 952.358
 endloop
endfacet
facet normal -0.197123 -0.280678 -0.939342
 outer loop
  vertex 790.697 -1.59892 952.432
  vertex 791.074 -1.6119 952.358
  vertex 791.074 -4.64128 953.461
 endloop
endfacet
facet normal -0.197123 -0.585024 -0.786695
 outer loop
  vertex 790.697 -4.60392 953.526
  vertex 791.074 -4.64128 953.461
  vertex 791.074 -7.11086 955.533
 endloop
endfacet
facet normal -0.197123 -0.818809 -0.539161
 outer loop
  vertex 790.697 -7.05362 955.581
  vertex 791.074 -7.11086 955.533
  vertex 791.074 -8.72276 958.325
 endloop
endfacet
facet normal -0.197123 -0.953833 -0.226597
 outer loop
  vertex 790.697 -8.65254 958.351
  vertex 791.074 -8.72276 958.325
  vertex 791.074 -9.28257 961.5
 endloop
endfacet
facet normal -0.197123 -0.97381 -0.113298
 outer loop
  vertex 790.697 -9.20784 961.5
  vertex 790.697 -8.65254 958.351
  vertex 791.074 -9.28257 961.5
 endloop
endfacet
facet normal -0.197123 -0.876332 -0.439528
 outer loop
  vertex 790.697 -8.65254 958.351
  vertex 790.697 -7.05362 955.581
  vertex 791.074 -8.72276 958.325
 endloop
endfacet
facet normal -0.197123 -0.673155 -0.712745
 outer loop
  vertex 790.697 -7.05362 955.581
  vertex 790.697 -4.60392 953.526
  vertex 791.074 -7.11086 955.533
 endloop
endfacet
facet normal -0.197123 -0.388786 -0.899994
 outer loop
  vertex 790.697 -4.60392 953.526
  vertex 790.697 -1.59892 952.432
  vertex 791.074 -4.64128 953.461
 endloop
endfacet
facet normal -0.197123 -0.0575231 -0.97869
 outer loop
  vertex 790.697 -1.59892 952.432
  vertex 790.697 1.59892 952.432
  vertex 791.074 -1.6119 952.358
 endloop
endfacet
facet normal -0.197123 0.280678 -0.939342
 outer loop
  vertex 790.697 1.59892 952.432
  vertex 790.697 4.60392 953.526
  vertex 791.074 1.6119 952.358
 endloop
endfacet
facet normal -0.197123 0.585024 -0.786695
 outer loop
  vertex 790.697 4.60392 953.526
  vertex 790.697 7.05362 955.581
  vertex 791.074 4.64128 953.461
 endloop
endfacet
facet normal -0.197123 0.818809 -0.539161
 outer loop
  vertex 790.697 7.05362 955.581
  vertex 790.697 8.65254 958.351
  vertex 791.074 7.11086 955.533
 endloop
endfacet
facet normal -0.197123 -0.97381 0.113298
 outer loop
  vertex 791.074 -9.28257 961.5
  vertex 791.074 -8.72276 964.675
  vertex 790.697 -9.20784 961.5
 endloop
endfacet
facet normal -0.197123 -0.953833 0.226597
 outer loop
  vertex 790.697 -9.20784 961.5
  vertex 791.074 -8.72276 964.675
  vertex 790.697 -8.65254 964.649
 endloop
endfacet
facet normal -0.197123 -0.876332 0.439528
 outer loop
  vertex 790.697 -8.65254 964.649
  vertex 791.074 -8.72276 964.675
  vertex 791.074 -7.11086 967.467
 endloop
endfacet
facet normal -0.197123 -0.673155 0.712745
 outer loop
  vertex 790.697 -7.05362 967.419
  vertex 791.074 -7.11086 967.467
  vertex 791.074 -4.64128 969.539
 endloop
endfacet
facet normal -0.197123 -0.388786 0.899994
 outer loop
  vertex 790.697 -4.60392 969.474
  vertex 791.074 -4.64128 969.539
  vertex 791.074 -1.6119 970.642
 endloop
endfacet
facet normal -0.197123 -0.0575231 0.97869
 outer loop
  vertex 790.697 -1.59892 970.568
  vertex 791.074 -1.6119 970.642
  vertex 791.074 1.6119 970.642
 endloop
endfacet
facet normal -0.197123 0.280678 0.939342
 outer loop
  vertex 790.697 1.59892 970.568
  vertex 791.074 1.6119 970.642
  vertex 791.074 4.64128 969.539
 endloop
endfacet
facet normal -0.197123 0.585024 0.786695
 outer loop
  vertex 790.697 4.60392 969.474
  vertex 791.074 4.64128 969.539
  vertex 791.074 7.11086 967.467
 endloop
endfacet
facet normal -0.197123 0.818809 0.539161
 outer loop
  vertex 790.697 7.05362 967.419
  vertex 791.074 7.11086 967.467
  vertex 791.074 8.72276 964.675
 endloop
endfacet
facet normal -0.197123 0.953833 0.226597
 outer loop
  vertex 790.697 8.65254 964.649
  vertex 791.074 8.72276 964.675
  vertex 791.074 9.28257 961.5
 endloop
endfacet
facet normal -0.197123 0.97381 0.113298
 outer loop
  vertex 790.697 9.20784 961.5
  vertex 790.697 8.65254 964.649
  vertex 791.074 9.28257 961.5
 endloop
endfacet
facet normal -0.197123 0.876332 0.439528
 outer loop
  vertex 790.697 8.65254 964.649
  vertex 790.697 7.05362 967.419
  vertex 791.074 8.72276 964.675
 endloop
endfacet
facet normal -0.197123 0.673155 0.712745
 outer loop
  vertex 790.697 7.05362 967.419
  vertex 790.697 4.60392 969.474
  vertex 791.074 7.11086 967.467
 endloop
endfacet
facet normal -0.197123 0.388786 0.899994
 outer loop
  vertex 790.697 4.60392 969.474
  vertex 790.697 1.59892 970.568
  vertex 791.074 4.64128 969.539
 endloop
endfacet
facet normal -0.197123 0.0575231 0.97869
 outer loop
  vertex 790.697 1.59892 970.568
  vertex 790.697 -1.59892 970.568
  vertex 791.074 1.6119 970.642
 endloop
endfacet
facet normal -0.197123 -0.280678 0.939342
 outer loop
  vertex 790.697 -1.59892 970.568
  vertex 790.697 -4.60392 969.474
  vertex 791.074 -1.6119 970.642
 endloop
endfacet
facet normal -0.197123 -0.585024 0.786695
 outer loop
  vertex 790.697 -4.60392 969.474
  vertex 790.697 -7.05362 967.419
  vertex 791.074 -4.64128 969.539
 endloop
endfacet
facet normal -0.197123 -0.818809 0.539161
 outer loop
  vertex 790.697 -7.05362 967.419
  vertex 790.697 -8.65254 964.649
  vertex 791.074 -7.11086 967.467
 endloop
endfacet
facet normal 0.0942689 0.995032 0.032003
 outer loop
  vertex 797.93 8.3 961.5
  vertex 796.53 8.5 961.5
  vertex 797.93 8.26242 962.289
 endloop
endfacet
facet normal 0.18853 0.980062 0.0627233
 outer loop
  vertex 797.93 8.26242 962.289
  vertex 796.53 8.5 961.5
  vertex 796.53 8.46151 962.308
 endloop
endfacet
facet normal 0.18853 0.969662 0.1556
 outer loop
  vertex 797.93 8.15001 963.071
  vertex 796.53 8.46151 962.308
  vertex 796.53 8.34639 963.109
 endloop
endfacet
facet normal 0.18853 0.950481 0.247068
 outer loop
  vertex 797.93 7.96379 963.838
  vertex 796.53 8.34639 963.109
  vertex 796.53 8.15569 963.895
 endloop
endfacet
facet normal 0.18853 0.922692 0.336298
 outer loop
  vertex 797.93 7.70545 964.585
  vertex 796.53 8.15569 963.895
  vertex 796.53 7.89113 964.659
 endloop
endfacet
facet normal 0.18853 0.886547 0.422483
 outer loop
  vertex 797.93 7.37733 965.303
  vertex 796.53 7.89113 964.659
  vertex 796.53 7.5551 965.395
 endloop
endfacet
facet normal 0.18853 0.842373 0.504841
 outer loop
  vertex 797.93 6.9824 965.987
  vertex 796.53 7.5551 965.395
  vertex 796.53 7.15065 966.095
 endloop
endfacet
facet normal 0.18853 0.79057 0.582628
 outer loop
  vertex 797.93 6.52424 966.631
  vertex 796.53 7.15065 966.095
  vertex 796.53 6.68145 966.754
 endloop
endfacet
facet normal 0.18853 0.731608 0.655138
 outer loop
  vertex 797.93 6.00699 967.228
  vertex 796.53 6.68145 966.754
  vertex 796.53 6.15174 967.366
 endloop
endfacet
facet normal 0.18853 0.66602 0.721715
 outer loop
  vertex 797.93 5.43534 967.773
  vertex 796.53 6.15174 967.366
  vertex 796.53 5.56632 967.924
 endloop
endfacet
facet normal 0.18853 0.594401 0.781757
 outer loop
  vertex 797.93 4.81447 968.261
  vertex 796.53 5.56632 967.924
  vertex 796.53 4.93048 968.424
 endloop
endfacet
facet normal 0.18853 0.517399 0.834718
 outer loop
  vertex 797.93 4.15 968.688
  vertex 796.53 4.93048 968.424
  vertex 796.53 4.25 968.861
 endloop
endfacet
facet normal 0.18853 0.435711 0.880121
 outer loop
  vertex 797.93 3.44794 969.05
  vertex 796.53 4.25 968.861
  vertex 796.53 3.53103 969.232
 endloop
endfacet
facet normal 0.18853 0.350078 0.917552
 outer loop
  vertex 797.93 2.71466 969.344
  vertex 796.53 3.53103 969.232
  vertex 796.53 2.78008 969.533
 endloop
endfacet
facet normal 0.18853 0.261273 0.946674
 outer loop
  vertex 797.93 1.9568 969.566
  vertex 796.53 2.78008 969.533
  vertex 796.53 2.00395 969.76
 endloop
endfacet
facet normal 0.18853 0.170103 0.967223
 outer loop
  vertex 797.93 1.18121 969.716
  vertex 796.53 2.00395 969.76
  vertex 796.53 1.20968 969.913
 endloop
endfacet
facet normal 0.18853 0.0773926 0.979013
 outer loop
  vertex 797.93 0.39493 969.791
  vertex 796.53 1.20968 969.913
  vertex 796.53 0.404446 969.99
 endloop
endfacet
facet normal 0.18853 -0.016019 0.981937
 outer loop
  vertex 797.93 -0.39493 969.791
  vertex 796.53 0.404446 969.99
  vertex 796.53 -0.404446 969.99
 endloop
endfacet
facet normal 0.18853 -0.109285 0.975968
 outer loop
  vertex 797.93 -1.18121 969.716
  vertex 796.53 -0.404446 969.99
  vertex 796.53 -1.20968 969.913
 endloop
endfacet
facet normal 0.18853 -0.201562 0.96116
 outer loop
  vertex 797.93 -1.9568 969.566
  vertex 796.53 -1.20968 969.913
  vertex 796.53 -2.00395 969.76
 endloop
endfacet
facet normal 0.18853 -0.292014 0.937648
 outer loop
  vertex 797.93 -2.71466 969.344
  vertex 796.53 -2.00395 969.76
  vertex 796.53 -2.78008 969.533
 endloop
endfacet
facet normal 0.18853 -0.379821 0.905645
 outer loop
  vertex 797.93 -3.44794 969.05
  vertex 796.53 -2.78008 969.533
  vertex 796.53 -3.53103 969.232
 endloop
endfacet
facet normal 0.18853 -0.464188 0.86544
 outer loop
  vertex 797.93 -4.15 968.688
  vertex 796.53 -3.53103 969.232
  vertex 796.53 -4.25 968.861
 endloop
endfacet
facet normal 0.18853 -0.544351 0.817397
 outer loop
  vertex 797.93 -4.81447 968.261
  vertex 796.53 -4.25 968.861
  vertex 796.53 -4.93048 968.424
 endloop
endfacet
facet normal 0.18853 -0.619585 0.761952
 outer loop
  vertex 797.93 -5.43534 967.773
  vertex 796.53 -4.93048 968.424
  vertex 796.53 -5.56632 967.924
 endloop
endfacet
facet normal 0.18853 -0.689207 0.699607
 outer loop
  vertex 797.93 -6.00699 967.228
  vertex 796.53 -5.56632 967.924
  vertex 796.53 -6.15174 967.366
 endloop
endfacet
facet normal 0.18853 -0.752588 0.630925
 outer loop
  vertex 797.93 -6.52424 966.631
  vertex 796.53 -6.15174 967.366
  vertex 796.53 -6.68145 966.754
 endloop
endfacet
facet normal 0.18853 -0.809154 0.556531
 outer loop
  vertex 797.93 -6.9824 965.987
  vertex 796.53 -6.68145 966.754
  vertex 796.53 -7.15065 966.095
 endloop
endfacet
facet normal 0.18853 -0.858392 0.477096
 outer loop
  vertex 797.93 -7.37733 965.303
  vertex 796.53 -7.15065 966.095
  vertex 796.53 -7.5551 965.395
 endloop
endfacet
facet normal 0.18853 -0.899856 0.39334
 outer loop
  vertex 797.93 -7.70545 964.585
  vertex 796.53 -7.5551 965.395
  vertex 796.53 -7.89113 964.659
 endloop
endfacet
facet normal 0.18853 -0.93317 0.306022
 outer loop
  vertex 797.93 -7.96379 963.838
  vertex 796.53 -7.89113 964.659
  vertex 796.53 -8.15569 963.895
 endloop
endfacet
facet normal 0.188891 -0.964252 0.185844
 outer loop
  vertex 797.93 -8.15001 963.071
  vertex 796.53 -8.15569 963.895
  vertex 796.53 -8.46151 962.308
 endloop
endfacet
facet normal 0.0942689 -0.993569 0.0627258
 outer loop
  vertex 797.93 -8.26242 962.289
  vertex 796.53 -8.46151 962.308
  vertex 797.93 -8.3 961.5
 endloop
endfacet
facet normal 0.0942689 -0.987485 0.126442
 outer loop
  vertex 797.93 -8.26242 962.289
  vertex 797.93 -8.15001 963.071
  vertex 796.53 -8.46151 962.308
 endloop
endfacet
facet normal 0.18853 -0.981587 0.0307216
 outer loop
  vertex 796.53 -8.46151 962.308
  vertex 796.53 -8.5 961.5
  vertex 797.93 -8.3 961.5
 endloop
endfacet
facet normal 0.0942689 -0.963743 0.249626
 outer loop
  vertex 797.93 -8.15001 963.071
  vertex 797.93 -7.96379 963.838
  vertex 796.53 -8.15569 963.895
 endloop
endfacet
facet normal 0.0942689 -0.93565 0.340106
 outer loop
  vertex 797.93 -7.96379 963.838
  vertex 797.93 -7.70545 964.585
  vertex 796.53 -7.89113 964.659
 endloop
endfacet
facet normal 0.0942689 -0.899085 0.427505
 outer loop
  vertex 797.93 -7.70545 964.585
  vertex 797.93 -7.37733 965.303
  vertex 796.53 -7.5551 965.395
 endloop
endfacet
facet normal 0.0942689 -0.854376 0.511032
 outer loop
  vertex 797.93 -7.37733 965.303
  vertex 797.93 -6.9824 965.987
  vertex 796.53 -7.15065 966.095
 endloop
endfacet
facet normal 0.0942689 -0.801931 0.589932
 outer loop
  vertex 797.93 -6.9824 965.987
  vertex 797.93 -6.52424 966.631
  vertex 796.53 -6.68145 966.754
 endloop
endfacet
facet normal 0.0942689 -0.742223 0.663489
 outer loop
  vertex 797.93 -6.52424 966.631
  vertex 797.93 -6.00699 967.228
  vertex 796.53 -6.15174 967.366
 endloop
endfacet
facet normal 0.0942689 -0.675794 0.731038
 outer loop
  vertex 797.93 -6.00699 967.228
  vertex 797.93 -5.43534 967.773
  vertex 796.53 -5.56632 967.924
 endloop
endfacet
facet normal 0.0942689 -0.603244 0.791966
 outer loop
  vertex 797.93 -5.43534 967.773
  vertex 797.93 -4.81447 968.261
  vertex 796.53 -4.93048 968.424
 endloop
endfacet
facet normal 0.0942689 -0.525231 0.845722
 outer loop
  vertex 797.93 -4.81447 968.261
  vertex 797.93 -4.15 968.688
  vertex 796.53 -4.25 968.861
 endloop
endfacet
facet normal 0.0942689 -0.442462 0.891819
 outer loop
  vertex 797.93 -4.15 968.688
  vertex 797.93 -3.44794 969.05
  vertex 796.53 -3.53103 969.232
 endloop
endfacet
facet normal 0.0942689 -0.355686 0.929839
 outer loop
  vertex 797.93 -3.44794 969.05
  vertex 797.93 -2.71466 969.344
  vertex 796.53 -2.78008 969.533
 endloop
endfacet
facet normal 0.0942689 -0.265689 0.959439
 outer loop
  vertex 797.93 -2.71466 969.344
  vertex 797.93 -1.9568 969.566
  vertex 796.53 -2.00395 969.76
 endloop
endfacet
facet normal 0.0942689 -0.173285 0.98035
 outer loop
  vertex 797.93 -1.9568 969.566
  vertex 797.93 -1.18121 969.716
  vertex 796.53 -1.20968 969.913
 endloop
endfacet
facet normal 0.0942689 -0.0793122 0.992382
 outer loop
  vertex 797.93 -1.18121 969.716
  vertex 797.93 -0.39493 969.791
  vertex 796.53 -0.404446 969.99
 endloop
endfacet
facet normal 0.0942689 0.0153788 0.995428
 outer loop
  vertex 797.93 -0.39493 969.791
  vertex 797.93 0.39493 969.791
  vertex 796.53 0.404446 969.99
 endloop
endfacet
facet normal 0.0942689 0.109931 0.989459
 outer loop
  vertex 797.93 0.39493 969.791
  vertex 797.93 1.18121 969.716
  vertex 796.53 1.20968 969.913
 endloop
endfacet
facet normal 0.0942689 0.203487 0.974529
 outer loop
  vertex 797.93 1.18121 969.716
  vertex 797.93 1.9568 969.566
  vertex 796.53 2.00395 969.76
 endloop
endfacet
facet normal 0.0942689 0.2952 0.950773
 outer loop
  vertex 797.93 1.9568 969.566
  vertex 797.93 2.71466 969.344
  vertex 796.53 2.78008 969.533
 endloop
endfacet
facet normal 0.0942689 0.38424 0.918408
 outer loop
  vertex 797.93 2.71466 969.344
  vertex 797.93 3.44794 969.05
  vertex 796.53 3.53103 969.232
 endloop
endfacet
facet normal 0.0942689 0.469801 0.877725
 outer loop
  vertex 797.93 3.44794 969.05
  vertex 797.93 4.15 968.688
  vertex 796.53 4.25 968.861
 endloop
endfacet
facet normal 0.0942689 0.551106 0.829093
 outer loop
  vertex 797.93 4.15 968.688
  vertex 797.93 4.81447 968.261
  vertex 796.53 4.93048 968.424
 endloop
endfacet
facet normal 0.0942689 0.627421 0.772953
 outer loop
  vertex 797.93 4.81447 968.261
  vertex 797.93 5.43534 967.773
  vertex 796.53 5.56632 967.924
 endloop
endfacet
facet normal 0.0942689 0.698054 0.709813
 outer loop
  vertex 797.93 5.43534 967.773
  vertex 797.93 6.00699 967.228
  vertex 796.53 6.15174 967.366
 endloop
endfacet
facet normal 0.0942689 0.762365 0.640244
 outer loop
  vertex 797.93 6.00699 967.228
  vertex 797.93 6.52424 966.631
  vertex 796.53 6.68145 966.754
 endloop
endfacet
facet normal 0.0942689 0.819772 0.564878
 outer loop
  vertex 797.93 6.52424 966.631
  vertex 797.93 6.9824 965.987
  vertex 796.53 7.15065 966.095
 endloop
endfacet
facet normal 0.0942689 0.869755 0.484396
 outer loop
  vertex 797.93 6.9824 965.987
  vertex 797.93 7.37733 965.303
  vertex 796.53 7.5551 965.395
 endloop
endfacet
facet normal 0.0942689 0.911862 0.399527
 outer loop
  vertex 797.93 7.37733 965.303
  vertex 797.93 7.70545 964.585
  vertex 796.53 7.89113 964.659
 endloop
endfacet
facet normal 0.0942689 0.94571 0.31104
 outer loop
  vertex 797.93 7.70545 964.585
  vertex 797.93 7.96379 963.838
  vertex 796.53 8.15569 963.895
 endloop
endfacet
facet normal 0.0942689 0.970994 0.219736
 outer loop
  vertex 797.93 7.96379 963.838
  vertex 797.93 8.15001 963.071
  vertex 796.53 8.34639 963.109
 endloop
endfacet
facet normal 0.0942689 0.987485 0.126442
 outer loop
  vertex 797.93 8.15001 963.071
  vertex 797.93 8.26242 962.289
  vertex 796.53 8.46151 962.308
 endloop
endfacet
facet normal 0.0942689 -0.995032 -0.032003
 outer loop
  vertex 797.93 -8.3 961.5
  vertex 796.53 -8.5 961.5
  vertex 797.93 -8.26242 960.711
 endloop
endfacet
facet normal 0.188891 -0.977552 -0.0933449
 outer loop
  vertex 797.93 -8.26242 960.711
  vertex 796.53 -8.5 961.5
  vertex 796.53 -8.34639 959.891
 endloop
endfacet
facet normal 0.0942689 -0.970994 -0.219736
 outer loop
  vertex 797.93 -8.15001 959.929
  vertex 796.53 -8.34639 959.891
  vertex 797.93 -7.96379 959.162
 endloop
endfacet
facet normal 0.0942689 -0.983107 -0.156886
 outer loop
  vertex 797.93 -8.15001 959.929
  vertex 797.93 -8.26242 960.711
  vertex 796.53 -8.34639 959.891
 endloop
endfacet
facet normal 0.188891 -0.94222 -0.276661
 outer loop
  vertex 796.53 -8.34639 959.891
  vertex 796.53 -7.89113 958.341
  vertex 797.93 -7.96379 959.162
 endloop
endfacet
facet normal 0.0942689 -0.93565 -0.340106
 outer loop
  vertex 797.93 -7.96379 959.162
  vertex 796.53 -7.89113 958.341
  vertex 797.93 -7.70545 958.415
 endloop
endfacet
facet normal 0.0942689 -0.911862 -0.399527
 outer loop
  vertex 797.93 -7.70545 958.415
  vertex 796.53 -7.89113 958.341
  vertex 797.93 -7.37733 957.697
 endloop
endfacet
facet normal 0.188891 -0.872835 -0.449978
 outer loop
  vertex 797.93 -7.37733 957.697
  vertex 796.53 -7.89113 958.341
  vertex 796.53 -7.15065 956.905
 endloop
endfacet
facet normal 0.0942689 -0.819772 -0.564878
 outer loop
  vertex 797.93 -6.9824 957.013
  vertex 796.53 -7.15065 956.905
  vertex 797.93 -6.52424 956.369
 endloop
endfacet
facet normal 0.0942689 -0.854376 -0.511032
 outer loop
  vertex 797.93 -6.9824 957.013
  vertex 797.93 -7.37733 957.697
  vertex 796.53 -7.15065 956.905
 endloop
endfacet
facet normal 0.188891 -0.771903 -0.607031
 outer loop
  vertex 796.53 -7.15065 956.905
  vertex 796.53 -6.15174 955.634
  vertex 797.93 -6.52424 956.369
 endloop
endfacet
facet normal 0.0942689 -0.742223 -0.663489
 outer loop
  vertex 797.93 -6.52424 956.369
  vertex 796.53 -6.15174 955.634
  vertex 797.93 -6.00699 955.772
 endloop
endfacet
facet normal 0.0942689 -0.698054 -0.709813
 outer loop
  vertex 797.93 -6.00699 955.772
  vertex 796.53 -6.15174 955.634
  vertex 797.93 -5.43534 955.227
 endloop
endfacet
facet normal 0.188891 -0.643072 -0.742145
 outer loop
  vertex 797.93 -5.43534 955.227
  vertex 796.53 -6.15174 955.634
  vertex 796.53 -4.93048 954.576
 endloop
endfacet
facet normal 0.0942689 -0.551107 -0.829093
 outer loop
  vertex 797.93 -4.81447 954.739
  vertex 796.53 -4.93048 954.576
  vertex 797.93 -4.15 954.312
 endloop
endfacet
facet normal 0.0942689 -0.603244 -0.791966
 outer loop
  vertex 797.93 -4.81447 954.739
  vertex 797.93 -5.43534 955.227
  vertex 796.53 -4.93048 954.576
 endloop
endfacet
facet normal 0.188891 -0.490999 -0.850435
 outer loop
  vertex 796.53 -4.93048 954.576
  vertex 796.53 -3.53103 953.768
  vertex 797.93 -4.15 954.312
 endloop
endfacet
facet normal 0.0942689 -0.442462 -0.891819
 outer loop
  vertex 797.93 -4.15 954.312
  vertex 796.53 -3.53103 953.768
  vertex 797.93 -3.44794 953.95
 endloop
endfacet
facet normal 0.0942689 -0.38424 -0.918408
 outer loop
  vertex 797.93 -3.44794 953.95
  vertex 796.53 -3.53103 953.768
  vertex 797.93 -2.71466 953.656
 endloop
endfacet
facet normal 0.188891 -0.32118 -0.927989
 outer loop
  vertex 797.93 -2.71466 953.656
  vertex 796.53 -3.53103 953.768
  vertex 796.53 -2.00395 953.24
 endloop
endfacet
facet normal 0.0942689 -0.203487 -0.974529
 outer loop
  vertex 797.93 -1.9568 953.434
  vertex 796.53 -2.00395 953.24
  vertex 797.93 -1.18121 953.284
 endloop
endfacet
facet normal 0.0942689 -0.265689 -0.959439
 outer loop
  vertex 797.93 -1.9568 953.434
  vertex 797.93 -2.71466 953.656
  vertex 796.53 -2.00395 953.24
 endloop
endfacet
facet normal 0.188891 -0.139753 -0.972003
 outer loop
  vertex 796.53 -2.00395 953.24
  vertex 796.53 -0.404446 953.01
  vertex 797.93 -1.18121 953.284
 endloop
endfacet
facet normal 0.0942689 -0.0793122 -0.992382
 outer loop
  vertex 797.93 -1.18121 953.284
  vertex 796.53 -0.404446 953.01
  vertex 797.93 -0.39493 953.209
 endloop
endfacet
facet normal 0.0942689 -0.0153788 -0.995428
 outer loop
  vertex 797.93 -0.39493 953.209
  vertex 796.53 -0.404446 953.01
  vertex 797.93 0.39493 953.209
 endloop
endfacet
facet normal 0.188891 0.0467254 -0.980886
 outer loop
  vertex 797.93 0.39493 953.209
  vertex 796.53 -0.404446 953.01
  vertex 796.53 1.20968 953.087
 endloop
endfacet
facet normal 0.0942689 0.173285 -0.98035
 outer loop
  vertex 797.93 1.18121 953.284
  vertex 796.53 1.20968 953.087
  vertex 797.93 1.9568 953.434
 endloop
endfacet
facet normal 0.0942689 0.109931 -0.989459
 outer loop
  vertex 797.93 1.18121 953.284
  vertex 797.93 0.39493 953.209
  vertex 796.53 1.20968 953.087
 endloop
endfacet
facet normal 0.188891 0.231515 -0.954317
 outer loop
  vertex 796.53 1.20968 953.087
  vertex 796.53 2.78008 953.467
  vertex 797.93 1.9568 953.434
 endloop
endfacet
facet normal 0.0942689 0.2952 -0.950773
 outer loop
  vertex 797.93 1.9568 953.434
  vertex 796.53 2.78008 953.467
  vertex 797.93 2.71466 953.656
 endloop
endfacet
facet normal 0.0942689 0.355686 -0.929839
 outer loop
  vertex 797.93 2.71466 953.656
  vertex 796.53 2.78008 953.467
  vertex 797.93 3.44794 953.95
 endloop
endfacet
facet normal 0.188891 0.407937 -0.893257
 outer loop
  vertex 797.93 3.44794 953.95
  vertex 796.53 2.78008 953.467
  vertex 796.53 4.25 954.139
 endloop
endfacet
facet normal 0.0942689 0.525231 -0.845722
 outer loop
  vertex 797.93 4.15 954.312
  vertex 796.53 4.25 954.139
  vertex 797.93 4.81447 954.739
 endloop
endfacet
facet normal 0.0942689 0.469801 -0.877725
 outer loop
  vertex 797.93 4.15 954.312
  vertex 797.93 3.44794 953.95
  vertex 796.53 4.25 954.139
 endloop
endfacet
facet normal 0.188891 0.569615 -0.799912
 outer loop
  vertex 796.53 4.25 954.139
  vertex 796.53 5.56632 955.076
  vertex 797.93 4.81447 954.739
 endloop
endfacet
facet normal 0.0942689 0.627421 -0.772953
 outer loop
  vertex 797.93 4.81447 954.739
  vertex 796.53 5.56632 955.076
  vertex 797.93 5.43534 955.227
 endloop
endfacet
facet normal 0.0942689 0.675794 -0.731038
 outer loop
  vertex 797.93 5.43534 955.227
  vertex 796.53 5.56632 955.076
  vertex 797.93 6.00699 955.772
 endloop
endfacet
facet normal 0.188891 0.710705 -0.677656
 outer loop
  vertex 797.93 6.00699 955.772
  vertex 796.53 5.56632 955.076
  vertex 796.53 6.68145 956.246
 endloop
endfacet
facet normal 0.0942689 0.801931 -0.589932
 outer loop
  vertex 797.93 6.52424 956.369
  vertex 796.53 6.68145 956.246
  vertex 797.93 6.9824 957.013
 endloop
endfacet
facet normal 0.0942689 0.762365 -0.640244
 outer loop
  vertex 797.93 6.52424 956.369
  vertex 797.93 6.00699 955.772
  vertex 796.53 6.68145 956.246
 endloop
endfacet
facet normal 0.188891 0.826109 -0.530908
 outer loop
  vertex 796.53 6.68145 956.246
  vertex 796.53 7.5551 957.605
  vertex 797.93 6.9824 957.013
 endloop
endfacet
facet normal 0.0942689 0.869755 -0.484396
 outer loop
  vertex 797.93 6.9824 957.013
  vertex 796.53 7.5551 957.605
  vertex 797.93 7.37733 957.697
 endloop
endfacet
facet normal 0.0942689 0.899085 -0.427505
 outer loop
  vertex 797.93 7.37733 957.697
  vertex 796.53 7.5551 957.605
  vertex 797.93 7.70545 958.415
 endloop
endfacet
facet normal 0.188891 0.911656 -0.364972
 outer loop
  vertex 797.93 7.70545 958.415
  vertex 796.53 7.5551 957.605
  vertex 796.53 8.15569 959.105
 endloop
endfacet
facet normal 0.0942689 0.963743 -0.249626
 outer loop
  vertex 797.93 7.96379 959.162
  vertex 796.53 8.15569 959.105
  vertex 797.93 8.15001 959.929
 endloop
endfacet
facet normal 0.0942689 0.94571 -0.31104
 outer loop
  vertex 797.93 7.96379 959.162
  vertex 797.93 7.70545 958.415
  vertex 796.53 8.15569 959.105
 endloop
endfacet
facet normal 0.188891 0.964252 -0.185844
 outer loop
  vertex 796.53 8.15569 959.105
  vertex 796.53 8.46151 960.692
  vertex 797.93 8.15001 959.929
 endloop
endfacet
facet normal 0.0942689 0.987485 -0.126442
 outer loop
  vertex 797.93 8.15001 959.929
  vertex 796.53 8.46151 960.692
  vertex 797.93 8.26242 960.711
 endloop
endfacet
facet normal 0.0942689 0.993569 -0.0627258
 outer loop
  vertex 797.93 8.26242 960.711
  vertex 796.53 8.46151 960.692
  vertex 797.93 8.3 961.5
 endloop
endfacet
facet normal 0.18853 0.981587 -0.0307216
 outer loop
  vertex 797.93 8.3 961.5
  vertex 796.53 8.46151 960.692
  vertex 796.53 8.5 961.5
 endloop
endfacet
facet normal 0 -0.999497 0.0317173
 outer loop
  vertex 796.53 -8.5 961.5
  vertex 796.53 -8.46151 962.308
  vertex 795.7 -8.5 961.5
 endloop
endfacet
facet normal 0 -0.991968 0.126486
 outer loop
  vertex 795.7 -8.5 961.5
  vertex 796.53 -8.46151 962.308
  vertex 796.53 -8.15569 963.895
 endloop
endfacet
facet normal 0 -0.938324 0.345757
 outer loop
  vertex 795.7 -7.85298 964.753
  vertex 796.53 -8.15569 963.895
  vertex 796.53 -7.89113 964.659
 endloop
endfacet
facet normal 0 -0.914514 0.404554
 outer loop
  vertex 796.53 -7.5551 965.395
  vertex 795.7 -7.85298 964.753
  vertex 796.53 -7.89113 964.659
 endloop
endfacet
facet normal 0 -0.887013 0.461744
 outer loop
  vertex 796.53 -7.5551 965.395
  vertex 796.53 -7.15065 966.095
  vertex 795.7 -7.85298 964.753
 endloop
endfacet
facet normal 0 -0.834803 0.550549
 outer loop
  vertex 795.7 -7.85298 964.753
  vertex 796.53 -7.15065 966.095
  vertex 795.7 -6.01041 967.51
 endloop
endfacet
facet normal 0 -0.781134 0.624364
 outer loop
  vertex 795.7 -6.01041 967.51
  vertex 796.53 -7.15065 966.095
  vertex 796.53 -6.68145 966.754
 endloop
endfacet
facet normal 0 -0.739942 0.67267
 outer loop
  vertex 796.53 -6.15174 967.366
  vertex 795.7 -6.01041 967.51
  vertex 796.53 -6.68145 966.754
 endloop
endfacet
facet normal 0 -0.695803 0.718233
 outer loop
  vertex 796.53 -6.15174 967.366
  vertex 796.53 -5.56632 967.924
  vertex 795.7 -6.01041 967.51
 endloop
endfacet
facet normal 0 -0.648852 0.760915
 outer loop
  vertex 795.7 -6.01041 967.51
  vertex 796.53 -5.56632 967.924
  vertex 796.53 -4.93048 968.424
 endloop
endfacet
facet normal 0 -0.489681 0.871902
 outer loop
  vertex 795.7 -3.25281 969.353
  vertex 796.53 -4.93048 968.424
  vertex 796.53 -4.25 968.861
 endloop
endfacet
facet normal 0 -0.433361 0.901221
 outer loop
  vertex 796.53 -3.53103 969.232
  vertex 795.7 -3.25281 969.353
  vertex 796.53 -4.25 968.861
 endloop
endfacet
facet normal 0 -0.375345 0.926885
 outer loop
  vertex 796.53 -3.53103 969.232
  vertex 796.53 -2.78008 969.533
  vertex 795.7 -3.25281 969.353
 endloop
endfacet
facet normal 0 -0.315811 0.948822
 outer loop
  vertex 795.7 -3.25281 969.353
  vertex 796.53 -2.78008 969.533
  vertex 796.53 -2.00395 969.76
 endloop
endfacet
facet normal 0 -0.254936 0.966958
 outer loop
  vertex 796.53 -1.20968 969.913
  vertex 795.7 -3.25281 969.353
  vertex 796.53 -2.00395 969.76
 endloop
endfacet
facet normal 0 -0.177327 0.984152
 outer loop
  vertex 796.53 -1.20968 969.913
  vertex 795.7 -3.9342E-13 970
  vertex 795.7 -3.25281 969.353
 endloop
endfacet
facet normal 0 -0.0634106 0.997988
 outer loop
  vertex 796.53 -1.20968 969.913
  vertex 796.53 -0.404446 969.99
  vertex 795.7 -3.9342E-13 970
 endloop
endfacet
facet normal 0 3.93501E-17 1
 outer loop
  vertex 795.7 -3.9342E-13 970
  vertex 796.53 -0.404446 969.99
  vertex 796.53 0.404446 969.99
 endloop
endfacet
facet normal 0 0.0634106 0.997988
 outer loop
  vertex 796.53 1.20968 969.913
  vertex 795.7 -3.9342E-13 970
  vertex 796.53 0.404446 969.99
 endloop
endfacet
facet normal 0 0.12663 0.99195
 outer loop
  vertex 796.53 1.20968 969.913
  vertex 796.53 2.00395 969.76
  vertex 795.7 -3.9342E-13 970
 endloop
endfacet
facet normal 0 0.208863 0.977945
 outer loop
  vertex 795.7 -3.9342E-13 970
  vertex 796.53 2.00395 969.76
  vertex 795.7 3.25281 969.353
 endloop
endfacet
facet normal 0 0.315811 0.948822
 outer loop
  vertex 795.7 3.25281 969.353
  vertex 796.53 2.00395 969.76
  vertex 796.53 2.78008 969.533
 endloop
endfacet
facet normal 0 0.375345 0.926885
 outer loop
  vertex 796.53 3.53103 969.232
  vertex 795.7 3.25281 969.353
  vertex 796.53 2.78008 969.533
 endloop
endfacet
facet normal 0 0.433361 0.901221
 outer loop
  vertex 796.53 3.53103 969.232
  vertex 796.53 4.25 968.861
  vertex 795.7 3.25281 969.353
 endloop
endfacet
facet normal 0 0.489681 0.871902
 outer loop
  vertex 795.7 3.25281 969.353
  vertex 796.53 4.25 968.861
  vertex 796.53 4.93048 968.424
 endloop
endfacet
facet normal 0 0.648852 0.760915
 outer loop
  vertex 795.7 6.01041 967.51
  vertex 796.53 4.93048 968.424
  vertex 796.53 5.56632 967.924
 endloop
endfacet
facet normal 0 0.695803 0.718233
 outer loop
  vertex 796.53 6.15174 967.366
  vertex 795.7 6.01041 967.51
  vertex 796.53 5.56632 967.924
 endloop
endfacet
facet normal 0 0.739942 0.67267
 outer loop
  vertex 796.53 6.15174 967.366
  vertex 796.53 6.68145 966.754
  vertex 795.7 6.01041 967.51
 endloop
endfacet
facet normal 0 0.781134 0.624364
 outer loop
  vertex 795.7 6.01041 967.51
  vertex 796.53 6.68145 966.754
  vertex 796.53 7.15065 966.095
 endloop
endfacet
facet normal 0 0.887013 0.461744
 outer loop
  vertex 795.7 7.85298 964.753
  vertex 796.53 7.15065 966.095
  vertex 796.53 7.5551 965.395
 endloop
endfacet
facet normal 0 0.914514 0.404554
 outer loop
  vertex 796.53 7.89113 964.659
  vertex 795.7 7.85298 964.753
  vertex 796.53 7.5551 965.395
 endloop
endfacet
facet normal 0 0.938324 0.345757
 outer loop
  vertex 796.53 7.89113 964.659
  vertex 796.53 8.15569 963.895
  vertex 795.7 7.85298 964.753
 endloop
endfacet
facet normal 0 0.95837 0.28553
 outer loop
  vertex 795.7 7.85298 964.753
  vertex 796.53 8.15569 963.895
  vertex 796.53 8.34639 963.109
 endloop
endfacet
facet normal 0 0.995472 0.095056
 outer loop
  vertex 795.7 8.5 961.5
  vertex 796.53 8.34639 963.109
  vertex 796.53 8.46151 962.308
 endloop
endfacet
facet normal 0 0.999497 0.0317173
 outer loop
  vertex 796.53 8.5 961.5
  vertex 795.7 8.5 961.5
  vertex 796.53 8.46151 962.308
 endloop
endfacet
facet normal 0 0.981175 0.193119
 outer loop
  vertex 795.7 8.5 961.5
  vertex 795.7 7.85298 964.753
  vertex 796.53 8.34639 963.109
 endloop
endfacet
facet normal 0 0.834803 0.550549
 outer loop
  vertex 795.7 7.85298 964.753
  vertex 795.7 6.01041 967.51
  vertex 796.53 7.15065 966.095
 endloop
endfacet
facet normal 0 0.563894 0.825847
 outer loop
  vertex 795.7 6.01041 967.51
  vertex 795.7 3.25281 969.353
  vertex 796.53 4.93048 968.424
 endloop
endfacet
facet normal 0 -0.563894 0.825847
 outer loop
  vertex 795.7 -3.25281 969.353
  vertex 795.7 -6.01041 967.51
  vertex 796.53 -4.93048 968.424
 endloop
endfacet
facet normal 0 -0.974464 0.224546
 outer loop
  vertex 795.7 -7.85298 964.753
  vertex 795.7 -8.5 961.5
  vertex 796.53 -8.15569 963.895
 endloop
endfacet
facet normal 0 0.999497 -0.0317173
 outer loop
  vertex 796.53 8.5 961.5
  vertex 796.53 8.46151 960.692
  vertex 795.7 8.5 961.5
 endloop
endfacet
facet normal 0 0.991968 -0.126486
 outer loop
  vertex 795.7 8.5 961.5
  vertex 796.53 8.46151 960.692
  vertex 796.53 8.15569 959.105
 endloop
endfacet
facet normal 0 0.926882 -0.375353
 outer loop
  vertex 795.7 7.85298 958.247
  vertex 796.53 8.15569 959.105
  vertex 796.53 7.5551 957.605
 endloop
endfacet
facet normal 0 0.871968 -0.489563
 outer loop
  vertex 796.53 6.68145 956.246
  vertex 795.7 7.85298 958.247
  vertex 796.53 7.5551 957.605
 endloop
endfacet
facet normal 0 0.816681 -0.57709
 outer loop
  vertex 796.53 6.68145 956.246
  vertex 795.7 6.01041 955.49
  vertex 795.7 7.85298 958.247
 endloop
endfacet
facet normal 0 0.71822 -0.695816
 outer loop
  vertex 796.53 6.68145 956.246
  vertex 796.53 5.56632 955.076
  vertex 795.7 6.01041 955.49
 endloop
endfacet
facet normal 0 0.624462 -0.781055
 outer loop
  vertex 795.7 6.01041 955.49
  vertex 796.53 5.56632 955.076
  vertex 796.53 4.25 954.139
 endloop
endfacet
facet normal 0 0.404529 -0.914525
 outer loop
  vertex 795.7 3.25281 953.647
  vertex 796.53 4.25 954.139
  vertex 796.53 2.78008 953.467
 endloop
endfacet
facet normal 0 0.285642 -0.958336
 outer loop
  vertex 796.53 1.20968 953.087
  vertex 795.7 3.25281 953.647
  vertex 796.53 2.78008 953.467
 endloop
endfacet
facet normal 0 0.177327 -0.984152
 outer loop
  vertex 796.53 1.20968 953.087
  vertex 795.7 -3.96687E-13 953
  vertex 795.7 3.25281 953.647
 endloop
endfacet
facet normal 0 0.0316812 -0.999498
 outer loop
  vertex 796.53 1.20968 953.087
  vertex 796.53 -0.404446 953.01
  vertex 795.7 -3.96687E-13 953
 endloop
endfacet
facet normal 0 -0.0949483 -0.995482
 outer loop
  vertex 795.7 -3.96687E-13 953
  vertex 796.53 -0.404446 953.01
  vertex 796.53 -2.00395 953.24
 endloop
endfacet
facet normal 0 -0.345799 -0.938309
 outer loop
  vertex 795.7 -3.25281 953.647
  vertex 796.53 -2.00395 953.24
  vertex 796.53 -3.53103 953.768
 endloop
endfacet
facet normal 0 -0.461656 -0.887059
 outer loop
  vertex 796.53 -4.93048 954.576
  vertex 795.7 -3.25281 953.647
  vertex 796.53 -3.53103 953.768
 endloop
endfacet
facet normal 0 -0.563894 -0.825847
 outer loop
  vertex 796.53 -4.93048 954.576
  vertex 795.7 -6.01041 955.49
  vertex 795.7 -3.25281 953.647
 endloop
endfacet
facet normal 0 -0.67271 -0.739906
 outer loop
  vertex 796.53 -4.93048 954.576
  vertex 796.53 -6.15174 955.634
  vertex 795.7 -6.01041 955.49
 endloop
endfacet
facet normal 0 -0.760856 -0.64892
 outer loop
  vertex 795.7 -6.01041 955.49
  vertex 796.53 -6.15174 955.634
  vertex 796.53 -7.15065 956.905
 endloop
endfacet
facet normal 0 -0.901248 -0.433304
 outer loop
  vertex 795.7 -7.85298 958.247
  vertex 796.53 -7.15065 956.905
  vertex 796.53 -7.89113 958.341
 endloop
endfacet
facet normal 0 -0.948797 -0.315888
 outer loop
  vertex 796.53 -8.34639 959.891
  vertex 795.7 -7.85298 958.247
  vertex 796.53 -7.89113 958.341
 endloop
endfacet
facet normal 0 -0.981175 -0.193119
 outer loop
  vertex 796.53 -8.34639 959.891
  vertex 795.7 -8.5 961.5
  vertex 795.7 -7.85298 958.247
 endloop
endfacet
facet normal 0 -0.997992 -0.0633386
 outer loop
  vertex 796.53 -8.34639 959.891
  vertex 796.53 -8.5 961.5
  vertex 795.7 -8.5 961.5
 endloop
endfacet
facet normal 0 -0.834803 -0.550549
 outer loop
  vertex 795.7 -7.85298 958.247
  vertex 795.7 -6.01041 955.49
  vertex 796.53 -7.15065 956.905
 endloop
endfacet
facet normal 0 -0.208863 -0.977945
 outer loop
  vertex 795.7 -3.25281 953.647
  vertex 795.7 -3.96687E-13 953
  vertex 796.53 -2.00395 953.24
 endloop
endfacet
facet normal 0 0.537064 -0.843542
 outer loop
  vertex 795.7 3.25281 953.647
  vertex 795.7 6.01041 955.49
  vertex 796.53 4.25 954.139
 endloop
endfacet
facet normal 0 0.974464 -0.224546
 outer loop
  vertex 795.7 7.85298 958.247
  vertex 795.7 8.5 961.5
  vertex 796.53 8.15569 959.105
 endloop
endfacet
facet normal 0 -0.995216 0.0977039
 outer loop
  vertex 814.5 3 981.5
  vertex 804.809 3 981.5
  vertex 814.5 2.87093 980.629
 endloop
endfacet
facet normal 0 -0.974117 0.226043
 outer loop
  vertex 814.5 2.87093 980.629
  vertex 804.809 3 981.5
  vertex 804.521 2.7768 980.364
 endloop
endfacet
facet normal 0 -0.833473 0.55256
 outer loop
  vertex 814.5 2.4944 979.833
  vertex 804.521 2.7768 980.364
  vertex 804.26 2.13505 979.392
 endloop
endfacet
facet normal 0 -0.612066 0.790806
 outer loop
  vertex 814.5 1.9031 979.181
  vertex 804.26 2.13505 979.392
  vertex 804.11 1.42926 978.863
 endloop
endfacet
facet normal 0 -0.355003 0.934865
 outer loop
  vertex 814.5 1.1481 978.728
  vertex 804.11 1.42926 978.863
  vertex 804.023 0.593381 978.559
 endloop
endfacet
facet normal 0 -0.0659224 0.997825
 outer loop
  vertex 814.5 0.294112 978.514
  vertex 804.023 0.593381 978.559
  vertex 804.01 -0.298772 978.515
 endloop
endfacet
facet normal 0 0.229139 0.973394
 outer loop
  vertex 814.5 -0.585364 978.558
  vertex 804.01 -0.298772 978.515
  vertex 804.074 -1.16221 978.734
 endloop
endfacet
facet normal 0 0.503266 0.864131
 outer loop
  vertex 814.5 -1.41419 978.854
  vertex 804.074 -1.16221 978.734
  vertex 804.204 -1.91839 979.194
 endloop
endfacet
facet normal 0 0.732612 0.680646
 outer loop
  vertex 814.5 -2.12124 979.379
  vertex 804.204 -1.91839 979.194
  vertex 804.384 -2.50428 979.848
 endloop
endfacet
facet normal 0 0.912197 0.409753
 outer loop
  vertex 814.5 -2.77173 980.352
  vertex 804.384 -2.50428 979.848
  vertex 804.592 -2.87396 980.639
 endloop
endfacet
facet normal 0 0.995329 0.0965456
 outer loop
  vertex 814.5 -3 981.5
  vertex 804.592 -2.87396 980.639
  vertex 804.809 -3 981.5
 endloop
endfacet
facet normal 0 0.974052 0.226324
 outer loop
  vertex 814.5 -3 981.5
  vertex 814.5 -2.77173 980.352
  vertex 804.592 -2.87396 980.639
 endloop
endfacet
facet normal 0 0.832572 0.553917
 outer loop
  vertex 814.5 -2.77173 980.352
  vertex 814.5 -2.12124 979.379
  vertex 804.384 -2.50428 979.848
 endloop
endfacet
facet normal 0 0.610605 0.791935
 outer loop
  vertex 814.5 -2.12124 979.379
  vertex 814.5 -1.41419 978.854
  vertex 804.204 -1.91839 979.194
 endloop
endfacet
facet normal 0 0.35398 0.935253
 outer loop
  vertex 814.5 -1.41419 978.854
  vertex 814.5 -0.585364 978.558
  vertex 804.074 -1.16221 978.734
 endloop
endfacet
facet normal 0 0.0660506 0.997816
 outer loop
  vertex 814.5 -0.585364 978.558
  vertex 814.5 0.294112 978.514
  vertex 804.01 -0.298772 978.515
 endloop
endfacet
facet normal 0 -0.227872 0.973691
 outer loop
  vertex 814.5 0.294112 978.514
  vertex 814.5 1.1481 978.728
  vertex 804.023 0.593381 978.559
 endloop
endfacet
facet normal 0 -0.501563 0.865121
 outer loop
  vertex 814.5 1.1481 978.728
  vertex 814.5 1.9031 979.181
  vertex 804.11 1.42926 978.863
 endloop
endfacet
facet normal 0 -0.731268 0.68209
 outer loop
  vertex 814.5 1.9031 979.181
  vertex 814.5 2.4944 979.833
  vertex 804.26 2.13505 979.392
 endloop
endfacet
facet normal 0 -0.911524 0.411247
 outer loop
  vertex 814.5 2.4944 979.833
  vertex 814.5 2.87093 980.629
  vertex 804.521 2.7768 980.364
 endloop
endfacet
facet normal 0 0.986491 -0.163813
 outer loop
  vertex 805.245 -16.8171 947.358
  vertex 804.982 -16.4918 948.636
  vertex 815 -16.8171 947.358
 endloop
endfacet
facet normal 0 0.941978 -0.335676
 outer loop
  vertex 815 -16.8171 947.358
  vertex 804.982 -16.4918 948.636
  vertex 815 -16.4588 948.695
 endloop
endfacet
facet normal 0 0.78367 -0.621177
 outer loop
  vertex 815 -16.4588 948.695
  vertex 804.982 -16.4918 948.636
  vertex 804.66 -15.6032 949.599
 endloop
endfacet
facet normal 0 0.459534 -0.88816
 outer loop
  vertex 815 -15.4796 949.674
  vertex 804.66 -15.6032 949.599
  vertex 804.499 -15.0105 949.887
 endloop
endfacet
facet normal 0 0.117209 -0.993107
 outer loop
  vertex 815 -14.1421 950.033
  vertex 804.499 -15.0105 949.887
  vertex 804.318 -14.2036 950.033
 endloop
endfacet
facet normal 0 -0.0973657 -0.995249
 outer loop
  vertex 804.168 -13.3086 949.9
  vertex 815 -14.1421 950.033
  vertex 804.318 -14.2036 950.033
 endloop
endfacet
facet normal 0 -0.276905 -0.960897
 outer loop
  vertex 804.168 -13.3086 949.9
  vertex 815 -12.8046 949.674
  vertex 815 -14.1421 950.033
 endloop
endfacet
facet normal 0 -0.479457 -0.877565
 outer loop
  vertex 804.168 -13.3086 949.9
  vertex 804.093 -12.5039 949.472
  vertex 815 -12.8046 949.674
 endloop
endfacet
facet normal 0 -0.676072 -0.736836
 outer loop
  vertex 815 -12.8046 949.674
  vertex 804.093 -12.5039 949.472
  vertex 815 -11.8255 948.695
 endloop
endfacet
facet normal 0 -0.808698 -0.588223
 outer loop
  vertex 815 -11.8255 948.695
  vertex 804.093 -12.5039 949.472
  vertex 804.128 -11.7378 948.532
 endloop
endfacet
facet normal 0 -0.988739 -0.149649
 outer loop
  vertex 815 -11.4671 947.358
  vertex 804.128 -11.7378 948.532
  vertex 804.306 -11.4671 947.358
 endloop
endfacet
facet normal 0 -0.946905 -0.321514
 outer loop
  vertex 815 -11.4671 947.358
  vertex 815 -11.8255 948.695
  vertex 804.128 -11.7378 948.532
 endloop
endfacet
facet normal 0 0.28143 -0.959582
 outer loop
  vertex 815 -14.1421 950.033
  vertex 815 -15.4796 949.674
  vertex 804.499 -15.0105 949.887
 endloop
endfacet
facet normal 0 0.65539 -0.755291
 outer loop
  vertex 815 -15.4796 949.674
  vertex 815 -16.4588 948.695
  vertex 804.66 -15.6032 949.599
 endloop
endfacet
facet normal 0 -0.986491 0.163813
 outer loop
  vertex 805.245 16.8171 975.642
  vertex 804.982 16.4918 974.364
  vertex 815 16.8171 975.642
 endloop
endfacet
facet normal 0 -0.941978 0.335676
 outer loop
  vertex 815 16.8171 975.642
  vertex 804.982 16.4918 974.364
  vertex 815 16.4588 974.305
 endloop
endfacet
facet normal 0 -0.78367 0.621177
 outer loop
  vertex 815 16.4588 974.305
  vertex 804.982 16.4918 974.364
  vertex 804.66 15.6032 973.401
 endloop
endfacet
facet normal 0 -0.459534 0.88816
 outer loop
  vertex 815 15.4796 973.326
  vertex 804.66 15.6032 973.401
  vertex 804.499 15.0105 973.113
 endloop
endfacet
facet normal 0 -0.117209 0.993107
 outer loop
  vertex 815 14.1421 972.967
  vertex 804.499 15.0105 973.113
  vertex 804.318 14.2036 972.967
 endloop
endfacet
facet normal 0 0.0973657 0.995249
 outer loop
  vertex 804.168 13.3086 973.1
  vertex 815 14.1421 972.967
  vertex 804.318 14.2036 972.967
 endloop
endfacet
facet normal 0 0.276905 0.960897
 outer loop
  vertex 804.168 13.3086 973.1
  vertex 815 12.8046 973.326
  vertex 815 14.1421 972.967
 endloop
endfacet
facet normal 0 0.479457 0.877565
 outer loop
  vertex 804.168 13.3086 973.1
  vertex 804.093 12.5039 973.528
  vertex 815 12.8046 973.326
 endloop
endfacet
facet normal 0 0.676072 0.736836
 outer loop
  vertex 815 12.8046 973.326
  vertex 804.093 12.5039 973.528
  vertex 815 11.8255 974.305
 endloop
endfacet
facet normal 0 0.808698 0.588223
 outer loop
  vertex 815 11.8255 974.305
  vertex 804.093 12.5039 973.528
  vertex 804.128 11.7378 974.468
 endloop
endfacet
facet normal 0 0.988739 0.149649
 outer loop
  vertex 815 11.4671 975.642
  vertex 804.128 11.7378 974.468
  vertex 804.306 11.4671 975.642
 endloop
endfacet
facet normal 0 0.946905 0.321514
 outer loop
  vertex 815 11.4671 975.642
  vertex 815 11.8255 974.305
  vertex 804.128 11.7378 974.468
 endloop
endfacet
facet normal 0 -0.28143 0.959582
 outer loop
  vertex 815 14.1421 972.967
  vertex 815 15.4796 973.326
  vertex 804.499 15.0105 973.113
 endloop
endfacet
facet normal 0 -0.65539 0.755291
 outer loop
  vertex 815 15.4796 973.326
  vertex 815 16.4588 974.305
  vertex 804.66 15.6032 973.401
 endloop
endfacet
facet normal 0 -0.986418 0.164252
 outer loop
  vertex 804.306 -11.4671 947.358
  vertex 804.608 -11.7943 946.076
  vertex 815 -11.4671 947.358
 endloop
endfacet
facet normal 0 -0.941821 0.336115
 outer loop
  vertex 815 -11.4671 947.358
  vertex 804.608 -11.7943 946.076
  vertex 815 -11.8255 946.02
 endloop
endfacet
facet normal 0 -0.782332 0.622861
 outer loop
  vertex 815 -11.8255 946.02
  vertex 804.608 -11.7943 946.076
  vertex 804.936 -12.6927 945.109
 endloop
endfacet
facet normal 0 -0.455593 0.890188
 outer loop
  vertex 815 -12.8046 945.041
  vertex 804.936 -12.6927 945.109
  vertex 805.085 -13.2943 944.821
 endloop
endfacet
facet normal 0 -0.111672 0.993745
 outer loop
  vertex 815 -14.1421 944.683
  vertex 805.085 -13.2943 944.821
  vertex 805.239 -14.1037 944.683
 endloop
endfacet
facet normal 0 0.102668 0.994716
 outer loop
  vertex 805.358 -14.9944 944.822
  vertex 815 -14.1421 944.683
  vertex 805.239 -14.1037 944.683
 endloop
endfacet
facet normal 0 0.279332 0.960194
 outer loop
  vertex 805.358 -14.9944 944.822
  vertex 815 -15.4796 945.041
  vertex 815 -14.1421 944.683
 endloop
endfacet
facet normal 0 0.483126 0.875551
 outer loop
  vertex 805.358 -14.9944 944.822
  vertex 805.416 -15.7916 945.252
  vertex 815 -15.4796 945.041
 endloop
endfacet
facet normal 0 0.677378 0.735635
 outer loop
  vertex 815 -15.4796 945.041
  vertex 805.416 -15.7916 945.252
  vertex 815 -16.4588 946.02
 endloop
endfacet
facet normal 0 0.810086 0.586311
 outer loop
  vertex 815 -16.4588 946.02
  vertex 805.416 -15.7916 945.252
  vertex 805.388 -16.5485 946.189
 endloop
endfacet
facet normal 0 0.988835 0.149014
 outer loop
  vertex 815 -16.8171 947.358
  vertex 805.388 -16.5485 946.189
  vertex 805.245 -16.8171 947.358
 endloop
endfacet
facet normal 0 0.94712 0.32088
 outer loop
  vertex 815 -16.8171 947.358
  vertex 815 -16.4588 946.02
  vertex 805.388 -16.5485 946.189
 endloop
endfacet
facet normal 0 -0.278768 0.960359
 outer loop
  vertex 815 -14.1421 944.683
  vertex 815 -12.8046 945.041
  vertex 805.085 -13.2943 944.821
 endloop
endfacet
facet normal 0 -0.654055 0.756447
 outer loop
  vertex 815 -12.8046 945.041
  vertex 815 -11.8255 946.02
  vertex 804.936 -12.6927 945.109
 endloop
endfacet
facet normal 0 0.986418 -0.164252
 outer loop
  vertex 804.306 11.4671 975.642
  vertex 804.608 11.7943 976.924
  vertex 815 11.4671 975.642
 endloop
endfacet
facet normal 0 0.941821 -0.336115
 outer loop
  vertex 815 11.4671 975.642
  vertex 804.608 11.7943 976.924
  vertex 815 11.8255 976.98
 endloop
endfacet
facet normal 0 0.782332 -0.622861
 outer loop
  vertex 815 11.8255 976.98
  vertex 804.608 11.7943 976.924
  vertex 804.936 12.6927 977.891
 endloop
endfacet
facet normal 0 0.455593 -0.890188
 outer loop
  vertex 815 12.8046 977.959
  vertex 804.936 12.6927 977.891
  vertex 805.085 13.2943 978.179
 endloop
endfacet
facet normal 0 0.111672 -0.993745
 outer loop
  vertex 815 14.1421 978.317
  vertex 805.085 13.2943 978.179
  vertex 805.239 14.1037 978.317
 endloop
endfacet
facet normal 0 -0.102668 -0.994716
 outer loop
  vertex 805.358 14.9944 978.178
  vertex 815 14.1421 978.317
  vertex 805.239 14.1037 978.317
 endloop
endfacet
facet normal 0 -0.279332 -0.960194
 outer loop
  vertex 805.358 14.9944 978.178
  vertex 815 15.4796 977.959
  vertex 815 14.1421 978.317
 endloop
endfacet
facet normal 0 -0.483126 -0.875551
 outer loop
  vertex 805.358 14.9944 978.178
  vertex 805.416 15.7916 977.748
  vertex 815 15.4796 977.959
 endloop
endfacet
facet normal 0 -0.677378 -0.735635
 outer loop
  vertex 815 15.4796 977.959
  vertex 805.416 15.7916 977.748
  vertex 815 16.4588 976.98
 endloop
endfacet
facet normal 0 -0.810086 -0.586311
 outer loop
  vertex 815 16.4588 976.98
  vertex 805.416 15.7916 977.748
  vertex 805.388 16.5485 976.811
 endloop
endfacet
facet normal 0 -0.988835 -0.149014
 outer loop
  vertex 815 16.8171 975.642
  vertex 805.388 16.5485 976.811
  vertex 805.245 16.8171 975.642
 endloop
endfacet
facet normal 0 -0.94712 -0.32088
 outer loop
  vertex 815 16.8171 975.642
  vertex 815 16.4588 976.98
  vertex 805.388 16.5485 976.811
 endloop
endfacet
facet normal 0 0.278768 -0.960359
 outer loop
  vertex 815 14.1421 978.317
  vertex 815 12.8046 977.959
  vertex 805.085 13.2943 978.179
 endloop
endfacet
facet normal 0 0.654055 -0.756447
 outer loop
  vertex 815 12.8046 977.959
  vertex 815 11.8255 976.98
  vertex 804.936 12.6927 977.891
 endloop
endfacet
facet normal 0 0.995216 -0.0977019
 outer loop
  vertex 814.5 -3 981.5
  vertex 804.809 -3 981.5
  vertex 814.5 -2.87083 982.371
 endloop
endfacet
facet normal 0 0.974131 -0.225984
 outer loop
  vertex 814.5 -2.87083 982.371
  vertex 804.809 -3 981.5
  vertex 805.082 -2.77692 982.635
 endloop
endfacet
facet normal 0 0.833343 -0.552756
 outer loop
  vertex 814.5 -2.49443 983.167
  vertex 805.082 -2.77692 982.635
  vertex 805.306 -2.13319 983.609
 endloop
endfacet
facet normal 0 0.611507 -0.791239
 outer loop
  vertex 814.5 -1.90314 983.819
  vertex 805.306 -2.13319 983.609
  vertex 805.423 -1.42599 984.139
 endloop
endfacet
facet normal 0 0.354393 -0.935097
 outer loop
  vertex 814.5 -1.14806 984.272
  vertex 805.423 -1.42599 984.139
  vertex 805.488 -0.591321 984.441
 endloop
endfacet
facet normal 0 0.065849 -0.99783
 outer loop
  vertex 814.5 -0.294085 984.486
  vertex 805.488 -0.591321 984.441
  vertex 805.497 0.297292 984.485
 endloop
endfacet
facet normal 0 -0.228555 -0.973531
 outer loop
  vertex 814.5 0.58532 984.442
  vertex 805.497 0.297292 984.485
  vertex 805.45 1.15864 984.267
 endloop
endfacet
facet normal 0 -0.502556 -0.864545
 outer loop
  vertex 814.5 1.41418 984.146
  vertex 805.45 1.15864 984.267
  vertex 805.35 1.9157 983.809
 endloop
endfacet
facet normal 0 -0.732259 -0.681026
 outer loop
  vertex 814.5 2.12129 983.621
  vertex 805.35 1.9157 983.809
  vertex 805.202 2.50361 983.153
 endloop
endfacet
facet normal 0 -0.912189 -0.409769
 outer loop
  vertex 814.5 2.77168 982.648
  vertex 805.202 2.50361 983.153
  vertex 805.017 2.87412 982.36
 endloop
endfacet
facet normal 0 -0.995339 -0.0964337
 outer loop
  vertex 814.5 3 981.5
  vertex 805.017 2.87412 982.36
  vertex 804.809 3 981.5
 endloop
endfacet
facet normal 0 -0.974078 -0.226213
 outer loop
  vertex 814.5 3 981.5
  vertex 814.5 2.77168 982.648
  vertex 805.017 2.87412 982.36
 endloop
endfacet
facet normal 0 -0.832499 -0.554026
 outer loop
  vertex 814.5 2.77168 982.648
  vertex 814.5 2.12129 983.621
  vertex 805.202 2.50361 983.153
 endloop
endfacet
facet normal 0 -0.610295 -0.792174
 outer loop
  vertex 814.5 2.12129 983.621
  vertex 814.5 1.41418 984.146
  vertex 805.35 1.9157 983.809
 endloop
endfacet
facet normal 0 -0.353567 -0.935409
 outer loop
  vertex 814.5 1.41418 984.146
  vertex 814.5 0.58532 984.442
  vertex 805.45 1.15864 984.267
 endloop
endfacet
facet normal 0 -0.0658842 -0.997827
 outer loop
  vertex 814.5 0.58532 984.442
  vertex 814.5 -0.294085 984.486
  vertex 805.497 0.297292 984.485
 endloop
endfacet
facet normal 0 0.227638 -0.973746
 outer loop
  vertex 814.5 -0.294085 984.486
  vertex 814.5 -1.14806 984.272
  vertex 805.488 -0.591321 984.441
 endloop
endfacet
facet normal 0 0.501199 -0.865332
 outer loop
  vertex 814.5 -1.14806 984.272
  vertex 814.5 -1.90314 983.819
  vertex 805.423 -1.42599 984.139
 endloop
endfacet
facet normal 0 0.731067 -0.682305
 outer loop
  vertex 814.5 -1.90314 983.819
  vertex 814.5 -2.49443 983.167
  vertex 805.306 -2.13319 983.609
 endloop
endfacet
facet normal 0 0.911549 -0.411193
 outer loop
  vertex 814.5 -2.49443 983.167
  vertex 814.5 -2.87083 982.371
  vertex 805.082 -2.77692 982.635
 endloop
endfacet
facet normal 0 -0.991619 0.129197
 outer loop
  vertex 804.306 -11.4671 975.642
  vertex 804.145 -11.6689 974.623
  vertex 815 -11.4671 975.642
 endloop
endfacet
facet normal 0 -0.953602 0.30107
 outer loop
  vertex 815 -11.4671 975.642
  vertex 804.145 -11.6689 974.623
  vertex 815 -11.8255 974.305
 endloop
endfacet
facet normal 0 -0.84386 0.536564
 outer loop
  vertex 815 -11.8255 974.305
  vertex 804.145 -11.6689 974.623
  vertex 804.087 -12.2507 973.751
 endloop
endfacet
facet normal 0 -0.536565 0.843859
 outer loop
  vertex 815 -12.8046 973.326
  vertex 804.087 -12.2507 973.751
  vertex 804.145 -13.1228 973.169
 endloop
endfacet
facet normal 0 -0.129197 0.991619
 outer loop
  vertex 815 -14.1421 972.967
  vertex 804.145 -13.1228 973.169
  vertex 804.306 -14.1421 972.967
 endloop
endfacet
facet normal 0 -0.30107 0.953602
 outer loop
  vertex 815 -14.1421 972.967
  vertex 815 -12.8046 973.326
  vertex 804.145 -13.1228 973.169
 endloop
endfacet
facet normal 0 -0.707107 0.707107
 outer loop
  vertex 815 -12.8046 973.326
  vertex 815 -11.8255 974.305
  vertex 804.087 -12.2507 973.751
 endloop
endfacet
facet normal 0 0.991619 -0.129197
 outer loop
  vertex 804.306 11.4671 947.358
  vertex 804.145 11.6689 948.377
  vertex 815 11.4671 947.358
 endloop
endfacet
facet normal 0 0.953602 -0.30107
 outer loop
  vertex 815 11.4671 947.358
  vertex 804.145 11.6689 948.377
  vertex 815 11.8255 948.695
 endloop
endfacet
facet normal 0 0.84386 -0.536564
 outer loop
  vertex 815 11.8255 948.695
  vertex 804.145 11.6689 948.377
  vertex 804.087 12.2507 949.249
 endloop
endfacet
facet normal 0 0.536565 -0.843859
 outer loop
  vertex 815 12.8046 949.674
  vertex 804.087 12.2507 949.249
  vertex 804.145 13.1228 949.831
 endloop
endfacet
facet normal 0 0.129198 -0.991619
 outer loop
  vertex 815 14.1421 950.033
  vertex 804.145 13.1228 949.831
  vertex 804.306 14.1421 950.033
 endloop
endfacet
facet normal 0 0.30107 -0.953602
 outer loop
  vertex 815 14.1421 950.033
  vertex 815 12.8046 949.674
  vertex 804.145 13.1228 949.831
 endloop
endfacet
facet normal 0 0.707107 -0.707107
 outer loop
  vertex 815 12.8046 949.674
  vertex 815 11.8255 948.695
  vertex 804.087 12.2507 949.249
 endloop
endfacet
facet normal 0 0.129863 0.991532
 outer loop
  vertex 804.306 -14.1421 972.967
  vertex 804.538 -15.1665 973.171
  vertex 815 -14.1421 972.967
 endloop
endfacet
facet normal 0 0.301736 0.953392
 outer loop
  vertex 815 -14.1421 972.967
  vertex 804.538 -15.1665 973.171
  vertex 815 -15.4796 973.326
 endloop
endfacet
facet normal 0 0.536731 0.843753
 outer loop
  vertex 815 -15.4796 973.326
  vertex 804.538 -15.1665 973.171
  vertex 804.797 -16.0308 973.748
 endloop
endfacet
facet normal 0 0.842859 0.538135
 outer loop
  vertex 815 -16.4588 974.305
  vertex 804.797 -16.0308 973.748
  vertex 805.043 -16.6111 974.613
 endloop
endfacet
facet normal 0 0.991443 0.130542
 outer loop
  vertex 815 -16.8171 975.642
  vertex 805.043 -16.6111 974.613
  vertex 805.245 -16.8171 975.642
 endloop
endfacet
facet normal 0 0.953177 0.302414
 outer loop
  vertex 815 -16.8171 975.642
  vertex 815 -16.4588 974.305
  vertex 805.043 -16.6111 974.613
 endloop
endfacet
facet normal 0 0.706752 0.707461
 outer loop
  vertex 815 -16.4588 974.305
  vertex 815 -15.4796 973.326
  vertex 804.797 -16.0308 973.748
 endloop
endfacet
facet normal 0 -0.130542 -0.991443
 outer loop
  vertex 805.245 -14.1421 978.317
  vertex 805.043 -13.1126 978.111
  vertex 815 -14.1421 978.317
 endloop
endfacet
facet normal 0 -0.302414 -0.953177
 outer loop
  vertex 815 -14.1421 978.317
  vertex 805.043 -13.1126 978.111
  vertex 815 -12.8046 977.959
 endloop
endfacet
facet normal 0 -0.538135 -0.842858
 outer loop
  vertex 815 -12.8046 977.959
  vertex 805.043 -13.1126 978.111
  vertex 804.797 -12.2479 977.531
 endloop
endfacet
facet normal 0 -0.843754 -0.536731
 outer loop
  vertex 815 -11.8255 976.98
  vertex 804.797 -12.2479 977.531
  vertex 804.538 -11.671 976.667
 endloop
endfacet
facet normal 0 -0.991532 -0.129863
 outer loop
  vertex 815 -11.4671 975.642
  vertex 804.538 -11.671 976.667
  vertex 804.306 -11.4671 975.642
 endloop
endfacet
facet normal 0 -0.953392 -0.301735
 outer loop
  vertex 815 -11.4671 975.642
  vertex 815 -11.8255 976.98
  vertex 804.538 -11.671 976.667
 endloop
endfacet
facet normal 0 -0.707461 -0.706752
 outer loop
  vertex 815 -11.8255 976.98
  vertex 815 -12.8046 977.959
  vertex 804.797 -12.2479 977.531
 endloop
endfacet
facet normal 0 -0.129863 -0.991532
 outer loop
  vertex 804.306 14.1421 950.033
  vertex 804.538 15.1665 949.829
  vertex 815 14.1421 950.033
 endloop
endfacet
facet normal 0 -0.301736 -0.953392
 outer loop
  vertex 815 14.1421 950.033
  vertex 804.538 15.1665 949.829
  vertex 815 15.4796 949.674
 endloop
endfacet
facet normal 0 -0.536731 -0.843753
 outer loop
  vertex 815 15.4796 949.674
  vertex 804.538 15.1665 949.829
  vertex 804.797 16.0308 949.252
 endloop
endfacet
facet normal 0 -0.842859 -0.538135
 outer loop
  vertex 815 16.4588 948.695
  vertex 804.797 16.0308 949.252
  vertex 805.043 16.6111 948.387
 endloop
endfacet
facet normal 0 -0.991443 -0.130542
 outer loop
  vertex 815 16.8171 947.358
  vertex 805.043 16.6111 948.387
  vertex 805.245 16.8171 947.358
 endloop
endfacet
facet normal 0 -0.953177 -0.302414
 outer loop
  vertex 815 16.8171 947.358
  vertex 815 16.4588 948.695
  vertex 805.043 16.6111 948.387
 endloop
endfacet
facet normal 0 -0.706752 -0.707461
 outer loop
  vertex 815 16.4588 948.695
  vertex 815 15.4796 949.674
  vertex 804.797 16.0308 949.252
 endloop
endfacet
facet normal 0 0.130542 0.991443
 outer loop
  vertex 805.245 14.1421 944.683
  vertex 805.043 13.1126 944.889
  vertex 815 14.1421 944.683
 endloop
endfacet
facet normal 0 0.302414 0.953177
 outer loop
  vertex 815 14.1421 944.683
  vertex 805.043 13.1126 944.889
  vertex 815 12.8046 945.041
 endloop
endfacet
facet normal 0 0.538135 0.842858
 outer loop
  vertex 815 12.8046 945.041
  vertex 805.043 13.1126 944.889
  vertex 804.797 12.2479 945.469
 endloop
endfacet
facet normal 0 0.843754 0.536731
 outer loop
  vertex 815 11.8255 946.02
  vertex 804.797 12.2479 945.469
  vertex 804.538 11.671 946.333
 endloop
endfacet
facet normal 0 0.991532 0.129863
 outer loop
  vertex 815 11.4671 947.358
  vertex 804.538 11.671 946.333
  vertex 804.306 11.4671 947.358
 endloop
endfacet
facet normal 0 0.953392 0.301735
 outer loop
  vertex 815 11.4671 947.358
  vertex 815 11.8255 946.02
  vertex 804.538 11.671 946.333
 endloop
endfacet
facet normal 0 0.707461 0.706752
 outer loop
  vertex 815 11.8255 946.02
  vertex 815 12.8046 945.041
  vertex 804.797 12.2479 945.469
 endloop
endfacet
facet normal 0 -0.991594 0.129385
 outer loop
  vertex 805.245 16.8171 947.358
  vertex 805.375 16.6148 946.337
  vertex 815 16.8171 947.358
 endloop
endfacet
facet normal 0 -0.953543 0.301257
 outer loop
  vertex 815 16.8171 947.358
  vertex 805.375 16.6148 946.337
  vertex 815 16.4588 946.02
 endloop
endfacet
facet normal 0 -0.843757 0.536726
 outer loop
  vertex 815 16.4588 946.02
  vertex 805.375 16.6148 946.337
  vertex 805.42 16.0336 945.466
 endloop
endfacet
facet normal 0 -0.536726 0.843756
 outer loop
  vertex 815 15.4796 945.041
  vertex 805.42 16.0336 945.466
  vertex 805.375 15.1629 944.885
 endloop
endfacet
facet normal 0 -0.129385 0.991594
 outer loop
  vertex 815 14.1421 944.683
  vertex 805.375 15.1629 944.885
  vertex 805.245 14.1421 944.683
 endloop
endfacet
facet normal 0 -0.301257 0.953543
 outer loop
  vertex 815 14.1421 944.683
  vertex 815 15.4796 945.041
  vertex 805.375 15.1629 944.885
 endloop
endfacet
facet normal 0 -0.707107 0.707107
 outer loop
  vertex 815 15.4796 945.041
  vertex 815 16.4588 946.02
  vertex 805.42 16.0336 945.466
 endloop
endfacet
facet normal 0 0.129385 -0.991594
 outer loop
  vertex 805.245 -14.1421 978.317
  vertex 815 -14.1421 978.317
  vertex 805.375 -15.1629 978.115
 endloop
endfacet
facet normal 0 0.301257 -0.953543
 outer loop
  vertex 805.375 -15.1629 978.115
  vertex 815 -14.1421 978.317
  vertex 815 -15.4796 977.959
 endloop
endfacet
facet normal 0 0.707107 -0.707107
 outer loop
  vertex 805.42 -16.0336 977.534
  vertex 815 -15.4796 977.959
  vertex 815 -16.4588 976.98
 endloop
endfacet
facet normal 0 0.953543 -0.301257
 outer loop
  vertex 805.375 -16.6148 976.663
  vertex 815 -16.4588 976.98
  vertex 815 -16.8171 975.642
 endloop
endfacet
facet normal 0 0.991594 -0.129385
 outer loop
  vertex 805.245 -16.8171 975.642
  vertex 805.375 -16.6148 976.663
  vertex 815 -16.8171 975.642
 endloop
endfacet
facet normal 0 0.843757 -0.536726
 outer loop
  vertex 805.375 -16.6148 976.663
  vertex 805.42 -16.0336 977.534
  vertex 815 -16.4588 976.98
 endloop
endfacet
facet normal 0 0.536726 -0.843756
 outer loop
  vertex 805.42 -16.0336 977.534
  vertex 805.375 -15.1629 978.115
  vertex 815 -15.4796 977.959
 endloop
endfacet
facet normal 0.713164 -0.695069 -0.0909702
 outer loop
  vertex 815 3.5 981.5
  vertex 815 3.23365 982.839
  vertex 814.5 3 981.5
 endloop
endfacet
facet normal 0.713164 -0.676974 -0.181943
 outer loop
  vertex 814.5 3 981.5
  vertex 815 3.23365 982.839
  vertex 814.5 2.77168 982.648
 endloop
endfacet
facet normal 0.713162 -0.607357 -0.350025
 outer loop
  vertex 814.5 2.77168 982.648
  vertex 815 3.23365 982.839
  vertex 815 2.475 983.975
 endloop
endfacet
facet normal 0.710513 -0.446616 -0.543788
 outer loop
  vertex 814.5 2.12129 983.621
  vertex 815 2.475 983.975
  vertex 815 1.65021 984.587
 endloop
endfacet
facet normal 0.710512 -0.269551 -0.650012
 outer loop
  vertex 814.5 1.41418 984.146
  vertex 815 1.65021 984.587
  vertex 815 0.683367 984.933
 endloop
endfacet
facet normal 0.710513 -0.0692724 -0.700266
 outer loop
  vertex 814.5 0.58532 984.442
  vertex 815 0.683367 984.933
  vertex 815 -0.342519 984.983
 endloop
endfacet
facet normal 0.710512 0.13699 -0.690222
 outer loop
  vertex 814.5 -0.294085 984.486
  vertex 815 -0.342519 984.983
  vertex 815 -1.33884 984.734
 endloop
endfacet
facet normal 0.710512 0.331444 -0.620739
 outer loop
  vertex 814.5 -1.14806 984.272
  vertex 815 -1.33884 984.734
  vertex 815 -2.21983 984.206
 endloop
endfacet
facet normal 0.710512 0.497361 -0.4978
 outer loop
  vertex 814.5 -1.90314 983.819
  vertex 815 -2.21983 984.206
  vertex 815 -2.90981 983.445
 endloop
endfacet
facet normal 0.710512 0.620449 -0.331988
 outer loop
  vertex 814.5 -2.49443 983.167
  vertex 815 -2.90981 983.445
  vertex 815 -3.34912 982.517
 endloop
endfacet
facet normal 0.710517 0.690107 -0.137545
 outer loop
  vertex 814.5 -2.87083 982.371
  vertex 815 -3.34912 982.517
  vertex 815 -3.5 981.5
 endloop
endfacet
facet normal 0.710514 0.700316 -0.0687511
 outer loop
  vertex 814.5 -3 981.5
  vertex 814.5 -2.87083 982.371
  vertex 815 -3.5 981.5
 endloop
endfacet
facet normal 0.710512 0.650189 -0.269123
 outer loop
  vertex 814.5 -2.87083 982.371
  vertex 814.5 -2.49443 983.167
  vertex 815 -3.34912 982.517
 endloop
endfacet
facet normal 0.710512 0.54407 -0.446274
 outer loop
  vertex 814.5 -2.49443 983.167
  vertex 814.5 -1.90314 983.819
  vertex 815 -2.90981 983.445
 endloop
endfacet
facet normal 0.710512 0.391096 -0.584993
 outer loop
  vertex 814.5 -1.90314 983.819
  vertex 814.5 -1.14806 984.272
  vertex 815 -2.21983 984.206
 endloop
endfacet
facet normal 0.710512 0.204446 -0.673331
 outer loop
  vertex 814.5 -1.14806 984.272
  vertex 814.5 -0.294085 984.486
  vertex 815 -1.33884 984.734
 endloop
endfacet
facet normal 0.710513 0.000186568 -0.703684
 outer loop
  vertex 814.5 -0.294085 984.486
  vertex 814.5 0.58532 984.442
  vertex 815 -0.342519 984.983
 endloop
endfacet
facet normal 0.710512 -0.204093 -0.673438
 outer loop
  vertex 814.5 0.58532 984.442
  vertex 814.5 1.41418 984.146
  vertex 815 0.683367 984.933
 endloop
endfacet
facet normal 0.710513 -0.390779 -0.585203
 outer loop
  vertex 814.5 1.41418 984.146
  vertex 814.5 2.12129 983.621
  vertex 815 1.65021 984.587
 endloop
endfacet
facet normal 0.713163 -0.555825 -0.42715
 outer loop
  vertex 814.5 2.12129 983.621
  vertex 814.5 2.77168 982.648
  vertex 815 2.475 983.975
 endloop
endfacet
facet normal 0.713169 0.695059 0.0910081
 outer loop
  vertex 815 -3.5 981.5
  vertex 815 -3.23342 980.16
  vertex 814.5 -3 981.5
 endloop
endfacet
facet normal 0.713167 0.676961 0.181981
 outer loop
  vertex 814.5 -3 981.5
  vertex 815 -3.23342 980.16
  vertex 814.5 -2.77173 980.352
 endloop
endfacet
facet normal 0.713163 0.607326 0.350078
 outer loop
  vertex 814.5 -2.77173 980.352
  vertex 815 -3.23342 980.16
  vertex 815 -2.47475 979.025
 endloop
endfacet
facet normal 0.710512 0.446592 0.543809
 outer loop
  vertex 814.5 -2.12124 979.379
  vertex 815 -2.47475 979.025
  vertex 815 -1.65009 978.413
 endloop
endfacet
facet normal 0.710512 0.269538 0.650017
 outer loop
  vertex 814.5 -1.41419 978.854
  vertex 815 -1.65009 978.413
  vertex 815 -0.683194 978.068
 endloop
endfacet
facet normal 0.710518 0.0692122 0.700267
 outer loop
  vertex 814.5 -0.585364 978.558
  vertex 815 -0.683194 978.068
  vertex 815 0.343316 978.018
 endloop
endfacet
facet normal 0.710515 -0.137113 0.690194
 outer loop
  vertex 814.5 0.294112 978.514
  vertex 815 0.343316 978.018
  vertex 815 1.3397 978.267
 endloop
endfacet
facet normal 0.710513 -0.331541 0.620686
 outer loop
  vertex 814.5 1.1481 978.728
  vertex 815 1.3397 978.267
  vertex 815 2.22033 978.795
 endloop
endfacet
facet normal 0.710512 -0.497406 0.497755
 outer loop
  vertex 814.5 1.9031 979.181
  vertex 815 2.22033 978.795
  vertex 815 2.90997 979.555
 endloop
endfacet
facet normal 0.710511 -0.620461 0.331968
 outer loop
  vertex 814.5 2.4944 979.833
  vertex 815 2.90997 979.555
  vertex 815 3.34914 980.483
 endloop
endfacet
facet normal 0.710517 -0.690107 0.137546
 outer loop
  vertex 814.5 2.87093 980.629
  vertex 815 3.34914 980.483
  vertex 815 3.5 981.5
 endloop
endfacet
facet normal 0.710515 -0.700316 0.0687525
 outer loop
  vertex 814.5 3 981.5
  vertex 814.5 2.87093 980.629
  vertex 815 3.5 981.5
 endloop
endfacet
facet normal 0.710512 -0.650188 0.269124
 outer loop
  vertex 814.5 2.87093 980.629
  vertex 814.5 2.4944 979.833
  vertex 815 3.34914 980.483
 endloop
endfacet
facet normal 0.710514 -0.544082 0.446257
 outer loop
  vertex 814.5 2.4944 979.833
  vertex 814.5 1.9031 979.181
  vertex 815 2.90997 979.555
 endloop
endfacet
facet normal 0.710514 -0.39113 0.584967
 outer loop
  vertex 814.5 1.9031 979.181
  vertex 814.5 1.1481 978.728
  vertex 815 2.22033 978.795
 endloop
endfacet
facet normal 0.710515 -0.204513 0.673307
 outer loop
  vertex 814.5 1.1481 978.728
  vertex 814.5 0.294112 978.514
  vertex 815 1.3397 978.267
 endloop
endfacet
facet normal 0.710516 -0.000243179 0.703681
 outer loop
  vertex 814.5 0.294112 978.514
  vertex 814.5 -0.585364 978.558
  vertex 815 0.343316 978.018
 endloop
endfacet
facet normal 0.710512 0.20409 0.673438
 outer loop
  vertex 814.5 -0.585364 978.558
  vertex 814.5 -1.41419 978.854
  vertex 815 -0.683194 978.068
 endloop
endfacet
facet normal 0.710513 0.390771 0.585208
 outer loop
  vertex 814.5 -1.41419 978.854
  vertex 814.5 -2.12124 979.379
  vertex 815 -1.65009 978.413
 endloop
endfacet
facet normal 0.713165 0.555809 0.427168
 outer loop
  vertex 814.5 -2.12124 979.379
  vertex 814.5 -2.77173 980.352
  vertex 815 -2.47475 979.025
 endloop
endfacet
facet normal 0.511553 0.846467 -0.147673
 outer loop
  vertex 807.051 -1 961.5
  vertex 807.051 -0.866025 962
  vertex 809 -2.125 961.5
 endloop
endfacet
facet normal 0.511553 0.806898 -0.295345
 outer loop
  vertex 809 -2.125 961.5
  vertex 807.051 -0.866025 962
  vertex 809 -1.8403 962.563
 endloop
endfacet
facet normal 0.511553 0.659226 -0.551122
 outer loop
  vertex 809 -1.8403 962.563
  vertex 807.051 -0.866025 962
  vertex 807.051 -0.5 962.366
 endloop
endfacet
facet normal 0.511553 0.295345 -0.806898
 outer loop
  vertex 809 -1.0625 963.34
  vertex 807.051 -0.5 962.366
  vertex 807.051 -3.94245E-13 962.5
 endloop
endfacet
facet normal 0.511553 -0.147673 -0.846467
 outer loop
  vertex 809 -3.94403E-13 963.625
  vertex 807.051 -3.94245E-13 962.5
  vertex 807.051 0.5 962.366
 endloop
endfacet
facet normal 0.511553 -0.551122 -0.659226
 outer loop
  vertex 809 1.0625 963.34
  vertex 807.051 0.5 962.366
  vertex 807.051 0.866025 962
 endloop
endfacet
facet normal 0.511553 -0.806898 -0.295345
 outer loop
  vertex 809 1.8403 962.563
  vertex 807.051 0.866025 962
  vertex 807.051 1 961.5
 endloop
endfacet
facet normal 0.511553 -0.846467 -0.147673
 outer loop
  vertex 809 2.125 961.5
  vertex 809 1.8403 962.563
  vertex 807.051 1 961.5
 endloop
endfacet
facet normal 0.511553 -0.659226 -0.551122
 outer loop
  vertex 809 1.8403 962.563
  vertex 809 1.0625 963.34
  vertex 807.051 0.866025 962
 endloop
endfacet
facet normal 0.511553 -0.295345 -0.806898
 outer loop
  vertex 809 1.0625 963.34
  vertex 809 -3.94403E-13 963.625
  vertex 807.051 0.5 962.366
 endloop
endfacet
facet normal 0.511553 0.147673 -0.846467
 outer loop
  vertex 809 -3.94403E-13 963.625
  vertex 809 -1.0625 963.34
  vertex 807.051 -3.94245E-13 962.5
 endloop
endfacet
facet normal 0.511553 0.551122 -0.659226
 outer loop
  vertex 809 -1.0625 963.34
  vertex 809 -1.8403 962.563
  vertex 807.051 -0.5 962.366
 endloop
endfacet
facet normal 0.511553 -0.846467 0.147673
 outer loop
  vertex 807.051 1 961.5
  vertex 807.051 0.866025 961
  vertex 809 2.125 961.5
 endloop
endfacet
facet normal 0.511553 -0.806898 0.295345
 outer loop
  vertex 809 2.125 961.5
  vertex 807.051 0.866025 961
  vertex 809 1.8403 960.438
 endloop
endfacet
facet normal 0.511553 -0.659226 0.551122
 outer loop
  vertex 809 1.8403 960.438
  vertex 807.051 0.866025 961
  vertex 807.051 0.5 960.634
 endloop
endfacet
facet normal 0.511553 -0.295345 0.806898
 outer loop
  vertex 809 1.0625 959.66
  vertex 807.051 0.5 960.634
  vertex 807.051 -3.94944E-13 960.5
 endloop
endfacet
facet normal 0.511553 0.147673 0.846467
 outer loop
  vertex 809 -3.94924E-13 959.375
  vertex 807.051 -3.94944E-13 960.5
  vertex 807.051 -0.5 960.634
 endloop
endfacet
facet normal 0.511553 0.551122 0.659226
 outer loop
  vertex 809 -1.0625 959.66
  vertex 807.051 -0.5 960.634
  vertex 807.051 -0.866025 961
 endloop
endfacet
facet normal 0.511553 0.806898 0.295345
 outer loop
  vertex 809 -1.8403 960.438
  vertex 807.051 -0.866025 961
  vertex 807.051 -1 961.5
 endloop
endfacet
facet normal 0.511553 0.846467 0.147673
 outer loop
  vertex 809 -2.125 961.5
  vertex 809 -1.8403 960.438
  vertex 807.051 -1 961.5
 endloop
endfacet
facet normal 0.511553 0.659226 0.551122
 outer loop
  vertex 809 -1.8403 960.438
  vertex 809 -1.0625 959.66
  vertex 807.051 -0.866025 961
 endloop
endfacet
facet normal 0.511553 0.295345 0.806898
 outer loop
  vertex 809 -1.0625 959.66
  vertex 809 -3.94924E-13 959.375
  vertex 807.051 -0.5 960.634
 endloop
endfacet
facet normal 0.511553 -0.147673 0.846467
 outer loop
  vertex 809 -3.94924E-13 959.375
  vertex 809 1.0625 959.66
  vertex 807.051 -3.94944E-13 960.5
 endloop
endfacet
facet normal 0.511553 -0.551122 0.659226
 outer loop
  vertex 809 1.0625 959.66
  vertex 809 1.8403 960.438
  vertex 807.051 0.5 960.634
 endloop
endfacet
facet normal -7.017E-15 0.985121 -0.171862
 outer loop
  vertex 805.176 -1 961.5
  vertex 805.176 -0.866025 962
  vertex 807.051 -1 961.5
 endloop
endfacet
facet normal -6.66162E-15 0.939071 -0.343724
 outer loop
  vertex 807.051 -1 961.5
  vertex 805.176 -0.866025 962
  vertex 807.051 -0.866025 962
 endloop
endfacet
facet normal -5.42318E-15 0.767209 -0.641397
 outer loop
  vertex 807.051 -0.866025 962
  vertex 805.176 -0.866025 962
  vertex 805.176 -0.5 962.366
 endloop
endfacet
facet normal -2.41368E-15 0.343724 -0.939071
 outer loop
  vertex 807.051 -0.5 962.366
  vertex 805.176 -0.5 962.366
  vertex 805.176 -3.93987E-13 962.5
 endloop
endfacet
facet normal 1.22115E-15 -0.171862 -0.985121
 outer loop
  vertex 807.051 -3.94245E-13 962.5
  vertex 805.176 -3.93987E-13 962.5
  vertex 805.176 0.5 962.366
 endloop
endfacet
facet normal 4.52878E-15 -0.641397 -0.767209
 outer loop
  vertex 807.051 0.5 962.366
  vertex 805.176 0.5 962.366
  vertex 805.176 0.866025 962
 endloop
endfacet
facet normal 6.64433E-15 -0.939071 -0.343724
 outer loop
  vertex 807.051 0.866025 962
  vertex 805.176 0.866025 962
  vertex 805.176 1 961.5
 endloop
endfacet
facet normal 6.98883E-15 -0.985121 -0.171862
 outer loop
  vertex 807.051 1 961.5
  vertex 807.051 0.866025 962
  vertex 805.176 1 961.5
 endloop
endfacet
facet normal 5.39456E-15 -0.767209 -0.641397
 outer loop
  vertex 807.051 0.866025 962
  vertex 807.051 0.5 962.366
  vertex 805.176 0.866025 962
 endloop
endfacet
facet normal 2.41368E-15 -0.343724 -0.939071
 outer loop
  vertex 807.051 0.5 962.366
  vertex 807.051 -3.94245E-13 962.5
  vertex 805.176 0.5 962.366
 endloop
endfacet
facet normal -1.19253E-15 0.171862 -0.985121
 outer loop
  vertex 807.051 -3.94245E-13 962.5
  vertex 807.051 -0.5 962.366
  vertex 805.176 -3.93987E-13 962.5
 endloop
endfacet
facet normal -4.50061E-15 0.641397 -0.767209
 outer loop
  vertex 807.051 -0.5 962.366
  vertex 807.051 -0.866025 962
  vertex 805.176 -0.5 962.366
 endloop
endfacet
facet normal 7.017E-15 -0.985121 0.171862
 outer loop
  vertex 805.176 1 961.5
  vertex 805.176 0.866025 961
  vertex 807.051 1 961.5
 endloop
endfacet
facet normal 6.66162E-15 -0.939071 0.343724
 outer loop
  vertex 807.051 1 961.5
  vertex 805.176 0.866025 961
  vertex 807.051 0.866025 961
 endloop
endfacet
facet normal 5.42318E-15 -0.767209 0.641397
 outer loop
  vertex 807.051 0.866025 961
  vertex 805.176 0.866025 961
  vertex 805.176 0.5 960.634
 endloop
endfacet
facet normal 2.41368E-15 -0.343724 0.939071
 outer loop
  vertex 807.051 0.5 960.634
  vertex 805.176 0.5 960.634
  vertex 805.176 -3.95202E-13 960.5
 endloop
endfacet
facet normal -1.22115E-15 0.171862 0.985121
 outer loop
  vertex 807.051 -3.94944E-13 960.5
  vertex 805.176 -3.95202E-13 960.5
  vertex 805.176 -0.5 960.634
 endloop
endfacet
facet normal -4.52878E-15 0.641397 0.767209
 outer loop
  vertex 807.051 -0.5 960.634
  vertex 805.176 -0.5 960.634
  vertex 805.176 -0.866025 961
 endloop
endfacet
facet normal -6.64433E-15 0.939071 0.343724
 outer loop
  vertex 807.051 -0.866025 961
  vertex 805.176 -0.866025 961
  vertex 805.176 -1 961.5
 endloop
endfacet
facet normal -6.98883E-15 0.985121 0.171862
 outer loop
  vertex 807.051 -1 961.5
  vertex 807.051 -0.866025 961
  vertex 805.176 -1 961.5
 endloop
endfacet
facet normal -5.39456E-15 0.767209 0.641397
 outer loop
  vertex 807.051 -0.866025 961
  vertex 807.051 -0.5 960.634
  vertex 805.176 -0.866025 961
 endloop
endfacet
facet normal -2.41368E-15 0.343724 0.939071
 outer loop
  vertex 807.051 -0.5 960.634
  vertex 807.051 -3.94944E-13 960.5
  vertex 805.176 -0.5 960.634
 endloop
endfacet
facet normal 1.19253E-15 -0.171862 0.985121
 outer loop
  vertex 807.051 -3.94944E-13 960.5
  vertex 807.051 0.5 960.634
  vertex 805.176 -3.95202E-13 960.5
 endloop
endfacet
facet normal 4.50061E-15 -0.641397 0.767209
 outer loop
  vertex 807.051 0.5 960.634
  vertex 807.051 0.866025 961
  vertex 805.176 0.5 960.634
 endloop
endfacet
facet normal 0.859336 -0.507083 -0.0664
 outer loop
  vertex 805.176 1 961.5
  vertex 805.176 0.866025 962
  vertex 804.551 -3.94351E-13 961.5
 endloop
endfacet
facet normal 0.860514 0.0432284 -0.507589
 outer loop
  vertex 805.176 -0.5 962.366
  vertex 804.551 -3.94351E-13 961.5
  vertex 805.176 -3.93987E-13 962.5
 endloop
endfacet
facet normal 0.853637 0.361482 -0.375013
 outer loop
  vertex 805.176 -0.5 962.366
  vertex 805.176 -0.866025 962
  vertex 804.551 -3.94351E-13 961.5
 endloop
endfacet
facet normal 0.86213 0.454853 -0.22325
 outer loop
  vertex 805.176 -0.866025 962
  vertex 805.176 -1 961.5
  vertex 804.551 -3.94351E-13 961.5
 endloop
endfacet
facet normal 0.861395 -0.220371 -0.457641
 outer loop
  vertex 805.176 -3.93987E-13 962.5
  vertex 804.551 -3.94351E-13 961.5
  vertex 805.176 0.5 962.366
 endloop
endfacet
facet normal 0.853509 -0.372307 -0.364567
 outer loop
  vertex 805.176 0.5 962.366
  vertex 804.551 -3.94351E-13 961.5
  vertex 805.176 0.866025 962
 endloop
endfacet
facet normal 0.854528 0.508615 0.105325
 outer loop
  vertex 805.176 -1 961.5
  vertex 805.176 -0.866025 961
  vertex 804.551 -3.94351E-13 961.5
 endloop
endfacet
facet normal 0.866027 0.425303 0.262898
 outer loop
  vertex 805.176 -0.866025 961
  vertex 805.176 -0.5 960.634
  vertex 804.551 -3.94351E-13 961.5
 endloop
endfacet
facet normal 0.860514 -0.291231 0.41797
 outer loop
  vertex 805.176 0.866025 961
  vertex 804.551 -3.94351E-13 961.5
  vertex 805.176 0.5 960.634
 endloop
endfacet
facet normal 0.855845 -0.505023 0.111721
 outer loop
  vertex 805.176 0.866025 961
  vertex 805.176 1 961.5
  vertex 804.551 -3.94351E-13 961.5
 endloop
endfacet
facet normal 0.854306 0.120031 0.50572
 outer loop
  vertex 805.176 -3.95202E-13 960.5
  vertex 804.551 -3.94351E-13 961.5
  vertex 805.176 -0.5 960.634
 endloop
endfacet
facet normal 0.859075 -0.0580922 0.508543
 outer loop
  vertex 805.176 0.5 960.634
  vertex 804.551 -3.94351E-13 961.5
  vertex 805.176 -3.95202E-13 960.5
 endloop
endfacet
endsolid Link6
