solid Link2
facet normal 0.103911 0 -0.994587
 outer loop
  vertex 187.5 -214.239 784
  vertex 191.354 -214.146 784.609
  vertex 187.5 -224.5 784
 endloop
endfacet
facet normal 0.275792 0 -0.961217
 outer loop
  vertex 187.5 -224.5 784
  vertex 191.354 -214.146 784.609
  vertex 193.75 -224.5 785.675
 endloop
endfacet
facet normal 0.468599 0 -0.883411
 outer loop
  vertex 193.75 -224.5 785.675
  vertex 191.354 -214.146 784.609
  vertex 194.82 -213.877 786.368
 endloop
endfacet
facet normal 0.640267 0 -0.768153
 outer loop
  vertex 197.571 -213.461 789.095
  vertex 193.75 -224.5 785.675
  vertex 194.82 -213.877 786.368
 endloop
endfacet
facet normal 0.742628 -1.06463E-17 -0.669704
 outer loop
  vertex 197.571 -213.461 789.095
  vertex 198.325 -224.5 790.25
  vertex 193.75 -224.5 785.675
 endloop
endfacet
facet normal 0.880465 -1.04637E-17 -0.474111
 outer loop
  vertex 197.571 -213.461 789.095
  vertex 199.35 -212.941 792.522
  vertex 198.325 -224.5 790.25
 endloop
endfacet
facet normal 0.96023 -1.06235E-17 -0.27921
 outer loop
  vertex 198.325 -224.5 790.25
  vertex 199.35 -212.941 792.522
  vertex 200 -224.5 796.5
 endloop
endfacet
facet normal 0.993695 -3.01176E-19 -0.112113
 outer loop
  vertex 200 -224.5 796.5
  vertex 199.35 -212.941 792.522
  vertex 199.999 -212.369 796.321
 endloop
endfacet
facet normal 0.995654 -3.00876E-19 0.0931275
 outer loop
  vertex 199.459 -211.798 800.136
  vertex 200 -224.5 796.5
  vertex 199.999 -212.369 796.321
 endloop
endfacet
facet normal 0.962918 -3.5404E-33 0.269794
 outer loop
  vertex 199.459 -211.798 800.136
  vertex 198.325 -224.5 802.75
  vertex 200 -224.5 796.5
 endloop
endfacet
facet normal 0.889355 0 0.457217
 outer loop
  vertex 199.459 -211.798 800.136
  vertex 197.779 -211.282 803.612
  vertex 198.325 -224.5 802.75
 endloop
endfacet
facet normal 0.776809 0 0.629736
 outer loop
  vertex 198.325 -224.5 802.75
  vertex 197.779 -211.282 803.612
  vertex 195.11 -210.869 806.416
 endloop
endfacet
facet normal 0.48119 0 0.876616
 outer loop
  vertex 193.75 -224.5 807.325
  vertex 195.11 -210.869 806.416
  vertex 191.522 -210.588 808.335
 endloop
endfacet
facet normal 0.108539 0 0.994092
 outer loop
  vertex 187.5 -224.5 809
  vertex 191.522 -210.588 808.335
  vertex 187.5 -210.491 809
 endloop
endfacet
facet normal 0.280419 0 0.959878
 outer loop
  vertex 187.5 -224.5 809
  vertex 193.75 -224.5 807.325
  vertex 191.522 -210.588 808.335
 endloop
endfacet
facet normal 0.67488 0 0.737927
 outer loop
  vertex 193.75 -224.5 807.325
  vertex 198.325 -224.5 802.75
  vertex 195.11 -210.869 806.416
 endloop
endfacet
facet normal 0.103911 0 -0.994587
 outer loop
  vertex 112.5 -214.239 784
  vertex 116.354 -214.146 784.609
  vertex 112.5 -224.5 784
 endloop
endfacet
facet normal 0.275792 0 -0.961217
 outer loop
  vertex 112.5 -224.5 784
  vertex 116.354 -214.146 784.609
  vertex 118.75 -224.5 785.675
 endloop
endfacet
facet normal 0.468599 0 -0.883411
 outer loop
  vertex 118.75 -224.5 785.675
  vertex 116.354 -214.146 784.609
  vertex 119.82 -213.877 786.368
 endloop
endfacet
facet normal 0.640267 0 -0.768153
 outer loop
  vertex 122.571 -213.461 789.095
  vertex 118.75 -224.5 785.675
  vertex 119.82 -213.877 786.368
 endloop
endfacet
facet normal 0.742628 -1.06463E-17 -0.669704
 outer loop
  vertex 122.571 -213.461 789.095
  vertex 123.325 -224.5 790.25
  vertex 118.75 -224.5 785.675
 endloop
endfacet
facet normal 0.880465 -1.04637E-17 -0.474111
 outer loop
  vertex 122.571 -213.461 789.095
  vertex 124.35 -212.941 792.522
  vertex 123.325 -224.5 790.25
 endloop
endfacet
facet normal 0.96023 -1.06235E-17 -0.27921
 outer loop
  vertex 123.325 -224.5 790.25
  vertex 124.35 -212.941 792.522
  vertex 125 -224.5 796.5
 endloop
endfacet
facet normal 0.993695 0 -0.112113
 outer loop
  vertex 125 -224.5 796.5
  vertex 124.35 -212.941 792.522
  vertex 124.999 -212.369 796.321
 endloop
endfacet
facet normal 0.995654 0 0.0931275
 outer loop
  vertex 124.459 -211.798 800.136
  vertex 125 -224.5 796.5
  vertex 124.999 -212.369 796.321
 endloop
endfacet
facet normal 0.962918 0 0.269794
 outer loop
  vertex 124.459 -211.798 800.136
  vertex 123.325 -224.5 802.75
  vertex 125 -224.5 796.5
 endloop
endfacet
facet normal 0.889355 0 0.457217
 outer loop
  vertex 124.459 -211.798 800.136
  vertex 122.78 -211.282 803.612
  vertex 123.325 -224.5 802.75
 endloop
endfacet
facet normal 0.776809 0 0.629736
 outer loop
  vertex 123.325 -224.5 802.75
  vertex 122.78 -211.282 803.612
  vertex 120.11 -210.869 806.416
 endloop
endfacet
facet normal 0.48119 0 0.876616
 outer loop
  vertex 118.75 -224.5 807.325
  vertex 120.11 -210.869 806.416
  vertex 116.522 -210.588 808.335
 endloop
endfacet
facet normal 0.108539 0 0.994092
 outer loop
  vertex 112.5 -224.5 809
  vertex 116.522 -210.588 808.335
  vertex 112.5 -210.491 809
 endloop
endfacet
facet normal 0.280419 0 0.959878
 outer loop
  vertex 112.5 -224.5 809
  vertex 118.75 -224.5 807.325
  vertex 116.522 -210.588 808.335
 endloop
endfacet
facet normal 0.67488 0 0.737927
 outer loop
  vertex 118.75 -224.5 807.325
  vertex 123.325 -224.5 802.75
  vertex 120.11 -210.869 806.416
 endloop
endfacet
facet normal 0.106095 0 -0.994356
 outer loop
  vertex 112.5 -237.357 634
  vertex 116.433 -237.269 634.635
  vertex 112.5 -249.5 634
 endloop
endfacet
facet normal 0.277976 -1.83995E-17 -0.960588
 outer loop
  vertex 112.5 -249.5 634
  vertex 116.433 -237.269 634.635
  vertex 118.75 -249.5 635.675
 endloop
endfacet
facet normal 0.47448 -1.8132E-17 -0.880266
 outer loop
  vertex 118.75 -249.5 635.675
  vertex 116.433 -237.269 634.635
  vertex 119.955 -237.016 636.467
 endloop
endfacet
facet normal 0.771755 -2.26784E-17 -0.63592
 outer loop
  vertex 123.325 -249.5 640.25
  vertex 119.955 -237.016 636.467
  vertex 122.718 -236.62 639.3
 endloop
endfacet
facet normal 0.887813 -2.25322E-17 -0.460204
 outer loop
  vertex 124.454 -236.121 642.845
  vertex 123.325 -249.5 640.25
  vertex 122.718 -236.62 639.3
 endloop
endfacet
facet normal 0.962775 -1.06204E-17 -0.270305
 outer loop
  vertex 124.454 -236.121 642.845
  vertex 125 -249.5 646.5
  vertex 123.325 -249.5 640.25
 endloop
endfacet
facet normal 0.995774 -3.49607E-33 -0.0918365
 outer loop
  vertex 124.454 -236.121 642.845
  vertex 124.998 -235.566 646.747
  vertex 125 -249.5 646.5
 endloop
endfacet
facet normal 0.993019 -3.50096E-33 0.117952
 outer loop
  vertex 125 -249.5 646.5
  vertex 124.998 -235.566 646.747
  vertex 124.3 -235.009 650.624
 endloop
endfacet
facet normal 0.875449 0 0.48331
 outer loop
  vertex 123.325 -249.5 652.75
  vertex 124.3 -235.009 650.624
  vertex 122.427 -234.505 654.097
 endloop
endfacet
facet normal 0.628589 1.73874E-17 0.777738
 outer loop
  vertex 118.75 -249.5 657.325
  vertex 122.427 -234.505 654.097
  vertex 119.554 -234.106 656.82
 endloop
endfacet
facet normal 0.456945 1.72746E-17 0.889495
 outer loop
  vertex 116.194 -233.868 658.442
  vertex 118.75 -249.5 657.325
  vertex 119.554 -234.106 656.82
 endloop
endfacet
facet normal 0.271368 0 0.962476
 outer loop
  vertex 116.194 -233.868 658.442
  vertex 112.5 -249.5 659
  vertex 118.75 -249.5 657.325
 endloop
endfacet
facet normal 0.0994854 0 0.995039
 outer loop
  vertex 116.194 -233.868 658.442
  vertex 112.5 -233.786 659
  vertex 112.5 -249.5 659
 endloop
endfacet
facet normal 0.738233 0 0.674546
 outer loop
  vertex 118.75 -249.5 657.325
  vertex 123.325 -249.5 652.75
  vertex 122.427 -234.505 654.097
 endloop
endfacet
facet normal 0.959048 -3.54216E-33 0.283245
 outer loop
  vertex 123.325 -249.5 652.75
  vertex 125 -249.5 646.5
  vertex 124.3 -235.009 650.624
 endloop
endfacet
facet normal 0.670969 -2.90814E-17 -0.741485
 outer loop
  vertex 123.325 -249.5 640.25
  vertex 118.75 -249.5 635.675
  vertex 119.955 -237.016 636.467
 endloop
endfacet
facet normal 0.106095 0 -0.994356
 outer loop
  vertex 187.5 -237.357 634
  vertex 191.433 -237.269 634.635
  vertex 187.5 -249.5 634
 endloop
endfacet
facet normal 0.277976 -1.83995E-17 -0.960588
 outer loop
  vertex 187.5 -249.5 634
  vertex 191.433 -237.269 634.635
  vertex 193.75 -249.5 635.675
 endloop
endfacet
facet normal 0.47448 -1.8132E-17 -0.880266
 outer loop
  vertex 193.75 -249.5 635.675
  vertex 191.433 -237.269 634.635
  vertex 194.955 -237.016 636.467
 endloop
endfacet
facet normal 0.771755 -1.21398E-17 -0.63592
 outer loop
  vertex 198.325 -249.5 640.25
  vertex 194.955 -237.016 636.467
  vertex 197.718 -236.62 639.3
 endloop
endfacet
facet normal 0.887813 -1.20615E-17 -0.460204
 outer loop
  vertex 199.454 -236.121 642.845
  vertex 198.325 -249.5 640.25
  vertex 197.718 -236.62 639.3
 endloop
endfacet
facet normal 0.962775 0 -0.270305
 outer loop
  vertex 199.454 -236.121 642.845
  vertex 200 -249.5 646.5
  vertex 198.325 -249.5 640.25
 endloop
endfacet
facet normal 0.995774 0 -0.0918365
 outer loop
  vertex 199.454 -236.121 642.845
  vertex 199.998 -235.566 646.747
  vertex 200 -249.5 646.5
 endloop
endfacet
facet normal 0.993019 0 0.117952
 outer loop
  vertex 200 -249.5 646.5
  vertex 199.998 -235.566 646.747
  vertex 199.3 -235.009 650.624
 endloop
endfacet
facet normal 0.875449 1.04661E-17 0.48331
 outer loop
  vertex 198.325 -249.5 652.75
  vertex 199.3 -235.009 650.624
  vertex 197.427 -234.505 654.097
 endloop
endfacet
facet normal 0.628589 0 0.777738
 outer loop
  vertex 193.75 -249.5 657.325
  vertex 197.427 -234.505 654.097
  vertex 194.554 -234.106 656.82
 endloop
endfacet
facet normal 0.456945 0 0.889495
 outer loop
  vertex 191.193 -233.868 658.442
  vertex 193.75 -249.5 657.325
  vertex 194.554 -234.106 656.82
 endloop
endfacet
facet normal 0.271368 0 0.962476
 outer loop
  vertex 191.193 -233.868 658.442
  vertex 187.5 -249.5 659
  vertex 193.75 -249.5 657.325
 endloop
endfacet
facet normal 0.0994854 0 0.995039
 outer loop
  vertex 191.193 -233.868 658.442
  vertex 187.5 -233.786 659
  vertex 187.5 -249.5 659
 endloop
endfacet
facet normal 0.738233 1.06398E-17 0.674546
 outer loop
  vertex 193.75 -249.5 657.325
  vertex 198.325 -249.5 652.75
  vertex 197.427 -234.505 654.097
 endloop
endfacet
facet normal 0.959048 1.06255E-17 0.283245
 outer loop
  vertex 198.325 -249.5 652.75
  vertex 200 -249.5 646.5
  vertex 199.3 -235.009 650.624
 endloop
endfacet
facet normal 0.670969 -1.84369E-17 -0.741485
 outer loop
  vertex 198.325 -249.5 640.25
  vertex 193.75 -249.5 635.675
  vertex 194.955 -237.016 636.467
 endloop
endfacet
facet normal 0.88651 -1.25627E-16 0.46271
 outer loop
  vertex 225 -151.5 531.569
  vertex 225 -241.5 531.569
  vertex 231.868 -151.5 517.384
 endloop
endfacet
facet normal 0.91277 -9.82218E-17 0.408475
 outer loop
  vertex 231.868 -151.5 517.384
  vertex 225 -241.5 531.569
  vertex 231.868 -241.5 517.384
 endloop
endfacet
facet normal 0.971239 -1.09682E-16 0.238107
 outer loop
  vertex 236.081 -151.5 502.197
  vertex 231.868 -241.5 517.384
  vertex 236.081 -241.5 502.197
 endloop
endfacet
facet normal 0.998198 -1.19305E-16 0.0600134
 outer loop
  vertex 237.5 -151.5 486.5
  vertex 236.081 -241.5 502.197
  vertex 237.5 -241.5 486.5
 endloop
endfacet
facet normal 0.992771 -1.37087E-16 0.120027
 outer loop
  vertex 237.5 -151.5 486.5
  vertex 236.081 -151.5 502.197
  vertex 236.081 -241.5 502.197
 endloop
endfacet
facet normal 0.955134 -1.31773E-16 0.296173
 outer loop
  vertex 236.081 -151.5 502.197
  vertex 231.868 -151.5 517.384
  vertex 231.868 -241.5 517.384
 endloop
endfacet
facet normal 0.9933 -1.29899E-16 -0.115566
 outer loop
  vertex 237.5 -241.5 486.5
  vertex 232.223 -241.5 456.573
  vertex 237.5 -151.5 486.5
 endloop
endfacet
facet normal 0.972922 -1.47859E-16 -0.231132
 outer loop
  vertex 237.5 -151.5 486.5
  vertex 232.223 -241.5 456.573
  vertex 232.223 -151.5 456.573
 endloop
endfacet
facet normal 0.893871 -1.35087E-16 -0.448325
 outer loop
  vertex 232.223 -151.5 456.573
  vertex 232.223 -241.5 456.573
  vertex 217.029 -241.5 430.256
 endloop
endfacet
facet normal 0.686627 -1.30445E-16 -0.72701
 outer loop
  vertex 217.029 -151.5 430.256
  vertex 217.029 -241.5 430.256
  vertex 193.75 -241.5 410.723
 endloop
endfacet
facet normal 0.396567 -6.29426E-17 -0.918006
 outer loop
  vertex 193.75 -151.5 410.723
  vertex 193.75 -241.5 410.723
  vertex 165.194 -241.5 400.329
 endloop
endfacet
facet normal 0.0586744 -4.14393E-17 -0.998277
 outer loop
  vertex 165.194 -151.5 400.329
  vertex 165.194 -241.5 400.329
  vertex 134.806 -241.5 400.329
 endloop
endfacet
facet normal -0.240837 -4.0964E-17 -0.970566
 outer loop
  vertex 134.806 -151.5 400.329
  vertex 134.806 -241.5 400.329
  vertex 117.468 -204.542 405.273
 endloop
endfacet
facet normal -0.307201 -3.27878E-17 -0.951645
 outer loop
  vertex 117.468 -170.5 405.273
  vertex 134.806 -151.5 400.329
  vertex 117.468 -204.542 405.273
 endloop
endfacet
facet normal -0.352088 -6.66704E-18 -0.935967
 outer loop
  vertex 117.468 -170.5 405.273
  vertex 106.25 -151.5 410.723
  vertex 134.806 -151.5 400.329
 endloop
endfacet
facet normal -0.444137 -8.95412E-18 -0.895959
 outer loop
  vertex 117.468 -170.5 405.273
  vertex 109.901 -170.5 408.729
  vertex 106.25 -151.5 410.723
 endloop
endfacet
facet normal -0.5 -2.74152E-18 -0.866025
 outer loop
  vertex 106.25 -151.5 410.723
  vertex 109.901 -170.5 408.729
  vertex 102.698 -170.5 412.888
 endloop
endfacet
facet normal -0.553855 -4.00545E-19 -0.832613
 outer loop
  vertex 95.9211 -170.5 417.712
  vertex 106.25 -151.5 410.723
  vertex 102.698 -170.5 412.888
 endloop
endfacet
facet normal -0.634527 5.30108E-17 -0.7729
 outer loop
  vertex 95.9211 -170.5 417.712
  vertex 82.9711 -151.5 430.256
  vertex 106.25 -151.5 410.723
 endloop
endfacet
facet normal -0.670548 5.8552E-17 -0.741866
 outer loop
  vertex 95.9211 -170.5 417.712
  vertex 95.9211 -204.542 417.712
  vertex 82.9711 -151.5 430.256
 endloop
endfacet
facet normal -0.720116 7.22015E-17 -0.693854
 outer loop
  vertex 82.9711 -151.5 430.256
  vertex 95.9211 -204.542 417.712
  vertex 82.9711 -241.5 430.256
 endloop
endfacet
facet normal -0.835196 9.36474E-17 -0.549952
 outer loop
  vertex 67.7769 -241.5 456.573
  vertex 82.9711 -151.5 430.256
  vertex 82.9711 -241.5 430.256
 endloop
endfacet
facet normal -0.893871 1.33468E-16 -0.448325
 outer loop
  vertex 67.7769 -241.5 456.573
  vertex 67.7769 -151.5 456.573
  vertex 82.9711 -151.5 430.256
 endloop
endfacet
facet normal -0.972922 1.15507E-16 -0.231132
 outer loop
  vertex 67.7769 -241.5 456.573
  vertex 62.5 -241.5 486.5
  vertex 67.7769 -151.5 456.573
 endloop
endfacet
facet normal -0.9933 1.42812E-16 -0.115566
 outer loop
  vertex 67.7769 -151.5 456.573
  vertex 62.5 -241.5 486.5
  vertex 62.5 -151.5 486.5
 endloop
endfacet
facet normal -0.352088 -4.15961E-17 -0.935967
 outer loop
  vertex 134.806 -241.5 400.329
  vertex 106.25 -241.5 410.723
  vertex 117.468 -204.542 405.273
 endloop
endfacet
facet normal -0.444137 -2.6881E-17 -0.895959
 outer loop
  vertex 117.468 -204.542 405.273
  vertex 106.25 -241.5 410.723
  vertex 109.901 -204.542 408.729
 endloop
endfacet
facet normal -0.5 -4.00142E-19 -0.866025
 outer loop
  vertex 109.901 -204.542 408.729
  vertex 106.25 -241.5 410.723
  vertex 102.698 -204.542 412.888
 endloop
endfacet
facet normal -0.553855 5.01634E-18 -0.832613
 outer loop
  vertex 102.698 -204.542 412.888
  vertex 106.25 -241.5 410.723
  vertex 95.9211 -204.542 417.712
 endloop
endfacet
facet normal -0.634527 1.87848E-17 -0.7729
 outer loop
  vertex 95.9211 -204.542 417.712
  vertex 106.25 -241.5 410.723
  vertex 82.9711 -241.5 430.256
 endloop
endfacet
facet normal -0.0586744 -1.45325E-17 -0.998277
 outer loop
  vertex 134.806 -151.5 400.329
  vertex 165.194 -151.5 400.329
  vertex 134.806 -241.5 400.329
 endloop
endfacet
facet normal 0.286295 -2.69068E-17 -0.958142
 outer loop
  vertex 165.194 -151.5 400.329
  vertex 193.75 -151.5 410.723
  vertex 165.194 -241.5 400.329
 endloop
endfacet
facet normal 0.596733 -8.96266E-17 -0.80244
 outer loop
  vertex 193.75 -151.5 410.723
  vertex 217.029 -151.5 430.256
  vertex 193.75 -241.5 410.723
 endloop
endfacet
facet normal 0.835196 -1.48E-16 -0.549952
 outer loop
  vertex 217.029 -151.5 430.256
  vertex 232.223 -151.5 456.573
  vertex 217.029 -241.5 430.256
 endloop
endfacet
facet normal 0.114411 -0.141039 0.983371
 outer loop
  vertex 150 -241.5 558.642
  vertex 150 -252.5 557.096
  vertex 174.674 -241.5 554.291
 endloop
endfacet
facet normal 0.24288 -0.141304 0.959709
 outer loop
  vertex 174.674 -241.5 554.291
  vertex 150 -252.5 557.096
  vertex 177.016 -252.5 551.722
 endloop
endfacet
facet normal 0.579936 -0.141127 0.802345
 outer loop
  vertex 196.372 -241.5 541.764
  vertex 177.016 -252.5 551.722
  vertex 199.919 -252.5 536.419
 endloop
endfacet
facet normal 0.835113 -0.14101 0.531697
 outer loop
  vertex 212.477 -241.5 522.571
  vertex 199.919 -252.5 536.419
  vertex 215.222 -252.5 513.516
 endloop
endfacet
facet normal 0.97239 -0.140951 0.185985
 outer loop
  vertex 221.046 -241.5 499.027
  vertex 215.222 -252.5 513.516
  vertex 220.596 -252.5 486.5
 endloop
endfacet
facet normal 0.97239 -0.140951 -0.185985
 outer loop
  vertex 221.046 -241.5 473.973
  vertex 220.596 -252.5 486.5
  vertex 215.222 -252.5 459.484
 endloop
endfacet
facet normal 0.835113 -0.14101 -0.531697
 outer loop
  vertex 212.477 -241.5 450.429
  vertex 215.222 -252.5 459.484
  vertex 199.919 -252.5 436.581
 endloop
endfacet
facet normal 0.579936 -0.141127 -0.802345
 outer loop
  vertex 196.372 -241.5 431.236
  vertex 199.919 -252.5 436.581
  vertex 177.016 -252.5 421.278
 endloop
endfacet
facet normal 0.24288 -0.141304 -0.959709
 outer loop
  vertex 174.674 -241.5 418.709
  vertex 177.016 -252.5 421.278
  vertex 150 -252.5 415.904
 endloop
endfacet
facet normal 0.114411 -0.141039 -0.983371
 outer loop
  vertex 150 -241.5 414.358
  vertex 174.674 -241.5 418.709
  vertex 150 -252.5 415.904
 endloop
endfacet
facet normal 0.456778 -0.140833 -0.878362
 outer loop
  vertex 174.674 -241.5 418.709
  vertex 196.372 -241.5 431.236
  vertex 177.016 -252.5 421.278
 endloop
endfacet
facet normal 0.739405 -0.140686 -0.658398
 outer loop
  vertex 196.372 -241.5 431.236
  vertex 212.477 -241.5 450.429
  vertex 199.919 -252.5 436.581
 endloop
endfacet
facet normal 0.925283 -0.140598 -0.352255
 outer loop
  vertex 212.477 -241.5 450.429
  vertex 221.046 -241.5 473.973
  vertex 215.222 -252.5 459.484
 endloop
endfacet
facet normal 0.990071 -0.140569 2.04149E-17
 outer loop
  vertex 221.046 -241.5 473.973
  vertex 221.046 -241.5 499.027
  vertex 220.596 -252.5 486.5
 endloop
endfacet
facet normal 0.925283 -0.140598 0.352255
 outer loop
  vertex 221.046 -241.5 499.027
  vertex 212.477 -241.5 522.571
  vertex 215.222 -252.5 513.516
 endloop
endfacet
facet normal 0.739405 -0.140686 0.658398
 outer loop
  vertex 212.477 -241.5 522.571
  vertex 196.372 -241.5 541.764
  vertex 199.919 -252.5 536.419
 endloop
endfacet
facet normal 0.456778 -0.140833 0.878362
 outer loop
  vertex 196.372 -241.5 541.764
  vertex 174.674 -241.5 554.291
  vertex 177.016 -252.5 551.722
 endloop
endfacet
facet normal 0.130581 0 0.991438
 outer loop
  vertex 187.5 -212.944 792.5
  vertex 185.96 -212.898 792.808
  vertex 187.5 -224.5 792.5
 endloop
endfacet
facet normal 0.302453 1.84293E-17 0.953164
 outer loop
  vertex 187.5 -224.5 792.5
  vertex 185.96 -212.898 792.808
  vertex 185.5 -224.5 793.036
 endloop
endfacet
facet normal 0.538719 1.82186E-17 0.842485
 outer loop
  vertex 185.5 -224.5 793.036
  vertex 185.96 -212.898 792.808
  vertex 184.662 -212.766 793.681
 endloop
endfacet
facet normal 0.844622 1.05164E-17 0.535362
 outer loop
  vertex 184.036 -224.5 794.5
  vertex 184.662 -212.766 793.681
  vertex 183.8 -212.57 794.979
 endloop
endfacet
facet normal 0.991675 -9.3347E-34 0.128768
 outer loop
  vertex 183.5 -224.5 796.5
  vertex 183.8 -212.57 794.979
  vertex 183.5 -212.341 796.502
 endloop
endfacet
facet normal 0.991601 -9.335E-34 -0.129337
 outer loop
  vertex 183.802 -212.113 798.024
  vertex 183.5 -224.5 796.5
  vertex 183.5 -212.341 796.502
 endloop
endfacet
facet normal 0.953605 -1.06388E-17 -0.301059
 outer loop
  vertex 183.802 -212.113 798.024
  vertex 184.036 -224.5 798.5
  vertex 183.5 -224.5 796.5
 endloop
endfacet
facet normal 0.84438 -1.05163E-17 -0.535745
 outer loop
  vertex 183.802 -212.113 798.024
  vertex 184.663 -211.92 799.32
  vertex 184.036 -224.5 798.5
 endloop
endfacet
facet normal 0.707808 -2.90115E-17 -0.706405
 outer loop
  vertex 184.036 -224.5 798.5
  vertex 184.663 -211.92 799.32
  vertex 185.5 -224.5 799.964
 endloop
endfacet
facet normal 0.538495 -1.82182E-17 -0.842629
 outer loop
  vertex 185.5 -224.5 799.964
  vertex 184.663 -211.92 799.32
  vertex 185.961 -211.79 800.192
 endloop
endfacet
facet normal 0.130495 0 -0.991449
 outer loop
  vertex 187.5 -224.5 800.5
  vertex 185.961 -211.79 800.192
  vertex 187.5 -211.744 800.5
 endloop
endfacet
facet normal 0.302367 -1.84292E-17 -0.953191
 outer loop
  vertex 187.5 -224.5 800.5
  vertex 185.5 -224.5 799.964
  vertex 185.961 -211.79 800.192
 endloop
endfacet
facet normal 0.95369 1.06386E-17 0.300791
 outer loop
  vertex 183.5 -224.5 796.5
  vertex 184.036 -224.5 794.5
  vertex 183.8 -212.57 794.979
 endloop
endfacet
facet normal 0.707938 2.90115E-17 0.706274
 outer loop
  vertex 184.036 -224.5 794.5
  vertex 185.5 -224.5 793.036
  vertex 184.662 -212.766 793.681
 endloop
endfacet
facet normal 0.130581 0 0.991438
 outer loop
  vertex 112.5 -212.944 792.5
  vertex 110.96 -212.898 792.808
  vertex 112.5 -224.5 792.5
 endloop
endfacet
facet normal 0.302453 1.84293E-17 0.953164
 outer loop
  vertex 112.5 -224.5 792.5
  vertex 110.96 -212.898 792.808
  vertex 110.5 -224.5 793.036
 endloop
endfacet
facet normal 0.538719 1.82186E-17 0.842485
 outer loop
  vertex 110.5 -224.5 793.036
  vertex 110.96 -212.898 792.808
  vertex 109.662 -212.766 793.681
 endloop
endfacet
facet normal 0.844622 0 0.535362
 outer loop
  vertex 109.036 -224.5 794.5
  vertex 109.662 -212.766 793.681
  vertex 108.8 -212.57 794.979
 endloop
endfacet
facet normal 0.991675 -9.51218E-21 0.128768
 outer loop
  vertex 108.5 -224.5 796.5
  vertex 108.8 -212.57 794.979
  vertex 108.5 -212.341 796.502
 endloop
endfacet
facet normal 0.991601 -9.51249E-21 -0.129337
 outer loop
  vertex 108.802 -212.113 798.024
  vertex 108.5 -224.5 796.5
  vertex 108.5 -212.341 796.502
 endloop
endfacet
facet normal 0.953605 -1.06388E-17 -0.301059
 outer loop
  vertex 108.802 -212.113 798.024
  vertex 109.036 -224.5 798.5
  vertex 108.5 -224.5 796.5
 endloop
endfacet
facet normal 0.84438 -1.05163E-17 -0.535745
 outer loop
  vertex 108.802 -212.113 798.024
  vertex 109.663 -211.92 799.32
  vertex 109.036 -224.5 798.5
 endloop
endfacet
facet normal 0.707808 -2.90115E-17 -0.706405
 outer loop
  vertex 109.036 -224.5 798.5
  vertex 109.663 -211.92 799.32
  vertex 110.5 -224.5 799.964
 endloop
endfacet
facet normal 0.538495 -1.82182E-17 -0.842629
 outer loop
  vertex 110.5 -224.5 799.964
  vertex 109.663 -211.92 799.32
  vertex 110.961 -211.79 800.192
 endloop
endfacet
facet normal 0.130495 0 -0.991449
 outer loop
  vertex 112.5 -224.5 800.5
  vertex 110.961 -211.79 800.192
  vertex 112.5 -211.744 800.5
 endloop
endfacet
facet normal 0.302367 -1.84292E-17 -0.953191
 outer loop
  vertex 112.5 -224.5 800.5
  vertex 110.5 -224.5 799.964
  vertex 110.961 -211.79 800.192
 endloop
endfacet
facet normal 0.95369 0 0.300791
 outer loop
  vertex 108.5 -224.5 796.5
  vertex 109.036 -224.5 794.5
  vertex 108.8 -212.57 794.979
 endloop
endfacet
facet normal 0.707938 1.83925E-17 0.706274
 outer loop
  vertex 109.036 -224.5 794.5
  vertex 110.5 -224.5 793.036
  vertex 109.662 -212.766 793.681
 endloop
endfacet
facet normal 0.130525 0 0.991445
 outer loop
  vertex 112.5 -236.17 642.5
  vertex 110.961 -236.127 642.808
  vertex 112.5 -249.5 642.5
 endloop
endfacet
facet normal 0.302397 1.84292E-17 0.953182
 outer loop
  vertex 112.5 -249.5 642.5
  vertex 110.961 -236.127 642.808
  vertex 110.5 -249.5 643.036
 endloop
endfacet
facet normal 0.538615 1.82186E-17 0.842552
 outer loop
  vertex 110.5 -249.5 643.036
  vertex 110.961 -236.127 642.808
  vertex 109.662 -236.003 643.681
 endloop
endfacet
facet normal 0.844577 1.05165E-17 0.535435
 outer loop
  vertex 109.036 -249.5 644.5
  vertex 109.662 -236.003 643.681
  vertex 108.801 -235.819 644.979
 endloop
endfacet
facet normal 0.991679 -9.33481E-34 0.128738
 outer loop
  vertex 108.5 -249.5 646.5
  vertex 108.801 -235.819 644.979
  vertex 108.5 -235.601 646.502
 endloop
endfacet
facet normal 0.991582 -9.33518E-34 -0.129481
 outer loop
  vertex 108.802 -235.383 648.025
  vertex 108.5 -249.5 646.5
  vertex 108.5 -235.601 646.502
 endloop
endfacet
facet normal 0.953575 -1.06389E-17 -0.301154
 outer loop
  vertex 108.802 -235.383 648.025
  vertex 109.036 -249.5 648.5
  vertex 108.5 -249.5 646.5
 endloop
endfacet
facet normal 0.844273 -1.05163E-17 -0.535914
 outer loop
  vertex 108.802 -235.383 648.025
  vertex 109.664 -235.197 649.321
  vertex 109.036 -249.5 648.5
 endloop
endfacet
facet normal 0.707734 -2.90115E-17 -0.706479
 outer loop
  vertex 109.036 -249.5 648.5
  vertex 109.664 -235.197 649.321
  vertex 110.5 -249.5 649.964
 endloop
endfacet
facet normal 0.538354 -1.8218E-17 -0.842718
 outer loop
  vertex 110.5 -249.5 649.964
  vertex 109.664 -235.197 649.321
  vertex 110.962 -235.071 650.192
 endloop
endfacet
facet normal 0.130432 0 -0.991457
 outer loop
  vertex 112.5 -249.5 650.5
  vertex 110.962 -235.071 650.192
  vertex 112.5 -235.027 650.5
 endloop
endfacet
facet normal 0.302304 -1.84291E-17 -0.953211
 outer loop
  vertex 112.5 -249.5 650.5
  vertex 110.5 -249.5 649.964
  vertex 110.962 -235.071 650.192
 endloop
endfacet
facet normal 0.953684 1.06386E-17 0.30081
 outer loop
  vertex 108.5 -249.5 646.5
  vertex 109.036 -249.5 644.5
  vertex 108.801 -235.819 644.979
 endloop
endfacet
facet normal 0.70789 2.90115E-17 0.706322
 outer loop
  vertex 109.036 -249.5 644.5
  vertex 110.5 -249.5 643.036
  vertex 109.662 -236.003 643.681
 endloop
endfacet
facet normal -0.321901 -2.07428E-15 -0.946773
 outer loop
  vertex 175.191 -106.5 850.949
  vertex 175.191 -124.459 850.949
  vertex 167.008 -106.5 853.546
 endloop
endfacet
facet normal -0.203618 -2.14765E-15 -0.97905
 outer loop
  vertex 167.008 -106.5 853.546
  vertex 175.191 -124.459 850.949
  vertex 150 -123.946 855.646
 endloop
endfacet
facet normal -0.0409298 -2.18964E-15 -0.999162
 outer loop
  vertex 158.569 -106.5 855.119
  vertex 150 -123.946 855.646
  vertex 150 -106.5 855.646
 endloop
endfacet
facet normal -0.122584 -2.18038E-15 -0.992458
 outer loop
  vertex 158.569 -106.5 855.119
  vertex 167.008 -106.5 853.546
  vertex 150 -123.946 855.646
 endloop
endfacet
facet normal 0.0935181 0.0528008 -0.994216
 outer loop
  vertex 92.8235 -147.547 639.474
  vertex 92.8235 -139.5 639.896
  vertex 96.2817 -147.493 639.968
 endloop
endfacet
facet normal 0.265152 0.0535515 -0.962718
 outer loop
  vertex 96.2817 -147.493 639.968
  vertex 92.8235 -139.5 639.896
  vertex 98.8235 -139.5 641.504
 endloop
endfacet
facet normal 0.670263 0.053676 -0.74018
 outer loop
  vertex 100.234 -147.278 641.945
  vertex 98.8235 -139.5 641.504
  vertex 103.216 -139.5 645.896
 endloop
endfacet
facet normal 0.940989 0.0538768 -0.334121
 outer loop
  vertex 103.721 -146.833 646.013
  vertex 103.216 -139.5 645.896
  vertex 104.823 -139.5 651.896
 endloop
endfacet
facet normal 0.986075 0.0537435 0.157378
 outer loop
  vertex 105.174 -146.199 651.825
  vertex 104.823 -139.5 651.896
  vertex 103.721 -145.564 657.638
 endloop
endfacet
facet normal 0.984925 0.0537693 -0.164414
 outer loop
  vertex 105.174 -146.199 651.825
  vertex 103.721 -146.833 646.013
  vertex 104.823 -139.5 651.896
 endloop
endfacet
facet normal 0.942129 0.0538489 0.330896
 outer loop
  vertex 104.823 -139.5 651.896
  vertex 103.216 -139.5 657.896
  vertex 103.721 -145.564 657.638
 endloop
endfacet
facet normal 0.799034 0.0533788 0.598912
 outer loop
  vertex 103.721 -145.564 657.638
  vertex 103.216 -139.5 657.896
  vertex 100.234 -145.12 661.706
 endloop
endfacet
facet normal 0.671992 0.0536642 0.738612
 outer loop
  vertex 100.234 -145.12 661.706
  vertex 103.216 -139.5 657.896
  vertex 98.8235 -139.5 662.288
 endloop
endfacet
facet normal 0.266204 0.0535524 0.962428
 outer loop
  vertex 96.2817 -144.904 663.682
  vertex 98.8235 -139.5 662.288
  vertex 92.8235 -139.5 663.896
 endloop
endfacet
facet normal 0.0945703 0.0528115 0.994116
 outer loop
  vertex 92.8235 -144.85 664.176
  vertex 96.2817 -144.904 663.682
  vertex 92.8235 -139.5 663.896
 endloop
endfacet
facet normal 0.466016 0.0529286 0.883192
 outer loop
  vertex 96.2817 -144.904 663.682
  vertex 100.234 -145.12 661.706
  vertex 98.8235 -139.5 662.288
 endloop
endfacet
facet normal 0.795646 0.0533849 -0.603405
 outer loop
  vertex 103.721 -146.833 646.013
  vertex 100.234 -147.278 641.945
  vertex 103.216 -139.5 645.896
 endloop
endfacet
facet normal 0.46306 0.0529205 -0.884746
 outer loop
  vertex 100.234 -147.278 641.945
  vertex 96.2817 -147.493 639.968
  vertex 98.8235 -139.5 641.504
 endloop
endfacet
facet normal 0.130525 0 0.991445
 outer loop
  vertex 187.5 -236.17 642.5
  vertex 185.961 -236.127 642.808
  vertex 187.5 -249.5 642.5
 endloop
endfacet
facet normal 0.302397 1.84292E-17 0.953182
 outer loop
  vertex 187.5 -249.5 642.5
  vertex 185.961 -236.127 642.808
  vertex 185.5 -249.5 643.036
 endloop
endfacet
facet normal 0.538615 1.82186E-17 0.842552
 outer loop
  vertex 185.5 -249.5 643.036
  vertex 185.961 -236.127 642.808
  vertex 184.662 -236.003 643.681
 endloop
endfacet
facet normal 0.844577 1.05165E-17 0.535435
 outer loop
  vertex 184.036 -249.5 644.5
  vertex 184.662 -236.003 643.681
  vertex 183.801 -235.819 644.979
 endloop
endfacet
facet normal 0.991679 -9.33481E-34 0.128738
 outer loop
  vertex 183.5 -249.5 646.5
  vertex 183.801 -235.819 644.979
  vertex 183.5 -235.601 646.502
 endloop
endfacet
facet normal 0.991582 -9.33518E-34 -0.129481
 outer loop
  vertex 183.802 -235.383 648.025
  vertex 183.5 -249.5 646.5
  vertex 183.5 -235.601 646.502
 endloop
endfacet
facet normal 0.953575 -1.06389E-17 -0.301154
 outer loop
  vertex 183.802 -235.383 648.025
  vertex 184.036 -249.5 648.5
  vertex 183.5 -249.5 646.5
 endloop
endfacet
facet normal 0.844273 -1.05163E-17 -0.535914
 outer loop
  vertex 183.802 -235.383 648.025
  vertex 184.664 -235.197 649.321
  vertex 184.036 -249.5 648.5
 endloop
endfacet
facet normal 0.707734 -2.90115E-17 -0.706479
 outer loop
  vertex 184.036 -249.5 648.5
  vertex 184.664 -235.197 649.321
  vertex 185.5 -249.5 649.964
 endloop
endfacet
facet normal 0.538354 -1.8218E-17 -0.842718
 outer loop
  vertex 185.5 -249.5 649.964
  vertex 184.664 -235.197 649.321
  vertex 185.962 -235.071 650.192
 endloop
endfacet
facet normal 0.130432 0 -0.991457
 outer loop
  vertex 187.5 -249.5 650.5
  vertex 185.962 -235.071 650.192
  vertex 187.5 -235.027 650.5
 endloop
endfacet
facet normal 0.302304 -1.84291E-17 -0.953211
 outer loop
  vertex 187.5 -249.5 650.5
  vertex 185.5 -249.5 649.964
  vertex 185.962 -235.071 650.192
 endloop
endfacet
facet normal 0.953684 1.06386E-17 0.30081
 outer loop
  vertex 183.5 -249.5 646.5
  vertex 184.036 -249.5 644.5
  vertex 183.801 -235.819 644.979
 endloop
endfacet
facet normal 0.70789 2.90115E-17 0.706322
 outer loop
  vertex 184.036 -249.5 644.5
  vertex 185.5 -249.5 643.036
  vertex 184.662 -236.003 643.681
 endloop
endfacet
facet normal -0.347321 0.580137 0.736756
 outer loop
  vertex 132.177 -143 545.302
  vertex 110.367 -143 533.452
  vertex 128.265 -151.5 550.294
 endloop
endfacet
facet normal -0.451364 0.580045 0.678099
 outer loop
  vertex 128.265 -151.5 550.294
  vertex 110.367 -143 533.452
  vertex 105.043 -151.5 536.709
 endloop
endfacet
facet normal -0.609543 0.580209 0.540199
 outer loop
  vertex 105.043 -151.5 536.709
  vertex 110.367 -143 533.452
  vertex 95.025 -143 513.942
 endloop
endfacet
facet normal -0.77306 0.580283 0.256221
 outer loop
  vertex 88.9853 -151.5 515.124
  vertex 95.025 -143 513.942
  vertex 88.6537 -143 489.953
 endloop
endfacet
facet normal -0.811415 0.580359 -0.069196
 outer loop
  vertex 82.6504 -151.5 488.977
  vertex 88.6537 -143 489.953
  vertex 92.293 -143 465.401
 endloop
endfacet
facet normal -0.718416 0.580438 -0.383368
 outer loop
  vertex 87.0478 -151.5 462.435
  vertex 92.293 -143 465.401
  vertex 105.349 -143 444.291
 endloop
endfacet
facet normal -0.509133 0.580518 -0.635439
 outer loop
  vertex 101.477 -151.5 439.728
  vertex 105.349 -143 444.291
  vertex 125.691 -143 430.07
 endloop
endfacet
facet normal -0.217464 0.5806 -0.78461
 outer loop
  vertex 123.638 -151.5 424.475
  vertex 125.691 -143 430.07
  vertex 150 -143 425.057
 endloop
endfacet
facet normal -0.108098 0.580515 -0.807042
 outer loop
  vertex 150 -151.5 419.105
  vertex 123.638 -151.5 424.475
  vertex 150 -143 425.057
 endloop
endfacet
facet normal -0.416341 0.580431 -0.699828
 outer loop
  vertex 123.638 -151.5 424.475
  vertex 101.477 -151.5 439.728
  vertex 125.691 -143 430.07
 endloop
endfacet
facet normal -0.657745 0.58035 -0.480171
 outer loop
  vertex 101.477 -151.5 439.728
  vertex 87.0478 -151.5 462.435
  vertex 105.349 -143 444.291
 endloop
endfacet
facet normal -0.793518 0.580271 -0.183345
 outer loop
  vertex 87.0478 -151.5 462.435
  vertex 82.6504 -151.5 488.977
  vertex 92.293 -143 465.401
 endloop
endfacet
facet normal -0.801831 0.580194 0.142976
 outer loop
  vertex 82.6504 -151.5 488.977
  vertex 88.9853 -151.5 515.124
  vertex 88.6537 -143 489.953
 endloop
endfacet
facet normal -0.681333 0.580119 0.446372
 outer loop
  vertex 88.9853 -151.5 515.124
  vertex 105.043 -151.5 536.709
  vertex 95.025 -143 513.942
 endloop
endfacet
facet normal -0.939071 0 0.343724
 outer loop
  vertex 108.013 -204.542 402.777
  vertex 108.75 -204.542 405.527
  vertex 108.013 -170.5 402.777
 endloop
endfacet
facet normal -0.985121 0 0.171862
 outer loop
  vertex 108.013 -170.5 402.777
  vertex 108.75 -204.542 405.527
  vertex 108.75 -170.5 405.527
 endloop
endfacet
facet normal -0.985121 0 -0.171862
 outer loop
  vertex 108.75 -170.5 405.527
  vertex 108.75 -204.542 405.527
  vertex 108.013 -204.542 408.277
 endloop
endfacet
facet normal -0.767209 -0 -0.641397
 outer loop
  vertex 108.013 -170.5 408.277
  vertex 108.013 -204.542 408.277
  vertex 106 -204.542 410.29
 endloop
endfacet
facet normal -0.343724 -0 -0.939071
 outer loop
  vertex 106 -170.5 410.29
  vertex 106 -204.542 410.29
  vertex 103.25 -204.542 411.027
 endloop
endfacet
facet normal -0.171862 -0 -0.985121
 outer loop
  vertex 103.25 -170.5 411.027
  vertex 106 -170.5 410.29
  vertex 103.25 -204.542 411.027
 endloop
endfacet
facet normal -0.641397 -0 -0.767209
 outer loop
  vertex 106 -170.5 410.29
  vertex 108.013 -170.5 408.277
  vertex 106 -204.542 410.29
 endloop
endfacet
facet normal -0.939071 0 -0.343724
 outer loop
  vertex 108.013 -170.5 408.277
  vertex 108.75 -170.5 405.527
  vertex 108.013 -204.542 408.277
 endloop
endfacet
facet normal 0.343724 6.70799E-17 0.939071
 outer loop
  vertex 92.8235 -138 656.896
  vertex 95.3235 -139.5 656.226
  vertex 95.3235 -138 656.226
 endloop
endfacet
facet normal 0.171862 8.19865E-17 0.985121
 outer loop
  vertex 92.8235 -138 656.896
  vertex 92.8235 -139.5 656.896
  vertex 95.3235 -139.5 656.226
 endloop
endfacet
facet normal 0.767209 2.236E-17 0.641397
 outer loop
  vertex 95.3235 -138 656.226
  vertex 97.1536 -139.5 654.396
  vertex 97.1536 -138 654.396
 endloop
endfacet
facet normal 0.641397 4.47199E-17 0.767209
 outer loop
  vertex 95.3235 -138 656.226
  vertex 95.3235 -139.5 656.226
  vertex 97.1536 -139.5 654.396
 endloop
endfacet
facet normal 0.939071 7.45332E-18 0.343724
 outer loop
  vertex 97.1536 -139.5 654.396
  vertex 97.8235 -139.5 651.896
  vertex 97.1536 -138 654.396
 endloop
endfacet
facet normal 0.985121 7.45332E-18 0.171862
 outer loop
  vertex 97.1536 -138 654.396
  vertex 97.8235 -139.5 651.896
  vertex 97.8235 -138 651.896
 endloop
endfacet
facet normal 0.985121 0 -0.171862
 outer loop
  vertex 97.8235 -138 651.896
  vertex 97.8235 -139.5 651.896
  vertex 97.1536 -139.5 649.396
 endloop
endfacet
facet normal 0.767209 -3.72666E-17 -0.641397
 outer loop
  vertex 97.1536 -138 649.396
  vertex 97.1536 -139.5 649.396
  vertex 95.3235 -139.5 647.566
 endloop
endfacet
facet normal 0.343724 -7.45332E-17 -0.939071
 outer loop
  vertex 95.3235 -138 647.566
  vertex 95.3235 -139.5 647.566
  vertex 92.8235 -139.5 646.896
 endloop
endfacet
facet normal 0.171862 -6.70799E-17 -0.985121
 outer loop
  vertex 92.8235 -138 646.896
  vertex 95.3235 -138 647.566
  vertex 92.8235 -139.5 646.896
 endloop
endfacet
facet normal 0.641397 -5.21732E-17 -0.767209
 outer loop
  vertex 95.3235 -138 647.566
  vertex 97.1536 -138 649.396
  vertex 95.3235 -139.5 647.566
 endloop
endfacet
facet normal 0.939071 -7.45332E-18 -0.343724
 outer loop
  vertex 97.1536 -138 649.396
  vertex 97.8235 -138 651.896
  vertex 97.1536 -139.5 649.396
 endloop
endfacet
facet normal 0.985121 0 0.171862
 outer loop
  vertex 185 -138 486.5
  vertex 180.311 -138 504
  vertex 185 -143 486.5
 endloop
endfacet
facet normal 0.939071 0 0.343724
 outer loop
  vertex 185 -143 486.5
  vertex 180.311 -138 504
  vertex 180.311 -143 504
 endloop
endfacet
facet normal 0.767209 0 0.641397
 outer loop
  vertex 180.311 -143 504
  vertex 180.311 -138 504
  vertex 167.5 -138 516.811
 endloop
endfacet
facet normal 0.343724 0 0.939071
 outer loop
  vertex 167.5 -143 516.811
  vertex 167.5 -138 516.811
  vertex 150 -138 521.5
 endloop
endfacet
facet normal -0.171862 0 0.985121
 outer loop
  vertex 150 -143 521.5
  vertex 150 -138 521.5
  vertex 132.5 -138 516.811
 endloop
endfacet
facet normal -0.641397 0 0.767209
 outer loop
  vertex 132.5 -143 516.811
  vertex 132.5 -138 516.811
  vertex 119.689 -138 504
 endloop
endfacet
facet normal -0.939071 0 0.343724
 outer loop
  vertex 119.689 -143 504
  vertex 119.689 -138 504
  vertex 115 -138 486.5
 endloop
endfacet
facet normal -0.985121 0 0.171862
 outer loop
  vertex 115 -143 486.5
  vertex 119.689 -143 504
  vertex 115 -138 486.5
 endloop
endfacet
facet normal -0.767209 0 0.641397
 outer loop
  vertex 119.689 -143 504
  vertex 132.5 -143 516.811
  vertex 119.689 -138 504
 endloop
endfacet
facet normal -0.343724 0 0.939071
 outer loop
  vertex 132.5 -143 516.811
  vertex 150 -143 521.5
  vertex 132.5 -138 516.811
 endloop
endfacet
facet normal 0.171862 0 0.985121
 outer loop
  vertex 150 -143 521.5
  vertex 167.5 -143 516.811
  vertex 150 -138 521.5
 endloop
endfacet
facet normal 0.641397 0 0.767209
 outer loop
  vertex 167.5 -143 516.811
  vertex 180.311 -143 504
  vertex 167.5 -138 516.811
 endloop
endfacet
facet normal 0.685815 0.717874 0.119646
 outer loop
  vertex 97.3235 -137.5 651.896
  vertex 96.7206 -137.5 654.146
  vertex 97.8235 -138 651.896
 endloop
endfacet
facet normal 0.653756 0.717874 0.239291
 outer loop
  vertex 97.8235 -138 651.896
  vertex 96.7206 -137.5 654.146
  vertex 97.1536 -138 654.396
 endloop
endfacet
facet normal 0.53411 0.717874 0.446524
 outer loop
  vertex 97.1536 -138 654.396
  vertex 96.7206 -137.5 654.146
  vertex 95.0735 -137.5 655.793
 endloop
endfacet
facet normal 0.239291 0.717874 0.653756
 outer loop
  vertex 95.3235 -138 656.226
  vertex 95.0735 -137.5 655.793
  vertex 92.8235 -137.5 656.396
 endloop
endfacet
facet normal -0.119646 0.717874 0.685815
 outer loop
  vertex 92.8235 -138 656.896
  vertex 92.8235 -137.5 656.396
  vertex 90.5735 -137.5 655.793
 endloop
endfacet
facet normal -0.446524 0.717874 0.53411
 outer loop
  vertex 90.3235 -138 656.226
  vertex 90.5735 -137.5 655.793
  vertex 88.9263 -137.5 654.146
 endloop
endfacet
facet normal -0.653756 0.717874 0.239291
 outer loop
  vertex 88.4933 -138 654.396
  vertex 88.9263 -137.5 654.146
  vertex 88.3235 -137.5 651.896
 endloop
endfacet
facet normal -0.685815 0.717874 0.119646
 outer loop
  vertex 87.8235 -138 651.896
  vertex 88.4933 -138 654.396
  vertex 88.3235 -137.5 651.896
 endloop
endfacet
facet normal -0.53411 0.717874 0.446524
 outer loop
  vertex 88.4933 -138 654.396
  vertex 90.3235 -138 656.226
  vertex 88.9263 -137.5 654.146
 endloop
endfacet
facet normal -0.239291 0.717874 0.653756
 outer loop
  vertex 90.3235 -138 656.226
  vertex 92.8235 -138 656.896
  vertex 90.5735 -137.5 655.793
 endloop
endfacet
facet normal 0.119646 0.717874 0.685815
 outer loop
  vertex 92.8235 -138 656.896
  vertex 95.3235 -138 656.226
  vertex 92.8235 -137.5 656.396
 endloop
endfacet
facet normal 0.446524 0.717874 0.53411
 outer loop
  vertex 95.3235 -138 656.226
  vertex 97.1536 -138 654.396
  vertex 95.0735 -137.5 655.793
 endloop
endfacet
facet normal 0 -0.988135 0.153585
 outer loop
  vertex 183.655 -214.146 784.606
  vertex 150 -222.477 731.715
  vertex 187.5 -214.239 784
 endloop
endfacet
facet normal 0 -0.988164 0.153399
 outer loop
  vertex 183.655 -214.146 784.606
  vertex 180.188 -213.877 786.362
  vertex 150 -222.477 731.715
 endloop
endfacet
facet normal 0 -0.988221 0.153035
 outer loop
  vertex 150 -222.477 731.715
  vertex 180.188 -213.877 786.362
  vertex 177.435 -213.462 789.087
 endloop
endfacet
facet normal 0 -0.988925 0.148417
 outer loop
  vertex 150 -210.869 806.416
  vertex 177.435 -213.462 789.087
  vertex 175.653 -212.942 792.514
 endloop
endfacet
facet normal 0 -0.989022 0.147766
 outer loop
  vertex 175.001 -212.37 796.313
  vertex 150 -210.869 806.416
  vertex 175.653 -212.942 792.514
 endloop
endfacet
facet normal 0 -0.989131 0.147039
 outer loop
  vertex 175.001 -212.37 796.313
  vertex 175.539 -211.799 800.131
  vertex 150 -210.869 806.416
 endloop
endfacet
facet normal 0 -0.98924 0.146302
 outer loop
  vertex 150 -210.869 806.416
  vertex 175.539 -211.799 800.131
  vertex 177.219 -211.283 803.61
 endloop
endfacet
facet normal 0 -0.989338 0.145637
 outer loop
  vertex 179.89 -210.869 806.416
  vertex 150 -210.869 806.416
  vertex 177.219 -211.283 803.61
 endloop
endfacet
facet normal 0 -0.990797 0.135357
 outer loop
  vertex 179.89 -210.869 806.416
  vertex 150 -205.697 843.822
  vertex 150 -210.869 806.416
 endloop
endfacet
facet normal 0 -0.990826 0.135142
 outer loop
  vertex 179.89 -210.869 806.416
  vertex 183.474 -210.588 808.334
  vertex 150 -205.697 843.822
 endloop
endfacet
facet normal 0 -0.992138 0.125152
 outer loop
  vertex 150 -205.697 843.822
  vertex 183.474 -210.588 808.334
  vertex 205.859 -205.697 843.822
 endloop
endfacet
facet normal 0 -0.997019 0.0771619
 outer loop
  vertex 205 -203.5 881.367
  vertex 150 -205.697 843.822
  vertex 205.859 -205.697 843.822
 endloop
endfacet
facet normal 0 -0.999253 0.0386504
 outer loop
  vertex 205 -203.5 881.367
  vertex 150 -203.5 881.5
  vertex 150 -205.697 843.822
 endloop
endfacet
facet normal 0 -1 0.000138165
 outer loop
  vertex 205 -203.5 881.367
  vertex 205 -203.5 881.5
  vertex 150 -203.5 881.5
 endloop
endfacet
facet normal 0 -0.990866 0.134851
 outer loop
  vertex 183.474 -210.588 808.334
  vertex 187.5 -210.491 809
  vertex 205.859 -205.697 843.822
 endloop
endfacet
facet normal 0 -0.990866 0.134851
 outer loop
  vertex 205.859 -205.697 843.822
  vertex 187.5 -210.491 809
  vertex 191.522 -210.588 808.335
 endloop
endfacet
facet normal 0 -0.989414 0.145117
 outer loop
  vertex 208.118 -210.869 806.416
  vertex 191.522 -210.588 808.335
  vertex 195.11 -210.869 806.416
 endloop
endfacet
facet normal 0 -0.989338 0.145637
 outer loop
  vertex 197.779 -211.282 803.612
  vertex 208.118 -210.869 806.416
  vertex 195.11 -210.869 806.416
 endloop
endfacet
facet normal 0 -0.989337 0.145647
 outer loop
  vertex 197.779 -211.282 803.612
  vertex 208.125 -210.883 806.324
  vertex 208.118 -210.869 806.416
 endloop
endfacet
facet normal 0 -0.989239 0.146312
 outer loop
  vertex 197.779 -211.282 803.612
  vertex 199.459 -211.798 800.136
  vertex 208.125 -210.883 806.324
 endloop
endfacet
facet normal 0 -0.989129 0.147048
 outer loop
  vertex 208.125 -210.883 806.324
  vertex 199.459 -211.798 800.136
  vertex 199.999 -212.369 796.321
 endloop
endfacet
facet normal 0 -0.989021 0.147775
 outer loop
  vertex 199.35 -212.941 792.522
  vertex 208.125 -210.883 806.324
  vertex 199.999 -212.369 796.321
 endloop
endfacet
facet normal 3.34805E-16 -0.98856 0.15083
 outer loop
  vertex 199.35 -212.941 792.522
  vertex 214.978 -222.477 731.715
  vertex 208.125 -210.883 806.324
 endloop
endfacet
facet normal 1.22712E-15 -0.988302 0.15251
 outer loop
  vertex 199.35 -212.941 792.522
  vertex 197.571 -213.461 789.095
  vertex 214.978 -222.477 731.715
 endloop
endfacet
facet normal 1.22712E-15 -0.988221 0.153034
 outer loop
  vertex 214.978 -222.477 731.715
  vertex 197.571 -213.461 789.095
  vertex 194.82 -213.877 786.368
 endloop
endfacet
facet normal 3.34803E-16 -0.988164 0.153398
 outer loop
  vertex 191.354 -214.146 784.609
  vertex 214.978 -222.477 731.715
  vertex 194.82 -213.877 786.368
 endloop
endfacet
facet normal 3.34802E-16 -0.988135 0.153585
 outer loop
  vertex 191.354 -214.146 784.609
  vertex 187.5 -214.239 784
  vertex 214.978 -222.477 731.715
 endloop
endfacet
facet normal 3.34802E-16 -0.987817 0.155623
 outer loop
  vertex 214.978 -222.477 731.715
  vertex 187.5 -214.239 784
  vertex 150 -222.477 731.715
 endloop
endfacet
facet normal 0 -0.988118 0.1537
 outer loop
  vertex 215 -222.512 731.5
  vertex 150 -222.477 731.715
  vertex 187.5 -233.786 659
 endloop
endfacet
facet normal 0 -0.988728 0.149724
 outer loop
  vertex 191.193 -233.868 658.442
  vertex 215 -222.512 731.5
  vertex 187.5 -233.786 659
 endloop
endfacet
facet normal 0 -0.988764 0.149488
 outer loop
  vertex 191.193 -233.868 658.442
  vertex 221.864 -234.106 656.82
  vertex 215 -222.512 731.5
 endloop
endfacet
facet normal 0 -0.989383 0.145334
 outer loop
  vertex 191.193 -233.868 658.442
  vertex 194.554 -234.106 656.82
  vertex 221.864 -234.106 656.82
 endloop
endfacet
facet normal 0 -0.989453 0.144853
 outer loop
  vertex 221.864 -234.106 656.82
  vertex 194.554 -234.106 656.82
  vertex 197.427 -234.505 654.097
 endloop
endfacet
facet normal 0 -0.989557 0.144144
 outer loop
  vertex 199.3 -235.009 650.624
  vertex 221.864 -234.106 656.82
  vertex 197.427 -234.505 654.097
 endloop
endfacet
facet normal 0 -0.989515 0.144433
 outer loop
  vertex 199.3 -235.009 650.624
  vertex 221.875 -234.127 656.676
  vertex 221.864 -234.106 656.82
 endloop
endfacet
facet normal 0 -0.989686 0.143253
 outer loop
  vertex 199.3 -235.009 650.624
  vertex 199.998 -235.566 646.747
  vertex 221.875 -234.127 656.676
 endloop
endfacet
facet normal 0 -0.989826 0.142284
 outer loop
  vertex 221.875 -234.127 656.676
  vertex 199.998 -235.566 646.747
  vertex 199.454 -236.121 642.845
 endloop
endfacet
facet normal 0 -0.99133 0.131396
 outer loop
  vertex 224.138 -239.296 619.253
  vertex 199.454 -236.121 642.845
  vertex 197.718 -236.62 639.3
 endloop
endfacet
facet normal 0 -0.991444 0.130535
 outer loop
  vertex 194.955 -237.016 636.467
  vertex 224.138 -239.296 619.253
  vertex 197.718 -236.62 639.3
 endloop
endfacet
facet normal 0 -0.991529 0.129887
 outer loop
  vertex 194.955 -237.016 636.467
  vertex 191.433 -237.269 634.635
  vertex 224.138 -239.296 619.253
 endloop
endfacet
facet normal 0 -0.991574 0.129538
 outer loop
  vertex 224.138 -239.296 619.253
  vertex 191.433 -237.269 634.635
  vertex 187.5 -237.357 634
 endloop
endfacet
facet normal 0 -0.991574 0.129538
 outer loop
  vertex 150 -239.296 619.253
  vertex 187.5 -237.357 634
  vertex 183.574 -237.27 634.633
 endloop
endfacet
facet normal 0 -0.991529 0.129886
 outer loop
  vertex 180.05 -237.016 636.463
  vertex 150 -239.296 619.253
  vertex 183.574 -237.27 634.633
 endloop
endfacet
facet normal 0 -0.991444 0.130534
 outer loop
  vertex 180.05 -237.016 636.463
  vertex 177.285 -236.621 639.295
  vertex 150 -239.296 619.253
 endloop
endfacet
facet normal 0 -0.99133 0.131395
 outer loop
  vertex 150 -239.296 619.253
  vertex 177.285 -236.621 639.295
  vertex 175.548 -236.122 642.84
 endloop
endfacet
facet normal 0 -0.989824 0.142299
 outer loop
  vertex 150 -234.106 656.82
  vertex 175.548 -236.122 642.84
  vertex 175.002 -235.567 646.743
 endloop
endfacet
facet normal 0 -0.989684 0.143268
 outer loop
  vertex 175.699 -235.009 650.621
  vertex 150 -234.106 656.82
  vertex 175.002 -235.567 646.743
 endloop
endfacet
facet normal 0 -0.989557 0.144144
 outer loop
  vertex 175.699 -235.009 650.621
  vertex 177.572 -234.505 654.096
  vertex 150 -234.106 656.82
 endloop
endfacet
facet normal 0 -0.989453 0.144853
 outer loop
  vertex 150 -234.106 656.82
  vertex 177.572 -234.505 654.096
  vertex 180.446 -234.106 656.82
 endloop
endfacet
facet normal 0 -0.989383 0.145334
 outer loop
  vertex 183.802 -233.868 658.441
  vertex 150 -234.106 656.82
  vertex 180.446 -234.106 656.82
 endloop
endfacet
facet normal 0 -0.988764 0.149488
 outer loop
  vertex 183.802 -233.868 658.441
  vertex 150 -222.477 731.715
  vertex 150 -234.106 656.82
 endloop
endfacet
facet normal 0 -0.988728 0.149724
 outer loop
  vertex 183.802 -233.868 658.441
  vertex 187.5 -233.786 659
  vertex 150 -222.477 731.715
 endloop
endfacet
facet normal 0 -0.988135 0.153585
 outer loop
  vertex 108.655 -214.146 784.606
  vertex 85.0216 -222.477 731.715
  vertex 112.5 -214.239 784
 endloop
endfacet
facet normal 0 -0.988164 0.153399
 outer loop
  vertex 108.655 -214.146 784.606
  vertex 105.188 -213.877 786.362
  vertex 85.0216 -222.477 731.715
 endloop
endfacet
facet normal 0 -0.988221 0.153035
 outer loop
  vertex 85.0216 -222.477 731.715
  vertex 105.188 -213.877 786.362
  vertex 102.435 -213.462 789.087
 endloop
endfacet
facet normal 0 -0.988302 0.152511
 outer loop
  vertex 100.653 -212.942 792.514
  vertex 85.0216 -222.477 731.715
  vertex 102.435 -213.462 789.087
 endloop
endfacet
facet normal 0 -0.98856 0.150831
 outer loop
  vertex 100.653 -212.942 792.514
  vertex 91.875 -210.883 806.324
  vertex 85.0216 -222.477 731.715
 endloop
endfacet
facet normal 0 -0.989021 0.147776
 outer loop
  vertex 100.653 -212.942 792.514
  vertex 100.001 -212.37 796.313
  vertex 91.875 -210.883 806.324
 endloop
endfacet
facet normal 0 -0.989129 0.147049
 outer loop
  vertex 91.875 -210.883 806.324
  vertex 100.001 -212.37 796.313
  vertex 100.539 -211.799 800.131
 endloop
endfacet
facet normal 0 -0.989238 0.146312
 outer loop
  vertex 102.219 -211.283 803.61
  vertex 91.875 -210.883 806.324
  vertex 100.539 -211.799 800.131
 endloop
endfacet
facet normal 0 -0.989337 0.145647
 outer loop
  vertex 102.219 -211.283 803.61
  vertex 91.8819 -210.869 806.416
  vertex 91.875 -210.883 806.324
 endloop
endfacet
facet normal 0 -0.989338 0.145637
 outer loop
  vertex 102.219 -211.283 803.61
  vertex 104.89 -210.869 806.416
  vertex 91.8819 -210.869 806.416
 endloop
endfacet
facet normal 0 -0.989414 0.145118
 outer loop
  vertex 91.8819 -210.869 806.416
  vertex 104.89 -210.869 806.416
  vertex 108.474 -210.588 808.334
 endloop
endfacet
facet normal 0 -0.990866 0.134851
 outer loop
  vertex 94.1413 -205.697 843.822
  vertex 108.474 -210.588 808.334
  vertex 112.5 -210.491 809
 endloop
endfacet
facet normal 0 -0.990866 0.134851
 outer loop
  vertex 116.522 -210.588 808.335
  vertex 94.1413 -205.697 843.822
  vertex 112.5 -210.491 809
 endloop
endfacet
facet normal 0 -0.992138 0.125151
 outer loop
  vertex 116.522 -210.588 808.335
  vertex 150 -205.697 843.822
  vertex 94.1413 -205.697 843.822
 endloop
endfacet
facet normal 0 -0.990826 0.135142
 outer loop
  vertex 116.522 -210.588 808.335
  vertex 120.11 -210.869 806.416
  vertex 150 -205.697 843.822
 endloop
endfacet
facet normal 0 -0.990797 0.135357
 outer loop
  vertex 150 -205.697 843.822
  vertex 120.11 -210.869 806.416
  vertex 150 -210.869 806.416
 endloop
endfacet
facet normal 0 -0.989338 0.145637
 outer loop
  vertex 150 -210.869 806.416
  vertex 120.11 -210.869 806.416
  vertex 122.78 -211.282 803.612
 endloop
endfacet
facet normal 0 -0.98924 0.146301
 outer loop
  vertex 124.459 -211.798 800.136
  vertex 150 -210.869 806.416
  vertex 122.78 -211.282 803.612
 endloop
endfacet
facet normal 0 -0.989131 0.147037
 outer loop
  vertex 124.459 -211.798 800.136
  vertex 124.999 -212.369 796.321
  vertex 150 -210.869 806.416
 endloop
endfacet
facet normal 0 -0.989023 0.147765
 outer loop
  vertex 150 -210.869 806.416
  vertex 124.999 -212.369 796.321
  vertex 124.35 -212.941 792.522
 endloop
endfacet
facet normal 0 -0.988925 0.148416
 outer loop
  vertex 122.571 -213.461 789.095
  vertex 150 -210.869 806.416
  vertex 124.35 -212.941 792.522
 endloop
endfacet
facet normal 0 -0.988516 0.151119
 outer loop
  vertex 122.571 -213.461 789.095
  vertex 150 -222.477 731.715
  vertex 150 -210.869 806.416
 endloop
endfacet
facet normal 0 -0.988221 0.153034
 outer loop
  vertex 122.571 -213.461 789.095
  vertex 119.82 -213.877 786.368
  vertex 150 -222.477 731.715
 endloop
endfacet
facet normal 0 -0.988164 0.153398
 outer loop
  vertex 150 -222.477 731.715
  vertex 119.82 -213.877 786.368
  vertex 116.354 -214.146 784.609
 endloop
endfacet
facet normal 0 -0.988135 0.153585
 outer loop
  vertex 112.5 -214.239 784
  vertex 150 -222.477 731.715
  vertex 116.354 -214.146 784.609
 endloop
endfacet
facet normal 0 -0.987817 0.155623
 outer loop
  vertex 112.5 -214.239 784
  vertex 85.0216 -222.477 731.715
  vertex 150 -222.477 731.715
 endloop
endfacet
facet normal 0 -0.987501 0.157613
 outer loop
  vertex 150 -222.477 731.715
  vertex 85.0216 -222.477 731.715
  vertex 85 -222.512 731.5
 endloop
endfacet
facet normal 0 -0.988728 0.149724
 outer loop
  vertex 112.5 -233.786 659
  vertex 85 -222.512 731.5
  vertex 108.802 -233.868 658.441
 endloop
endfacet
facet normal 0 -0.988118 0.1537
 outer loop
  vertex 112.5 -233.786 659
  vertex 150 -222.477 731.715
  vertex 85 -222.512 731.5
 endloop
endfacet
facet normal 0 -0.988728 0.149724
 outer loop
  vertex 112.5 -233.786 659
  vertex 116.194 -233.868 658.442
  vertex 150 -222.477 731.715
 endloop
endfacet
facet normal 0 -0.988764 0.149488
 outer loop
  vertex 150 -222.477 731.715
  vertex 116.194 -233.868 658.442
  vertex 150 -234.106 656.82
 endloop
endfacet
facet normal 0 -0.989383 0.145334
 outer loop
  vertex 150 -234.106 656.82
  vertex 116.194 -233.868 658.442
  vertex 119.554 -234.106 656.82
 endloop
endfacet
facet normal 0 -0.989453 0.144853
 outer loop
  vertex 122.427 -234.505 654.097
  vertex 150 -234.106 656.82
  vertex 119.554 -234.106 656.82
 endloop
endfacet
facet normal 0 -0.989557 0.144144
 outer loop
  vertex 122.427 -234.505 654.097
  vertex 124.3 -235.009 650.624
  vertex 150 -234.106 656.82
 endloop
endfacet
facet normal 0 -0.989684 0.143269
 outer loop
  vertex 150 -234.106 656.82
  vertex 124.3 -235.009 650.624
  vertex 124.998 -235.566 646.747
 endloop
endfacet
facet normal 0 -0.989824 0.1423
 outer loop
  vertex 124.454 -236.121 642.845
  vertex 150 -234.106 656.82
  vertex 124.998 -235.566 646.747
 endloop
endfacet
facet normal 0 -0.991043 0.133547
 outer loop
  vertex 124.454 -236.121 642.845
  vertex 150 -239.296 619.253
  vertex 150 -234.106 656.82
 endloop
endfacet
facet normal 0 -0.99133 0.131396
 outer loop
  vertex 124.454 -236.121 642.845
  vertex 122.718 -236.62 639.3
  vertex 150 -239.296 619.253
 endloop
endfacet
facet normal 0 -0.991444 0.130535
 outer loop
  vertex 150 -239.296 619.253
  vertex 122.718 -236.62 639.3
  vertex 119.955 -237.016 636.467
 endloop
endfacet
facet normal 0 -0.991529 0.129887
 outer loop
  vertex 116.433 -237.269 634.635
  vertex 150 -239.296 619.253
  vertex 119.955 -237.016 636.467
 endloop
endfacet
facet normal 0 -0.991574 0.129538
 outer loop
  vertex 116.433 -237.269 634.635
  vertex 112.5 -237.357 634
  vertex 150 -239.296 619.253
 endloop
endfacet
facet normal 0 -0.992482 0.122388
 outer loop
  vertex 150 -239.296 619.253
  vertex 112.5 -237.357 634
  vertex 75.862 -239.296 619.253
 endloop
endfacet
facet normal 0 -0.999259 0.0384978
 outer loop
  vertex 150 -241.5 581.5
  vertex 75.862 -239.296 619.253
  vertex 75 -241.5 581.5
 endloop
endfacet
facet normal 0 -0.997031 0.0769955
 outer loop
  vertex 150 -241.5 581.5
  vertex 150 -239.296 619.253
  vertex 75.862 -239.296 619.253
 endloop
endfacet
facet normal 0 -0.997031 0.0769955
 outer loop
  vertex 150 -241.5 581.5
  vertex 224.138 -239.296 619.253
  vertex 150 -239.296 619.253
 endloop
endfacet
facet normal -1.85159E-16 -0.999259 0.0384978
 outer loop
  vertex 150 -241.5 581.5
  vertex 225 -241.5 581.5
  vertex 224.138 -239.296 619.253
 endloop
endfacet
facet normal 0 -0.991574 0.129538
 outer loop
  vertex 112.5 -237.357 634
  vertex 108.574 -237.27 634.633
  vertex 75.862 -239.296 619.253
 endloop
endfacet
facet normal 0 -0.991529 0.129886
 outer loop
  vertex 75.862 -239.296 619.253
  vertex 108.574 -237.27 634.633
  vertex 105.05 -237.016 636.463
 endloop
endfacet
facet normal 0 -0.991444 0.130534
 outer loop
  vertex 102.285 -236.621 639.295
  vertex 75.862 -239.296 619.253
  vertex 105.05 -237.016 636.463
 endloop
endfacet
facet normal 0 -0.99133 0.131395
 outer loop
  vertex 102.285 -236.621 639.295
  vertex 100.548 -236.122 642.84
  vertex 75.862 -239.296 619.253
 endloop
endfacet
facet normal 0 -0.991045 0.13353
 outer loop
  vertex 75.862 -239.296 619.253
  vertex 100.548 -236.122 642.84
  vertex 78.125 -234.127 656.676
 endloop
endfacet
facet normal 0 -0.989826 0.142283
 outer loop
  vertex 78.125 -234.127 656.676
  vertex 100.548 -236.122 642.84
  vertex 100.002 -235.567 646.743
 endloop
endfacet
facet normal 0 -0.989686 0.143252
 outer loop
  vertex 100.699 -235.009 650.621
  vertex 78.125 -234.127 656.676
  vertex 100.002 -235.567 646.743
 endloop
endfacet
facet normal 0 -0.989515 0.144433
 outer loop
  vertex 100.699 -235.009 650.621
  vertex 78.1358 -234.106 656.82
  vertex 78.125 -234.127 656.676
 endloop
endfacet
facet normal 0 -0.989557 0.144144
 outer loop
  vertex 100.699 -235.009 650.621
  vertex 102.572 -234.505 654.096
  vertex 78.1358 -234.106 656.82
 endloop
endfacet
facet normal 0 -0.989453 0.144853
 outer loop
  vertex 78.1358 -234.106 656.82
  vertex 102.572 -234.505 654.096
  vertex 105.446 -234.106 656.82
 endloop
endfacet
facet normal 0 -0.989383 0.145334
 outer loop
  vertex 108.802 -233.868 658.441
  vertex 78.1358 -234.106 656.82
  vertex 105.446 -234.106 656.82
 endloop
endfacet
facet normal 0 -0.988764 0.149488
 outer loop
  vertex 108.802 -233.868 658.441
  vertex 85 -222.512 731.5
  vertex 78.1358 -234.106 656.82
 endloop
endfacet
facet normal 0 -0.999258 0.0385122
 outer loop
  vertex 150 -203.5 881.5
  vertex 95 -203.5 881.5
  vertex 150 -205.697 843.822
 endloop
endfacet
facet normal 0 -0.997029 0.0770244
 outer loop
  vertex 150 -205.697 843.822
  vertex 95 -203.5 881.5
  vertex 94.1413 -205.697 843.822
 endloop
endfacet
facet normal 0 -0.990826 0.135142
 outer loop
  vertex 94.1413 -205.697 843.822
  vertex 91.8819 -210.869 806.416
  vertex 108.474 -210.588 808.334
 endloop
endfacet
facet normal 0 -0.991045 0.133531
 outer loop
  vertex 224.138 -239.296 619.253
  vertex 221.875 -234.127 656.676
  vertex 199.454 -236.121 642.845
 endloop
endfacet
facet normal 3.34801E-16 -0.987501 0.157613
 outer loop
  vertex 215 -222.512 731.5
  vertex 214.978 -222.477 731.715
  vertex 150 -222.477 731.715
 endloop
endfacet
facet normal 0 -0.990826 0.135142
 outer loop
  vertex 208.118 -210.869 806.416
  vertex 205.859 -205.697 843.822
  vertex 191.522 -210.588 808.335
 endloop
endfacet
facet normal 0 -0.991043 0.133546
 outer loop
  vertex 150 -234.106 656.82
  vertex 150 -239.296 619.253
  vertex 175.548 -236.122 642.84
 endloop
endfacet
facet normal 0 -0.992482 0.122388
 outer loop
  vertex 150 -239.296 619.253
  vertex 224.138 -239.296 619.253
  vertex 187.5 -237.357 634
 endloop
endfacet
facet normal 0 -0.988516 0.151119
 outer loop
  vertex 150 -210.869 806.416
  vertex 150 -222.477 731.715
  vertex 177.435 -213.462 789.087
 endloop
endfacet
facet normal -0.108658 0 0.994079
 outer loop
  vertex 187.5 -210.491 809
  vertex 183.474 -210.588 808.334
  vertex 187.5 -224.5 809
 endloop
endfacet
facet normal -0.280538 0 0.959843
 outer loop
  vertex 187.5 -224.5 809
  vertex 183.474 -210.588 808.334
  vertex 181.25 -224.5 807.325
 endloop
endfacet
facet normal -0.481298 0 0.876557
 outer loop
  vertex 181.25 -224.5 807.325
  vertex 183.474 -210.588 808.334
  vertex 179.89 -210.869 806.416
 endloop
endfacet
facet normal -0.654989 0 0.755638
 outer loop
  vertex 177.219 -211.283 803.61
  vertex 181.25 -224.5 807.325
  vertex 179.89 -210.869 806.416
 endloop
endfacet
facet normal -0.749201 0 0.662343
 outer loop
  vertex 177.219 -211.283 803.61
  vertex 176.675 -224.5 802.75
  vertex 181.25 -224.5 807.325
 endloop
endfacet
facet normal -0.889458 0 0.457017
 outer loop
  vertex 177.219 -211.283 803.61
  vertex 175.539 -211.799 800.131
  vertex 176.675 -224.5 802.75
 endloop
endfacet
facet normal -0.962958 0 0.26965
 outer loop
  vertex 176.675 -224.5 802.75
  vertex 175.539 -211.799 800.131
  vertex 175 -224.5 796.5
 endloop
endfacet
facet normal -0.995686 0 0.0927846
 outer loop
  vertex 175 -224.5 796.5
  vertex 175.539 -211.799 800.131
  vertex 175.001 -212.37 796.313
 endloop
endfacet
facet normal -0.993647 0 -0.112543
 outer loop
  vertex 175.653 -212.942 792.514
  vertex 175 -224.5 796.5
  vertex 175.001 -212.37 796.313
 endloop
endfacet
facet normal -0.960163 0 -0.27944
 outer loop
  vertex 175.653 -212.942 792.514
  vertex 176.675 -224.5 790.25
  vertex 175 -224.5 796.5
 endloop
endfacet
facet normal -0.880233 0 -0.474541
 outer loop
  vertex 175.653 -212.942 792.514
  vertex 177.435 -213.462 789.087
  vertex 176.675 -224.5 790.25
 endloop
endfacet
facet normal -0.764228 0 -0.644946
 outer loop
  vertex 176.675 -224.5 790.25
  vertex 177.435 -213.462 789.087
  vertex 180.188 -213.877 786.362
 endloop
endfacet
facet normal -0.468151 0 -0.883648
 outer loop
  vertex 181.25 -224.5 785.675
  vertex 180.188 -213.877 786.362
  vertex 183.655 -214.146 784.606
 endloop
endfacet
facet normal -0.103663 0 -0.994613
 outer loop
  vertex 187.5 -224.5 784
  vertex 183.655 -214.146 784.606
  vertex 187.5 -214.239 784
 endloop
endfacet
facet normal -0.275544 0 -0.961289
 outer loop
  vertex 187.5 -224.5 784
  vertex 181.25 -224.5 785.675
  vertex 183.655 -214.146 784.606
 endloop
endfacet
facet normal -0.667385 0 -0.744713
 outer loop
  vertex 181.25 -224.5 785.675
  vertex 176.675 -224.5 790.25
  vertex 180.188 -213.877 786.362
 endloop
endfacet
facet normal -0.108658 0 0.994079
 outer loop
  vertex 112.5 -210.491 809
  vertex 108.474 -210.588 808.334
  vertex 112.5 -224.5 809
 endloop
endfacet
facet normal -0.280538 0 0.959843
 outer loop
  vertex 112.5 -224.5 809
  vertex 108.474 -210.588 808.334
  vertex 106.25 -224.5 807.325
 endloop
endfacet
facet normal -0.481298 0 0.876557
 outer loop
  vertex 106.25 -224.5 807.325
  vertex 108.474 -210.588 808.334
  vertex 104.89 -210.869 806.416
 endloop
endfacet
facet normal -0.654989 0 0.755638
 outer loop
  vertex 102.219 -211.283 803.61
  vertex 106.25 -224.5 807.325
  vertex 104.89 -210.869 806.416
 endloop
endfacet
facet normal -0.749201 1.06579E-17 0.662343
 outer loop
  vertex 102.219 -211.283 803.61
  vertex 101.675 -224.5 802.75
  vertex 106.25 -224.5 807.325
 endloop
endfacet
facet normal -0.889458 1.04678E-17 0.457017
 outer loop
  vertex 102.219 -211.283 803.61
  vertex 100.539 -211.799 800.131
  vertex 101.675 -224.5 802.75
 endloop
endfacet
facet normal -0.962958 1.06202E-17 0.26965
 outer loop
  vertex 101.675 -224.5 802.75
  vertex 100.539 -211.799 800.131
  vertex 100 -224.5 796.5
 endloop
endfacet
facet normal -0.995686 -3.13393E-19 0.0927846
 outer loop
  vertex 100 -224.5 796.5
  vertex 100.539 -211.799 800.131
  vertex 100.001 -212.37 796.313
 endloop
endfacet
facet normal -0.993647 -3.13716E-19 -0.112543
 outer loop
  vertex 100.653 -212.942 792.514
  vertex 100 -224.5 796.5
  vertex 100.001 -212.37 796.313
 endloop
endfacet
facet normal -0.960163 -1.06236E-17 -0.27944
 outer loop
  vertex 100.653 -212.942 792.514
  vertex 101.675 -224.5 790.25
  vertex 100 -224.5 796.5
 endloop
endfacet
facet normal -0.880233 -1.04637E-17 -0.474541
 outer loop
  vertex 100.653 -212.942 792.514
  vertex 102.435 -213.462 789.087
  vertex 101.675 -224.5 790.25
 endloop
endfacet
facet normal -0.764228 -1.05455E-17 -0.644946
 outer loop
  vertex 101.675 -224.5 790.25
  vertex 102.435 -213.462 789.087
  vertex 105.188 -213.877 786.362
 endloop
endfacet
facet normal -0.468151 -1.81276E-17 -0.883648
 outer loop
  vertex 106.25 -224.5 785.675
  vertex 105.188 -213.877 786.362
  vertex 108.655 -214.146 784.606
 endloop
endfacet
facet normal -0.103663 0 -0.994613
 outer loop
  vertex 112.5 -224.5 784
  vertex 108.655 -214.146 784.606
  vertex 112.5 -214.239 784
 endloop
endfacet
facet normal -0.275544 -1.83979E-17 -0.961289
 outer loop
  vertex 112.5 -224.5 784
  vertex 106.25 -224.5 785.675
  vertex 108.655 -214.146 784.606
 endloop
endfacet
facet normal -0.667385 -2.90956E-17 -0.744713
 outer loop
  vertex 106.25 -224.5 785.675
  vertex 101.675 -224.5 790.25
  vertex 105.188 -213.877 786.362
 endloop
endfacet
facet normal -0.0996159 0 0.995026
 outer loop
  vertex 112.5 -233.786 659
  vertex 108.802 -233.868 658.441
  vertex 112.5 -249.5 659
 endloop
endfacet
facet normal -0.271498 0 0.962439
 outer loop
  vertex 112.5 -249.5 659
  vertex 108.802 -233.868 658.441
  vertex 106.25 -249.5 657.325
 endloop
endfacet
facet normal -0.457062 0 0.889435
 outer loop
  vertex 106.25 -249.5 657.325
  vertex 108.802 -233.868 658.441
  vertex 105.446 -234.106 656.82
 endloop
endfacet
facet normal -0.628621 0 0.777712
 outer loop
  vertex 102.572 -234.505 654.096
  vertex 106.25 -249.5 657.325
  vertex 105.446 -234.106 656.82
 endloop
endfacet
facet normal -0.738262 1.06398E-17 0.674514
 outer loop
  vertex 102.572 -234.505 654.096
  vertex 101.675 -249.5 652.75
  vertex 106.25 -249.5 657.325
 endloop
endfacet
facet normal -0.875506 1.04662E-17 0.483207
 outer loop
  vertex 102.572 -234.505 654.096
  vertex 100.699 -235.009 650.621
  vertex 101.675 -249.5 652.75
 endloop
endfacet
facet normal -0.95907 1.06255E-17 0.28317
 outer loop
  vertex 101.675 -249.5 652.75
  vertex 100.699 -235.009 650.621
  vertex 100 -249.5 646.5
 endloop
endfacet
facet normal -0.993041 4.08188E-19 0.11777
 outer loop
  vertex 100 -249.5 646.5
  vertex 100.699 -235.009 650.621
  vertex 100.002 -235.567 646.743
 endloop
endfacet
facet normal -0.995752 4.07628E-19 -0.0920777
 outer loop
  vertex 100.548 -236.122 642.84
  vertex 100 -249.5 646.5
  vertex 100.002 -235.567 646.743
 endloop
endfacet
facet normal -0.962737 -1.06204E-17 -0.270439
 outer loop
  vertex 100.548 -236.122 642.84
  vertex 101.675 -249.5 640.25
  vertex 100 -249.5 646.5
 endloop
endfacet
facet normal -0.887675 -1.04706E-17 -0.46047
 outer loop
  vertex 100.548 -236.122 642.84
  vertex 102.285 -236.621 639.295
  vertex 101.675 -249.5 640.25
 endloop
endfacet
facet normal -0.771532 -1.05389E-17 -0.636191
 outer loop
  vertex 101.675 -249.5 640.25
  vertex 102.285 -236.621 639.295
  vertex 105.05 -237.016 636.463
 endloop
endfacet
facet normal -0.474129 -1.81321E-17 -0.880455
 outer loop
  vertex 106.25 -249.5 635.675
  vertex 105.05 -237.016 636.463
  vertex 108.574 -237.27 634.633
 endloop
endfacet
facet normal -0.105884 0 -0.994378
 outer loop
  vertex 112.5 -249.5 634
  vertex 108.574 -237.27 634.633
  vertex 112.5 -237.357 634
 endloop
endfacet
facet normal -0.277765 -1.83994E-17 -0.960649
 outer loop
  vertex 112.5 -249.5 634
  vertex 106.25 -249.5 635.675
  vertex 108.574 -237.27 634.633
 endloop
endfacet
facet normal -0.670828 -2.90819E-17 -0.741613
 outer loop
  vertex 106.25 -249.5 635.675
  vertex 101.675 -249.5 640.25
  vertex 105.05 -237.016 636.463
 endloop
endfacet
facet normal -1.05449E-16 -1 -5.10219E-17
 outer loop
  vertex 63.9194 -241.5 502.197
  vertex 78.9542 -241.5 499.027
  vertex 68.1316 -241.5 517.384
 endloop
endfacet
facet normal -1.05449E-16 -1 -5.10219E-17
 outer loop
  vertex 63.9194 -241.5 502.197
  vertex 62.5 -241.5 486.5
  vertex 78.9542 -241.5 499.027
 endloop
endfacet
facet normal -1.05449E-16 -1 -5.10219E-17
 outer loop
  vertex 78.9542 -241.5 499.027
  vertex 62.5 -241.5 486.5
  vertex 78.9542 -241.5 473.973
 endloop
endfacet
facet normal -1.05449E-16 -1 -5.10219E-17
 outer loop
  vertex 78.9542 -241.5 473.973
  vertex 62.5 -241.5 486.5
  vertex 67.7769 -241.5 456.573
 endloop
endfacet
facet normal -1.05449E-16 -1 -5.10219E-17
 outer loop
  vertex 87.5234 -241.5 450.429
  vertex 67.7769 -241.5 456.573
  vertex 82.9711 -241.5 430.256
 endloop
endfacet
facet normal -1.05449E-16 -1 -5.10219E-17
 outer loop
  vertex 103.628 -241.5 431.236
  vertex 82.9711 -241.5 430.256
  vertex 106.25 -241.5 410.723
 endloop
endfacet
facet normal -1.05449E-16 -1 -5.10219E-17
 outer loop
  vertex 125.326 -241.5 418.709
  vertex 106.25 -241.5 410.723
  vertex 134.806 -241.5 400.329
 endloop
endfacet
facet normal -1.05449E-16 -1 -5.10219E-17
 outer loop
  vertex 150 -241.5 414.358
  vertex 134.806 -241.5 400.329
  vertex 165.194 -241.5 400.329
 endloop
endfacet
facet normal -1.05449E-16 -1 -5.10219E-17
 outer loop
  vertex 174.674 -241.5 418.709
  vertex 165.194 -241.5 400.329
  vertex 193.75 -241.5 410.723
 endloop
endfacet
facet normal -1.05449E-16 -1 -5.10219E-17
 outer loop
  vertex 196.372 -241.5 431.236
  vertex 193.75 -241.5 410.723
  vertex 217.029 -241.5 430.256
 endloop
endfacet
facet normal -1.05449E-16 -1 -5.10219E-17
 outer loop
  vertex 212.477 -241.5 450.429
  vertex 217.029 -241.5 430.256
  vertex 232.223 -241.5 456.573
 endloop
endfacet
facet normal -1.05449E-16 -1 -5.10219E-17
 outer loop
  vertex 221.046 -241.5 473.973
  vertex 232.223 -241.5 456.573
  vertex 237.5 -241.5 486.5
 endloop
endfacet
facet normal -1.05449E-16 -1 -5.10219E-17
 outer loop
  vertex 221.046 -241.5 499.027
  vertex 237.5 -241.5 486.5
  vertex 236.081 -241.5 502.197
 endloop
endfacet
facet normal -1.05449E-16 -1 -5.10219E-17
 outer loop
  vertex 231.868 -241.5 517.384
  vertex 221.046 -241.5 499.027
  vertex 236.081 -241.5 502.197
 endloop
endfacet
facet normal -1.05449E-16 -1 -5.10219E-17
 outer loop
  vertex 231.868 -241.5 517.384
  vertex 212.477 -241.5 522.571
  vertex 221.046 -241.5 499.027
 endloop
endfacet
facet normal -1.05449E-16 -1 -5.10219E-17
 outer loop
  vertex 231.868 -241.5 517.384
  vertex 225 -241.5 531.569
  vertex 212.477 -241.5 522.571
 endloop
endfacet
facet normal -1.05449E-16 -1 -5.10219E-17
 outer loop
  vertex 212.477 -241.5 522.571
  vertex 225 -241.5 531.569
  vertex 196.372 -241.5 541.764
 endloop
endfacet
facet normal -1.05449E-16 -1 -5.10219E-17
 outer loop
  vertex 196.372 -241.5 541.764
  vertex 225 -241.5 531.569
  vertex 225 -241.5 581.5
 endloop
endfacet
facet normal -1.05449E-16 -1 -5.10219E-17
 outer loop
  vertex 174.674 -241.5 554.291
  vertex 225 -241.5 581.5
  vertex 150 -241.5 581.5
 endloop
endfacet
facet normal -1.05449E-16 -1 -5.10219E-17
 outer loop
  vertex 150 -241.5 558.642
  vertex 150 -241.5 581.5
  vertex 125.326 -241.5 554.291
 endloop
endfacet
facet normal -1.05449E-16 -1 -5.10219E-17
 outer loop
  vertex 150 -241.5 558.642
  vertex 174.674 -241.5 554.291
  vertex 150 -241.5 581.5
 endloop
endfacet
facet normal -1.05449E-16 -1 -5.10219E-17
 outer loop
  vertex 68.1316 -241.5 517.384
  vertex 87.5234 -241.5 522.571
  vertex 75 -241.5 531.569
 endloop
endfacet
facet normal -1.05449E-16 -1 -5.10219E-17
 outer loop
  vertex 68.1316 -241.5 517.384
  vertex 78.9542 -241.5 499.027
  vertex 87.5234 -241.5 522.571
 endloop
endfacet
facet normal -1.05449E-16 -1 -5.10219E-17
 outer loop
  vertex 150 -241.5 581.5
  vertex 75 -241.5 581.5
  vertex 125.326 -241.5 554.291
 endloop
endfacet
facet normal -1.05449E-16 -1 -5.10219E-17
 outer loop
  vertex 125.326 -241.5 554.291
  vertex 75 -241.5 581.5
  vertex 103.628 -241.5 541.764
 endloop
endfacet
facet normal -1.05449E-16 -1 -5.10219E-17
 outer loop
  vertex 103.628 -241.5 541.764
  vertex 75 -241.5 581.5
  vertex 75 -241.5 531.569
 endloop
endfacet
facet normal -1.05449E-16 -1 -5.10219E-17
 outer loop
  vertex 87.5234 -241.5 522.571
  vertex 103.628 -241.5 541.764
  vertex 75 -241.5 531.569
 endloop
endfacet
facet normal -1.05449E-16 -1 -5.10219E-17
 outer loop
  vertex 174.674 -241.5 554.291
  vertex 196.372 -241.5 541.764
  vertex 225 -241.5 581.5
 endloop
endfacet
facet normal -1.05449E-16 -1 -5.10219E-17
 outer loop
  vertex 221.046 -241.5 499.027
  vertex 221.046 -241.5 473.973
  vertex 237.5 -241.5 486.5
 endloop
endfacet
facet normal -1.05449E-16 -1 -5.10219E-17
 outer loop
  vertex 221.046 -241.5 473.973
  vertex 212.477 -241.5 450.429
  vertex 232.223 -241.5 456.573
 endloop
endfacet
facet normal -1.05449E-16 -1 -5.10219E-17
 outer loop
  vertex 212.477 -241.5 450.429
  vertex 196.372 -241.5 431.236
  vertex 217.029 -241.5 430.256
 endloop
endfacet
facet normal -1.05449E-16 -1 -5.10219E-17
 outer loop
  vertex 196.372 -241.5 431.236
  vertex 174.674 -241.5 418.709
  vertex 193.75 -241.5 410.723
 endloop
endfacet
facet normal -1.05449E-16 -1 -5.10219E-17
 outer loop
  vertex 174.674 -241.5 418.709
  vertex 150 -241.5 414.358
  vertex 165.194 -241.5 400.329
 endloop
endfacet
facet normal -1.05449E-16 -1 -5.10219E-17
 outer loop
  vertex 150 -241.5 414.358
  vertex 125.326 -241.5 418.709
  vertex 134.806 -241.5 400.329
 endloop
endfacet
facet normal -1.05449E-16 -1 -5.10219E-17
 outer loop
  vertex 125.326 -241.5 418.709
  vertex 103.628 -241.5 431.236
  vertex 106.25 -241.5 410.723
 endloop
endfacet
facet normal -1.05449E-16 -1 -5.10219E-17
 outer loop
  vertex 103.628 -241.5 431.236
  vertex 87.5234 -241.5 450.429
  vertex 82.9711 -241.5 430.256
 endloop
endfacet
facet normal -1.05449E-16 -1 -5.10219E-17
 outer loop
  vertex 87.5234 -241.5 450.429
  vertex 78.9542 -241.5 473.973
  vertex 67.7769 -241.5 456.573
 endloop
endfacet
facet normal -0.999968 0 0.00803537
 outer loop
  vertex 75 -175.5 581.5
  vertex 75 -182.501 581.5
  vertex 75.2409 -175.5 601.069
 endloop
endfacet
facet normal -0.999455 0 0.033015
 outer loop
  vertex 75.2409 -175.5 601.069
  vertex 75 -182.501 581.5
  vertex 78.125 -182.501 656.676
 endloop
endfacet
facet normal -0.998269 0 0.058818
 outer loop
  vertex 75.2968 -151.5 603.271
  vertex 78.125 -182.501 656.676
  vertex 78.1242 -145.669 656.676
 endloop
endfacet
facet normal -0.999122 0 0.041885
 outer loop
  vertex 75.2968 -151.5 603.271
  vertex 75.2409 -175.5 601.069
  vertex 78.125 -182.501 656.676
 endloop
endfacet
facet normal -0.999703 0 0.0243539
 outer loop
  vertex 75.2968 -151.5 603.271
  vertex 75.2054 -151.5 599.541
  vertex 75.2409 -175.5 601.069
 endloop
endfacet
facet normal -0.999894 0 0.0145734
 outer loop
  vertex 75 -241.5 581.5
  vertex 75.862 -239.296 619.253
  vertex 75 -182.501 581.5
 endloop
endfacet
facet normal -0.999217 0 0.0395531
 outer loop
  vertex 75 -182.501 581.5
  vertex 75.862 -239.296 619.253
  vertex 78.125 -182.501 656.676
 endloop
endfacet
facet normal -0.997917 0 0.0645054
 outer loop
  vertex 78.125 -182.501 656.676
  vertex 75.862 -239.296 619.253
  vertex 78.125 -234.127 656.676
 endloop
endfacet
facet normal -0.997189 0 0.0749241
 outer loop
  vertex 78.1358 -234.106 656.82
  vertex 78.125 -182.501 656.676
  vertex 78.125 -234.127 656.676
 endloop
endfacet
facet normal -0.996531 0 0.0832269
 outer loop
  vertex 78.1358 -234.106 656.82
  vertex 85 -222.512 731.5
  vertex 78.125 -182.501 656.676
 endloop
endfacet
facet normal -0.995806 0 0.0914928
 outer loop
  vertex 78.125 -182.501 656.676
  vertex 85 -222.512 731.5
  vertex 85 -182.501 731.5
 endloop
endfacet
facet normal -0.995806 0 0.0914928
 outer loop
  vertex 78.1242 -145.669 656.676
  vertex 85 -182.501 731.5
  vertex 85 -137.5 731.5
 endloop
endfacet
facet normal -0.996533 0 0.0831951
 outer loop
  vertex 78.1242 -145.669 656.676
  vertex 78.125 -182.501 656.676
  vertex 85 -182.501 731.5
 endloop
endfacet
facet normal -0.995009 0 0.0997835
 outer loop
  vertex 85 -222.512 731.5
  vertex 85.0216 -222.477 731.715
  vertex 85 -182.501 731.5
 endloop
endfacet
facet normal -0.995806 1.90319E-16 0.0914927
 outer loop
  vertex 85 -182.501 731.5
  vertex 85.0216 -222.477 731.715
  vertex 91.875 -210.883 806.324
 endloop
endfacet
facet normal -0.997193 1.90306E-16 0.0748717
 outer loop
  vertex 91.875 -182.501 806.324
  vertex 91.875 -210.883 806.324
  vertex 91.8819 -210.869 806.416
 endloop
endfacet
facet normal -0.99792 1.17889E-16 0.0644598
 outer loop
  vertex 94.1413 -205.697 843.822
  vertex 91.875 -182.501 806.324
  vertex 91.8819 -210.869 806.416
 endloop
endfacet
facet normal -0.999218 1.17932E-16 0.0395279
 outer loop
  vertex 94.1413 -205.697 843.822
  vertex 95 -182.501 881.5
  vertex 91.875 -182.501 806.324
 endloop
endfacet
facet normal -0.999894 1.17901E-16 0.0145483
 outer loop
  vertex 94.1413 -205.697 843.822
  vertex 95 -203.5 881.5
  vertex 95 -182.501 881.5
 endloop
endfacet
facet normal -0.999961 0 0.00887535
 outer loop
  vertex 95 -123.5 881.5
  vertex 94.7032 -123.5 859.729
  vertex 95 -182.501 881.5
 endloop
endfacet
facet normal -0.999427 0 0.033855
 outer loop
  vertex 95 -182.501 881.5
  vertex 94.7032 -123.5 859.729
  vertex 91.875 -182.501 806.324
 endloop
endfacet
facet normal -0.998269 0 0.058818
 outer loop
  vertex 91.875 -182.501 806.324
  vertex 94.7032 -123.5 859.729
  vertex 91.8758 -129.331 806.324
 endloop
endfacet
facet normal -0.996533 0 0.0831951
 outer loop
  vertex 85 -137.5 731.5
  vertex 91.875 -182.501 806.324
  vertex 91.8758 -129.331 806.324
 endloop
endfacet
facet normal -0.995806 0 0.0914928
 outer loop
  vertex 85 -137.5 731.5
  vertex 85 -182.501 731.5
  vertex 91.875 -182.501 806.324
 endloop
endfacet
facet normal -0.996533 1.90319E-16 0.0831951
 outer loop
  vertex 91.875 -182.501 806.324
  vertex 85 -182.501 731.5
  vertex 91.875 -210.883 806.324
 endloop
endfacet
facet normal 0.999968 0 0.00803537
 outer loop
  vertex 225 -175.5 581.5
  vertex 224.759 -175.5 601.069
  vertex 225 -182.501 581.5
 endloop
endfacet
facet normal 0.999455 0 0.033015
 outer loop
  vertex 225 -182.501 581.5
  vertex 224.759 -175.5 601.069
  vertex 221.875 -182.501 656.676
 endloop
endfacet
facet normal 0.997917 -4.89706E-16 0.0645054
 outer loop
  vertex 224.138 -239.296 619.253
  vertex 221.875 -182.501 656.676
  vertex 221.875 -234.127 656.676
 endloop
endfacet
facet normal 0.999217 -2.39579E-16 0.0395531
 outer loop
  vertex 224.138 -239.296 619.253
  vertex 225 -182.501 581.5
  vertex 221.875 -182.501 656.676
 endloop
endfacet
facet normal 0.999894 -2.39516E-16 0.0145734
 outer loop
  vertex 224.138 -239.296 619.253
  vertex 225 -241.5 581.5
  vertex 225 -182.501 581.5
 endloop
endfacet
facet normal 0.999703 0 0.0243539
 outer loop
  vertex 224.795 -151.5 599.541
  vertex 224.703 -151.5 603.271
  vertex 224.759 -175.5 601.069
 endloop
endfacet
facet normal 0.999122 0 0.041885
 outer loop
  vertex 224.759 -175.5 601.069
  vertex 224.703 -151.5 603.271
  vertex 221.875 -182.501 656.676
 endloop
endfacet
facet normal 0.998269 0 0.058818
 outer loop
  vertex 221.875 -182.501 656.676
  vertex 224.703 -151.5 603.271
  vertex 221.876 -145.669 656.676
 endloop
endfacet
facet normal 0.995806 0 0.0914928
 outer loop
  vertex 215 -182.501 731.5
  vertex 221.876 -145.669 656.676
  vertex 215 -137.5 731.5
 endloop
endfacet
facet normal 0.996358 0 0.0852659
 outer loop
  vertex 208.495 -182.501 801.5
  vertex 215 -137.5 731.5
  vertex 208.495 -135.532 801.5
 endloop
endfacet
facet normal 0.99571 0 0.0925274
 outer loop
  vertex 208.495 -182.501 801.5
  vertex 215 -182.501 731.5
  vertex 215 -137.5 731.5
 endloop
endfacet
facet normal 0.996358 0 0.0852659
 outer loop
  vertex 208.495 -182.501 801.5
  vertex 208.495 -191.532 801.5
  vertex 215 -182.501 731.5
 endloop
endfacet
facet normal 0.99571 0 0.0925273
 outer loop
  vertex 215 -182.501 731.5
  vertex 208.495 -191.532 801.5
  vertex 214.978 -222.477 731.715
 endloop
endfacet
facet normal 0.995009 0 0.0997835
 outer loop
  vertex 215 -222.512 731.5
  vertex 215 -182.501 731.5
  vertex 214.978 -222.477 731.715
 endloop
endfacet
facet normal 0.995806 0 0.0914928
 outer loop
  vertex 215 -222.512 731.5
  vertex 221.875 -182.501 656.676
  vertex 215 -182.501 731.5
 endloop
endfacet
facet normal 0.996531 0 0.0832269
 outer loop
  vertex 215 -222.512 731.5
  vertex 221.864 -234.106 656.82
  vertex 221.875 -182.501 656.676
 endloop
endfacet
facet normal 0.997189 -2.50188E-16 0.0749241
 outer loop
  vertex 221.875 -182.501 656.676
  vertex 221.864 -234.106 656.82
  vertex 221.875 -234.127 656.676
 endloop
endfacet
facet normal 0.996446 0 0.0842306
 outer loop
  vertex 215 -137.5 731.5
  vertex 208.124 -129.331 806.324
  vertex 208.495 -135.532 801.5
 endloop
endfacet
facet normal 0.997113 0 0.0759283
 outer loop
  vertex 208.495 -135.532 801.5
  vertex 208.124 -129.331 806.324
  vertex 208.125 -135.532 806.324
 endloop
endfacet
facet normal 0.998218 0 0.05967
 outer loop
  vertex 208.125 -135.532 806.324
  vertex 208.124 -129.331 806.324
  vertex 205.358 -135.532 857.5
 endloop
endfacet
facet normal 0.999049 0 0.043592
 outer loop
  vertex 205.358 -135.532 857.5
  vertex 208.124 -129.331 806.324
  vertex 205.296 -123.5 859.729
 endloop
endfacet
facet normal 0.999827 0 0.0186188
 outer loop
  vertex 205 -123.5 881.367
  vertex 205.358 -135.532 857.5
  vertex 205.296 -123.5 859.729
 endloop
endfacet
facet normal 0.999953 0 0.00972886
 outer loop
  vertex 205 -123.5 881.367
  vertex 205 -182.501 881.367
  vertex 205.358 -135.532 857.5
 endloop
endfacet
facet normal 0.999811 0 0.0194577
 outer loop
  vertex 205.358 -135.532 857.5
  vertex 205 -182.501 881.367
  vertex 205.358 -182.501 857.5
 endloop
endfacet
facet normal 0.999811 0 0.0194577
 outer loop
  vertex 205.358 -182.501 857.5
  vertex 205 -182.501 881.367
  vertex 205.358 -191.532 857.5
 endloop
endfacet
facet normal 0.999953 0 0.00972886
 outer loop
  vertex 205.358 -191.532 857.5
  vertex 205 -182.501 881.367
  vertex 205 -203.5 881.367
 endloop
endfacet
facet normal 0.999705 0 0.0242889
 outer loop
  vertex 205.859 -205.697 843.822
  vertex 205.358 -191.532 857.5
  vertex 205 -203.5 881.367
 endloop
endfacet
facet normal 0.998786 0 0.049258
 outer loop
  vertex 205.859 -205.697 843.822
  vertex 208.125 -191.532 806.324
  vertex 205.358 -191.532 857.5
 endloop
endfacet
facet normal 0.99792 0 0.0644716
 outer loop
  vertex 205.859 -205.697 843.822
  vertex 208.118 -210.869 806.416
  vertex 208.125 -191.532 806.324
 endloop
endfacet
facet normal 0.997193 0 0.0748717
 outer loop
  vertex 208.125 -191.532 806.324
  vertex 208.118 -210.869 806.416
  vertex 208.125 -210.883 806.324
 endloop
endfacet
facet normal 0.996446 0 0.0842305
 outer loop
  vertex 208.495 -191.532 801.5
  vertex 208.125 -210.883 806.324
  vertex 214.978 -222.477 731.715
 endloop
endfacet
facet normal 0.997113 0 0.0759283
 outer loop
  vertex 208.495 -191.532 801.5
  vertex 208.125 -191.532 806.324
  vertex 208.125 -210.883 806.324
 endloop
endfacet
facet normal 0.996533 0 0.0831951
 outer loop
  vertex 215 -182.501 731.5
  vertex 221.875 -182.501 656.676
  vertex 221.876 -145.669 656.676
 endloop
endfacet
facet normal -0.0996159 0 0.995026
 outer loop
  vertex 187.5 -233.786 659
  vertex 183.802 -233.868 658.441
  vertex 187.5 -249.5 659
 endloop
endfacet
facet normal -0.271498 0 0.962439
 outer loop
  vertex 187.5 -249.5 659
  vertex 183.802 -233.868 658.441
  vertex 181.25 -249.5 657.325
 endloop
endfacet
facet normal -0.457062 0 0.889435
 outer loop
  vertex 181.25 -249.5 657.325
  vertex 183.802 -233.868 658.441
  vertex 180.446 -234.106 656.82
 endloop
endfacet
facet normal -0.628621 0 0.777712
 outer loop
  vertex 177.572 -234.505 654.096
  vertex 181.25 -249.5 657.325
  vertex 180.446 -234.106 656.82
 endloop
endfacet
facet normal -0.738262 1.06398E-17 0.674514
 outer loop
  vertex 177.572 -234.505 654.096
  vertex 176.675 -249.5 652.75
  vertex 181.25 -249.5 657.325
 endloop
endfacet
facet normal -0.875506 1.04662E-17 0.483207
 outer loop
  vertex 177.572 -234.505 654.096
  vertex 175.699 -235.009 650.621
  vertex 176.675 -249.5 652.75
 endloop
endfacet
facet normal -0.95907 1.06255E-17 0.28317
 outer loop
  vertex 176.675 -249.5 652.75
  vertex 175.699 -235.009 650.621
  vertex 175 -249.5 646.5
 endloop
endfacet
facet normal -0.993041 4.08188E-19 0.11777
 outer loop
  vertex 175 -249.5 646.5
  vertex 175.699 -235.009 650.621
  vertex 175.002 -235.567 646.743
 endloop
endfacet
facet normal -0.995752 4.07628E-19 -0.0920777
 outer loop
  vertex 175.548 -236.122 642.84
  vertex 175 -249.5 646.5
  vertex 175.002 -235.567 646.743
 endloop
endfacet
facet normal -0.962737 -1.06204E-17 -0.270439
 outer loop
  vertex 175.548 -236.122 642.84
  vertex 176.675 -249.5 640.25
  vertex 175 -249.5 646.5
 endloop
endfacet
facet normal -0.887675 -1.04706E-17 -0.46047
 outer loop
  vertex 175.548 -236.122 642.84
  vertex 177.285 -236.621 639.295
  vertex 176.675 -249.5 640.25
 endloop
endfacet
facet normal -0.771532 -1.05389E-17 -0.636191
 outer loop
  vertex 176.675 -249.5 640.25
  vertex 177.285 -236.621 639.295
  vertex 180.05 -237.016 636.463
 endloop
endfacet
facet normal -0.474129 -1.81321E-17 -0.880455
 outer loop
  vertex 181.25 -249.5 635.675
  vertex 180.05 -237.016 636.463
  vertex 183.574 -237.27 634.633
 endloop
endfacet
facet normal -0.105884 0 -0.994378
 outer loop
  vertex 187.5 -249.5 634
  vertex 183.574 -237.27 634.633
  vertex 187.5 -237.357 634
 endloop
endfacet
facet normal -0.277765 -1.83994E-17 -0.960649
 outer loop
  vertex 187.5 -249.5 634
  vertex 181.25 -249.5 635.675
  vertex 183.574 -237.27 634.633
 endloop
endfacet
facet normal -0.670828 -2.90819E-17 -0.741613
 outer loop
  vertex 181.25 -249.5 635.675
  vertex 176.675 -249.5 640.25
  vertex 180.05 -237.016 636.463
 endloop
endfacet
facet normal -6.56592E-33 -1 6.22662E-17
 outer loop
  vertex 175 -224.5 796.5
  vertex 183.5 -224.5 796.5
  vertex 176.675 -224.5 802.75
 endloop
endfacet
facet normal -6.56592E-33 -1 6.22662E-17
 outer loop
  vertex 175 -224.5 796.5
  vertex 176.675 -224.5 790.25
  vertex 183.5 -224.5 796.5
 endloop
endfacet
facet normal -6.56592E-33 -1 6.22662E-17
 outer loop
  vertex 183.5 -224.5 796.5
  vertex 176.675 -224.5 790.25
  vertex 184.036 -224.5 794.5
 endloop
endfacet
facet normal -6.56592E-33 -1 6.22662E-17
 outer loop
  vertex 184.036 -224.5 794.5
  vertex 176.675 -224.5 790.25
  vertex 181.25 -224.5 785.675
 endloop
endfacet
facet normal -6.56592E-33 -1 6.22662E-17
 outer loop
  vertex 185.5 -224.5 793.036
  vertex 181.25 -224.5 785.675
  vertex 187.5 -224.5 792.5
 endloop
endfacet
facet normal -6.56592E-33 -1 6.22662E-17
 outer loop
  vertex 185.5 -224.5 793.036
  vertex 184.036 -224.5 794.5
  vertex 181.25 -224.5 785.675
 endloop
endfacet
facet normal -6.56592E-33 -1 6.22662E-17
 outer loop
  vertex 176.675 -224.5 802.75
  vertex 184.036 -224.5 798.5
  vertex 181.25 -224.5 807.325
 endloop
endfacet
facet normal -6.56592E-33 -1 6.22662E-17
 outer loop
  vertex 176.675 -224.5 802.75
  vertex 183.5 -224.5 796.5
  vertex 184.036 -224.5 798.5
 endloop
endfacet
facet normal -6.56592E-33 -1 6.22662E-17
 outer loop
  vertex 181.25 -224.5 785.675
  vertex 187.5 -224.5 784
  vertex 187.5 -224.5 792.5
 endloop
endfacet
facet normal -6.56592E-33 -1 6.22662E-17
 outer loop
  vertex 187.5 -224.5 792.5
  vertex 187.5 -224.5 784
  vertex 189.5 -224.5 793.036
 endloop
endfacet
facet normal -6.56592E-33 -1 6.22662E-17
 outer loop
  vertex 189.5 -224.5 793.036
  vertex 187.5 -224.5 784
  vertex 193.75 -224.5 785.675
 endloop
endfacet
facet normal -6.56592E-33 -1 6.22662E-17
 outer loop
  vertex 190.964 -224.5 794.5
  vertex 193.75 -224.5 785.675
  vertex 198.325 -224.5 790.25
 endloop
endfacet
facet normal -6.56592E-33 -1 6.22662E-17
 outer loop
  vertex 191.5 -224.5 796.5
  vertex 198.325 -224.5 790.25
  vertex 200 -224.5 796.5
 endloop
endfacet
facet normal -6.56592E-33 -1 6.22662E-17
 outer loop
  vertex 198.325 -224.5 802.75
  vertex 191.5 -224.5 796.5
  vertex 200 -224.5 796.5
 endloop
endfacet
facet normal -6.56592E-33 -1 6.22662E-17
 outer loop
  vertex 198.325 -224.5 802.75
  vertex 190.964 -224.5 798.5
  vertex 191.5 -224.5 796.5
 endloop
endfacet
facet normal -6.56592E-33 -1 6.22662E-17
 outer loop
  vertex 198.325 -224.5 802.75
  vertex 193.75 -224.5 807.325
  vertex 190.964 -224.5 798.5
 endloop
endfacet
facet normal -6.56592E-33 -1 6.22662E-17
 outer loop
  vertex 190.964 -224.5 798.5
  vertex 193.75 -224.5 807.325
  vertex 189.5 -224.5 799.964
 endloop
endfacet
facet normal -6.56592E-33 -1 6.22662E-17
 outer loop
  vertex 189.5 -224.5 799.964
  vertex 193.75 -224.5 807.325
  vertex 187.5 -224.5 809
 endloop
endfacet
facet normal -6.56592E-33 -1 6.22662E-17
 outer loop
  vertex 187.5 -224.5 800.5
  vertex 187.5 -224.5 809
  vertex 185.5 -224.5 799.964
 endloop
endfacet
facet normal -6.56592E-33 -1 6.22662E-17
 outer loop
  vertex 187.5 -224.5 800.5
  vertex 189.5 -224.5 799.964
  vertex 187.5 -224.5 809
 endloop
endfacet
facet normal -6.56592E-33 -1 6.22662E-17
 outer loop
  vertex 184.036 -224.5 798.5
  vertex 185.5 -224.5 799.964
  vertex 181.25 -224.5 807.325
 endloop
endfacet
facet normal -6.56592E-33 -1 6.22662E-17
 outer loop
  vertex 181.25 -224.5 807.325
  vertex 185.5 -224.5 799.964
  vertex 187.5 -224.5 809
 endloop
endfacet
facet normal -6.56592E-33 -1 6.22662E-17
 outer loop
  vertex 191.5 -224.5 796.5
  vertex 190.964 -224.5 794.5
  vertex 198.325 -224.5 790.25
 endloop
endfacet
facet normal -6.56592E-33 -1 6.22662E-17
 outer loop
  vertex 190.964 -224.5 794.5
  vertex 189.5 -224.5 793.036
  vertex 193.75 -224.5 785.675
 endloop
endfacet
facet normal -6.56592E-33 -1 6.22662E-17
 outer loop
  vertex 100 -224.5 796.5
  vertex 108.5 -224.5 796.5
  vertex 101.675 -224.5 802.75
 endloop
endfacet
facet normal -6.56592E-33 -1 6.22662E-17
 outer loop
  vertex 100 -224.5 796.5
  vertex 101.675 -224.5 790.25
  vertex 108.5 -224.5 796.5
 endloop
endfacet
facet normal -6.56592E-33 -1 6.22662E-17
 outer loop
  vertex 108.5 -224.5 796.5
  vertex 101.675 -224.5 790.25
  vertex 109.036 -224.5 794.5
 endloop
endfacet
facet normal -6.56592E-33 -1 6.22662E-17
 outer loop
  vertex 109.036 -224.5 794.5
  vertex 101.675 -224.5 790.25
  vertex 106.25 -224.5 785.675
 endloop
endfacet
facet normal -6.56592E-33 -1 6.22662E-17
 outer loop
  vertex 110.5 -224.5 793.036
  vertex 106.25 -224.5 785.675
  vertex 112.5 -224.5 792.5
 endloop
endfacet
facet normal -6.56592E-33 -1 6.22662E-17
 outer loop
  vertex 110.5 -224.5 793.036
  vertex 109.036 -224.5 794.5
  vertex 106.25 -224.5 785.675
 endloop
endfacet
facet normal -6.56592E-33 -1 6.22662E-17
 outer loop
  vertex 101.675 -224.5 802.75
  vertex 109.036 -224.5 798.5
  vertex 106.25 -224.5 807.325
 endloop
endfacet
facet normal -6.56592E-33 -1 6.22662E-17
 outer loop
  vertex 101.675 -224.5 802.75
  vertex 108.5 -224.5 796.5
  vertex 109.036 -224.5 798.5
 endloop
endfacet
facet normal -6.56592E-33 -1 6.22662E-17
 outer loop
  vertex 106.25 -224.5 785.675
  vertex 112.5 -224.5 784
  vertex 112.5 -224.5 792.5
 endloop
endfacet
facet normal -6.56592E-33 -1 6.22662E-17
 outer loop
  vertex 112.5 -224.5 792.5
  vertex 112.5 -224.5 784
  vertex 114.5 -224.5 793.036
 endloop
endfacet
facet normal -6.56592E-33 -1 6.22662E-17
 outer loop
  vertex 114.5 -224.5 793.036
  vertex 112.5 -224.5 784
  vertex 118.75 -224.5 785.675
 endloop
endfacet
facet normal -6.56592E-33 -1 6.22662E-17
 outer loop
  vertex 115.964 -224.5 794.5
  vertex 118.75 -224.5 785.675
  vertex 123.325 -224.5 790.25
 endloop
endfacet
facet normal -6.56592E-33 -1 6.22662E-17
 outer loop
  vertex 116.5 -224.5 796.5
  vertex 123.325 -224.5 790.25
  vertex 125 -224.5 796.5
 endloop
endfacet
facet normal -6.56592E-33 -1 6.22662E-17
 outer loop
  vertex 123.325 -224.5 802.75
  vertex 116.5 -224.5 796.5
  vertex 125 -224.5 796.5
 endloop
endfacet
facet normal -6.56592E-33 -1 6.22662E-17
 outer loop
  vertex 123.325 -224.5 802.75
  vertex 115.964 -224.5 798.5
  vertex 116.5 -224.5 796.5
 endloop
endfacet
facet normal -6.56592E-33 -1 6.22662E-17
 outer loop
  vertex 123.325 -224.5 802.75
  vertex 118.75 -224.5 807.325
  vertex 115.964 -224.5 798.5
 endloop
endfacet
facet normal -6.56592E-33 -1 6.22662E-17
 outer loop
  vertex 115.964 -224.5 798.5
  vertex 118.75 -224.5 807.325
  vertex 114.5 -224.5 799.964
 endloop
endfacet
facet normal -6.56592E-33 -1 6.22662E-17
 outer loop
  vertex 114.5 -224.5 799.964
  vertex 118.75 -224.5 807.325
  vertex 112.5 -224.5 809
 endloop
endfacet
facet normal -6.56592E-33 -1 6.22662E-17
 outer loop
  vertex 112.5 -224.5 800.5
  vertex 112.5 -224.5 809
  vertex 110.5 -224.5 799.964
 endloop
endfacet
facet normal -6.56592E-33 -1 6.22662E-17
 outer loop
  vertex 112.5 -224.5 800.5
  vertex 114.5 -224.5 799.964
  vertex 112.5 -224.5 809
 endloop
endfacet
facet normal -6.56592E-33 -1 6.22662E-17
 outer loop
  vertex 109.036 -224.5 798.5
  vertex 110.5 -224.5 799.964
  vertex 106.25 -224.5 807.325
 endloop
endfacet
facet normal -6.56592E-33 -1 6.22662E-17
 outer loop
  vertex 106.25 -224.5 807.325
  vertex 110.5 -224.5 799.964
  vertex 112.5 -224.5 809
 endloop
endfacet
facet normal -6.56592E-33 -1 6.22662E-17
 outer loop
  vertex 116.5 -224.5 796.5
  vertex 115.964 -224.5 794.5
  vertex 123.325 -224.5 790.25
 endloop
endfacet
facet normal -6.56592E-33 -1 6.22662E-17
 outer loop
  vertex 115.964 -224.5 794.5
  vertex 114.5 -224.5 793.036
  vertex 118.75 -224.5 785.675
 endloop
endfacet
facet normal -6.56592E-33 -1 6.22662E-17
 outer loop
  vertex 100 -249.5 646.5
  vertex 108.5 -249.5 646.5
  vertex 101.675 -249.5 652.75
 endloop
endfacet
facet normal -6.56592E-33 -1 6.22662E-17
 outer loop
  vertex 100 -249.5 646.5
  vertex 101.675 -249.5 640.25
  vertex 108.5 -249.5 646.5
 endloop
endfacet
facet normal -6.56592E-33 -1 6.22662E-17
 outer loop
  vertex 108.5 -249.5 646.5
  vertex 101.675 -249.5 640.25
  vertex 109.036 -249.5 644.5
 endloop
endfacet
facet normal -6.56592E-33 -1 6.22662E-17
 outer loop
  vertex 109.036 -249.5 644.5
  vertex 101.675 -249.5 640.25
  vertex 106.25 -249.5 635.675
 endloop
endfacet
facet normal -6.56592E-33 -1 6.22662E-17
 outer loop
  vertex 110.5 -249.5 643.036
  vertex 106.25 -249.5 635.675
  vertex 112.5 -249.5 642.5
 endloop
endfacet
facet normal -6.56592E-33 -1 6.22662E-17
 outer loop
  vertex 110.5 -249.5 643.036
  vertex 109.036 -249.5 644.5
  vertex 106.25 -249.5 635.675
 endloop
endfacet
facet normal -6.56592E-33 -1 6.22662E-17
 outer loop
  vertex 101.675 -249.5 652.75
  vertex 109.036 -249.5 648.5
  vertex 106.25 -249.5 657.325
 endloop
endfacet
facet normal -6.56592E-33 -1 6.22662E-17
 outer loop
  vertex 101.675 -249.5 652.75
  vertex 108.5 -249.5 646.5
  vertex 109.036 -249.5 648.5
 endloop
endfacet
facet normal -6.56592E-33 -1 6.22662E-17
 outer loop
  vertex 106.25 -249.5 635.675
  vertex 112.5 -249.5 634
  vertex 112.5 -249.5 642.5
 endloop
endfacet
facet normal -6.56592E-33 -1 6.22662E-17
 outer loop
  vertex 112.5 -249.5 642.5
  vertex 112.5 -249.5 634
  vertex 114.5 -249.5 643.036
 endloop
endfacet
facet normal -6.56592E-33 -1 6.22662E-17
 outer loop
  vertex 114.5 -249.5 643.036
  vertex 112.5 -249.5 634
  vertex 118.75 -249.5 635.675
 endloop
endfacet
facet normal -6.56592E-33 -1 6.22662E-17
 outer loop
  vertex 115.964 -249.5 644.5
  vertex 118.75 -249.5 635.675
  vertex 123.325 -249.5 640.25
 endloop
endfacet
facet normal -6.56592E-33 -1 6.22662E-17
 outer loop
  vertex 116.5 -249.5 646.5
  vertex 123.325 -249.5 640.25
  vertex 125 -249.5 646.5
 endloop
endfacet
facet normal -6.56592E-33 -1 6.22662E-17
 outer loop
  vertex 123.325 -249.5 652.75
  vertex 116.5 -249.5 646.5
  vertex 125 -249.5 646.5
 endloop
endfacet
facet normal -6.56592E-33 -1 6.22662E-17
 outer loop
  vertex 123.325 -249.5 652.75
  vertex 115.964 -249.5 648.5
  vertex 116.5 -249.5 646.5
 endloop
endfacet
facet normal -6.56592E-33 -1 6.22662E-17
 outer loop
  vertex 123.325 -249.5 652.75
  vertex 118.75 -249.5 657.325
  vertex 115.964 -249.5 648.5
 endloop
endfacet
facet normal -6.56592E-33 -1 6.22662E-17
 outer loop
  vertex 115.964 -249.5 648.5
  vertex 118.75 -249.5 657.325
  vertex 114.5 -249.5 649.964
 endloop
endfacet
facet normal -6.56592E-33 -1 6.22662E-17
 outer loop
  vertex 114.5 -249.5 649.964
  vertex 118.75 -249.5 657.325
  vertex 112.5 -249.5 659
 endloop
endfacet
facet normal -6.56592E-33 -1 6.22662E-17
 outer loop
  vertex 112.5 -249.5 650.5
  vertex 112.5 -249.5 659
  vertex 110.5 -249.5 649.964
 endloop
endfacet
facet normal -6.56592E-33 -1 6.22662E-17
 outer loop
  vertex 112.5 -249.5 650.5
  vertex 114.5 -249.5 649.964
  vertex 112.5 -249.5 659
 endloop
endfacet
facet normal -6.56592E-33 -1 6.22662E-17
 outer loop
  vertex 109.036 -249.5 648.5
  vertex 110.5 -249.5 649.964
  vertex 106.25 -249.5 657.325
 endloop
endfacet
facet normal -6.56592E-33 -1 6.22662E-17
 outer loop
  vertex 106.25 -249.5 657.325
  vertex 110.5 -249.5 649.964
  vertex 112.5 -249.5 659
 endloop
endfacet
facet normal -6.56592E-33 -1 6.22662E-17
 outer loop
  vertex 116.5 -249.5 646.5
  vertex 115.964 -249.5 644.5
  vertex 123.325 -249.5 640.25
 endloop
endfacet
facet normal -6.56592E-33 -1 6.22662E-17
 outer loop
  vertex 115.964 -249.5 644.5
  vertex 114.5 -249.5 643.036
  vertex 118.75 -249.5 635.675
 endloop
endfacet
facet normal -0.998198 1.41396E-16 0.0600134
 outer loop
  vertex 62.5 -151.5 486.5
  vertex 62.5 -241.5 486.5
  vertex 63.9194 -151.5 502.197
 endloop
endfacet
facet normal -0.992771 1.26778E-16 0.120027
 outer loop
  vertex 63.9194 -151.5 502.197
  vertex 62.5 -241.5 486.5
  vertex 63.9194 -241.5 502.197
 endloop
endfacet
facet normal -0.955134 1.3186E-16 0.296173
 outer loop
  vertex 68.1316 -151.5 517.384
  vertex 63.9194 -241.5 502.197
  vertex 68.1316 -241.5 517.384
 endloop
endfacet
facet normal -0.88651 1.34385E-16 0.46271
 outer loop
  vertex 75 -151.5 531.569
  vertex 68.1316 -241.5 517.384
  vertex 75 -241.5 531.569
 endloop
endfacet
facet normal -0.91277 1.46478E-16 0.408475
 outer loop
  vertex 75 -151.5 531.569
  vertex 68.1316 -151.5 517.384
  vertex 68.1316 -241.5 517.384
 endloop
endfacet
facet normal -0.971239 1.4456E-16 0.238107
 outer loop
  vertex 68.1316 -151.5 517.384
  vertex 63.9194 -151.5 502.197
  vertex 63.9194 -241.5 502.197
 endloop
endfacet
facet normal -1 1.05449E-16 -2.77941E-15
 outer loop
  vertex 75 -241.5 581.5
  vertex 75 -182.501 581.5
  vertex 75 -241.5 531.569
 endloop
endfacet
facet normal -1 1.05449E-16 -2.77941E-15
 outer loop
  vertex 75 -241.5 531.569
  vertex 75 -182.501 581.5
  vertex 75 -175.5 541.824
 endloop
endfacet
facet normal -1 1.05449E-16 -2.77941E-15
 outer loop
  vertex 75 -151.5 531.569
  vertex 75 -175.5 541.824
  vertex 75 -151.5 543.918
 endloop
endfacet
facet normal -1 1.05449E-16 -2.77941E-15
 outer loop
  vertex 75 -151.5 531.569
  vertex 75 -241.5 531.569
  vertex 75 -175.5 541.824
 endloop
endfacet
facet normal -1 1.05449E-16 -2.77941E-15
 outer loop
  vertex 75 -182.501 581.5
  vertex 75 -175.5 581.5
  vertex 75 -175.5 541.824
 endloop
endfacet
facet normal 1 0 -5.55883E-16
 outer loop
  vertex 225 -151.5 553.34
  vertex 225 -175.5 551.648
  vertex 225 -151.5 531.569
 endloop
endfacet
facet normal 1 0 -5.55883E-16
 outer loop
  vertex 225 -151.5 531.569
  vertex 225 -175.5 551.648
  vertex 225 -241.5 531.569
 endloop
endfacet
facet normal 1 0 -5.55883E-16
 outer loop
  vertex 225 -241.5 531.569
  vertex 225 -175.5 551.648
  vertex 225 -241.5 581.5
 endloop
endfacet
facet normal 1 0 -5.55883E-16
 outer loop
  vertex 225 -241.5 581.5
  vertex 225 -175.5 551.648
  vertex 225 -182.501 581.5
 endloop
endfacet
facet normal 1 0 -5.55883E-16
 outer loop
  vertex 225 -182.501 581.5
  vertex 225 -175.5 551.648
  vertex 225 -175.5 581.5
 endloop
endfacet
facet normal -0.114411 -0.141039 -0.983371
 outer loop
  vertex 150 -241.5 414.358
  vertex 150 -252.5 415.904
  vertex 125.326 -241.5 418.709
 endloop
endfacet
facet normal -0.24288 -0.141304 -0.959709
 outer loop
  vertex 125.326 -241.5 418.709
  vertex 150 -252.5 415.904
  vertex 122.984 -252.5 421.278
 endloop
endfacet
facet normal -0.579936 -0.141127 -0.802345
 outer loop
  vertex 103.628 -241.5 431.236
  vertex 122.984 -252.5 421.278
  vertex 100.081 -252.5 436.581
 endloop
endfacet
facet normal -0.835113 -0.14101 -0.531697
 outer loop
  vertex 87.5234 -241.5 450.429
  vertex 100.081 -252.5 436.581
  vertex 84.778 -252.5 459.484
 endloop
endfacet
facet normal -0.97239 -0.140951 -0.185985
 outer loop
  vertex 78.9542 -241.5 473.973
  vertex 84.778 -252.5 459.484
  vertex 79.4042 -252.5 486.5
 endloop
endfacet
facet normal -0.97239 -0.140951 0.185985
 outer loop
  vertex 78.9542 -241.5 499.027
  vertex 79.4042 -252.5 486.5
  vertex 84.778 -252.5 513.516
 endloop
endfacet
facet normal -0.835113 -0.14101 0.531697
 outer loop
  vertex 87.5234 -241.5 522.571
  vertex 84.778 -252.5 513.516
  vertex 100.081 -252.5 536.419
 endloop
endfacet
facet normal -0.579936 -0.141127 0.802345
 outer loop
  vertex 103.628 -241.5 541.764
  vertex 100.081 -252.5 536.419
  vertex 122.984 -252.5 551.722
 endloop
endfacet
facet normal -0.24288 -0.141304 0.959709
 outer loop
  vertex 125.326 -241.5 554.291
  vertex 122.984 -252.5 551.722
  vertex 150 -252.5 557.096
 endloop
endfacet
facet normal -0.114411 -0.141039 0.983371
 outer loop
  vertex 150 -241.5 558.642
  vertex 125.326 -241.5 554.291
  vertex 150 -252.5 557.096
 endloop
endfacet
facet normal -0.456778 -0.140833 0.878362
 outer loop
  vertex 125.326 -241.5 554.291
  vertex 103.628 -241.5 541.764
  vertex 122.984 -252.5 551.722
 endloop
endfacet
facet normal -0.739405 -0.140686 0.658398
 outer loop
  vertex 103.628 -241.5 541.764
  vertex 87.5234 -241.5 522.571
  vertex 100.081 -252.5 536.419
 endloop
endfacet
facet normal -0.925283 -0.140598 0.352255
 outer loop
  vertex 87.5234 -241.5 522.571
  vertex 78.9542 -241.5 499.027
  vertex 84.778 -252.5 513.516
 endloop
endfacet
facet normal -0.990071 -0.140569 2.04149E-17
 outer loop
  vertex 78.9542 -241.5 499.027
  vertex 78.9542 -241.5 473.973
  vertex 79.4042 -252.5 486.5
 endloop
endfacet
facet normal -0.925283 -0.140598 -0.352255
 outer loop
  vertex 78.9542 -241.5 473.973
  vertex 87.5234 -241.5 450.429
  vertex 84.778 -252.5 459.484
 endloop
endfacet
facet normal -0.739405 -0.140686 -0.658398
 outer loop
  vertex 87.5234 -241.5 450.429
  vertex 103.628 -241.5 431.236
  vertex 100.081 -252.5 436.581
 endloop
endfacet
facet normal -0.456778 -0.140833 -0.878362
 outer loop
  vertex 103.628 -241.5 431.236
  vertex 125.326 -241.5 418.709
  vertex 122.984 -252.5 421.278
 endloop
endfacet
facet normal -6.56592E-33 -1 6.22662E-17
 outer loop
  vertex 75.2409 -175.5 601.069
  vertex 57.2889 -175.5 587.096
  vertex 75 -175.5 581.5
 endloop
endfacet
facet normal -6.56592E-33 -1 6.22662E-17
 outer loop
  vertex 75 -175.5 581.5
  vertex 57.2889 -175.5 587.096
  vertex 41.9005 -175.5 570.342
 endloop
endfacet
facet normal -6.56592E-33 -1 6.22662E-17
 outer loop
  vertex 75 -175.5 541.824
  vertex 41.9005 -175.5 570.342
  vertex 72.356 -175.5 538.048
 endloop
endfacet
facet normal -6.56592E-33 -1 6.22662E-17
 outer loop
  vertex 75 -175.5 541.824
  vertex 75 -175.5 581.5
  vertex 41.9005 -175.5 570.342
 endloop
endfacet
facet normal -6.56592E-33 -1 6.22662E-17
 outer loop
  vertex 41.9005 -175.5 570.342
  vertex 29.5014 -175.5 551.269
  vertex 72.356 -175.5 538.048
 endloop
endfacet
facet normal -6.56592E-33 -1 6.22662E-17
 outer loop
  vertex 72.356 -175.5 538.048
  vertex 29.5014 -175.5 551.269
  vertex 69.902 -175.5 534.145
 endloop
endfacet
facet normal -6.56592E-33 -1 6.22662E-17
 outer loop
  vertex 69.902 -175.5 534.145
  vertex 29.5014 -175.5 551.269
  vertex 67.644 -175.5 530.126
 endloop
endfacet
facet normal 0.572532 0.0523807 0.818207
 outer loop
  vertex 224.759 -175.5 601.069
  vertex 234.845 -175.5 593.814
  vertex 224.795 -151.5 599.541
 endloop
endfacet
facet normal 0.62101 0.05247 0.782044
 outer loop
  vertex 224.795 -151.5 599.541
  vertex 234.845 -175.5 593.814
  vertex 244.231 -175.5 585.674
 endloop
endfacet
facet normal 0.727601 0.0523782 0.683998
 outer loop
  vertex 250.443 -143 576.849
  vertex 244.231 -175.5 585.674
  vertex 252.84 -175.5 576.715
 endloop
endfacet
facet normal 0.664181 0.0526308 0.745717
 outer loop
  vertex 250.443 -143 576.849
  vertex 224.795 -151.5 599.541
  vertex 244.231 -175.5 585.674
 endloop
endfacet
facet normal 0.614486 0.0527403 0.787163
 outer loop
  vertex 250.443 -143 576.849
  vertex 222.487 -143 600.506
  vertex 224.795 -151.5 599.541
 endloop
endfacet
facet normal 0.541157 0.0523378 0.839291
 outer loop
  vertex 224.795 -151.5 599.541
  vertex 222.487 -143 600.506
  vertex 222.826 -151.5 600.818
 endloop
endfacet
facet normal 0.531433 0.0523376 0.845482
 outer loop
  vertex 222.826 -151.5 600.818
  vertex 222.487 -143 600.506
  vertex 220.836 -151.5 602.062
 endloop
endfacet
facet normal 0.521639 0.0523409 0.851559
 outer loop
  vertex 220.836 -151.5 602.062
  vertex 222.487 -143 600.506
  vertex 218.825 -151.5 603.271
 endloop
endfacet
facet normal 0.447487 0.0527202 0.892735
 outer loop
  vertex 218.825 -151.5 603.271
  vertex 222.487 -143 600.506
  vertex 189.205 -143 615.786
 endloop
endfacet
facet normal 0.194699 0.0527333 0.979444
 outer loop
  vertex 186.277 -149.999 617.018
  vertex 189.205 -143 615.786
  vertex 153.041 -143 621.565
 endloop
endfacet
facet normal 0.00749325 0.0523389 0.998601
 outer loop
  vertex 150 -149.462 621.938
  vertex 153.041 -143 621.565
  vertex 150 -143 621.599
 endloop
endfacet
facet normal -0.082732 0.0526985 0.995178
 outer loop
  vertex 116.654 -143 617.419
  vertex 150 -149.462 621.938
  vertex 150 -143 621.599
 endloop
endfacet
facet normal -0.172604 0.052733 0.983579
 outer loop
  vertex 116.654 -143 617.419
  vertex 113.723 -149.999 617.018
  vertex 150 -149.462 621.938
 endloop
endfacet
facet normal -0.339658 0.0527355 0.939069
 outer loop
  vertex 116.654 -143 617.419
  vertex 82.7172 -143 603.653
  vertex 113.723 -149.999 617.018
 endloop
endfacet
facet normal -0.427041 0.0527182 0.902694
 outer loop
  vertex 113.723 -149.999 617.018
  vertex 82.7172 -143 603.653
  vertex 81.1752 -151.5 603.271
 endloop
endfacet
facet normal -0.508801 0.0523396 0.859292
 outer loop
  vertex 81.1752 -151.5 603.271
  vertex 82.7172 -143 603.653
  vertex 79.1638 -151.5 602.062
 endloop
endfacet
facet normal -0.518686 0.0523453 0.853361
 outer loop
  vertex 79.1638 -151.5 602.062
  vertex 82.7172 -143 603.653
  vertex 77.1737 -151.5 600.818
 endloop
endfacet
facet normal -0.528502 0.0523545 0.847316
 outer loop
  vertex 77.1737 -151.5 600.818
  vertex 82.7172 -143 603.653
  vertex 75.2054 -151.5 599.541
 endloop
endfacet
facet normal -0.59065 0.05269 0.805206
 outer loop
  vertex 75.2054 -151.5 599.541
  vertex 82.7172 -143 603.653
  vertex 53.7247 -143 581.278
 endloop
endfacet
facet normal -0.727613 0.0524637 0.683979
 outer loop
  vertex 57.2889 -175.5 587.096
  vertex 53.7247 -143 581.278
  vertex 41.9005 -175.5 570.342
 endloop
endfacet
facet normal -0.649061 0.052544 0.758919
 outer loop
  vertex 57.2889 -175.5 587.096
  vertex 75.2054 -151.5 599.541
  vertex 53.7247 -143 581.278
 endloop
endfacet
facet normal -0.592935 0.0524911 0.803538
 outer loop
  vertex 57.2889 -175.5 587.096
  vertex 75.2409 -175.5 601.069
  vertex 75.2054 -151.5 599.541
 endloop
endfacet
facet normal -0.796386 0.0526609 0.602491
 outer loop
  vertex 53.7247 -143 581.278
  vertex 31.8068 -143 551.938
  vertex 41.9005 -175.5 570.342
 endloop
endfacet
facet normal -0.849888 0.0524859 0.524343
 outer loop
  vertex 41.9005 -175.5 570.342
  vertex 31.8068 -143 551.938
  vertex 29.5014 -175.5 551.269
 endloop
endfacet
facet normal 0.0973653 0.0527319 0.993851
 outer loop
  vertex 150 -149.462 621.938
  vertex 186.277 -149.999 617.018
  vertex 153.041 -143 621.565
 endloop
endfacet
facet normal 0.357244 0.0527022 0.932523
 outer loop
  vertex 186.277 -149.999 617.018
  vertex 218.825 -151.5 603.271
  vertex 189.205 -143 615.786
 endloop
endfacet
facet normal 0 1 -6.22662E-17
 outer loop
  vertex 81.1752 -151.5 603.271
  vertex 79.1638 -151.5 602.062
  vertex 75.2968 -151.5 603.271
 endloop
endfacet
facet normal 0 1 -6.22662E-17
 outer loop
  vertex 75.2968 -151.5 603.271
  vertex 79.1638 -151.5 602.062
  vertex 77.1737 -151.5 600.818
 endloop
endfacet
facet normal 0 1 -6.22662E-17
 outer loop
  vertex 75.2054 -151.5 599.541
  vertex 75.2968 -151.5 603.271
  vertex 77.1737 -151.5 600.818
 endloop
endfacet
facet normal 1.04826E-16 0.994093 -0.108535
 outer loop
  vertex 181.024 -123.5 859.729
  vertex 205.296 -123.5 859.729
  vertex 182.973 -124.2 853.314
 endloop
endfacet
facet normal 1.04826E-16 0.994093 -0.108535
 outer loop
  vertex 182.973 -124.2 853.314
  vertex 205.296 -123.5 859.729
  vertex 208.124 -129.331 806.324
 endloop
endfacet
facet normal 1.04826E-16 0.994093 -0.108535
 outer loop
  vertex 175.191 -124.459 850.949
  vertex 208.124 -129.331 806.324
  vertex 150 -123.946 855.646
 endloop
endfacet
facet normal 1.04826E-16 0.994093 -0.108535
 outer loop
  vertex 175.191 -124.459 850.949
  vertex 182.973 -124.2 853.314
  vertex 208.124 -129.331 806.324
 endloop
endfacet
facet normal 1.04826E-16 0.994093 -0.108535
 outer loop
  vertex 150 -123.946 855.646
  vertex 208.124 -129.331 806.324
  vertex 91.8758 -129.331 806.324
 endloop
endfacet
facet normal 1.04826E-16 0.994093 -0.108535
 outer loop
  vertex 124.809 -124.459 850.949
  vertex 91.8758 -129.331 806.324
  vertex 117.027 -124.2 853.314
 endloop
endfacet
facet normal 1.04826E-16 0.994093 -0.108535
 outer loop
  vertex 124.809 -124.459 850.949
  vertex 150 -123.946 855.646
  vertex 91.8758 -129.331 806.324
 endloop
endfacet
facet normal 1.04826E-16 0.994093 -0.108535
 outer loop
  vertex 186.277 -149.999 617.018
  vertex 150 -149.462 621.938
  vertex 221.876 -145.669 656.676
 endloop
endfacet
facet normal 1.04826E-16 0.994093 -0.108535
 outer loop
  vertex 218.825 -151.5 603.271
  vertex 221.876 -145.669 656.676
  vertex 224.703 -151.5 603.271
 endloop
endfacet
facet normal 1.04826E-16 0.994093 -0.108535
 outer loop
  vertex 218.825 -151.5 603.271
  vertex 186.277 -149.999 617.018
  vertex 221.876 -145.669 656.676
 endloop
endfacet
facet normal 1.04826E-16 0.994093 -0.108535
 outer loop
  vertex 96.2817 -147.493 639.968
  vertex 100.234 -147.278 641.945
  vertex 113.723 -149.999 617.018
 endloop
endfacet
facet normal 1.04826E-16 0.994093 -0.108535
 outer loop
  vertex 92.8235 -147.547 639.474
  vertex 113.723 -149.999 617.018
  vertex 81.1752 -151.5 603.271
 endloop
endfacet
facet normal 1.04826E-16 0.994093 -0.108535
 outer loop
  vertex 89.3652 -147.493 639.968
  vertex 81.1752 -151.5 603.271
  vertex 85.4129 -147.278 641.945
 endloop
endfacet
facet normal 1.04826E-16 0.994093 -0.108535
 outer loop
  vertex 89.3652 -147.493 639.968
  vertex 92.8235 -147.547 639.474
  vertex 81.1752 -151.5 603.271
 endloop
endfacet
facet normal 1.04826E-16 0.994093 -0.108535
 outer loop
  vertex 81.1752 -151.5 603.271
  vertex 75.2968 -151.5 603.271
  vertex 85.4129 -147.278 641.945
 endloop
endfacet
facet normal 1.04826E-16 0.994093 -0.108535
 outer loop
  vertex 85.4129 -147.278 641.945
  vertex 75.2968 -151.5 603.271
  vertex 81.9256 -146.833 646.013
 endloop
endfacet
facet normal 1.04826E-16 0.994093 -0.108535
 outer loop
  vertex 81.9256 -146.833 646.013
  vertex 75.2968 -151.5 603.271
  vertex 78.1242 -145.669 656.676
 endloop
endfacet
facet normal 1.04826E-16 0.994093 -0.108535
 outer loop
  vertex 80.4726 -146.199 651.825
  vertex 78.1242 -145.669 656.676
  vertex 81.9256 -145.564 657.638
 endloop
endfacet
facet normal 1.04826E-16 0.994093 -0.108535
 outer loop
  vertex 80.4726 -146.199 651.825
  vertex 81.9256 -146.833 646.013
  vertex 78.1242 -145.669 656.676
 endloop
endfacet
facet normal 1.04826E-16 0.994093 -0.108535
 outer loop
  vertex 81.9256 -145.564 657.638
  vertex 78.1242 -145.669 656.676
  vertex 85.4129 -145.12 661.706
 endloop
endfacet
facet normal 1.04826E-16 0.994093 -0.108535
 outer loop
  vertex 85.4129 -145.12 661.706
  vertex 78.1242 -145.669 656.676
  vertex 85 -137.5 731.5
 endloop
endfacet
facet normal 1.04826E-16 0.994093 -0.108535
 outer loop
  vertex 89.3652 -144.904 663.682
  vertex 85 -137.5 731.5
  vertex 92.8235 -144.85 664.176
 endloop
endfacet
facet normal 1.04826E-16 0.994093 -0.108535
 outer loop
  vertex 89.3652 -144.904 663.682
  vertex 85.4129 -145.12 661.706
  vertex 85 -137.5 731.5
 endloop
endfacet
facet normal 1.04826E-16 0.994093 -0.108535
 outer loop
  vertex 91.8758 -129.331 806.324
  vertex 215 -137.5 731.5
  vertex 85 -137.5 731.5
 endloop
endfacet
facet normal 1.04826E-16 0.994093 -0.108535
 outer loop
  vertex 91.8758 -129.331 806.324
  vertex 208.124 -129.331 806.324
  vertex 215 -137.5 731.5
 endloop
endfacet
facet normal 1.04826E-16 0.994093 -0.108535
 outer loop
  vertex 91.8758 -129.331 806.324
  vertex 94.7032 -123.5 859.729
  vertex 117.027 -124.2 853.314
 endloop
endfacet
facet normal 1.04826E-16 0.994093 -0.108535
 outer loop
  vertex 117.027 -124.2 853.314
  vertex 94.7032 -123.5 859.729
  vertex 118.976 -123.5 859.729
 endloop
endfacet
facet normal 1.04826E-16 0.994093 -0.108535
 outer loop
  vertex 92.8235 -147.547 639.474
  vertex 96.2817 -147.493 639.968
  vertex 113.723 -149.999 617.018
 endloop
endfacet
facet normal 1.04826E-16 0.994093 -0.108535
 outer loop
  vertex 100.234 -147.278 641.945
  vertex 103.721 -146.833 646.013
  vertex 113.723 -149.999 617.018
 endloop
endfacet
facet normal 1.04826E-16 0.994093 -0.108535
 outer loop
  vertex 113.723 -149.999 617.018
  vertex 103.721 -146.833 646.013
  vertex 150 -149.462 621.938
 endloop
endfacet
facet normal 1.04826E-16 0.994093 -0.108535
 outer loop
  vertex 150 -149.462 621.938
  vertex 103.721 -146.833 646.013
  vertex 105.174 -146.199 651.825
 endloop
endfacet
facet normal 1.04826E-16 0.994093 -0.108535
 outer loop
  vertex 103.721 -145.564 657.638
  vertex 150 -149.462 621.938
  vertex 105.174 -146.199 651.825
 endloop
endfacet
facet normal 1.04826E-16 0.994093 -0.108535
 outer loop
  vertex 103.721 -145.564 657.638
  vertex 221.876 -145.669 656.676
  vertex 150 -149.462 621.938
 endloop
endfacet
facet normal 1.04826E-16 0.994093 -0.108535
 outer loop
  vertex 103.721 -145.564 657.638
  vertex 215 -137.5 731.5
  vertex 221.876 -145.669 656.676
 endloop
endfacet
facet normal 1.04826E-16 0.994093 -0.108535
 outer loop
  vertex 103.721 -145.564 657.638
  vertex 100.234 -145.12 661.706
  vertex 215 -137.5 731.5
 endloop
endfacet
facet normal 1.04826E-16 0.994093 -0.108535
 outer loop
  vertex 215 -137.5 731.5
  vertex 100.234 -145.12 661.706
  vertex 85 -137.5 731.5
 endloop
endfacet
facet normal 1.04826E-16 0.994093 -0.108535
 outer loop
  vertex 85 -137.5 731.5
  vertex 100.234 -145.12 661.706
  vertex 96.2817 -144.904 663.682
 endloop
endfacet
facet normal 1.04826E-16 0.994093 -0.108535
 outer loop
  vertex 92.8235 -144.85 664.176
  vertex 85 -137.5 731.5
  vertex 96.2817 -144.904 663.682
 endloop
endfacet
facet normal -6.56592E-33 -1 6.22662E-17
 outer loop
  vertex 224.759 -175.5 601.069
  vertex 225 -175.5 581.5
  vertex 234.845 -175.5 593.814
 endloop
endfacet
facet normal -6.56592E-33 -1 6.22662E-17
 outer loop
  vertex 234.845 -175.5 593.814
  vertex 225 -175.5 581.5
  vertex 244.231 -175.5 585.674
 endloop
endfacet
facet normal -6.56592E-33 -1 6.22662E-17
 outer loop
  vertex 244.231 -175.5 585.674
  vertex 225 -175.5 581.5
  vertex 252.84 -175.5 576.715
 endloop
endfacet
facet normal -6.56592E-33 -1 6.22662E-17
 outer loop
  vertex 252.84 -175.5 576.715
  vertex 225 -175.5 581.5
  vertex 225 -175.5 551.648
 endloop
endfacet
facet normal 0 1 -6.22662E-17
 outer loop
  vertex 224.795 -151.5 599.541
  vertex 222.826 -151.5 600.818
  vertex 224.703 -151.5 603.271
 endloop
endfacet
facet normal 0 1 -6.22662E-17
 outer loop
  vertex 224.703 -151.5 603.271
  vertex 222.826 -151.5 600.818
  vertex 220.836 -151.5 602.062
 endloop
endfacet
facet normal 0 1 -6.22662E-17
 outer loop
  vertex 218.825 -151.5 603.271
  vertex 224.703 -151.5 603.271
  vertex 220.836 -151.5 602.062
 endloop
endfacet
facet normal 1.04529E-30 9.85044E-15 -1
 outer loop
  vertex 208.495 -135.532 801.5
  vertex 216 -135.532 801.5
  vertex 208.495 -182.501 801.5
 endloop
endfacet
facet normal 1.04529E-30 9.85044E-15 -1
 outer loop
  vertex 208.495 -182.501 801.5
  vertex 216 -135.532 801.5
  vertex 216 -191.532 801.5
 endloop
endfacet
facet normal 1.04529E-30 9.85044E-15 -1
 outer loop
  vertex 208.495 -191.532 801.5
  vertex 208.495 -182.501 801.5
  vertex 216 -191.532 801.5
 endloop
endfacet
facet normal 0 1 9.85044E-15
 outer loop
  vertex 205.358 -135.532 857.5
  vertex 216 -135.532 857.5
  vertex 208.125 -135.532 806.324
 endloop
endfacet
facet normal 0 1 9.85044E-15
 outer loop
  vertex 208.125 -135.532 806.324
  vertex 216 -135.532 857.5
  vertex 216 -135.532 801.5
 endloop
endfacet
facet normal 0 1 9.85044E-15
 outer loop
  vertex 208.495 -135.532 801.5
  vertex 208.125 -135.532 806.324
  vertex 216 -135.532 801.5
 endloop
endfacet
facet normal 0 -1.05939E-14 1
 outer loop
  vertex 205.358 -191.532 857.5
  vertex 216 -191.532 857.5
  vertex 205.358 -182.501 857.5
 endloop
endfacet
facet normal 0 -1.05939E-14 1
 outer loop
  vertex 205.358 -182.501 857.5
  vertex 216 -191.532 857.5
  vertex 216 -135.532 857.5
 endloop
endfacet
facet normal 0 -1.05939E-14 1
 outer loop
  vertex 205.358 -135.532 857.5
  vertex 205.358 -182.501 857.5
  vertex 216 -135.532 857.5
 endloop
endfacet
facet normal 1.14325E-30 -1 -1.08417E-14
 outer loop
  vertex 208.495 -191.532 801.5
  vertex 216 -191.532 801.5
  vertex 208.125 -191.532 806.324
 endloop
endfacet
facet normal 1.14325E-30 -1 -1.08417E-14
 outer loop
  vertex 208.125 -191.532 806.324
  vertex 216 -191.532 801.5
  vertex 216 -191.532 857.5
 endloop
endfacet
facet normal 1.14325E-30 -1 -1.08417E-14
 outer loop
  vertex 205.358 -191.532 857.5
  vertex 208.125 -191.532 806.324
  vertex 216 -191.532 857.5
 endloop
endfacet
facet normal -6.56592E-33 -1 6.22662E-17
 outer loop
  vertex 175 -249.5 646.5
  vertex 183.5 -249.5 646.5
  vertex 176.675 -249.5 652.75
 endloop
endfacet
facet normal -6.56592E-33 -1 6.22662E-17
 outer loop
  vertex 175 -249.5 646.5
  vertex 176.675 -249.5 640.25
  vertex 183.5 -249.5 646.5
 endloop
endfacet
facet normal -6.56592E-33 -1 6.22662E-17
 outer loop
  vertex 183.5 -249.5 646.5
  vertex 176.675 -249.5 640.25
  vertex 184.036 -249.5 644.5
 endloop
endfacet
facet normal -6.56592E-33 -1 6.22662E-17
 outer loop
  vertex 184.036 -249.5 644.5
  vertex 176.675 -249.5 640.25
  vertex 181.25 -249.5 635.675
 endloop
endfacet
facet normal -6.56592E-33 -1 6.22662E-17
 outer loop
  vertex 185.5 -249.5 643.036
  vertex 181.25 -249.5 635.675
  vertex 187.5 -249.5 642.5
 endloop
endfacet
facet normal -6.56592E-33 -1 6.22662E-17
 outer loop
  vertex 185.5 -249.5 643.036
  vertex 184.036 -249.5 644.5
  vertex 181.25 -249.5 635.675
 endloop
endfacet
facet normal -6.56592E-33 -1 6.22662E-17
 outer loop
  vertex 176.675 -249.5 652.75
  vertex 184.036 -249.5 648.5
  vertex 181.25 -249.5 657.325
 endloop
endfacet
facet normal -6.56592E-33 -1 6.22662E-17
 outer loop
  vertex 176.675 -249.5 652.75
  vertex 183.5 -249.5 646.5
  vertex 184.036 -249.5 648.5
 endloop
endfacet
facet normal -6.56592E-33 -1 6.22662E-17
 outer loop
  vertex 181.25 -249.5 635.675
  vertex 187.5 -249.5 634
  vertex 187.5 -249.5 642.5
 endloop
endfacet
facet normal -6.56592E-33 -1 6.22662E-17
 outer loop
  vertex 187.5 -249.5 642.5
  vertex 187.5 -249.5 634
  vertex 189.5 -249.5 643.036
 endloop
endfacet
facet normal -6.56592E-33 -1 6.22662E-17
 outer loop
  vertex 189.5 -249.5 643.036
  vertex 187.5 -249.5 634
  vertex 193.75 -249.5 635.675
 endloop
endfacet
facet normal -6.56592E-33 -1 6.22662E-17
 outer loop
  vertex 190.964 -249.5 644.5
  vertex 193.75 -249.5 635.675
  vertex 198.325 -249.5 640.25
 endloop
endfacet
facet normal -6.56592E-33 -1 6.22662E-17
 outer loop
  vertex 191.5 -249.5 646.5
  vertex 198.325 -249.5 640.25
  vertex 200 -249.5 646.5
 endloop
endfacet
facet normal -6.56592E-33 -1 6.22662E-17
 outer loop
  vertex 198.325 -249.5 652.75
  vertex 191.5 -249.5 646.5
  vertex 200 -249.5 646.5
 endloop
endfacet
facet normal -6.56592E-33 -1 6.22662E-17
 outer loop
  vertex 198.325 -249.5 652.75
  vertex 190.964 -249.5 648.5
  vertex 191.5 -249.5 646.5
 endloop
endfacet
facet normal -6.56592E-33 -1 6.22662E-17
 outer loop
  vertex 198.325 -249.5 652.75
  vertex 193.75 -249.5 657.325
  vertex 190.964 -249.5 648.5
 endloop
endfacet
facet normal -6.56592E-33 -1 6.22662E-17
 outer loop
  vertex 190.964 -249.5 648.5
  vertex 193.75 -249.5 657.325
  vertex 189.5 -249.5 649.964
 endloop
endfacet
facet normal -6.56592E-33 -1 6.22662E-17
 outer loop
  vertex 189.5 -249.5 649.964
  vertex 193.75 -249.5 657.325
  vertex 187.5 -249.5 659
 endloop
endfacet
facet normal -6.56592E-33 -1 6.22662E-17
 outer loop
  vertex 187.5 -249.5 650.5
  vertex 187.5 -249.5 659
  vertex 185.5 -249.5 649.964
 endloop
endfacet
facet normal -6.56592E-33 -1 6.22662E-17
 outer loop
  vertex 187.5 -249.5 650.5
  vertex 189.5 -249.5 649.964
  vertex 187.5 -249.5 659
 endloop
endfacet
facet normal -6.56592E-33 -1 6.22662E-17
 outer loop
  vertex 184.036 -249.5 648.5
  vertex 185.5 -249.5 649.964
  vertex 181.25 -249.5 657.325
 endloop
endfacet
facet normal -6.56592E-33 -1 6.22662E-17
 outer loop
  vertex 181.25 -249.5 657.325
  vertex 185.5 -249.5 649.964
  vertex 187.5 -249.5 659
 endloop
endfacet
facet normal -6.56592E-33 -1 6.22662E-17
 outer loop
  vertex 191.5 -249.5 646.5
  vertex 190.964 -249.5 644.5
  vertex 198.325 -249.5 640.25
 endloop
endfacet
facet normal -6.56592E-33 -1 6.22662E-17
 outer loop
  vertex 190.964 -249.5 644.5
  vertex 189.5 -249.5 643.036
  vertex 193.75 -249.5 635.675
 endloop
endfacet
facet normal -0.130584 -0 -0.991437
 outer loop
  vertex 187.5 -211.744 800.5
  vertex 189.04 -211.79 800.192
  vertex 187.5 -224.5 800.5
 endloop
endfacet
facet normal -0.302456 -0 -0.953163
 outer loop
  vertex 187.5 -224.5 800.5
  vertex 189.04 -211.79 800.192
  vertex 189.5 -224.5 799.964
 endloop
endfacet
facet normal -0.538734 -0 -0.842476
 outer loop
  vertex 189.5 -224.5 799.964
  vertex 189.04 -211.79 800.192
  vertex 190.338 -211.92 799.319
 endloop
endfacet
facet normal -0.844647 -1.05164E-17 -0.535323
 outer loop
  vertex 190.964 -224.5 798.5
  vertex 190.338 -211.92 799.319
  vertex 191.2 -212.114 798.021
 endloop
endfacet
facet normal -0.991684 1.20012E-20 -0.128698
 outer loop
  vertex 191.5 -224.5 796.5
  vertex 191.2 -212.114 798.021
  vertex 191.5 -212.342 796.498
 endloop
endfacet
facet normal -0.991592 1.20017E-20 0.129406
 outer loop
  vertex 191.198 -212.571 794.976
  vertex 191.5 -224.5 796.5
  vertex 191.5 -212.342 796.498
 endloop
endfacet
facet normal -0.953596 0 0.301089
 outer loop
  vertex 191.198 -212.571 794.976
  vertex 190.964 -224.5 794.5
  vertex 191.5 -224.5 796.5
 endloop
endfacet
facet normal -0.844356 0 0.535783
 outer loop
  vertex 191.198 -212.571 794.976
  vertex 190.337 -212.766 793.68
  vertex 190.964 -224.5 794.5
 endloop
endfacet
facet normal -0.707798 1.83925E-17 0.706415
 outer loop
  vertex 190.964 -224.5 794.5
  vertex 190.337 -212.766 793.68
  vertex 189.5 -224.5 793.036
 endloop
endfacet
facet normal -0.538481 3.76355E-17 0.842637
 outer loop
  vertex 189.5 -224.5 793.036
  vertex 190.337 -212.766 793.68
  vertex 189.039 -212.898 792.808
 endloop
endfacet
facet normal -0.130493 1.94942E-17 0.991449
 outer loop
  vertex 187.5 -224.5 792.5
  vertex 189.039 -212.898 792.808
  vertex 187.5 -212.944 792.5
 endloop
endfacet
facet normal -0.302365 3.80715E-17 0.953192
 outer loop
  vertex 187.5 -224.5 792.5
  vertex 189.5 -224.5 793.036
  vertex 189.039 -212.898 792.808
 endloop
endfacet
facet normal -0.9537 -1.06385E-17 -0.30076
 outer loop
  vertex 191.5 -224.5 796.5
  vertex 190.964 -224.5 798.5
  vertex 191.2 -212.114 798.021
 endloop
endfacet
facet normal -0.707949 -1.06189E-17 -0.706263
 outer loop
  vertex 190.964 -224.5 798.5
  vertex 189.5 -224.5 799.964
  vertex 190.338 -211.92 799.319
 endloop
endfacet
facet normal -0.130584 -0 -0.991437
 outer loop
  vertex 112.5 -211.744 800.5
  vertex 114.04 -211.79 800.192
  vertex 112.5 -224.5 800.5
 endloop
endfacet
facet normal -0.302456 -0 -0.953163
 outer loop
  vertex 112.5 -224.5 800.5
  vertex 114.04 -211.79 800.192
  vertex 114.5 -224.5 799.964
 endloop
endfacet
facet normal -0.538734 -0 -0.842476
 outer loop
  vertex 114.5 -224.5 799.964
  vertex 114.04 -211.79 800.192
  vertex 115.338 -211.92 799.319
 endloop
endfacet
facet normal -0.844647 -1.05164E-17 -0.535323
 outer loop
  vertex 115.964 -224.5 798.5
  vertex 115.338 -211.92 799.319
  vertex 116.2 -212.114 798.021
 endloop
endfacet
facet normal -0.991684 1.20012E-20 -0.128698
 outer loop
  vertex 116.5 -224.5 796.5
  vertex 116.2 -212.114 798.021
  vertex 116.5 -212.342 796.498
 endloop
endfacet
facet normal -0.991592 1.20017E-20 0.129406
 outer loop
  vertex 116.198 -212.571 794.976
  vertex 116.5 -224.5 796.5
  vertex 116.5 -212.342 796.498
 endloop
endfacet
facet normal -0.953596 1.06389E-17 0.301089
 outer loop
  vertex 116.198 -212.571 794.976
  vertex 115.964 -224.5 794.5
  vertex 116.5 -224.5 796.5
 endloop
endfacet
facet normal -0.844356 1.05163E-17 0.535783
 outer loop
  vertex 116.198 -212.571 794.976
  vertex 115.337 -212.766 793.68
  vertex 115.964 -224.5 794.5
 endloop
endfacet
facet normal -0.707798 1.06189E-17 0.706415
 outer loop
  vertex 115.964 -224.5 794.5
  vertex 115.337 -212.766 793.68
  vertex 114.5 -224.5 793.036
 endloop
endfacet
facet normal -0.538481 1.94173E-17 0.842637
 outer loop
  vertex 114.5 -224.5 793.036
  vertex 115.337 -212.766 793.68
  vertex 114.039 -212.898 792.808
 endloop
endfacet
facet normal -0.130493 1.94942E-17 0.991449
 outer loop
  vertex 112.5 -224.5 792.5
  vertex 114.039 -212.898 792.808
  vertex 112.5 -212.944 792.5
 endloop
endfacet
facet normal -0.302365 1.96423E-17 0.953192
 outer loop
  vertex 112.5 -224.5 792.5
  vertex 114.5 -224.5 793.036
  vertex 114.039 -212.898 792.808
 endloop
endfacet
facet normal -0.9537 -1.06385E-17 -0.30076
 outer loop
  vertex 116.5 -224.5 796.5
  vertex 115.964 -224.5 798.5
  vertex 116.2 -212.114 798.021
 endloop
endfacet
facet normal -0.707949 -1.06189E-17 -0.706263
 outer loop
  vertex 115.964 -224.5 798.5
  vertex 114.5 -224.5 799.964
  vertex 115.338 -211.92 799.319
 endloop
endfacet
facet normal -0.130522 -0 -0.991445
 outer loop
  vertex 112.5 -235.027 650.5
  vertex 114.039 -235.071 650.192
  vertex 112.5 -249.5 650.5
 endloop
endfacet
facet normal -0.302394 -0 -0.953183
 outer loop
  vertex 112.5 -249.5 650.5
  vertex 114.039 -235.071 650.192
  vertex 114.5 -249.5 649.964
 endloop
endfacet
facet normal -0.538597 -0 -0.842564
 outer loop
  vertex 114.5 -249.5 649.964
  vertex 114.039 -235.071 650.192
  vertex 115.337 -235.197 649.319
 endloop
endfacet
facet normal -0.844546 -1.05165E-17 -0.535484
 outer loop
  vertex 115.964 -249.5 648.5
  vertex 115.337 -235.197 649.319
  vertex 116.199 -235.383 648.022
 endloop
endfacet
facet normal -0.991667 9.5319E-21 -0.128826
 outer loop
  vertex 116.5 -249.5 646.5
  vertex 116.199 -235.383 648.022
  vertex 116.5 -235.602 646.498
 endloop
endfacet
facet normal -0.991593 9.53221E-21 0.129396
 outer loop
  vertex 116.198 -235.819 644.975
  vertex 116.5 -249.5 646.5
  vertex 116.5 -235.602 646.498
 endloop
endfacet
facet normal -0.953587 1.06389E-17 0.301117
 outer loop
  vertex 116.198 -235.819 644.975
  vertex 115.964 -249.5 644.5
  vertex 116.5 -249.5 646.5
 endloop
endfacet
facet normal -0.844302 1.05164E-17 0.535867
 outer loop
  vertex 116.198 -235.819 644.975
  vertex 115.336 -236.003 643.679
  vertex 115.964 -249.5 644.5
 endloop
endfacet
facet normal -0.707746 1.06189E-17 0.706467
 outer loop
  vertex 115.964 -249.5 644.5
  vertex 115.336 -236.003 643.679
  vertex 114.5 -249.5 643.036
 endloop
endfacet
facet normal -0.538371 1.94187E-17 0.842708
 outer loop
  vertex 114.5 -249.5 643.036
  vertex 115.336 -236.003 643.679
  vertex 114.038 -236.127 642.808
 endloop
endfacet
facet normal -0.130435 1.94954E-17 0.991457
 outer loop
  vertex 112.5 -249.5 642.5
  vertex 114.038 -236.127 642.808
  vertex 112.5 -236.17 642.5
 endloop
endfacet
facet normal -0.302307 1.96436E-17 0.953211
 outer loop
  vertex 112.5 -249.5 642.5
  vertex 114.5 -249.5 643.036
  vertex 114.038 -236.127 642.808
 endloop
endfacet
facet normal -0.953672 -1.06386E-17 -0.300849
 outer loop
  vertex 116.5 -249.5 646.5
  vertex 115.964 -249.5 648.5
  vertex 116.199 -235.383 648.022
 endloop
endfacet
facet normal -0.707877 -1.06189E-17 -0.706336
 outer loop
  vertex 115.964 -249.5 648.5
  vertex 114.5 -249.5 649.964
  vertex 115.337 -235.197 649.319
 endloop
endfacet
facet normal 0 1 -6.22662E-17
 outer loop
  vertex 75 -151.5 531.569
  vertex 75 -151.5 543.918
  vertex 105.043 -151.5 536.709
 endloop
endfacet
facet normal 0 1 -6.22662E-17
 outer loop
  vertex 88.9853 -151.5 515.124
  vertex 75 -151.5 531.569
  vertex 105.043 -151.5 536.709
 endloop
endfacet
facet normal 0 1 -6.22662E-17
 outer loop
  vertex 88.9853 -151.5 515.124
  vertex 68.1316 -151.5 517.384
  vertex 75 -151.5 531.569
 endloop
endfacet
facet normal 0 1 -6.22662E-17
 outer loop
  vertex 88.9853 -151.5 515.124
  vertex 63.9194 -151.5 502.197
  vertex 68.1316 -151.5 517.384
 endloop
endfacet
facet normal 0 1 -6.22662E-17
 outer loop
  vertex 88.9853 -151.5 515.124
  vertex 82.6504 -151.5 488.977
  vertex 63.9194 -151.5 502.197
 endloop
endfacet
facet normal 0 1 -6.22662E-17
 outer loop
  vertex 63.9194 -151.5 502.197
  vertex 82.6504 -151.5 488.977
  vertex 62.5 -151.5 486.5
 endloop
endfacet
facet normal 0 1 -6.22662E-17
 outer loop
  vertex 62.5 -151.5 486.5
  vertex 82.6504 -151.5 488.977
  vertex 87.0478 -151.5 462.435
 endloop
endfacet
facet normal 0 1 -6.22662E-17
 outer loop
  vertex 67.7769 -151.5 456.573
  vertex 87.0478 -151.5 462.435
  vertex 82.9711 -151.5 430.256
 endloop
endfacet
facet normal 0 1 -6.22662E-17
 outer loop
  vertex 67.7769 -151.5 456.573
  vertex 62.5 -151.5 486.5
  vertex 87.0478 -151.5 462.435
 endloop
endfacet
facet normal 0 1 -6.22662E-17
 outer loop
  vertex 162.295 -151.5 558.741
  vertex 150 -151.5 561.792
  vertex 146.496 -151.5 580.89
 endloop
endfacet
facet normal 0 1 -6.22662E-17
 outer loop
  vertex 173.947 -151.5 577.869
  vertex 162.295 -151.5 558.741
  vertex 146.496 -151.5 580.89
 endloop
endfacet
facet normal 0 1 -6.22662E-17
 outer loop
  vertex 173.947 -151.5 577.869
  vertex 171.735 -151.5 550.294
  vertex 162.295 -151.5 558.741
 endloop
endfacet
facet normal 0 1 -6.22662E-17
 outer loop
  vertex 173.947 -151.5 577.869
  vertex 199.351 -151.5 567.037
  vertex 171.735 -151.5 550.294
 endloop
endfacet
facet normal 0 1 -6.22662E-17
 outer loop
  vertex 171.735 -151.5 550.294
  vertex 199.351 -151.5 567.037
  vertex 194.957 -151.5 536.709
 endloop
endfacet
facet normal 0 1 -6.22662E-17
 outer loop
  vertex 194.957 -151.5 536.709
  vertex 199.351 -151.5 567.037
  vertex 220.536 -151.5 549.321
 endloop
endfacet
facet normal 0 1 -6.22662E-17
 outer loop
  vertex 225 -151.5 531.569
  vertex 220.536 -151.5 549.321
  vertex 225 -151.5 553.34
 endloop
endfacet
facet normal 0 1 -6.22662E-17
 outer loop
  vertex 225 -151.5 531.569
  vertex 194.957 -151.5 536.709
  vertex 220.536 -151.5 549.321
 endloop
endfacet
facet normal 0 1 -6.22662E-17
 outer loop
  vertex 225 -151.5 531.569
  vertex 211.015 -151.5 515.124
  vertex 194.957 -151.5 536.709
 endloop
endfacet
facet normal 0 1 -6.22662E-17
 outer loop
  vertex 225 -151.5 531.569
  vertex 231.868 -151.5 517.384
  vertex 211.015 -151.5 515.124
 endloop
endfacet
facet normal 0 1 -6.22662E-17
 outer loop
  vertex 211.015 -151.5 515.124
  vertex 231.868 -151.5 517.384
  vertex 236.081 -151.5 502.197
 endloop
endfacet
facet normal 0 1 -6.22662E-17
 outer loop
  vertex 217.35 -151.5 488.977
  vertex 236.081 -151.5 502.197
  vertex 237.5 -151.5 486.5
 endloop
endfacet
facet normal 0 1 -6.22662E-17
 outer loop
  vertex 212.952 -151.5 462.435
  vertex 237.5 -151.5 486.5
  vertex 232.223 -151.5 456.573
 endloop
endfacet
facet normal 0 1 -6.22662E-17
 outer loop
  vertex 217.029 -151.5 430.256
  vertex 212.952 -151.5 462.435
  vertex 232.223 -151.5 456.573
 endloop
endfacet
facet normal 0 1 -6.22662E-17
 outer loop
  vertex 217.029 -151.5 430.256
  vertex 198.523 -151.5 439.728
  vertex 212.952 -151.5 462.435
 endloop
endfacet
facet normal 0 1 -6.22662E-17
 outer loop
  vertex 217.029 -151.5 430.256
  vertex 193.75 -151.5 410.723
  vertex 198.523 -151.5 439.728
 endloop
endfacet
facet normal 0 1 -6.22662E-17
 outer loop
  vertex 198.523 -151.5 439.728
  vertex 193.75 -151.5 410.723
  vertex 176.362 -151.5 424.475
 endloop
endfacet
facet normal 0 1 -6.22662E-17
 outer loop
  vertex 176.362 -151.5 424.475
  vertex 193.75 -151.5 410.723
  vertex 165.194 -151.5 400.329
 endloop
endfacet
facet normal 0 1 -6.22662E-17
 outer loop
  vertex 150 -151.5 419.105
  vertex 165.194 -151.5 400.329
  vertex 134.806 -151.5 400.329
 endloop
endfacet
facet normal 0 1 -6.22662E-17
 outer loop
  vertex 123.638 -151.5 424.475
  vertex 134.806 -151.5 400.329
  vertex 106.25 -151.5 410.723
 endloop
endfacet
facet normal 0 1 -6.22662E-17
 outer loop
  vertex 101.477 -151.5 439.728
  vertex 106.25 -151.5 410.723
  vertex 82.9711 -151.5 430.256
 endloop
endfacet
facet normal 0 1 -6.22662E-17
 outer loop
  vertex 87.0478 -151.5 462.435
  vertex 101.477 -151.5 439.728
  vertex 82.9711 -151.5 430.256
 endloop
endfacet
facet normal 0 1 -6.22662E-17
 outer loop
  vertex 146.496 -151.5 580.89
  vertex 137.705 -151.5 558.741
  vertex 119.344 -151.5 575.842
 endloop
endfacet
facet normal 0 1 -6.22662E-17
 outer loop
  vertex 146.496 -151.5 580.89
  vertex 150 -151.5 561.792
  vertex 137.705 -151.5 558.741
 endloop
endfacet
facet normal 0 1 -6.22662E-17
 outer loop
  vertex 137.705 -151.5 558.741
  vertex 128.265 -151.5 550.294
  vertex 119.344 -151.5 575.842
 endloop
endfacet
facet normal 0 1 -6.22662E-17
 outer loop
  vertex 119.344 -151.5 575.842
  vertex 128.265 -151.5 550.294
  vertex 94.8132 -151.5 563.156
 endloop
endfacet
facet normal 0 1 -6.22662E-17
 outer loop
  vertex 94.8132 -151.5 563.156
  vertex 128.265 -151.5 550.294
  vertex 105.043 -151.5 536.709
 endloop
endfacet
facet normal 0 1 -6.22662E-17
 outer loop
  vertex 75 -151.5 543.918
  vertex 94.8132 -151.5 563.156
  vertex 105.043 -151.5 536.709
 endloop
endfacet
facet normal 0 1 -6.22662E-17
 outer loop
  vertex 101.477 -151.5 439.728
  vertex 123.638 -151.5 424.475
  vertex 106.25 -151.5 410.723
 endloop
endfacet
facet normal 0 1 -6.22662E-17
 outer loop
  vertex 123.638 -151.5 424.475
  vertex 150 -151.5 419.105
  vertex 134.806 -151.5 400.329
 endloop
endfacet
facet normal 0 1 -6.22662E-17
 outer loop
  vertex 150 -151.5 419.105
  vertex 176.362 -151.5 424.475
  vertex 165.194 -151.5 400.329
 endloop
endfacet
facet normal 0 1 -6.22662E-17
 outer loop
  vertex 212.952 -151.5 462.435
  vertex 217.35 -151.5 488.977
  vertex 237.5 -151.5 486.5
 endloop
endfacet
facet normal 0 1 -6.22662E-17
 outer loop
  vertex 217.35 -151.5 488.977
  vertex 211.015 -151.5 515.124
  vertex 236.081 -151.5 502.197
 endloop
endfacet
facet normal -1.05449E-16 -1 6.22662E-17
 outer loop
  vertex 117.468 -204.542 405.273
  vertex 108.75 -204.542 405.527
  vertex 112.892 -204.542 398.228
 endloop
endfacet
facet normal -1.05449E-16 -1 6.22662E-17
 outer loop
  vertex 117.468 -204.542 405.273
  vertex 109.901 -204.542 408.729
  vertex 108.75 -204.542 405.527
 endloop
endfacet
facet normal -1.05449E-16 -1 6.22662E-17
 outer loop
  vertex 108.75 -204.542 405.527
  vertex 109.901 -204.542 408.729
  vertex 108.013 -204.542 408.277
 endloop
endfacet
facet normal -1.05449E-16 -1 6.22662E-17
 outer loop
  vertex 108.013 -204.542 408.277
  vertex 109.901 -204.542 408.729
  vertex 106 -204.542 410.29
 endloop
endfacet
facet normal -1.05449E-16 -1 6.22662E-17
 outer loop
  vertex 106 -204.542 410.29
  vertex 109.901 -204.542 408.729
  vertex 102.698 -204.542 412.888
 endloop
endfacet
facet normal -1.05449E-16 -1 6.22662E-17
 outer loop
  vertex 103.25 -204.542 411.027
  vertex 102.698 -204.542 412.888
  vertex 101.369 -204.542 410.695
 endloop
endfacet
facet normal -1.05449E-16 -1 6.22662E-17
 outer loop
  vertex 103.25 -204.542 411.027
  vertex 106 -204.542 410.29
  vertex 102.698 -204.542 412.888
 endloop
endfacet
facet normal -1.05449E-16 -1 6.22662E-17
 outer loop
  vertex 102.698 -204.542 412.888
  vertex 95.9211 -204.542 417.712
  vertex 101.369 -204.542 410.695
 endloop
endfacet
facet normal -1.05449E-16 -1 6.22662E-17
 outer loop
  vertex 101.369 -204.542 410.695
  vertex 95.9211 -204.542 417.712
  vertex 99.7147 -204.542 409.74
 endloop
endfacet
facet normal -1.05449E-16 -1 6.22662E-17
 outer loop
  vertex 99.7147 -204.542 409.74
  vertex 95.9211 -204.542 417.712
  vertex 92.1077 -204.542 410.228
 endloop
endfacet
facet normal -1.05449E-16 -1 6.22662E-17
 outer loop
  vertex 98.4869 -204.542 408.277
  vertex 92.1077 -204.542 410.228
  vertex 97.7369 -204.542 406.978
 endloop
endfacet
facet normal -1.05449E-16 -1 6.22662E-17
 outer loop
  vertex 98.4869 -204.542 408.277
  vertex 99.7147 -204.542 409.74
  vertex 92.1077 -204.542 410.228
 endloop
endfacet
facet normal -1.05449E-16 -1 6.22662E-17
 outer loop
  vertex 108.75 -204.542 405.527
  vertex 108.013 -204.542 402.777
  vertex 112.892 -204.542 398.228
 endloop
endfacet
facet normal -1.05449E-16 -1 6.22662E-17
 outer loop
  vertex 112.892 -204.542 398.228
  vertex 108.013 -204.542 402.777
  vertex 107.263 -204.542 401.478
 endloop
endfacet
facet normal -0.891021 1.22224E-16 0.453962
 outer loop
  vertex 95.9211 -170.5 417.712
  vertex 92.1077 -170.5 410.228
  vertex 95.9211 -204.542 417.712
 endloop
endfacet
facet normal -0.891021 1.22224E-16 0.453962
 outer loop
  vertex 95.9211 -204.542 417.712
  vertex 92.1077 -170.5 410.228
  vertex 92.1077 -204.542 410.228
 endloop
endfacet
facet normal 0 1 -6.22662E-17
 outer loop
  vertex 107.263 -170.5 401.478
  vertex 108.013 -170.5 402.777
  vertex 112.892 -170.5 398.228
 endloop
endfacet
facet normal 0 1 -6.22662E-17
 outer loop
  vertex 112.892 -170.5 398.228
  vertex 108.013 -170.5 402.777
  vertex 108.75 -170.5 405.527
 endloop
endfacet
facet normal 0 1 -6.22662E-17
 outer loop
  vertex 117.468 -170.5 405.273
  vertex 108.75 -170.5 405.527
  vertex 109.901 -170.5 408.729
 endloop
endfacet
facet normal 0 1 -6.22662E-17
 outer loop
  vertex 117.468 -170.5 405.273
  vertex 112.892 -170.5 398.228
  vertex 108.75 -170.5 405.527
 endloop
endfacet
facet normal 0 1 -6.22662E-17
 outer loop
  vertex 108.75 -170.5 405.527
  vertex 108.013 -170.5 408.277
  vertex 109.901 -170.5 408.729
 endloop
endfacet
facet normal 0 1 -6.22662E-17
 outer loop
  vertex 109.901 -170.5 408.729
  vertex 108.013 -170.5 408.277
  vertex 106 -170.5 410.29
 endloop
endfacet
facet normal 0 1 -6.22662E-17
 outer loop
  vertex 102.698 -170.5 412.888
  vertex 106 -170.5 410.29
  vertex 103.25 -170.5 411.027
 endloop
endfacet
facet normal 0 1 -6.22662E-17
 outer loop
  vertex 101.369 -170.5 410.695
  vertex 102.698 -170.5 412.888
  vertex 103.25 -170.5 411.027
 endloop
endfacet
facet normal 0 1 -6.22662E-17
 outer loop
  vertex 101.369 -170.5 410.695
  vertex 95.9211 -170.5 417.712
  vertex 102.698 -170.5 412.888
 endloop
endfacet
facet normal 0 1 -6.22662E-17
 outer loop
  vertex 101.369 -170.5 410.695
  vertex 99.7147 -170.5 409.74
  vertex 95.9211 -170.5 417.712
 endloop
endfacet
facet normal 0 1 -6.22662E-17
 outer loop
  vertex 95.9211 -170.5 417.712
  vertex 99.7147 -170.5 409.74
  vertex 92.1077 -170.5 410.228
 endloop
endfacet
facet normal 0 1 -6.22662E-17
 outer loop
  vertex 92.1077 -170.5 410.228
  vertex 99.7147 -170.5 409.74
  vertex 98.4869 -170.5 408.277
 endloop
endfacet
facet normal 0 1 -6.22662E-17
 outer loop
  vertex 97.7369 -170.5 406.978
  vertex 92.1077 -170.5 410.228
  vertex 98.4869 -170.5 408.277
 endloop
endfacet
facet normal 0 1 -6.22662E-17
 outer loop
  vertex 102.698 -170.5 412.888
  vertex 109.901 -170.5 408.729
  vertex 106 -170.5 410.29
 endloop
endfacet
facet normal 0.838653 -1.2235E-16 -0.544666
 outer loop
  vertex 112.892 -170.5 398.228
  vertex 117.468 -170.5 405.273
  vertex 112.892 -204.542 398.228
 endloop
endfacet
facet normal 0.838653 -1.2235E-16 -0.544666
 outer loop
  vertex 112.892 -204.542 398.228
  vertex 117.468 -170.5 405.273
  vertex 117.468 -204.542 405.273
 endloop
endfacet
facet normal 0.809844 0.0523571 -0.584304
 outer loop
  vertex 75 -175.5 541.824
  vertex 72.356 -175.5 538.048
  vertex 75 -151.5 543.918
 endloop
endfacet
facet normal 0.828672 0.0523958 -0.557277
 outer loop
  vertex 75 -151.5 543.918
  vertex 72.356 -175.5 538.048
  vertex 69.902 -175.5 534.145
 endloop
endfacet
facet normal 0.871679 0.0523468 -0.487274
 outer loop
  vertex 66.9653 -143 532.45
  vertex 69.902 -175.5 534.145
  vertex 67.644 -175.5 530.126
 endloop
endfacet
facet normal 0.843361 0.052442 -0.534782
 outer loop
  vertex 66.9653 -143 532.45
  vertex 75 -151.5 543.918
  vertex 69.902 -175.5 534.145
 endloop
endfacet
facet normal 0.78859 0.0527773 -0.61265
 outer loop
  vertex 66.9653 -143 532.45
  vertex 85.4471 -143 556.063
  vertex 75 -151.5 543.918
 endloop
endfacet
facet normal 0.690197 0.0527155 -0.721698
 outer loop
  vertex 75 -151.5 543.918
  vertex 85.4471 -143 556.063
  vertex 94.8132 -151.5 563.156
 endloop
endfacet
facet normal 0.564699 0.0527836 -0.823607
 outer loop
  vertex 94.8132 -151.5 563.156
  vertex 85.4471 -143 556.063
  vertex 110.374 -143 572.732
 endloop
endfacet
facet normal 0.28722 0.0527967 -0.956409
 outer loop
  vertex 119.344 -151.5 575.842
  vertex 110.374 -143 572.732
  vertex 139.257 -143 580.791
 endloop
endfacet
facet normal -0.0175175 0.0528164 -0.998451
 outer loop
  vertex 146.496 -151.5 580.89
  vertex 139.257 -143 580.791
  vertex 169.213 -143 579.436
 endloop
endfacet
facet normal -0.320595 0.0528429 -0.945741
 outer loop
  vertex 173.947 -151.5 577.869
  vertex 169.213 -143 579.436
  vertex 197.25 -143 568.802
 endloop
endfacet
facet normal -0.59325 0.0528761 -0.80328
 outer loop
  vertex 199.351 -151.5 567.037
  vertex 197.25 -143 568.802
  vertex 220.57 -143 549.951
 endloop
endfacet
facet normal -0.676372 0.0528308 -0.734663
 outer loop
  vertex 220.536 -151.5 549.321
  vertex 199.351 -151.5 567.037
  vertex 220.57 -143 549.951
 endloop
endfacet
facet normal -0.427764 0.0527943 -0.902348
 outer loop
  vertex 199.351 -151.5 567.037
  vertex 173.947 -151.5 577.869
  vertex 197.25 -143 568.802
 endloop
endfacet
facet normal -0.140576 0.0527646 -0.988663
 outer loop
  vertex 173.947 -151.5 577.869
  vertex 146.496 -151.5 580.89
  vertex 169.213 -143 579.436
 endloop
endfacet
facet normal 0.159294 0.0527415 -0.985821
 outer loop
  vertex 146.496 -151.5 580.89
  vertex 119.344 -151.5 575.842
  vertex 139.257 -143 580.791
 endloop
endfacet
facet normal 0.444802 0.0527251 -0.894076
 outer loop
  vertex 119.344 -151.5 575.842
  vertex 94.8132 -151.5 563.156
  vertex 110.374 -143 572.732
 endloop
endfacet
facet normal 0.668214 0.052336 -0.742126
 outer loop
  vertex 220.536 -151.5 549.321
  vertex 220.57 -143 549.951
  vertex 225 -151.5 553.34
 endloop
endfacet
facet normal 0.668214 0.052336 -0.742126
 outer loop
  vertex 225 -151.5 553.34
  vertex 220.57 -143 549.951
  vertex 250.443 -143 576.849
 endloop
endfacet
facet normal 0.668214 0.052336 -0.742126
 outer loop
  vertex 252.84 -175.5 576.715
  vertex 225 -151.5 553.34
  vertex 250.443 -143 576.849
 endloop
endfacet
facet normal 0.668214 0.052336 -0.742126
 outer loop
  vertex 252.84 -175.5 576.715
  vertex 225 -175.5 551.648
  vertex 225 -151.5 553.34
 endloop
endfacet
facet normal -6.56592E-33 -1 6.22662E-17
 outer loop
  vertex 215.222 -252.5 459.484
  vertex 215.222 -252.5 513.516
  vertex 199.919 -252.5 436.581
 endloop
endfacet
facet normal -6.56592E-33 -1 6.22662E-17
 outer loop
  vertex 215.222 -252.5 459.484
  vertex 220.596 -252.5 486.5
  vertex 215.222 -252.5 513.516
 endloop
endfacet
facet normal -6.56592E-33 -1 6.22662E-17
 outer loop
  vertex 199.919 -252.5 436.581
  vertex 199.919 -252.5 536.419
  vertex 177.016 -252.5 421.278
 endloop
endfacet
facet normal -6.56592E-33 -1 6.22662E-17
 outer loop
  vertex 199.919 -252.5 436.581
  vertex 215.222 -252.5 513.516
  vertex 199.919 -252.5 536.419
 endloop
endfacet
facet normal -6.56592E-33 -1 6.22662E-17
 outer loop
  vertex 199.919 -252.5 536.419
  vertex 177.016 -252.5 551.722
  vertex 177.016 -252.5 421.278
 endloop
endfacet
facet normal -6.56592E-33 -1 6.22662E-17
 outer loop
  vertex 177.016 -252.5 421.278
  vertex 177.016 -252.5 551.722
  vertex 150 -252.5 415.904
 endloop
endfacet
facet normal -6.56592E-33 -1 6.22662E-17
 outer loop
  vertex 150 -252.5 415.904
  vertex 177.016 -252.5 551.722
  vertex 150 -252.5 557.096
 endloop
endfacet
facet normal -6.56592E-33 -1 6.22662E-17
 outer loop
  vertex 122.984 -252.5 421.278
  vertex 150 -252.5 557.096
  vertex 122.984 -252.5 551.722
 endloop
endfacet
facet normal -6.56592E-33 -1 6.22662E-17
 outer loop
  vertex 100.081 -252.5 436.581
  vertex 122.984 -252.5 551.722
  vertex 100.081 -252.5 536.419
 endloop
endfacet
facet normal -6.56592E-33 -1 6.22662E-17
 outer loop
  vertex 84.778 -252.5 459.484
  vertex 100.081 -252.5 536.419
  vertex 84.778 -252.5 513.516
 endloop
endfacet
facet normal -6.56592E-33 -1 6.22662E-17
 outer loop
  vertex 79.4042 -252.5 486.5
  vertex 84.778 -252.5 459.484
  vertex 84.778 -252.5 513.516
 endloop
endfacet
facet normal -6.56592E-33 -1 6.22662E-17
 outer loop
  vertex 84.778 -252.5 459.484
  vertex 100.081 -252.5 436.581
  vertex 100.081 -252.5 536.419
 endloop
endfacet
facet normal -6.56592E-33 -1 6.22662E-17
 outer loop
  vertex 100.081 -252.5 436.581
  vertex 122.984 -252.5 421.278
  vertex 122.984 -252.5 551.722
 endloop
endfacet
facet normal -6.56592E-33 -1 6.22662E-17
 outer loop
  vertex 122.984 -252.5 421.278
  vertex 150 -252.5 415.904
  vertex 150 -252.5 557.096
 endloop
endfacet
facet normal -0.484145 0.052336 -0.873421
 outer loop
  vertex 67.644 -175.5 530.126
  vertex 29.5014 -175.5 551.269
  vertex 66.9653 -143 532.45
 endloop
endfacet
facet normal -0.484145 0.052336 -0.873421
 outer loop
  vertex 66.9653 -143 532.45
  vertex 29.5014 -175.5 551.269
  vertex 31.8068 -143 551.938
 endloop
endfacet
facet normal 0 1 -6.22662E-17
 outer loop
  vertex 31.8068 -143 551.938
  vertex 53.7247 -143 581.278
  vertex 66.9653 -143 532.45
 endloop
endfacet
facet normal 0 1 -6.22662E-17
 outer loop
  vertex 66.9653 -143 532.45
  vertex 53.7247 -143 581.278
  vertex 85.4471 -143 556.063
 endloop
endfacet
facet normal 0 1 -6.22662E-17
 outer loop
  vertex 85.4471 -143 556.063
  vertex 53.7247 -143 581.278
  vertex 82.7172 -143 603.653
 endloop
endfacet
facet normal 0 1 -6.22662E-17
 outer loop
  vertex 110.374 -143 572.732
  vertex 82.7172 -143 603.653
  vertex 116.654 -143 617.419
 endloop
endfacet
facet normal 0 1 -6.22662E-17
 outer loop
  vertex 139.257 -143 580.791
  vertex 116.654 -143 617.419
  vertex 150 -143 621.599
 endloop
endfacet
facet normal 0 1 -6.22662E-17
 outer loop
  vertex 153.041 -143 621.565
  vertex 139.257 -143 580.791
  vertex 150 -143 621.599
 endloop
endfacet
facet normal 0 1 -6.22662E-17
 outer loop
  vertex 153.041 -143 621.565
  vertex 169.213 -143 579.436
  vertex 139.257 -143 580.791
 endloop
endfacet
facet normal 0 1 -6.22662E-17
 outer loop
  vertex 153.041 -143 621.565
  vertex 189.205 -143 615.786
  vertex 169.213 -143 579.436
 endloop
endfacet
facet normal 0 1 -6.22662E-17
 outer loop
  vertex 169.213 -143 579.436
  vertex 189.205 -143 615.786
  vertex 197.25 -143 568.802
 endloop
endfacet
facet normal 0 1 -6.22662E-17
 outer loop
  vertex 197.25 -143 568.802
  vertex 189.205 -143 615.786
  vertex 222.487 -143 600.506
 endloop
endfacet
facet normal 0 1 -6.22662E-17
 outer loop
  vertex 220.57 -143 549.951
  vertex 222.487 -143 600.506
  vertex 250.443 -143 576.849
 endloop
endfacet
facet normal 0 1 -6.22662E-17
 outer loop
  vertex 220.57 -143 549.951
  vertex 197.25 -143 568.802
  vertex 222.487 -143 600.506
 endloop
endfacet
facet normal 0 1 -6.22662E-17
 outer loop
  vertex 139.257 -143 580.791
  vertex 110.374 -143 572.732
  vertex 116.654 -143 617.419
 endloop
endfacet
facet normal 0 1 -6.22662E-17
 outer loop
  vertex 110.374 -143 572.732
  vertex 85.4471 -143 556.063
  vertex 82.7172 -143 603.653
 endloop
endfacet
facet normal 0.956814 -8.27943E-17 0.290702
 outer loop
  vertex 182.973 -124.2 853.314
  vertex 182.973 -106.5 853.314
  vertex 181.024 -123.5 859.729
 endloop
endfacet
facet normal 0.956814 -8.27943E-17 0.290702
 outer loop
  vertex 181.024 -123.5 859.729
  vertex 182.973 -106.5 853.314
  vertex 177.135 -106.5 872.531
 endloop
endfacet
facet normal 0.956814 -8.27943E-17 0.290702
 outer loop
  vertex 177.135 -123.5 872.531
  vertex 181.024 -123.5 859.729
  vertex 177.135 -106.5 872.531
 endloop
endfacet
facet normal 0.290702 -9.02314E-17 -0.956814
 outer loop
  vertex 182.973 -106.5 853.314
  vertex 182.973 -124.2 853.314
  vertex 175.191 -106.5 850.949
 endloop
endfacet
facet normal 0.290702 -9.02314E-17 -0.956814
 outer loop
  vertex 175.191 -106.5 850.949
  vertex 182.973 -124.2 853.314
  vertex 175.191 -124.459 850.949
 endloop
endfacet
facet normal 0.0409298 -2.18964E-15 -0.999162
 outer loop
  vertex 150 -106.5 855.646
  vertex 150 -123.946 855.646
  vertex 141.431 -106.5 855.119
 endloop
endfacet
facet normal 0.162897 -2.16439E-15 -0.986643
 outer loop
  vertex 141.431 -106.5 855.119
  vertex 150 -123.946 855.646
  vertex 124.809 -124.459 850.949
 endloop
endfacet
facet normal 0.321901 -2.07428E-15 -0.946773
 outer loop
  vertex 132.992 -106.5 853.546
  vertex 124.809 -124.459 850.949
  vertex 124.809 -106.5 850.949
 endloop
endfacet
facet normal 0.243318 -2.13115E-15 -0.969947
 outer loop
  vertex 132.992 -106.5 853.546
  vertex 141.431 -106.5 855.119
  vertex 124.809 -124.459 850.949
 endloop
endfacet
facet normal -0.290702 -2.89228E-17 -0.956814
 outer loop
  vertex 124.809 -124.459 850.949
  vertex 117.027 -124.2 853.314
  vertex 124.809 -106.5 850.949
 endloop
endfacet
facet normal -0.290702 -2.89228E-17 -0.956814
 outer loop
  vertex 124.809 -106.5 850.949
  vertex 117.027 -124.2 853.314
  vertex 117.027 -106.5 853.314
 endloop
endfacet
facet normal -0.956814 1.18996E-16 0.290702
 outer loop
  vertex 122.865 -123.5 872.531
  vertex 122.865 -106.5 872.531
  vertex 118.976 -123.5 859.729
 endloop
endfacet
facet normal -0.956814 1.18996E-16 0.290702
 outer loop
  vertex 118.976 -123.5 859.729
  vertex 122.865 -106.5 872.531
  vertex 117.027 -106.5 853.314
 endloop
endfacet
facet normal -0.956814 1.18996E-16 0.290702
 outer loop
  vertex 117.027 -124.2 853.314
  vertex 118.976 -123.5 859.729
  vertex 117.027 -106.5 853.314
 endloop
endfacet
facet normal -0.0945703 0.0528115 0.994116
 outer loop
  vertex 92.8235 -144.85 664.176
  vertex 92.8235 -139.5 663.896
  vertex 89.3652 -144.904 663.682
 endloop
endfacet
facet normal -0.266204 0.0535524 0.962428
 outer loop
  vertex 89.3652 -144.904 663.682
  vertex 92.8235 -139.5 663.896
  vertex 86.8235 -139.5 662.288
 endloop
endfacet
facet normal -0.671992 0.0536642 0.738612
 outer loop
  vertex 85.4129 -145.12 661.706
  vertex 86.8235 -139.5 662.288
  vertex 82.4312 -139.5 657.896
 endloop
endfacet
facet normal -0.942129 0.0538489 0.330896
 outer loop
  vertex 81.9256 -145.564 657.638
  vertex 82.4312 -139.5 657.896
  vertex 80.8235 -139.5 651.896
 endloop
endfacet
facet normal -0.983352 0.0539447 -0.173518
 outer loop
  vertex 80.4726 -146.199 651.825
  vertex 80.8235 -139.5 651.896
  vertex 82.4312 -139.5 645.896
 endloop
endfacet
facet normal -0.795646 0.0533849 -0.603405
 outer loop
  vertex 81.9256 -146.833 646.013
  vertex 82.4312 -139.5 645.896
  vertex 85.4129 -147.278 641.945
 endloop
endfacet
facet normal -0.940371 0.0538417 -0.335863
 outer loop
  vertex 81.9256 -146.833 646.013
  vertex 80.4726 -146.199 651.825
  vertex 82.4312 -139.5 645.896
 endloop
endfacet
facet normal -0.670263 0.053676 -0.74018
 outer loop
  vertex 82.4312 -139.5 645.896
  vertex 86.8235 -139.5 641.504
  vertex 85.4129 -147.278 641.945
 endloop
endfacet
facet normal -0.46306 0.0529205 -0.884746
 outer loop
  vertex 85.4129 -147.278 641.945
  vertex 86.8235 -139.5 641.504
  vertex 89.3652 -147.493 639.968
 endloop
endfacet
facet normal -0.265152 0.0535515 -0.962718
 outer loop
  vertex 89.3652 -147.493 639.968
  vertex 86.8235 -139.5 641.504
  vertex 92.8235 -139.5 639.896
 endloop
endfacet
facet normal -0.0935181 0.0528008 -0.994216
 outer loop
  vertex 92.8235 -147.547 639.474
  vertex 89.3652 -147.493 639.968
  vertex 92.8235 -139.5 639.896
 endloop
endfacet
facet normal -0.986075 0.0537435 0.157378
 outer loop
  vertex 80.4726 -146.199 651.825
  vertex 81.9256 -145.564 657.638
  vertex 80.8235 -139.5 651.896
 endloop
endfacet
facet normal -0.799034 0.0533788 0.598912
 outer loop
  vertex 81.9256 -145.564 657.638
  vertex 85.4129 -145.12 661.706
  vertex 82.4312 -139.5 657.896
 endloop
endfacet
facet normal -0.466016 0.0529286 0.883192
 outer loop
  vertex 85.4129 -145.12 661.706
  vertex 89.3652 -144.904 663.682
  vertex 86.8235 -139.5 662.288
 endloop
endfacet
facet normal -1 1.05449E-16 -3.55692E-16
 outer loop
  vertex 122.865 -106.5 872.531
  vertex 122.865 -123.5 872.531
  vertex 122.865 -106.5 884.573
 endloop
endfacet
facet normal -1 1.05449E-16 -3.55692E-16
 outer loop
  vertex 122.865 -106.5 884.573
  vertex 122.865 -123.5 872.531
  vertex 122.865 -113.5 892.039
 endloop
endfacet
facet normal -1 1.05449E-16 -3.55692E-16
 outer loop
  vertex 122.865 -113.5 892.039
  vertex 122.865 -123.5 872.531
  vertex 122.865 -123.5 892.039
 endloop
endfacet
facet normal -0.285807 1.93284E-15 0.958287
 outer loop
  vertex 177.135 -113.5 892.039
  vertex 159.234 -113.5 887.501
  vertex 177.135 -123.5 892.039
 endloop
endfacet
facet normal -0.20524 1.97052E-15 0.978712
 outer loop
  vertex 177.135 -123.5 892.039
  vertex 159.234 -113.5 887.501
  vertex 159.234 -123.5 887.501
 endloop
endfacet
facet normal -0.0826886 2.00646E-15 0.996575
 outer loop
  vertex 159.234 -123.5 887.501
  vertex 159.234 -113.5 887.501
  vertex 150 -123.5 886.927
 endloop
endfacet
facet normal -0.0413443 2.01163E-15 0.999145
 outer loop
  vertex 150 -123.5 886.927
  vertex 159.234 -113.5 887.501
  vertex 150 -113.5 886.927
 endloop
endfacet
facet normal 0.0826886 2.00646E-15 0.996575
 outer loop
  vertex 140.766 -123.5 887.501
  vertex 150 -113.5 886.927
  vertex 140.766 -113.5 887.501
 endloop
endfacet
facet normal 0.20524 1.97393E-15 0.978712
 outer loop
  vertex 122.865 -113.5 892.039
  vertex 140.766 -123.5 887.501
  vertex 140.766 -113.5 887.501
 endloop
endfacet
facet normal 0.285807 1.93148E-15 0.958287
 outer loop
  vertex 122.865 -113.5 892.039
  vertex 122.865 -123.5 892.039
  vertex 140.766 -123.5 887.501
 endloop
endfacet
facet normal 0.0413443 2.01028E-15 0.999145
 outer loop
  vertex 140.766 -123.5 887.501
  vertex 150 -123.5 886.927
  vertex 150 -113.5 886.927
 endloop
endfacet
facet normal 1 0 -3.55692E-16
 outer loop
  vertex 177.135 -123.5 892.039
  vertex 177.135 -123.5 872.531
  vertex 177.135 -113.5 892.039
 endloop
endfacet
facet normal 1 0 -3.55692E-16
 outer loop
  vertex 177.135 -113.5 892.039
  vertex 177.135 -123.5 872.531
  vertex 177.135 -106.5 884.573
 endloop
endfacet
facet normal 1 0 -3.55692E-16
 outer loop
  vertex 177.135 -106.5 884.573
  vertex 177.135 -123.5 872.531
  vertex 177.135 -106.5 872.531
 endloop
endfacet
facet normal 0.965926 2.44763E-15 -0.258819
 outer loop
  vertex 221.5 -171.005 822.026
  vertex 216 -191.532 801.5
  vertex 221.5 -156.058 822.026
 endloop
endfacet
facet normal 0.965926 2.44763E-15 -0.258819
 outer loop
  vertex 221.5 -156.058 822.026
  vertex 216 -191.532 801.5
  vertex 216 -135.532 801.5
 endloop
endfacet
facet normal 0.965926 0.258819 2.54948E-15
 outer loop
  vertex 216 -135.532 857.5
  vertex 221.5 -156.058 836.974
  vertex 216 -135.532 801.5
 endloop
endfacet
facet normal 0.965926 0.258819 2.54948E-15
 outer loop
  vertex 216 -135.532 801.5
  vertex 221.5 -156.058 836.974
  vertex 221.5 -156.058 822.026
 endloop
endfacet
facet normal 0.965926 -2.84376E-15 0.258819
 outer loop
  vertex 216 -135.532 857.5
  vertex 216 -191.532 857.5
  vertex 221.5 -156.058 836.974
 endloop
endfacet
facet normal 0.965926 -2.84376E-15 0.258819
 outer loop
  vertex 221.5 -156.058 836.974
  vertex 216 -191.532 857.5
  vertex 221.5 -171.005 836.974
 endloop
endfacet
facet normal 0.965926 -0.258819 -2.80604E-15
 outer loop
  vertex 216 -191.532 857.5
  vertex 216 -191.532 801.5
  vertex 221.5 -171.005 836.974
 endloop
endfacet
facet normal 0.965926 -0.258819 -2.80604E-15
 outer loop
  vertex 221.5 -171.005 836.974
  vertex 216 -191.532 801.5
  vertex 221.5 -171.005 822.026
 endloop
endfacet
facet normal -0.130522 -0 -0.991445
 outer loop
  vertex 187.5 -235.027 650.5
  vertex 189.039 -235.071 650.192
  vertex 187.5 -249.5 650.5
 endloop
endfacet
facet normal -0.302394 -0 -0.953183
 outer loop
  vertex 187.5 -249.5 650.5
  vertex 189.039 -235.071 650.192
  vertex 189.5 -249.5 649.964
 endloop
endfacet
facet normal -0.538597 -0 -0.842564
 outer loop
  vertex 189.5 -249.5 649.964
  vertex 189.039 -235.071 650.192
  vertex 190.337 -235.197 649.319
 endloop
endfacet
facet normal -0.844546 -1.05165E-17 -0.535484
 outer loop
  vertex 190.964 -249.5 648.5
  vertex 190.337 -235.197 649.319
  vertex 191.199 -235.383 648.022
 endloop
endfacet
facet normal -0.991667 9.5319E-21 -0.128826
 outer loop
  vertex 191.5 -249.5 646.5
  vertex 191.199 -235.383 648.022
  vertex 191.5 -235.602 646.498
 endloop
endfacet
facet normal -0.991593 9.53221E-21 0.129396
 outer loop
  vertex 191.198 -235.819 644.975
  vertex 191.5 -249.5 646.5
  vertex 191.5 -235.602 646.498
 endloop
endfacet
facet normal -0.953587 1.06389E-17 0.301117
 outer loop
  vertex 191.198 -235.819 644.975
  vertex 190.964 -249.5 644.5
  vertex 191.5 -249.5 646.5
 endloop
endfacet
facet normal -0.844302 1.05164E-17 0.535867
 outer loop
  vertex 191.198 -235.819 644.975
  vertex 190.336 -236.003 643.679
  vertex 190.964 -249.5 644.5
 endloop
endfacet
facet normal -0.707746 1.06189E-17 0.706467
 outer loop
  vertex 190.964 -249.5 644.5
  vertex 190.336 -236.003 643.679
  vertex 189.5 -249.5 643.036
 endloop
endfacet
facet normal -0.538371 1.94187E-17 0.842708
 outer loop
  vertex 189.5 -249.5 643.036
  vertex 190.336 -236.003 643.679
  vertex 189.038 -236.127 642.808
 endloop
endfacet
facet normal -0.130435 1.94954E-17 0.991457
 outer loop
  vertex 187.5 -249.5 642.5
  vertex 189.038 -236.127 642.808
  vertex 187.5 -236.17 642.5
 endloop
endfacet
facet normal -0.302307 1.96436E-17 0.953211
 outer loop
  vertex 187.5 -249.5 642.5
  vertex 189.5 -249.5 643.036
  vertex 189.038 -236.127 642.808
 endloop
endfacet
facet normal -0.953672 -1.06386E-17 -0.300849
 outer loop
  vertex 191.5 -249.5 646.5
  vertex 190.964 -249.5 648.5
  vertex 191.199 -235.383 648.022
 endloop
endfacet
facet normal -0.707877 -1.06189E-17 -0.706336
 outer loop
  vertex 190.964 -249.5 648.5
  vertex 189.5 -249.5 649.964
  vertex 190.337 -235.197 649.319
 endloop
endfacet
facet normal 0 -0.988768 0.149459
 outer loop
  vertex 187.5 -212.944 792.5
  vertex 189.039 -212.898 792.808
  vertex 185.96 -212.898 792.808
 endloop
endfacet
facet normal 0 -0.988784 0.149352
 outer loop
  vertex 185.96 -212.898 792.808
  vertex 189.039 -212.898 792.808
  vertex 190.337 -212.766 793.68
 endloop
endfacet
facet normal 0 -0.988826 0.149073
 outer loop
  vertex 184.662 -212.766 793.681
  vertex 190.337 -212.766 793.68
  vertex 191.198 -212.571 794.976
 endloop
endfacet
facet normal 0 -0.988884 0.148689
 outer loop
  vertex 183.8 -212.57 794.979
  vertex 191.198 -212.571 794.976
  vertex 191.5 -212.342 796.498
 endloop
endfacet
facet normal 0 -0.988949 0.148254
 outer loop
  vertex 183.5 -212.341 796.502
  vertex 191.5 -212.342 796.498
  vertex 191.2 -212.114 798.021
 endloop
endfacet
facet normal 0 -0.989013 0.14783
 outer loop
  vertex 183.802 -212.113 798.024
  vertex 191.2 -212.114 798.021
  vertex 190.338 -211.92 799.319
 endloop
endfacet
facet normal 0 -0.989064 0.147486
 outer loop
  vertex 184.663 -211.92 799.32
  vertex 190.338 -211.92 799.319
  vertex 189.04 -211.79 800.192
 endloop
endfacet
facet normal 0 -0.989095 0.147279
 outer loop
  vertex 185.961 -211.79 800.192
  vertex 189.04 -211.79 800.192
  vertex 187.5 -211.744 800.5
 endloop
endfacet
facet normal 0 -0.989077 0.147398
 outer loop
  vertex 185.961 -211.79 800.192
  vertex 184.663 -211.92 799.32
  vertex 189.04 -211.79 800.192
 endloop
endfacet
facet normal 0 -0.989032 0.147702
 outer loop
  vertex 184.663 -211.92 799.32
  vertex 183.802 -212.113 798.024
  vertex 190.338 -211.92 799.319
 endloop
endfacet
facet normal 0 -0.988971 0.148106
 outer loop
  vertex 183.802 -212.113 798.024
  vertex 183.5 -212.341 796.502
  vertex 191.2 -212.114 798.021
 endloop
endfacet
facet normal 0 -0.988906 0.148545
 outer loop
  vertex 183.5 -212.341 796.502
  vertex 183.8 -212.57 794.979
  vertex 191.5 -212.342 796.498
 endloop
endfacet
facet normal 0 -0.988844 0.148953
 outer loop
  vertex 183.8 -212.57 794.979
  vertex 184.662 -212.766 793.681
  vertex 191.198 -212.571 794.976
 endloop
endfacet
facet normal 0 -0.988796 0.149272
 outer loop
  vertex 184.662 -212.766 793.681
  vertex 185.96 -212.898 792.808
  vertex 190.337 -212.766 793.68
 endloop
endfacet
facet normal 0 -0.988768 0.149459
 outer loop
  vertex 112.5 -212.944 792.5
  vertex 114.039 -212.898 792.808
  vertex 110.96 -212.898 792.808
 endloop
endfacet
facet normal 0 -0.988784 0.149352
 outer loop
  vertex 110.96 -212.898 792.808
  vertex 114.039 -212.898 792.808
  vertex 115.337 -212.766 793.68
 endloop
endfacet
facet normal 0 -0.988826 0.149073
 outer loop
  vertex 109.662 -212.766 793.681
  vertex 115.337 -212.766 793.68
  vertex 116.198 -212.571 794.976
 endloop
endfacet
facet normal 0 -0.988884 0.148689
 outer loop
  vertex 108.8 -212.57 794.979
  vertex 116.198 -212.571 794.976
  vertex 116.5 -212.342 796.498
 endloop
endfacet
facet normal 0 -0.988949 0.148254
 outer loop
  vertex 108.5 -212.341 796.502
  vertex 116.5 -212.342 796.498
  vertex 116.2 -212.114 798.021
 endloop
endfacet
facet normal 0 -0.989013 0.14783
 outer loop
  vertex 108.802 -212.113 798.024
  vertex 116.2 -212.114 798.021
  vertex 115.338 -211.92 799.319
 endloop
endfacet
facet normal 0 -0.989064 0.147486
 outer loop
  vertex 109.663 -211.92 799.32
  vertex 115.338 -211.92 799.319
  vertex 114.04 -211.79 800.192
 endloop
endfacet
facet normal 0 -0.989095 0.147279
 outer loop
  vertex 110.961 -211.79 800.192
  vertex 114.04 -211.79 800.192
  vertex 112.5 -211.744 800.5
 endloop
endfacet
facet normal 0 -0.989077 0.147398
 outer loop
  vertex 110.961 -211.79 800.192
  vertex 109.663 -211.92 799.32
  vertex 114.04 -211.79 800.192
 endloop
endfacet
facet normal 0 -0.989032 0.147702
 outer loop
  vertex 109.663 -211.92 799.32
  vertex 108.802 -212.113 798.024
  vertex 115.338 -211.92 799.319
 endloop
endfacet
facet normal 0 -0.988971 0.148106
 outer loop
  vertex 108.802 -212.113 798.024
  vertex 108.5 -212.341 796.502
  vertex 116.2 -212.114 798.021
 endloop
endfacet
facet normal 0 -0.988906 0.148545
 outer loop
  vertex 108.5 -212.341 796.502
  vertex 108.8 -212.57 794.979
  vertex 116.5 -212.342 796.498
 endloop
endfacet
facet normal 0 -0.988844 0.148953
 outer loop
  vertex 108.8 -212.57 794.979
  vertex 109.662 -212.766 793.681
  vertex 116.198 -212.571 794.976
 endloop
endfacet
facet normal 0 -0.988796 0.149272
 outer loop
  vertex 109.662 -212.766 793.681
  vertex 110.96 -212.898 792.808
  vertex 115.337 -212.766 793.68
 endloop
endfacet
facet normal 0 -0.990141 0.140071
 outer loop
  vertex 112.5 -236.17 642.5
  vertex 114.038 -236.127 642.808
  vertex 110.961 -236.127 642.808
 endloop
endfacet
facet normal 0 -0.99012 0.140224
 outer loop
  vertex 110.961 -236.127 642.808
  vertex 114.038 -236.127 642.808
  vertex 115.336 -236.003 643.679
 endloop
endfacet
facet normal 0 -0.990064 0.140616
 outer loop
  vertex 109.662 -236.003 643.681
  vertex 115.336 -236.003 643.679
  vertex 116.198 -235.819 644.975
 endloop
endfacet
facet normal 0 -0.98999 0.14114
 outer loop
  vertex 108.801 -235.819 644.979
  vertex 116.198 -235.819 644.975
  vertex 116.5 -235.602 646.498
 endloop
endfacet
facet normal 0 -0.989908 0.141712
 outer loop
  vertex 108.5 -235.601 646.502
  vertex 116.5 -235.602 646.498
  vertex 116.199 -235.383 648.022
 endloop
endfacet
facet normal 0 -0.989831 0.142247
 outer loop
  vertex 108.802 -235.383 648.025
  vertex 116.199 -235.383 648.022
  vertex 115.337 -235.197 649.319
 endloop
endfacet
facet normal 0 -0.989771 0.142668
 outer loop
  vertex 109.664 -235.197 649.321
  vertex 115.337 -235.197 649.319
  vertex 114.039 -235.071 650.192
 endloop
endfacet
facet normal 0 -0.989735 0.142914
 outer loop
  vertex 110.962 -235.071 650.192
  vertex 114.039 -235.071 650.192
  vertex 112.5 -235.027 650.5
 endloop
endfacet
facet normal 0 -0.989756 0.142773
 outer loop
  vertex 110.962 -235.071 650.192
  vertex 109.664 -235.197 649.321
  vertex 114.039 -235.071 650.192
 endloop
endfacet
facet normal 0 -0.989808 0.142405
 outer loop
  vertex 109.664 -235.197 649.321
  vertex 108.802 -235.383 648.025
  vertex 115.337 -235.197 649.319
 endloop
endfacet
facet normal 0 -0.989881 0.141901
 outer loop
  vertex 108.802 -235.383 648.025
  vertex 108.5 -235.601 646.502
  vertex 116.199 -235.383 648.022
 endloop
endfacet
facet normal 0 -0.989962 0.141332
 outer loop
  vertex 108.5 -235.601 646.502
  vertex 108.801 -235.819 644.979
  vertex 116.5 -235.602 646.498
 endloop
endfacet
facet normal 0 -0.990041 0.140782
 outer loop
  vertex 108.801 -235.819 644.979
  vertex 109.662 -236.003 643.681
  vertex 116.198 -235.819 644.975
 endloop
endfacet
facet normal 0 -0.990104 0.140337
 outer loop
  vertex 109.662 -236.003 643.681
  vertex 110.961 -236.127 642.808
  vertex 115.336 -236.003 643.679
 endloop
endfacet
facet normal 0.109366 0.580685 -0.806749
 outer loop
  vertex 150 -143 425.057
  vertex 174.309 -143 430.07
  vertex 150 -151.5 419.105
 endloop
endfacet
facet normal 0.217464 0.5806 -0.78461
 outer loop
  vertex 150 -151.5 419.105
  vertex 174.309 -143 430.07
  vertex 176.362 -151.5 424.475
 endloop
endfacet
facet normal 0.418443 0.580771 -0.698291
 outer loop
  vertex 176.362 -151.5 424.475
  vertex 174.309 -143 430.07
  vertex 194.651 -143 444.291
 endloop
endfacet
facet normal 0.659737 0.58086 -0.476811
 outer loop
  vertex 198.523 -151.5 439.728
  vertex 194.651 -143 444.291
  vertex 207.707 -143 465.401
 endloop
endfacet
facet normal 0.793518 0.580271 -0.183345
 outer loop
  vertex 212.952 -151.5 462.435
  vertex 207.707 -143 465.401
  vertex 217.35 -151.5 488.977
 endloop
endfacet
facet normal 0.716978 0.580777 -0.385539
 outer loop
  vertex 212.952 -151.5 462.435
  vertex 198.523 -151.5 439.728
  vertex 207.707 -143 465.401
 endloop
endfacet
facet normal 0.811415 0.580359 -0.069196
 outer loop
  vertex 207.707 -143 465.401
  vertex 211.346 -143 489.953
  vertex 217.35 -151.5 488.977
 endloop
endfacet
facet normal 0.801831 0.580194 0.142976
 outer loop
  vertex 217.35 -151.5 488.977
  vertex 211.346 -143 489.953
  vertex 211.015 -151.5 515.124
 endloop
endfacet
facet normal 0.77306 0.580283 0.256221
 outer loop
  vertex 211.015 -151.5 515.124
  vertex 211.346 -143 489.953
  vertex 204.975 -143 513.942
 endloop
endfacet
facet normal 0.609543 0.580209 0.540199
 outer loop
  vertex 194.957 -151.5 536.709
  vertex 204.975 -143 513.942
  vertex 189.633 -143 533.452
 endloop
endfacet
facet normal 0.347321 0.580137 0.736756
 outer loop
  vertex 171.735 -151.5 550.294
  vertex 189.633 -143 533.452
  vertex 167.823 -143 545.302
 endloop
endfacet
facet normal 0.451364 0.580045 0.678099
 outer loop
  vertex 171.735 -151.5 550.294
  vertex 194.957 -151.5 536.709
  vertex 189.633 -143 533.452
 endloop
endfacet
facet normal 0.681333 0.580119 0.446372
 outer loop
  vertex 194.957 -151.5 536.709
  vertex 211.015 -151.5 515.124
  vertex 204.975 -143 513.942
 endloop
endfacet
facet normal 0.508045 0.580688 -0.636154
 outer loop
  vertex 198.523 -151.5 439.728
  vertex 176.362 -151.5 424.475
  vertex 194.651 -143 444.291
 endloop
endfacet
facet normal -0.635328 0.580061 0.509792
 outer loop
  vertex 132.177 -143 545.302
  vertex 128.265 -151.5 550.294
  vertex 137.839 -143 551.805
 endloop
endfacet
facet normal -0.523833 0.581551 0.622413
 outer loop
  vertex 137.839 -143 551.805
  vertex 128.265 -151.5 550.294
  vertex 137.705 -151.5 558.741
 endloop
endfacet
facet normal -0.188046 0.581247 0.791701
 outer loop
  vertex 145.688 -143 555.378
  vertex 137.705 -151.5 558.741
  vertex 150 -151.5 561.792
 endloop
endfacet
facet normal 0.188046 0.581247 0.791701
 outer loop
  vertex 154.312 -143 555.378
  vertex 150 -151.5 561.792
  vertex 162.295 -151.5 558.741
 endloop
endfacet
facet normal 0.523833 0.581551 0.622413
 outer loop
  vertex 162.161 -143 551.805
  vertex 162.295 -151.5 558.741
  vertex 171.735 -151.5 550.294
 endloop
endfacet
facet normal 0.635328 0.580061 0.509792
 outer loop
  vertex 167.823 -143 545.302
  vertex 162.161 -143 551.805
  vertex 171.735 -151.5 550.294
 endloop
endfacet
facet normal 0.352472 0.579605 0.734726
 outer loop
  vertex 162.161 -143 551.805
  vertex 154.312 -143 555.378
  vertex 162.295 -151.5 558.741
 endloop
endfacet
facet normal 1.283E-15 0.579453 0.815006
 outer loop
  vertex 154.312 -143 555.378
  vertex 145.688 -143 555.378
  vertex 150 -151.5 561.792
 endloop
endfacet
facet normal -0.352472 0.579605 0.734726
 outer loop
  vertex 145.688 -143 555.378
  vertex 137.839 -143 551.805
  vertex 137.705 -151.5 558.741
 endloop
endfacet
facet normal -0.5 -1.19952E-18 -0.866025
 outer loop
  vertex 107.263 -170.5 401.478
  vertex 112.892 -170.5 398.228
  vertex 107.263 -204.542 401.478
 endloop
endfacet
facet normal -0.5 -1.19952E-18 -0.866025
 outer loop
  vertex 107.263 -204.542 401.478
  vertex 112.892 -170.5 398.228
  vertex 112.892 -204.542 398.228
 endloop
endfacet
facet normal 0.115566 0 -0.9933
 outer loop
  vertex 103.25 -170.5 411.027
  vertex 103.25 -204.542 411.027
  vertex 101.369 -170.5 410.695
 endloop
endfacet
facet normal 0.231132 0 -0.972922
 outer loop
  vertex 101.369 -170.5 410.695
  vertex 103.25 -204.542 411.027
  vertex 101.369 -204.542 410.695
 endloop
endfacet
facet normal 0.549952 0 -0.835196
 outer loop
  vertex 99.7147 -170.5 409.74
  vertex 101.369 -204.542 410.695
  vertex 99.7147 -204.542 409.74
 endloop
endfacet
facet normal 0.80244 0 -0.596733
 outer loop
  vertex 98.4869 -170.5 408.277
  vertex 99.7147 -204.542 409.74
  vertex 98.4869 -204.542 408.277
 endloop
endfacet
facet normal 0.72701 0 -0.686627
 outer loop
  vertex 98.4869 -170.5 408.277
  vertex 99.7147 -170.5 409.74
  vertex 99.7147 -204.542 409.74
 endloop
endfacet
facet normal 0.448325 0 -0.893871
 outer loop
  vertex 99.7147 -170.5 409.74
  vertex 101.369 -170.5 410.695
  vertex 101.369 -204.542 410.695
 endloop
endfacet
facet normal -0.5 -1.19952E-18 -0.866025
 outer loop
  vertex 92.1077 -170.5 410.228
  vertex 97.7369 -170.5 406.978
  vertex 92.1077 -204.542 410.228
 endloop
endfacet
facet normal -0.5 -1.19952E-18 -0.866025
 outer loop
  vertex 92.1077 -204.542 410.228
  vertex 97.7369 -170.5 406.978
  vertex 97.7369 -204.542 406.978
 endloop
endfacet
facet normal 0 1 -6.22662E-17
 outer loop
  vertex 122.865 -106.5 884.573
  vertex 140.799 -106.5 880.448
  vertex 122.865 -106.5 872.531
 endloop
endfacet
facet normal 0 1 -6.22662E-17
 outer loop
  vertex 122.865 -106.5 872.531
  vertex 140.799 -106.5 880.448
  vertex 141.431 -106.5 855.119
 endloop
endfacet
facet normal 0 1 -6.22662E-17
 outer loop
  vertex 132.992 -106.5 853.546
  vertex 122.865 -106.5 872.531
  vertex 141.431 -106.5 855.119
 endloop
endfacet
facet normal 0 1 -6.22662E-17
 outer loop
  vertex 132.992 -106.5 853.546
  vertex 124.809 -106.5 850.949
  vertex 122.865 -106.5 872.531
 endloop
endfacet
facet normal 0 1 -6.22662E-17
 outer loop
  vertex 122.865 -106.5 872.531
  vertex 124.809 -106.5 850.949
  vertex 117.027 -106.5 853.314
 endloop
endfacet
facet normal 0 1 -6.22662E-17
 outer loop
  vertex 141.431 -106.5 855.119
  vertex 140.799 -106.5 880.448
  vertex 150 -106.5 855.646
 endloop
endfacet
facet normal 0 1 -6.22662E-17
 outer loop
  vertex 150 -106.5 855.646
  vertex 140.799 -106.5 880.448
  vertex 159.201 -106.5 880.448
 endloop
endfacet
facet normal 0 1 -6.22662E-17
 outer loop
  vertex 158.569 -106.5 855.119
  vertex 159.201 -106.5 880.448
  vertex 177.135 -106.5 872.531
 endloop
endfacet
facet normal 0 1 -6.22662E-17
 outer loop
  vertex 167.008 -106.5 853.546
  vertex 177.135 -106.5 872.531
  vertex 175.191 -106.5 850.949
 endloop
endfacet
facet normal 0 1 -6.22662E-17
 outer loop
  vertex 167.008 -106.5 853.546
  vertex 158.569 -106.5 855.119
  vertex 177.135 -106.5 872.531
 endloop
endfacet
facet normal 0 1 -6.22662E-17
 outer loop
  vertex 159.201 -106.5 880.448
  vertex 177.135 -106.5 884.573
  vertex 177.135 -106.5 872.531
 endloop
endfacet
facet normal 0 1 -6.22662E-17
 outer loop
  vertex 177.135 -106.5 872.531
  vertex 182.973 -106.5 853.314
  vertex 175.191 -106.5 850.949
 endloop
endfacet
facet normal 0 1 -6.22662E-17
 outer loop
  vertex 158.569 -106.5 855.119
  vertex 150 -106.5 855.646
  vertex 159.201 -106.5 880.448
 endloop
endfacet
facet normal 0 1 -6.22662E-17
 outer loop
  vertex 90.3235 -139.5 647.566
  vertex 92.8235 -139.5 646.896
  vertex 92.8235 -139.5 639.896
 endloop
endfacet
facet normal 0 1 -6.22662E-17
 outer loop
  vertex 86.8235 -139.5 641.504
  vertex 90.3235 -139.5 647.566
  vertex 92.8235 -139.5 639.896
 endloop
endfacet
facet normal 0 1 -6.22662E-17
 outer loop
  vertex 86.8235 -139.5 641.504
  vertex 88.4933 -139.5 649.396
  vertex 90.3235 -139.5 647.566
 endloop
endfacet
facet normal 0 1 -6.22662E-17
 outer loop
  vertex 86.8235 -139.5 641.504
  vertex 82.4312 -139.5 645.896
  vertex 88.4933 -139.5 649.396
 endloop
endfacet
facet normal 0 1 -6.22662E-17
 outer loop
  vertex 88.4933 -139.5 649.396
  vertex 82.4312 -139.5 645.896
  vertex 87.8235 -139.5 651.896
 endloop
endfacet
facet normal 0 1 -6.22662E-17
 outer loop
  vertex 87.8235 -139.5 651.896
  vertex 82.4312 -139.5 645.896
  vertex 80.8235 -139.5 651.896
 endloop
endfacet
facet normal 0 1 -6.22662E-17
 outer loop
  vertex 82.4312 -139.5 657.896
  vertex 87.8235 -139.5 651.896
  vertex 80.8235 -139.5 651.896
 endloop
endfacet
facet normal 0 1 -6.22662E-17
 outer loop
  vertex 82.4312 -139.5 657.896
  vertex 88.4933 -139.5 654.396
  vertex 87.8235 -139.5 651.896
 endloop
endfacet
facet normal 0 1 -6.22662E-17
 outer loop
  vertex 82.4312 -139.5 657.896
  vertex 86.8235 -139.5 662.288
  vertex 88.4933 -139.5 654.396
 endloop
endfacet
facet normal 0 1 -6.22662E-17
 outer loop
  vertex 88.4933 -139.5 654.396
  vertex 86.8235 -139.5 662.288
  vertex 90.3235 -139.5 656.226
 endloop
endfacet
facet normal 0 1 -6.22662E-17
 outer loop
  vertex 90.3235 -139.5 656.226
  vertex 86.8235 -139.5 662.288
  vertex 92.8235 -139.5 656.896
 endloop
endfacet
facet normal 0 1 -6.22662E-17
 outer loop
  vertex 92.8235 -139.5 656.896
  vertex 86.8235 -139.5 662.288
  vertex 92.8235 -139.5 663.896
 endloop
endfacet
facet normal 0 1 -6.22662E-17
 outer loop
  vertex 95.3235 -139.5 656.226
  vertex 92.8235 -139.5 663.896
  vertex 98.8235 -139.5 662.288
 endloop
endfacet
facet normal 0 1 -6.22662E-17
 outer loop
  vertex 97.1536 -139.5 654.396
  vertex 98.8235 -139.5 662.288
  vertex 103.216 -139.5 657.896
 endloop
endfacet
facet normal 0 1 -6.22662E-17
 outer loop
  vertex 97.8235 -139.5 651.896
  vertex 103.216 -139.5 657.896
  vertex 104.823 -139.5 651.896
 endloop
endfacet
facet normal 0 1 -6.22662E-17
 outer loop
  vertex 103.216 -139.5 645.896
  vertex 97.8235 -139.5 651.896
  vertex 104.823 -139.5 651.896
 endloop
endfacet
facet normal 0 1 -6.22662E-17
 outer loop
  vertex 103.216 -139.5 645.896
  vertex 97.1536 -139.5 649.396
  vertex 97.8235 -139.5 651.896
 endloop
endfacet
facet normal 0 1 -6.22662E-17
 outer loop
  vertex 103.216 -139.5 645.896
  vertex 98.8235 -139.5 641.504
  vertex 97.1536 -139.5 649.396
 endloop
endfacet
facet normal 0 1 -6.22662E-17
 outer loop
  vertex 97.1536 -139.5 649.396
  vertex 98.8235 -139.5 641.504
  vertex 95.3235 -139.5 647.566
 endloop
endfacet
facet normal 0 1 -6.22662E-17
 outer loop
  vertex 95.3235 -139.5 647.566
  vertex 98.8235 -139.5 641.504
  vertex 92.8235 -139.5 639.896
 endloop
endfacet
facet normal 0 1 -6.22662E-17
 outer loop
  vertex 92.8235 -139.5 646.896
  vertex 95.3235 -139.5 647.566
  vertex 92.8235 -139.5 639.896
 endloop
endfacet
facet normal 0 1 -6.22662E-17
 outer loop
  vertex 97.8235 -139.5 651.896
  vertex 97.1536 -139.5 654.396
  vertex 103.216 -139.5 657.896
 endloop
endfacet
facet normal 0 1 -6.22662E-17
 outer loop
  vertex 97.1536 -139.5 654.396
  vertex 95.3235 -139.5 656.226
  vertex 98.8235 -139.5 662.288
 endloop
endfacet
facet normal 0 1 -6.22662E-17
 outer loop
  vertex 95.3235 -139.5 656.226
  vertex 92.8235 -139.5 656.896
  vertex 92.8235 -139.5 663.896
 endloop
endfacet
facet normal 0.193939 0.709247 0.677758
 outer loop
  vertex 122.865 -113.5 892.039
  vertex 140.766 -113.5 887.501
  vertex 122.865 -106.5 884.573
 endloop
endfacet
facet normal 0.134539 0.709021 0.692235
 outer loop
  vertex 122.865 -106.5 884.573
  vertex 140.766 -113.5 887.501
  vertex 140.799 -106.5 880.448
 endloop
endfacet
facet normal 0.0558146 0.707663 0.704342
 outer loop
  vertex 140.799 -106.5 880.448
  vertex 140.766 -113.5 887.501
  vertex 150 -113.5 886.927
 endloop
endfacet
facet normal -0.0558146 0.707663 0.704342
 outer loop
  vertex 159.201 -106.5 880.448
  vertex 150 -113.5 886.927
  vertex 159.234 -113.5 887.501
 endloop
endfacet
facet normal -0.193939 0.709247 0.677758
 outer loop
  vertex 177.135 -106.5 884.573
  vertex 159.234 -113.5 887.501
  vertex 177.135 -113.5 892.039
 endloop
endfacet
facet normal -0.134539 0.709021 0.692235
 outer loop
  vertex 177.135 -106.5 884.573
  vertex 159.201 -106.5 880.448
  vertex 159.234 -113.5 887.501
 endloop
endfacet
facet normal -1.42955E-15 0.708613 0.705598
 outer loop
  vertex 159.201 -106.5 880.448
  vertex 140.799 -106.5 880.448
  vertex 150 -113.5 886.927
 endloop
endfacet
facet normal 1 -1.05449E-16 0
 outer loop
  vertex 221.5 -156.058 836.974
  vertex 221.5 -171.005 836.974
  vertex 221.5 -156.058 822.026
 endloop
endfacet
facet normal 1 -1.05449E-16 0
 outer loop
  vertex 221.5 -156.058 822.026
  vertex 221.5 -171.005 836.974
  vertex 221.5 -171.005 822.026
 endloop
endfacet
facet normal 0 -0.990141 0.140071
 outer loop
  vertex 187.5 -236.17 642.5
  vertex 189.038 -236.127 642.808
  vertex 185.961 -236.127 642.808
 endloop
endfacet
facet normal 0 -0.99012 0.140224
 outer loop
  vertex 185.961 -236.127 642.808
  vertex 189.038 -236.127 642.808
  vertex 190.336 -236.003 643.679
 endloop
endfacet
facet normal 0 -0.990064 0.140616
 outer loop
  vertex 184.662 -236.003 643.681
  vertex 190.336 -236.003 643.679
  vertex 191.198 -235.819 644.975
 endloop
endfacet
facet normal 0 -0.98999 0.14114
 outer loop
  vertex 183.801 -235.819 644.979
  vertex 191.198 -235.819 644.975
  vertex 191.5 -235.602 646.498
 endloop
endfacet
facet normal 0 -0.989908 0.141712
 outer loop
  vertex 183.5 -235.601 646.502
  vertex 191.5 -235.602 646.498
  vertex 191.199 -235.383 648.022
 endloop
endfacet
facet normal 0 -0.989831 0.142247
 outer loop
  vertex 183.802 -235.383 648.025
  vertex 191.199 -235.383 648.022
  vertex 190.337 -235.197 649.319
 endloop
endfacet
facet normal 0 -0.989771 0.142668
 outer loop
  vertex 184.664 -235.197 649.321
  vertex 190.337 -235.197 649.319
  vertex 189.039 -235.071 650.192
 endloop
endfacet
facet normal 0 -0.989735 0.142914
 outer loop
  vertex 185.962 -235.071 650.192
  vertex 189.039 -235.071 650.192
  vertex 187.5 -235.027 650.5
 endloop
endfacet
facet normal 0 -0.989756 0.142773
 outer loop
  vertex 185.962 -235.071 650.192
  vertex 184.664 -235.197 649.321
  vertex 189.039 -235.071 650.192
 endloop
endfacet
facet normal 0 -0.989808 0.142405
 outer loop
  vertex 184.664 -235.197 649.321
  vertex 183.802 -235.383 648.025
  vertex 190.337 -235.197 649.319
 endloop
endfacet
facet normal 0 -0.989881 0.141901
 outer loop
  vertex 183.802 -235.383 648.025
  vertex 183.5 -235.601 646.502
  vertex 191.199 -235.383 648.022
 endloop
endfacet
facet normal 0 -0.989962 0.141332
 outer loop
  vertex 183.5 -235.601 646.502
  vertex 183.801 -235.819 644.979
  vertex 191.5 -235.602 646.498
 endloop
endfacet
facet normal 0 -0.990041 0.140782
 outer loop
  vertex 183.801 -235.819 644.979
  vertex 184.662 -236.003 643.681
  vertex 191.198 -235.819 644.975
 endloop
endfacet
facet normal 0 -0.990104 0.140337
 outer loop
  vertex 184.662 -236.003 643.681
  vertex 185.961 -236.127 642.808
  vertex 190.336 -236.003 643.679
 endloop
endfacet
facet normal 0 1 -6.22662E-17
 outer loop
  vertex 154.312 -143 555.378
  vertex 162.161 -143 551.805
  vertex 150 -143 521.5
 endloop
endfacet
facet normal 0 1 -6.22662E-17
 outer loop
  vertex 145.688 -143 555.378
  vertex 150 -143 521.5
  vertex 137.839 -143 551.805
 endloop
endfacet
facet normal 0 1 -6.22662E-17
 outer loop
  vertex 145.688 -143 555.378
  vertex 154.312 -143 555.378
  vertex 150 -143 521.5
 endloop
endfacet
facet normal 0 1 -6.22662E-17
 outer loop
  vertex 150 -143 521.5
  vertex 167.823 -143 545.302
  vertex 167.5 -143 516.811
 endloop
endfacet
facet normal 0 1 -6.22662E-17
 outer loop
  vertex 150 -143 521.5
  vertex 162.161 -143 551.805
  vertex 167.823 -143 545.302
 endloop
endfacet
facet normal 0 1 -6.22662E-17
 outer loop
  vertex 137.839 -143 551.805
  vertex 150 -143 521.5
  vertex 132.177 -143 545.302
 endloop
endfacet
facet normal 0 1 -6.22662E-17
 outer loop
  vertex 132.177 -143 545.302
  vertex 150 -143 521.5
  vertex 132.5 -143 516.811
 endloop
endfacet
facet normal 0 1 -6.22662E-17
 outer loop
  vertex 110.367 -143 533.452
  vertex 132.5 -143 516.811
  vertex 119.689 -143 504
 endloop
endfacet
facet normal 0 1 -6.22662E-17
 outer loop
  vertex 95.025 -143 513.942
  vertex 119.689 -143 504
  vertex 115 -143 486.5
 endloop
endfacet
facet normal 0 1 -6.22662E-17
 outer loop
  vertex 88.6537 -143 489.953
  vertex 115 -143 486.5
  vertex 92.293 -143 465.401
 endloop
endfacet
facet normal 0 1 -6.22662E-17
 outer loop
  vertex 88.6537 -143 489.953
  vertex 95.025 -143 513.942
  vertex 115 -143 486.5
 endloop
endfacet
facet normal 0 1 -6.22662E-17
 outer loop
  vertex 115 -143 486.5
  vertex 119.689 -143 469
  vertex 92.293 -143 465.401
 endloop
endfacet
facet normal 0 1 -6.22662E-17
 outer loop
  vertex 92.293 -143 465.401
  vertex 119.689 -143 469
  vertex 105.349 -143 444.291
 endloop
endfacet
facet normal 0 1 -6.22662E-17
 outer loop
  vertex 105.349 -143 444.291
  vertex 119.689 -143 469
  vertex 132.5 -143 456.189
 endloop
endfacet
facet normal 0 1 -6.22662E-17
 outer loop
  vertex 125.691 -143 430.07
  vertex 132.5 -143 456.189
  vertex 150 -143 451.5
 endloop
endfacet
facet normal 0 1 -6.22662E-17
 outer loop
  vertex 150 -143 425.057
  vertex 150 -143 451.5
  vertex 174.309 -143 430.07
 endloop
endfacet
facet normal 0 1 -6.22662E-17
 outer loop
  vertex 150 -143 425.057
  vertex 125.691 -143 430.07
  vertex 150 -143 451.5
 endloop
endfacet
facet normal 0 1 -6.22662E-17
 outer loop
  vertex 150 -143 451.5
  vertex 167.5 -143 456.189
  vertex 174.309 -143 430.07
 endloop
endfacet
facet normal 0 1 -6.22662E-17
 outer loop
  vertex 174.309 -143 430.07
  vertex 167.5 -143 456.189
  vertex 194.651 -143 444.291
 endloop
endfacet
facet normal 0 1 -6.22662E-17
 outer loop
  vertex 194.651 -143 444.291
  vertex 167.5 -143 456.189
  vertex 180.311 -143 469
 endloop
endfacet
facet normal 0 1 -6.22662E-17
 outer loop
  vertex 207.707 -143 465.401
  vertex 180.311 -143 469
  vertex 185 -143 486.5
 endloop
endfacet
facet normal 0 1 -6.22662E-17
 outer loop
  vertex 211.346 -143 489.953
  vertex 185 -143 486.5
  vertex 204.975 -143 513.942
 endloop
endfacet
facet normal 0 1 -6.22662E-17
 outer loop
  vertex 211.346 -143 489.953
  vertex 207.707 -143 465.401
  vertex 185 -143 486.5
 endloop
endfacet
facet normal 0 1 -6.22662E-17
 outer loop
  vertex 167.823 -143 545.302
  vertex 189.633 -143 533.452
  vertex 167.5 -143 516.811
 endloop
endfacet
facet normal 0 1 -6.22662E-17
 outer loop
  vertex 167.5 -143 516.811
  vertex 189.633 -143 533.452
  vertex 180.311 -143 504
 endloop
endfacet
facet normal 0 1 -6.22662E-17
 outer loop
  vertex 180.311 -143 504
  vertex 189.633 -143 533.452
  vertex 204.975 -143 513.942
 endloop
endfacet
facet normal 0 1 -6.22662E-17
 outer loop
  vertex 185 -143 486.5
  vertex 180.311 -143 504
  vertex 204.975 -143 513.942
 endloop
endfacet
facet normal 0 1 -6.22662E-17
 outer loop
  vertex 207.707 -143 465.401
  vertex 194.651 -143 444.291
  vertex 180.311 -143 469
 endloop
endfacet
facet normal 0 1 -6.22662E-17
 outer loop
  vertex 125.691 -143 430.07
  vertex 105.349 -143 444.291
  vertex 132.5 -143 456.189
 endloop
endfacet
facet normal 0 1 -6.22662E-17
 outer loop
  vertex 95.025 -143 513.942
  vertex 110.367 -143 533.452
  vertex 119.689 -143 504
 endloop
endfacet
facet normal 0 1 -6.22662E-17
 outer loop
  vertex 110.367 -143 533.452
  vertex 132.177 -143 545.302
  vertex 132.5 -143 516.811
 endloop
endfacet
facet normal -0.866025 1.22455E-16 0.5
 outer loop
  vertex 108.013 -170.5 402.777
  vertex 107.263 -170.5 401.478
  vertex 108.013 -204.542 402.777
 endloop
endfacet
facet normal -0.866025 1.22455E-16 0.5
 outer loop
  vertex 108.013 -204.542 402.777
  vertex 107.263 -170.5 401.478
  vertex 107.263 -204.542 401.478
 endloop
endfacet
facet normal 0.866025 -1.22455E-16 -0.5
 outer loop
  vertex 97.7369 -170.5 406.978
  vertex 98.4869 -170.5 408.277
  vertex 97.7369 -204.542 406.978
 endloop
endfacet
facet normal 0.866025 -1.22455E-16 -0.5
 outer loop
  vertex 97.7369 -204.542 406.978
  vertex 98.4869 -170.5 408.277
  vertex 98.4869 -204.542 408.277
 endloop
endfacet
facet normal -0.171862 6.70799E-17 0.985121
 outer loop
  vertex 92.8235 -138 656.896
  vertex 90.3235 -138 656.226
  vertex 92.8235 -139.5 656.896
 endloop
endfacet
facet normal -0.343724 7.45332E-17 0.939071
 outer loop
  vertex 92.8235 -139.5 656.896
  vertex 90.3235 -138 656.226
  vertex 90.3235 -139.5 656.226
 endloop
endfacet
facet normal -0.641397 5.21732E-17 0.767209
 outer loop
  vertex 90.3235 -139.5 656.226
  vertex 90.3235 -138 656.226
  vertex 88.4933 -138 654.396
 endloop
endfacet
facet normal -0.939071 7.45332E-18 0.343724
 outer loop
  vertex 88.4933 -139.5 654.396
  vertex 88.4933 -138 654.396
  vertex 87.8235 -138 651.896
 endloop
endfacet
facet normal -0.985121 -7.45332E-18 -0.171862
 outer loop
  vertex 87.8235 -139.5 651.896
  vertex 87.8235 -138 651.896
  vertex 88.4933 -138 649.396
 endloop
endfacet
facet normal -0.767209 -2.236E-17 -0.641397
 outer loop
  vertex 88.4933 -139.5 649.396
  vertex 88.4933 -138 649.396
  vertex 90.3235 -138 647.566
 endloop
endfacet
facet normal -0.343724 -6.70799E-17 -0.939071
 outer loop
  vertex 90.3235 -139.5 647.566
  vertex 90.3235 -138 647.566
  vertex 92.8235 -138 646.896
 endloop
endfacet
facet normal -0.171862 -8.19865E-17 -0.985121
 outer loop
  vertex 92.8235 -139.5 646.896
  vertex 90.3235 -139.5 647.566
  vertex 92.8235 -138 646.896
 endloop
endfacet
facet normal -0.641397 -4.47199E-17 -0.767209
 outer loop
  vertex 90.3235 -139.5 647.566
  vertex 88.4933 -139.5 649.396
  vertex 90.3235 -138 647.566
 endloop
endfacet
facet normal -0.939071 -7.45332E-18 -0.343724
 outer loop
  vertex 88.4933 -139.5 649.396
  vertex 87.8235 -139.5 651.896
  vertex 88.4933 -138 649.396
 endloop
endfacet
facet normal -0.985121 0 0.171862
 outer loop
  vertex 87.8235 -139.5 651.896
  vertex 88.4933 -139.5 654.396
  vertex 87.8235 -138 651.896
 endloop
endfacet
facet normal -0.767209 3.72666E-17 0.641397
 outer loop
  vertex 88.4933 -139.5 654.396
  vertex 90.3235 -139.5 656.226
  vertex 88.4933 -138 654.396
 endloop
endfacet
facet normal -0.985121 0 -0.171862
 outer loop
  vertex 115 -138 486.5
  vertex 119.689 -138 469
  vertex 115 -143 486.5
 endloop
endfacet
facet normal -0.939071 0 -0.343724
 outer loop
  vertex 115 -143 486.5
  vertex 119.689 -138 469
  vertex 119.689 -143 469
 endloop
endfacet
facet normal -0.767209 0 -0.641397
 outer loop
  vertex 119.689 -143 469
  vertex 119.689 -138 469
  vertex 132.5 -138 456.189
 endloop
endfacet
facet normal -0.343724 0 -0.939071
 outer loop
  vertex 132.5 -143 456.189
  vertex 132.5 -138 456.189
  vertex 150 -138 451.5
 endloop
endfacet
facet normal 0.171862 0 -0.985121
 outer loop
  vertex 150 -143 451.5
  vertex 150 -138 451.5
  vertex 167.5 -138 456.189
 endloop
endfacet
facet normal 0.641397 0 -0.767209
 outer loop
  vertex 167.5 -143 456.189
  vertex 167.5 -138 456.189
  vertex 180.311 -138 469
 endloop
endfacet
facet normal 0.939071 0 -0.343724
 outer loop
  vertex 180.311 -143 469
  vertex 180.311 -138 469
  vertex 185 -138 486.5
 endloop
endfacet
facet normal 0.985121 0 -0.171862
 outer loop
  vertex 185 -143 486.5
  vertex 180.311 -143 469
  vertex 185 -138 486.5
 endloop
endfacet
facet normal 0.767209 0 -0.641397
 outer loop
  vertex 180.311 -143 469
  vertex 167.5 -143 456.189
  vertex 180.311 -138 469
 endloop
endfacet
facet normal 0.343724 0 -0.939071
 outer loop
  vertex 167.5 -143 456.189
  vertex 150 -143 451.5
  vertex 167.5 -138 456.189
 endloop
endfacet
facet normal -0.171862 0 -0.985121
 outer loop
  vertex 150 -143 451.5
  vertex 132.5 -143 456.189
  vertex 150 -138 451.5
 endloop
endfacet
facet normal -0.641397 0 -0.767209
 outer loop
  vertex 132.5 -143 456.189
  vertex 119.689 -143 469
  vertex 132.5 -138 456.189
 endloop
endfacet
facet normal -0.685815 0.717874 -0.119646
 outer loop
  vertex 88.3235 -137.5 651.896
  vertex 88.9263 -137.5 649.646
  vertex 87.8235 -138 651.896
 endloop
endfacet
facet normal -0.653756 0.717874 -0.239291
 outer loop
  vertex 87.8235 -138 651.896
  vertex 88.9263 -137.5 649.646
  vertex 88.4933 -138 649.396
 endloop
endfacet
facet normal -0.53411 0.717874 -0.446524
 outer loop
  vertex 88.4933 -138 649.396
  vertex 88.9263 -137.5 649.646
  vertex 90.5735 -137.5 647.999
 endloop
endfacet
facet normal -0.239291 0.717874 -0.653756
 outer loop
  vertex 90.3235 -138 647.566
  vertex 90.5735 -137.5 647.999
  vertex 92.8235 -137.5 647.396
 endloop
endfacet
facet normal 0.119646 0.717874 -0.685815
 outer loop
  vertex 92.8235 -138 646.896
  vertex 92.8235 -137.5 647.396
  vertex 95.0735 -137.5 647.999
 endloop
endfacet
facet normal 0.446524 0.717874 -0.53411
 outer loop
  vertex 95.3235 -138 647.566
  vertex 95.0735 -137.5 647.999
  vertex 96.7206 -137.5 649.646
 endloop
endfacet
facet normal 0.653756 0.717874 -0.239291
 outer loop
  vertex 97.1536 -138 649.396
  vertex 96.7206 -137.5 649.646
  vertex 97.3235 -137.5 651.896
 endloop
endfacet
facet normal 0.685815 0.717874 -0.119646
 outer loop
  vertex 97.8235 -138 651.896
  vertex 97.1536 -138 649.396
  vertex 97.3235 -137.5 651.896
 endloop
endfacet
facet normal 0.53411 0.717874 -0.446524
 outer loop
  vertex 97.1536 -138 649.396
  vertex 95.3235 -138 647.566
  vertex 96.7206 -137.5 649.646
 endloop
endfacet
facet normal 0.239291 0.717874 -0.653756
 outer loop
  vertex 95.3235 -138 647.566
  vertex 92.8235 -138 646.896
  vertex 95.0735 -137.5 647.999
 endloop
endfacet
facet normal -0.119646 0.717874 -0.685815
 outer loop
  vertex 92.8235 -138 646.896
  vertex 90.3235 -138 647.566
  vertex 92.8235 -137.5 647.396
 endloop
endfacet
facet normal -0.446524 0.717874 -0.53411
 outer loop
  vertex 90.3235 -138 647.566
  vertex 88.4933 -138 649.396
  vertex 90.5735 -137.5 647.999
 endloop
endfacet
facet normal 0 1 -6.22662E-17
 outer loop
  vertex 115 -138 486.5
  vertex 119.689 -138 504
  vertex 119.689 -138 469
 endloop
endfacet
facet normal 0 1 -6.22662E-17
 outer loop
  vertex 119.689 -138 469
  vertex 119.689 -138 504
  vertex 132.5 -138 456.189
 endloop
endfacet
facet normal 0 1 -6.22662E-17
 outer loop
  vertex 132.5 -138 456.189
  vertex 119.689 -138 504
  vertex 132.5 -138 516.811
 endloop
endfacet
facet normal 0 1 -6.22662E-17
 outer loop
  vertex 150 -138 451.5
  vertex 132.5 -138 516.811
  vertex 150 -138 521.5
 endloop
endfacet
facet normal 0 1 -6.22662E-17
 outer loop
  vertex 167.5 -138 456.189
  vertex 150 -138 521.5
  vertex 167.5 -138 516.811
 endloop
endfacet
facet normal 0 1 -6.22662E-17
 outer loop
  vertex 180.311 -138 469
  vertex 167.5 -138 516.811
  vertex 180.311 -138 504
 endloop
endfacet
facet normal 0 1 -6.22662E-17
 outer loop
  vertex 185 -138 486.5
  vertex 180.311 -138 469
  vertex 180.311 -138 504
 endloop
endfacet
facet normal 0 1 -6.22662E-17
 outer loop
  vertex 180.311 -138 469
  vertex 167.5 -138 456.189
  vertex 167.5 -138 516.811
 endloop
endfacet
facet normal 0 1 -6.22662E-17
 outer loop
  vertex 167.5 -138 456.189
  vertex 150 -138 451.5
  vertex 150 -138 521.5
 endloop
endfacet
facet normal 0 1 -6.22662E-17
 outer loop
  vertex 150 -138 451.5
  vertex 132.5 -138 456.189
  vertex 132.5 -138 516.811
 endloop
endfacet
facet normal 0 1 -6.22662E-17
 outer loop
  vertex 88.3235 -137.5 651.896
  vertex 88.9263 -137.5 654.146
  vertex 88.9263 -137.5 649.646
 endloop
endfacet
facet normal 0 1 -6.22662E-17
 outer loop
  vertex 88.9263 -137.5 649.646
  vertex 88.9263 -137.5 654.146
  vertex 90.5735 -137.5 647.999
 endloop
endfacet
facet normal 0 1 -6.22662E-17
 outer loop
  vertex 90.5735 -137.5 647.999
  vertex 88.9263 -137.5 654.146
  vertex 90.5735 -137.5 655.793
 endloop
endfacet
facet normal 0 1 -6.22662E-17
 outer loop
  vertex 92.8235 -137.5 647.396
  vertex 90.5735 -137.5 655.793
  vertex 92.8235 -137.5 656.396
 endloop
endfacet
facet normal 0 1 -6.22662E-17
 outer loop
  vertex 95.0735 -137.5 647.999
  vertex 92.8235 -137.5 656.396
  vertex 95.0735 -137.5 655.793
 endloop
endfacet
facet normal 0 1 -6.22662E-17
 outer loop
  vertex 96.7206 -137.5 649.646
  vertex 95.0735 -137.5 655.793
  vertex 96.7206 -137.5 654.146
 endloop
endfacet
facet normal 0 1 -6.22662E-17
 outer loop
  vertex 97.3235 -137.5 651.896
  vertex 96.7206 -137.5 649.646
  vertex 96.7206 -137.5 654.146
 endloop
endfacet
facet normal 0 1 -6.22662E-17
 outer loop
  vertex 96.7206 -137.5 649.646
  vertex 95.0735 -137.5 647.999
  vertex 95.0735 -137.5 655.793
 endloop
endfacet
facet normal 0 1 -6.22662E-17
 outer loop
  vertex 95.0735 -137.5 647.999
  vertex 92.8235 -137.5 647.396
  vertex 92.8235 -137.5 656.396
 endloop
endfacet
facet normal 0 1 -6.22662E-17
 outer loop
  vertex 92.8235 -137.5 647.396
  vertex 90.5735 -137.5 647.999
  vertex 90.5735 -137.5 655.793
 endloop
endfacet
facet normal -0.991543 1.3461E-16 0.129775
 outer loop
  vertex 80.0762 -203.5 961.5
  vertex 85.3989 -203.5 988.259
  vertex 80.0762 -123.5 961.5
 endloop
endfacet
facet normal -0.96573 1.00958E-16 0.259551
 outer loop
  vertex 80.0762 -123.5 961.5
  vertex 85.3989 -203.5 988.259
  vertex 85.3989 -123.5 988.259
 endloop
endfacet
facet normal -0.866404 6.73051E-17 0.499344
 outer loop
  vertex 85.3989 -123.5 988.259
  vertex 85.3989 -203.5 988.259
  vertex 100.556 -203.5 1010.94
 endloop
endfacet
facet normal -0.609362 6.73051E-17 0.792892
 outer loop
  vertex 100.556 -123.5 1010.94
  vertex 100.556 -203.5 1010.94
  vertex 123.241 -203.5 1026.1
 endloop
endfacet
facet normal -0.259551 6.73051E-17 0.96573
 outer loop
  vertex 123.241 -123.5 1026.1
  vertex 123.241 -203.5 1026.1
  vertex 150 -203.5 1031.42
 endloop
endfacet
facet normal 0.129775 6.73051E-17 0.991543
 outer loop
  vertex 150 -123.5 1031.42
  vertex 150 -203.5 1031.42
  vertex 176.759 -203.5 1026.1
 endloop
endfacet
facet normal 0.499344 0 0.866404
 outer loop
  vertex 176.759 -123.5 1026.1
  vertex 176.759 -203.5 1026.1
  vertex 199.444 -203.5 1010.94
 endloop
endfacet
facet normal 0.792892 -6.73051E-17 0.609362
 outer loop
  vertex 199.444 -123.5 1010.94
  vertex 199.444 -203.5 1010.94
  vertex 214.601 -203.5 988.259
 endloop
endfacet
facet normal 0.96573 -6.73051E-17 0.259551
 outer loop
  vertex 214.601 -123.5 988.259
  vertex 214.601 -203.5 988.259
  vertex 219.924 -203.5 961.5
 endloop
endfacet
facet normal 0.991543 -1.00958E-16 0.129775
 outer loop
  vertex 219.924 -123.5 961.5
  vertex 214.601 -123.5 988.259
  vertex 219.924 -203.5 961.5
 endloop
endfacet
facet normal 0.866404 -3.36525E-17 0.499344
 outer loop
  vertex 214.601 -123.5 988.259
  vertex 199.444 -123.5 1010.94
  vertex 214.601 -203.5 988.259
 endloop
endfacet
facet normal 0.609362 -3.36525E-17 0.792892
 outer loop
  vertex 199.444 -123.5 1010.94
  vertex 176.759 -123.5 1026.1
  vertex 199.444 -203.5 1010.94
 endloop
endfacet
facet normal 0.259551 3.36525E-17 0.96573
 outer loop
  vertex 176.759 -123.5 1026.1
  vertex 150 -123.5 1031.42
  vertex 176.759 -203.5 1026.1
 endloop
endfacet
facet normal -0.129775 3.36525E-17 0.991543
 outer loop
  vertex 150 -123.5 1031.42
  vertex 123.241 -123.5 1026.1
  vertex 150 -203.5 1031.42
 endloop
endfacet
facet normal -0.499344 3.36525E-17 0.866404
 outer loop
  vertex 123.241 -123.5 1026.1
  vertex 100.556 -123.5 1010.94
  vertex 123.241 -203.5 1026.1
 endloop
endfacet
facet normal -0.792892 3.36525E-17 0.609362
 outer loop
  vertex 100.556 -123.5 1010.94
  vertex 85.3989 -123.5 988.259
  vertex 100.556 -203.5 1010.94
 endloop
endfacet
facet normal -0.823135 9.96146E-17 -0.567846
 outer loop
  vertex 95 -188.032 918.322
  vertex 95 -203.5 918.322
  vertex 87.9878 -184.085 929.192
 endloop
endfacet
facet normal -0.862928 9.97047E-17 -0.505326
 outer loop
  vertex 87.9878 -184.085 929.192
  vertex 95 -203.5 918.322
  vertex 86.8472 -203.5 931.482
 endloop
endfacet
facet normal -0.949188 9.96592E-17 -0.314711
 outer loop
  vertex 83.0978 -182.068 941.167
  vertex 86.8472 -203.5 931.482
  vertex 81.79 -203.5 946.114
 endloop
endfacet
facet normal -0.974844 1.27642E-16 -0.222887
 outer loop
  vertex 82.6203 -163.5 942.81
  vertex 81.79 -203.5 946.114
  vertex 81.2298 -123.5 948.851
 endloop
endfacet
facet normal -0.959854 1.58234E-16 -0.2805
 outer loop
  vertex 83.349 -135.5 940.358
  vertex 81.2298 -123.5 948.851
  vertex 84.6525 -123.5 936.62
 endloop
endfacet
facet normal -0.918889 2.54886E-17 -0.394516
 outer loop
  vertex 85.2388 -135.5 935.131
  vertex 84.6525 -123.5 936.62
  vertex 87.5377 -135.5 930.071
 endloop
endfacet
facet normal -0.938497 9.1672E-17 -0.345288
 outer loop
  vertex 85.2388 -135.5 935.131
  vertex 83.349 -135.5 940.358
  vertex 84.6525 -123.5 936.62
 endloop
endfacet
facet normal -0.990945 1.32932E-16 -0.134269
 outer loop
  vertex 81.79 -203.5 946.114
  vertex 80.0762 -203.5 961.5
  vertex 81.2298 -123.5 948.851
 endloop
endfacet
facet normal -0.998167 1.66002E-16 -0.0605207
 outer loop
  vertex 81.2298 -123.5 948.851
  vertex 80.0762 -203.5 961.5
  vertex 80.0762 -123.5 961.5
 endloop
endfacet
facet normal -0.896689 4.48611E-17 -0.442662
 outer loop
  vertex 84.6525 -123.5 936.62
  vertex 90.2313 -123.5 925.209
  vertex 87.5377 -135.5 930.071
 endloop
endfacet
facet normal -0.86822 1.92863E-17 -0.49618
 outer loop
  vertex 87.5377 -135.5 930.071
  vertex 90.2313 -123.5 925.209
  vertex 90.2313 -135.5 925.209
 endloop
endfacet
facet normal -0.96811 1.60859E-16 -0.250526
 outer loop
  vertex 83.349 -135.5 940.358
  vertex 82.6203 -163.5 942.81
  vertex 81.2298 -123.5 948.851
 endloop
endfacet
facet normal -0.965746 9.45237E-17 -0.259491
 outer loop
  vertex 82.6203 -163.5 942.81
  vertex 83.0978 -182.068 941.167
  vertex 81.79 -203.5 946.114
 endloop
endfacet
facet normal -0.918548 9.95543E-17 -0.39531
 outer loop
  vertex 83.0978 -182.068 941.167
  vertex 87.9878 -184.085 929.192
  vertex 86.8472 -203.5 931.482
 endloop
endfacet
facet normal -0.990137 -0.0532418 0.129591
 outer loop
  vertex 84.851 -214.5 961.5
  vertex 89.8102 -214.5 986.431
  vertex 84.2745 -203.5 961.5
 endloop
endfacet
facet normal -0.96436 -0.0532418 0.259182
 outer loop
  vertex 84.2745 -203.5 961.5
  vertex 89.8102 -214.5 986.431
  vertex 89.2776 -203.5 986.652
 endloop
endfacet
facet normal -0.865175 -0.0532418 0.498636
 outer loop
  vertex 89.2776 -203.5 986.652
  vertex 89.8102 -214.5 986.431
  vertex 103.933 -214.5 1007.57
 endloop
endfacet
facet normal -0.608498 -0.0532418 0.791767
 outer loop
  vertex 103.525 -203.5 1007.97
  vertex 103.933 -214.5 1007.57
  vertex 125.069 -214.5 1021.69
 endloop
endfacet
facet normal -0.259182 -0.0532418 0.96436
 outer loop
  vertex 124.848 -203.5 1022.22
  vertex 125.069 -214.5 1021.69
  vertex 150 -214.5 1026.65
 endloop
endfacet
facet normal 0.129591 -0.0532418 0.990137
 outer loop
  vertex 150 -203.5 1027.23
  vertex 150 -214.5 1026.65
  vertex 174.931 -214.5 1021.69
 endloop
endfacet
facet normal 0.498636 -0.0532418 0.865175
 outer loop
  vertex 175.152 -203.5 1022.22
  vertex 174.931 -214.5 1021.69
  vertex 196.067 -214.5 1007.57
 endloop
endfacet
facet normal 0.791767 -0.0532418 0.608498
 outer loop
  vertex 196.475 -203.5 1007.97
  vertex 196.067 -214.5 1007.57
  vertex 210.19 -214.5 986.431
 endloop
endfacet
facet normal 0.96436 -0.0532418 0.259182
 outer loop
  vertex 210.722 -203.5 986.652
  vertex 210.19 -214.5 986.431
  vertex 215.149 -214.5 961.5
 endloop
endfacet
facet normal 0.990137 -0.0532418 0.129591
 outer loop
  vertex 215.725 -203.5 961.5
  vertex 210.722 -203.5 986.652
  vertex 215.149 -214.5 961.5
 endloop
endfacet
facet normal 0.865175 -0.0532418 0.498636
 outer loop
  vertex 210.722 -203.5 986.652
  vertex 196.475 -203.5 1007.97
  vertex 210.19 -214.5 986.431
 endloop
endfacet
facet normal 0.608498 -0.0532418 0.791767
 outer loop
  vertex 196.475 -203.5 1007.97
  vertex 175.152 -203.5 1022.22
  vertex 196.067 -214.5 1007.57
 endloop
endfacet
facet normal 0.259182 -0.0532418 0.96436
 outer loop
  vertex 175.152 -203.5 1022.22
  vertex 150 -203.5 1027.23
  vertex 174.931 -214.5 1021.69
 endloop
endfacet
facet normal -0.129591 -0.0532418 0.990137
 outer loop
  vertex 150 -203.5 1027.23
  vertex 124.848 -203.5 1022.22
  vertex 150 -214.5 1026.65
 endloop
endfacet
facet normal -0.498636 -0.0532418 0.865175
 outer loop
  vertex 124.848 -203.5 1022.22
  vertex 103.525 -203.5 1007.97
  vertex 125.069 -214.5 1021.69
 endloop
endfacet
facet normal -0.791767 -0.0532418 0.608498
 outer loop
  vertex 103.525 -203.5 1007.97
  vertex 89.2776 -203.5 986.652
  vertex 103.933 -214.5 1007.57
 endloop
endfacet
facet normal 0.171862 0 0.985121
 outer loop
  vertex 90.1112 -135.5 904.21
  vertex 84.8612 -135.5 905.616
  vertex 90.1112 -139 904.21
 endloop
endfacet
facet normal 0.343724 0 0.939071
 outer loop
  vertex 90.1112 -139 904.21
  vertex 84.8612 -135.5 905.616
  vertex 84.8612 -139 905.616
 endloop
endfacet
facet normal 0.641397 0 0.767209
 outer loop
  vertex 84.8612 -139 905.616
  vertex 84.8612 -135.5 905.616
  vertex 81.0179 -135.5 909.46
 endloop
endfacet
facet normal 0.939071 0 0.343724
 outer loop
  vertex 81.0179 -139 909.46
  vertex 81.0179 -135.5 909.46
  vertex 79.6112 -135.5 914.71
 endloop
endfacet
facet normal 0.985121 0 -0.171862
 outer loop
  vertex 79.6112 -139 914.71
  vertex 79.6112 -135.5 914.71
  vertex 81.0179 -135.5 919.96
 endloop
endfacet
facet normal 0.767209 0 -0.641397
 outer loop
  vertex 81.0179 -139 919.96
  vertex 81.0179 -135.5 919.96
  vertex 84.8612 -135.5 923.803
 endloop
endfacet
facet normal 0.343724 0 -0.939071
 outer loop
  vertex 84.8612 -139 923.803
  vertex 84.8612 -135.5 923.803
  vertex 90.1112 -135.5 925.21
 endloop
endfacet
facet normal 0.171862 0 -0.985121
 outer loop
  vertex 90.1112 -139 925.21
  vertex 84.8612 -139 923.803
  vertex 90.1112 -135.5 925.21
 endloop
endfacet
facet normal 0.641397 0 -0.767209
 outer loop
  vertex 84.8612 -139 923.803
  vertex 81.0179 -139 919.96
  vertex 84.8612 -135.5 923.803
 endloop
endfacet
facet normal 0.939071 0 -0.343724
 outer loop
  vertex 81.0179 -139 919.96
  vertex 79.6112 -139 914.71
  vertex 81.0179 -135.5 919.96
 endloop
endfacet
facet normal 0.985121 0 0.171862
 outer loop
  vertex 79.6112 -139 914.71
  vertex 81.0179 -139 909.46
  vertex 79.6112 -135.5 914.71
 endloop
endfacet
facet normal 0.767209 0 0.641397
 outer loop
  vertex 81.0179 -139 909.46
  vertex 84.8612 -139 905.616
  vertex 81.0179 -135.5 909.46
 endloop
endfacet
facet normal 0.48456 0.0886807 -0.870251
 outer loop
  vertex 169.653 -115 911.363
  vertex 187.59 -115 922.939
  vertex 170.263 -123.5 910.805
 endloop
endfacet
facet normal 0.598116 0.0886718 -0.796489
 outer loop
  vertex 170.263 -123.5 910.805
  vertex 187.59 -115 922.939
  vertex 188.283 -123.5 922.576
 endloop
endfacet
facet normal 0.784172 0.0886892 -0.614173
 outer loop
  vertex 188.283 -123.5 922.576
  vertex 187.59 -115 922.939
  vertex 199.62 -115 940.575
 endloop
endfacet
facet normal 0.961002 0.0886978 -0.26193
 outer loop
  vertex 200.352 -123.5 940.398
  vertex 199.62 -115 940.575
  vertex 203.851 -115 961.5
 endloop
endfacet
facet normal 0.98746 0.088689 -0.130605
 outer loop
  vertex 204.595 -123.5 961.5
  vertex 200.352 -123.5 940.398
  vertex 203.851 -115 961.5
 endloop
endfacet
facet normal 0.859862 0.0886804 -0.502766
 outer loop
  vertex 200.352 -123.5 940.398
  vertex 188.283 -123.5 922.576
  vertex 199.62 -115 940.575
 endloop
endfacet
facet normal 0.171862 0 -0.985121
 outer loop
  vertex 90.1112 -136 907.71
  vertex 93.6112 -136 908.648
  vertex 90.1112 -139 907.71
 endloop
endfacet
facet normal 0.343724 0 -0.939071
 outer loop
  vertex 90.1112 -139 907.71
  vertex 93.6112 -136 908.648
  vertex 93.6112 -139 908.648
 endloop
endfacet
facet normal 0.641397 0 -0.767209
 outer loop
  vertex 93.6112 -139 908.648
  vertex 93.6112 -136 908.648
  vertex 96.1734 -136 911.21
 endloop
endfacet
facet normal 0.939071 0 -0.343724
 outer loop
  vertex 96.1734 -139 911.21
  vertex 96.1734 -136 911.21
  vertex 97.1112 -136 914.71
 endloop
endfacet
facet normal 0.985121 0 0.171862
 outer loop
  vertex 97.1112 -139 914.71
  vertex 97.1112 -136 914.71
  vertex 96.1734 -136 918.21
 endloop
endfacet
facet normal 0.767209 0 0.641397
 outer loop
  vertex 96.1734 -139 918.21
  vertex 96.1734 -136 918.21
  vertex 93.6112 -136 920.772
 endloop
endfacet
facet normal 0.343724 0 0.939071
 outer loop
  vertex 93.6112 -139 920.772
  vertex 93.6112 -136 920.772
  vertex 90.1112 -136 921.71
 endloop
endfacet
facet normal 0.171862 0 0.985121
 outer loop
  vertex 90.1112 -139 921.71
  vertex 93.6112 -139 920.772
  vertex 90.1112 -136 921.71
 endloop
endfacet
facet normal 0.641397 0 0.767209
 outer loop
  vertex 93.6112 -139 920.772
  vertex 96.1734 -139 918.21
  vertex 93.6112 -136 920.772
 endloop
endfacet
facet normal 0.939071 0 0.343724
 outer loop
  vertex 96.1734 -139 918.21
  vertex 97.1112 -139 914.71
  vertex 96.1734 -136 918.21
 endloop
endfacet
facet normal 0.985121 0 -0.171862
 outer loop
  vertex 97.1112 -139 914.71
  vertex 96.1734 -139 911.21
  vertex 97.1112 -136 914.71
 endloop
endfacet
facet normal 0.767209 0 -0.641397
 outer loop
  vertex 96.1734 -139 911.21
  vertex 93.6112 -139 908.648
  vertex 96.1734 -136 911.21
 endloop
endfacet
facet normal 0.171862 0 -0.985121
 outer loop
  vertex 150 -110 931.5
  vertex 165 -110 935.519
  vertex 150 -115 931.5
 endloop
endfacet
facet normal 0.343724 0 -0.939071
 outer loop
  vertex 150 -115 931.5
  vertex 165 -110 935.519
  vertex 165 -115 935.519
 endloop
endfacet
facet normal 0.641397 0 -0.767209
 outer loop
  vertex 165 -115 935.519
  vertex 165 -110 935.519
  vertex 175.981 -110 946.5
 endloop
endfacet
facet normal 0.939071 0 -0.343724
 outer loop
  vertex 175.981 -115 946.5
  vertex 175.981 -110 946.5
  vertex 180 -110 961.5
 endloop
endfacet
facet normal 0.985121 0 0.171862
 outer loop
  vertex 180 -115 961.5
  vertex 180 -110 961.5
  vertex 175.981 -110 976.5
 endloop
endfacet
facet normal 0.767209 0 0.641397
 outer loop
  vertex 175.981 -115 976.5
  vertex 175.981 -110 976.5
  vertex 165 -110 987.481
 endloop
endfacet
facet normal 0.343724 0 0.939071
 outer loop
  vertex 165 -115 987.481
  vertex 165 -110 987.481
  vertex 150 -110 991.5
 endloop
endfacet
facet normal 0.171862 0 0.985121
 outer loop
  vertex 150 -115 991.5
  vertex 165 -115 987.481
  vertex 150 -110 991.5
 endloop
endfacet
facet normal 0.641397 0 0.767209
 outer loop
  vertex 165 -115 987.481
  vertex 175.981 -115 976.5
  vertex 165 -110 987.481
 endloop
endfacet
facet normal 0.939071 0 0.343724
 outer loop
  vertex 175.981 -115 976.5
  vertex 180 -115 961.5
  vertex 175.981 -110 976.5
 endloop
endfacet
facet normal 0.985121 0 -0.171862
 outer loop
  vertex 180 -115 961.5
  vertex 175.981 -115 946.5
  vertex 180 -110 961.5
 endloop
endfacet
facet normal 0.767209 0 -0.641397
 outer loop
  vertex 175.981 -115 946.5
  vertex 165 -115 935.519
  vertex 175.981 -110 946.5
 endloop
endfacet
facet normal 0.489576 0.869646 0.0635008
 outer loop
  vertex 98.6112 -122.708 915.088
  vertex 97.3843 -122 915.088
  vertex 98.6112 -123.109 918.605
 endloop
endfacet
facet normal 0.468048 0.871312 0.147465
 outer loop
  vertex 98.6112 -123.109 918.605
  vertex 97.3843 -122 915.088
  vertex 96.3996 -122 918.763
 endloop
endfacet
facet normal 0.369663 0.871933 0.321066
 outer loop
  vertex 97.7345 -123.068 920.123
  vertex 96.3996 -122 918.763
  vertex 93.7093 -122 921.453
 endloop
endfacet
facet normal 0.101667 0.871499 0.479742
 outer loop
  vertex 90.9878 -122.942 924.019
  vertex 93.7093 -122 921.453
  vertex 90.0343 -122 922.438
 endloop
endfacet
facet normal 0.00142838 0.866027 0.499995
 outer loop
  vertex 90.1112 -122.937 924.06
  vertex 90.0343 -122 922.438
  vertex 90.0343 -122.936 924.059
 endloop
endfacet
facet normal 0.0191287 0.866277 0.499197
 outer loop
  vertex 90.1112 -122.937 924.06
  vertex 90.9878 -122.942 924.019
  vertex 90.0343 -122 922.438
 endloop
endfacet
facet normal -0.014869 0.866217 0.499446
 outer loop
  vertex 90.0343 -122.936 924.059
  vertex 90.0343 -122 922.438
  vertex 89.2345 -122.933 924.019
 endloop
endfacet
facet normal -0.0988347 0.871631 0.480094
 outer loop
  vertex 89.2345 -122.933 924.019
  vertex 90.0343 -122 922.438
  vertex 86.3593 -122 921.453
 endloop
endfacet
facet normal -0.368767 0.871844 0.322332
 outer loop
  vertex 82.4878 -122.994 920.123
  vertex 86.3593 -122 921.453
  vertex 83.669 -122 918.763
 endloop
endfacet
facet normal -0.46766 0.871352 0.148462
 outer loop
  vertex 81.6112 -123.027 918.605
  vertex 83.669 -122 918.763
  vertex 82.6843 -122 915.088
 endloop
endfacet
facet normal -0.489233 0.869765 0.0644982
 outer loop
  vertex 81.6112 -122.62 915.088
  vertex 81.6112 -123.027 918.605
  vertex 82.6843 -122 915.088
 endloop
endfacet
facet normal -0.43712 0.86672 0.240257
 outer loop
  vertex 81.6112 -123.027 918.605
  vertex 82.4878 -122.994 920.123
  vertex 83.669 -122 918.763
 endloop
endfacet
facet normal -0.24067 0.880051 0.409374
 outer loop
  vertex 82.4878 -122.994 920.123
  vertex 89.2345 -122.933 924.019
  vertex 86.3593 -122 921.453
 endloop
endfacet
facet normal 0.244348 0.879826 0.407677
 outer loop
  vertex 90.9878 -122.942 924.019
  vertex 97.7345 -123.068 920.123
  vertex 93.7093 -122 921.453
 endloop
endfacet
facet normal 0.438377 0.866713 0.237978
 outer loop
  vertex 97.7345 -123.068 920.123
  vertex 98.6112 -123.109 918.605
  vertex 96.3996 -122 918.763
 endloop
endfacet
facet normal -0.0833694 6.70542E-17 0.996519
 outer loop
  vertex 89.2345 -136 924.019
  vertex 89.5263 -136 924.041
  vertex 89.2345 -122.933 924.019
 endloop
endfacet
facet normal -0.0548823 4.38829E-17 0.998493
 outer loop
  vertex 89.2345 -122.933 924.019
  vertex 89.5263 -136 924.041
  vertex 90.0343 -122.936 924.059
 endloop
endfacet
facet normal -0.0340342 4.39476E-17 0.999421
 outer loop
  vertex 90.0343 -122.936 924.059
  vertex 89.5263 -136 924.041
  vertex 89.8186 -136 924.055
 endloop
endfacet
facet normal -0.0131741 4.39406E-17 0.999913
 outer loop
  vertex 90.1112 -136 924.06
  vertex 90.0343 -122.936 924.059
  vertex 89.8186 -136 924.055
 endloop
endfacet
facet normal -0.0027414 2.31917E-17 0.999996
 outer loop
  vertex 90.1112 -136 924.06
  vertex 90.1112 -122.937 924.06
  vertex 90.0343 -122.936 924.059
 endloop
endfacet
facet normal -1.05449E-16 -1 -5.84102E-17
 outer loop
  vertex 213.153 -203.5 931.482
  vertex 210.722 -203.5 936.348
  vertex 205 -203.5 918.322
 endloop
endfacet
facet normal -1.05449E-16 -1 -5.84102E-17
 outer loop
  vertex 213.153 -203.5 931.482
  vertex 218.21 -203.5 946.114
  vertex 210.722 -203.5 936.348
 endloop
endfacet
facet normal -1.05449E-16 -1 -5.84102E-17
 outer loop
  vertex 210.722 -203.5 936.348
  vertex 218.21 -203.5 946.114
  vertex 215.725 -203.5 961.5
 endloop
endfacet
facet normal -1.05449E-16 -1 -5.84102E-17
 outer loop
  vertex 215.725 -203.5 961.5
  vertex 218.21 -203.5 946.114
  vertex 219.924 -203.5 961.5
 endloop
endfacet
facet normal -1.05449E-16 -1 -5.84102E-17
 outer loop
  vertex 210.722 -203.5 986.652
  vertex 219.924 -203.5 961.5
  vertex 214.601 -203.5 988.259
 endloop
endfacet
facet normal -1.05449E-16 -1 -5.84102E-17
 outer loop
  vertex 196.475 -203.5 1007.97
  vertex 214.601 -203.5 988.259
  vertex 199.444 -203.5 1010.94
 endloop
endfacet
facet normal -1.05449E-16 -1 -5.84102E-17
 outer loop
  vertex 175.152 -203.5 1022.22
  vertex 199.444 -203.5 1010.94
  vertex 176.759 -203.5 1026.1
 endloop
endfacet
facet normal -1.05449E-16 -1 -5.84102E-17
 outer loop
  vertex 150 -203.5 1027.23
  vertex 176.759 -203.5 1026.1
  vertex 150 -203.5 1031.42
 endloop
endfacet
facet normal -1.05449E-16 -1 -5.84102E-17
 outer loop
  vertex 123.241 -203.5 1026.1
  vertex 150 -203.5 1027.23
  vertex 150 -203.5 1031.42
 endloop
endfacet
facet normal -1.05449E-16 -1 -5.84102E-17
 outer loop
  vertex 123.241 -203.5 1026.1
  vertex 124.848 -203.5 1022.22
  vertex 150 -203.5 1027.23
 endloop
endfacet
facet normal -1.05449E-16 -1 -5.84102E-17
 outer loop
  vertex 123.241 -203.5 1026.1
  vertex 100.556 -203.5 1010.94
  vertex 124.848 -203.5 1022.22
 endloop
endfacet
facet normal -1.05449E-16 -1 -5.84102E-17
 outer loop
  vertex 124.848 -203.5 1022.22
  vertex 100.556 -203.5 1010.94
  vertex 103.525 -203.5 1007.97
 endloop
endfacet
facet normal -1.05449E-16 -1 -5.84102E-17
 outer loop
  vertex 103.525 -203.5 1007.97
  vertex 100.556 -203.5 1010.94
  vertex 85.3989 -203.5 988.259
 endloop
endfacet
facet normal -1.05449E-16 -1 -5.84102E-17
 outer loop
  vertex 89.2776 -203.5 986.652
  vertex 85.3989 -203.5 988.259
  vertex 80.0762 -203.5 961.5
 endloop
endfacet
facet normal -1.05449E-16 -1 -5.84102E-17
 outer loop
  vertex 84.2745 -203.5 961.5
  vertex 80.0762 -203.5 961.5
  vertex 81.79 -203.5 946.114
 endloop
endfacet
facet normal -1.05449E-16 -1 -5.84102E-17
 outer loop
  vertex 89.2776 -203.5 936.348
  vertex 81.79 -203.5 946.114
  vertex 86.8472 -203.5 931.482
 endloop
endfacet
facet normal -1.05449E-16 -1 -5.84102E-17
 outer loop
  vertex 95 -203.5 918.322
  vertex 89.2776 -203.5 936.348
  vertex 86.8472 -203.5 931.482
 endloop
endfacet
facet normal -1.05449E-16 -1 -5.84102E-17
 outer loop
  vertex 95 -203.5 918.322
  vertex 103.525 -203.5 915.025
  vertex 89.2776 -203.5 936.348
 endloop
endfacet
facet normal -1.05449E-16 -1 -5.84102E-17
 outer loop
  vertex 95 -203.5 918.322
  vertex 95 -203.5 881.5
  vertex 103.525 -203.5 915.025
 endloop
endfacet
facet normal -1.05449E-16 -1 -5.84102E-17
 outer loop
  vertex 103.525 -203.5 915.025
  vertex 95 -203.5 881.5
  vertex 124.848 -203.5 900.778
 endloop
endfacet
facet normal -1.05449E-16 -1 -5.84102E-17
 outer loop
  vertex 124.848 -203.5 900.778
  vertex 95 -203.5 881.5
  vertex 150 -203.5 881.5
 endloop
endfacet
facet normal -1.05449E-16 -1 -5.84102E-17
 outer loop
  vertex 150 -203.5 895.775
  vertex 150 -203.5 881.5
  vertex 175.152 -203.5 900.778
 endloop
endfacet
facet normal -1.05449E-16 -1 -5.84102E-17
 outer loop
  vertex 150 -203.5 895.775
  vertex 124.848 -203.5 900.778
  vertex 150 -203.5 881.5
 endloop
endfacet
facet normal -1.05449E-16 -1 -5.84102E-17
 outer loop
  vertex 150 -203.5 881.5
  vertex 205 -203.5 881.5
  vertex 175.152 -203.5 900.778
 endloop
endfacet
facet normal -1.05449E-16 -1 -5.84102E-17
 outer loop
  vertex 175.152 -203.5 900.778
  vertex 205 -203.5 881.5
  vertex 196.475 -203.5 915.025
 endloop
endfacet
facet normal -1.05449E-16 -1 -5.84102E-17
 outer loop
  vertex 196.475 -203.5 915.025
  vertex 205 -203.5 881.5
  vertex 205 -203.5 918.322
 endloop
endfacet
facet normal -1.05449E-16 -1 -5.84102E-17
 outer loop
  vertex 210.722 -203.5 936.348
  vertex 196.475 -203.5 915.025
  vertex 205 -203.5 918.322
 endloop
endfacet
facet normal -1.05449E-16 -1 -5.84102E-17
 outer loop
  vertex 84.2745 -203.5 961.5
  vertex 89.2776 -203.5 986.652
  vertex 80.0762 -203.5 961.5
 endloop
endfacet
facet normal -1.05449E-16 -1 -5.84102E-17
 outer loop
  vertex 89.2776 -203.5 986.652
  vertex 103.525 -203.5 1007.97
  vertex 85.3989 -203.5 988.259
 endloop
endfacet
facet normal -1.05449E-16 -1 -5.84102E-17
 outer loop
  vertex 150 -203.5 1027.23
  vertex 175.152 -203.5 1022.22
  vertex 176.759 -203.5 1026.1
 endloop
endfacet
facet normal -1.05449E-16 -1 -5.84102E-17
 outer loop
  vertex 175.152 -203.5 1022.22
  vertex 196.475 -203.5 1007.97
  vertex 199.444 -203.5 1010.94
 endloop
endfacet
facet normal -1.05449E-16 -1 -5.84102E-17
 outer loop
  vertex 196.475 -203.5 1007.97
  vertex 210.722 -203.5 986.652
  vertex 214.601 -203.5 988.259
 endloop
endfacet
facet normal -1.05449E-16 -1 -5.84102E-17
 outer loop
  vertex 210.722 -203.5 986.652
  vertex 215.725 -203.5 961.5
  vertex 219.924 -203.5 961.5
 endloop
endfacet
facet normal -1.05449E-16 -1 -5.84102E-17
 outer loop
  vertex 89.2776 -203.5 936.348
  vertex 84.2745 -203.5 961.5
  vertex 81.79 -203.5 946.114
 endloop
endfacet
facet normal 0 1 -1.93637E-15
 outer loop
  vertex 118.976 -123.5 859.729
  vertex 94.7032 -123.5 859.729
  vertex 122.865 -123.5 872.531
 endloop
endfacet
facet normal 0 1 -1.93637E-15
 outer loop
  vertex 122.865 -123.5 872.531
  vertex 94.7032 -123.5 859.729
  vertex 95 -123.5 881.5
 endloop
endfacet
facet normal 0 1 -1.93637E-15
 outer loop
  vertex 122.865 -123.5 892.039
  vertex 95 -123.5 881.5
  vertex 95 -123.5 905.417
 endloop
endfacet
facet normal 0 1 -1.93637E-15
 outer loop
  vertex 98.4985 -123.5 908.393
  vertex 122.865 -123.5 892.039
  vertex 95 -123.5 905.417
 endloop
endfacet
facet normal 0 1 -1.93637E-15
 outer loop
  vertex 98.4985 -123.5 908.393
  vertex 100.392 -123.5 912.577
  vertex 122.865 -123.5 892.039
 endloop
endfacet
facet normal 0 1 -1.93637E-15
 outer loop
  vertex 122.865 -123.5 892.039
  vertex 100.392 -123.5 912.577
  vertex 129.737 -123.5 910.805
 endloop
endfacet
facet normal 0 1 -1.93637E-15
 outer loop
  vertex 135.334 -123.5 901.706
  vertex 122.865 -123.5 892.039
  vertex 129.737 -123.5 910.805
 endloop
endfacet
facet normal 0 1 -1.93637E-15
 outer loop
  vertex 135.334 -123.5 901.706
  vertex 140.766 -123.5 887.501
  vertex 122.865 -123.5 892.039
 endloop
endfacet
facet normal 0 1 -1.93637E-15
 outer loop
  vertex 135.334 -123.5 901.706
  vertex 144.659 -123.5 896.495
  vertex 140.766 -123.5 887.501
 endloop
endfacet
facet normal 0 1 -1.93637E-15
 outer loop
  vertex 140.766 -123.5 887.501
  vertex 144.659 -123.5 896.495
  vertex 150 -123.5 886.927
 endloop
endfacet
facet normal 0 1 -1.93637E-15
 outer loop
  vertex 150 -123.5 886.927
  vertex 144.659 -123.5 896.495
  vertex 155.341 -123.5 896.495
 endloop
endfacet
facet normal 0 1 -1.93637E-15
 outer loop
  vertex 159.234 -123.5 887.501
  vertex 155.341 -123.5 896.495
  vertex 164.666 -123.5 901.706
 endloop
endfacet
facet normal 0 1 -1.93637E-15
 outer loop
  vertex 177.135 -123.5 892.039
  vertex 164.666 -123.5 901.706
  vertex 170.263 -123.5 910.805
 endloop
endfacet
facet normal 0 1 -1.93637E-15
 outer loop
  vertex 188.283 -123.5 922.576
  vertex 177.135 -123.5 892.039
  vertex 170.263 -123.5 910.805
 endloop
endfacet
facet normal 0 1 -1.93637E-15
 outer loop
  vertex 188.283 -123.5 922.576
  vertex 205 -123.5 918.322
  vertex 177.135 -123.5 892.039
 endloop
endfacet
facet normal 0 1 -1.93637E-15
 outer loop
  vertex 188.283 -123.5 922.576
  vertex 200.352 -123.5 940.398
  vertex 205 -123.5 918.322
 endloop
endfacet
facet normal 0 1 -1.93637E-15
 outer loop
  vertex 205 -123.5 918.322
  vertex 200.352 -123.5 940.398
  vertex 213.153 -123.5 931.482
 endloop
endfacet
facet normal 0 1 -1.93637E-15
 outer loop
  vertex 213.153 -123.5 931.482
  vertex 200.352 -123.5 940.398
  vertex 218.21 -123.5 946.114
 endloop
endfacet
facet normal 0 1 -1.93637E-15
 outer loop
  vertex 218.21 -123.5 946.114
  vertex 200.352 -123.5 940.398
  vertex 204.595 -123.5 961.5
 endloop
endfacet
facet normal 0 1 -1.93637E-15
 outer loop
  vertex 219.924 -123.5 961.5
  vertex 204.595 -123.5 961.5
  vertex 201.508 -123.5 979.598
 endloop
endfacet
facet normal 0 1 -1.93637E-15
 outer loop
  vertex 214.601 -123.5 988.259
  vertex 201.508 -123.5 979.598
  vertex 192.596 -123.5 995.649
 endloop
endfacet
facet normal 0 1 -1.93637E-15
 outer loop
  vertex 199.444 -123.5 1010.94
  vertex 192.596 -123.5 995.649
  vertex 178.868 -123.5 1007.84
 endloop
endfacet
facet normal 0 1 -1.93637E-15
 outer loop
  vertex 176.759 -123.5 1026.1
  vertex 178.868 -123.5 1007.84
  vertex 161.875 -123.5 1014.79
 endloop
endfacet
facet normal 0 1 -1.93637E-15
 outer loop
  vertex 161.875 -123.5 1026.93
  vertex 176.759 -123.5 1026.1
  vertex 161.875 -123.5 1014.79
 endloop
endfacet
facet normal 0 1 -1.93637E-15
 outer loop
  vertex 161.875 -123.5 1026.93
  vertex 150 -123.5 1031.42
  vertex 176.759 -123.5 1026.1
 endloop
endfacet
facet normal 0 1 -1.93637E-15
 outer loop
  vertex 161.875 -123.5 1026.93
  vertex 159.513 -123.5 1027.32
  vertex 150 -123.5 1031.42
 endloop
endfacet
facet normal 0 1 -1.93637E-15
 outer loop
  vertex 150 -123.5 1031.42
  vertex 159.513 -123.5 1027.32
  vertex 157.139 -123.5 1027.62
 endloop
endfacet
facet normal 0 1 -1.93637E-15
 outer loop
  vertex 154.756 -123.5 1027.83
  vertex 150 -123.5 1031.42
  vertex 157.139 -123.5 1027.62
 endloop
endfacet
facet normal 0 1 -1.93637E-15
 outer loop
  vertex 154.756 -123.5 1027.83
  vertex 154.756 -123.5 1026.5
  vertex 150 -123.5 1031.42
 endloop
endfacet
facet normal 0 1 -1.93637E-15
 outer loop
  vertex 150 -123.5 1031.42
  vertex 154.756 -123.5 1026.5
  vertex 145.244 -123.5 1026.5
 endloop
endfacet
facet normal 0 1 -1.93637E-15
 outer loop
  vertex 145.244 -123.5 1027.83
  vertex 150 -123.5 1031.42
  vertex 145.244 -123.5 1026.5
 endloop
endfacet
facet normal 0 1 -1.93637E-15
 outer loop
  vertex 145.244 -123.5 1027.83
  vertex 142.861 -123.5 1027.62
  vertex 150 -123.5 1031.42
 endloop
endfacet
facet normal 0 1 -1.93637E-15
 outer loop
  vertex 150 -123.5 1031.42
  vertex 142.861 -123.5 1027.62
  vertex 140.487 -123.5 1027.32
 endloop
endfacet
facet normal 0 1 -1.93637E-15
 outer loop
  vertex 138.125 -123.5 1026.93
  vertex 150 -123.5 1031.42
  vertex 140.487 -123.5 1027.32
 endloop
endfacet
facet normal 0 1 -1.93637E-15
 outer loop
  vertex 138.125 -123.5 1026.93
  vertex 123.241 -123.5 1026.1
  vertex 150 -123.5 1031.42
 endloop
endfacet
facet normal 0 1 -1.93637E-15
 outer loop
  vertex 138.125 -123.5 1026.93
  vertex 138.125 -123.5 1014.79
  vertex 123.241 -123.5 1026.1
 endloop
endfacet
facet normal 0 1 -1.93637E-15
 outer loop
  vertex 123.241 -123.5 1026.1
  vertex 138.125 -123.5 1014.79
  vertex 117.268 -123.5 1005.19
 endloop
endfacet
facet normal 0 1 -1.93637E-15
 outer loop
  vertex 100.556 -123.5 1010.94
  vertex 117.268 -123.5 1005.19
  vertex 102.198 -123.5 987.874
 endloop
endfacet
facet normal 0 1 -1.93637E-15
 outer loop
  vertex 85.3989 -123.5 988.259
  vertex 102.198 -123.5 987.874
  vertex 95.5818 -123.5 965.89
 endloop
endfacet
facet normal 0 1 -1.93637E-15
 outer loop
  vertex 80.0762 -123.5 961.5
  vertex 95.5818 -123.5 965.89
  vertex 81.2298 -123.5 948.851
 endloop
endfacet
facet normal 0 1 -1.93637E-15
 outer loop
  vertex 80.0762 -123.5 961.5
  vertex 85.3989 -123.5 988.259
  vertex 95.5818 -123.5 965.89
 endloop
endfacet
facet normal 0 1 -1.93637E-15
 outer loop
  vertex 129.737 -123.5 910.805
  vertex 100.392 -123.5 912.577
  vertex 110.687 -123.5 923.618
 endloop
endfacet
facet normal 0 1 -1.93637E-15
 outer loop
  vertex 110.687 -123.5 923.618
  vertex 100.392 -123.5 912.577
  vertex 100.319 -123.5 917.169
 endloop
endfacet
facet normal 0 1 -1.93637E-15
 outer loop
  vertex 98.2928 -123.5 921.291
  vertex 110.687 -123.5 923.618
  vertex 100.319 -123.5 917.169
 endloop
endfacet
facet normal 0 1 -1.93637E-15
 outer loop
  vertex 98.2928 -123.5 921.291
  vertex 94.7011 -123.5 924.153
  vertex 110.687 -123.5 923.618
 endloop
endfacet
facet normal 0 1 -1.93637E-15
 outer loop
  vertex 110.687 -123.5 923.618
  vertex 94.7011 -123.5 924.153
  vertex 98.5885 -123.5 943.13
 endloop
endfacet
facet normal 0 1 -1.93637E-15
 outer loop
  vertex 98.5885 -123.5 943.13
  vertex 94.7011 -123.5 924.153
  vertex 90.2313 -123.5 925.209
 endloop
endfacet
facet normal 0 1 -1.93637E-15
 outer loop
  vertex 84.6525 -123.5 936.62
  vertex 98.5885 -123.5 943.13
  vertex 90.2313 -123.5 925.209
 endloop
endfacet
facet normal 0 1 -1.93637E-15
 outer loop
  vertex 84.6525 -123.5 936.62
  vertex 81.2298 -123.5 948.851
  vertex 98.5885 -123.5 943.13
 endloop
endfacet
facet normal 0 1 -1.93637E-15
 outer loop
  vertex 98.5885 -123.5 943.13
  vertex 81.2298 -123.5 948.851
  vertex 95.5818 -123.5 965.89
 endloop
endfacet
facet normal 0 1 -1.93637E-15
 outer loop
  vertex 85.3989 -123.5 988.259
  vertex 100.556 -123.5 1010.94
  vertex 102.198 -123.5 987.874
 endloop
endfacet
facet normal 0 1 -1.93637E-15
 outer loop
  vertex 100.556 -123.5 1010.94
  vertex 123.241 -123.5 1026.1
  vertex 117.268 -123.5 1005.19
 endloop
endfacet
facet normal 0 1 -1.93637E-15
 outer loop
  vertex 176.759 -123.5 1026.1
  vertex 199.444 -123.5 1010.94
  vertex 178.868 -123.5 1007.84
 endloop
endfacet
facet normal 0 1 -1.93637E-15
 outer loop
  vertex 199.444 -123.5 1010.94
  vertex 214.601 -123.5 988.259
  vertex 192.596 -123.5 995.649
 endloop
endfacet
facet normal 0 1 -1.93637E-15
 outer loop
  vertex 214.601 -123.5 988.259
  vertex 219.924 -123.5 961.5
  vertex 201.508 -123.5 979.598
 endloop
endfacet
facet normal 0 1 -1.93637E-15
 outer loop
  vertex 219.924 -123.5 961.5
  vertex 218.21 -123.5 946.114
  vertex 204.595 -123.5 961.5
 endloop
endfacet
facet normal 0 1 -1.93637E-15
 outer loop
  vertex 205 -123.5 918.322
  vertex 205 -123.5 881.367
  vertex 177.135 -123.5 892.039
 endloop
endfacet
facet normal 0 1 -1.93637E-15
 outer loop
  vertex 177.135 -123.5 892.039
  vertex 205 -123.5 881.367
  vertex 177.135 -123.5 872.531
 endloop
endfacet
facet normal 0 1 -1.93637E-15
 outer loop
  vertex 177.135 -123.5 872.531
  vertex 205 -123.5 881.367
  vertex 181.024 -123.5 859.729
 endloop
endfacet
facet normal 0 1 -1.93637E-15
 outer loop
  vertex 181.024 -123.5 859.729
  vertex 205 -123.5 881.367
  vertex 205.296 -123.5 859.729
 endloop
endfacet
facet normal 0 1 -1.93637E-15
 outer loop
  vertex 177.135 -123.5 892.039
  vertex 159.234 -123.5 887.501
  vertex 164.666 -123.5 901.706
 endloop
endfacet
facet normal 0 1 -1.93637E-15
 outer loop
  vertex 159.234 -123.5 887.501
  vertex 150 -123.5 886.927
  vertex 155.341 -123.5 896.495
 endloop
endfacet
facet normal 0 1 -1.93637E-15
 outer loop
  vertex 122.865 -123.5 892.039
  vertex 122.865 -123.5 872.531
  vertex 95 -123.5 881.5
 endloop
endfacet
facet normal 0 1 -1.93637E-15
 outer loop
  vertex 154.756 -123.5 1026.5
  vertex 154.119 -123.5 1024.12
  vertex 145.244 -123.5 1026.5
 endloop
endfacet
facet normal 0 1 -1.93637E-15
 outer loop
  vertex 145.244 -123.5 1026.5
  vertex 154.119 -123.5 1024.12
  vertex 152.378 -123.5 1022.38
 endloop
endfacet
facet normal 0 1 -1.93637E-15
 outer loop
  vertex 150 -123.5 1021.74
  vertex 145.244 -123.5 1026.5
  vertex 152.378 -123.5 1022.38
 endloop
endfacet
facet normal 0 1 -1.93637E-15
 outer loop
  vertex 150 -123.5 1021.74
  vertex 147.622 -123.5 1022.38
  vertex 145.244 -123.5 1026.5
 endloop
endfacet
facet normal 0 1 -1.93637E-15
 outer loop
  vertex 145.244 -123.5 1026.5
  vertex 147.622 -123.5 1022.38
  vertex 145.881 -123.5 1024.12
 endloop
endfacet
facet normal -1 1.05449E-16 -6.56592E-33
 outer loop
  vertex 95 -135.5 905.417
  vertex 95 -123.5 905.417
  vertex 95 -135.5 884.847
 endloop
endfacet
facet normal -1 1.05449E-16 -6.56592E-33
 outer loop
  vertex 95 -135.5 884.847
  vertex 95 -123.5 905.417
  vertex 95 -123.5 881.5
 endloop
endfacet
facet normal -1 1.05449E-16 -6.56592E-33
 outer loop
  vertex 95 -163.5 882.464
  vertex 95 -123.5 881.5
  vertex 95 -182.501 881.5
 endloop
endfacet
facet normal -1 1.05449E-16 -6.56592E-33
 outer loop
  vertex 95 -182.302 884.065
  vertex 95 -182.501 881.5
  vertex 95 -203.5 881.5
 endloop
endfacet
facet normal -1 1.05449E-16 -6.56592E-33
 outer loop
  vertex 95 -188.032 918.322
  vertex 95 -203.5 881.5
  vertex 95 -203.5 918.322
 endloop
endfacet
facet normal -1 1.05449E-16 -6.56592E-33
 outer loop
  vertex 95 -188.032 918.322
  vertex 95 -182.302 884.065
  vertex 95 -203.5 881.5
 endloop
endfacet
facet normal -1 1.05449E-16 -6.56592E-33
 outer loop
  vertex 95 -163.5 882.464
  vertex 95 -135.5 884.847
  vertex 95 -123.5 881.5
 endloop
endfacet
facet normal -1 1.05449E-16 -6.56592E-33
 outer loop
  vertex 95 -182.501 881.5
  vertex 95 -182.302 884.065
  vertex 95 -163.5 882.464
 endloop
endfacet
facet normal 0.997277 -1.663E-16 -0.0737487
 outer loop
  vertex 219.924 -123.5 961.5
  vertex 219.924 -203.5 961.5
  vertex 218.21 -123.5 946.114
 endloop
endfacet
facet normal 0.989062 -1.3304E-16 -0.147497
 outer loop
  vertex 218.21 -123.5 946.114
  vertex 219.924 -203.5 961.5
  vertex 218.21 -203.5 946.114
 endloop
endfacet
facet normal 0.932367 -7.41394E-17 -0.361514
 outer loop
  vertex 213.153 -123.5 931.482
  vertex 218.21 -203.5 946.114
  vertex 213.153 -203.5 931.482
 endloop
endfacet
facet normal 0.829969 -7.41394E-17 -0.55781
 outer loop
  vertex 205 -163.5 918.322
  vertex 213.153 -203.5 931.482
  vertex 205 -203.5 918.322
 endloop
endfacet
facet normal 0.869048 -4.08794E-17 -0.494729
 outer loop
  vertex 205 -163.5 918.322
  vertex 213.153 -123.5 931.482
  vertex 213.153 -203.5 931.482
 endloop
endfacet
facet normal 0.829969 0 -0.55781
 outer loop
  vertex 205 -163.5 918.322
  vertex 205 -123.5 918.322
  vertex 213.153 -123.5 931.482
 endloop
endfacet
facet normal 0.956607 -9.97801E-17 -0.29138
 outer loop
  vertex 213.153 -123.5 931.482
  vertex 218.21 -123.5 946.114
  vertex 218.21 -203.5 946.114
 endloop
endfacet
facet normal 1 0 0
 outer loop
  vertex 205 -163.5 918.322
  vertex 205 -203.5 918.322
  vertex 205 -182.501 881.367
 endloop
endfacet
facet normal 1 0 0
 outer loop
  vertex 205 -123.5 881.367
  vertex 205 -163.5 918.322
  vertex 205 -182.501 881.367
 endloop
endfacet
facet normal 1 0 0
 outer loop
  vertex 205 -123.5 881.367
  vertex 205 -123.5 918.322
  vertex 205 -163.5 918.322
 endloop
endfacet
facet normal 1 0 0
 outer loop
  vertex 205 -203.5 881.367
  vertex 205 -182.501 881.367
  vertex 205 -203.5 881.5
 endloop
endfacet
facet normal 1 0 0
 outer loop
  vertex 205 -203.5 881.5
  vertex 205 -182.501 881.367
  vertex 205 -203.5 918.322
 endloop
endfacet
facet normal 0.990137 -0.0532418 -0.129591
 outer loop
  vertex 215.149 -214.5 961.5
  vertex 210.19 -214.5 936.569
  vertex 215.725 -203.5 961.5
 endloop
endfacet
facet normal 0.96436 -0.0532418 -0.259182
 outer loop
  vertex 215.725 -203.5 961.5
  vertex 210.19 -214.5 936.569
  vertex 210.722 -203.5 936.348
 endloop
endfacet
facet normal 0.865175 -0.0532418 -0.498636
 outer loop
  vertex 210.722 -203.5 936.348
  vertex 210.19 -214.5 936.569
  vertex 196.067 -214.5 915.433
 endloop
endfacet
facet normal 0.608498 -0.0532418 -0.791767
 outer loop
  vertex 196.475 -203.5 915.025
  vertex 196.067 -214.5 915.433
  vertex 174.931 -214.5 901.31
 endloop
endfacet
facet normal 0.259182 -0.0532418 -0.96436
 outer loop
  vertex 175.152 -203.5 900.778
  vertex 174.931 -214.5 901.31
  vertex 150 -214.5 896.351
 endloop
endfacet
facet normal -0.129591 -0.0532418 -0.990137
 outer loop
  vertex 150 -203.5 895.775
  vertex 150 -214.5 896.351
  vertex 125.069 -214.5 901.31
 endloop
endfacet
facet normal -0.498636 -0.0532418 -0.865175
 outer loop
  vertex 124.848 -203.5 900.778
  vertex 125.069 -214.5 901.31
  vertex 103.933 -214.5 915.433
 endloop
endfacet
facet normal -0.791767 -0.0532418 -0.608498
 outer loop
  vertex 103.525 -203.5 915.025
  vertex 103.933 -214.5 915.433
  vertex 89.8102 -214.5 936.569
 endloop
endfacet
facet normal -0.96436 -0.0532418 -0.259182
 outer loop
  vertex 89.2776 -203.5 936.348
  vertex 89.8102 -214.5 936.569
  vertex 84.851 -214.5 961.5
 endloop
endfacet
facet normal -0.990137 -0.0532418 -0.129591
 outer loop
  vertex 84.2745 -203.5 961.5
  vertex 89.2776 -203.5 936.348
  vertex 84.851 -214.5 961.5
 endloop
endfacet
facet normal -0.865175 -0.0532418 -0.498636
 outer loop
  vertex 89.2776 -203.5 936.348
  vertex 103.525 -203.5 915.025
  vertex 89.8102 -214.5 936.569
 endloop
endfacet
facet normal -0.608498 -0.0532418 -0.791767
 outer loop
  vertex 103.525 -203.5 915.025
  vertex 124.848 -203.5 900.778
  vertex 103.933 -214.5 915.433
 endloop
endfacet
facet normal -0.259182 -0.0532418 -0.96436
 outer loop
  vertex 124.848 -203.5 900.778
  vertex 150 -203.5 895.775
  vertex 125.069 -214.5 901.31
 endloop
endfacet
facet normal 0.129591 -0.0532418 -0.990137
 outer loop
  vertex 150 -203.5 895.775
  vertex 175.152 -203.5 900.778
  vertex 150 -214.5 896.351
 endloop
endfacet
facet normal 0.498636 -0.0532418 -0.865175
 outer loop
  vertex 175.152 -203.5 900.778
  vertex 196.475 -203.5 915.025
  vertex 174.931 -214.5 901.31
 endloop
endfacet
facet normal 0.791767 -0.0532418 -0.608498
 outer loop
  vertex 196.475 -203.5 915.025
  vertex 210.722 -203.5 936.348
  vertex 196.067 -214.5 915.433
 endloop
endfacet
facet normal -0.00127116 -0 -0.999999
 outer loop
  vertex 90.1112 -135.5 925.21
  vertex 90.1512 -135.5 925.21
  vertex 90.1112 -139 925.21
 endloop
endfacet
facet normal -0.00381348 -0 -0.999993
 outer loop
  vertex 90.1112 -139 925.21
  vertex 90.1512 -135.5 925.21
  vertex 90.1913 -135.5 925.209
 endloop
endfacet
facet normal -0.00635578 -0 -0.99998
 outer loop
  vertex 90.2313 -135.5 925.209
  vertex 90.1112 -139 925.21
  vertex 90.1913 -135.5 925.209
 endloop
endfacet
facet normal -0.175678 -0 -0.984448
 outer loop
  vertex 90.2313 -135.5 925.209
  vertex 95.3612 -139 923.803
  vertex 90.1112 -139 925.21
 endloop
endfacet
facet normal -0.324464 -0 -0.945898
 outer loop
  vertex 90.2313 -135.5 925.209
  vertex 94.7011 -123.5 924.153
  vertex 95.3612 -139 923.803
 endloop
endfacet
facet normal -0.156707 -0 -0.987645
 outer loop
  vertex 90.2313 -135.5 925.209
  vertex 90.2313 -123.5 925.209
  vertex 94.7011 -123.5 924.153
 endloop
endfacet
facet normal -0.582952 -0 -0.812507
 outer loop
  vertex 94.7011 -123.5 924.153
  vertex 98.2928 -123.5 921.291
  vertex 95.3612 -139 923.803
 endloop
endfacet
facet normal -0.732656 -1.06328E-17 -0.680599
 outer loop
  vertex 95.3612 -139 923.803
  vertex 98.2928 -123.5 921.291
  vertex 99.2045 -139 919.96
 endloop
endfacet
facet normal -0.887221 -1.05532E-17 -0.461344
 outer loop
  vertex 99.2045 -139 919.96
  vertex 98.2928 -123.5 921.291
  vertex 100.319 -123.5 917.169
 endloop
endfacet
facet normal -0.999944 4.28497E-18 -0.0105463
 outer loop
  vertex 100.611 -139 914.71
  vertex 100.319 -123.5 917.169
  vertex 100.392 -123.5 912.577
 endloop
endfacet
facet normal -0.896758 1.69947E-17 0.442522
 outer loop
  vertex 99.2045 -139 909.46
  vertex 100.392 -123.5 912.577
  vertex 98.4985 -123.5 908.393
 endloop
endfacet
facet normal -0.599984 4.98137E-17 0.800012
 outer loop
  vertex 95.3612 -139 905.616
  vertex 98.4985 -123.5 908.393
  vertex 95 -135.5 905.417
 endloop
endfacet
facet normal -0.42925 3.64806E-17 0.903186
 outer loop
  vertex 93.4428 -135.5 904.752
  vertex 95.3612 -139 905.616
  vertex 95 -135.5 905.417
 endloop
endfacet
facet normal -0.278881 1.84002E-17 0.960326
 outer loop
  vertex 93.4428 -135.5 904.752
  vertex 90.1112 -139 904.21
  vertex 95.3612 -139 905.616
 endloop
endfacet
facet normal -0.160738 2.06647E-17 0.986997
 outer loop
  vertex 93.4428 -135.5 904.752
  vertex 91.7989 -135.5 904.346
  vertex 90.1112 -139 904.21
 endloop
endfacet
facet normal -0.0537348 2.0545E-17 0.998555
 outer loop
  vertex 90.1112 -139 904.21
  vertex 91.7989 -135.5 904.346
  vertex 90.1112 -135.5 904.21
 endloop
endfacet
facet normal -0.58933 3.15326E-17 0.807892
 outer loop
  vertex 98.4985 -123.5 908.393
  vertex 95 -123.5 905.417
  vertex 95 -135.5 905.417
 endloop
endfacet
facet normal -0.740006 3.1238E-17 0.6726
 outer loop
  vertex 95.3612 -139 905.616
  vertex 99.2045 -139 909.46
  vertex 98.4985 -123.5 908.393
 endloop
endfacet
facet normal -0.970796 4.31527E-18 0.239907
 outer loop
  vertex 99.2045 -139 909.46
  vertex 100.611 -139 914.71
  vertex 100.392 -123.5 912.577
 endloop
endfacet
facet normal -0.968129 -1.06197E-17 -0.250454
 outer loop
  vertex 100.611 -139 914.71
  vertex 99.2045 -139 919.96
  vertex 100.319 -123.5 917.169
 endloop
endfacet
facet normal 0.892854 0.0897979 -0.441303
 outer loop
  vertex 170.263 -123.5 910.805
  vertex 164.666 -123.5 901.706
  vertex 169.653 -115 911.363
 endloop
endfacet
facet normal 0.805351 0.0898328 -0.585952
 outer loop
  vertex 169.653 -115 911.363
  vertex 164.666 -123.5 901.706
  vertex 164.304 -115 902.392
 endloop
endfacet
facet normal 0.562173 0.0897604 -0.822134
 outer loop
  vertex 164.304 -115 902.392
  vertex 164.666 -123.5 901.706
  vertex 155.341 -123.5 896.495
 endloop
endfacet
facet normal 0.0873188 0.0897239 -0.992132
 outer loop
  vertex 155.222 -115 897.233
  vertex 155.341 -123.5 896.495
  vertex 144.659 -123.5 896.495
 endloop
endfacet
facet normal -0.409932 0.0896883 -0.907696
 outer loop
  vertex 144.778 -115 897.233
  vertex 144.659 -123.5 896.495
  vertex 135.334 -123.5 901.706
 endloop
endfacet
facet normal -0.802059 0.0896537 -0.590478
 outer loop
  vertex 135.696 -115 902.392
  vertex 135.334 -123.5 901.706
  vertex 129.737 -123.5 910.805
 endloop
endfacet
facet normal -0.894346 0.0896905 -0.438294
 outer loop
  vertex 130.347 -115 911.363
  vertex 135.696 -115 902.392
  vertex 129.737 -123.5 910.805
 endloop
endfacet
facet normal -0.563098 0.0897246 -0.821505
 outer loop
  vertex 135.696 -115 902.392
  vertex 144.778 -115 897.233
  vertex 135.334 -123.5 901.706
 endloop
endfacet
facet normal -0.0862034 0.0897597 -0.992226
 outer loop
  vertex 144.778 -115 897.233
  vertex 155.222 -115 897.233
  vertex 144.659 -123.5 896.495
 endloop
endfacet
facet normal 0.412986 0.0897958 -0.9063
 outer loop
  vertex 155.222 -115 897.233
  vertex 164.304 -115 902.392
  vertex 155.341 -123.5 896.495
 endloop
endfacet
facet normal -0.344499 0.088886 0.934569
 outer loop
  vertex 138.869 -115 1014.19
  vertex 118.064 -115 1004.86
  vertex 138.125 -123.5 1014.79
 endloop
endfacet
facet normal -0.477472 0.0888733 0.874141
 outer loop
  vertex 138.125 -123.5 1014.79
  vertex 118.064 -115 1004.86
  vertex 117.268 -123.5 1005.19
 endloop
endfacet
facet normal -0.699647 0.0888979 0.708937
 outer loop
  vertex 117.268 -123.5 1005.19
  vertex 118.064 -115 1004.86
  vertex 102.984 -115 987.757
 endloop
endfacet
facet normal -0.929943 0.08891 0.356794
 outer loop
  vertex 102.198 -123.5 987.874
  vertex 102.984 -115 987.757
  vertex 96.3326 -115 965.948
 endloop
endfacet
facet normal -0.994289 0.0889223 -0.0590181
 outer loop
  vertex 95.5818 -123.5 965.89
  vertex 96.3326 -115 965.948
  vertex 99.3027 -115 943.341
 endloop
endfacet
facet normal -0.881203 0.0889347 -0.464298
 outer loop
  vertex 98.5885 -123.5 943.13
  vertex 99.3027 -115 943.341
  vertex 111.361 -115 923.99
 endloop
endfacet
facet normal -0.610866 0.0889473 -0.786722
 outer loop
  vertex 110.687 -123.5 923.618
  vertex 111.361 -115 923.99
  vertex 130.347 -115 911.363
 endloop
endfacet
facet normal -0.493423 0.088935 -0.865231
 outer loop
  vertex 129.737 -123.5 910.805
  vertex 110.687 -123.5 923.618
  vertex 130.347 -115 911.363
 endloop
endfacet
facet normal -0.806091 0.0889223 -0.585073
 outer loop
  vertex 110.687 -123.5 923.618
  vertex 98.5885 -123.5 943.13
  vertex 111.361 -115 923.99
 endloop
endfacet
facet normal -0.975554 0.0889098 -0.200973
 outer loop
  vertex 98.5885 -123.5 943.13
  vertex 95.5818 -123.5 965.89
  vertex 99.3027 -115 943.341
 endloop
endfacet
facet normal -0.971705 0.0888974 0.218832
 outer loop
  vertex 95.5818 -123.5 965.89
  vertex 102.198 -123.5 987.874
  vertex 96.3326 -115 965.948
 endloop
endfacet
facet normal -0.795227 0.0888853 0.599762
 outer loop
  vertex 102.198 -123.5 987.874
  vertex 117.268 -123.5 1005.19
  vertex 102.984 -115 987.757
 endloop
endfacet
facet normal -0.996195 0.0871557 1.29704E-14
 outer loop
  vertex 138.125 -123.5 1026.93
  vertex 138.869 -115 1026.31
  vertex 138.125 -123.5 1014.79
 endloop
endfacet
facet normal -0.996195 0.0871557 1.29704E-14
 outer loop
  vertex 138.125 -123.5 1014.79
  vertex 138.869 -115 1026.31
  vertex 138.869 -115 1014.19
 endloop
endfacet
facet normal -0.163028 0.0871658 0.982763
 outer loop
  vertex 138.125 -123.5 1026.93
  vertex 140.487 -123.5 1027.32
  vertex 138.869 -115 1026.31
 endloop
endfacet
facet normal -0.150495 0.0871631 0.984761
 outer loop
  vertex 138.869 -115 1026.31
  vertex 140.487 -123.5 1027.32
  vertex 140.739 -115 1026.6
 endloop
endfacet
facet normal -0.129939 0.0871675 0.987683
 outer loop
  vertex 140.739 -115 1026.6
  vertex 140.487 -123.5 1027.32
  vertex 142.861 -123.5 1027.62
 endloop
endfacet
facet normal -0.100719 0.0871626 0.991089
 outer loop
  vertex 142.616 -115 1026.84
  vertex 142.861 -123.5 1027.62
  vertex 144.5 -115 1027.03
 endloop
endfacet
facet normal -0.119718 0.0871653 0.988974
 outer loop
  vertex 142.616 -115 1026.84
  vertex 140.739 -115 1026.6
  vertex 142.861 -123.5 1027.62
 endloop
endfacet
facet normal -0.0871845 0.0871654 0.992371
 outer loop
  vertex 142.861 -123.5 1027.62
  vertex 145.244 -123.5 1027.83
  vertex 144.5 -115 1027.03
 endloop
endfacet
facet normal -0.981136 0.0898509 0.171167
 outer loop
  vertex 155.5 -115 1026.5
  vertex 154.763 -115 1023.75
  vertex 154.756 -123.5 1026.5
 endloop
endfacet
facet normal -0.935272 0.0898509 0.342333
 outer loop
  vertex 154.756 -123.5 1026.5
  vertex 154.763 -115 1023.75
  vertex 154.119 -123.5 1024.12
 endloop
endfacet
facet normal -0.764106 0.0898509 0.638803
 outer loop
  vertex 154.119 -123.5 1024.12
  vertex 154.763 -115 1023.75
  vertex 152.75 -115 1021.74
 endloop
endfacet
facet normal -0.342333 0.0898509 0.935272
 outer loop
  vertex 152.378 -123.5 1022.38
  vertex 152.75 -115 1021.74
  vertex 150 -115 1021
 endloop
endfacet
facet normal 0.171167 0.0898509 0.981136
 outer loop
  vertex 150 -123.5 1021.74
  vertex 150 -115 1021
  vertex 147.25 -115 1021.74
 endloop
endfacet
facet normal 0.638803 0.0898509 0.764106
 outer loop
  vertex 147.622 -123.5 1022.38
  vertex 147.25 -115 1021.74
  vertex 145.237 -115 1023.75
 endloop
endfacet
facet normal 0.935272 0.0898509 0.342333
 outer loop
  vertex 145.881 -123.5 1024.12
  vertex 145.237 -115 1023.75
  vertex 144.5 -115 1026.5
 endloop
endfacet
facet normal 0.981136 0.0898509 0.171167
 outer loop
  vertex 145.244 -123.5 1026.5
  vertex 145.881 -123.5 1024.12
  vertex 144.5 -115 1026.5
 endloop
endfacet
facet normal 0.764106 0.0898509 0.638803
 outer loop
  vertex 145.881 -123.5 1024.12
  vertex 147.622 -123.5 1022.38
  vertex 145.237 -115 1023.75
 endloop
endfacet
facet normal 0.342333 0.0898509 0.935272
 outer loop
  vertex 147.622 -123.5 1022.38
  vertex 150 -123.5 1021.74
  vertex 147.25 -115 1021.74
 endloop
endfacet
facet normal -0.171167 0.0898509 0.981136
 outer loop
  vertex 150 -123.5 1021.74
  vertex 152.378 -123.5 1022.38
  vertex 150 -115 1021
 endloop
endfacet
facet normal -0.638803 0.0898509 0.764106
 outer loop
  vertex 152.378 -123.5 1022.38
  vertex 154.119 -123.5 1024.12
  vertex 152.75 -115 1021.74
 endloop
endfacet
facet normal 0.0871845 0.0871654 0.992371
 outer loop
  vertex 154.756 -123.5 1027.83
  vertex 157.139 -123.5 1027.62
  vertex 155.5 -115 1027.03
 endloop
endfacet
facet normal 0.100719 0.0871626 0.991089
 outer loop
  vertex 155.5 -115 1027.03
  vertex 157.139 -123.5 1027.62
  vertex 157.384 -115 1026.84
 endloop
endfacet
facet normal 0.120455 0.0871667 0.988884
 outer loop
  vertex 157.384 -115 1026.84
  vertex 157.139 -123.5 1027.62
  vertex 159.513 -123.5 1027.32
 endloop
endfacet
facet normal 0.150495 0.0871631 0.984761
 outer loop
  vertex 159.261 -115 1026.6
  vertex 159.513 -123.5 1027.32
  vertex 161.131 -115 1026.31
 endloop
endfacet
facet normal 0.131571 0.0871644 0.987467
 outer loop
  vertex 159.261 -115 1026.6
  vertex 157.384 -115 1026.84
  vertex 159.513 -123.5 1027.32
 endloop
endfacet
facet normal 0.163028 0.0871658 0.982763
 outer loop
  vertex 159.513 -123.5 1027.32
  vertex 161.875 -123.5 1026.93
  vertex 161.131 -115 1026.31
 endloop
endfacet
facet normal 0.996195 0.0871557 -2.90609E-16
 outer loop
  vertex 161.875 -123.5 1026.93
  vertex 161.875 -123.5 1014.79
  vertex 161.131 -115 1026.31
 endloop
endfacet
facet normal 0.996195 0.0871557 -2.90609E-16
 outer loop
  vertex 161.131 -115 1026.31
  vertex 161.875 -123.5 1014.79
  vertex 161.131 -115 1014.19
 endloop
endfacet
facet normal 0.989736 0.0882817 0.112376
 outer loop
  vertex 203.851 -115 961.5
  vertex 200.757 -115 979.492
  vertex 204.595 -123.5 961.5
 endloop
endfacet
facet normal 0.970618 0.0882725 0.223851
 outer loop
  vertex 204.595 -123.5 961.5
  vertex 200.757 -115 979.492
  vertex 201.508 -123.5 979.598
 endloop
endfacet
facet normal 0.895723 0.088291 0.435757
 outer loop
  vertex 201.508 -123.5 979.598
  vertex 200.757 -115 979.492
  vertex 191.829 -115 995.416
 endloop
endfacet
facet normal 0.699325 0.0883004 0.709329
 outer loop
  vertex 192.596 -123.5 995.649
  vertex 191.829 -115 995.416
  vertex 178.095 -115 1007.44
 endloop
endfacet
facet normal 0.42299 0.08831 0.901821
 outer loop
  vertex 178.868 -123.5 1007.84
  vertex 178.095 -115 1007.44
  vertex 161.131 -115 1014.19
 endloop
endfacet
facet normal 0.320605 0.0883011 0.943088
 outer loop
  vertex 161.875 -123.5 1014.79
  vertex 178.868 -123.5 1007.84
  vertex 161.131 -115 1014.19
 endloop
endfacet
facet normal 0.61583 0.0882914 0.782916
 outer loop
  vertex 178.868 -123.5 1007.84
  vertex 192.596 -123.5 995.649
  vertex 178.095 -115 1007.44
 endloop
endfacet
facet normal 0.841037 0.0882819 0.533726
 outer loop
  vertex 192.596 -123.5 995.649
  vertex 201.508 -123.5 979.598
  vertex 191.829 -115 995.416
 endloop
endfacet
facet normal -0.786931 0.052336 -0.614818
 outer loop
  vertex 78.6594 -135.5 905.763
  vertex 95 -135.5 884.847
  vertex 77.503 -163.5 904.859
 endloop
endfacet
facet normal -0.786931 0.052336 -0.614818
 outer loop
  vertex 77.503 -163.5 904.859
  vertex 95 -135.5 884.847
  vertex 95 -163.5 882.464
 endloop
endfacet
facet normal -0.786931 -0.052336 -0.614818
 outer loop
  vertex 95 -182.302 884.065
  vertex 77.8423 -171.717 905.124
  vertex 95 -163.5 882.464
 endloop
endfacet
facet normal -0.786931 -0.052336 -0.614818
 outer loop
  vertex 95 -163.5 882.464
  vertex 77.8423 -171.717 905.124
  vertex 77.503 -163.5 904.859
 endloop
endfacet
facet normal -0.629883 -0.766044 -0.128151
 outer loop
  vertex 95 -182.302 884.065
  vertex 95 -188.032 918.322
  vertex 77.8423 -171.717 905.124
 endloop
endfacet
facet normal -0.629883 -0.766044 -0.128151
 outer loop
  vertex 77.8423 -171.717 905.124
  vertex 95 -188.032 918.322
  vertex 75.3615 -172.104 919.631
 endloop
endfacet
facet normal -0.629883 -0.766044 -0.128151
 outer loop
  vertex 74.5438 -170.815 915.948
  vertex 77.8423 -171.717 905.124
  vertex 75.3615 -172.104 919.631
 endloop
endfacet
facet normal -0.629883 -0.766044 -0.128151
 outer loop
  vertex 74.5438 -170.815 915.948
  vertex 75.8473 -170.612 908.326
  vertex 77.8423 -171.717 905.124
 endloop
endfacet
facet normal -0.629883 -0.766044 -0.128151
 outer loop
  vertex 74.5438 -170.815 915.948
  vertex 74.6944 -170.287 912.051
  vertex 75.8473 -170.612 908.326
 endloop
endfacet
facet normal -0.629883 -0.766044 -0.128151
 outer loop
  vertex 95 -188.032 918.322
  vertex 87.9878 -184.085 929.192
  vertex 75.3615 -172.104 919.631
 endloop
endfacet
facet normal -0.629883 -0.766044 -0.128151
 outer loop
  vertex 75.3615 -172.104 919.631
  vertex 87.9878 -184.085 929.192
  vertex 83.0978 -182.068 941.167
 endloop
endfacet
facet normal 0 1 -6.22662E-17
 outer loop
  vertex 75.5789 -135.5 914.617
  vertex 79.6112 -135.5 914.71
  vertex 76.3855 -135.5 909.935
 endloop
endfacet
facet normal 0 1 -6.22662E-17
 outer loop
  vertex 75.5789 -135.5 914.617
  vertex 75.5786 -135.5 914.71
  vertex 79.6112 -135.5 914.71
 endloop
endfacet
facet normal 0 1 -6.22662E-17
 outer loop
  vertex 79.6112 -135.5 914.71
  vertex 75.5786 -135.5 914.71
  vertex 76.3258 -135.5 919.31
 endloop
endfacet
facet normal 0 1 -6.22662E-17
 outer loop
  vertex 81.0179 -135.5 919.96
  vertex 76.3258 -135.5 919.31
  vertex 84.8612 -135.5 923.803
 endloop
endfacet
facet normal 0 1 -6.22662E-17
 outer loop
  vertex 81.0179 -135.5 919.96
  vertex 79.6112 -135.5 914.71
  vertex 76.3258 -135.5 919.31
 endloop
endfacet
facet normal 0 1 -6.22662E-17
 outer loop
  vertex 83.349 -135.5 940.358
  vertex 85.2388 -135.5 935.131
  vertex 76.3258 -135.5 919.31
 endloop
endfacet
facet normal 0 1 -6.22662E-17
 outer loop
  vertex 76.3258 -135.5 919.31
  vertex 85.2388 -135.5 935.131
  vertex 84.8612 -135.5 923.803
 endloop
endfacet
facet normal 0 1 -6.22662E-17
 outer loop
  vertex 84.8612 -135.5 923.803
  vertex 85.2388 -135.5 935.131
  vertex 87.5377 -135.5 930.071
 endloop
endfacet
facet normal 0 1 -6.22662E-17
 outer loop
  vertex 90.1112 -135.5 925.21
  vertex 87.5377 -135.5 930.071
  vertex 90.1512 -135.5 925.21
 endloop
endfacet
facet normal 0 1 -6.22662E-17
 outer loop
  vertex 90.1112 -135.5 925.21
  vertex 84.8612 -135.5 923.803
  vertex 87.5377 -135.5 930.071
 endloop
endfacet
facet normal 0 1 -6.22662E-17
 outer loop
  vertex 90.2313 -135.5 925.209
  vertex 90.1913 -135.5 925.209
  vertex 87.5377 -135.5 930.071
 endloop
endfacet
facet normal 0 1 -6.22662E-17
 outer loop
  vertex 87.5377 -135.5 930.071
  vertex 90.1913 -135.5 925.209
  vertex 90.1512 -135.5 925.21
 endloop
endfacet
facet normal 0 1 -6.22662E-17
 outer loop
  vertex 79.6112 -135.5 914.71
  vertex 81.0179 -135.5 909.46
  vertex 76.3855 -135.5 909.935
 endloop
endfacet
facet normal 0 1 -6.22662E-17
 outer loop
  vertex 76.3855 -135.5 909.935
  vertex 81.0179 -135.5 909.46
  vertex 78.6594 -135.5 905.763
 endloop
endfacet
facet normal 0 1 -6.22662E-17
 outer loop
  vertex 78.6594 -135.5 905.763
  vertex 81.0179 -135.5 909.46
  vertex 84.8612 -135.5 905.616
 endloop
endfacet
facet normal 0 1 -6.22662E-17
 outer loop
  vertex 95 -135.5 884.847
  vertex 84.8612 -135.5 905.616
  vertex 90.1112 -135.5 904.21
 endloop
endfacet
facet normal 0 1 -6.22662E-17
 outer loop
  vertex 91.7989 -135.5 904.346
  vertex 95 -135.5 884.847
  vertex 90.1112 -135.5 904.21
 endloop
endfacet
facet normal 0 1 -6.22662E-17
 outer loop
  vertex 91.7989 -135.5 904.346
  vertex 93.4428 -135.5 904.752
  vertex 95 -135.5 884.847
 endloop
endfacet
facet normal 0 1 -6.22662E-17
 outer loop
  vertex 95 -135.5 884.847
  vertex 93.4428 -135.5 904.752
  vertex 95 -135.5 905.417
 endloop
endfacet
facet normal 0 1 -6.22662E-17
 outer loop
  vertex 95 -135.5 884.847
  vertex 78.6594 -135.5 905.763
  vertex 84.8612 -135.5 905.616
 endloop
endfacet
facet normal -0.947288 -0.052336 0.316081
 outer loop
  vertex 74.9338 -163.5 919.774
  vertex 75.3615 -172.104 919.631
  vertex 82.6203 -163.5 942.81
 endloop
endfacet
facet normal -0.947288 -0.052336 0.316081
 outer loop
  vertex 82.6203 -163.5 942.81
  vertex 75.3615 -172.104 919.631
  vertex 83.0978 -182.068 941.167
 endloop
endfacet
facet normal -0.947288 0.052336 0.316081
 outer loop
  vertex 76.3258 -135.5 919.31
  vertex 74.9338 -163.5 919.774
  vertex 83.349 -135.5 940.358
 endloop
endfacet
facet normal -0.947288 0.052336 0.316081
 outer loop
  vertex 83.349 -135.5 940.358
  vertex 74.9338 -163.5 919.774
  vertex 82.6203 -163.5 942.81
 endloop
endfacet
facet normal -6.56592E-33 -1 6.22662E-17
 outer loop
  vertex 215.149 -214.5 961.5
  vertex 210.19 -214.5 986.431
  vertex 210.19 -214.5 936.569
 endloop
endfacet
facet normal -6.56592E-33 -1 6.22662E-17
 outer loop
  vertex 210.19 -214.5 936.569
  vertex 210.19 -214.5 986.431
  vertex 196.067 -214.5 915.433
 endloop
endfacet
facet normal -6.56592E-33 -1 6.22662E-17
 outer loop
  vertex 196.067 -214.5 915.433
  vertex 210.19 -214.5 986.431
  vertex 196.067 -214.5 1007.57
 endloop
endfacet
facet normal -6.56592E-33 -1 6.22662E-17
 outer loop
  vertex 174.931 -214.5 901.31
  vertex 196.067 -214.5 1007.57
  vertex 174.931 -214.5 1021.69
 endloop
endfacet
facet normal -6.56592E-33 -1 6.22662E-17
 outer loop
  vertex 150 -214.5 896.351
  vertex 174.931 -214.5 1021.69
  vertex 150 -214.5 1026.65
 endloop
endfacet
facet normal -6.56592E-33 -1 6.22662E-17
 outer loop
  vertex 125.069 -214.5 901.31
  vertex 150 -214.5 1026.65
  vertex 125.069 -214.5 1021.69
 endloop
endfacet
facet normal -6.56592E-33 -1 6.22662E-17
 outer loop
  vertex 103.933 -214.5 915.433
  vertex 125.069 -214.5 1021.69
  vertex 103.933 -214.5 1007.57
 endloop
endfacet
facet normal -6.56592E-33 -1 6.22662E-17
 outer loop
  vertex 89.8102 -214.5 936.569
  vertex 103.933 -214.5 1007.57
  vertex 89.8102 -214.5 986.431
 endloop
endfacet
facet normal -6.56592E-33 -1 6.22662E-17
 outer loop
  vertex 84.851 -214.5 961.5
  vertex 89.8102 -214.5 936.569
  vertex 89.8102 -214.5 986.431
 endloop
endfacet
facet normal -6.56592E-33 -1 6.22662E-17
 outer loop
  vertex 89.8102 -214.5 936.569
  vertex 103.933 -214.5 915.433
  vertex 103.933 -214.5 1007.57
 endloop
endfacet
facet normal -6.56592E-33 -1 6.22662E-17
 outer loop
  vertex 103.933 -214.5 915.433
  vertex 125.069 -214.5 901.31
  vertex 125.069 -214.5 1021.69
 endloop
endfacet
facet normal -6.56592E-33 -1 6.22662E-17
 outer loop
  vertex 125.069 -214.5 901.31
  vertex 150 -214.5 896.351
  vertex 150 -214.5 1026.65
 endloop
endfacet
facet normal -6.56592E-33 -1 6.22662E-17
 outer loop
  vertex 150 -214.5 896.351
  vertex 174.931 -214.5 901.31
  vertex 174.931 -214.5 1021.69
 endloop
endfacet
facet normal -6.56592E-33 -1 6.22662E-17
 outer loop
  vertex 174.931 -214.5 901.31
  vertex 196.067 -214.5 915.433
  vertex 196.067 -214.5 1007.57
 endloop
endfacet
facet normal 0 1 -6.22662E-17
 outer loop
  vertex 86.6112 -139 908.648
  vertex 90.1112 -139 907.71
  vertex 90.1112 -139 904.21
 endloop
endfacet
facet normal 0 1 -6.22662E-17
 outer loop
  vertex 84.8612 -139 905.616
  vertex 86.6112 -139 908.648
  vertex 90.1112 -139 904.21
 endloop
endfacet
facet normal 0 1 -6.22662E-17
 outer loop
  vertex 84.8612 -139 905.616
  vertex 84.049 -139 911.21
  vertex 86.6112 -139 908.648
 endloop
endfacet
facet normal 0 1 -6.22662E-17
 outer loop
  vertex 84.8612 -139 905.616
  vertex 81.0179 -139 909.46
  vertex 84.049 -139 911.21
 endloop
endfacet
facet normal 0 1 -6.22662E-17
 outer loop
  vertex 84.049 -139 911.21
  vertex 81.0179 -139 909.46
  vertex 83.1112 -139 914.71
 endloop
endfacet
facet normal 0 1 -6.22662E-17
 outer loop
  vertex 83.1112 -139 914.71
  vertex 81.0179 -139 909.46
  vertex 79.6112 -139 914.71
 endloop
endfacet
facet normal 0 1 -6.22662E-17
 outer loop
  vertex 81.0179 -139 919.96
  vertex 83.1112 -139 914.71
  vertex 79.6112 -139 914.71
 endloop
endfacet
facet normal 0 1 -6.22662E-17
 outer loop
  vertex 81.0179 -139 919.96
  vertex 84.049 -139 918.21
  vertex 83.1112 -139 914.71
 endloop
endfacet
facet normal 0 1 -6.22662E-17
 outer loop
  vertex 81.0179 -139 919.96
  vertex 84.8612 -139 923.803
  vertex 84.049 -139 918.21
 endloop
endfacet
facet normal 0 1 -6.22662E-17
 outer loop
  vertex 84.049 -139 918.21
  vertex 84.8612 -139 923.803
  vertex 86.6112 -139 920.772
 endloop
endfacet
facet normal 0 1 -6.22662E-17
 outer loop
  vertex 86.6112 -139 920.772
  vertex 84.8612 -139 923.803
  vertex 90.1112 -139 921.71
 endloop
endfacet
facet normal 0 1 -6.22662E-17
 outer loop
  vertex 90.1112 -139 921.71
  vertex 84.8612 -139 923.803
  vertex 90.1112 -139 925.21
 endloop
endfacet
facet normal 0 1 -6.22662E-17
 outer loop
  vertex 93.6112 -139 920.772
  vertex 90.1112 -139 925.21
  vertex 95.3612 -139 923.803
 endloop
endfacet
facet normal 0 1 -6.22662E-17
 outer loop
  vertex 96.1734 -139 918.21
  vertex 95.3612 -139 923.803
  vertex 99.2045 -139 919.96
 endloop
endfacet
facet normal 0 1 -6.22662E-17
 outer loop
  vertex 97.1112 -139 914.71
  vertex 99.2045 -139 919.96
  vertex 100.611 -139 914.71
 endloop
endfacet
facet normal 0 1 -6.22662E-17
 outer loop
  vertex 99.2045 -139 909.46
  vertex 97.1112 -139 914.71
  vertex 100.611 -139 914.71
 endloop
endfacet
facet normal 0 1 -6.22662E-17
 outer loop
  vertex 99.2045 -139 909.46
  vertex 96.1734 -139 911.21
  vertex 97.1112 -139 914.71
 endloop
endfacet
facet normal 0 1 -6.22662E-17
 outer loop
  vertex 99.2045 -139 909.46
  vertex 95.3612 -139 905.616
  vertex 96.1734 -139 911.21
 endloop
endfacet
facet normal 0 1 -6.22662E-17
 outer loop
  vertex 96.1734 -139 911.21
  vertex 95.3612 -139 905.616
  vertex 93.6112 -139 908.648
 endloop
endfacet
facet normal 0 1 -6.22662E-17
 outer loop
  vertex 93.6112 -139 908.648
  vertex 95.3612 -139 905.616
  vertex 90.1112 -139 904.21
 endloop
endfacet
facet normal 0 1 -6.22662E-17
 outer loop
  vertex 90.1112 -139 907.71
  vertex 93.6112 -139 908.648
  vertex 90.1112 -139 904.21
 endloop
endfacet
facet normal 0 1 -6.22662E-17
 outer loop
  vertex 97.1112 -139 914.71
  vertex 96.1734 -139 918.21
  vertex 99.2045 -139 919.96
 endloop
endfacet
facet normal 0 1 -6.22662E-17
 outer loop
  vertex 96.1734 -139 918.21
  vertex 93.6112 -139 920.772
  vertex 95.3612 -139 923.803
 endloop
endfacet
facet normal 0 1 -6.22662E-17
 outer loop
  vertex 93.6112 -139 920.772
  vertex 90.1112 -139 921.71
  vertex 90.1112 -139 925.21
 endloop
endfacet
facet normal 0 1 -6.22662E-17
 outer loop
  vertex 200.757 -115 979.492
  vertex 203.851 -115 961.5
  vertex 180 -115 961.5
 endloop
endfacet
facet normal 0 1 -6.22662E-17
 outer loop
  vertex 175.981 -115 976.5
  vertex 200.757 -115 979.492
  vertex 180 -115 961.5
 endloop
endfacet
facet normal 0 1 -6.22662E-17
 outer loop
  vertex 175.981 -115 976.5
  vertex 191.829 -115 995.416
  vertex 200.757 -115 979.492
 endloop
endfacet
facet normal 0 1 -6.22662E-17
 outer loop
  vertex 175.981 -115 976.5
  vertex 165 -115 987.481
  vertex 191.829 -115 995.416
 endloop
endfacet
facet normal 0 1 -6.22662E-17
 outer loop
  vertex 191.829 -115 995.416
  vertex 165 -115 987.481
  vertex 178.095 -115 1007.44
 endloop
endfacet
facet normal 0 1 -6.22662E-17
 outer loop
  vertex 178.095 -115 1007.44
  vertex 165 -115 987.481
  vertex 161.131 -115 1014.19
 endloop
endfacet
facet normal 0 1 -6.22662E-17
 outer loop
  vertex 161.131 -115 1014.19
  vertex 165 -115 987.481
  vertex 150 -115 991.5
 endloop
endfacet
facet normal 0 1 -6.22662E-17
 outer loop
  vertex 138.869 -115 1014.19
  vertex 150 -115 991.5
  vertex 135 -115 987.481
 endloop
endfacet
facet normal 0 1 -6.22662E-17
 outer loop
  vertex 118.064 -115 1004.86
  vertex 135 -115 987.481
  vertex 124.019 -115 976.5
 endloop
endfacet
facet normal 0 1 -6.22662E-17
 outer loop
  vertex 102.984 -115 987.757
  vertex 124.019 -115 976.5
  vertex 96.3326 -115 965.948
 endloop
endfacet
facet normal 0 1 -6.22662E-17
 outer loop
  vertex 102.984 -115 987.757
  vertex 118.064 -115 1004.86
  vertex 124.019 -115 976.5
 endloop
endfacet
facet normal 0 1 -6.22662E-17
 outer loop
  vertex 180 -115 961.5
  vertex 199.62 -115 940.575
  vertex 175.981 -115 946.5
 endloop
endfacet
facet normal 0 1 -6.22662E-17
 outer loop
  vertex 180 -115 961.5
  vertex 203.851 -115 961.5
  vertex 199.62 -115 940.575
 endloop
endfacet
facet normal 0 1 -6.22662E-17
 outer loop
  vertex 124.019 -115 976.5
  vertex 120 -115 961.5
  vertex 96.3326 -115 965.948
 endloop
endfacet
facet normal 0 1 -6.22662E-17
 outer loop
  vertex 96.3326 -115 965.948
  vertex 120 -115 961.5
  vertex 99.3027 -115 943.341
 endloop
endfacet
facet normal 0 1 -6.22662E-17
 outer loop
  vertex 99.3027 -115 943.341
  vertex 120 -115 961.5
  vertex 124.019 -115 946.5
 endloop
endfacet
facet normal 0 1 -6.22662E-17
 outer loop
  vertex 111.361 -115 923.99
  vertex 124.019 -115 946.5
  vertex 135 -115 935.519
 endloop
endfacet
facet normal 0 1 -6.22662E-17
 outer loop
  vertex 130.347 -115 911.363
  vertex 135 -115 935.519
  vertex 150 -115 931.5
 endloop
endfacet
facet normal 0 1 -6.22662E-17
 outer loop
  vertex 135.696 -115 902.392
  vertex 150 -115 931.5
  vertex 144.778 -115 897.233
 endloop
endfacet
facet normal 0 1 -6.22662E-17
 outer loop
  vertex 135.696 -115 902.392
  vertex 130.347 -115 911.363
  vertex 150 -115 931.5
 endloop
endfacet
facet normal 0 1 -6.22662E-17
 outer loop
  vertex 159.261 -115 1026.6
  vertex 161.131 -115 1026.31
  vertex 154.763 -115 1023.75
 endloop
endfacet
facet normal 0 1 -6.22662E-17
 outer loop
  vertex 157.384 -115 1026.84
  vertex 154.763 -115 1023.75
  vertex 155.5 -115 1026.5
 endloop
endfacet
facet normal 0 1 -6.22662E-17
 outer loop
  vertex 155.5 -115 1027.03
  vertex 157.384 -115 1026.84
  vertex 155.5 -115 1026.5
 endloop
endfacet
facet normal 0 1 -6.22662E-17
 outer loop
  vertex 199.62 -115 940.575
  vertex 187.59 -115 922.939
  vertex 175.981 -115 946.5
 endloop
endfacet
facet normal 0 1 -6.22662E-17
 outer loop
  vertex 175.981 -115 946.5
  vertex 187.59 -115 922.939
  vertex 165 -115 935.519
 endloop
endfacet
facet normal 0 1 -6.22662E-17
 outer loop
  vertex 165 -115 935.519
  vertex 187.59 -115 922.939
  vertex 169.653 -115 911.363
 endloop
endfacet
facet normal 0 1 -6.22662E-17
 outer loop
  vertex 150 -115 931.5
  vertex 169.653 -115 911.363
  vertex 164.304 -115 902.392
 endloop
endfacet
facet normal 0 1 -6.22662E-17
 outer loop
  vertex 155.222 -115 897.233
  vertex 150 -115 931.5
  vertex 164.304 -115 902.392
 endloop
endfacet
facet normal 0 1 -6.22662E-17
 outer loop
  vertex 155.222 -115 897.233
  vertex 144.778 -115 897.233
  vertex 150 -115 931.5
 endloop
endfacet
facet normal 0 1 -6.22662E-17
 outer loop
  vertex 130.347 -115 911.363
  vertex 111.361 -115 923.99
  vertex 135 -115 935.519
 endloop
endfacet
facet normal 0 1 -6.22662E-17
 outer loop
  vertex 111.361 -115 923.99
  vertex 99.3027 -115 943.341
  vertex 124.019 -115 946.5
 endloop
endfacet
facet normal 0 1 -6.22662E-17
 outer loop
  vertex 118.064 -115 1004.86
  vertex 138.869 -115 1014.19
  vertex 135 -115 987.481
 endloop
endfacet
facet normal 0 1 -6.22662E-17
 outer loop
  vertex 138.869 -115 1026.31
  vertex 145.237 -115 1023.75
  vertex 138.869 -115 1014.19
 endloop
endfacet
facet normal 0 1 -6.22662E-17
 outer loop
  vertex 138.869 -115 1026.31
  vertex 140.739 -115 1026.6
  vertex 145.237 -115 1023.75
 endloop
endfacet
facet normal 0 1 -6.22662E-17
 outer loop
  vertex 145.237 -115 1023.75
  vertex 140.739 -115 1026.6
  vertex 142.616 -115 1026.84
 endloop
endfacet
facet normal 0 1 -6.22662E-17
 outer loop
  vertex 144.5 -115 1026.5
  vertex 142.616 -115 1026.84
  vertex 144.5 -115 1027.03
 endloop
endfacet
facet normal 0 1 -6.22662E-17
 outer loop
  vertex 144.5 -115 1026.5
  vertex 145.237 -115 1023.75
  vertex 142.616 -115 1026.84
 endloop
endfacet
facet normal 0 1 -6.22662E-17
 outer loop
  vertex 145.237 -115 1023.75
  vertex 147.25 -115 1021.74
  vertex 138.869 -115 1014.19
 endloop
endfacet
facet normal 0 1 -6.22662E-17
 outer loop
  vertex 138.869 -115 1014.19
  vertex 147.25 -115 1021.74
  vertex 150 -115 1021
 endloop
endfacet
facet normal 0 1 -6.22662E-17
 outer loop
  vertex 161.131 -115 1014.19
  vertex 150 -115 1021
  vertex 152.75 -115 1021.74
 endloop
endfacet
facet normal 0 1 -6.22662E-17
 outer loop
  vertex 154.763 -115 1023.75
  vertex 161.131 -115 1014.19
  vertex 152.75 -115 1021.74
 endloop
endfacet
facet normal 0 1 -6.22662E-17
 outer loop
  vertex 154.763 -115 1023.75
  vertex 161.131 -115 1026.31
  vertex 161.131 -115 1014.19
 endloop
endfacet
facet normal 0 1 -6.22662E-17
 outer loop
  vertex 157.384 -115 1026.84
  vertex 159.261 -115 1026.6
  vertex 154.763 -115 1023.75
 endloop
endfacet
facet normal 0 1 -6.22662E-17
 outer loop
  vertex 169.653 -115 911.363
  vertex 150 -115 931.5
  vertex 165 -115 935.519
 endloop
endfacet
facet normal 0 1 -6.22662E-17
 outer loop
  vertex 150 -115 1021
  vertex 161.131 -115 1014.19
  vertex 138.869 -115 1014.19
 endloop
endfacet
facet normal 0 1 -6.22662E-17
 outer loop
  vertex 138.869 -115 1014.19
  vertex 161.131 -115 1014.19
  vertex 150 -115 991.5
 endloop
endfacet
facet normal 0.996195 0.0871557 -1.97035E-14
 outer loop
  vertex 145.244 -123.5 1027.83
  vertex 145.244 -123.5 1026.5
  vertex 144.5 -115 1027.03
 endloop
endfacet
facet normal 0.996195 0.0871557 -1.97035E-14
 outer loop
  vertex 144.5 -115 1027.03
  vertex 145.244 -123.5 1026.5
  vertex 144.5 -115 1026.5
 endloop
endfacet
facet normal -0.996195 0.0871557 -5.42686E-18
 outer loop
  vertex 154.756 -123.5 1027.83
  vertex 155.5 -115 1027.03
  vertex 154.756 -123.5 1026.5
 endloop
endfacet
facet normal -0.996195 0.0871557 -5.42686E-18
 outer loop
  vertex 154.756 -123.5 1026.5
  vertex 155.5 -115 1027.03
  vertex 155.5 -115 1026.5
 endloop
endfacet
facet normal -0.975581 0.0529426 0.213163
 outer loop
  vertex 76.3258 -135.5 919.31
  vertex 75.5786 -135.5 914.71
  vertex 74.9338 -163.5 919.774
 endloop
endfacet
facet normal -0.993118 0.052955 0.10446
 outer loop
  vertex 74.9338 -163.5 919.774
  vertex 75.5786 -135.5 914.71
  vertex 74.1115 -163.5 914.608
 endloop
endfacet
facet normal -0.998621 0.0523362 -0.00424298
 outer loop
  vertex 74.1115 -163.5 914.608
  vertex 75.5786 -135.5 914.71
  vertex 75.5789 -135.5 914.617
 endloop
endfacet
facet normal -0.973255 0.0529671 -0.223538
 outer loop
  vertex 74.9996 -163.5 909.452
  vertex 75.5789 -135.5 914.617
  vertex 76.3855 -135.5 909.935
 endloop
endfacet
facet normal -0.901845 0.0529671 -0.428802
 outer loop
  vertex 78.6594 -135.5 905.763
  vertex 74.9996 -163.5 909.452
  vertex 76.3855 -135.5 909.935
 endloop
endfacet
facet normal -0.849133 0.0529671 -0.525517
 outer loop
  vertex 78.6594 -135.5 905.763
  vertex 77.503 -163.5 904.859
  vertex 74.9996 -163.5 909.452
 endloop
endfacet
facet normal -0.991954 0.0529671 -0.11499
 outer loop
  vertex 74.9996 -163.5 909.452
  vertex 74.1115 -163.5 914.608
  vertex 75.5789 -135.5 914.617
 endloop
endfacet
facet normal -0.833875 -0.0526784 -0.549433
 outer loop
  vertex 77.8423 -171.717 905.124
  vertex 75.8473 -170.612 908.326
  vertex 77.503 -163.5 904.859
 endloop
endfacet
facet normal -0.88909 -0.0528442 -0.454672
 outer loop
  vertex 77.503 -163.5 904.859
  vertex 75.8473 -170.612 908.326
  vertex 74.9996 -163.5 909.452
 endloop
endfacet
facet normal -0.951362 -0.0526179 -0.303549
 outer loop
  vertex 74.9996 -163.5 909.452
  vertex 75.8473 -170.612 908.326
  vertex 74.6944 -170.287 912.051
 endloop
endfacet
facet normal -0.998087 -0.0526182 -0.0324539
 outer loop
  vertex 74.1115 -163.5 914.608
  vertex 74.6944 -170.287 912.051
  vertex 74.5438 -170.815 915.948
 endloop
endfacet
facet normal -0.969668 -0.0526791 0.23868
 outer loop
  vertex 74.9338 -163.5 919.774
  vertex 74.5438 -170.815 915.948
  vertex 75.3615 -172.104 919.631
 endloop
endfacet
facet normal -0.989986 -0.0528444 0.130903
 outer loop
  vertex 74.9338 -163.5 919.774
  vertex 74.1115 -163.5 914.608
  vertex 74.5438 -170.815 915.948
 endloop
endfacet
facet normal -0.984101 -0.0528083 -0.169577
 outer loop
  vertex 74.1115 -163.5 914.608
  vertex 74.9996 -163.5 909.452
  vertex 74.6944 -170.287 912.051
 endloop
endfacet
facet normal -0.171862 0 0.985121
 outer loop
  vertex 90.1112 -136 921.71
  vertex 86.6112 -136 920.772
  vertex 90.1112 -139 921.71
 endloop
endfacet
facet normal -0.343724 0 0.939071
 outer loop
  vertex 90.1112 -139 921.71
  vertex 86.6112 -136 920.772
  vertex 86.6112 -139 920.772
 endloop
endfacet
facet normal -0.641397 0 0.767209
 outer loop
  vertex 86.6112 -139 920.772
  vertex 86.6112 -136 920.772
  vertex 84.049 -136 918.21
 endloop
endfacet
facet normal -0.939071 0 0.343724
 outer loop
  vertex 84.049 -139 918.21
  vertex 84.049 -136 918.21
  vertex 83.1112 -136 914.71
 endloop
endfacet
facet normal -0.985121 0 -0.171862
 outer loop
  vertex 83.1112 -139 914.71
  vertex 83.1112 -136 914.71
  vertex 84.049 -136 911.21
 endloop
endfacet
facet normal -0.767209 0 -0.641397
 outer loop
  vertex 84.049 -139 911.21
  vertex 84.049 -136 911.21
  vertex 86.6112 -136 908.648
 endloop
endfacet
facet normal -0.343724 0 -0.939071
 outer loop
  vertex 86.6112 -139 908.648
  vertex 86.6112 -136 908.648
  vertex 90.1112 -136 907.71
 endloop
endfacet
facet normal -0.171862 0 -0.985121
 outer loop
  vertex 90.1112 -139 907.71
  vertex 86.6112 -139 908.648
  vertex 90.1112 -136 907.71
 endloop
endfacet
facet normal -0.641397 0 -0.767209
 outer loop
  vertex 86.6112 -139 908.648
  vertex 84.049 -139 911.21
  vertex 86.6112 -136 908.648
 endloop
endfacet
facet normal -0.939071 0 -0.343724
 outer loop
  vertex 84.049 -139 911.21
  vertex 83.1112 -139 914.71
  vertex 84.049 -136 911.21
 endloop
endfacet
facet normal -0.985121 0 0.171862
 outer loop
  vertex 83.1112 -139 914.71
  vertex 84.049 -139 918.21
  vertex 83.1112 -136 914.71
 endloop
endfacet
facet normal -0.767209 0 0.641397
 outer loop
  vertex 84.049 -139 918.21
  vertex 86.6112 -139 920.772
  vertex 84.049 -136 918.21
 endloop
endfacet
facet normal -0.171862 0 0.985121
 outer loop
  vertex 150 -110 991.5
  vertex 135 -110 987.481
  vertex 150 -115 991.5
 endloop
endfacet
facet normal -0.343724 0 0.939071
 outer loop
  vertex 150 -115 991.5
  vertex 135 -110 987.481
  vertex 135 -115 987.481
 endloop
endfacet
facet normal -0.641397 0 0.767209
 outer loop
  vertex 135 -115 987.481
  vertex 135 -110 987.481
  vertex 124.019 -110 976.5
 endloop
endfacet
facet normal -0.939071 0 0.343724
 outer loop
  vertex 124.019 -115 976.5
  vertex 124.019 -110 976.5
  vertex 120 -110 961.5
 endloop
endfacet
facet normal -0.985121 0 -0.171862
 outer loop
  vertex 120 -115 961.5
  vertex 120 -110 961.5
  vertex 124.019 -110 946.5
 endloop
endfacet
facet normal -0.767209 0 -0.641397
 outer loop
  vertex 124.019 -115 946.5
  vertex 124.019 -110 946.5
  vertex 135 -110 935.519
 endloop
endfacet
facet normal -0.343724 0 -0.939071
 outer loop
  vertex 135 -115 935.519
  vertex 135 -110 935.519
  vertex 150 -110 931.5
 endloop
endfacet
facet normal -0.171862 0 -0.985121
 outer loop
  vertex 150 -115 931.5
  vertex 135 -115 935.519
  vertex 150 -110 931.5
 endloop
endfacet
facet normal -0.641397 0 -0.767209
 outer loop
  vertex 135 -115 935.519
  vertex 124.019 -115 946.5
  vertex 135 -110 935.519
 endloop
endfacet
facet normal -0.939071 0 -0.343724
 outer loop
  vertex 124.019 -115 946.5
  vertex 120 -115 961.5
  vertex 124.019 -110 946.5
 endloop
endfacet
facet normal -0.985121 0 0.171862
 outer loop
  vertex 120 -115 961.5
  vertex 124.019 -115 976.5
  vertex 120 -110 961.5
 endloop
endfacet
facet normal -0.767209 0 0.641397
 outer loop
  vertex 124.019 -115 976.5
  vertex 135 -115 987.481
  vertex 124.019 -110 976.5
 endloop
endfacet
facet normal -0 -1 -0
 outer loop
  vertex 90.6961 -136 924.041
  vertex 90.1112 -136 921.71
  vertex 90.9878 -136 924.019
 endloop
endfacet
facet normal -0 -1 -0
 outer loop
  vertex 90.6961 -136 924.041
  vertex 90.4038 -136 924.055
  vertex 90.1112 -136 921.71
 endloop
endfacet
facet normal -0 -1 -0
 outer loop
  vertex 90.1112 -136 921.71
  vertex 90.4038 -136 924.055
  vertex 90.1112 -136 924.06
 endloop
endfacet
facet normal -0 -1 -0
 outer loop
  vertex 89.8186 -136 924.055
  vertex 90.1112 -136 921.71
  vertex 90.1112 -136 924.06
 endloop
endfacet
facet normal -0 -1 -0
 outer loop
  vertex 89.8186 -136 924.055
  vertex 89.5263 -136 924.041
  vertex 90.1112 -136 921.71
 endloop
endfacet
facet normal -0 -1 -0
 outer loop
  vertex 90.1112 -136 921.71
  vertex 89.5263 -136 924.041
  vertex 89.2345 -136 924.019
 endloop
endfacet
facet normal -0 -1 -0
 outer loop
  vertex 86.6112 -136 920.772
  vertex 89.2345 -136 924.019
  vertex 82.4878 -136 920.123
 endloop
endfacet
facet normal -0 -1 -0
 outer loop
  vertex 84.049 -136 918.21
  vertex 82.4878 -136 920.123
  vertex 82.1641 -136 919.636
 endloop
endfacet
facet normal -0 -1 -0
 outer loop
  vertex 81.8715 -136 919.129
  vertex 84.049 -136 918.21
  vertex 82.1641 -136 919.636
 endloop
endfacet
facet normal -0 -1 -0
 outer loop
  vertex 81.8715 -136 919.129
  vertex 81.6112 -136 918.605
  vertex 84.049 -136 918.21
 endloop
endfacet
facet normal -0 -1 -0
 outer loop
  vertex 84.049 -136 918.21
  vertex 81.6112 -136 918.605
  vertex 83.1112 -136 914.71
 endloop
endfacet
facet normal -0 -1 -0
 outer loop
  vertex 83.1112 -136 914.71
  vertex 81.6112 -136 918.605
  vertex 81.6112 -136 910.815
 endloop
endfacet
facet normal -0 -1 -0
 outer loop
  vertex 84.049 -136 911.21
  vertex 81.6112 -136 910.815
  vertex 81.8715 -136 910.29
 endloop
endfacet
facet normal -0 -1 -0
 outer loop
  vertex 82.1641 -136 909.784
  vertex 84.049 -136 911.21
  vertex 81.8715 -136 910.29
 endloop
endfacet
facet normal -0 -1 -0
 outer loop
  vertex 82.1641 -136 909.784
  vertex 82.4878 -136 909.296
  vertex 84.049 -136 911.21
 endloop
endfacet
facet normal -0 -1 -0
 outer loop
  vertex 84.049 -136 911.21
  vertex 82.4878 -136 909.296
  vertex 86.6112 -136 908.648
 endloop
endfacet
facet normal -0 -1 -0
 outer loop
  vertex 86.6112 -136 908.648
  vertex 82.4878 -136 909.296
  vertex 89.2345 -136 905.401
 endloop
endfacet
facet normal -0 -1 -0
 outer loop
  vertex 90.1112 -136 907.71
  vertex 89.2345 -136 905.401
  vertex 89.8186 -136 905.364
 endloop
endfacet
facet normal -0 -1 -0
 outer loop
  vertex 90.1112 -136 905.36
  vertex 90.1112 -136 907.71
  vertex 89.8186 -136 905.364
 endloop
endfacet
facet normal -0 -1 -0
 outer loop
  vertex 90.1112 -136 905.36
  vertex 90.4038 -136 905.364
  vertex 90.1112 -136 907.71
 endloop
endfacet
facet normal -0 -1 -0
 outer loop
  vertex 90.1112 -136 907.71
  vertex 90.4038 -136 905.364
  vertex 90.9878 -136 905.401
 endloop
endfacet
facet normal -0 -1 -0
 outer loop
  vertex 93.6112 -136 908.648
  vertex 90.9878 -136 905.401
  vertex 97.7345 -136 909.296
 endloop
endfacet
facet normal -0 -1 -0
 outer loop
  vertex 96.1734 -136 911.21
  vertex 97.7345 -136 909.296
  vertex 98.0583 -136 909.784
 endloop
endfacet
facet normal -0 -1 -0
 outer loop
  vertex 98.3509 -136 910.29
  vertex 96.1734 -136 911.21
  vertex 98.0583 -136 909.784
 endloop
endfacet
facet normal -0 -1 -0
 outer loop
  vertex 98.3509 -136 910.29
  vertex 98.6112 -136 910.815
  vertex 96.1734 -136 911.21
 endloop
endfacet
facet normal -0 -1 -0
 outer loop
  vertex 96.1734 -136 911.21
  vertex 98.6112 -136 910.815
  vertex 97.1112 -136 914.71
 endloop
endfacet
facet normal -0 -1 -0
 outer loop
  vertex 97.1112 -136 914.71
  vertex 98.6112 -136 910.815
  vertex 98.6112 -136 918.605
 endloop
endfacet
facet normal -0 -1 -0
 outer loop
  vertex 96.1734 -136 918.21
  vertex 98.6112 -136 918.605
  vertex 98.3509 -136 919.129
 endloop
endfacet
facet normal -0 -1 -0
 outer loop
  vertex 98.0583 -136 919.636
  vertex 96.1734 -136 918.21
  vertex 98.3509 -136 919.129
 endloop
endfacet
facet normal -0 -1 -0
 outer loop
  vertex 98.0583 -136 919.636
  vertex 97.7345 -136 920.123
  vertex 96.1734 -136 918.21
 endloop
endfacet
facet normal -0 -1 -0
 outer loop
  vertex 96.1734 -136 918.21
  vertex 97.7345 -136 920.123
  vertex 93.6112 -136 920.772
 endloop
endfacet
facet normal -0 -1 -0
 outer loop
  vertex 93.6112 -136 920.772
  vertex 97.7345 -136 920.123
  vertex 90.9878 -136 924.019
 endloop
endfacet
facet normal -0 -1 -0
 outer loop
  vertex 90.1112 -136 921.71
  vertex 93.6112 -136 920.772
  vertex 90.9878 -136 924.019
 endloop
endfacet
facet normal -0 -1 -0
 outer loop
  vertex 96.1734 -136 918.21
  vertex 97.1112 -136 914.71
  vertex 98.6112 -136 918.605
 endloop
endfacet
facet normal -0 -1 -0
 outer loop
  vertex 96.1734 -136 911.21
  vertex 93.6112 -136 908.648
  vertex 97.7345 -136 909.296
 endloop
endfacet
facet normal -0 -1 -0
 outer loop
  vertex 93.6112 -136 908.648
  vertex 90.1112 -136 907.71
  vertex 90.9878 -136 905.401
 endloop
endfacet
facet normal -0 -1 -0
 outer loop
  vertex 90.1112 -136 907.71
  vertex 86.6112 -136 908.648
  vertex 89.2345 -136 905.401
 endloop
endfacet
facet normal -0 -1 -0
 outer loop
  vertex 84.049 -136 911.21
  vertex 83.1112 -136 914.71
  vertex 81.6112 -136 910.815
 endloop
endfacet
facet normal -0 -1 -0
 outer loop
  vertex 84.049 -136 918.21
  vertex 86.6112 -136 920.772
  vertex 82.4878 -136 920.123
 endloop
endfacet
facet normal -0 -1 -0
 outer loop
  vertex 86.6112 -136 920.772
  vertex 90.1112 -136 921.71
  vertex 89.2345 -136 924.019
 endloop
endfacet
facet normal 0 1 -6.22662E-17
 outer loop
  vertex 175.981 -110 976.5
  vertex 175.981 -110 946.5
  vertex 165 -110 987.481
 endloop
endfacet
facet normal 0 1 -6.22662E-17
 outer loop
  vertex 175.981 -110 976.5
  vertex 180 -110 961.5
  vertex 175.981 -110 946.5
 endloop
endfacet
facet normal 0 1 -6.22662E-17
 outer loop
  vertex 175.981 -110 946.5
  vertex 165 -110 935.519
  vertex 165 -110 987.481
 endloop
endfacet
facet normal 0 1 -6.22662E-17
 outer loop
  vertex 165 -110 987.481
  vertex 165 -110 935.519
  vertex 150 -110 991.5
 endloop
endfacet
facet normal 0 1 -6.22662E-17
 outer loop
  vertex 150 -110 991.5
  vertex 165 -110 935.519
  vertex 150 -110 931.5
 endloop
endfacet
facet normal 0 1 -6.22662E-17
 outer loop
  vertex 135 -110 987.481
  vertex 150 -110 931.5
  vertex 135 -110 935.519
 endloop
endfacet
facet normal 0 1 -6.22662E-17
 outer loop
  vertex 124.019 -110 976.5
  vertex 135 -110 935.519
  vertex 124.019 -110 946.5
 endloop
endfacet
facet normal 0 1 -6.22662E-17
 outer loop
  vertex 120 -110 961.5
  vertex 124.019 -110 976.5
  vertex 124.019 -110 946.5
 endloop
endfacet
facet normal 0 1 -6.22662E-17
 outer loop
  vertex 124.019 -110 976.5
  vertex 135 -110 987.481
  vertex 135 -110 935.519
 endloop
endfacet
facet normal 0 1 -6.22662E-17
 outer loop
  vertex 135 -110 987.481
  vertex 150 -110 991.5
  vertex 150 -110 931.5
 endloop
endfacet
facet normal 0.827231 2.32016E-17 0.561862
 outer loop
  vertex 97.7345 -136 920.123
  vertex 98.0583 -136 919.636
  vertex 97.7345 -123.068 920.123
 endloop
endfacet
facet normal 0.849954 1.54812E-17 0.526857
 outer loop
  vertex 97.7345 -123.068 920.123
  vertex 98.0583 -136 919.636
  vertex 98.3509 -136 919.129
 endloop
endfacet
facet normal 0.900202 1.54677E-17 0.435472
 outer loop
  vertex 98.6112 -123.109 918.605
  vertex 98.3509 -136 919.129
  vertex 98.6112 -136 918.605
 endloop
endfacet
facet normal 0.87121 7.75411E-18 0.490911
 outer loop
  vertex 98.6112 -123.109 918.605
  vertex 97.7345 -123.068 920.123
  vertex 98.3509 -136 919.129
 endloop
endfacet
facet normal 0.5 5.39241E-17 0.866025
 outer loop
  vertex 90.9878 -122.942 924.019
  vertex 90.9878 -136 924.019
  vertex 97.7345 -123.068 920.123
 endloop
endfacet
facet normal 0.5 5.39241E-17 0.866025
 outer loop
  vertex 97.7345 -123.068 920.123
  vertex 90.9878 -136 924.019
  vertex 97.7345 -136 920.123
 endloop
endfacet
facet normal -0.5 5.39241E-17 0.866025
 outer loop
  vertex 82.4878 -136 920.123
  vertex 89.2345 -136 924.019
  vertex 82.4878 -122.994 920.123
 endloop
endfacet
facet normal -0.5 5.39241E-17 0.866025
 outer loop
  vertex 82.4878 -122.994 920.123
  vertex 89.2345 -136 924.019
  vertex 89.2345 -122.933 924.019
 endloop
endfacet
facet normal -0.900202 1.54677E-17 0.435472
 outer loop
  vertex 81.6112 -136 918.605
  vertex 81.8715 -136 919.129
  vertex 81.6112 -123.027 918.605
 endloop
endfacet
facet normal -0.881249 1.54812E-17 0.472653
 outer loop
  vertex 81.6112 -123.027 918.605
  vertex 81.8715 -136 919.129
  vertex 82.1641 -136 919.636
 endloop
endfacet
facet normal -0.827231 2.32016E-17 0.561862
 outer loop
  vertex 82.4878 -122.994 920.123
  vertex 82.1641 -136 919.636
  vertex 82.4878 -136 920.123
 endloop
endfacet
facet normal -0.860746 7.75411E-18 0.509034
 outer loop
  vertex 82.4878 -122.994 920.123
  vertex 81.6112 -123.027 918.605
  vertex 82.1641 -136 919.636
 endloop
endfacet
facet normal -1 -8.80409E-31 -1.41394E-14
 outer loop
  vertex 81.6112 -123.21 910.815
  vertex 81.6112 -136 910.815
  vertex 81.6112 -122.62 915.088
 endloop
endfacet
facet normal -1 -8.80409E-31 -1.41394E-14
 outer loop
  vertex 81.6112 -122.62 915.088
  vertex 81.6112 -136 910.815
  vertex 81.6112 -136 918.605
 endloop
endfacet
facet normal -1 -8.80409E-31 -1.41394E-14
 outer loop
  vertex 81.6112 -123.027 918.605
  vertex 81.6112 -122.62 915.088
  vertex 81.6112 -136 918.605
 endloop
endfacet
facet normal -0.827231 -2.32016E-17 -0.561862
 outer loop
  vertex 82.4878 -136 909.296
  vertex 82.1641 -136 909.784
  vertex 82.4878 -123.249 909.296
 endloop
endfacet
facet normal -0.849954 -1.54812E-17 -0.526857
 outer loop
  vertex 82.4878 -123.249 909.296
  vertex 82.1641 -136 909.784
  vertex 81.8715 -136 910.29
 endloop
endfacet
facet normal -0.900202 -1.54677E-17 -0.435472
 outer loop
  vertex 81.6112 -123.21 910.815
  vertex 81.8715 -136 910.29
  vertex 81.6112 -136 910.815
 endloop
endfacet
facet normal -0.87121 -7.75411E-18 -0.490911
 outer loop
  vertex 81.6112 -123.21 910.815
  vertex 82.4878 -123.249 909.296
  vertex 81.8715 -136 910.29
 endloop
endfacet
facet normal -0.5 -5.39241E-17 -0.866025
 outer loop
  vertex 89.2345 -136 905.401
  vertex 82.4878 -136 909.296
  vertex 89.2345 -123.368 905.401
 endloop
endfacet
facet normal -0.5 -5.39241E-17 -0.866025
 outer loop
  vertex 89.2345 -123.368 905.401
  vertex 82.4878 -136 909.296
  vertex 82.4878 -123.249 909.296
 endloop
endfacet
facet normal 0.0729708 -4.64032E-17 -0.997334
 outer loop
  vertex 90.9878 -136 905.401
  vertex 90.4038 -136 905.364
  vertex 90.9878 -123.376 905.401
 endloop
endfacet
facet normal 0.041717 -4.39804E-17 -0.999129
 outer loop
  vertex 90.9878 -123.376 905.401
  vertex 90.4038 -136 905.364
  vertex 90.1112 -136 905.36
 endloop
endfacet
facet normal 0.0208517 -4.40091E-17 -0.999783
 outer loop
  vertex 89.8186 -136 905.364
  vertex 90.9878 -123.376 905.401
  vertex 90.1112 -136 905.36
 endloop
endfacet
facet normal -0.0104634 -4.39894E-17 -0.999945
 outer loop
  vertex 89.8186 -136 905.364
  vertex 89.2345 -123.368 905.401
  vertex 90.9878 -123.376 905.401
 endloop
endfacet
facet normal -0.0729708 -6.70761E-17 -0.997334
 outer loop
  vertex 89.8186 -136 905.364
  vertex 89.2345 -136 905.401
  vertex 89.2345 -123.368 905.401
 endloop
endfacet
facet normal 0.5 -5.39241E-17 -0.866025
 outer loop
  vertex 97.7345 -123.319 909.296
  vertex 97.7345 -136 909.296
  vertex 90.9878 -123.376 905.401
 endloop
endfacet
facet normal 0.5 -5.39241E-17 -0.866025
 outer loop
  vertex 90.9878 -123.376 905.401
  vertex 97.7345 -136 909.296
  vertex 90.9878 -136 905.401
 endloop
endfacet
facet normal 0.900202 -1.54677E-17 -0.435472
 outer loop
  vertex 98.6112 -136 910.815
  vertex 98.3509 -136 910.29
  vertex 98.6112 -123.289 910.815
 endloop
endfacet
facet normal 0.881249 -1.54812E-17 -0.472653
 outer loop
  vertex 98.6112 -123.289 910.815
  vertex 98.3509 -136 910.29
  vertex 98.0583 -136 909.784
 endloop
endfacet
facet normal 0.827231 -2.32016E-17 -0.561862
 outer loop
  vertex 97.7345 -123.319 909.296
  vertex 98.0583 -136 909.784
  vertex 97.7345 -136 909.296
 endloop
endfacet
facet normal 0.860746 -7.75411E-18 -0.509034
 outer loop
  vertex 97.7345 -123.319 909.296
  vertex 98.6112 -123.289 910.815
  vertex 98.0583 -136 909.784
 endloop
endfacet
facet normal 1 8.80409E-31 1.41394E-14
 outer loop
  vertex 98.6112 -123.109 918.605
  vertex 98.6112 -136 918.605
  vertex 98.6112 -122.708 915.088
 endloop
endfacet
facet normal 1 8.80409E-31 1.41394E-14
 outer loop
  vertex 98.6112 -122.708 915.088
  vertex 98.6112 -136 918.605
  vertex 98.6112 -136 910.815
 endloop
endfacet
facet normal 1 8.80409E-31 1.41394E-14
 outer loop
  vertex 98.6112 -123.289 910.815
  vertex 98.6112 -122.708 915.088
  vertex 98.6112 -136 910.815
 endloop
endfacet
facet normal -0.484891 0.871278 -0.0758612
 outer loop
  vertex 81.6112 -122.62 915.088
  vertex 82.6843 -122 915.088
  vertex 81.6112 -123.21 910.815
 endloop
endfacet
facet normal -0.462781 0.871947 -0.159822
 outer loop
  vertex 81.6112 -123.21 910.815
  vertex 82.6843 -122 915.088
  vertex 83.669 -122 911.413
 endloop
endfacet
facet normal -0.362094 0.871333 -0.331159
 outer loop
  vertex 82.4878 -123.249 909.296
  vertex 83.669 -122 911.413
  vertex 86.3593 -122 908.722
 endloop
endfacet
facet normal -0.0976819 0.871689 -0.480226
 outer loop
  vertex 89.2345 -123.368 905.401
  vertex 86.3593 -122 908.722
  vertex 90.0343 -122 907.738
 endloop
endfacet
facet normal 0.100298 0.871561 -0.479918
 outer loop
  vertex 90.9878 -123.376 905.401
  vertex 90.0343 -122 907.738
  vertex 93.7093 -122 908.722
 endloop
endfacet
facet normal 0.363106 0.871395 -0.329885
 outer loop
  vertex 97.7345 -123.319 909.296
  vertex 93.7093 -122 908.722
  vertex 96.3996 -122 911.413
 endloop
endfacet
facet normal 0.463291 0.871877 -0.158721
 outer loop
  vertex 98.6112 -123.289 910.815
  vertex 96.3996 -122 911.413
  vertex 97.3843 -122 915.088
 endloop
endfacet
facet normal 0.485349 0.871119 -0.0747597
 outer loop
  vertex 98.6112 -122.708 915.088
  vertex 98.6112 -123.289 910.815
  vertex 97.3843 -122 915.088
 endloop
endfacet
facet normal 0.427019 0.866648 -0.258023
 outer loop
  vertex 98.6112 -123.289 910.815
  vertex 97.7345 -123.319 909.296
  vertex 96.3996 -122 911.413
 endloop
endfacet
facet normal 0.236111 0.878122 -0.416116
 outer loop
  vertex 97.7345 -123.319 909.296
  vertex 90.9878 -123.376 905.401
  vertex 93.7093 -122 908.722
 endloop
endfacet
facet normal 0.0026156 0.866614 -0.498972
 outer loop
  vertex 90.9878 -123.376 905.401
  vertex 89.2345 -123.368 905.401
  vertex 90.0343 -122 907.738
 endloop
endfacet
facet normal -0.232515 0.878306 -0.417751
 outer loop
  vertex 89.2345 -123.368 905.401
  vertex 82.4878 -123.249 909.296
  vertex 86.3593 -122 908.722
 endloop
endfacet
facet normal -0.425509 0.866678 -0.260405
 outer loop
  vertex 82.4878 -123.249 909.296
  vertex 81.6112 -123.21 910.815
  vertex 83.669 -122 911.413
 endloop
endfacet
facet normal 0.0104327 4.6388E-17 0.999946
 outer loop
  vertex 90.1112 -136 924.06
  vertex 90.4038 -136 924.055
  vertex 90.1112 -122.937 924.06
 endloop
endfacet
facet normal 0.0312946 4.63981E-17 0.99951
 outer loop
  vertex 90.1112 -122.937 924.06
  vertex 90.4038 -136 924.055
  vertex 90.6961 -136 924.041
 endloop
endfacet
facet normal 0.0833694 4.6388E-17 0.996519
 outer loop
  vertex 90.9878 -122.942 924.019
  vertex 90.6961 -136 924.041
  vertex 90.9878 -136 924.019
 endloop
endfacet
facet normal 0.0521463 2.32092E-17 0.998639
 outer loop
  vertex 90.9878 -122.942 924.019
  vertex 90.1112 -122.937 924.06
  vertex 90.6961 -136 924.041
 endloop
endfacet
facet normal 0 1 -6.22662E-17
 outer loop
  vertex 82.6843 -122 915.088
  vertex 83.669 -122 918.763
  vertex 83.669 -122 911.413
 endloop
endfacet
facet normal 0 1 -6.22662E-17
 outer loop
  vertex 83.669 -122 911.413
  vertex 83.669 -122 918.763
  vertex 86.3593 -122 908.722
 endloop
endfacet
facet normal 0 1 -6.22662E-17
 outer loop
  vertex 86.3593 -122 908.722
  vertex 83.669 -122 918.763
  vertex 86.3593 -122 921.453
 endloop
endfacet
facet normal 0 1 -6.22662E-17
 outer loop
  vertex 90.0343 -122 907.738
  vertex 86.3593 -122 921.453
  vertex 90.0343 -122 922.438
 endloop
endfacet
facet normal 0 1 -6.22662E-17
 outer loop
  vertex 93.7093 -122 908.722
  vertex 90.0343 -122 922.438
  vertex 93.7093 -122 921.453
 endloop
endfacet
facet normal 0 1 -6.22662E-17
 outer loop
  vertex 96.3996 -122 911.413
  vertex 93.7093 -122 921.453
  vertex 96.3996 -122 918.763
 endloop
endfacet
facet normal 0 1 -6.22662E-17
 outer loop
  vertex 97.3843 -122 915.088
  vertex 96.3996 -122 911.413
  vertex 96.3996 -122 918.763
 endloop
endfacet
facet normal 0 1 -6.22662E-17
 outer loop
  vertex 96.3996 -122 911.413
  vertex 93.7093 -122 908.722
  vertex 93.7093 -122 921.453
 endloop
endfacet
facet normal 0 1 -6.22662E-17
 outer loop
  vertex 93.7093 -122 908.722
  vertex 90.0343 -122 907.738
  vertex 90.0343 -122 922.438
 endloop
endfacet
facet normal 0 1 -6.22662E-17
 outer loop
  vertex 90.0343 -122 907.738
  vertex 86.3593 -122 908.722
  vertex 86.3593 -122 921.453
 endloop
endfacet
endsolid Link2
