solid Link3
facet normal 0.119646 -0.717874 0.685815
 outer loop
  vertex 78.1406 -105.998 942.257
  vertex 80.8906 -105.998 941.52
  vertex 78.1406 -105.498 942.757
 endloop
endfacet
facet normal 0.239291 -0.717874 0.653756
 outer loop
  vertex 78.1406 -105.498 942.757
  vertex 80.8906 -105.998 941.52
  vertex 81.1406 -105.498 941.953
 endloop
endfacet
facet normal 0.446524 -0.717874 0.53411
 outer loop
  vertex 81.1406 -105.498 941.953
  vertex 80.8906 -105.998 941.52
  vertex 82.9037 -105.998 939.507
 endloop
endfacet
facet normal 0.653756 -0.717874 0.239291
 outer loop
  vertex 83.3367 -105.498 939.757
  vertex 82.9037 -105.998 939.507
  vertex 83.6406 -105.998 936.757
 endloop
endfacet
facet normal 0.685815 -0.717874 -0.119646
 outer loop
  vertex 84.1406 -105.498 936.757
  vertex 83.6406 -105.998 936.757
  vertex 82.9037 -105.998 934.007
 endloop
endfacet
facet normal 0.53411 -0.717874 -0.446524
 outer loop
  vertex 83.3367 -105.498 933.757
  vertex 82.9037 -105.998 934.007
  vertex 80.8906 -105.998 931.994
 endloop
endfacet
facet normal 0.239291 -0.717874 -0.653756
 outer loop
  vertex 81.1406 -105.498 931.561
  vertex 80.8906 -105.998 931.994
  vertex 78.1406 -105.998 931.257
 endloop
endfacet
facet normal 0.119646 -0.717874 -0.685815
 outer loop
  vertex 78.1406 -105.498 930.757
  vertex 81.1406 -105.498 931.561
  vertex 78.1406 -105.998 931.257
 endloop
endfacet
facet normal 0.446524 -0.717874 -0.53411
 outer loop
  vertex 81.1406 -105.498 931.561
  vertex 83.3367 -105.498 933.757
  vertex 80.8906 -105.998 931.994
 endloop
endfacet
facet normal 0.653756 -0.717874 -0.239291
 outer loop
  vertex 83.3367 -105.498 933.757
  vertex 84.1406 -105.498 936.757
  vertex 82.9037 -105.998 934.007
 endloop
endfacet
facet normal 0.685815 -0.717874 0.119646
 outer loop
  vertex 84.1406 -105.498 936.757
  vertex 83.3367 -105.498 939.757
  vertex 83.6406 -105.998 936.757
 endloop
endfacet
facet normal 0.53411 -0.717874 0.446524
 outer loop
  vertex 83.3367 -105.498 939.757
  vertex 81.1406 -105.498 941.953
  vertex 82.9037 -105.998 939.507
 endloop
endfacet
facet normal 0.171862 5.58999E-16 0.985121
 outer loop
  vertex 78.1406 -105.498 942.757
  vertex 81.1406 -105.498 941.953
  vertex 78.1406 -103.998 942.757
 endloop
endfacet
facet normal 0.343724 5.77632E-16 0.939071
 outer loop
  vertex 78.1406 -103.998 942.757
  vertex 81.1406 -105.498 941.953
  vertex 81.1406 -103.998 941.953
 endloop
endfacet
facet normal 0.641397 5.83844E-16 0.767209
 outer loop
  vertex 81.1406 -103.998 941.953
  vertex 81.1406 -105.498 941.953
  vertex 83.3367 -105.498 939.757
 endloop
endfacet
facet normal 0.939071 4.84466E-16 0.343724
 outer loop
  vertex 83.3367 -103.998 939.757
  vertex 83.3367 -105.498 939.757
  vertex 84.1406 -105.498 936.757
 endloop
endfacet
facet normal 0.985121 1.98755E-16 -0.171862
 outer loop
  vertex 84.1406 -103.998 936.757
  vertex 84.1406 -105.498 936.757
  vertex 83.3367 -105.498 933.757
 endloop
endfacet
facet normal 0.767209 -1.118E-16 -0.641397
 outer loop
  vertex 83.3367 -103.998 933.757
  vertex 83.3367 -105.498 933.757
  vertex 81.1406 -105.498 931.561
 endloop
endfacet
facet normal 0.343724 -3.85088E-16 -0.939071
 outer loop
  vertex 81.1406 -103.998 931.561
  vertex 81.1406 -105.498 931.561
  vertex 78.1406 -105.498 930.757
 endloop
endfacet
facet normal 0.171862 -4.5341E-16 -0.985121
 outer loop
  vertex 78.1406 -103.998 930.757
  vertex 81.1406 -103.998 931.561
  vertex 78.1406 -105.498 930.757
 endloop
endfacet
facet normal 0.641397 -2.04966E-16 -0.767209
 outer loop
  vertex 81.1406 -103.998 931.561
  vertex 83.3367 -103.998 933.757
  vertex 81.1406 -105.498 931.561
 endloop
endfacet
facet normal 0.939071 9.31665E-17 -0.343724
 outer loop
  vertex 83.3367 -103.998 933.757
  vertex 84.1406 -103.998 936.757
  vertex 83.3367 -105.498 933.757
 endloop
endfacet
facet normal 0.985121 4.03722E-16 0.171862
 outer loop
  vertex 84.1406 -103.998 936.757
  vertex 83.3367 -103.998 939.757
  vertex 84.1406 -105.498 936.757
 endloop
endfacet
facet normal 0.767209 5.77632E-16 0.641397
 outer loop
  vertex 83.3367 -103.998 939.757
  vertex 81.1406 -103.998 941.953
  vertex 83.3367 -105.498 939.757
 endloop
endfacet
facet normal 0.171862 5.7182E-16 0.985121
 outer loop
  vertex 65 -98.998 942.5
  vertex 55.5 -98.998 945.046
  vertex 65 -99.998 942.5
 endloop
endfacet
facet normal 0.343724 5.97775E-16 0.939071
 outer loop
  vertex 65 -99.998 942.5
  vertex 55.5 -98.998 945.046
  vertex 55.5 -99.998 945.046
 endloop
endfacet
facet normal 0.641397 5.98094E-16 0.767209
 outer loop
  vertex 55.5 -99.998 945.046
  vertex 55.5 -98.998 945.046
  vertex 48.5455 -98.998 952
 endloop
endfacet
facet normal 0.939071 4.649E-16 0.343724
 outer loop
  vertex 48.5455 -99.998 952
  vertex 48.5455 -98.998 952
  vertex 46 -98.998 961.5
 endloop
endfacet
facet normal 0.985121 2.04491E-16 -0.171862
 outer loop
  vertex 46 -99.998 961.5
  vertex 46 -98.998 961.5
  vertex 48.5455 -98.998 971
 endloop
endfacet
facet normal 0.767209 -1.06919E-16 -0.641397
 outer loop
  vertex 48.5455 -99.998 971
  vertex 48.5455 -98.998 971
  vertex 55.5 -98.998 977.954
 endloop
endfacet
facet normal 0.343724 -3.93604E-16 -0.939071
 outer loop
  vertex 55.5 -99.998 977.954
  vertex 55.5 -98.998 977.954
  vertex 65 -98.998 980.5
 endloop
endfacet
facet normal 0.171862 -4.68318E-16 -0.985121
 outer loop
  vertex 65 -99.998 980.5
  vertex 55.5 -99.998 977.954
  vertex 65 -98.998 980.5
 endloop
endfacet
facet normal 0.641397 -2.1165E-16 -0.767209
 outer loop
  vertex 55.5 -99.998 977.954
  vertex 48.5455 -99.998 971
  vertex 55.5 -98.998 977.954
 endloop
endfacet
facet normal 0.939071 1.00808E-16 -0.343724
 outer loop
  vertex 48.5455 -99.998 971
  vertex 46 -99.998 961.5
  vertex 48.5455 -98.998 971
 endloop
endfacet
facet normal 0.985121 3.86124E-16 0.171862
 outer loop
  vertex 46 -99.998 961.5
  vertex 48.5455 -99.998 952
  vertex 46 -98.998 961.5
 endloop
endfacet
facet normal 0.767209 5.69126E-16 0.641397
 outer loop
  vertex 48.5455 -99.998 952
  vertex 55.5 -99.998 945.046
  vertex 48.5455 -98.998 952
 endloop
endfacet
facet normal 0.866096 0.432907 0.249939
 outer loop
  vertex 481.845 50.6657 915.36
  vertex 481.845 50.3731 915.867
  vertex 483 48.7913 914.616
 endloop
endfacet
facet normal 0.871594 0.465494 0.153749
 outer loop
  vertex 481.845 50.926 914.836
  vertex 483 48.7913 914.616
  vertex 483 49.776 910.941
 endloop
endfacet
facet normal 0.871594 0.465494 -0.153749
 outer loop
  vertex 481.845 50.926 907.046
  vertex 483 49.776 910.941
  vertex 483 48.7913 907.266
 endloop
endfacet
facet normal 0.866096 0.432907 -0.249939
 outer loop
  vertex 481.845 50.6657 906.522
  vertex 483 48.7913 907.266
  vertex 481.845 50.3731 906.015
 endloop
endfacet
facet normal 0.86619 0.442812 -0.231586
 outer loop
  vertex 481.845 50.6657 906.522
  vertex 481.845 50.926 907.046
  vertex 483 48.7913 907.266
 endloop
endfacet
facet normal 0.871595 0.365897 0.326255
 outer loop
  vertex 483 48.7913 914.616
  vertex 481.845 50.0493 916.355
  vertex 483 46.101 917.306
 endloop
endfacet
facet normal 0.86619 0.421965 0.267693
 outer loop
  vertex 483 48.7913 914.616
  vertex 481.845 50.3731 915.867
  vertex 481.845 50.0493 916.355
 endloop
endfacet
facet normal 0.86619 0.421965 -0.267693
 outer loop
  vertex 481.845 50.3731 906.015
  vertex 483 48.7913 907.266
  vertex 481.845 50.0493 905.527
 endloop
endfacet
facet normal 0.871595 0.365897 -0.326255
 outer loop
  vertex 481.845 50.0493 905.527
  vertex 483 48.7913 907.266
  vertex 483 46.101 904.576
 endloop
endfacet
facet normal 0.871594 0.0995966 -0.480004
 outer loop
  vertex 481.845 43.3027 901.632
  vertex 483 46.101 904.576
  vertex 483 42.426 903.591
 endloop
endfacet
facet normal 0.866096 0.0156435 -0.499633
 outer loop
  vertex 481.845 43.0109 901.609
  vertex 483 42.426 903.591
  vertex 481.845 42.7186 901.596
 endloop
endfacet
facet normal 0.86619 0.0260582 -0.499034
 outer loop
  vertex 481.845 43.0109 901.609
  vertex 481.845 43.3027 901.632
  vertex 483 42.426 903.591
 endloop
endfacet
facet normal 0.866049 0.00521591 -0.499932
 outer loop
  vertex 483 42.426 903.591
  vertex 481.845 42.426 901.591
  vertex 481.845 42.7186 901.596
 endloop
endfacet
facet normal 0.879037 0.238377 -0.412881
 outer loop
  vertex 481.845 43.3027 901.632
  vertex 481.845 50.0493 905.527
  vertex 483 46.101 904.576
 endloop
endfacet
facet normal 0.879037 0.476754 1.03587E-17
 outer loop
  vertex 481.845 50.926 907.046
  vertex 481.845 50.926 914.836
  vertex 483 49.776 910.941
 endloop
endfacet
facet normal 0.86619 0.442812 0.231586
 outer loop
  vertex 481.845 50.926 914.836
  vertex 481.845 50.6657 915.36
  vertex 483 48.7913 914.616
 endloop
endfacet
facet normal 0.879037 0.238377 0.412881
 outer loop
  vertex 481.845 50.0493 916.355
  vertex 481.845 43.3027 920.25
  vertex 483 46.101 917.306
 endloop
endfacet
facet normal 0.871594 0.0995966 0.480004
 outer loop
  vertex 483 46.101 917.306
  vertex 481.845 43.3027 920.25
  vertex 483 42.426 918.291
 endloop
endfacet
facet normal 0.86619 0.0260582 0.499034
 outer loop
  vertex 483 42.426 918.291
  vertex 481.845 43.3027 920.25
  vertex 481.845 43.0109 920.273
 endloop
endfacet
facet normal 0.866096 0.0156435 0.499633
 outer loop
  vertex 481.845 42.7186 920.286
  vertex 483 42.426 918.291
  vertex 481.845 43.0109 920.273
 endloop
endfacet
facet normal 0.866049 0.00521591 0.499932
 outer loop
  vertex 481.845 42.7186 920.286
  vertex 481.845 42.426 920.291
  vertex 483 42.426 918.291
 endloop
endfacet
facet normal 0.0524249 0.888693 0.455496
 outer loop
  vertex 347.504 59.2371 920.452
  vertex 464 53.9234 917.446
  vertex 344 60.4527 918.374
 endloop
endfacet
facet normal 0.0536514 0.953717 0.295882
 outer loop
  vertex 344 60.4527 918.374
  vertex 464 53.9234 917.446
  vertex 464 55.6357 910.855
 endloop
endfacet
facet normal 0.0537082 0.976606 -0.208222
 outer loop
  vertex 344 61.8287 909.006
  vertex 464 55.6357 910.855
  vertex 464 53.8372 904.286
 endloop
endfacet
facet normal 0.0537767 0.750082 -0.659155
 outer loop
  vertex 344 58.63 900.095
  vertex 464 53.8372 904.286
  vertex 464 49.006 899.487
 endloop
endfacet
facet normal 0.0538568 0.331982 -0.941747
 outer loop
  vertex 344 51.6108 893.741
  vertex 464 49.006 899.487
  vertex 464 42.426 897.731
 endloop
endfacet
facet normal 0.0537593 0.161063 -0.985479
 outer loop
  vertex 344 42.426 891.442
  vertex 344 51.6108 893.741
  vertex 464 42.426 897.731
 endloop
endfacet
facet normal 0.0536736 0.61455 -0.78705
 outer loop
  vertex 344 51.6108 893.741
  vertex 344 58.63 900.095
  vertex 464 49.006 899.487
 endloop
endfacet
facet normal 0.0535995 0.91703 -0.395199
 outer loop
  vertex 344 58.63 900.095
  vertex 344 61.8287 909.006
  vertex 464 53.8372 904.286
 endloop
endfacet
facet normal 0.0535372 0.994152 0.0937873
 outer loop
  vertex 344 61.8287 909.006
  vertex 344 60.4527 918.374
  vertex 464 55.6357 910.855
 endloop
endfacet
facet normal -0.121412 -0.0523478 0.991221
 outer loop
  vertex 8.00819 0.002 1063.79
  vertex 9.24639 -41.998 1061.74
  vertex 35.366 0.002 1066.94
 endloop
endfacet
facet normal -0.098368 -0.0523567 0.993772
 outer loop
  vertex 35.366 0.002 1066.94
  vertex 9.24639 -41.998 1061.74
  vertex 49.7147 -41.998 1065.88
 endloop
endfacet
facet normal -0.0379287 -0.0523569 0.997908
 outer loop
  vertex 62.8396 0.002 1068.84
  vertex 49.7147 -41.998 1065.88
  vertex 90.3713 -41.998 1067.27
 endloop
endfacet
facet normal -0.015278 -0.0523482 0.998512
 outer loop
  vertex 90.3713 0.002 1069.47
  vertex 62.8396 0.002 1068.84
  vertex 90.3713 -41.998 1067.27
 endloop
endfacet
facet normal -0.0684421 -0.0523451 0.996281
 outer loop
  vertex 62.8396 0.002 1068.84
  vertex 35.366 0.002 1066.94
  vertex 49.7147 -41.998 1065.88
 endloop
endfacet
facet normal 0 -0.477262 -0.878761
 outer loop
  vertex 285.892 5.59286 864.63
  vertex 284.353 20.7101 857.373
  vertex 325 5.59286 864.63
 endloop
endfacet
facet normal 0 -0.387078 -0.922047
 outer loop
  vertex 325 5.59286 864.63
  vertex 284.353 20.7101 857.373
  vertex 325 20.7295 857.367
 endloop
endfacet
facet normal 0 -0.197969 -0.980208
 outer loop
  vertex 325 20.7295 857.367
  vertex 284.353 20.7101 857.373
  vertex 283.203 37.332 854.873
 endloop
endfacet
facet normal 0 -0.0989255 -0.995095
 outer loop
  vertex 325 37.332 854.873
  vertex 325 20.7295 857.367
  vertex 283.203 37.332 854.873
 endloop
endfacet
facet normal 0.129788 0 0.991542
 outer loop
  vertex 235 124.876 1010.51
  vertex 239.212 124.942 1009.67
  vertex 235 131.002 1010.51
 endloop
endfacet
facet normal 0.259564 0 0.965726
 outer loop
  vertex 235 131.002 1010.51
  vertex 239.212 124.942 1009.67
  vertex 239.212 131.002 1009.67
 endloop
endfacet
facet normal 0.499293 0 0.866433
 outer loop
  vertex 239.212 131.002 1009.67
  vertex 239.212 124.942 1009.67
  vertex 242.78 125.126 1007.28
 endloop
endfacet
facet normal 0.792712 0 0.609596
 outer loop
  vertex 242.782 131.002 1007.28
  vertex 242.78 125.126 1007.28
  vertex 245.165 125.391 1003.72
 endloop
endfacet
facet normal 0.965588 0 0.260077
 outer loop
  vertex 245.168 131.002 1003.71
  vertex 245.165 125.391 1003.72
  vertex 246.005 125.687 999.511
 endloop
endfacet
facet normal 0.99162 0 -0.129189
 outer loop
  vertex 246.005 131.002 999.5
  vertex 246.005 125.687 999.511
  vertex 245.171 125.965 995.297
 endloop
endfacet
facet normal 0.866644 0 -0.498926
 outer loop
  vertex 245.168 131.002 995.288
  vertex 245.171 125.965 995.297
  vertex 242.787 126.187 991.723
 endloop
endfacet
facet normal 0.609596 0 -0.792713
 outer loop
  vertex 242.782 131.002 991.718
  vertex 242.787 126.187 991.723
  vertex 239.214 126.328 989.333
 endloop
endfacet
facet normal 0.259629 0 -0.965709
 outer loop
  vertex 239.212 131.002 989.332
  vertex 239.214 126.328 989.333
  vertex 235 126.376 988.495
 endloop
endfacet
facet normal 0.129775 0 -0.991543
 outer loop
  vertex 235 131.002 988.495
  vertex 239.212 131.002 989.332
  vertex 235 126.376 988.495
 endloop
endfacet
facet normal 0.499414 0 -0.866363
 outer loop
  vertex 239.212 131.002 989.332
  vertex 242.782 131.002 991.718
  vertex 239.214 126.328 989.333
 endloop
endfacet
facet normal 0.793023 0 -0.609191
 outer loop
  vertex 242.782 131.002 991.718
  vertex 245.168 131.002 995.288
  vertex 242.787 126.187 991.723
 endloop
endfacet
facet normal 0.9658 0 -0.259288
 outer loop
  vertex 245.168 131.002 995.288
  vertex 246.005 131.002 999.5
  vertex 245.171 125.965 995.297
 endloop
endfacet
facet normal 0.991501 0 0.130099
 outer loop
  vertex 246.005 131.002 999.5
  vertex 245.168 131.002 1003.71
  vertex 246.005 125.687 999.511
 endloop
endfacet
facet normal 0.86629 0 0.499541
 outer loop
  vertex 245.168 131.002 1003.71
  vertex 242.782 131.002 1007.28
  vertex 245.165 125.391 1003.72
 endloop
endfacet
facet normal 0.609303 0 0.792937
 outer loop
  vertex 242.782 131.002 1007.28
  vertex 239.212 131.002 1009.67
  vertex 242.78 125.126 1007.28
 endloop
endfacet
facet normal 0.129788 0 0.991542
 outer loop
  vertex 175 124.876 1010.51
  vertex 179.212 124.942 1009.67
  vertex 175 131.002 1010.51
 endloop
endfacet
facet normal 0.259563 0 0.965726
 outer loop
  vertex 175 131.002 1010.51
  vertex 179.212 124.942 1009.67
  vertex 179.212 131.002 1009.67
 endloop
endfacet
facet normal 0.499293 0 0.866433
 outer loop
  vertex 179.212 131.002 1009.67
  vertex 179.212 124.942 1009.67
  vertex 182.78 125.126 1007.28
 endloop
endfacet
facet normal 0.792712 0 0.609597
 outer loop
  vertex 182.782 131.002 1007.28
  vertex 182.78 125.126 1007.28
  vertex 185.165 125.391 1003.72
 endloop
endfacet
facet normal 0.965588 0 0.260078
 outer loop
  vertex 185.168 131.002 1003.71
  vertex 185.165 125.391 1003.72
  vertex 186.005 125.687 999.511
 endloop
endfacet
facet normal 0.99162 0 -0.129188
 outer loop
  vertex 186.005 131.002 999.5
  vertex 186.005 125.687 999.511
  vertex 185.171 125.965 995.297
 endloop
endfacet
facet normal 0.866645 0 -0.498926
 outer loop
  vertex 185.168 131.002 995.288
  vertex 185.171 125.965 995.297
  vertex 182.787 126.187 991.723
 endloop
endfacet
facet normal 0.609596 0 -0.792712
 outer loop
  vertex 182.782 131.002 991.718
  vertex 182.787 126.187 991.723
  vertex 179.214 126.328 989.333
 endloop
endfacet
facet normal 0.259629 0 -0.965708
 outer loop
  vertex 179.212 131.002 989.332
  vertex 179.214 126.328 989.333
  vertex 175 126.376 988.495
 endloop
endfacet
facet normal 0.129775 0 -0.991543
 outer loop
  vertex 175 131.002 988.495
  vertex 179.212 131.002 989.332
  vertex 175 126.376 988.495
 endloop
endfacet
facet normal 0.499414 0 -0.866363
 outer loop
  vertex 179.212 131.002 989.332
  vertex 182.782 131.002 991.718
  vertex 179.214 126.328 989.333
 endloop
endfacet
facet normal 0.793024 0 -0.609191
 outer loop
  vertex 182.782 131.002 991.718
  vertex 185.168 131.002 995.288
  vertex 182.787 126.187 991.723
 endloop
endfacet
facet normal 0.9658 0 -0.259288
 outer loop
  vertex 185.168 131.002 995.288
  vertex 186.005 131.002 999.5
  vertex 185.171 125.965 995.297
 endloop
endfacet
facet normal 0.991501 0 0.1301
 outer loop
  vertex 186.005 131.002 999.5
  vertex 185.168 131.002 1003.71
  vertex 186.005 125.687 999.511
 endloop
endfacet
facet normal 0.86629 0 0.499541
 outer loop
  vertex 185.168 131.002 1003.71
  vertex 182.782 131.002 1007.28
  vertex 185.165 125.391 1003.72
 endloop
endfacet
facet normal 0.609303 0 0.792937
 outer loop
  vertex 182.782 131.002 1007.28
  vertex 179.212 131.002 1009.67
  vertex 182.78 125.126 1007.28
 endloop
endfacet
facet normal 0.129668 0 0.991557
 outer loop
  vertex 205 127.636 958.544
  vertex 209.208 127.659 957.707
  vertex 205 131.002 958.544
 endloop
endfacet
facet normal 0.259443 0 0.965758
 outer loop
  vertex 205 131.002 958.544
  vertex 209.208 127.659 957.707
  vertex 209.212 131.002 957.706
 endloop
endfacet
facet normal 0.499054 0 0.866571
 outer loop
  vertex 209.212 131.002 957.706
  vertex 209.208 127.659 957.707
  vertex 212.777 127.718 955.326
 endloop
endfacet
facet normal 0.792574 0 0.609775
 outer loop
  vertex 212.782 131.002 955.32
  vertex 212.777 127.718 955.326
  vertex 215.164 127.797 951.759
 endloop
endfacet
facet normal 0.965588 0 0.260075
 outer loop
  vertex 215.168 131.002 951.75
  vertex 215.164 127.797 951.759
  vertex 216.005 127.873 947.547
 endloop
endfacet
facet normal 0.991586 0 -0.129448
 outer loop
  vertex 216.005 131.002 947.538
  vertex 216.005 127.873 947.547
  vertex 215.169 127.932 943.329
 endloop
endfacet
facet normal 0.866445 0 -0.499272
 outer loop
  vertex 215.168 131.002 943.327
  vertex 215.169 127.932 943.329
  vertex 212.782 127.968 939.757
 endloop
endfacet
facet normal 0.609322 0 -0.792923
 outer loop
  vertex 212.782 131.002 939.757
  vertex 212.782 127.968 939.757
  vertex 209.21 127.985 937.37
 endloop
endfacet
facet normal 0.259498 0 -0.965744
 outer loop
  vertex 209.212 131.002 937.371
  vertex 209.21 127.985 937.37
  vertex 205 127.989 936.533
 endloop
endfacet
facet normal 0.129775 0 -0.991543
 outer loop
  vertex 205 131.002 936.533
  vertex 209.212 131.002 937.371
  vertex 205 127.989 936.533
 endloop
endfacet
facet normal 0.499297 0 -0.866431
 outer loop
  vertex 209.212 131.002 937.371
  vertex 212.782 131.002 939.757
  vertex 209.21 127.985 937.37
 endloop
endfacet
facet normal 0.792893 0 -0.609361
 outer loop
  vertex 212.782 131.002 939.757
  vertex 215.168 131.002 943.327
  vertex 212.782 127.968 939.757
 endloop
endfacet
facet normal 0.965751 0 -0.259472
 outer loop
  vertex 215.168 131.002 943.327
  vertex 216.005 131.002 947.538
  vertex 215.169 127.932 943.329
 endloop
endfacet
facet normal 0.991511 0 0.130024
 outer loop
  vertex 216.005 131.002 947.538
  vertex 215.168 131.002 951.75
  vertex 216.005 127.873 947.547
 endloop
endfacet
facet normal 0.866254 0 0.499603
 outer loop
  vertex 215.168 131.002 951.75
  vertex 212.782 131.002 955.32
  vertex 215.164 127.797 951.759
 endloop
endfacet
facet normal 0.60918 0 0.793032
 outer loop
  vertex 212.782 131.002 955.32
  vertex 209.212 131.002 957.706
  vertex 212.777 127.718 955.326
 endloop
endfacet
facet normal -0.0789253 0 -0.996881
 outer loop
  vertex 150 -41.998 861.843
  vertex 150 -69.998 861.843
  vertex 126.551 -41.998 864.641
 endloop
endfacet
facet normal -0.157851 0 -0.987463
 outer loop
  vertex 126.551 -41.998 864.641
  vertex 150 -69.998 861.843
  vertex 126.551 -69.998 864.641
 endloop
endfacet
facet normal -0.990137 -0.0532418 0.129591
 outer loop
  vertex -2.09933 -49.998 1036.5
  vertex -1.17832 -49.998 1041.13
  vertex -2.51859 -41.998 1036.5
 endloop
endfacet
facet normal -0.96572 -0.0532065 0.254074
 outer loop
  vertex -2.51859 -41.998 1036.5
  vertex -1.17832 -49.998 1041.13
  vertex -1.63964 -41.998 1041.11
 endloop
endfacet
facet normal -0.867799 -0.0532801 0.49405
 outer loop
  vertex -1.63964 -41.998 1041.11
  vertex -1.17832 -49.998 1041.13
  vertex 1.44448 -49.998 1045.06
 endloop
endfacet
facet normal -0.608498 -0.0532418 0.791767
 outer loop
  vertex 1.14802 -41.998 1045.35
  vertex 1.44448 -49.998 1045.06
  vertex 5.36979 -49.998 1047.68
 endloop
endfacet
facet normal -0.254074 -0.0532065 0.96572
 outer loop
  vertex 5.39197 -41.998 1048.14
  vertex 5.36979 -49.998 1047.68
  vertex 10 -49.998 1048.6
 endloop
endfacet
facet normal -0.124482 -0.0531698 0.990796
 outer loop
  vertex 10 -41.998 1049.02
  vertex 5.39197 -41.998 1048.14
  vertex 10 -49.998 1048.6
 endloop
endfacet
facet normal -0.49405 -0.0532801 0.867799
 outer loop
  vertex 5.39197 -41.998 1048.14
  vertex 1.14802 -41.998 1045.35
  vertex 5.36979 -49.998 1047.68
 endloop
endfacet
facet normal -0.794888 -0.0533169 0.604409
 outer loop
  vertex 1.14802 -41.998 1045.35
  vertex -1.63964 -41.998 1041.11
  vertex 1.44448 -49.998 1045.06
 endloop
endfacet
facet normal 0.251484 0 0.967861
 outer loop
  vertex 235 125.92 996
  vertex 233.712 131.002 996.246
  vertex 233.69 125.903 996.254
 endloop
endfacet
facet normal 0.124659 0 0.9922
 outer loop
  vertex 235 125.92 996
  vertex 235 131.002 996
  vertex 233.712 131.002 996.246
 endloop
endfacet
facet normal 0.607053 0 0.794662
 outer loop
  vertex 233.69 125.903 996.254
  vertex 232.525 131.002 997.025
  vertex 232.525 125.853 997.026
 endloop
endfacet
facet normal 0.492094 0 0.870542
 outer loop
  vertex 233.69 125.903 996.254
  vertex 233.712 131.002 996.246
  vertex 232.525 131.002 997.025
 endloop
endfacet
facet normal 0.796058 0 0.60522
 outer loop
  vertex 232.525 131.002 997.025
  vertex 231.746 131.002 998.212
  vertex 232.525 125.853 997.026
 endloop
endfacet
facet normal 0.869076 0 0.494678
 outer loop
  vertex 232.525 125.853 997.026
  vertex 231.746 131.002 998.212
  vertex 231.766 125.778 998.161
 endloop
endfacet
facet normal 0.967097 0 0.25441
 outer loop
  vertex 231.766 125.778 998.161
  vertex 231.746 131.002 998.212
  vertex 231.5 131.002 999.5
 endloop
endfacet
facet normal 0.9922 0 -0.124659
 outer loop
  vertex 231.5 125.687 999.5
  vertex 231.5 131.002 999.5
  vertex 231.746 131.002 1000.79
 endloop
endfacet
facet normal 0.869041 0 -0.494741
 outer loop
  vertex 231.766 125.595 1000.84
  vertex 231.746 131.002 1000.79
  vertex 232.525 131.002 1001.97
 endloop
endfacet
facet normal 0.60533 0 -0.795975
 outer loop
  vertex 232.525 125.516 1001.97
  vertex 232.525 131.002 1001.97
  vertex 233.712 131.002 1002.75
 endloop
endfacet
facet normal 0.250505 0 -0.968115
 outer loop
  vertex 233.7 125.461 1002.75
  vertex 233.712 131.002 1002.75
  vertex 235 131.002 1003
 endloop
endfacet
facet normal 0.125846 0 -0.99205
 outer loop
  vertex 235 125.443 1003
  vertex 233.7 125.461 1002.75
  vertex 235 131.002 1003
 endloop
endfacet
facet normal 0.491276 0 -0.871004
 outer loop
  vertex 233.7 125.461 1002.75
  vertex 232.525 125.516 1001.97
  vertex 233.712 131.002 1002.75
 endloop
endfacet
facet normal 0.792946 0 -0.609291
 outer loop
  vertex 232.525 125.516 1001.97
  vertex 231.766 125.595 1000.84
  vertex 232.525 131.002 1001.97
 endloop
endfacet
facet normal 0.967094 0 -0.25442
 outer loop
  vertex 231.766 125.595 1000.84
  vertex 231.5 125.687 999.5
  vertex 231.746 131.002 1000.79
 endloop
endfacet
facet normal 0.991547 0 0.129751
 outer loop
  vertex 231.5 131.002 999.5
  vertex 231.5 125.687 999.5
  vertex 231.766 125.778 998.161
 endloop
endfacet
facet normal 0.251484 0 0.967861
 outer loop
  vertex 175 125.92 996
  vertex 173.712 131.002 996.246
  vertex 173.69 125.903 996.254
 endloop
endfacet
facet normal 0.124659 0 0.9922
 outer loop
  vertex 175 125.92 996
  vertex 175 131.002 996
  vertex 173.712 131.002 996.246
 endloop
endfacet
facet normal 0.607053 0 0.794662
 outer loop
  vertex 173.69 125.903 996.254
  vertex 172.525 131.002 997.025
  vertex 172.525 125.853 997.026
 endloop
endfacet
facet normal 0.492094 0 0.870542
 outer loop
  vertex 173.69 125.903 996.254
  vertex 173.712 131.002 996.246
  vertex 172.525 131.002 997.025
 endloop
endfacet
facet normal 0.796058 0 0.60522
 outer loop
  vertex 172.525 131.002 997.025
  vertex 171.746 131.002 998.212
  vertex 172.525 125.853 997.026
 endloop
endfacet
facet normal 0.869076 0 0.494678
 outer loop
  vertex 172.525 125.853 997.026
  vertex 171.746 131.002 998.212
  vertex 171.766 125.778 998.161
 endloop
endfacet
facet normal 0.967097 0 0.25441
 outer loop
  vertex 171.766 125.778 998.161
  vertex 171.746 131.002 998.212
  vertex 171.5 131.002 999.5
 endloop
endfacet
facet normal 0.9922 0 -0.124659
 outer loop
  vertex 171.5 125.687 999.5
  vertex 171.5 131.002 999.5
  vertex 171.746 131.002 1000.79
 endloop
endfacet
facet normal 0.869041 0 -0.494741
 outer loop
  vertex 171.766 125.595 1000.84
  vertex 171.746 131.002 1000.79
  vertex 172.525 131.002 1001.97
 endloop
endfacet
facet normal 0.60533 0 -0.795975
 outer loop
  vertex 172.525 125.516 1001.97
  vertex 172.525 131.002 1001.97
  vertex 173.712 131.002 1002.75
 endloop
endfacet
facet normal 0.250505 0 -0.968115
 outer loop
  vertex 173.7 125.461 1002.75
  vertex 173.712 131.002 1002.75
  vertex 175 131.002 1003
 endloop
endfacet
facet normal 0.125846 0 -0.99205
 outer loop
  vertex 175 125.443 1003
  vertex 173.7 125.461 1002.75
  vertex 175 131.002 1003
 endloop
endfacet
facet normal 0.491276 0 -0.871004
 outer loop
  vertex 173.7 125.461 1002.75
  vertex 172.525 125.516 1001.97
  vertex 173.712 131.002 1002.75
 endloop
endfacet
facet normal 0.792946 0 -0.609291
 outer loop
  vertex 172.525 125.516 1001.97
  vertex 171.766 125.595 1000.84
  vertex 172.525 131.002 1001.97
 endloop
endfacet
facet normal 0.967094 0 -0.25442
 outer loop
  vertex 171.766 125.595 1000.84
  vertex 171.5 125.687 999.5
  vertex 171.746 131.002 1000.79
 endloop
endfacet
facet normal 0.991547 0 0.129751
 outer loop
  vertex 171.5 131.002 999.5
  vertex 171.5 125.687 999.5
  vertex 171.766 125.778 998.161
 endloop
endfacet
facet normal 0.786498 2.46398E-15 0.617593
 outer loop
  vertex 202.526 127.91 945.063
  vertex 202.525 131.002 945.064
  vertex 201.81 127.895 946.098
 endloop
endfacet
facet normal 0.608431 3.16331E-15 0.793607
 outer loop
  vertex 202.526 127.91 945.063
  vertex 203.671 127.92 944.301
  vertex 202.525 131.002 945.064
 endloop
endfacet
facet normal 0.493828 3.47486E-15 0.869559
 outer loop
  vertex 202.525 131.002 945.064
  vertex 203.671 127.92 944.301
  vertex 203.712 131.002 944.284
 endloop
endfacet
facet normal 0.253408 3.84696E-15 0.967359
 outer loop
  vertex 203.712 131.002 944.284
  vertex 203.671 127.92 944.301
  vertex 205 127.923 944.038
 endloop
endfacet
facet normal 0.124659 3.94451E-15 0.9922
 outer loop
  vertex 205 131.002 944.038
  vertex 203.712 131.002 944.284
  vertex 205 127.923 944.038
 endloop
endfacet
facet normal 0.863758 2.02252E-15 0.503906
 outer loop
  vertex 202.525 131.002 945.064
  vertex 201.746 131.002 946.25
  vertex 201.81 127.895 946.098
 endloop
endfacet
facet normal 0.96436 1.05799E-15 0.264595
 outer loop
  vertex 201.81 127.895 946.098
  vertex 201.746 131.002 946.25
  vertex 201.5 127.873 947.538
 endloop
endfacet
facet normal 0.9922 5.03554E-16 0.124659
 outer loop
  vertex 201.5 127.873 947.538
  vertex 201.746 131.002 946.25
  vertex 201.5 131.002 947.538
 endloop
endfacet
facet normal 0.97491 -8.82675E-16 -0.222598
 outer loop
  vertex 201.651 127.857 948.557
  vertex 201.5 131.002 947.538
  vertex 201.746 131.002 948.827
 endloop
endfacet
facet normal 0.846159 -2.12886E-15 -0.532931
 outer loop
  vertex 201.971 127.844 949.292
  vertex 201.746 131.002 948.827
  vertex 202.525 131.002 950.013
 endloop
endfacet
facet normal 0.605184 -3.18286E-15 -0.796086
 outer loop
  vertex 202.526 127.831 950.014
  vertex 202.525 131.002 950.013
  vertex 203.712 131.002 950.793
 endloop
endfacet
facet normal 0.249053 -3.85062E-15 -0.96849
 outer loop
  vertex 203.714 127.816 950.794
  vertex 203.712 131.002 950.793
  vertex 205 131.002 951.038
 endloop
endfacet
facet normal 0.124395 -3.93441E-15 -0.992233
 outer loop
  vertex 205 127.811 951.038
  vertex 203.714 127.816 950.794
  vertex 205 131.002 951.038
 endloop
endfacet
facet normal 0.489812 -3.46762E-15 -0.871828
 outer loop
  vertex 203.714 127.816 950.794
  vertex 202.526 127.831 950.014
  vertex 203.712 131.002 950.793
 endloop
endfacet
facet normal 0.765616 -2.56661E-15 -0.643297
 outer loop
  vertex 202.526 127.831 950.014
  vertex 201.971 127.844 949.292
  vertex 202.525 131.002 950.013
 endloop
endfacet
facet normal 0.921492 -1.54021E-15 -0.388397
 outer loop
  vertex 201.971 127.844 949.292
  vertex 201.651 127.857 948.557
  vertex 201.746 131.002 948.827
 endloop
endfacet
facet normal 0.995193 -3.88386E-16 -0.0979377
 outer loop
  vertex 201.651 127.857 948.557
  vertex 201.5 127.873 947.538
  vertex 201.5 131.002 947.538
 endloop
endfacet
facet normal 0.967052 -0.0531698 0.248965
 outer loop
  vertex 7.01926 -41.998 1036.5
  vertex 6.83872 -49.998 1035.25
  vertex 7.22854 -41.998 1035.4
 endloop
endfacet
facet normal 0.990796 -0.0531698 0.124482
 outer loop
  vertex 7.01926 -41.998 1036.5
  vertex 6.6 -49.998 1036.5
  vertex 6.83872 -49.998 1035.25
 endloop
endfacet
facet normal 0.794888 -0.0533169 0.604409
 outer loop
  vertex 7.22854 -41.998 1035.4
  vertex 7.59584 -49.998 1034.1
  vertex 7.8923 -41.998 1034.39
 endloop
endfacet
facet normal 0.870403 -0.0533169 0.489445
 outer loop
  vertex 7.22854 -41.998 1035.4
  vertex 6.83872 -49.998 1035.25
  vertex 7.59584 -49.998 1034.1
 endloop
endfacet
facet normal 0.604409 -0.0533169 0.794888
 outer loop
  vertex 7.59584 -49.998 1034.1
  vertex 8.74848 -49.998 1033.34
  vertex 7.8923 -41.998 1034.39
 endloop
endfacet
facet normal 0.489445 -0.0533169 0.870403
 outer loop
  vertex 7.8923 -41.998 1034.39
  vertex 8.74848 -49.998 1033.34
  vertex 8.90281 -41.998 1033.73
 endloop
endfacet
facet normal 0.248965 -0.0531698 0.967052
 outer loop
  vertex 8.90281 -41.998 1033.73
  vertex 8.74848 -49.998 1033.34
  vertex 10 -49.998 1033.1
 endloop
endfacet
facet normal -0.124482 -0.0531698 0.990796
 outer loop
  vertex 10 -41.998 1033.52
  vertex 10 -49.998 1033.1
  vertex 11.2515 -49.998 1033.34
 endloop
endfacet
facet normal -0.489445 -0.0533169 0.870403
 outer loop
  vertex 11.0972 -41.998 1033.73
  vertex 11.2515 -49.998 1033.34
  vertex 12.4042 -49.998 1034.1
 endloop
endfacet
facet normal -0.794888 -0.0533169 0.604409
 outer loop
  vertex 12.1077 -41.998 1034.39
  vertex 12.4042 -49.998 1034.1
  vertex 13.1613 -49.998 1035.25
 endloop
endfacet
facet normal -0.967052 -0.0531698 0.248965
 outer loop
  vertex 12.7715 -41.998 1035.4
  vertex 13.1613 -49.998 1035.25
  vertex 13.4 -49.998 1036.5
 endloop
endfacet
facet normal -0.990796 -0.0531698 0.124482
 outer loop
  vertex 12.9807 -41.998 1036.5
  vertex 12.7715 -41.998 1035.4
  vertex 13.4 -49.998 1036.5
 endloop
endfacet
facet normal -0.870403 -0.0533169 0.489445
 outer loop
  vertex 12.7715 -41.998 1035.4
  vertex 12.1077 -41.998 1034.39
  vertex 13.1613 -49.998 1035.25
 endloop
endfacet
facet normal -0.604409 -0.0533169 0.794888
 outer loop
  vertex 12.1077 -41.998 1034.39
  vertex 11.0972 -41.998 1033.73
  vertex 12.4042 -49.998 1034.1
 endloop
endfacet
facet normal -0.248965 -0.0531698 0.967052
 outer loop
  vertex 11.0972 -41.998 1033.73
  vertex 10 -41.998 1033.52
  vertex 11.2515 -49.998 1033.34
 endloop
endfacet
facet normal 0.124482 -0.0531698 0.990796
 outer loop
  vertex 10 -49.998 1033.1
  vertex 10 -41.998 1033.52
  vertex 8.90281 -41.998 1033.73
 endloop
endfacet
facet normal 0.0945453 -0.0528113 0.994119
 outer loop
  vertex 150 -69.998 1060
  vertex 150 -83.0309 1059.32
  vertex 177.725 -69.998 1056.02
 endloop
endfacet
facet normal 0.198544 -0.0528646 0.978665
 outer loop
  vertex 177.725 -69.998 1056.02
  vertex 150 -83.0309 1059.32
  vertex 180.227 -83.0309 1054.53
 endloop
endfacet
facet normal 0.484947 -0.0528347 0.872946
 outer loop
  vertex 203.809 -69.998 1044
  vertex 180.227 -83.0309 1054.53
  vertex 207.495 -83.0309 1040.64
 endloop
endfacet
facet normal 0.724738 -0.052805 0.686999
 outer loop
  vertex 224.964 -69.998 1025.4
  vertex 207.495 -83.0309 1040.64
  vertex 229.136 -83.0309 1019
 endloop
endfacet
facet normal 0.895372 -0.052776 0.442181
 outer loop
  vertex 239.369 -69.998 1002.92
  vertex 229.136 -83.0309 1019
  vertex 243.029 -83.0309 991.727
 endloop
endfacet
facet normal 0.986956 -0.0527688 0.152098
 outer loop
  vertex 247.471 -69.998 975.699
  vertex 243.029 -83.0309 991.727
  vertex 247.817 -83.0309 961.5
 endloop
endfacet
facet normal 0.986956 -0.0527688 -0.152098
 outer loop
  vertex 247.471 -69.998 947.301
  vertex 247.817 -83.0309 961.5
  vertex 243.029 -83.0309 931.273
 endloop
endfacet
facet normal 0.895372 -0.052776 -0.442181
 outer loop
  vertex 239.369 -69.998 920.082
  vertex 243.029 -83.0309 931.273
  vertex 229.136 -83.0309 904.005
 endloop
endfacet
facet normal 0.724738 -0.052805 -0.686998
 outer loop
  vertex 224.964 -69.998 897.604
  vertex 229.136 -83.0309 904.005
  vertex 207.495 -83.0309 882.364
 endloop
endfacet
facet normal 0.484948 -0.0528348 -0.872946
 outer loop
  vertex 203.809 -69.998 878.996
  vertex 207.495 -83.0309 882.364
  vertex 180.227 -83.0309 868.471
 endloop
endfacet
facet normal 0.198543 -0.0528646 -0.978665
 outer loop
  vertex 177.724 -69.998 866.982
  vertex 180.227 -83.0309 868.471
  vertex 150 -83.0309 863.683
 endloop
endfacet
facet normal 0.0945444 -0.0528113 -0.994119
 outer loop
  vertex 150 -69.998 863
  vertex 177.724 -69.998 866.982
  vertex 150 -83.0309 863.683
 endloop
endfacet
facet normal 0.381695 -0.0527913 -0.922779
 outer loop
  vertex 177.724 -69.998 866.982
  vertex 203.809 -69.998 878.996
  vertex 180.227 -83.0309 868.471
 endloop
endfacet
facet normal 0.635797 -0.0527469 -0.770052
 outer loop
  vertex 203.809 -69.998 878.996
  vertex 224.964 -69.998 897.604
  vertex 207.495 -83.0309 882.364
 endloop
endfacet
facet normal 0.830063 -0.0526789 -0.555176
 outer loop
  vertex 224.964 -69.998 897.604
  vertex 239.369 -69.998 920.082
  vertex 229.136 -83.0309 904.005
 endloop
endfacet
facet normal 0.954697 -0.0527055 -0.292874
 outer loop
  vertex 239.369 -69.998 920.082
  vertex 247.471 -69.998 947.301
  vertex 243.029 -83.0309 931.273
 endloop
endfacet
facet normal 0.99861 -0.0527019 5.00179E-08
 outer loop
  vertex 247.471 -69.998 947.301
  vertex 247.471 -69.998 975.699
  vertex 247.817 -83.0309 961.5
 endloop
endfacet
facet normal 0.954697 -0.0527055 0.292874
 outer loop
  vertex 247.471 -69.998 975.699
  vertex 239.369 -69.998 1002.92
  vertex 243.029 -83.0309 991.727
 endloop
endfacet
facet normal 0.830062 -0.0526789 0.555177
 outer loop
  vertex 239.369 -69.998 1002.92
  vertex 224.964 -69.998 1025.4
  vertex 229.136 -83.0309 1019
 endloop
endfacet
facet normal 0.635795 -0.0527469 0.770053
 outer loop
  vertex 224.964 -69.998 1025.4
  vertex 203.809 -69.998 1044
  vertex 207.495 -83.0309 1040.64
 endloop
endfacet
facet normal 0.381696 -0.0527913 0.922779
 outer loop
  vertex 203.809 -69.998 1044
  vertex 177.725 -69.998 1056.02
  vertex 180.227 -83.0309 1054.53
 endloop
endfacet
facet normal -0.263945 -0.0524033 0.963113
 outer loop
  vertex 117.472 -83.0309 1053.75
  vertex 128.082 -83.0309 1056.83
  vertex 126.981 -82.7904 1056.58
 endloop
endfacet
facet normal -0.23124 -0.0523367 0.971488
 outer loop
  vertex 126.981 -82.7904 1056.58
  vertex 128.082 -83.0309 1056.83
  vertex 126.824 -69.998 1057.23
 endloop
endfacet
facet normal -0.190747 -0.0524184 0.980239
 outer loop
  vertex 126.824 -69.998 1057.23
  vertex 128.082 -83.0309 1056.83
  vertex 138.971 -83.0309 1058.69
 endloop
endfacet
facet normal -0.0375871 -0.0524101 0.997918
 outer loop
  vertex 150 -69.998 1060
  vertex 138.971 -83.0309 1058.69
  vertex 150 -83.0309 1059.32
 endloop
endfacet
facet normal -0.116403 -0.0525824 0.991809
 outer loop
  vertex 150 -69.998 1060
  vertex 126.824 -69.998 1057.23
  vertex 138.971 -83.0309 1058.69
 endloop
endfacet
facet normal 0.531282 0.272986 -0.802009
 outer loop
  vertex 347.504 30.14 896.037
  vertex 371.121 18.4818 907.251
  vertex 344 16.5299 889.105
 endloop
endfacet
facet normal 0.531865 0.303963 -0.790396
 outer loop
  vertex 344 31.9757 894.479
  vertex 347.504 30.14 896.037
  vertex 344 16.5299 889.105
 endloop
endfacet
facet normal 0.530402 0.215648 -0.81986
 outer loop
  vertex 371.121 18.4818 907.251
  vertex 371.121 12.4461 905.557
  vertex 344 16.5299 889.105
 endloop
endfacet
facet normal 0.530454 0.155331 -0.833361
 outer loop
  vertex 344 16.5299 889.105
  vertex 371.121 12.4461 905.557
  vertex 371.121 6.26151 904.533
 endloop
endfacet
facet normal 0.530427 0.0309047 -0.847167
 outer loop
  vertex 344 0.00199999 887.243
  vertex 371.121 6.26151 904.533
  vertex 371.121 0.002 904.19
 endloop
endfacet
facet normal 0.531522 0.0940773 -0.841804
 outer loop
  vertex 344 0.00199999 887.243
  vertex 344 16.5299 889.105
  vertex 371.121 6.26151 904.533
 endloop
endfacet
facet normal 0.532673 -0.0715965 -0.843287
 outer loop
  vertex 344 0.00199999 887.243
  vertex 371.121 0.002 904.19
  vertex 344 -18.7083 889.638
 endloop
endfacet
facet normal 0.534983 -0.181119 -0.825221
 outer loop
  vertex 344 -18.7083 889.638
  vertex 371.121 0.002 904.19
  vertex 371.121 -21.9296 908.552
 endloop
endfacet
facet normal 0.535085 -0.451142 -0.714251
 outer loop
  vertex 344 -36.4385 896.799
  vertex 371.121 -21.9296 908.552
  vertex 371.121 -40.5223 920.976
 endloop
endfacet
facet normal 0.532217 -0.637651 -0.556909
 outer loop
  vertex 344 -51.4756 907.981
  vertex 371.121 -40.5223 920.976
  vertex 344 -62.7926 921.865
 endloop
endfacet
facet normal 0.532862 -0.537542 -0.653534
 outer loop
  vertex 344 -51.4756 907.981
  vertex 344 -36.4385 896.799
  vertex 371.121 -40.5223 920.976
 endloop
endfacet
facet normal 0.534866 -0.706635 -0.463234
 outer loop
  vertex 371.121 -40.5223 920.976
  vertex 371.121 -52.9456 939.568
  vertex 344 -62.7926 921.865
 endloop
endfacet
facet normal 0.531704 -0.769738 -0.353262
 outer loop
  vertex 344 -62.7926 921.865
  vertex 371.121 -52.9456 939.568
  vertex 357.629 -62.0784 939.869
 endloop
endfacet
facet normal 0.531461 -0.808571 -0.252511
 outer loop
  vertex 357.629 -62.0784 939.869
  vertex 371.121 -52.9456 939.568
  vertex 362.251 -61.8361 950.252
 endloop
endfacet
facet normal 0.534849 -0.829614 -0.160242
 outer loop
  vertex 362.251 -61.8361 950.252
  vertex 371.121 -52.9456 939.568
  vertex 371.121 -57.3081 961.5
 endloop
endfacet
facet normal 0.531273 -0.845702 0.0503687
 outer loop
  vertex 364.023 -61.7432 961.5
  vertex 371.121 -57.3081 961.5
  vertex 362.276 -61.8348 972.668
 endloop
endfacet
facet normal 0.531292 -0.845669 -0.0507178
 outer loop
  vertex 364.023 -61.7432 961.5
  vertex 362.251 -61.8361 950.252
  vertex 371.121 -57.3081 961.5
 endloop
endfacet
facet normal 0.534851 -0.82968 0.159893
 outer loop
  vertex 371.121 -57.3081 961.5
  vertex 371.121 -52.9456 983.432
  vertex 362.276 -61.8348 972.668
 endloop
endfacet
facet normal 0.531476 -0.80876 0.251876
 outer loop
  vertex 362.276 -61.8348 972.668
  vertex 371.121 -52.9456 983.432
  vertex 357.673 -62.0761 983.054
 endloop
endfacet
facet normal 0.531718 -0.76986 0.352975
 outer loop
  vertex 357.673 -62.0761 983.054
  vertex 371.121 -52.9456 983.432
  vertex 344 -62.7926 1001.14
 endloop
endfacet
facet normal 0.534866 -0.706635 0.463234
 outer loop
  vertex 344 -62.7926 1001.14
  vertex 371.121 -52.9456 983.432
  vertex 371.121 -40.5223 1002.02
 endloop
endfacet
facet normal 0.532862 -0.537543 0.653533
 outer loop
  vertex 344 -51.4759 1015.02
  vertex 371.121 -40.5223 1002.02
  vertex 344 -36.4385 1026.2
 endloop
endfacet
facet normal 0.532216 -0.637652 0.556907
 outer loop
  vertex 344 -51.4759 1015.02
  vertex 344 -62.7926 1001.14
  vertex 371.121 -40.5223 1002.02
 endloop
endfacet
facet normal 0.535085 -0.451142 0.714251
 outer loop
  vertex 371.121 -40.5223 1002.02
  vertex 371.121 -21.9296 1014.45
  vertex 344 -36.4385 1026.2
 endloop
endfacet
facet normal 0.532044 -0.319403 0.784163
 outer loop
  vertex 344 -36.4385 1026.2
  vertex 371.121 -21.9296 1014.45
  vertex 344 -18.7086 1033.36
 endloop
endfacet
facet normal 0.534983 -0.18112 0.82522
 outer loop
  vertex 344 -18.7086 1033.36
  vertex 371.121 -21.9296 1014.45
  vertex 371.121 0.002 1018.81
 endloop
endfacet
facet normal 0.532673 -0.0715973 0.843287
 outer loop
  vertex 344 0.00199999 1035.76
  vertex 344 -18.7086 1033.36
  vertex 371.121 0.002 1018.81
 endloop
endfacet
facet normal 0.532044 -0.319402 -0.784163
 outer loop
  vertex 344 -36.4385 896.799
  vertex 344 -18.7083 889.638
  vertex 371.121 -21.9296 908.552
 endloop
endfacet
facet normal 0.813039 0.515903 -0.269836
 outer loop
  vertex 241.261 -69.998 920.618
  vertex 247.791 -69.998 940.597
  vertex 256.303 -90.5794 925.142
 endloop
endfacet
facet normal 0.827079 0.514948 -0.225317
 outer loop
  vertex 256.303 -90.5794 925.142
  vertex 247.791 -69.998 940.597
  vertex 261.2 -94.998 932.18
 endloop
endfacet
facet normal 0.817709 0.514709 -0.257734
 outer loop
  vertex 256.457 -90.793 925.197
  vertex 256.303 -90.5794 925.142
  vertex 261.2 -94.998 932.18
 endloop
endfacet
facet normal 0.852463 0.515911 -0.084511
 outer loop
  vertex 250 -69.998 961.5
  vertex 264.576 -94.998 951.63
  vertex 247.791 -69.998 940.597
 endloop
endfacet
facet normal 0.856955 0.514806 -0.024547
 outer loop
  vertex 250 -69.998 961.5
  vertex 265 -94.998 961.5
  vertex 264.576 -94.998 951.63
 endloop
endfacet
facet normal 0.846757 0.515009 -0.133295
 outer loop
  vertex 264.576 -94.998 951.63
  vertex 263.306 -94.998 941.833
  vertex 247.791 -69.998 940.597
 endloop
endfacet
facet normal 0.837902 0.514729 -0.181586
 outer loop
  vertex 247.791 -69.998 940.597
  vertex 263.306 -94.998 941.833
  vertex 261.2 -94.998 932.18
 endloop
endfacet
facet normal 0.0349922 0.308991 -0.950421
 outer loop
  vertex 371.121 18.4818 907.251
  vertex 464 20.8441 911.612
  vertex 371.121 12.4461 905.557
 endloop
endfacet
facet normal 0.0353606 0.203406 -0.978456
 outer loop
  vertex 371.121 12.4461 905.557
  vertex 464 20.8441 911.612
  vertex 464 0.002 907.433
 endloop
endfacet
facet normal 0.0349459 0.0364335 -0.998725
 outer loop
  vertex 371.121 6.26151 904.533
  vertex 464 0.002 907.433
  vertex 371.121 0.002 904.19
 endloop
endfacet
facet normal 0.0350391 0.109155 -0.993407
 outer loop
  vertex 371.121 6.26151 904.533
  vertex 371.121 12.4461 905.557
  vertex 464 0.002 907.433
 endloop
endfacet
facet normal 0.0355045 -0.129693 -0.990918
 outer loop
  vertex 464 0.002 907.433
  vertex 464 -20.6884 911.549
  vertex 371.121 0.002 904.19
 endloop
endfacet
facet normal 0.0355045 -0.259387 -0.965121
 outer loop
  vertex 371.121 0.002 904.19
  vertex 464 -20.6884 911.549
  vertex 371.121 -21.9296 908.552
 endloop
endfacet
facet normal 0.0355045 -0.499029 -0.865858
 outer loop
  vertex 371.121 -21.9296 908.552
  vertex 464 -20.6884 911.549
  vertex 464 -38.2289 923.269
 endloop
endfacet
facet normal 0.0355045 -0.792392 -0.608978
 outer loop
  vertex 371.121 -40.5223 920.976
  vertex 464 -38.2289 923.269
  vertex 464 -49.9491 940.81
 endloop
endfacet
facet normal 0.0355045 -0.965121 -0.259387
 outer loop
  vertex 371.121 -52.9456 939.568
  vertex 464 -49.9491 940.81
  vertex 464 -54.0647 961.5
 endloop
endfacet
facet normal 0.0355045 -0.990918 0.129693
 outer loop
  vertex 371.121 -57.3081 961.5
  vertex 464 -54.0647 961.5
  vertex 464 -49.9491 982.19
 endloop
endfacet
facet normal 0.0355045 -0.865858 0.499029
 outer loop
  vertex 371.121 -52.9456 983.432
  vertex 464 -49.9491 982.19
  vertex 464 -38.2289 999.731
 endloop
endfacet
facet normal 0.0355045 -0.608978 0.792392
 outer loop
  vertex 371.121 -40.5223 1002.02
  vertex 464 -38.2289 999.731
  vertex 464 -20.6884 1011.45
 endloop
endfacet
facet normal 0.0355045 -0.259387 0.965121
 outer loop
  vertex 371.121 -21.9296 1014.45
  vertex 464 -20.6884 1011.45
  vertex 464 0.002 1015.57
 endloop
endfacet
facet normal 0.0355045 -0.129693 0.990918
 outer loop
  vertex 371.121 0.002 1018.81
  vertex 371.121 -21.9296 1014.45
  vertex 464 0.002 1015.57
 endloop
endfacet
facet normal 0.0355045 -0.499029 0.865858
 outer loop
  vertex 371.121 -21.9296 1014.45
  vertex 371.121 -40.5223 1002.02
  vertex 464 -20.6884 1011.45
 endloop
endfacet
facet normal 0.0355045 -0.792392 0.608978
 outer loop
  vertex 371.121 -40.5223 1002.02
  vertex 371.121 -52.9456 983.432
  vertex 464 -38.2289 999.731
 endloop
endfacet
facet normal 0.0355045 -0.965121 0.259387
 outer loop
  vertex 371.121 -52.9456 983.432
  vertex 371.121 -57.3081 961.5
  vertex 464 -49.9491 982.19
 endloop
endfacet
facet normal 0.0355045 -0.990918 -0.129693
 outer loop
  vertex 371.121 -57.3081 961.5
  vertex 371.121 -52.9456 939.568
  vertex 464 -54.0647 961.5
 endloop
endfacet
facet normal 0.0355045 -0.865858 -0.499029
 outer loop
  vertex 371.121 -52.9456 939.568
  vertex 371.121 -40.5223 920.976
  vertex 464 -49.9491 940.81
 endloop
endfacet
facet normal 0.0355045 -0.608978 -0.792392
 outer loop
  vertex 371.121 -40.5223 920.976
  vertex 371.121 -21.9296 908.552
  vertex 464 -38.2289 923.269
 endloop
endfacet
facet normal 0.276138 0 0.961118
 outer loop
  vertex 25 -91.2991 1005.66
  vertex 29.6533 -100.998 1004.73
  vertex 30.2229 -93.3015 1004.48
 endloop
endfacet
facet normal 0.129775 0 0.991543
 outer loop
  vertex 25 -91.2991 1005.66
  vertex 25 -100.998 1005.66
  vertex 29.6533 -100.998 1004.73
 endloop
endfacet
facet normal 0.645812 0 0.763497
 outer loop
  vertex 30.2229 -93.3015 1004.48
  vertex 33.5982 -100.998 1002.1
  vertex 34.3331 -95.6557 1001.29
 endloop
endfacet
facet normal 0.514218 0 0.857659
 outer loop
  vertex 30.2229 -93.3015 1004.48
  vertex 29.6533 -100.998 1004.73
  vertex 33.5982 -100.998 1002.1
 endloop
endfacet
facet normal 0.810917 0 0.585161
 outer loop
  vertex 33.5982 -100.998 1002.1
  vertex 36.2341 -100.998 998.153
  vertex 34.3331 -95.6557 1001.29
 endloop
endfacet
facet normal 0.899976 0 0.43594
 outer loop
  vertex 34.3331 -95.6557 1001.29
  vertex 36.2341 -100.998 998.153
  vertex 36.7318 -98.032 996.698
 endloop
endfacet
facet normal 0.97592 0 0.218129
 outer loop
  vertex 36.7318 -98.032 996.698
  vertex 36.2341 -100.998 998.153
  vertex 37.1597 -100.998 993.5
 endloop
endfacet
facet normal 0.981805 0 -0.189892
 outer loop
  vertex 36.9618 -99.998 991.315
  vertex 37.1597 -100.998 993.5
  vertex 36.2341 -100.998 988.847
 endloop
endfacet
facet normal 0.815053 0 -0.579386
 outer loop
  vertex 34.4952 -99.998 985.904
  vertex 36.2341 -100.998 988.847
  vertex 33.5982 -100.998 984.902
 endloop
endfacet
facet normal 0.502044 0 -0.864842
 outer loop
  vertex 29.7573 -99.998 982.31
  vertex 33.5982 -100.998 984.902
  vertex 29.6533 -100.998 982.266
 endloop
endfacet
facet normal 0.262561 0 -0.964915
 outer loop
  vertex 25 -100.998 981.34
  vertex 29.7573 -99.998 982.31
  vertex 29.6533 -100.998 982.266
 endloop
endfacet
facet normal 0.132785 0 -0.991145
 outer loop
  vertex 25 -100.998 981.34
  vertex 25 -98.2622 981.34
  vertex 29.7573 -99.998 982.31
 endloop
endfacet
facet normal 0.640681 0 -0.767807
 outer loop
  vertex 29.7573 -99.998 982.31
  vertex 34.4952 -99.998 985.904
  vertex 33.5982 -100.998 984.902
 endloop
endfacet
facet normal 0.914796 0 -0.403915
 outer loop
  vertex 34.4952 -99.998 985.904
  vertex 36.9618 -99.998 991.315
  vertex 36.2341 -100.998 988.847
 endloop
endfacet
facet normal 0.999601 0 0.0282366
 outer loop
  vertex 36.7318 -98.032 996.698
  vertex 37.1597 -100.998 993.5
  vertex 36.9618 -99.998 991.315
 endloop
endfacet
facet normal 0.262561 0 0.964915
 outer loop
  vertex 25 -98.2622 941.66
  vertex 29.6533 -100.998 940.734
  vertex 29.7573 -99.998 940.69
 endloop
endfacet
facet normal 0.129775 0 0.991543
 outer loop
  vertex 25 -98.2622 941.66
  vertex 25 -100.998 941.66
  vertex 29.6533 -100.998 940.734
 endloop
endfacet
facet normal 0.502044 0 0.864842
 outer loop
  vertex 29.6533 -100.998 940.734
  vertex 33.5982 -100.998 938.098
  vertex 29.7573 -99.998 940.69
 endloop
endfacet
facet normal 0.640681 0 0.767807
 outer loop
  vertex 29.7573 -99.998 940.69
  vertex 33.5982 -100.998 938.098
  vertex 34.4952 -99.998 937.096
 endloop
endfacet
facet normal 0.815053 0 0.579386
 outer loop
  vertex 34.4952 -99.998 937.096
  vertex 33.5982 -100.998 938.098
  vertex 36.2341 -100.998 934.153
 endloop
endfacet
facet normal 0.981805 0 0.189892
 outer loop
  vertex 36.9618 -99.998 931.685
  vertex 36.2341 -100.998 934.153
  vertex 37.1597 -100.998 929.5
 endloop
endfacet
facet normal 0.976028 0 -0.217646
 outer loop
  vertex 36.7364 -98.0396 926.32
  vertex 37.1597 -100.998 929.5
  vertex 36.2341 -100.998 924.847
 endloop
endfacet
facet normal 0.810969 0 -0.585089
 outer loop
  vertex 34.3352 -95.6572 921.708
  vertex 36.2341 -100.998 924.847
  vertex 33.5982 -100.998 920.902
 endloop
endfacet
facet normal 0.51405 0 -0.85776
 outer loop
  vertex 30.2165 -93.2985 918.516
  vertex 33.5982 -100.998 920.902
  vertex 29.6533 -100.998 918.266
 endloop
endfacet
facet normal 0.129775 0 -0.991543
 outer loop
  vertex 25 -91.2991 917.34
  vertex 29.6533 -100.998 918.266
  vertex 25 -100.998 917.34
 endloop
endfacet
facet normal 0.275951 0 -0.961172
 outer loop
  vertex 25 -91.2991 917.34
  vertex 30.2165 -93.2985 918.516
  vertex 29.6533 -100.998 918.266
 endloop
endfacet
facet normal 0.645734 0 -0.763562
 outer loop
  vertex 30.2165 -93.2985 918.516
  vertex 34.3352 -95.6572 921.708
  vertex 33.5982 -100.998 920.902
 endloop
endfacet
facet normal 0.900227 0 -0.435421
 outer loop
  vertex 34.3352 -95.6572 921.708
  vertex 36.7364 -98.0396 926.32
  vertex 36.2341 -100.998 924.847
 endloop
endfacet
facet normal 0.999615 0 -0.0277534
 outer loop
  vertex 36.7364 -98.0396 926.32
  vertex 36.9618 -99.998 931.685
  vertex 37.1597 -100.998 929.5
 endloop
endfacet
facet normal 0.914796 0 0.403915
 outer loop
  vertex 36.9618 -99.998 931.685
  vertex 34.4952 -99.998 937.096
  vertex 36.2341 -100.998 934.153
 endloop
endfacet
facet normal 0.129775 0 0.991543
 outer loop
  vertex 150 -115 1015
  vertex 170.474 -115 1010.93
  vertex 150 -106.998 1015
 endloop
endfacet
facet normal 0.254434 0 0.96709
 outer loop
  vertex 150 -106.998 1015
  vertex 170.474 -115 1010.93
  vertex 169.693 -106.998 1011.24
 endloop
endfacet
facet normal 0.494753 0 0.869034
 outer loop
  vertex 169.693 -106.998 1011.24
  vertex 170.474 -115 1010.93
  vertex 187.83 -115 999.33
 endloop
endfacet
facet normal 0.792892 0 0.609362
 outer loop
  vertex 187.83 -106.998 999.33
  vertex 187.83 -115 999.33
  vertex 199.428 -115 981.974
 endloop
endfacet
facet normal 0.96709 0 0.254434
 outer loop
  vertex 199.744 -106.998 981.193
  vertex 199.428 -115 981.974
  vertex 203.5 -115 961.5
 endloop
endfacet
facet normal 0.991543 0 -0.129775
 outer loop
  vertex 203.5 -106.998 961.5
  vertex 203.5 -115 961.5
  vertex 199.428 -115 941.026
 endloop
endfacet
facet normal 0.869034 0 -0.494753
 outer loop
  vertex 199.744 -106.998 941.807
  vertex 199.428 -115 941.026
  vertex 187.83 -115 923.67
 endloop
endfacet
facet normal 0.609362 0 -0.792892
 outer loop
  vertex 187.83 -106.998 923.67
  vertex 187.83 -115 923.67
  vertex 170.474 -115 912.072
 endloop
endfacet
facet normal 0.254434 0 -0.96709
 outer loop
  vertex 169.693 -106.998 911.756
  vertex 170.474 -115 912.072
  vertex 150 -115 908
 endloop
endfacet
facet normal 0.124659 0 -0.9922
 outer loop
  vertex 150 -106.998 908
  vertex 169.693 -106.998 911.756
  vertex 150 -115 908
 endloop
endfacet
facet normal 0.494753 0 -0.869034
 outer loop
  vertex 169.693 -106.998 911.756
  vertex 187.83 -106.998 923.67
  vertex 170.474 -115 912.072
 endloop
endfacet
facet normal 0.79602 0 -0.60527
 outer loop
  vertex 187.83 -106.998 923.67
  vertex 199.744 -106.998 941.807
  vertex 187.83 -115 923.67
 endloop
endfacet
facet normal 0.96709 0 -0.254434
 outer loop
  vertex 199.744 -106.998 941.807
  vertex 203.5 -106.998 961.5
  vertex 199.428 -115 941.026
 endloop
endfacet
facet normal 0.9922 0 0.124659
 outer loop
  vertex 203.5 -106.998 961.5
  vertex 199.744 -106.998 981.193
  vertex 203.5 -115 961.5
 endloop
endfacet
facet normal 0.869034 0 0.494753
 outer loop
  vertex 199.744 -106.998 981.193
  vertex 187.83 -106.998 999.33
  vertex 199.428 -115 981.974
 endloop
endfacet
facet normal 0.60527 0 0.79602
 outer loop
  vertex 187.83 -106.998 999.33
  vertex 169.693 -106.998 1011.24
  vertex 187.83 -115 999.33
 endloop
endfacet
facet normal 0.254434 2.25621E-16 0.96709
 outer loop
  vertex 150 -115 930.964
  vertex 138.314 -106.998 933.289
  vertex 138.76 -115 933.108
 endloop
endfacet
facet normal 0.129775 2.31181E-16 0.991543
 outer loop
  vertex 150 -115 930.964
  vertex 150 -106.998 930.964
  vertex 138.314 -106.998 933.289
 endloop
endfacet
facet normal 0.60527 1.84196E-16 0.79602
 outer loop
  vertex 138.76 -115 933.108
  vertex 128.408 -106.998 939.908
  vertex 128.408 -115 939.908
 endloop
endfacet
facet normal 0.494753 2.06655E-16 0.869034
 outer loop
  vertex 138.76 -115 933.108
  vertex 138.314 -106.998 933.289
  vertex 128.408 -106.998 939.908
 endloop
endfacet
facet normal 0.792892 1.50816E-16 0.609362
 outer loop
  vertex 128.408 -106.998 939.908
  vertex 121.789 -106.998 949.814
  vertex 128.408 -115 939.908
 endloop
endfacet
facet normal 0.869034 1.21473E-16 0.494753
 outer loop
  vertex 128.408 -115 939.908
  vertex 121.789 -106.998 949.814
  vertex 121.608 -115 950.26
 endloop
endfacet
facet normal 0.96709 6.68514E-17 0.254434
 outer loop
  vertex 121.608 -115 950.26
  vertex 121.789 -106.998 949.814
  vertex 119.464 -106.998 961.5
 endloop
endfacet
facet normal 0.991543 -3.85303E-17 -0.129775
 outer loop
  vertex 119.464 -115 961.5
  vertex 119.464 -106.998 961.5
  vertex 121.789 -106.998 973.186
 endloop
endfacet
facet normal 0.869034 -1.24781E-16 -0.494753
 outer loop
  vertex 121.608 -115 972.74
  vertex 121.789 -106.998 973.186
  vertex 128.408 -106.998 983.092
 endloop
endfacet
facet normal 0.609362 -1.89346E-16 -0.792892
 outer loop
  vertex 128.408 -115 983.092
  vertex 128.408 -106.998 983.092
  vertex 138.314 -106.998 989.711
 endloop
endfacet
facet normal 0.254434 -2.25621E-16 -0.96709
 outer loop
  vertex 138.76 -115 989.892
  vertex 138.314 -106.998 989.711
  vertex 150 -106.998 992.036
 endloop
endfacet
facet normal 0.124659 -2.25465E-16 -0.9922
 outer loop
  vertex 150 -115 992.036
  vertex 138.76 -115 989.892
  vertex 150 -106.998 992.036
 endloop
endfacet
facet normal 0.494753 -2.03347E-16 -0.869034
 outer loop
  vertex 138.76 -115 989.892
  vertex 128.408 -115 983.092
  vertex 138.314 -106.998 989.711
 endloop
endfacet
facet normal 0.79602 -1.4085E-16 -0.60527
 outer loop
  vertex 128.408 -115 983.092
  vertex 121.608 -115 972.74
  vertex 128.408 -106.998 983.092
 endloop
endfacet
facet normal 0.96709 -6.68514E-17 -0.254434
 outer loop
  vertex 121.608 -115 972.74
  vertex 119.464 -115 961.5
  vertex 121.789 -106.998 973.186
 endloop
endfacet
facet normal 0.9922 2.83271E-17 0.124659
 outer loop
  vertex 119.464 -106.998 961.5
  vertex 119.464 -115 961.5
  vertex 121.608 -115 950.26
 endloop
endfacet
facet normal 0 0.171862 0.985121
 outer loop
  vertex 468 42.426 917.941
  vertex 468 45.926 917.003
  vertex 464 42.426 917.941
 endloop
endfacet
facet normal 0 0.343724 0.939071
 outer loop
  vertex 464 42.426 917.941
  vertex 468 45.926 917.003
  vertex 464 45.926 917.003
 endloop
endfacet
facet normal 0 0.641397 0.767209
 outer loop
  vertex 464 45.926 917.003
  vertex 468 45.926 917.003
  vertex 468 48.4882 914.441
 endloop
endfacet
facet normal 0 0.939071 0.343724
 outer loop
  vertex 464 48.4882 914.441
  vertex 468 48.4882 914.441
  vertex 468 49.426 910.941
 endloop
endfacet
facet normal 0 0.985121 -0.171862
 outer loop
  vertex 464 49.426 910.941
  vertex 468 49.426 910.941
  vertex 468 48.4882 907.441
 endloop
endfacet
facet normal 0 0.767209 -0.641397
 outer loop
  vertex 464 48.4882 907.441
  vertex 468 48.4882 907.441
  vertex 468 45.926 904.879
 endloop
endfacet
facet normal 0 0.343724 -0.939071
 outer loop
  vertex 464 45.926 904.879
  vertex 468 45.926 904.879
  vertex 468 42.426 903.941
 endloop
endfacet
facet normal 0 0.171862 -0.985121
 outer loop
  vertex 464 42.426 903.941
  vertex 464 45.926 904.879
  vertex 468 42.426 903.941
 endloop
endfacet
facet normal 0 0.641397 -0.767209
 outer loop
  vertex 464 45.926 904.879
  vertex 464 48.4882 907.441
  vertex 468 45.926 904.879
 endloop
endfacet
facet normal 0 0.939071 -0.343724
 outer loop
  vertex 464 48.4882 907.441
  vertex 464 49.426 910.941
  vertex 468 48.4882 907.441
 endloop
endfacet
facet normal 0 0.985121 0.171862
 outer loop
  vertex 464 49.426 910.941
  vertex 464 48.4882 914.441
  vertex 468 49.426 910.941
 endloop
endfacet
facet normal 0 0.767209 0.641397
 outer loop
  vertex 464 48.4882 914.441
  vertex 464 45.926 917.003
  vertex 468 48.4882 914.441
 endloop
endfacet
facet normal 0 -0.0833694 -0.996519
 outer loop
  vertex 481.845 41.5493 901.632
  vertex 468 41.5493 901.632
  vertex 481.845 41.8411 901.609
 endloop
endfacet
facet normal 0 -0.0729674 -0.997334
 outer loop
  vertex 481.845 41.8411 901.609
  vertex 468 41.5493 901.632
  vertex 468 41.8411 901.609
 endloop
endfacet
facet normal 0 -0.0417204 -0.999129
 outer loop
  vertex 481.845 42.1334 901.596
  vertex 468 41.8411 901.609
  vertex 468 42.1334 901.596
 endloop
endfacet
facet normal 0 -0.0104327 -0.999946
 outer loop
  vertex 481.845 42.426 901.591
  vertex 468 42.1334 901.596
  vertex 468 42.426 901.591
 endloop
endfacet
facet normal 0 -0.0208653 -0.999782
 outer loop
  vertex 481.845 42.426 901.591
  vertex 481.845 42.1334 901.596
  vertex 468 42.1334 901.596
 endloop
endfacet
facet normal 0 -0.0521429 -0.99864
 outer loop
  vertex 481.845 42.1334 901.596
  vertex 481.845 41.8411 901.609
  vertex 468 41.8411 901.609
 endloop
endfacet
facet normal 3.01646E-16 -1 5.29359E-16
 outer loop
  vertex 81.1406 -103.998 941.953
  vertex 83.3367 -103.998 939.757
  vertex 85.3216 -103.998 942.83
 endloop
endfacet
facet normal 3.01646E-16 -1 5.29359E-16
 outer loop
  vertex 80.0232 -103.998 949.868
  vertex 81.1406 -103.998 941.953
  vertex 85.3216 -103.998 942.83
 endloop
endfacet
facet normal 3.01646E-16 -1 5.29359E-16
 outer loop
  vertex 80.0232 -103.998 949.868
  vertex 76.8792 -103.998 946.672
  vertex 81.1406 -103.998 941.953
 endloop
endfacet
facet normal 3.01646E-16 -1 5.29359E-16
 outer loop
  vertex 81.1406 -103.998 941.953
  vertex 76.8792 -103.998 946.672
  vertex 78.1406 -103.998 942.757
 endloop
endfacet
facet normal 3.01646E-16 -1 5.29359E-16
 outer loop
  vertex 78.1406 -103.998 942.757
  vertex 76.8792 -103.998 946.672
  vertex 75.1406 -103.998 941.953
 endloop
endfacet
facet normal 3.01646E-16 -1 5.29359E-16
 outer loop
  vertex 75.1406 -103.998 941.953
  vertex 76.8792 -103.998 946.672
  vertex 73.0738 -103.998 944.301
 endloop
endfacet
facet normal 3.01646E-16 -1 5.29359E-16
 outer loop
  vertex 72.9444 -103.998 939.757
  vertex 73.0738 -103.998 944.301
  vertex 68.8188 -103.998 942.888
 endloop
endfacet
facet normal 3.01646E-16 -1 5.29359E-16
 outer loop
  vertex 68.4792 -103.998 942.337
  vertex 72.9444 -103.998 939.757
  vertex 68.8188 -103.998 942.888
 endloop
endfacet
facet normal 3.01646E-16 -1 5.29359E-16
 outer loop
  vertex 68.4792 -103.998 942.337
  vertex 68.172 -103.998 941.768
  vertex 72.9444 -103.998 939.757
 endloop
endfacet
facet normal 3.01646E-16 -1 5.29359E-16
 outer loop
  vertex 72.9444 -103.998 939.757
  vertex 68.172 -103.998 941.768
  vertex 67.8983 -103.998 941.182
 endloop
endfacet
facet normal 3.01646E-16 -1 5.29359E-16
 outer loop
  vertex 69.2478 -103.998 936.348
  vertex 72.9444 -103.998 939.757
  vertex 67.8983 -103.998 941.182
 endloop
endfacet
facet normal 3.01646E-16 -1 5.29359E-16
 outer loop
  vertex 69.2478 -103.998 936.348
  vertex 72.1406 -103.998 936.757
  vertex 72.9444 -103.998 939.757
 endloop
endfacet
facet normal 3.01646E-16 -1 5.29359E-16
 outer loop
  vertex 69.2478 -103.998 936.348
  vertex 72.9444 -103.998 933.757
  vertex 72.1406 -103.998 936.757
 endloop
endfacet
facet normal 3.01646E-16 -1 5.29359E-16
 outer loop
  vertex 69.2478 -103.998 936.348
  vertex 70.8816 -103.998 931.604
  vertex 72.9444 -103.998 933.757
 endloop
endfacet
facet normal 3.01646E-16 -1 5.29359E-16
 outer loop
  vertex 72.9444 -103.998 933.757
  vertex 70.8816 -103.998 931.604
  vertex 75.1406 -103.998 931.561
 endloop
endfacet
facet normal 3.01646E-16 -1 5.29359E-16
 outer loop
  vertex 75.1406 -103.998 931.561
  vertex 70.8816 -103.998 931.604
  vertex 72.7938 -103.998 926.964
 endloop
endfacet
facet normal 3.01646E-16 -1 5.29359E-16
 outer loop
  vertex 74.4917 -103.998 926.213
  vertex 75.1406 -103.998 931.561
  vertex 72.7938 -103.998 926.964
 endloop
endfacet
facet normal 3.01646E-16 -1 5.29359E-16
 outer loop
  vertex 74.4917 -103.998 926.213
  vertex 78.1406 -103.998 930.757
  vertex 75.1406 -103.998 931.561
 endloop
endfacet
facet normal 3.01646E-16 -1 5.29359E-16
 outer loop
  vertex 74.4917 -103.998 926.213
  vertex 76.2905 -103.998 925.754
  vertex 78.1406 -103.998 930.757
 endloop
endfacet
facet normal 3.01646E-16 -1 5.29359E-16
 outer loop
  vertex 78.1406 -103.998 930.757
  vertex 76.2905 -103.998 925.754
  vertex 78.1406 -103.998 925.6
 endloop
endfacet
facet normal 3.01646E-16 -1 5.29359E-16
 outer loop
  vertex 81.1406 -103.998 931.561
  vertex 78.1406 -103.998 925.6
  vertex 87.2944 -103.998 925.6
 endloop
endfacet
facet normal 3.01646E-16 -1 5.29359E-16
 outer loop
  vertex 83.3367 -103.998 933.757
  vertex 87.2944 -103.998 925.6
  vertex 87.85 -103.998 934.391
 endloop
endfacet
facet normal 3.01646E-16 -1 5.29359E-16
 outer loop
  vertex 84.1406 -103.998 936.757
  vertex 87.85 -103.998 934.391
  vertex 85.3216 -103.998 942.83
 endloop
endfacet
facet normal 3.01646E-16 -1 5.29359E-16
 outer loop
  vertex 83.3367 -103.998 939.757
  vertex 84.1406 -103.998 936.757
  vertex 85.3216 -103.998 942.83
 endloop
endfacet
facet normal 3.01646E-16 -1 5.29359E-16
 outer loop
  vertex 72.9444 -103.998 939.757
  vertex 75.1406 -103.998 941.953
  vertex 73.0738 -103.998 944.301
 endloop
endfacet
facet normal 3.01646E-16 -1 5.29359E-16
 outer loop
  vertex 84.1406 -103.998 936.757
  vertex 83.3367 -103.998 933.757
  vertex 87.85 -103.998 934.391
 endloop
endfacet
facet normal 3.01646E-16 -1 5.29359E-16
 outer loop
  vertex 83.3367 -103.998 933.757
  vertex 81.1406 -103.998 931.561
  vertex 87.2944 -103.998 925.6
 endloop
endfacet
facet normal 3.01646E-16 -1 5.29359E-16
 outer loop
  vertex 81.1406 -103.998 931.561
  vertex 78.1406 -103.998 930.757
  vertex 78.1406 -103.998 925.6
 endloop
endfacet
facet normal -0.0553674 -0.0524973 -0.997085
 outer loop
  vertex 78.1406 -103.998 925.6
  vertex 76.2905 -103.998 925.754
  vertex 78.1406 -99.998 925.39
 endloop
endfacet
facet normal -0.196037 -0.0531508 -0.979155
 outer loop
  vertex 78.1406 -99.998 925.39
  vertex 76.2905 -103.998 925.754
  vertex 73.4339 -99.998 926.41
 endloop
endfacet
facet normal -0.30365 -0.0526397 -0.951328
 outer loop
  vertex 73.4339 -99.998 926.41
  vertex 76.2905 -103.998 925.754
  vertex 74.4917 -103.998 926.213
 endloop
endfacet
facet normal -0.407165 -0.0524575 -0.911847
 outer loop
  vertex 72.7938 -103.998 926.964
  vertex 73.4339 -99.998 926.41
  vertex 74.4917 -103.998 926.213
 endloop
endfacet
facet normal -0.560832 -0.0533061 -0.826212
 outer loop
  vertex 72.7938 -103.998 926.964
  vertex 69.6065 -102.868 929.478
  vertex 73.4339 -99.998 926.41
 endloop
endfacet
facet normal -0.655541 -0.0534373 -0.753267
 outer loop
  vertex 73.4339 -99.998 926.41
  vertex 69.6065 -102.868 929.478
  vertex 69.5721 -99.998 929.288
 endloop
endfacet
facet normal -0.832403 -0.0531888 -0.551613
 outer loop
  vertex 69.5721 -99.998 929.288
  vertex 69.6065 -102.868 929.478
  vertex 67.5111 -102.463 933.11
 endloop
endfacet
facet normal -0.980106 -0.0530788 -0.191248
 outer loop
  vertex 67.2485 -99.998 933.506
  vertex 67.5111 -102.463 933.11
  vertex 66.9351 -102.87 937.251
 endloop
endfacet
facet normal -0.979492 -0.052963 0.194396
 outer loop
  vertex 66.8801 -99.998 938.308
  vertex 66.9351 -102.87 937.251
  vertex 67.8983 -103.998 941.182
 endloop
endfacet
facet normal -0.886179 -0.0524443 0.460366
 outer loop
  vertex 68.533 -99.998 942.831
  vertex 67.8983 -103.998 941.182
  vertex 68.172 -103.998 941.768
 endloop
endfacet
facet normal -0.867719 -0.0523782 0.494287
 outer loop
  vertex 68.4792 -103.998 942.337
  vertex 68.533 -99.998 942.831
  vertex 68.172 -103.998 941.768
 endloop
endfacet
facet normal -0.84797 -0.0523513 0.527453
 outer loop
  vertex 68.4792 -103.998 942.337
  vertex 68.8188 -103.998 942.888
  vertex 68.533 -99.998 942.831
 endloop
endfacet
facet normal -0.931084 -0.0531573 0.360911
 outer loop
  vertex 68.533 -99.998 942.831
  vertex 66.8801 -99.998 938.308
  vertex 67.8983 -103.998 941.182
 endloop
endfacet
facet normal -0.997944 -0.0532241 -0.0357165
 outer loop
  vertex 66.8801 -99.998 938.308
  vertex 67.2485 -99.998 933.506
  vertex 66.9351 -102.87 937.251
 endloop
endfacet
facet normal -0.901323 -0.0533157 -0.429853
 outer loop
  vertex 67.2485 -99.998 933.506
  vertex 69.5721 -99.998 929.288
  vertex 67.5111 -102.463 933.11
 endloop
endfacet
facet normal -0.462918 -0.866092 -0.188655
 outer loop
  vertex 72.7938 -103.998 926.964
  vertex 70.8816 -103.998 931.604
  vertex 69.6065 -102.868 929.478
 endloop
endfacet
facet normal -0.46836 -0.866067 -0.174833
 outer loop
  vertex 69.6065 -102.868 929.478
  vertex 70.8816 -103.998 931.604
  vertex 67.5111 -102.463 933.11
 endloop
endfacet
facet normal -0.472663 -0.866089 -0.162726
 outer loop
  vertex 67.5111 -102.463 933.11
  vertex 70.8816 -103.998 931.604
  vertex 69.2478 -103.998 936.348
 endloop
endfacet
facet normal -0.480938 -0.866092 -0.136317
 outer loop
  vertex 66.9351 -102.87 937.251
  vertex 69.2478 -103.998 936.348
  vertex 67.8983 -103.998 941.182
 endloop
endfacet
facet normal -0.476732 -0.866067 -0.150515
 outer loop
  vertex 66.9351 -102.87 937.251
  vertex 67.5111 -102.463 933.11
  vertex 69.2478 -103.998 936.348
 endloop
endfacet
facet normal -0.9592 0 -0.282729
 outer loop
  vertex 244.155 -101.495 977.626
  vertex 240.842 -101.495 988.865
  vertex 244.155 -96.152 977.626
 endloop
endfacet
facet normal -0.9592 0 -0.282729
 outer loop
  vertex 244.155 -96.152 977.626
  vertex 240.842 -101.495 988.865
  vertex 240.842 -96.152 988.865
 endloop
endfacet
facet normal -0.9592 0 0.282729
 outer loop
  vertex 240.842 -101.495 934.135
  vertex 244.155 -101.495 945.374
  vertex 240.842 -96.152 934.135
 endloop
endfacet
facet normal -0.9592 0 0.282729
 outer loop
  vertex 240.842 -96.152 934.135
  vertex 244.155 -101.495 945.374
  vertex 244.155 -96.152 945.374
 endloop
endfacet
facet normal -1 0 -1.72116E-15
 outer loop
  vertex 244.155 -101.495 945.374
  vertex 244.155 -101.495 977.626
  vertex 244.155 -96.152 945.374
 endloop
endfacet
facet normal -1 0 -1.72116E-15
 outer loop
  vertex 244.155 -96.152 945.374
  vertex 244.155 -101.495 977.626
  vertex 244.155 -96.152 977.626
 endloop
endfacet
facet normal 0 -0.5 -0.866025
 outer loop
  vertex 481.845 41.5493 901.632
  vertex 481.845 34.8027 905.527
  vertex 468 41.5493 901.632
 endloop
endfacet
facet normal 0 -0.5 -0.866025
 outer loop
  vertex 468 41.5493 901.632
  vertex 481.845 34.8027 905.527
  vertex 468 34.8027 905.527
 endloop
endfacet
facet normal 0 -1 0
 outer loop
  vertex 481.845 33.926 907.046
  vertex 481.845 33.926 914.836
  vertex 468 33.926 907.046
 endloop
endfacet
facet normal 0 -1 0
 outer loop
  vertex 468 33.926 907.046
  vertex 481.845 33.926 914.836
  vertex 468 33.926 914.836
 endloop
endfacet
facet normal 0 -0.5 0.866025
 outer loop
  vertex 481.845 34.8027 916.355
  vertex 481.845 41.5493 920.25
  vertex 468 34.8027 916.355
 endloop
endfacet
facet normal 0 -0.5 0.866025
 outer loop
  vertex 468 34.8027 916.355
  vertex 481.845 41.5493 920.25
  vertex 468 41.5493 920.25
 endloop
endfacet
facet normal 0 0.5 0.866025
 outer loop
  vertex 481.845 43.3027 920.25
  vertex 481.845 50.0493 916.355
  vertex 468 43.3027 920.25
 endloop
endfacet
facet normal 0 0.5 0.866025
 outer loop
  vertex 468 43.3027 920.25
  vertex 481.845 50.0493 916.355
  vertex 468 50.0493 916.355
 endloop
endfacet
facet normal 0 1 0
 outer loop
  vertex 481.845 50.926 914.836
  vertex 481.845 50.926 907.046
  vertex 468 50.926 914.836
 endloop
endfacet
facet normal 0 1 0
 outer loop
  vertex 468 50.926 914.836
  vertex 481.845 50.926 907.046
  vertex 468 50.926 907.046
 endloop
endfacet
facet normal 0 0.5 -0.866025
 outer loop
  vertex 481.845 50.0493 905.527
  vertex 481.845 43.3027 901.632
  vertex 468 50.0493 905.527
 endloop
endfacet
facet normal 0 0.5 -0.866025
 outer loop
  vertex 468 50.0493 905.527
  vertex 481.845 43.3027 901.632
  vertex 468 43.3027 901.632
 endloop
endfacet
facet normal 0 0.0104327 -0.999946
 outer loop
  vertex 481.845 42.426 901.591
  vertex 468 42.426 901.591
  vertex 481.845 42.7186 901.596
 endloop
endfacet
facet normal 0 0.0208653 -0.999782
 outer loop
  vertex 481.845 42.7186 901.596
  vertex 468 42.426 901.591
  vertex 468 42.7186 901.596
 endloop
endfacet
facet normal 0 0.0521429 -0.99864
 outer loop
  vertex 481.845 43.0109 901.609
  vertex 468 42.7186 901.596
  vertex 468 43.0109 901.609
 endloop
endfacet
facet normal 0 0.0833694 -0.996519
 outer loop
  vertex 481.845 43.3027 901.632
  vertex 468 43.0109 901.609
  vertex 468 43.3027 901.632
 endloop
endfacet
facet normal 0 0.0729674 -0.997334
 outer loop
  vertex 481.845 43.3027 901.632
  vertex 481.845 43.0109 901.609
  vertex 468 43.0109 901.609
 endloop
endfacet
facet normal 0 0.0417204 -0.999129
 outer loop
  vertex 481.845 43.0109 901.609
  vertex 481.845 42.7186 901.596
  vertex 468 42.7186 901.596
 endloop
endfacet
facet normal 0 -0.827231 -0.561862
 outer loop
  vertex 468 34.8027 905.527
  vertex 481.845 34.8027 905.527
  vertex 468 34.4789 906.015
 endloop
endfacet
facet normal 0 -0.838778 -0.544474
 outer loop
  vertex 468 34.4789 906.015
  vertex 481.845 34.8027 905.527
  vertex 481.845 34.4789 906.015
 endloop
endfacet
facet normal 0 -0.871196 -0.490935
 outer loop
  vertex 468 34.1863 906.522
  vertex 481.845 34.4789 906.015
  vertex 481.845 34.1863 906.522
 endloop
endfacet
facet normal 0 -0.900202 -0.435472
 outer loop
  vertex 468 33.926 907.046
  vertex 481.845 34.1863 906.522
  vertex 481.845 33.926 907.046
 endloop
endfacet
facet normal 0 -0.890917 -0.454166
 outer loop
  vertex 468 33.926 907.046
  vertex 468 34.1863 906.522
  vertex 481.845 34.1863 906.522
 endloop
endfacet
facet normal 0 -0.86076 -0.509011
 outer loop
  vertex 468 34.1863 906.522
  vertex 468 34.4789 906.015
  vertex 481.845 34.4789 906.015
 endloop
endfacet
facet normal 0 -0.900202 0.435472
 outer loop
  vertex 468 33.926 914.836
  vertex 481.845 33.926 914.836
  vertex 468 34.1863 915.36
 endloop
endfacet
facet normal 0 -0.890917 0.454166
 outer loop
  vertex 468 34.1863 915.36
  vertex 481.845 33.926 914.836
  vertex 481.845 34.1863 915.36
 endloop
endfacet
facet normal 0 -0.86076 0.509011
 outer loop
  vertex 468 34.4789 915.867
  vertex 481.845 34.1863 915.36
  vertex 481.845 34.4789 915.867
 endloop
endfacet
facet normal 0 -0.827231 0.561862
 outer loop
  vertex 468 34.8027 916.355
  vertex 481.845 34.4789 915.867
  vertex 481.845 34.8027 916.355
 endloop
endfacet
facet normal 0 -0.838778 0.544474
 outer loop
  vertex 468 34.8027 916.355
  vertex 468 34.4789 915.867
  vertex 481.845 34.4789 915.867
 endloop
endfacet
facet normal 0 -0.871196 0.490935
 outer loop
  vertex 468 34.4789 915.867
  vertex 468 34.1863 915.36
  vertex 481.845 34.1863 915.36
 endloop
endfacet
facet normal 0 -0.0729708 0.997334
 outer loop
  vertex 468 41.5493 920.25
  vertex 481.845 41.5493 920.25
  vertex 468 42.1334 920.286
 endloop
endfacet
facet normal 0 -0.0625585 0.998041
 outer loop
  vertex 468 42.1334 920.286
  vertex 481.845 41.5493 920.25
  vertex 481.845 41.8411 920.273
 endloop
endfacet
facet normal 0 -0.0417204 0.999129
 outer loop
  vertex 481.845 42.1334 920.286
  vertex 468 42.1334 920.286
  vertex 481.845 41.8411 920.273
 endloop
endfacet
facet normal 0 -0.0208653 0.999782
 outer loop
  vertex 481.845 42.1334 920.286
  vertex 468 42.426 920.291
  vertex 468 42.1334 920.286
 endloop
endfacet
facet normal 0 -0.0104327 0.999946
 outer loop
  vertex 481.845 42.1334 920.286
  vertex 481.845 42.426 920.291
  vertex 468 42.426 920.291
 endloop
endfacet
facet normal 0 0.0104327 0.999946
 outer loop
  vertex 468 42.426 920.291
  vertex 481.845 42.426 920.291
  vertex 468 42.7186 920.286
 endloop
endfacet
facet normal 0 0.0208653 0.999782
 outer loop
  vertex 468 42.7186 920.286
  vertex 481.845 42.426 920.291
  vertex 481.845 42.7186 920.286
 endloop
endfacet
facet normal 0 0.0625585 0.998041
 outer loop
  vertex 468 43.3027 920.25
  vertex 481.845 42.7186 920.286
  vertex 481.845 43.0109 920.273
 endloop
endfacet
facet normal 0 0.0833694 0.996519
 outer loop
  vertex 481.845 43.3027 920.25
  vertex 468 43.3027 920.25
  vertex 481.845 43.0109 920.273
 endloop
endfacet
facet normal 0 0.0521395 0.99864
 outer loop
  vertex 468 43.3027 920.25
  vertex 468 42.7186 920.286
  vertex 481.845 42.7186 920.286
 endloop
endfacet
facet normal 0 0.827231 0.561862
 outer loop
  vertex 468 50.0493 916.355
  vertex 481.845 50.0493 916.355
  vertex 468 50.3731 915.867
 endloop
endfacet
facet normal 0 0.838778 0.544474
 outer loop
  vertex 468 50.3731 915.867
  vertex 481.845 50.0493 916.355
  vertex 481.845 50.3731 915.867
 endloop
endfacet
facet normal 0 0.871196 0.490935
 outer loop
  vertex 468 50.6657 915.36
  vertex 481.845 50.3731 915.867
  vertex 481.845 50.6657 915.36
 endloop
endfacet
facet normal 0 0.900202 0.435472
 outer loop
  vertex 468 50.926 914.836
  vertex 481.845 50.6657 915.36
  vertex 481.845 50.926 914.836
 endloop
endfacet
facet normal 0 0.890917 0.454166
 outer loop
  vertex 468 50.926 914.836
  vertex 468 50.6657 915.36
  vertex 481.845 50.6657 915.36
 endloop
endfacet
facet normal 0 0.86076 0.509011
 outer loop
  vertex 468 50.6657 915.36
  vertex 468 50.3731 915.867
  vertex 481.845 50.3731 915.867
 endloop
endfacet
facet normal 0 0.900202 -0.435472
 outer loop
  vertex 468 50.926 907.046
  vertex 481.845 50.926 907.046
  vertex 468 50.6657 906.522
 endloop
endfacet
facet normal 0 0.890917 -0.454166
 outer loop
  vertex 468 50.6657 906.522
  vertex 481.845 50.926 907.046
  vertex 481.845 50.6657 906.522
 endloop
endfacet
facet normal 0 0.86076 -0.509011
 outer loop
  vertex 468 50.3731 906.015
  vertex 481.845 50.6657 906.522
  vertex 481.845 50.3731 906.015
 endloop
endfacet
facet normal 0 0.827231 -0.561862
 outer loop
  vertex 468 50.0493 905.527
  vertex 481.845 50.3731 906.015
  vertex 481.845 50.0493 905.527
 endloop
endfacet
facet normal 0 0.838778 -0.544474
 outer loop
  vertex 468 50.0493 905.527
  vertex 468 50.3731 906.015
  vertex 481.845 50.3731 906.015
 endloop
endfacet
facet normal 0 0.871196 -0.490935
 outer loop
  vertex 468 50.3731 906.015
  vertex 468 50.6657 906.522
  vertex 481.845 50.6657 906.522
 endloop
endfacet
facet normal -1 -0 -0
 outer loop
  vertex 468 34.1863 915.36
  vertex 468 34.4789 915.867
  vertex 468 36.3638 914.441
 endloop
endfacet
facet normal -1 -0 -0
 outer loop
  vertex 468 33.926 914.836
  vertex 468 36.3638 914.441
  vertex 468 35.426 910.941
 endloop
endfacet
facet normal -1 -0 -0
 outer loop
  vertex 468 33.926 907.046
  vertex 468 35.426 910.941
  vertex 468 36.3638 907.441
 endloop
endfacet
facet normal -1 -0 -0
 outer loop
  vertex 468 34.1863 906.522
  vertex 468 36.3638 907.441
  vertex 468 34.4789 906.015
 endloop
endfacet
facet normal -1 -0 -0
 outer loop
  vertex 468 34.1863 906.522
  vertex 468 33.926 907.046
  vertex 468 36.3638 907.441
 endloop
endfacet
facet normal -1 -0 -0
 outer loop
  vertex 468 36.3638 914.441
  vertex 468 34.8027 916.355
  vertex 468 38.926 917.003
 endloop
endfacet
facet normal -1 -0 -0
 outer loop
  vertex 468 36.3638 914.441
  vertex 468 34.4789 915.867
  vertex 468 34.8027 916.355
 endloop
endfacet
facet normal -1 -0 -0
 outer loop
  vertex 468 34.4789 906.015
  vertex 468 36.3638 907.441
  vertex 468 34.8027 905.527
 endloop
endfacet
facet normal -1 -0 -0
 outer loop
  vertex 468 34.8027 905.527
  vertex 468 36.3638 907.441
  vertex 468 38.926 904.879
 endloop
endfacet
facet normal -1 -0 -0
 outer loop
  vertex 468 41.5493 901.632
  vertex 468 38.926 904.879
  vertex 468 42.426 903.941
 endloop
endfacet
facet normal -1 -0 -0
 outer loop
  vertex 468 41.8411 901.609
  vertex 468 42.426 903.941
  vertex 468 42.1334 901.596
 endloop
endfacet
facet normal -1 -0 -0
 outer loop
  vertex 468 41.8411 901.609
  vertex 468 41.5493 901.632
  vertex 468 42.426 903.941
 endloop
endfacet
facet normal -1 -0 -0
 outer loop
  vertex 468 50.6657 906.522
  vertex 468 50.3731 906.015
  vertex 468 48.4882 907.441
 endloop
endfacet
facet normal -1 -0 -0
 outer loop
  vertex 468 50.926 907.046
  vertex 468 48.4882 907.441
  vertex 468 49.426 910.941
 endloop
endfacet
facet normal -1 -0 -0
 outer loop
  vertex 468 50.926 914.836
  vertex 468 49.426 910.941
  vertex 468 48.4882 914.441
 endloop
endfacet
facet normal -1 -0 -0
 outer loop
  vertex 468 50.6657 915.36
  vertex 468 48.4882 914.441
  vertex 468 50.3731 915.867
 endloop
endfacet
facet normal -1 -0 -0
 outer loop
  vertex 468 50.6657 915.36
  vertex 468 50.926 914.836
  vertex 468 48.4882 914.441
 endloop
endfacet
facet normal -1 -0 -0
 outer loop
  vertex 468 48.4882 907.441
  vertex 468 50.0493 905.527
  vertex 468 45.926 904.879
 endloop
endfacet
facet normal -1 -0 -0
 outer loop
  vertex 468 48.4882 907.441
  vertex 468 50.3731 906.015
  vertex 468 50.0493 905.527
 endloop
endfacet
facet normal -1 -0 -0
 outer loop
  vertex 468 50.3731 915.867
  vertex 468 48.4882 914.441
  vertex 468 50.0493 916.355
 endloop
endfacet
facet normal -1 -0 -0
 outer loop
  vertex 468 50.0493 916.355
  vertex 468 48.4882 914.441
  vertex 468 45.926 917.003
 endloop
endfacet
facet normal -1 -0 -0
 outer loop
  vertex 468 43.3027 920.25
  vertex 468 45.926 917.003
  vertex 468 42.426 917.941
 endloop
endfacet
facet normal -1 -0 -0
 outer loop
  vertex 468 42.7186 920.286
  vertex 468 42.426 917.941
  vertex 468 42.426 920.291
 endloop
endfacet
facet normal -1 -0 -0
 outer loop
  vertex 468 42.7186 920.286
  vertex 468 43.3027 920.25
  vertex 468 42.426 917.941
 endloop
endfacet
facet normal -1 -0 -0
 outer loop
  vertex 468 50.926 907.046
  vertex 468 50.6657 906.522
  vertex 468 48.4882 907.441
 endloop
endfacet
facet normal -1 -0 -0
 outer loop
  vertex 468 50.0493 905.527
  vertex 468 43.3027 901.632
  vertex 468 45.926 904.879
 endloop
endfacet
facet normal -1 -0 -0
 outer loop
  vertex 468 45.926 904.879
  vertex 468 43.3027 901.632
  vertex 468 42.426 903.941
 endloop
endfacet
facet normal -1 -0 -0
 outer loop
  vertex 468 42.426 903.941
  vertex 468 43.3027 901.632
  vertex 468 43.0109 901.609
 endloop
endfacet
facet normal -1 -0 -0
 outer loop
  vertex 468 42.7186 901.596
  vertex 468 42.426 903.941
  vertex 468 43.0109 901.609
 endloop
endfacet
facet normal -1 -0 -0
 outer loop
  vertex 468 42.7186 901.596
  vertex 468 42.426 901.591
  vertex 468 42.426 903.941
 endloop
endfacet
facet normal -1 -0 -0
 outer loop
  vertex 468 42.426 903.941
  vertex 468 42.426 901.591
  vertex 468 42.1334 901.596
 endloop
endfacet
facet normal -1 -0 -0
 outer loop
  vertex 468 41.5493 901.632
  vertex 468 34.8027 905.527
  vertex 468 38.926 904.879
 endloop
endfacet
facet normal -1 -0 -0
 outer loop
  vertex 468 33.926 907.046
  vertex 468 33.926 914.836
  vertex 468 35.426 910.941
 endloop
endfacet
facet normal -1 -0 -0
 outer loop
  vertex 468 33.926 914.836
  vertex 468 34.1863 915.36
  vertex 468 36.3638 914.441
 endloop
endfacet
facet normal -1 -0 -0
 outer loop
  vertex 468 34.8027 916.355
  vertex 468 41.5493 920.25
  vertex 468 38.926 917.003
 endloop
endfacet
facet normal -1 -0 -0
 outer loop
  vertex 468 38.926 917.003
  vertex 468 41.5493 920.25
  vertex 468 42.426 917.941
 endloop
endfacet
facet normal -1 -0 -0
 outer loop
  vertex 468 42.426 917.941
  vertex 468 41.5493 920.25
  vertex 468 42.1334 920.286
 endloop
endfacet
facet normal -1 -0 -0
 outer loop
  vertex 468 42.426 920.291
  vertex 468 42.426 917.941
  vertex 468 42.1334 920.286
 endloop
endfacet
facet normal -1 -0 -0
 outer loop
  vertex 468 43.3027 920.25
  vertex 468 50.0493 916.355
  vertex 468 45.926 917.003
 endloop
endfacet
facet normal -1 -0 -0
 outer loop
  vertex 468 50.926 914.836
  vertex 468 50.926 907.046
  vertex 468 49.426 910.941
 endloop
endfacet
facet normal 0 -0.171862 -0.985121
 outer loop
  vertex 468 42.426 903.941
  vertex 468 38.926 904.879
  vertex 464 42.426 903.941
 endloop
endfacet
facet normal 0 -0.343724 -0.939071
 outer loop
  vertex 464 42.426 903.941
  vertex 468 38.926 904.879
  vertex 464 38.926 904.879
 endloop
endfacet
facet normal 0 -0.641397 -0.767209
 outer loop
  vertex 464 38.926 904.879
  vertex 468 38.926 904.879
  vertex 468 36.3638 907.441
 endloop
endfacet
facet normal 0 -0.939071 -0.343724
 outer loop
  vertex 464 36.3638 907.441
  vertex 468 36.3638 907.441
  vertex 468 35.426 910.941
 endloop
endfacet
facet normal 0 -0.985121 0.171862
 outer loop
  vertex 464 35.426 910.941
  vertex 468 35.426 910.941
  vertex 468 36.3638 914.441
 endloop
endfacet
facet normal 0 -0.767209 0.641397
 outer loop
  vertex 464 36.3638 914.441
  vertex 468 36.3638 914.441
  vertex 468 38.926 917.003
 endloop
endfacet
facet normal 0 -0.343724 0.939071
 outer loop
  vertex 464 38.926 917.003
  vertex 468 38.926 917.003
  vertex 468 42.426 917.941
 endloop
endfacet
facet normal 0 -0.171862 0.985121
 outer loop
  vertex 464 42.426 917.941
  vertex 464 38.926 917.003
  vertex 468 42.426 917.941
 endloop
endfacet
facet normal 0 -0.641397 0.767209
 outer loop
  vertex 464 38.926 917.003
  vertex 464 36.3638 914.441
  vertex 468 38.926 917.003
 endloop
endfacet
facet normal 0 -0.939071 0.343724
 outer loop
  vertex 464 36.3638 914.441
  vertex 464 35.426 910.941
  vertex 468 36.3638 914.441
 endloop
endfacet
facet normal 0 -0.985121 -0.171862
 outer loop
  vertex 464 35.426 910.941
  vertex 464 36.3638 907.441
  vertex 468 35.426 910.941
 endloop
endfacet
facet normal 0 -0.767209 -0.641397
 outer loop
  vertex 464 36.3638 907.441
  vertex 464 38.926 904.879
  vertex 468 36.3638 907.441
 endloop
endfacet
facet normal 1 0 0
 outer loop
  vertex 464 51.8856 946.292
  vertex 464 49.9531 982.19
  vertex 464 45.5128 932.312
 endloop
endfacet
facet normal 1 0 0
 outer loop
  vertex 464 51.8856 946.292
  vertex 464 54.0687 961.5
  vertex 464 49.9531 982.19
 endloop
endfacet
facet normal 1 0 0
 outer loop
  vertex 464 49.9531 982.19
  vertex 464 38.2329 999.731
  vertex 464 45.5128 932.312
 endloop
endfacet
facet normal 1 0 0
 outer loop
  vertex 464 45.5128 932.312
  vertex 464 38.2329 999.731
  vertex 464 20.8441 911.612
 endloop
endfacet
facet normal 1 0 0
 outer loop
  vertex 464 38.926 917.003
  vertex 464 20.8441 911.612
  vertex 464 36.3638 914.441
 endloop
endfacet
facet normal 1 0 0
 outer loop
  vertex 464 38.926 917.003
  vertex 464 45.5128 932.312
  vertex 464 20.8441 911.612
 endloop
endfacet
facet normal 1 0 0
 outer loop
  vertex 464 38.926 917.003
  vertex 464 42.426 917.941
  vertex 464 45.5128 932.312
 endloop
endfacet
facet normal 1 0 0
 outer loop
  vertex 464 45.5128 932.312
  vertex 464 42.426 917.941
  vertex 464 45.926 917.003
 endloop
endfacet
facet normal 1 0 0
 outer loop
  vertex 464 53.9234 917.446
  vertex 464 45.926 917.003
  vertex 464 48.4882 914.441
 endloop
endfacet
facet normal 1 0 0
 outer loop
  vertex 464 49.426 910.941
  vertex 464 53.9234 917.446
  vertex 464 48.4882 914.441
 endloop
endfacet
facet normal 1 0 0
 outer loop
  vertex 464 49.426 910.941
  vertex 464 55.6357 910.855
  vertex 464 53.9234 917.446
 endloop
endfacet
facet normal 1 0 0
 outer loop
  vertex 464 49.426 910.941
  vertex 464 48.4882 907.441
  vertex 464 55.6357 910.855
 endloop
endfacet
facet normal 1 0 0
 outer loop
  vertex 464 55.6357 910.855
  vertex 464 48.4882 907.441
  vertex 464 53.8372 904.286
 endloop
endfacet
facet normal 1 0 0
 outer loop
  vertex 464 53.8372 904.286
  vertex 464 48.4882 907.441
  vertex 464 45.926 904.879
 endloop
endfacet
facet normal 1 0 0
 outer loop
  vertex 464 49.006 899.487
  vertex 464 45.926 904.879
  vertex 464 42.426 903.941
 endloop
endfacet
facet normal 1 0 0
 outer loop
  vertex 464 42.426 897.731
  vertex 464 42.426 903.941
  vertex 464 39.417 898.078
 endloop
endfacet
facet normal 1 0 0
 outer loop
  vertex 464 42.426 897.731
  vertex 464 49.006 899.487
  vertex 464 42.426 903.941
 endloop
endfacet
facet normal 1 0 0
 outer loop
  vertex 464 38.2329 999.731
  vertex 464 20.6924 1011.45
  vertex 464 20.8441 911.612
 endloop
endfacet
facet normal 1 0 0
 outer loop
  vertex 464 20.8441 911.612
  vertex 464 20.6924 1011.45
  vertex 464 0.002 907.433
 endloop
endfacet
facet normal 1 0 0
 outer loop
  vertex 464 0.002 907.433
  vertex 464 20.6924 1011.45
  vertex 464 0.002 1015.57
 endloop
endfacet
facet normal 1 0 0
 outer loop
  vertex 464 -20.6884 911.549
  vertex 464 0.002 1015.57
  vertex 464 -20.6884 1011.45
 endloop
endfacet
facet normal 1 0 0
 outer loop
  vertex 464 -38.2289 923.269
  vertex 464 -20.6884 1011.45
  vertex 464 -38.2289 999.731
 endloop
endfacet
facet normal 1 0 0
 outer loop
  vertex 464 -49.9491 940.81
  vertex 464 -38.2289 999.731
  vertex 464 -49.9491 982.19
 endloop
endfacet
facet normal 1 0 0
 outer loop
  vertex 464 -54.0647 961.5
  vertex 464 -49.9491 940.81
  vertex 464 -49.9491 982.19
 endloop
endfacet
facet normal 1 0 0
 outer loop
  vertex 464 -49.9491 940.81
  vertex 464 -38.2289 923.269
  vertex 464 -38.2289 999.731
 endloop
endfacet
facet normal 1 0 0
 outer loop
  vertex 464 -38.2289 923.269
  vertex 464 -20.6884 911.549
  vertex 464 -20.6884 1011.45
 endloop
endfacet
facet normal 1 0 0
 outer loop
  vertex 464 -20.6884 911.549
  vertex 464 0.002 907.433
  vertex 464 0.002 1015.57
 endloop
endfacet
facet normal 1 0 0
 outer loop
  vertex 464 36.5661 899.102
  vertex 464 38.926 904.879
  vertex 464 34.0234 900.748
 endloop
endfacet
facet normal 1 0 0
 outer loop
  vertex 464 36.5661 899.102
  vertex 464 39.417 898.078
  vertex 464 38.926 904.879
 endloop
endfacet
facet normal 1 0 0
 outer loop
  vertex 464 38.926 904.879
  vertex 464 39.417 898.078
  vertex 464 42.426 903.941
 endloop
endfacet
facet normal 1 0 0
 outer loop
  vertex 464 49.006 899.487
  vertex 464 53.8372 904.286
  vertex 464 45.926 904.879
 endloop
endfacet
facet normal 1 0 0
 outer loop
  vertex 464 53.9234 917.446
  vertex 464 45.5128 932.312
  vertex 464 45.926 917.003
 endloop
endfacet
facet normal 1 0 0
 outer loop
  vertex 464 38.926 904.879
  vertex 464 36.3638 907.441
  vertex 464 34.0234 900.748
 endloop
endfacet
facet normal 1 0 0
 outer loop
  vertex 464 34.0234 900.748
  vertex 464 36.3638 907.441
  vertex 464 20.8441 911.612
 endloop
endfacet
facet normal 1 0 0
 outer loop
  vertex 464 20.8441 911.612
  vertex 464 36.3638 907.441
  vertex 464 35.426 910.941
 endloop
endfacet
facet normal 1 0 0
 outer loop
  vertex 464 36.3638 914.441
  vertex 464 20.8441 911.612
  vertex 464 35.426 910.941
 endloop
endfacet
facet normal -0.00323121 0.052336 -0.998624
 outer loop
  vertex 40.5729 97.5459 831.548
  vertex 77.2059 111.022 832.135
  vertex 38.7156 0.002 826.442
 endloop
endfacet
facet normal -0.00323121 0.052336 -0.998624
 outer loop
  vertex 38.7156 0.002 826.442
  vertex 77.2059 111.022 832.135
  vertex 281.293 0.002 825.657
 endloop
endfacet
facet normal -0.00323121 0.052336 -0.998624
 outer loop
  vertex 281.293 0.002 825.657
  vertex 77.2059 111.022 832.135
  vertex 276.29 110.967 831.488
 endloop
endfacet
facet normal -0.345238 0.938515 0
 outer loop
  vertex 113.666 124.435 847.114
  vertex 77.2059 111.022 832.135
  vertex 115.412 125.077 855.073
 endloop
endfacet
facet normal -0.345206 0.938527 0
 outer loop
  vertex 115.412 125.077 855.073
  vertex 77.2059 111.022 832.135
  vertex 20.7645 90.2609 850.64
 endloop
endfacet
facet normal -0.345203 0.938528 0
 outer loop
  vertex 20.7645 90.2609 850.64
  vertex 77.2059 111.022 832.135
  vertex 40.5729 97.5459 831.548
 endloop
endfacet
facet normal 0.0403803 0.052336 -0.997813
 outer loop
  vertex 117.229 125.083 855.146
  vertex 115.412 125.077 855.073
  vertex 116.494 138.621 855.827
 endloop
endfacet
facet normal 0.0383365 0.0523362 -0.997893
 outer loop
  vertex 116.494 138.621 855.827
  vertex 115.412 125.077 855.073
  vertex 94.2047 158.793 856.048
 endloop
endfacet
facet normal 0.0298362 0.052339 -0.998184
 outer loop
  vertex 94.2047 158.793 856.048
  vertex 115.412 125.077 855.073
  vertex 20.7645 90.2609 850.64
 endloop
endfacet
facet normal 0.0215818 0.0523381 -0.998396
 outer loop
  vertex 22.4008 158.62 854.248
  vertex 94.2047 158.793 856.048
  vertex 20.7645 90.2609 850.64
 endloop
endfacet
facet normal 0 0.996646 -0.0818305
 outer loop
  vertex 22.4008 158.62 854.248
  vertex 7.02271 160.272 875.982
  vertex 94.2047 158.793 856.048
 endloop
endfacet
facet normal 0 0.998747 -0.0500393
 outer loop
  vertex 94.2047 158.793 856.048
  vertex 7.02271 160.272 875.982
  vertex 93.012 161.001 901.964
 endloop
endfacet
facet normal 0 0.999784 -0.0207605
 outer loop
  vertex 93.012 161.001 901.964
  vertex 7.02271 160.272 875.982
  vertex -4.76212 160.993 899.922
 endloop
endfacet
facet normal 0 0.999926 0.0121681
 outer loop
  vertex -12.6216 160.502 925.362
  vertex 93.012 161.001 901.964
  vertex -4.76212 160.993 899.922
 endloop
endfacet
facet normal 0 0.999 0.0447199
 outer loop
  vertex -12.6216 160.502 925.362
  vertex 92.9616 158.909 948.706
  vertex 93.012 161.001 901.964
 endloop
endfacet
facet normal 0 0.996965 0.0778507
 outer loop
  vertex -12.6216 160.502 925.362
  vertex -16.3971 158.627 951.676
  vertex 92.9616 158.909 948.706
 endloop
endfacet
facet normal -0.229014 0.709887 0.666043
 outer loop
  vertex 104.327 99.0416 1064.12
  vertex 102.553 108.312 1053.64
  vertex 90.3713 94.1052 1064.54
 endloop
endfacet
facet normal -0.230353 0.709096 0.666423
 outer loop
  vertex 90.3713 94.1052 1064.54
  vertex 102.553 108.312 1053.64
  vertex 100.325 119.528 1040.97
 endloop
endfacet
facet normal -0.250095 0.705848 0.662745
 outer loop
  vertex 48.4502 100.443 1041.2
  vertex 90.3713 94.1052 1064.54
  vertex 100.325 119.528 1040.97
 endloop
endfacet
facet normal -0.266201 0.703758 0.658682
 outer loop
  vertex 48.4502 100.443 1041.2
  vertex 54.5081 81.4201 1064.12
  vertex 90.3713 94.1052 1064.54
 endloop
endfacet
facet normal -0.286551 0.700409 0.653694
 outer loop
  vertex 48.4502 100.443 1041.2
  vertex 31.4562 73.2684 1062.71
  vertex 54.5081 81.4201 1064.12
 endloop
endfacet
facet normal -0.307556 0.696743 0.648042
 outer loop
  vertex 48.4502 100.443 1041.2
  vertex -3.26985 81.4249 1036.72
  vertex 31.4562 73.2684 1062.71
 endloop
endfacet
facet normal -0.31679 0.69576 0.64464
 outer loop
  vertex 31.4562 73.2684 1062.71
  vertex -3.26985 81.4249 1036.72
  vertex 19.1117 68.9039 1061.59
 endloop
endfacet
facet normal -0.324023 0.694572 0.642323
 outer loop
  vertex 19.1117 68.9039 1061.59
  vertex -3.26985 81.4249 1036.72
  vertex 9.94648 65.6635 1060.58
 endloop
endfacet
facet normal -0.130349 0.0523376 0.990086
 outer loop
  vertex 9.94648 65.6635 1060.58
  vertex 8.00819 0.002 1063.79
  vertex 19.1117 68.9039 1061.59
 endloop
endfacet
facet normal -0.116006 0.0523453 0.991868
 outer loop
  vertex 19.1117 68.9039 1061.59
  vertex 8.00819 0.002 1063.79
  vertex 35.366 0.002 1066.94
 endloop
endfacet
facet normal -0.078709 0.0523504 0.995522
 outer loop
  vertex 31.4562 73.2684 1062.71
  vertex 35.366 0.002 1066.94
  vertex 62.8396 0.002 1068.84
 endloop
endfacet
facet normal -0.0353252 0.0523532 0.998004
 outer loop
  vertex 54.5081 81.4201 1064.12
  vertex 62.8396 0.002 1068.84
  vertex 90.3713 94.1052 1064.54
 endloop
endfacet
facet normal -0.068227 0.0523491 0.996295
 outer loop
  vertex 54.5081 81.4201 1064.12
  vertex 31.4562 73.2684 1062.71
  vertex 62.8396 0.002 1068.84
 endloop
endfacet
facet normal -0.015278 0.0523482 0.998512
 outer loop
  vertex 62.8396 0.002 1068.84
  vertex 90.3713 0.002 1069.47
  vertex 90.3713 94.1052 1064.54
 endloop
endfacet
facet normal 0.00781056 0.0523391 0.998599
 outer loop
  vertex 90.3713 94.1052 1064.54
  vertex 90.3713 0.002 1069.47
  vertex 104.327 99.0416 1064.12
 endloop
endfacet
facet normal 0.0188553 0.052341 0.998451
 outer loop
  vertex 104.327 99.0416 1064.12
  vertex 90.3713 0.002 1069.47
  vertex 110.277 0.002 1069.14
 endloop
endfacet
facet normal 0.0409351 0.0523448 0.99779
 outer loop
  vertex 130.16 0.002 1068.15
  vertex 104.327 99.0416 1064.12
  vertex 110.277 0.002 1069.14
 endloop
endfacet
facet normal 0.0629969 0.0523613 0.996639
 outer loop
  vertex 130.16 0.002 1068.15
  vertex 149.483 99.3219 1061.32
  vertex 104.327 99.0416 1064.12
 endloop
endfacet
facet normal 0.0882488 0.0523423 0.994722
 outer loop
  vertex 130.16 0.002 1068.15
  vertex 150 0.002 1066.5
  vertex 149.483 99.3219 1061.32
 endloop
endfacet
facet normal -0.103194 0.0523396 0.993283
 outer loop
  vertex 31.4562 73.2684 1062.71
  vertex 19.1117 68.9039 1061.59
  vertex 35.366 0.002 1066.94
 endloop
endfacet
facet normal -0.00323121 -0.052336 -0.998624
 outer loop
  vertex 39.246 -28.0172 827.908
  vertex 38.7156 0.002 826.442
  vertex 280.033 -28.0172 827.129
 endloop
endfacet
facet normal -0.00323121 -0.052336 -0.998624
 outer loop
  vertex 280.033 -28.0172 827.129
  vertex 38.7156 0.002 826.442
  vertex 281.293 0.002 825.657
 endloop
endfacet
facet normal 0.992189 0.0523562 -0.113228
 outer loop
  vertex 286.544 0.002 868.427
  vertex 281.293 0.002 825.657
  vertex 285.892 5.59286 864.63
 endloop
endfacet
facet normal 0.991563 0.0523514 -0.118584
 outer loop
  vertex 285.892 5.59286 864.63
  vertex 281.293 0.002 825.657
  vertex 284.353 20.7101 857.373
 endloop
endfacet
facet normal 0.990982 0.052347 -0.12335
 outer loop
  vertex 284.353 20.7101 857.373
  vertex 281.293 0.002 825.657
  vertex 283.203 37.332 854.873
 endloop
endfacet
facet normal 0.99093 0.0523467 -0.123765
 outer loop
  vertex 283.203 37.332 854.873
  vertex 281.293 0.002 825.657
  vertex 282.654 51.5188 856.683
 endloop
endfacet
facet normal 0.989428 0.0523458 -0.135247
 outer loop
  vertex 282.654 51.5188 856.683
  vertex 281.293 0.002 825.657
  vertex 276.29 110.967 831.488
 endloop
endfacet
facet normal 0.99239 0.0523515 -0.111451
 outer loop
  vertex 282.514 64.798 861.998
  vertex 276.29 110.967 831.488
  vertex 282.713 76.302 870.463
 endloop
endfacet
facet normal 0.991629 0.0523458 -0.118029
 outer loop
  vertex 282.514 64.798 861.998
  vertex 282.654 51.5188 856.683
  vertex 276.29 110.967 831.488
 endloop
endfacet
facet normal 0.990622 0.0523547 -0.126204
 outer loop
  vertex 276.29 110.967 831.488
  vertex 276.311 111.155 831.699
  vertex 282.713 76.302 870.463
 endloop
endfacet
facet normal 0.993397 0.0523611 -0.102079
 outer loop
  vertex 282.713 76.302 870.463
  vertex 276.311 111.155 831.699
  vertex 281.576 114.795 881.411
 endloop
endfacet
facet normal 0.995991 0.0523356 -0.0725438
 outer loop
  vertex 283.134 85.3131 881.539
  vertex 281.576 114.795 881.411
  vertex 281.593 114.806 881.651
 endloop
endfacet
facet normal 0.99705 0.0523404 -0.0561382
 outer loop
  vertex 283.566 90.5797 892.48
  vertex 281.593 114.806 881.651
  vertex 283.986 93.3855 904.284
 endloop
endfacet
facet normal 0.99637 0.0523371 -0.0671385
 outer loop
  vertex 283.566 90.5797 892.48
  vertex 283.134 85.3131 881.539
  vertex 281.593 114.806 881.651
 endloop
endfacet
facet normal 0.99793 0.0523587 -0.0373301
 outer loop
  vertex 281.593 114.806 881.651
  vertex 283.337 116.017 931.427
  vertex 283.986 93.3855 904.284
 endloop
endfacet
facet normal 0.998421 0.0523426 -0.0204123
 outer loop
  vertex 283.986 93.3855 904.284
  vertex 283.337 116.017 931.427
  vertex 284.349 93.6003 916.485
 endloop
endfacet
facet normal 0.998591 0.0523382 -0.00876578
 outer loop
  vertex 284.349 93.6003 916.485
  vertex 283.337 116.017 931.427
  vertex 284.63 91.2087 928.389
 endloop
endfacet
facet normal 0.998629 0.0523366 0.000987783
 outer loop
  vertex 284.63 91.2087 928.389
  vertex 283.337 116.017 931.427
  vertex 283.318 116.004 936.714
 endloop
endfacet
facet normal 0.9982 0.0523604 0.0292574
 outer loop
  vertex 284.755 88.576 936.725
  vertex 283.318 116.004 936.714
  vertex 281.582 114.8 981.498
 endloop
endfacet
facet normal 0.995207 0.0523365 0.0826052
 outer loop
  vertex 283.035 71.129 991.966
  vertex 281.582 114.8 981.498
  vertex 280.785 114.247 991.768
 endloop
endfacet
facet normal 0.992919 0.0523545 0.106634
 outer loop
  vertex 276.333 111.17 1031.15
  vertex 283.035 71.129 991.966
  vertex 280.785 114.247 991.768
 endloop
endfacet
facet normal 0.991696 0.0523499 0.117464
 outer loop
  vertex 276.333 111.17 1031.15
  vertex 281.056 64.0205 1014.47
  vertex 283.035 71.129 991.966
 endloop
endfacet
facet normal 0.988447 0.0523436 0.142241
 outer loop
  vertex 276.333 111.17 1031.15
  vertex 274.986 100.999 1043.29
  vertex 281.056 64.0205 1014.47
 endloop
endfacet
facet normal 0.989067 0.052344 0.137862
 outer loop
  vertex 281.056 64.0205 1014.47
  vertex 274.986 100.999 1043.29
  vertex 280.249 60.2482 1022.4
 endloop
endfacet
facet normal 0.98808 0.0523401 0.144772
 outer loop
  vertex 280.249 60.2482 1022.4
  vertex 274.986 100.999 1043.29
  vertex 279.652 54.4642 1028.96
 endloop
endfacet
facet normal 0.987284 0.0523379 0.150101
 outer loop
  vertex 279.652 54.4642 1028.96
  vertex 274.986 100.999 1043.29
  vertex 279.361 47.0828 1033.64
 endloop
endfacet
facet normal 0.986775 0.0523369 0.153411
 outer loop
  vertex 279.361 47.0828 1033.64
  vertex 274.986 100.999 1043.29
  vertex 279.447 38.6837 1036.01
 endloop
endfacet
facet normal 0.985734 0.0523372 0.159966
 outer loop
  vertex 279.447 38.6837 1036.01
  vertex 274.986 100.999 1043.29
  vertex 279.598 0.002 1047.81
 endloop
endfacet
facet normal 0.986166 0.0523372 0.157284
 outer loop
  vertex 281.114 0.002 1038.5
  vertex 279.447 38.6837 1036.01
  vertex 279.598 0.002 1047.81
 endloop
endfacet
facet normal 0.997059 0.0523671 0.0559572
 outer loop
  vertex 283.035 71.129 991.966
  vertex 284.755 88.576 936.725
  vertex 281.582 114.8 981.498
 endloop
endfacet
facet normal 0.998623 0.0523368 0.00353497
 outer loop
  vertex 284.755 88.576 936.725
  vertex 284.63 91.2087 928.389
  vertex 283.318 116.004 936.714
 endloop
endfacet
facet normal 0.995587 0.0523371 -0.0778874
 outer loop
  vertex 283.134 85.3131 881.539
  vertex 282.713 76.302 870.463
  vertex 281.576 114.795 881.411
 endloop
endfacet
facet normal -0.00196313 0.747288 -0.664498
 outer loop
  vertex 77.2059 111.022 832.135
  vertex 113.666 124.435 847.114
  vertex 276.29 110.967 831.488
 endloop
endfacet
facet normal -0.00197234 0.747229 -0.664564
 outer loop
  vertex 276.29 110.967 831.488
  vertex 113.666 124.435 847.114
  vertex 264.984 124.393 846.615
 endloop
endfacet
facet normal -0.00196278 0.747178 -0.664621
 outer loop
  vertex 276.311 111.155 831.699
  vertex 276.29 110.967 831.488
  vertex 264.984 124.393 846.615
 endloop
endfacet
facet normal 0 0.998323 0.057894
 outer loop
  vertex 242.787 126.187 991.723
  vertex 245.171 125.965 995.297
  vertex 268.306 126.768 981.159
 endloop
endfacet
facet normal 0 0.998496 0.0548295
 outer loop
  vertex 239.214 126.328 989.333
  vertex 268.306 126.768 981.159
  vertex 235 126.376 988.495
 endloop
endfacet
facet normal 0 0.998436 0.0559058
 outer loop
  vertex 239.214 126.328 989.333
  vertex 242.787 126.187 991.723
  vertex 268.306 126.768 981.159
 endloop
endfacet
facet normal 0 0.999957 0.00926792
 outer loop
  vertex 215.169 127.932 943.329
  vertex 216.005 127.873 947.547
  vertex 270.026 128.002 931.427
 endloop
endfacet
facet normal 0 0.999989 0.00468463
 outer loop
  vertex 212.782 127.968 939.757
  vertex 270.026 128.002 931.427
  vertex 209.21 127.985 937.37
 endloop
endfacet
facet normal 0 0.999978 0.00667108
 outer loop
  vertex 212.782 127.968 939.757
  vertex 215.169 127.932 943.329
  vertex 270.026 128.002 931.427
 endloop
endfacet
facet normal 0 0.999993 0.00361014
 outer loop
  vertex 209.21 127.985 937.37
  vertex 270.026 128.002 931.427
  vertex 205 127.989 936.533
 endloop
endfacet
facet normal 0 0.999888 -0.0149343
 outer loop
  vertex 205 127.989 936.533
  vertex 270.026 128.002 931.427
  vertex 268.3 126.764 881.75
 endloop
endfacet
facet normal 0 0.998856 -0.0478264
 outer loop
  vertex 122.515 127.69 906.522
  vertex 268.3 126.764 881.75
  vertex 116.935 125.637 862.771
 endloop
endfacet
facet normal 0 0.99973 -0.0232372
 outer loop
  vertex 122.515 127.69 906.522
  vertex 205 127.989 936.533
  vertex 268.3 126.764 881.75
 endloop
endfacet
facet normal 0 0.999989 -0.00469223
 outer loop
  vertex 122.515 127.69 906.522
  vertex 200.792 127.985 937.37
  vertex 205 127.989 936.533
 endloop
endfacet
facet normal 0 0.999993 -0.00361936
 outer loop
  vertex 122.515 127.69 906.522
  vertex 197.223 127.968 939.752
  vertex 200.792 127.985 937.37
 endloop
endfacet
facet normal 0 1 0.000836191
 outer loop
  vertex 122.515 127.69 906.522
  vertex 122.861 127.817 950.734
  vertex 197.223 127.968 939.752
 endloop
endfacet
facet normal 0 0.999914 0.0131017
 outer loop
  vertex 197.223 127.968 939.752
  vertex 122.861 127.817 950.734
  vertex 194.836 127.932 943.319
 endloop
endfacet
facet normal 0 0.999877 0.015695
 outer loop
  vertex 194.836 127.932 943.319
  vertex 122.861 127.817 950.734
  vertex 193.995 127.873 947.532
 endloop
endfacet
facet normal 0 0.999829 0.0185049
 outer loop
  vertex 193.995 127.873 947.532
  vertex 122.861 127.817 950.734
  vertex 194.832 127.797 951.749
 endloop
endfacet
facet normal 0 0.999777 0.0211013
 outer loop
  vertex 194.832 127.797 951.749
  vertex 122.861 127.817 950.734
  vertex 197.218 127.718 955.321
 endloop
endfacet
facet normal 0 0.999733 0.0230874
 outer loop
  vertex 197.218 127.718 955.321
  vertex 122.861 127.817 950.734
  vertex 200.79 127.659 957.707
 endloop
endfacet
facet normal 0 0.999417 0.0341499
 outer loop
  vertex 200.79 127.659 957.707
  vertex 122.861 127.817 950.734
  vertex 175 126.376 988.495
 endloop
endfacet
facet normal 0 0.998881 0.0472955
 outer loop
  vertex 205 127.636 958.544
  vertex 175 126.376 988.495
  vertex 179.214 126.328 989.333
 endloop
endfacet
facet normal 0 0.99828 0.058628
 outer loop
  vertex 230.788 126.328 989.333
  vertex 179.214 126.328 989.333
  vertex 227.218 126.187 991.718
 endloop
endfacet
facet normal 0 0.998868 0.047575
 outer loop
  vertex 230.788 126.328 989.333
  vertex 205 127.636 958.544
  vertex 179.214 126.328 989.333
 endloop
endfacet
facet normal 0 0.998881 0.0472952
 outer loop
  vertex 230.788 126.328 989.333
  vertex 235 126.376 988.495
  vertex 205 127.636 958.544
 endloop
endfacet
facet normal 0 0.999324 0.0367524
 outer loop
  vertex 205 127.636 958.544
  vertex 235 126.376 988.495
  vertex 209.208 127.659 957.707
 endloop
endfacet
facet normal 0 0.999019 0.044291
 outer loop
  vertex 209.208 127.659 957.707
  vertex 235 126.376 988.495
  vertex 268.306 126.768 981.159
 endloop
endfacet
facet normal 0 0.999512 0.0312507
 outer loop
  vertex 212.777 127.718 955.326
  vertex 268.306 126.768 981.159
  vertex 215.164 127.797 951.759
 endloop
endfacet
facet normal 0 0.999448 0.0332331
 outer loop
  vertex 212.777 127.718 955.326
  vertex 209.208 127.659 957.707
  vertex 268.306 126.768 981.159
 endloop
endfacet
facet normal 0 0.997699 -0.0677947
 outer loop
  vertex 268.3 126.764 881.75
  vertex 264.984 124.393 846.615
  vertex 116.935 125.637 862.771
 endloop
endfacet
facet normal 0 0.997057 -0.0766574
 outer loop
  vertex 116.935 125.637 862.771
  vertex 264.984 124.393 846.615
  vertex 117.229 125.083 855.146
 endloop
endfacet
facet normal 0 0.996643 -0.0818754
 outer loop
  vertex 117.229 125.083 855.146
  vertex 264.984 124.393 846.615
  vertex 113.666 124.435 847.114
 endloop
endfacet
facet normal 0 0.99687 -0.0790562
 outer loop
  vertex 115.412 125.077 855.073
  vertex 117.229 125.083 855.146
  vertex 113.666 124.435 847.114
 endloop
endfacet
facet normal 0 0.999001 0.0446945
 outer loop
  vertex 175 126.376 988.495
  vertex 122.861 127.817 950.734
  vertex 170.788 126.328 989.333
 endloop
endfacet
facet normal 0 0.998907 0.0467488
 outer loop
  vertex 170.788 126.328 989.333
  vertex 122.861 127.817 950.734
  vertex 117.937 126.006 994.652
 endloop
endfacet
facet normal 0 0.998052 0.0623854
 outer loop
  vertex 167.218 126.187 991.718
  vertex 117.937 126.006 994.652
  vertex 164.834 125.966 995.286
 endloop
endfacet
facet normal 0 0.998174 0.0604011
 outer loop
  vertex 167.218 126.187 991.718
  vertex 170.788 126.328 989.333
  vertex 117.937 126.006 994.652
 endloop
endfacet
facet normal 0 0.995857 0.0909293
 outer loop
  vertex 108.02 122.358 1037.59
  vertex 146.595 122.633 1034.99
  vertex 117.937 126.006 994.652
 endloop
endfacet
facet normal 0 0.996729 0.0808181
 outer loop
  vertex 117.937 126.006 994.652
  vertex 146.595 122.633 1034.99
  vertex 167.214 125.127 1007.28
 endloop
endfacet
facet normal 0 0.99752 0.0703804
 outer loop
  vertex 164.831 125.392 1003.71
  vertex 117.937 126.006 994.652
  vertex 167.214 125.127 1007.28
 endloop
endfacet
facet normal 0 0.9977 0.0677854
 outer loop
  vertex 164.831 125.392 1003.71
  vertex 163.995 125.688 999.495
  vertex 117.937 126.006 994.652
 endloop
endfacet
facet normal 0 0.997887 0.0649778
 outer loop
  vertex 117.937 126.006 994.652
  vertex 163.995 125.688 999.495
  vertex 164.834 125.966 995.286
 endloop
endfacet
facet normal 0 0.998113 0.0614089
 outer loop
  vertex 227.218 126.187 991.718
  vertex 182.787 126.187 991.723
  vertex 224.834 125.966 995.286
 endloop
endfacet
facet normal 0 0.998233 0.0594248
 outer loop
  vertex 227.218 126.187 991.718
  vertex 179.214 126.328 989.333
  vertex 182.787 126.187 991.723
 endloop
endfacet
facet normal 0 0.996789 0.0800777
 outer loop
  vertex 242.78 125.126 1007.28
  vertex 239.212 124.942 1009.67
  vertex 264.816 124.273 1017.78
 endloop
endfacet
facet normal 0 0.997145 0.0755052
 outer loop
  vertex 245.165 125.391 1003.72
  vertex 264.816 124.273 1017.78
  vertex 246.005 125.687 999.511
 endloop
endfacet
facet normal 0 0.996946 0.0780953
 outer loop
  vertex 245.165 125.391 1003.72
  vertex 242.78 125.126 1007.28
  vertex 264.816 124.273 1017.78
 endloop
endfacet
facet normal 0 0.997002 0.0773727
 outer loop
  vertex 182.78 125.126 1007.28
  vertex 179.212 124.942 1009.67
  vertex 230.786 124.942 1009.67
 endloop
endfacet
facet normal 0 0.997064 0.0765763
 outer loop
  vertex 227.214 125.127 1007.28
  vertex 182.78 125.126 1007.28
  vertex 230.786 124.942 1009.67
 endloop
endfacet
facet normal 0 0.997214 0.0745936
 outer loop
  vertex 227.214 125.127 1007.28
  vertex 185.165 125.391 1003.72
  vertex 182.78 125.126 1007.28
 endloop
endfacet
facet normal 0 0.997302 0.0734015
 outer loop
  vertex 227.214 125.127 1007.28
  vertex 224.831 125.392 1003.71
  vertex 185.165 125.391 1003.72
 endloop
endfacet
facet normal 0 0.99749 0.0708123
 outer loop
  vertex 185.165 125.391 1003.72
  vertex 224.831 125.392 1003.71
  vertex 186.005 125.687 999.511
 endloop
endfacet
facet normal 0 0.997589 0.0694044
 outer loop
  vertex 186.005 125.687 999.511
  vertex 224.831 125.392 1003.71
  vertex 223.995 125.688 999.495
 endloop
endfacet
facet normal 0 0.997873 0.0651925
 outer loop
  vertex 185.171 125.965 995.297
  vertex 223.995 125.688 999.495
  vertex 224.834 125.966 995.286
 endloop
endfacet
facet normal 0 0.998039 0.0626019
 outer loop
  vertex 182.787 126.187 991.723
  vertex 185.171 125.965 995.297
  vertex 224.834 125.966 995.286
 endloop
endfacet
facet normal 0 0.998169 0.0604908
 outer loop
  vertex 245.171 125.965 995.297
  vertex 246.005 125.687 999.511
  vertex 268.306 126.768 981.159
 endloop
endfacet
facet normal 0 0.997686 0.0679908
 outer loop
  vertex 268.306 126.768 981.159
  vertex 246.005 125.687 999.511
  vertex 264.816 124.273 1017.78
 endloop
endfacet
facet normal 0 0.996702 0.0811514
 outer loop
  vertex 239.212 124.942 1009.67
  vertex 235 124.876 1010.51
  vertex 264.816 124.273 1017.78
 endloop
endfacet
facet normal 0 0.996219 0.0868737
 outer loop
  vertex 264.816 124.273 1017.78
  vertex 235 124.876 1010.51
  vertex 211.258 123.448 1026.83
 endloop
endfacet
facet normal 0 0.996451 0.0841701
 outer loop
  vertex 211.258 123.448 1026.83
  vertex 235 124.876 1010.51
  vertex 230.786 124.942 1009.67
 endloop
endfacet
facet normal 0 0.996475 0.083891
 outer loop
  vertex 179.212 124.942 1009.67
  vertex 211.258 123.448 1026.83
  vertex 230.786 124.942 1009.67
 endloop
endfacet
facet normal 0 0.996451 0.0841704
 outer loop
  vertex 179.212 124.942 1009.67
  vertex 175 124.876 1010.51
  vertex 211.258 123.448 1026.83
 endloop
endfacet
facet normal 0 0.995702 0.0926131
 outer loop
  vertex 211.258 123.448 1026.83
  vertex 175 124.876 1010.51
  vertex 146.595 122.633 1034.99
 endloop
endfacet
facet normal 0 0.996218 0.0868931
 outer loop
  vertex 146.595 122.633 1034.99
  vertex 175 124.876 1010.51
  vertex 170.786 124.942 1009.67
 endloop
endfacet
facet normal 0 0.996311 0.0858181
 outer loop
  vertex 167.214 125.127 1007.28
  vertex 146.595 122.633 1034.99
  vertex 170.786 124.942 1009.67
 endloop
endfacet
facet normal 0 0.99778 0.0666009
 outer loop
  vertex 185.171 125.965 995.297
  vertex 186.005 125.687 999.511
  vertex 223.995 125.688 999.495
 endloop
endfacet
facet normal 0 0.999324 0.0367522
 outer loop
  vertex 205 127.636 958.544
  vertex 200.79 127.659 957.707
  vertex 175 126.376 988.495
 endloop
endfacet
facet normal 0 0.999927 0.0120781
 outer loop
  vertex 216.005 127.873 947.547
  vertex 215.164 127.797 951.759
  vertex 270.026 128.002 931.427
 endloop
endfacet
facet normal 0 0.999729 0.0232867
 outer loop
  vertex 270.026 128.002 931.427
  vertex 215.164 127.797 951.759
  vertex 268.306 126.768 981.159
 endloop
endfacet
facet normal 0.998629 0.052339 -0.00102683
 outer loop
  vertex 115.171 138.813 948.838
  vertex 115.888 125.252 949.518
  vertex 115.19 141.029 902.324
 endloop
endfacet
facet normal 0.998547 0.0523436 0.0127749
 outer loop
  vertex 115.19 141.029 902.324
  vertex 115.888 125.252 949.518
  vertex 116.935 125.637 862.771
 endloop
endfacet
facet normal 0.998012 0.052336 0.0351093
 outer loop
  vertex 116.494 138.621 855.827
  vertex 116.935 125.637 862.771
  vertex 117.229 125.083 855.146
 endloop
endfacet
facet normal 0.998244 0.0523384 0.0277347
 outer loop
  vertex 116.494 138.621 855.827
  vertex 115.19 141.029 902.324
  vertex 116.935 125.637 862.771
 endloop
endfacet
facet normal 0.669957 0.741873 -0.0279589
 outer loop
  vertex 116.494 138.621 855.827
  vertex 94.2047 158.793 856.048
  vertex 115.19 141.029 902.324
 endloop
endfacet
facet normal 0.6696 0.74266 -0.00955451
 outer loop
  vertex 115.19 141.029 902.324
  vertex 94.2047 158.793 856.048
  vertex 93.012 161.001 901.964
 endloop
endfacet
facet normal 0.669407 0.742466 0.0252878
 outer loop
  vertex 92.9616 158.909 948.706
  vertex 115.19 141.029 902.324
  vertex 93.012 161.001 901.964
 endloop
endfacet
facet normal 0.669556 0.741471 0.0437669
 outer loop
  vertex 92.9616 158.909 948.706
  vertex 115.171 138.813 948.838
  vertex 115.19 141.029 902.324
 endloop
endfacet
facet normal 0.013859 0.749811 0.661507
 outer loop
  vertex 100.325 119.528 1040.97
  vertex 102.553 108.312 1053.64
  vertex 108.02 122.358 1037.59
 endloop
endfacet
facet normal 0.0300885 0.750258 0.66046
 outer loop
  vertex 108.02 122.358 1037.59
  vertex 102.553 108.312 1053.64
  vertex 148.039 110.977 1048.15
 endloop
endfacet
facet normal 0.0457694 0.750522 0.659259
 outer loop
  vertex 147.317 116.805 1041.57
  vertex 108.02 122.358 1037.59
  vertex 148.039 110.977 1048.15
 endloop
endfacet
facet normal 0.0459113 0.750525 0.659246
 outer loop
  vertex 147.317 116.805 1041.57
  vertex 146.956 119.719 1038.28
  vertex 108.02 122.358 1037.59
 endloop
endfacet
facet normal 0.0459834 0.750526 0.659239
 outer loop
  vertex 108.02 122.358 1037.59
  vertex 146.956 119.719 1038.28
  vertex 146.775 121.176 1036.63
 endloop
endfacet
facet normal 0.0460197 0.750527 0.659236
 outer loop
  vertex 146.685 121.904 1035.81
  vertex 108.02 122.358 1037.59
  vertex 146.775 121.176 1036.63
 endloop
endfacet
facet normal 0.046038 0.750527 0.659234
 outer loop
  vertex 146.685 121.904 1035.81
  vertex 146.64 122.268 1035.4
  vertex 108.02 122.358 1037.59
 endloop
endfacet
facet normal 0.0460471 0.750527 0.659233
 outer loop
  vertex 108.02 122.358 1037.59
  vertex 146.64 122.268 1035.4
  vertex 146.617 122.45 1035.19
 endloop
endfacet
facet normal 0.0460517 0.750527 0.659233
 outer loop
  vertex 146.606 122.542 1035.09
  vertex 108.02 122.358 1037.59
  vertex 146.617 122.45 1035.19
 endloop
endfacet
facet normal 0.046054 0.750527 0.659233
 outer loop
  vertex 146.606 122.542 1035.09
  vertex 146.6 122.587 1035.04
  vertex 108.02 122.358 1037.59
 endloop
endfacet
facet normal 0.0460551 0.750527 0.659233
 outer loop
  vertex 108.02 122.358 1037.59
  vertex 146.6 122.587 1035.04
  vertex 146.598 122.61 1035.01
 endloop
endfacet
facet normal 0.0597163 0.750658 0.657987
 outer loop
  vertex 146.595 122.633 1034.99
  vertex 146.598 122.61 1035.01
  vertex 146.595 122.63 1034.99
 endloop
endfacet
facet normal 0.0460559 0.750527 0.659232
 outer loop
  vertex 146.595 122.633 1034.99
  vertex 108.02 122.358 1037.59
  vertex 146.598 122.61 1035.01
 endloop
endfacet
facet normal 0.0434798 0.750548 0.659385
 outer loop
  vertex 148.039 110.977 1048.15
  vertex 102.553 108.312 1053.64
  vertex 148.761 105.15 1054.74
 endloop
endfacet
facet normal 0.028365 0.750258 0.660536
 outer loop
  vertex 148.761 105.15 1054.74
  vertex 102.553 108.312 1053.64
  vertex 104.327 99.0416 1064.12
 endloop
endfacet
facet normal 0.0437495 0.750536 0.65938
 outer loop
  vertex 149.122 102.236 1058.03
  vertex 104.327 99.0416 1064.12
  vertex 149.302 100.779 1059.67
 endloop
endfacet
facet normal 0.0438168 0.750537 0.659374
 outer loop
  vertex 149.122 102.236 1058.03
  vertex 148.761 105.15 1054.74
  vertex 104.327 99.0416 1064.12
 endloop
endfacet
facet normal 0.0436829 0.750534 0.659386
 outer loop
  vertex 149.483 99.3219 1061.32
  vertex 149.482 99.3248 1061.32
  vertex 104.327 99.0416 1064.12
 endloop
endfacet
facet normal 0.043683 0.750534 0.659386
 outer loop
  vertex 104.327 99.0416 1064.12
  vertex 149.482 99.3248 1061.32
  vertex 149.482 99.3276 1061.31
 endloop
endfacet
facet normal 0.0436831 0.750534 0.659386
 outer loop
  vertex 149.481 99.3333 1061.31
  vertex 104.327 99.0416 1064.12
  vertex 149.482 99.3276 1061.31
 endloop
endfacet
facet normal 0.0436834 0.750534 0.659386
 outer loop
  vertex 149.481 99.3333 1061.31
  vertex 149.48 99.3447 1061.29
  vertex 104.327 99.0416 1064.12
 endloop
endfacet
facet normal 0.0436839 0.750534 0.659386
 outer loop
  vertex 104.327 99.0416 1064.12
  vertex 149.48 99.3447 1061.29
  vertex 149.477 99.3674 1061.27
 endloop
endfacet
facet normal 0.0436849 0.750534 0.659386
 outer loop
  vertex 149.471 99.413 1061.22
  vertex 104.327 99.0416 1064.12
  vertex 149.477 99.3674 1061.27
 endloop
endfacet
facet normal 0.043687 0.750534 0.659386
 outer loop
  vertex 149.471 99.413 1061.22
  vertex 149.46 99.504 1061.11
  vertex 104.327 99.0416 1064.12
 endloop
endfacet
facet normal 0.0436911 0.750534 0.659385
 outer loop
  vertex 104.327 99.0416 1064.12
  vertex 149.46 99.504 1061.11
  vertex 149.438 99.6861 1060.91
 endloop
endfacet
facet normal 0.0436994 0.750535 0.659385
 outer loop
  vertex 149.392 100.05 1060.5
  vertex 104.327 99.0416 1064.12
  vertex 149.438 99.6861 1060.91
 endloop
endfacet
facet normal 0.0437161 0.750535 0.659383
 outer loop
  vertex 149.392 100.05 1060.5
  vertex 149.302 100.779 1059.67
  vertex 104.327 99.0416 1064.12
 endloop
endfacet
facet normal 0.059716 0.750658 0.657987
 outer loop
  vertex 146.596 122.621 1035
  vertex 146.595 122.627 1035
  vertex 146.598 122.61 1035.01
 endloop
endfacet
facet normal 0.0597162 0.750658 0.657987
 outer loop
  vertex 146.598 122.61 1035.01
  vertex 146.595 122.627 1035
  vertex 146.595 122.63 1034.99
 endloop
endfacet
facet normal 0.108881 0.0523409 0.992676
 outer loop
  vertex 150 0.002 1066.5
  vertex 193.374 0.002 1061.53
  vertex 149.483 99.3219 1061.32
 endloop
endfacet
facet normal 0.123403 0.0523446 0.990975
 outer loop
  vertex 149.483 99.3219 1061.32
  vertex 193.374 0.002 1061.53
  vertex 214.641 100.106 1053.32
 endloop
endfacet
facet normal 0.142607 0.0523396 0.988395
 outer loop
  vertex 214.641 100.106 1053.32
  vertex 193.374 0.002 1061.53
  vertex 236.586 0.002 1055.3
 endloop
endfacet
facet normal 0.168166 0.0523401 0.984368
 outer loop
  vertex 243.47 100.517 1048.85
  vertex 236.586 0.002 1055.3
  vertex 279.598 0.002 1047.81
 endloop
endfacet
facet normal 0.176899 0.052339 0.982836
 outer loop
  vertex 274.986 100.999 1043.29
  vertex 243.47 100.517 1048.85
  vertex 279.598 0.002 1047.81
 endloop
endfacet
facet normal 0.153909 0.0523377 0.986698
 outer loop
  vertex 243.47 100.517 1048.85
  vertex 214.641 100.106 1053.32
  vertex 236.586 0.002 1055.3
 endloop
endfacet
facet normal 0.0110448 -0.0523423 0.998568
 outer loop
  vertex 90.3713 0.002 1069.47
  vertex 90.3713 -41.998 1067.27
  vertex 110.277 0.002 1069.14
 endloop
endfacet
facet normal 0.0331303 -0.0523551 0.998079
 outer loop
  vertex 110.277 0.002 1069.14
  vertex 90.3713 -41.998 1067.27
  vertex 130.16 0.002 1068.15
 endloop
endfacet
facet normal 0.0552035 -0.0523807 0.9971
 outer loop
  vertex 130.16 0.002 1068.15
  vertex 90.3713 -41.998 1067.27
  vertex 149.781 -41.998 1064.31
 endloop
endfacet
facet normal 0.0882488 -0.0523423 0.994722
 outer loop
  vertex 150 0.002 1066.5
  vertex 130.16 0.002 1068.15
  vertex 149.781 -41.998 1064.31
 endloop
endfacet
facet normal -0.00207464 -0.767388 -0.641179
 outer loop
  vertex 22.658 -41.998 844.695
  vertex 39.246 -28.0172 827.908
  vertex 281.638 -41.998 843.857
 endloop
endfacet
facet normal -0.00207464 -0.767388 -0.641179
 outer loop
  vertex 281.638 -41.998 843.857
  vertex 39.246 -28.0172 827.908
  vertex 280.033 -28.0172 827.129
 endloop
endfacet
facet normal 0.989963 -0.0523575 -0.131273
 outer loop
  vertex 281.293 0.002 825.657
  vertex 286.544 0.002 868.427
  vertex 280.033 -28.0172 827.129
 endloop
endfacet
facet normal 0.991061 -0.0523518 -0.122708
 outer loop
  vertex 280.033 -28.0172 827.129
  vertex 286.544 0.002 868.427
  vertex 281.638 -41.998 843.857
 endloop
endfacet
facet normal 0.994639 -0.0523617 -0.0891763
 outer loop
  vertex 281.638 -41.998 843.857
  vertex 286.544 0.002 868.427
  vertex 286.354 -41.998 896.945
 endloop
endfacet
facet normal 0 -0.561755 -0.827304
 outer loop
  vertex 225.923 -41.998 896.945
  vertex 286.354 -41.998 896.945
  vertex 236.814 -64.998 912.563
 endloop
endfacet
facet normal 0 -0.561755 -0.827304
 outer loop
  vertex 236.814 -64.998 912.563
  vertex 286.354 -41.998 896.945
  vertex 325 -64.998 912.563
 endloop
endfacet
facet normal 0 -0.561755 -0.827304
 outer loop
  vertex 325 -64.998 912.563
  vertex 286.354 -41.998 896.945
  vertex 325 5.59286 864.63
 endloop
endfacet
facet normal 0 -0.561755 -0.827304
 outer loop
  vertex 325 5.59286 864.63
  vertex 286.354 -41.998 896.945
  vertex 286.544 0.002 868.427
 endloop
endfacet
facet normal 0 -0.561755 -0.827304
 outer loop
  vertex 285.892 5.59286 864.63
  vertex 325 5.59286 864.63
  vertex 286.544 0.002 868.427
 endloop
endfacet
facet normal 0 0.0843004 -0.99644
 outer loop
  vertex 283.203 37.332 854.873
  vertex 282.654 51.5188 856.683
  vertex 325 37.332 854.873
 endloop
endfacet
facet normal 0 0.162258 -0.986748
 outer loop
  vertex 325 37.332 854.873
  vertex 282.654 51.5188 856.683
  vertex 325 50.4651 856.42
 endloop
endfacet
facet normal 0 0.313669 -0.949533
 outer loop
  vertex 325 50.4651 856.42
  vertex 282.654 51.5188 856.683
  vertex 325 62.8787 860.978
 endloop
endfacet
facet normal 0 0.398942 -0.916976
 outer loop
  vertex 325 62.8787 860.978
  vertex 282.654 51.5188 856.683
  vertex 282.514 64.798 861.998
 endloop
endfacet
facet normal 0 0.611245 -0.791441
 outer loop
  vertex 325 73.8929 868.297
  vertex 282.514 64.798 861.998
  vertex 282.713 76.302 870.463
 endloop
endfacet
facet normal 0 0.786272 -0.61788
 outer loop
  vertex 325 82.9043 877.975
  vertex 282.713 76.302 870.463
  vertex 283.134 85.3131 881.539
 endloop
endfacet
facet normal 0 0.908284 -0.418353
 outer loop
  vertex 325 89.4192 889.483
  vertex 283.134 85.3131 881.539
  vertex 283.566 90.5797 892.48
 endloop
endfacet
facet normal 0 0.978048 -0.208381
 outer loop
  vertex 325 93.0807 902.19
  vertex 283.566 90.5797 892.48
  vertex 283.986 93.3855 904.284
 endloop
endfacet
facet normal 0 0.999926 0.0121496
 outer loop
  vertex 325 93.6883 915.4
  vertex 283.986 93.3855 904.284
  vertex 284.349 93.6003 916.485
 endloop
endfacet
facet normal 0 0.972684 0.232134
 outer loop
  vertex 325 91.2087 928.389
  vertex 284.349 93.6003 916.485
  vertex 284.63 91.2087 928.389
 endloop
endfacet
facet normal 0 0.987886 0.155182
 outer loop
  vertex 325 91.2087 928.389
  vertex 325 93.6883 915.4
  vertex 284.349 93.6003 916.485
 endloop
endfacet
facet normal 0 0.997359 -0.0726301
 outer loop
  vertex 325 93.6883 915.4
  vertex 325 93.0807 902.19
  vertex 283.986 93.3855 904.284
 endloop
endfacet
facet normal 0 0.955107 -0.296263
 outer loop
  vertex 325 93.0807 902.19
  vertex 325 89.4192 889.483
  vertex 283.566 90.5797 892.48
 endloop
endfacet
facet normal 0 0.863353 -0.504601
 outer loop
  vertex 325 89.4192 889.483
  vertex 325 82.9043 877.975
  vertex 283.134 85.3131 881.539
 endloop
endfacet
facet normal 0 0.718048 -0.695994
 outer loop
  vertex 325 82.9043 877.975
  vertex 325 73.8929 868.297
  vertex 282.713 76.302 870.463
 endloop
endfacet
facet normal 0 0.531257 -0.847211
 outer loop
  vertex 325 73.8929 868.297
  vertex 325 62.8787 860.978
  vertex 282.514 64.798 861.998
 endloop
endfacet
facet normal 0 0.95357 0.30117
 outer loop
  vertex 281.056 64.0205 1014.47
  vertex 325 64.0205 1014.47
  vertex 283.035 71.129 991.966
 endloop
endfacet
facet normal 0 0.95357 0.30117
 outer loop
  vertex 283.035 71.129 991.966
  vertex 325 64.0205 1014.47
  vertex 325 91.2087 928.389
 endloop
endfacet
facet normal 0 0.95357 0.30117
 outer loop
  vertex 284.755 88.576 936.725
  vertex 325 91.2087 928.389
  vertex 284.63 91.2087 928.389
 endloop
endfacet
facet normal 0 0.95357 0.30117
 outer loop
  vertex 284.755 88.576 936.725
  vertex 283.035 71.129 991.966
  vertex 325 91.2087 928.389
 endloop
endfacet
facet normal 0 0.223868 0.974619
 outer loop
  vertex 325 38.6837 1036.01
  vertex 325 47.0828 1033.64
  vertex 279.447 38.6837 1036.01
 endloop
endfacet
facet normal 6.27874E-17 0.318421 0.947949
 outer loop
  vertex 279.447 38.6837 1036.01
  vertex 325 47.0828 1033.64
  vertex 279.361 47.0828 1033.64
 endloop
endfacet
facet normal 6.27603E-17 0.493883 0.869528
 outer loop
  vertex 279.361 47.0828 1033.64
  vertex 325 47.0828 1033.64
  vertex 279.652 54.4642 1028.96
 endloop
endfacet
facet normal 0 0.57497 0.818174
 outer loop
  vertex 279.652 54.4642 1028.96
  vertex 325 47.0828 1033.64
  vertex 325 54.4642 1028.96
 endloop
endfacet
facet normal 0 0.780013 0.625763
 outer loop
  vertex 280.249 60.2482 1022.4
  vertex 325 54.4642 1028.96
  vertex 325 60.2482 1022.4
 endloop
endfacet
facet normal 0 0.921828 0.387599
 outer loop
  vertex 281.056 64.0205 1014.47
  vertex 325 60.2482 1022.4
  vertex 325 64.0205 1014.47
 endloop
endfacet
facet normal 0 0.881897 0.471442
 outer loop
  vertex 281.056 64.0205 1014.47
  vertex 280.249 60.2482 1022.4
  vertex 325 60.2482 1022.4
 endloop
endfacet
facet normal 0 0.717906 0.69614
 outer loop
  vertex 280.249 60.2482 1022.4
  vertex 279.652 54.4642 1028.96
  vertex 325 54.4642 1028.96
 endloop
endfacet
facet normal 0 0.0427734 0.999085
 outer loop
  vertex 325 0.002 1038.5
  vertex 325 38.6837 1036.01
  vertex 281.114 0.002 1038.5
 endloop
endfacet
facet normal 0 0.0855468 0.996334
 outer loop
  vertex 281.114 0.002 1038.5
  vertex 325 38.6837 1036.01
  vertex 279.447 38.6837 1036.01
 endloop
endfacet
facet normal 0.986295 -0.0523369 0.156473
 outer loop
  vertex 279.305 -41.998 1035.79
  vertex 281.114 0.002 1038.5
  vertex 277.682 -41.998 1045.93
 endloop
endfacet
facet normal 0.985399 -0.0523368 0.162018
 outer loop
  vertex 277.682 -41.998 1045.93
  vertex 281.114 0.002 1038.5
  vertex 279.598 0.002 1047.81
 endloop
endfacet
facet normal 0.0670841 0.751465 0.656354
 outer loop
  vertex 149.483 99.3219 1061.32
  vertex 214.641 100.106 1053.32
  vertex 149.482 99.3248 1061.32
 endloop
endfacet
facet normal 0.0670842 0.751465 0.656354
 outer loop
  vertex 149.482 99.3248 1061.32
  vertex 214.641 100.106 1053.32
  vertex 149.482 99.3276 1061.31
 endloop
endfacet
facet normal 0.0670844 0.751465 0.656354
 outer loop
  vertex 149.482 99.3276 1061.31
  vertex 214.641 100.106 1053.32
  vertex 149.481 99.3333 1061.31
 endloop
endfacet
facet normal 0.0670847 0.751465 0.656354
 outer loop
  vertex 149.481 99.3333 1061.31
  vertex 214.641 100.106 1053.32
  vertex 149.48 99.3447 1061.29
 endloop
endfacet
facet normal 0.0670853 0.751465 0.656353
 outer loop
  vertex 149.48 99.3447 1061.29
  vertex 214.641 100.106 1053.32
  vertex 149.477 99.3674 1061.27
 endloop
endfacet
facet normal 0.0670866 0.751465 0.656353
 outer loop
  vertex 149.477 99.3674 1061.27
  vertex 214.641 100.106 1053.32
  vertex 149.471 99.413 1061.22
 endloop
endfacet
facet normal 0.0670891 0.751465 0.656353
 outer loop
  vertex 149.471 99.413 1061.22
  vertex 214.641 100.106 1053.32
  vertex 149.46 99.504 1061.11
 endloop
endfacet
facet normal 0.0670942 0.751465 0.656353
 outer loop
  vertex 149.46 99.504 1061.11
  vertex 214.641 100.106 1053.32
  vertex 149.438 99.6861 1060.91
 endloop
endfacet
facet normal 0.0671045 0.751465 0.656351
 outer loop
  vertex 149.438 99.6861 1060.91
  vertex 214.641 100.106 1053.32
  vertex 149.392 100.05 1060.5
 endloop
endfacet
facet normal 0.0671249 0.751465 0.656349
 outer loop
  vertex 149.392 100.05 1060.5
  vertex 214.641 100.106 1053.32
  vertex 149.302 100.779 1059.67
 endloop
endfacet
facet normal 0.0671659 0.751465 0.656345
 outer loop
  vertex 149.302 100.779 1059.67
  vertex 214.641 100.106 1053.32
  vertex 149.122 102.236 1058.03
 endloop
endfacet
facet normal 0.067248 0.751466 0.656336
 outer loop
  vertex 149.122 102.236 1058.03
  vertex 214.641 100.106 1053.32
  vertex 148.761 105.15 1054.74
 endloop
endfacet
facet normal 0.0674133 0.751466 0.656319
 outer loop
  vertex 148.761 105.15 1054.74
  vertex 214.641 100.106 1053.32
  vertex 148.039 110.977 1048.15
 endloop
endfacet
facet normal 0.0766117 0.752238 0.654422
 outer loop
  vertex 148.039 110.977 1048.15
  vertex 214.641 100.106 1053.32
  vertex 211.258 123.448 1026.83
 endloop
endfacet
facet normal 0.0684439 0.751484 0.656191
 outer loop
  vertex 147.317 116.805 1041.57
  vertex 211.258 123.448 1026.83
  vertex 146.956 119.719 1038.28
 endloop
endfacet
facet normal 0.0682762 0.751484 0.656209
 outer loop
  vertex 147.317 116.805 1041.57
  vertex 148.039 110.977 1048.15
  vertex 211.258 123.448 1026.83
 endloop
endfacet
facet normal 0.0889412 0.753368 0.651556
 outer loop
  vertex 214.641 100.106 1053.32
  vertex 243.47 100.517 1048.85
  vertex 211.258 123.448 1026.83
 endloop
endfacet
facet normal 0.0972955 0.75427 0.649315
 outer loop
  vertex 211.258 123.448 1026.83
  vertex 243.47 100.517 1048.85
  vertex 264.816 124.273 1017.78
 endloop
endfacet
facet normal 0.105732 0.755265 0.646835
 outer loop
  vertex 264.816 124.273 1017.78
  vertex 243.47 100.517 1048.85
  vertex 276.333 111.17 1031.15
 endloop
endfacet
facet normal 0.105597 0.755339 0.64677
 outer loop
  vertex 276.333 111.17 1031.15
  vertex 243.47 100.517 1048.85
  vertex 274.986 100.999 1043.29
 endloop
endfacet
facet normal 0.0686129 0.751485 0.656173
 outer loop
  vertex 146.595 122.633 1034.99
  vertex 146.595 122.63 1034.99
  vertex 211.258 123.448 1026.83
 endloop
endfacet
facet normal 0.0686128 0.751485 0.656173
 outer loop
  vertex 211.258 123.448 1026.83
  vertex 146.595 122.63 1034.99
  vertex 146.595 122.627 1035
 endloop
endfacet
facet normal 0.0686127 0.751485 0.656173
 outer loop
  vertex 146.596 122.621 1035
  vertex 211.258 123.448 1026.83
  vertex 146.595 122.627 1035
 endloop
endfacet
facet normal 0.0686123 0.751485 0.656173
 outer loop
  vertex 146.596 122.621 1035
  vertex 146.598 122.61 1035.01
  vertex 211.258 123.448 1026.83
 endloop
endfacet
facet normal 0.0686117 0.751485 0.656173
 outer loop
  vertex 211.258 123.448 1026.83
  vertex 146.598 122.61 1035.01
  vertex 146.6 122.587 1035.04
 endloop
endfacet
facet normal 0.0686103 0.751485 0.656173
 outer loop
  vertex 146.606 122.542 1035.09
  vertex 211.258 123.448 1026.83
  vertex 146.6 122.587 1035.04
 endloop
endfacet
facet normal 0.0686077 0.751485 0.656173
 outer loop
  vertex 146.606 122.542 1035.09
  vertex 146.617 122.45 1035.19
  vertex 211.258 123.448 1026.83
 endloop
endfacet
facet normal 0.0686024 0.751485 0.656174
 outer loop
  vertex 211.258 123.448 1026.83
  vertex 146.617 122.45 1035.19
  vertex 146.64 122.268 1035.4
 endloop
endfacet
facet normal 0.0685918 0.751485 0.656175
 outer loop
  vertex 146.685 121.904 1035.81
  vertex 211.258 123.448 1026.83
  vertex 146.64 122.268 1035.4
 endloop
endfacet
facet normal 0.0685706 0.751485 0.656177
 outer loop
  vertex 146.685 121.904 1035.81
  vertex 146.775 121.176 1036.63
  vertex 211.258 123.448 1026.83
 endloop
endfacet
facet normal 0.0685283 0.751485 0.656182
 outer loop
  vertex 211.258 123.448 1026.83
  vertex 146.775 121.176 1036.63
  vertex 146.956 119.719 1038.28
 endloop
endfacet
facet normal 0.661636 0.73846 -0.130057
 outer loop
  vertex 276.311 111.155 831.699
  vertex 264.984 124.393 846.615
  vertex 281.576 114.795 881.411
 endloop
endfacet
facet normal 0.664453 0.740237 -0.102722
 outer loop
  vertex 281.576 114.795 881.411
  vertex 264.984 124.393 846.615
  vertex 268.3 126.764 881.75
 endloop
endfacet
facet normal 0.667622 0.742434 -0.0554252
 outer loop
  vertex 281.593 114.806 881.651
  vertex 268.3 126.764 881.75
  vertex 270.026 128.002 931.427
 endloop
endfacet
facet normal 0.669094 0.743172 0.00280881
 outer loop
  vertex 283.337 116.017 931.427
  vertex 270.026 128.002 931.427
  vertex 283.318 116.004 936.714
 endloop
endfacet
facet normal 0.66862 0.743089 -0.0276938
 outer loop
  vertex 283.337 116.017 931.427
  vertex 281.593 114.806 881.651
  vertex 270.026 128.002 931.427
 endloop
endfacet
facet normal 0.668559 0.74303 0.0305679
 outer loop
  vertex 270.026 128.002 931.427
  vertex 268.306 126.768 981.159
  vertex 283.318 116.004 936.714
 endloop
endfacet
facet normal 0.66751 0.742315 0.0582914
 outer loop
  vertex 283.318 116.004 936.714
  vertex 268.306 126.768 981.159
  vertex 281.582 114.8 981.498
 endloop
endfacet
facet normal 0.665687 0.74094 0.0887071
 outer loop
  vertex 281.582 114.8 981.498
  vertex 268.306 126.768 981.159
  vertex 280.785 114.247 991.768
 endloop
endfacet
facet normal 0.663881 0.739847 0.109029
 outer loop
  vertex 280.785 114.247 991.768
  vertex 268.306 126.768 981.159
  vertex 264.816 124.273 1017.78
 endloop
endfacet
facet normal 0.66097 0.737949 0.136195
 outer loop
  vertex 276.333 111.17 1031.15
  vertex 280.785 114.247 991.768
  vertex 264.816 124.273 1017.78
 endloop
endfacet
facet normal 0.666114 0.741211 -0.0830637
 outer loop
  vertex 281.593 114.806 881.651
  vertex 281.576 114.795 881.411
  vertex 268.3 126.764 881.75
 endloop
endfacet
facet normal -0.129798 0 -0.99154
 outer loop
  vertex 235 126.376 988.495
  vertex 230.788 126.328 989.333
  vertex 235 131.002 988.495
 endloop
endfacet
facet normal -0.259573 0 -0.965723
 outer loop
  vertex 235 131.002 988.495
  vertex 230.788 126.328 989.333
  vertex 230.788 131.002 989.332
 endloop
endfacet
facet normal -0.499353 0 -0.866398
 outer loop
  vertex 230.788 131.002 989.332
  vertex 230.788 126.328 989.333
  vertex 227.218 126.187 991.718
 endloop
endfacet
facet normal -0.792828 0 -0.609445
 outer loop
  vertex 227.218 131.002 991.718
  vertex 227.218 126.187 991.718
  vertex 224.834 125.966 995.286
 endloop
endfacet
facet normal -0.965666 0 -0.259788
 outer loop
  vertex 224.832 131.002 995.288
  vertex 224.834 125.966 995.286
  vertex 223.995 125.688 999.495
 endloop
endfacet
facet normal -0.991581 0 0.129484
 outer loop
  vertex 223.995 131.002 999.5
  vertex 223.995 125.688 999.495
  vertex 224.831 125.392 1003.71
 endloop
endfacet
facet normal -0.866551 0 0.499088
 outer loop
  vertex 224.832 131.002 1003.71
  vertex 224.831 125.392 1003.71
  vertex 227.214 125.127 1007.28
 endloop
endfacet
facet normal -0.609543 0 0.792753
 outer loop
  vertex 227.218 131.002 1007.28
  vertex 227.214 125.127 1007.28
  vertex 230.786 124.942 1009.67
 endloop
endfacet
facet normal -0.25962 0 0.965711
 outer loop
  vertex 230.788 131.002 1009.67
  vertex 230.786 124.942 1009.67
  vertex 235 124.876 1010.51
 endloop
endfacet
facet normal -0.129775 0 0.991543
 outer loop
  vertex 235 131.002 1010.51
  vertex 230.788 131.002 1009.67
  vertex 235 124.876 1010.51
 endloop
endfacet
facet normal -0.499406 0 0.866368
 outer loop
  vertex 230.788 131.002 1009.67
  vertex 227.218 131.002 1007.28
  vertex 230.786 124.942 1009.67
 endloop
endfacet
facet normal -0.792989 0 0.609236
 outer loop
  vertex 227.218 131.002 1007.28
  vertex 224.832 131.002 1003.71
  vertex 227.214 125.127 1007.28
 endloop
endfacet
facet normal -0.965766 0 0.259415
 outer loop
  vertex 224.832 131.002 1003.71
  vertex 223.995 131.002 999.5
  vertex 224.831 125.392 1003.71
 endloop
endfacet
facet normal -0.991523 0 -0.12993
 outer loop
  vertex 223.995 131.002 999.5
  vertex 224.832 131.002 995.288
  vertex 223.995 125.688 999.495
 endloop
endfacet
facet normal -0.866357 0 -0.499425
 outer loop
  vertex 224.832 131.002 995.288
  vertex 227.218 131.002 991.718
  vertex 224.834 125.966 995.286
 endloop
endfacet
facet normal -0.609352 0 -0.7929
 outer loop
  vertex 227.218 131.002 991.718
  vertex 230.788 131.002 989.332
  vertex 227.218 126.187 991.718
 endloop
endfacet
facet normal -0.129798 0 -0.99154
 outer loop
  vertex 175 126.376 988.495
  vertex 170.788 126.328 989.333
  vertex 175 131.002 988.495
 endloop
endfacet
facet normal -0.259573 0 -0.965723
 outer loop
  vertex 175 131.002 988.495
  vertex 170.788 126.328 989.333
  vertex 170.788 131.002 989.332
 endloop
endfacet
facet normal -0.499354 0 -0.866398
 outer loop
  vertex 170.788 131.002 989.332
  vertex 170.788 126.328 989.333
  vertex 167.218 126.187 991.718
 endloop
endfacet
facet normal -0.792829 0 -0.609444
 outer loop
  vertex 167.218 131.002 991.718
  vertex 167.218 126.187 991.718
  vertex 164.834 125.966 995.286
 endloop
endfacet
facet normal -0.965666 0 -0.259787
 outer loop
  vertex 164.832 131.002 995.288
  vertex 164.834 125.966 995.286
  vertex 163.995 125.688 999.495
 endloop
endfacet
facet normal -0.991581 0 0.129485
 outer loop
  vertex 163.995 131.002 999.5
  vertex 163.995 125.688 999.495
  vertex 164.831 125.392 1003.71
 endloop
endfacet
facet normal -0.866551 0 0.499089
 outer loop
  vertex 164.832 131.002 1003.71
  vertex 164.831 125.392 1003.71
  vertex 167.214 125.127 1007.28
 endloop
endfacet
facet normal -0.609543 0 0.792753
 outer loop
  vertex 167.218 131.002 1007.28
  vertex 167.214 125.127 1007.28
  vertex 170.786 124.942 1009.67
 endloop
endfacet
facet normal -0.25962 0 0.965711
 outer loop
  vertex 170.788 131.002 1009.67
  vertex 170.786 124.942 1009.67
  vertex 175 124.876 1010.51
 endloop
endfacet
facet normal -0.129775 0 0.991543
 outer loop
  vertex 175 131.002 1010.51
  vertex 170.788 131.002 1009.67
  vertex 175 124.876 1010.51
 endloop
endfacet
facet normal -0.499406 0 0.866368
 outer loop
  vertex 170.788 131.002 1009.67
  vertex 167.218 131.002 1007.28
  vertex 170.786 124.942 1009.67
 endloop
endfacet
facet normal -0.792988 0 0.609237
 outer loop
  vertex 167.218 131.002 1007.28
  vertex 164.832 131.002 1003.71
  vertex 167.214 125.127 1007.28
 endloop
endfacet
facet normal -0.965766 0 0.259415
 outer loop
  vertex 164.832 131.002 1003.71
  vertex 163.995 131.002 999.5
  vertex 164.831 125.392 1003.71
 endloop
endfacet
facet normal -0.991523 0 -0.12993
 outer loop
  vertex 163.995 131.002 999.5
  vertex 164.832 131.002 995.288
  vertex 163.995 125.688 999.495
 endloop
endfacet
facet normal -0.866357 0 -0.499425
 outer loop
  vertex 164.832 131.002 995.288
  vertex 167.218 131.002 991.718
  vertex 164.834 125.966 995.286
 endloop
endfacet
facet normal -0.609352 0 -0.7929
 outer loop
  vertex 167.218 131.002 991.718
  vertex 170.788 131.002 989.332
  vertex 167.218 126.187 991.718
 endloop
endfacet
facet normal -0.12967 0 -0.991557
 outer loop
  vertex 205 127.989 936.533
  vertex 200.792 127.985 937.37
  vertex 205 131.002 936.533
 endloop
endfacet
facet normal -0.259446 0 -0.965758
 outer loop
  vertex 205 131.002 936.533
  vertex 200.792 127.985 937.37
  vertex 200.788 131.002 937.371
 endloop
endfacet
facet normal -0.499068 0 -0.866563
 outer loop
  vertex 200.788 131.002 937.371
  vertex 200.792 127.985 937.37
  vertex 197.223 127.968 939.752
 endloop
endfacet
facet normal -0.792602 0 -0.60974
 outer loop
  vertex 197.218 131.002 939.757
  vertex 197.223 127.968 939.752
  vertex 194.836 127.932 943.319
 endloop
endfacet
facet normal -0.965607 0 -0.260007
 outer loop
  vertex 194.832 131.002 943.327
  vertex 194.836 127.932 943.319
  vertex 193.995 127.873 947.532
 endloop
endfacet
facet normal -0.991577 0 0.129518
 outer loop
  vertex 193.995 131.002 947.538
  vertex 193.995 127.873 947.532
  vertex 194.832 127.797 951.749
 endloop
endfacet
facet normal -0.866423 0 0.49931
 outer loop
  vertex 194.832 131.002 951.75
  vertex 194.832 127.797 951.749
  vertex 197.218 127.718 955.321
 endloop
endfacet
facet normal -0.609309 0 0.792933
 outer loop
  vertex 197.218 131.002 955.32
  vertex 197.218 127.718 955.321
  vertex 200.79 127.659 957.707
 endloop
endfacet
facet normal -0.259496 0 0.965744
 outer loop
  vertex 200.788 131.002 957.706
  vertex 200.79 127.659 957.707
  vertex 205 127.636 958.544
 endloop
endfacet
facet normal -0.129775 0 0.991543
 outer loop
  vertex 205 131.002 958.544
  vertex 200.788 131.002 957.706
  vertex 205 127.636 958.544
 endloop
endfacet
facet normal -0.499295 0 0.866432
 outer loop
  vertex 200.788 131.002 957.706
  vertex 197.218 131.002 955.32
  vertex 200.79 127.659 957.707
 endloop
endfacet
facet normal -0.792885 0 0.609371
 outer loop
  vertex 197.218 131.002 955.32
  vertex 194.832 131.002 951.75
  vertex 197.218 127.718 955.321
 endloop
endfacet
facet normal -0.965743 0 0.259502
 outer loop
  vertex 194.832 131.002 951.75
  vertex 193.995 131.002 947.538
  vertex 194.832 127.797 951.749
 endloop
endfacet
facet normal -0.991516 0 -0.129984
 outer loop
  vertex 193.995 131.002 947.538
  vertex 194.832 131.002 943.327
  vertex 193.995 127.873 947.532
 endloop
endfacet
facet normal -0.86627 0 -0.499576
 outer loop
  vertex 194.832 131.002 943.327
  vertex 197.218 131.002 939.757
  vertex 194.836 127.932 943.319
 endloop
endfacet
facet normal -0.609191 0 -0.793023
 outer loop
  vertex 197.218 131.002 939.757
  vertex 200.788 131.002 937.371
  vertex 197.223 127.968 939.752
 endloop
endfacet
facet normal 0.175661 -0.0523407 0.983058
 outer loop
  vertex 279.598 0.002 1047.81
  vertex 236.586 0.002 1055.3
  vertex 277.682 -41.998 1045.93
 endloop
endfacet
facet normal 0.161167 -0.0523443 0.985538
 outer loop
  vertex 277.682 -41.998 1045.93
  vertex 236.586 0.002 1055.3
  vertex 213.93 -41.998 1056.5
 endloop
endfacet
facet normal 0.142352 -0.0523396 0.988431
 outer loop
  vertex 213.93 -41.998 1056.5
  vertex 236.586 0.002 1055.3
  vertex 193.374 0.002 1061.53
 endloop
endfacet
facet normal 0.108881 -0.0523409 0.992676
 outer loop
  vertex 149.781 -41.998 1064.31
  vertex 193.374 0.002 1061.53
  vertex 150 0.002 1066.5
 endloop
endfacet
facet normal 0.123147 -0.0523444 0.991007
 outer loop
  vertex 149.781 -41.998 1064.31
  vertex 213.93 -41.998 1056.5
  vertex 193.374 0.002 1061.53
 endloop
endfacet
facet normal -0.440981 0 0.897516
 outer loop
  vertex 22.5186 -41.998 1028.88
  vertex 22.0993 -49.998 1028.62
  vertex 46.2571 -41.998 1038.92
 endloop
endfacet
facet normal -0.340523 0 0.940236
 outer loop
  vertex 46.2571 -41.998 1038.92
  vertex 22.0993 -49.998 1028.62
  vertex 46.2571 -69.998 1038.92
 endloop
endfacet
facet normal -0.44349 0 0.896279
 outer loop
  vertex 46.2571 -69.998 1038.92
  vertex 22.0993 -49.998 1028.62
  vertex 21.9581 -69.998 1028.53
 endloop
endfacet
facet normal -0.598367 0 0.801222
 outer loop
  vertex 21.9581 -69.998 1028.53
  vertex 22.0993 -49.998 1028.62
  vertex 8.68599 -49.998 1017.84
 endloop
endfacet
facet normal -0.781461 0 0.623954
 outer loop
  vertex 2.39697 -69.998 1010.76
  vertex 8.68599 -49.998 1017.84
  vertex -2.09933 -49.998 1004.43
 endloop
endfacet
facet normal -0.918644 0 0.395086
 outer loop
  vertex -10.273 -69.998 987.562
  vertex -2.09933 -49.998 1004.43
  vertex -10.6998 -41.998 986.296
 endloop
endfacet
facet normal -0.970139 0 0.242549
 outer loop
  vertex -14.3727 -41.998 968.232
  vertex -10.273 -69.998 987.562
  vertex -10.6998 -41.998 986.296
 endloop
endfacet
facet normal -0.990347 0 0.138613
 outer loop
  vertex -14.3727 -41.998 968.232
  vertex -14.6572 -69.998 961.5
  vertex -10.273 -69.998 987.562
 endloop
endfacet
facet normal -0.999825 0 -0.0186896
 outer loop
  vertex -14.3727 -41.998 968.232
  vertex -13.869 -41.998 950.321
  vertex -14.6572 -69.998 961.5
 endloop
endfacet
facet normal -0.98755 0 -0.157303
 outer loop
  vertex -14.6572 -69.998 961.5
  vertex -13.869 -41.998 950.321
  vertex -10.273 -69.998 935.438
 endloop
endfacet
facet normal -0.960021 0 -0.279929
 outer loop
  vertex -10.273 -69.998 935.438
  vertex -13.869 -41.998 950.321
  vertex -9.07196 -41.998 932.197
 endloop
endfacet
facet normal -0.903344 0 -0.428917
 outer loop
  vertex 0.191831 -41.998 915.183
  vertex -10.273 -69.998 935.438
  vertex -9.07196 -41.998 932.197
 endloop
endfacet
facet normal -0.857448 0 -0.514571
 outer loop
  vertex 0.191831 -41.998 915.183
  vertex 2.39697 -69.998 912.244
  vertex -10.273 -69.998 935.438
 endloop
endfacet
facet normal -0.753435 0 -0.657523
 outer loop
  vertex 0.191831 -41.998 915.183
  vertex 13.3798 -41.998 900.832
  vertex 2.39697 -69.998 912.244
 endloop
endfacet
facet normal -0.664305 0 -0.747462
 outer loop
  vertex 2.39697 -69.998 912.244
  vertex 13.3798 -41.998 900.832
  vertex 21.9581 -69.998 894.473
 endloop
endfacet
facet normal -0.548472 0 -0.836169
 outer loop
  vertex 21.9581 -69.998 894.473
  vertex 13.3798 -41.998 900.832
  vertex 29.2197 -41.998 890.33
 endloop
endfacet
facet normal -0.308371 0 -0.951266
 outer loop
  vertex 46.2571 -69.998 884.079
  vertex 29.2197 -41.998 890.33
  vertex 46.2571 -41.998 884.079
 endloop
endfacet
facet normal -0.412251 0 -0.91107
 outer loop
  vertex 46.2571 -69.998 884.079
  vertex 21.9581 -69.998 894.473
  vertex 29.2197 -41.998 890.33
 endloop
endfacet
facet normal -0.886132 0 0.463433
 outer loop
  vertex -2.09933 -49.998 1004.43
  vertex -2.51849 -41.998 1003.77
  vertex -10.6998 -41.998 986.296
 endloop
endfacet
facet normal -0.866199 0 0.499699
 outer loop
  vertex -10.273 -69.998 987.562
  vertex 2.39697 -69.998 1010.76
  vertex -2.09933 -49.998 1004.43
 endloop
endfacet
facet normal -0.684225 0 0.729271
 outer loop
  vertex 2.39697 -69.998 1010.76
  vertex 21.9581 -69.998 1028.53
  vertex 8.68599 -49.998 1017.84
 endloop
endfacet
facet normal -0.235294 0 -0.971924
 outer loop
  vertex 126.551 -69.998 864.641
  vertex 46.2571 -69.998 884.079
  vertex 126.551 -41.998 864.641
 endloop
endfacet
facet normal -0.235294 0 -0.971924
 outer loop
  vertex 126.551 -41.998 864.641
  vertex 46.2571 -69.998 884.079
  vertex 46.2571 -41.998 884.079
 endloop
endfacet
facet normal 0.0711413 0 -0.997466
 outer loop
  vertex 150 -41.998 861.843
  vertex 171.161 -41.998 864.115
  vertex 150 -69.998 861.843
 endloop
endfacet
facet normal 0.162114 0 -0.986772
 outer loop
  vertex 150 -69.998 861.843
  vertex 171.161 -41.998 864.115
  vertex 176.972 -69.998 865.562
 endloop
endfacet
facet normal 0.302172 0 -0.953253
 outer loop
  vertex 176.972 -69.998 865.562
  vertex 171.161 -41.998 864.115
  vertex 191.822 -41.998 871.043
 endloop
endfacet
facet normal 0.517962 0 -0.855404
 outer loop
  vertex 201.93 -69.998 876.442
  vertex 191.822 -41.998 871.043
  vertex 210.484 -41.998 882.296
 endloop
endfacet
facet normal 0.703456 0 -0.710739
 outer loop
  vertex 223.013 -69.998 893.671
  vertex 210.484 -41.998 882.296
  vertex 225.923 -41.998 896.945
 endloop
endfacet
facet normal 0.792665 0 -0.609658
 outer loop
  vertex 236.814 -64.998 912.563
  vertex 223.013 -69.998 893.671
  vertex 225.923 -41.998 896.945
 endloop
endfacet
facet normal 0.837216 0 -0.546873
 outer loop
  vertex 236.814 -64.998 912.563
  vertex 238.645 -69.998 915.963
  vertex 223.013 -69.998 893.671
 endloop
endfacet
facet normal 0.883524 0 -0.468386
 outer loop
  vertex 236.814 -64.998 912.563
  vertex 238.645 -64.998 915.963
  vertex 238.645 -69.998 915.963
 endloop
endfacet
facet normal 0.624191 0 -0.781272
 outer loop
  vertex 223.013 -69.998 893.671
  vertex 201.93 -69.998 876.442
  vertex 210.484 -41.998 882.296
 endloop
endfacet
facet normal 0.40636 0 -0.913713
 outer loop
  vertex 201.93 -69.998 876.442
  vertex 176.972 -69.998 865.562
  vertex 191.822 -41.998 871.043
 endloop
endfacet
facet normal 0 -0.130578 0.991438
 outer loop
  vertex 216.425 -41.998 1035.79
  vertex 216.735 -44.0943 1035.51
  vertex 279.305 -41.998 1035.79
 endloop
endfacet
facet normal 0 -0.132715 0.991154
 outer loop
  vertex 279.305 -41.998 1035.79
  vertex 216.735 -44.0943 1035.51
  vertex 325 -44.0943 1035.51
 endloop
endfacet
facet normal 0 -0.0879343 0.996126
 outer loop
  vertex 325 0.002 1038.5
  vertex 279.305 -41.998 1035.79
  vertex 325 -44.0943 1035.51
 endloop
endfacet
facet normal 0 -0.0428925 0.99908
 outer loop
  vertex 325 0.002 1038.5
  vertex 281.114 0.002 1038.5
  vertex 279.305 -41.998 1035.79
 endloop
endfacet
facet normal 0.677819 0 0.735228
 outer loop
  vertex 222.344 -69.998 1030.04
  vertex 222.344 -49.6881 1030.04
  vertex 207.032 -69.998 1043.22
 endloop
endfacet
facet normal 0.658255 0 0.752795
 outer loop
  vertex 207.032 -69.998 1043.22
  vertex 222.344 -49.6881 1030.04
  vertex 216.735 -44.0943 1035.51
 endloop
endfacet
facet normal 0.622269 0 0.782804
 outer loop
  vertex 202.209 -41.998 1046.39
  vertex 216.735 -44.0943 1035.51
  vertex 216.425 -41.998 1035.79
 endloop
endfacet
facet normal 0.590313 0 0.807174
 outer loop
  vertex 202.209 -41.998 1046.39
  vertex 207.032 -69.998 1043.22
  vertex 216.735 -44.0943 1035.51
 endloop
endfacet
facet normal 0.498914 0 0.866651
 outer loop
  vertex 202.209 -41.998 1046.39
  vertex 189.376 -69.998 1053.05
  vertex 207.032 -69.998 1043.22
 endloop
endfacet
facet normal 0.427832 0 0.903858
 outer loop
  vertex 202.209 -41.998 1046.39
  vertex 185.928 -41.998 1054.46
  vertex 189.376 -69.998 1053.05
 endloop
endfacet
facet normal 0.32036 0 0.947296
 outer loop
  vertex 189.376 -69.998 1053.05
  vertex 185.928 -41.998 1054.46
  vertex 170.101 -69.998 1059.11
 endloop
endfacet
facet normal 0.249235 0 0.968443
 outer loop
  vertex 170.101 -69.998 1059.11
  vertex 185.928 -41.998 1054.46
  vertex 168.228 -41.998 1059.48
 endloop
endfacet
facet normal 0.0611996 0 0.998126
 outer loop
  vertex 150 -69.998 1061.16
  vertex 168.228 -41.998 1059.48
  vertex 150 -41.998 1061.16
 endloop
endfacet
facet normal -0.0789253 0 0.996881
 outer loop
  vertex 126.551 -41.998 1058.36
  vertex 150 -69.998 1061.16
  vertex 150 -41.998 1061.16
 endloop
endfacet
facet normal -0.157851 0 0.987463
 outer loop
  vertex 126.551 -41.998 1058.36
  vertex 126.551 -69.998 1058.36
  vertex 150 -69.998 1061.16
 endloop
endfacet
facet normal 0.128743 0 0.991678
 outer loop
  vertex 150 -69.998 1061.16
  vertex 170.101 -69.998 1059.11
  vertex 168.228 -41.998 1059.48
 endloop
endfacet
facet normal -0.235294 0 0.971924
 outer loop
  vertex 46.2571 -69.998 1038.92
  vertex 126.551 -69.998 1058.36
  vertex 46.2571 -41.998 1038.92
 endloop
endfacet
facet normal -0.235294 0 0.971924
 outer loop
  vertex 46.2571 -41.998 1038.92
  vertex 126.551 -69.998 1058.36
  vertex 126.551 -41.998 1058.36
 endloop
endfacet
facet normal 0.99863 -0.052336 1.78467E-17
 outer loop
  vertex 22.5186 -41.998 1036.5
  vertex 22.0993 -49.998 1036.5
  vertex 22.5186 -41.998 1028.88
 endloop
endfacet
facet normal 0.99863 -0.052336 1.78467E-17
 outer loop
  vertex 22.5186 -41.998 1028.88
  vertex 22.0993 -49.998 1036.5
  vertex 22.0993 -49.998 1028.62
 endloop
endfacet
facet normal 0.129591 -0.0532418 0.990137
 outer loop
  vertex 10 -49.998 1048.6
  vertex 14.6302 -49.998 1047.68
  vertex 10 -41.998 1049.02
 endloop
endfacet
facet normal 0.254074 -0.0532065 0.96572
 outer loop
  vertex 10 -41.998 1049.02
  vertex 14.6302 -49.998 1047.68
  vertex 14.608 -41.998 1048.14
 endloop
endfacet
facet normal 0.49405 -0.0532801 0.867799
 outer loop
  vertex 14.608 -41.998 1048.14
  vertex 14.6302 -49.998 1047.68
  vertex 18.5555 -49.998 1045.06
 endloop
endfacet
facet normal 0.791767 -0.0532418 0.608498
 outer loop
  vertex 18.852 -41.998 1045.35
  vertex 18.5555 -49.998 1045.06
  vertex 21.1783 -49.998 1041.13
 endloop
endfacet
facet normal 0.96572 -0.0532065 0.254074
 outer loop
  vertex 21.6396 -41.998 1041.11
  vertex 21.1783 -49.998 1041.13
  vertex 22.0993 -49.998 1036.5
 endloop
endfacet
facet normal 0.990796 -0.0531698 0.124482
 outer loop
  vertex 22.5186 -41.998 1036.5
  vertex 21.6396 -41.998 1041.11
  vertex 22.0993 -49.998 1036.5
 endloop
endfacet
facet normal 0.867799 -0.0532801 0.49405
 outer loop
  vertex 21.6396 -41.998 1041.11
  vertex 18.852 -41.998 1045.35
  vertex 21.1783 -49.998 1041.13
 endloop
endfacet
facet normal 0.604409 -0.0533169 0.794888
 outer loop
  vertex 18.852 -41.998 1045.35
  vertex 14.608 -41.998 1048.14
  vertex 18.5555 -49.998 1045.06
 endloop
endfacet
facet normal -0.99863 -0.052336 1.18978E-17
 outer loop
  vertex -2.09933 -49.998 1036.5
  vertex -2.51859 -41.998 1036.5
  vertex -2.09933 -49.998 1004.43
 endloop
endfacet
facet normal -0.99863 -0.052336 1.18978E-17
 outer loop
  vertex -2.09933 -49.998 1004.43
  vertex -2.51859 -41.998 1036.5
  vertex -2.51849 -41.998 1003.77
 endloop
endfacet
facet normal 0 -1 1.07707E-10
 outer loop
  vertex 236.814 -64.998 912.563
  vertex 325 -64.998 912.563
  vertex 238.645 -64.998 915.963
 endloop
endfacet
facet normal 0 -1 1.07707E-10
 outer loop
  vertex 238.645 -64.998 915.963
  vertex 325 -64.998 912.563
  vertex 240.788 -64.998 920.305
 endloop
endfacet
facet normal 0 -1 1.07707E-10
 outer loop
  vertex 240.788 -64.998 920.305
  vertex 325 -64.998 912.563
  vertex 248.058 -64.998 943.495
 endloop
endfacet
facet normal 0 -1 1.07707E-10
 outer loop
  vertex 248.058 -64.998 943.495
  vertex 325 -64.998 912.563
  vertex 249.449 -64.998 968.528
 endloop
endfacet
facet normal 0 -1 1.07707E-10
 outer loop
  vertex 249.449 -64.998 968.528
  vertex 325 -64.998 912.563
  vertex 325 -64.998 1015.05
 endloop
endfacet
facet normal 0 -1 1.07707E-10
 outer loop
  vertex 244.551 -64.998 993.117
  vertex 325 -64.998 1015.05
  vertex 234.091 -64.998 1015.05
 endloop
endfacet
facet normal 0 -1 1.07707E-10
 outer loop
  vertex 244.551 -64.998 993.117
  vertex 249.449 -64.998 968.528
  vertex 325 -64.998 1015.05
 endloop
endfacet
facet normal 1 0 0
 outer loop
  vertex 325 50.4651 856.42
  vertex 325 49.3394 857.402
  vertex 325 37.332 854.873
 endloop
endfacet
facet normal 1 0 0
 outer loop
  vertex 325 50.4651 856.42
  vertex 325 62.8787 860.978
  vertex 325 49.3394 857.402
 endloop
endfacet
facet normal 1 0 0
 outer loop
  vertex 325 49.3394 857.402
  vertex 325 62.8787 860.978
  vertex 325 63.349 862.586
 endloop
endfacet
facet normal 1 0 0
 outer loop
  vertex 325 63.349 862.586
  vertex 325 62.8787 860.978
  vertex 325 73.8929 868.297
 endloop
endfacet
facet normal 1 0 0
 outer loop
  vertex 325 74.9633 870.865
  vertex 325 73.8929 868.297
  vertex 325 82.9043 877.975
 endloop
endfacet
facet normal 1 0 0
 outer loop
  vertex 325 84.3627 882.301
  vertex 325 82.9043 877.975
  vertex 325 89.4192 889.483
 endloop
endfacet
facet normal 1 0 0
 outer loop
  vertex 325 90.5246 896.287
  vertex 325 89.4192 889.483
  vertex 325 93.0807 902.19
 endloop
endfacet
facet normal 1 0 0
 outer loop
  vertex 325 92.6224 911.373
  vertex 325 93.0807 902.19
  vertex 325 93.6883 915.4
 endloop
endfacet
facet normal 1 0 0
 outer loop
  vertex 325 90.0553 928.025
  vertex 325 93.6883 915.4
  vertex 325 91.2087 928.389
 endloop
endfacet
facet normal 1 0 0
 outer loop
  vertex 325 64.0205 1014.47
  vertex 325 90.0553 928.025
  vertex 325 91.2087 928.389
 endloop
endfacet
facet normal 1 0 0
 outer loop
  vertex 325 64.0205 1014.47
  vertex 325 61.9578 1016.99
  vertex 325 90.0553 928.025
 endloop
endfacet
facet normal 1 0 0
 outer loop
  vertex 325 64.0205 1014.47
  vertex 325 60.2482 1022.4
  vertex 325 61.9578 1016.99
 endloop
endfacet
facet normal 1 0 0
 outer loop
  vertex 325 61.9578 1016.99
  vertex 325 60.2482 1022.4
  vertex 325 53.1717 1028.23
 endloop
endfacet
facet normal 1 0 0
 outer loop
  vertex 325 53.1717 1028.23
  vertex 325 60.2482 1022.4
  vertex 325 54.4642 1028.96
 endloop
endfacet
facet normal 1 0 0
 outer loop
  vertex 325 47.0828 1033.64
  vertex 325 53.1717 1028.23
  vertex 325 54.4642 1028.96
 endloop
endfacet
facet normal 1 0 0
 outer loop
  vertex 325 47.0828 1033.64
  vertex 325 40.1115 1034.05
  vertex 325 53.1717 1028.23
 endloop
endfacet
facet normal 1 0 0
 outer loop
  vertex 325 47.0828 1033.64
  vertex 325 38.6837 1036.01
  vertex 325 40.1115 1034.05
 endloop
endfacet
facet normal 1 0 0
 outer loop
  vertex 325 40.1115 1034.05
  vertex 325 38.6837 1036.01
  vertex 325 0.002 1037.48
 endloop
endfacet
facet normal 1 0 0
 outer loop
  vertex 325 0.002 1037.48
  vertex 325 38.6837 1036.01
  vertex 325 0.002 1038.5
 endloop
endfacet
facet normal 1 0 0
 outer loop
  vertex 325 -43.5679 1034.56
  vertex 325 0.002 1038.5
  vertex 325 -44.0943 1035.51
 endloop
endfacet
facet normal 1 0 0
 outer loop
  vertex 325 -63.7884 1014.95
  vertex 325 -44.0943 1035.51
  vertex 325 -64.998 1015.05
 endloop
endfacet
facet normal 1 0 0
 outer loop
  vertex 325 -63.7884 913.204
  vertex 325 -64.998 1015.05
  vertex 325 -64.998 912.563
 endloop
endfacet
facet normal 1 0 0
 outer loop
  vertex 325 5.59286 864.63
  vertex 325 -63.7884 913.204
  vertex 325 -64.998 912.563
 endloop
endfacet
facet normal 1 0 0
 outer loop
  vertex 325 5.59286 864.63
  vertex 325 6.27238 865.631
  vertex 325 -63.7884 913.204
 endloop
endfacet
facet normal 1 0 0
 outer loop
  vertex 325 5.59286 864.63
  vertex 325 19.2145 859.135
  vertex 325 6.27238 865.631
 endloop
endfacet
facet normal 1 0 0
 outer loop
  vertex 325 5.59286 864.63
  vertex 325 20.7295 857.367
  vertex 325 19.2145 859.135
 endloop
endfacet
facet normal 1 0 0
 outer loop
  vertex 325 19.2145 859.135
  vertex 325 20.7295 857.367
  vertex 325 34.0738 856.178
 endloop
endfacet
facet normal 1 0 0
 outer loop
  vertex 325 34.0738 856.178
  vertex 325 20.7295 857.367
  vertex 325 37.332 854.873
 endloop
endfacet
facet normal 1 0 0
 outer loop
  vertex 325 49.3394 857.402
  vertex 325 34.0738 856.178
  vertex 325 37.332 854.873
 endloop
endfacet
facet normal 1 0 0
 outer loop
  vertex 325 90.0553 928.025
  vertex 325 92.6224 911.373
  vertex 325 93.6883 915.4
 endloop
endfacet
facet normal 1 0 0
 outer loop
  vertex 325 92.6224 911.373
  vertex 325 90.5246 896.287
  vertex 325 93.0807 902.19
 endloop
endfacet
facet normal 1 0 0
 outer loop
  vertex 325 90.5246 896.287
  vertex 325 84.3627 882.301
  vertex 325 89.4192 889.483
 endloop
endfacet
facet normal 1 0 0
 outer loop
  vertex 325 84.3627 882.301
  vertex 325 74.9633 870.865
  vertex 325 82.9043 877.975
 endloop
endfacet
facet normal 1 0 0
 outer loop
  vertex 325 74.9633 870.865
  vertex 325 63.349 862.586
  vertex 325 73.8929 868.297
 endloop
endfacet
facet normal 1 0 0
 outer loop
  vertex 325 -63.7884 913.204
  vertex 325 -63.7884 1014.95
  vertex 325 -64.998 1015.05
 endloop
endfacet
facet normal 1 0 0
 outer loop
  vertex 325 -63.7884 1014.95
  vertex 325 -43.5679 1034.56
  vertex 325 -44.0943 1035.51
 endloop
endfacet
facet normal 1 0 0
 outer loop
  vertex 325 -43.5679 1034.56
  vertex 325 0.002 1037.48
  vertex 325 0.002 1038.5
 endloop
endfacet
facet normal 0 1 0
 outer loop
  vertex 238.254 131.002 998.212
  vertex 238.5 131.002 999.5
  vertex 246.005 131.002 999.5
 endloop
endfacet
facet normal 0 1 0
 outer loop
  vertex 245.168 131.002 995.288
  vertex 238.254 131.002 998.212
  vertex 246.005 131.002 999.5
 endloop
endfacet
facet normal 0 1 0
 outer loop
  vertex 245.168 131.002 995.288
  vertex 237.475 131.002 997.025
  vertex 238.254 131.002 998.212
 endloop
endfacet
facet normal 0 1 0
 outer loop
  vertex 245.168 131.002 995.288
  vertex 242.782 131.002 991.718
  vertex 237.475 131.002 997.025
 endloop
endfacet
facet normal 0 1 0
 outer loop
  vertex 237.475 131.002 997.025
  vertex 242.782 131.002 991.718
  vertex 239.212 131.002 989.332
 endloop
endfacet
facet normal 0 1 0
 outer loop
  vertex 236.288 131.002 996.246
  vertex 239.212 131.002 989.332
  vertex 235 131.002 988.495
 endloop
endfacet
facet normal 0 1 0
 outer loop
  vertex 235 131.002 996
  vertex 235 131.002 988.495
  vertex 233.712 131.002 996.246
 endloop
endfacet
facet normal 0 1 0
 outer loop
  vertex 235 131.002 996
  vertex 236.288 131.002 996.246
  vertex 235 131.002 988.495
 endloop
endfacet
facet normal 0 1 0
 outer loop
  vertex 239.212 131.002 1009.67
  vertex 242.782 131.002 1007.28
  vertex 237.475 131.002 1001.97
 endloop
endfacet
facet normal 0 1 0
 outer loop
  vertex 236.288 131.002 1002.75
  vertex 239.212 131.002 1009.67
  vertex 237.475 131.002 1001.97
 endloop
endfacet
facet normal 0 1 0
 outer loop
  vertex 236.288 131.002 1002.75
  vertex 235 131.002 1010.51
  vertex 239.212 131.002 1009.67
 endloop
endfacet
facet normal 0 1 0
 outer loop
  vertex 236.288 131.002 1002.75
  vertex 235 131.002 1003
  vertex 235 131.002 1010.51
 endloop
endfacet
facet normal 0 1 0
 outer loop
  vertex 235 131.002 1010.51
  vertex 235 131.002 1003
  vertex 233.712 131.002 1002.75
 endloop
endfacet
facet normal 0 1 0
 outer loop
  vertex 230.788 131.002 1009.67
  vertex 233.712 131.002 1002.75
  vertex 232.525 131.002 1001.97
 endloop
endfacet
facet normal 0 1 0
 outer loop
  vertex 227.218 131.002 1007.28
  vertex 232.525 131.002 1001.97
  vertex 224.832 131.002 1003.71
 endloop
endfacet
facet normal 0 1 0
 outer loop
  vertex 227.218 131.002 1007.28
  vertex 230.788 131.002 1009.67
  vertex 232.525 131.002 1001.97
 endloop
endfacet
facet normal 0 1 0
 outer loop
  vertex 232.525 131.002 1001.97
  vertex 231.746 131.002 1000.79
  vertex 224.832 131.002 1003.71
 endloop
endfacet
facet normal 0 1 0
 outer loop
  vertex 224.832 131.002 1003.71
  vertex 231.746 131.002 1000.79
  vertex 223.995 131.002 999.5
 endloop
endfacet
facet normal 0 1 0
 outer loop
  vertex 223.995 131.002 999.5
  vertex 231.746 131.002 1000.79
  vertex 231.5 131.002 999.5
 endloop
endfacet
facet normal 0 1 0
 outer loop
  vertex 231.746 131.002 998.212
  vertex 223.995 131.002 999.5
  vertex 231.5 131.002 999.5
 endloop
endfacet
facet normal 0 1 0
 outer loop
  vertex 231.746 131.002 998.212
  vertex 224.832 131.002 995.288
  vertex 223.995 131.002 999.5
 endloop
endfacet
facet normal 0 1 0
 outer loop
  vertex 231.746 131.002 998.212
  vertex 232.525 131.002 997.025
  vertex 224.832 131.002 995.288
 endloop
endfacet
facet normal 0 1 0
 outer loop
  vertex 224.832 131.002 995.288
  vertex 232.525 131.002 997.025
  vertex 227.218 131.002 991.718
 endloop
endfacet
facet normal 0 1 0
 outer loop
  vertex 227.218 131.002 991.718
  vertex 232.525 131.002 997.025
  vertex 230.788 131.002 989.332
 endloop
endfacet
facet normal 0 1 0
 outer loop
  vertex 230.788 131.002 989.332
  vertex 232.525 131.002 997.025
  vertex 233.712 131.002 996.246
 endloop
endfacet
facet normal 0 1 0
 outer loop
  vertex 235 131.002 988.495
  vertex 230.788 131.002 989.332
  vertex 233.712 131.002 996.246
 endloop
endfacet
facet normal 0 1 0
 outer loop
  vertex 236.288 131.002 996.246
  vertex 237.475 131.002 997.025
  vertex 239.212 131.002 989.332
 endloop
endfacet
facet normal 0 1 0
 outer loop
  vertex 230.788 131.002 1009.67
  vertex 235 131.002 1010.51
  vertex 233.712 131.002 1002.75
 endloop
endfacet
facet normal 0 1 0
 outer loop
  vertex 242.782 131.002 1007.28
  vertex 245.168 131.002 1003.71
  vertex 237.475 131.002 1001.97
 endloop
endfacet
facet normal 0 1 0
 outer loop
  vertex 237.475 131.002 1001.97
  vertex 245.168 131.002 1003.71
  vertex 238.254 131.002 1000.79
 endloop
endfacet
facet normal 0 1 0
 outer loop
  vertex 238.254 131.002 1000.79
  vertex 245.168 131.002 1003.71
  vertex 246.005 131.002 999.5
 endloop
endfacet
facet normal 0 1 0
 outer loop
  vertex 238.5 131.002 999.5
  vertex 238.254 131.002 1000.79
  vertex 246.005 131.002 999.5
 endloop
endfacet
facet normal 0 1 0
 outer loop
  vertex 178.254 131.002 998.212
  vertex 178.5 131.002 999.5
  vertex 186.005 131.002 999.5
 endloop
endfacet
facet normal 0 1 0
 outer loop
  vertex 185.168 131.002 995.288
  vertex 178.254 131.002 998.212
  vertex 186.005 131.002 999.5
 endloop
endfacet
facet normal 0 1 0
 outer loop
  vertex 185.168 131.002 995.288
  vertex 177.475 131.002 997.025
  vertex 178.254 131.002 998.212
 endloop
endfacet
facet normal 0 1 0
 outer loop
  vertex 185.168 131.002 995.288
  vertex 182.782 131.002 991.718
  vertex 177.475 131.002 997.025
 endloop
endfacet
facet normal 0 1 0
 outer loop
  vertex 177.475 131.002 997.025
  vertex 182.782 131.002 991.718
  vertex 179.212 131.002 989.332
 endloop
endfacet
facet normal 0 1 0
 outer loop
  vertex 176.288 131.002 996.246
  vertex 179.212 131.002 989.332
  vertex 175 131.002 988.495
 endloop
endfacet
facet normal 0 1 0
 outer loop
  vertex 175 131.002 996
  vertex 175 131.002 988.495
  vertex 173.712 131.002 996.246
 endloop
endfacet
facet normal 0 1 0
 outer loop
  vertex 175 131.002 996
  vertex 176.288 131.002 996.246
  vertex 175 131.002 988.495
 endloop
endfacet
facet normal 0 1 0
 outer loop
  vertex 179.212 131.002 1009.67
  vertex 182.782 131.002 1007.28
  vertex 177.475 131.002 1001.97
 endloop
endfacet
facet normal 0 1 0
 outer loop
  vertex 176.288 131.002 1002.75
  vertex 179.212 131.002 1009.67
  vertex 177.475 131.002 1001.97
 endloop
endfacet
facet normal 0 1 0
 outer loop
  vertex 176.288 131.002 1002.75
  vertex 175 131.002 1010.51
  vertex 179.212 131.002 1009.67
 endloop
endfacet
facet normal 0 1 0
 outer loop
  vertex 176.288 131.002 1002.75
  vertex 175 131.002 1003
  vertex 175 131.002 1010.51
 endloop
endfacet
facet normal 0 1 0
 outer loop
  vertex 175 131.002 1010.51
  vertex 175 131.002 1003
  vertex 173.712 131.002 1002.75
 endloop
endfacet
facet normal 0 1 0
 outer loop
  vertex 170.788 131.002 1009.67
  vertex 173.712 131.002 1002.75
  vertex 172.525 131.002 1001.97
 endloop
endfacet
facet normal 0 1 0
 outer loop
  vertex 167.218 131.002 1007.28
  vertex 172.525 131.002 1001.97
  vertex 164.832 131.002 1003.71
 endloop
endfacet
facet normal 0 1 0
 outer loop
  vertex 167.218 131.002 1007.28
  vertex 170.788 131.002 1009.67
  vertex 172.525 131.002 1001.97
 endloop
endfacet
facet normal 0 1 0
 outer loop
  vertex 172.525 131.002 1001.97
  vertex 171.746 131.002 1000.79
  vertex 164.832 131.002 1003.71
 endloop
endfacet
facet normal 0 1 0
 outer loop
  vertex 164.832 131.002 1003.71
  vertex 171.746 131.002 1000.79
  vertex 163.995 131.002 999.5
 endloop
endfacet
facet normal 0 1 0
 outer loop
  vertex 163.995 131.002 999.5
  vertex 171.746 131.002 1000.79
  vertex 171.5 131.002 999.5
 endloop
endfacet
facet normal 0 1 0
 outer loop
  vertex 171.746 131.002 998.212
  vertex 163.995 131.002 999.5
  vertex 171.5 131.002 999.5
 endloop
endfacet
facet normal 0 1 0
 outer loop
  vertex 171.746 131.002 998.212
  vertex 164.832 131.002 995.288
  vertex 163.995 131.002 999.5
 endloop
endfacet
facet normal 0 1 0
 outer loop
  vertex 171.746 131.002 998.212
  vertex 172.525 131.002 997.025
  vertex 164.832 131.002 995.288
 endloop
endfacet
facet normal 0 1 0
 outer loop
  vertex 164.832 131.002 995.288
  vertex 172.525 131.002 997.025
  vertex 167.218 131.002 991.718
 endloop
endfacet
facet normal 0 1 0
 outer loop
  vertex 167.218 131.002 991.718
  vertex 172.525 131.002 997.025
  vertex 170.788 131.002 989.332
 endloop
endfacet
facet normal 0 1 0
 outer loop
  vertex 170.788 131.002 989.332
  vertex 172.525 131.002 997.025
  vertex 173.712 131.002 996.246
 endloop
endfacet
facet normal 0 1 0
 outer loop
  vertex 175 131.002 988.495
  vertex 170.788 131.002 989.332
  vertex 173.712 131.002 996.246
 endloop
endfacet
facet normal 0 1 0
 outer loop
  vertex 176.288 131.002 996.246
  vertex 177.475 131.002 997.025
  vertex 179.212 131.002 989.332
 endloop
endfacet
facet normal 0 1 0
 outer loop
  vertex 170.788 131.002 1009.67
  vertex 175 131.002 1010.51
  vertex 173.712 131.002 1002.75
 endloop
endfacet
facet normal 0 1 0
 outer loop
  vertex 182.782 131.002 1007.28
  vertex 185.168 131.002 1003.71
  vertex 177.475 131.002 1001.97
 endloop
endfacet
facet normal 0 1 0
 outer loop
  vertex 177.475 131.002 1001.97
  vertex 185.168 131.002 1003.71
  vertex 178.254 131.002 1000.79
 endloop
endfacet
facet normal 0 1 0
 outer loop
  vertex 178.254 131.002 1000.79
  vertex 185.168 131.002 1003.71
  vertex 186.005 131.002 999.5
 endloop
endfacet
facet normal 0 1 0
 outer loop
  vertex 178.5 131.002 999.5
  vertex 178.254 131.002 1000.79
  vertex 186.005 131.002 999.5
 endloop
endfacet
facet normal 0 1 0
 outer loop
  vertex 208.254 131.002 946.25
  vertex 208.5 131.002 947.538
  vertex 216.005 131.002 947.538
 endloop
endfacet
facet normal 0 1 0
 outer loop
  vertex 215.168 131.002 943.327
  vertex 208.254 131.002 946.25
  vertex 216.005 131.002 947.538
 endloop
endfacet
facet normal 0 1 0
 outer loop
  vertex 215.168 131.002 943.327
  vertex 207.475 131.002 945.064
  vertex 208.254 131.002 946.25
 endloop
endfacet
facet normal 0 1 0
 outer loop
  vertex 215.168 131.002 943.327
  vertex 212.782 131.002 939.757
  vertex 207.475 131.002 945.064
 endloop
endfacet
facet normal 0 1 0
 outer loop
  vertex 207.475 131.002 945.064
  vertex 212.782 131.002 939.757
  vertex 209.212 131.002 937.371
 endloop
endfacet
facet normal 0 1 0
 outer loop
  vertex 206.288 131.002 944.284
  vertex 209.212 131.002 937.371
  vertex 205 131.002 936.533
 endloop
endfacet
facet normal 0 1 0
 outer loop
  vertex 205 131.002 944.038
  vertex 205 131.002 936.533
  vertex 203.712 131.002 944.284
 endloop
endfacet
facet normal 0 1 0
 outer loop
  vertex 205 131.002 944.038
  vertex 206.288 131.002 944.284
  vertex 205 131.002 936.533
 endloop
endfacet
facet normal 0 1 0
 outer loop
  vertex 209.212 131.002 957.706
  vertex 212.782 131.002 955.32
  vertex 207.475 131.002 950.013
 endloop
endfacet
facet normal 0 1 0
 outer loop
  vertex 206.288 131.002 950.793
  vertex 209.212 131.002 957.706
  vertex 207.475 131.002 950.013
 endloop
endfacet
facet normal 0 1 0
 outer loop
  vertex 206.288 131.002 950.793
  vertex 205 131.002 958.544
  vertex 209.212 131.002 957.706
 endloop
endfacet
facet normal 0 1 0
 outer loop
  vertex 206.288 131.002 950.793
  vertex 205 131.002 951.038
  vertex 205 131.002 958.544
 endloop
endfacet
facet normal 0 1 0
 outer loop
  vertex 205 131.002 958.544
  vertex 205 131.002 951.038
  vertex 203.712 131.002 950.793
 endloop
endfacet
facet normal 0 1 0
 outer loop
  vertex 200.788 131.002 957.706
  vertex 203.712 131.002 950.793
  vertex 202.525 131.002 950.013
 endloop
endfacet
facet normal 0 1 0
 outer loop
  vertex 197.218 131.002 955.32
  vertex 202.525 131.002 950.013
  vertex 194.832 131.002 951.75
 endloop
endfacet
facet normal 0 1 0
 outer loop
  vertex 197.218 131.002 955.32
  vertex 200.788 131.002 957.706
  vertex 202.525 131.002 950.013
 endloop
endfacet
facet normal 0 1 0
 outer loop
  vertex 202.525 131.002 950.013
  vertex 201.746 131.002 948.827
  vertex 194.832 131.002 951.75
 endloop
endfacet
facet normal 0 1 0
 outer loop
  vertex 194.832 131.002 951.75
  vertex 201.746 131.002 948.827
  vertex 193.995 131.002 947.538
 endloop
endfacet
facet normal 0 1 0
 outer loop
  vertex 193.995 131.002 947.538
  vertex 201.746 131.002 948.827
  vertex 201.5 131.002 947.538
 endloop
endfacet
facet normal 0 1 0
 outer loop
  vertex 201.746 131.002 946.25
  vertex 193.995 131.002 947.538
  vertex 201.5 131.002 947.538
 endloop
endfacet
facet normal 0 1 0
 outer loop
  vertex 201.746 131.002 946.25
  vertex 194.832 131.002 943.327
  vertex 193.995 131.002 947.538
 endloop
endfacet
facet normal 0 1 0
 outer loop
  vertex 201.746 131.002 946.25
  vertex 202.525 131.002 945.064
  vertex 194.832 131.002 943.327
 endloop
endfacet
facet normal 0 1 0
 outer loop
  vertex 194.832 131.002 943.327
  vertex 202.525 131.002 945.064
  vertex 197.218 131.002 939.757
 endloop
endfacet
facet normal 0 1 0
 outer loop
  vertex 197.218 131.002 939.757
  vertex 202.525 131.002 945.064
  vertex 200.788 131.002 937.371
 endloop
endfacet
facet normal 0 1 0
 outer loop
  vertex 200.788 131.002 937.371
  vertex 202.525 131.002 945.064
  vertex 203.712 131.002 944.284
 endloop
endfacet
facet normal 0 1 0
 outer loop
  vertex 205 131.002 936.533
  vertex 200.788 131.002 937.371
  vertex 203.712 131.002 944.284
 endloop
endfacet
facet normal 0 1 0
 outer loop
  vertex 206.288 131.002 944.284
  vertex 207.475 131.002 945.064
  vertex 209.212 131.002 937.371
 endloop
endfacet
facet normal 0 1 0
 outer loop
  vertex 200.788 131.002 957.706
  vertex 205 131.002 958.544
  vertex 203.712 131.002 950.793
 endloop
endfacet
facet normal 0 1 0
 outer loop
  vertex 212.782 131.002 955.32
  vertex 215.168 131.002 951.75
  vertex 207.475 131.002 950.013
 endloop
endfacet
facet normal 0 1 0
 outer loop
  vertex 207.475 131.002 950.013
  vertex 215.168 131.002 951.75
  vertex 208.254 131.002 948.827
 endloop
endfacet
facet normal 0 1 0
 outer loop
  vertex 208.254 131.002 948.827
  vertex 215.168 131.002 951.75
  vertex 216.005 131.002 947.538
 endloop
endfacet
facet normal 0 1 0
 outer loop
  vertex 208.5 131.002 947.538
  vertex 208.254 131.002 948.827
  vertex 216.005 131.002 947.538
 endloop
endfacet
facet normal -7.28867E-17 -1 2.89366E-16
 outer loop
  vertex 11.2515 -49.998 1033.34
  vertex 10 -49.998 1033.1
  vertex 8.68599 -49.998 1017.84
 endloop
endfacet
facet normal -7.28867E-17 -1 2.89366E-16
 outer loop
  vertex 22.0993 -49.998 1028.62
  vertex 11.2515 -49.998 1033.34
  vertex 8.68599 -49.998 1017.84
 endloop
endfacet
facet normal -7.28867E-17 -1 2.89366E-16
 outer loop
  vertex 22.0993 -49.998 1028.62
  vertex 12.4042 -49.998 1034.1
  vertex 11.2515 -49.998 1033.34
 endloop
endfacet
facet normal -7.28867E-17 -1 2.89366E-16
 outer loop
  vertex 22.0993 -49.998 1028.62
  vertex 13.1613 -49.998 1035.25
  vertex 12.4042 -49.998 1034.1
 endloop
endfacet
facet normal -7.28867E-17 -1 2.89366E-16
 outer loop
  vertex 22.0993 -49.998 1028.62
  vertex 22.0993 -49.998 1036.5
  vertex 13.1613 -49.998 1035.25
 endloop
endfacet
facet normal -7.28867E-17 -1 2.89366E-16
 outer loop
  vertex 13.1613 -49.998 1035.25
  vertex 22.0993 -49.998 1036.5
  vertex 13.4 -49.998 1036.5
 endloop
endfacet
facet normal -7.28867E-17 -1 2.89366E-16
 outer loop
  vertex 13.4 -49.998 1036.5
  vertex 22.0993 -49.998 1036.5
  vertex 13.1613 -49.998 1037.75
 endloop
endfacet
facet normal -7.28867E-17 -1 2.89366E-16
 outer loop
  vertex 13.1613 -49.998 1037.75
  vertex 22.0993 -49.998 1036.5
  vertex 21.1783 -49.998 1041.13
 endloop
endfacet
facet normal -7.28867E-17 -1 2.89366E-16
 outer loop
  vertex 12.4042 -49.998 1038.9
  vertex 21.1783 -49.998 1041.13
  vertex 18.5555 -49.998 1045.06
 endloop
endfacet
facet normal -7.28867E-17 -1 2.89366E-16
 outer loop
  vertex 14.6302 -49.998 1047.68
  vertex 12.4042 -49.998 1038.9
  vertex 18.5555 -49.998 1045.06
 endloop
endfacet
facet normal -7.28867E-17 -1 2.89366E-16
 outer loop
  vertex 14.6302 -49.998 1047.68
  vertex 11.2515 -49.998 1039.66
  vertex 12.4042 -49.998 1038.9
 endloop
endfacet
facet normal -7.28867E-17 -1 2.89366E-16
 outer loop
  vertex 14.6302 -49.998 1047.68
  vertex 10 -49.998 1048.6
  vertex 11.2515 -49.998 1039.66
 endloop
endfacet
facet normal -7.28867E-17 -1 2.89366E-16
 outer loop
  vertex 11.2515 -49.998 1039.66
  vertex 10 -49.998 1048.6
  vertex 10 -49.998 1039.9
 endloop
endfacet
facet normal -7.28867E-17 -1 2.89366E-16
 outer loop
  vertex 10 -49.998 1039.9
  vertex 10 -49.998 1048.6
  vertex 8.74848 -49.998 1039.66
 endloop
endfacet
facet normal -7.28867E-17 -1 2.89366E-16
 outer loop
  vertex 8.74848 -49.998 1039.66
  vertex 10 -49.998 1048.6
  vertex 5.36979 -49.998 1047.68
 endloop
endfacet
facet normal -7.28867E-17 -1 2.89366E-16
 outer loop
  vertex 7.59584 -49.998 1038.9
  vertex 5.36979 -49.998 1047.68
  vertex 1.44448 -49.998 1045.06
 endloop
endfacet
facet normal -7.28867E-17 -1 2.89366E-16
 outer loop
  vertex -1.17832 -49.998 1041.13
  vertex 7.59584 -49.998 1038.9
  vertex 1.44448 -49.998 1045.06
 endloop
endfacet
facet normal -7.28867E-17 -1 2.89366E-16
 outer loop
  vertex -1.17832 -49.998 1041.13
  vertex 6.83872 -49.998 1037.75
  vertex 7.59584 -49.998 1038.9
 endloop
endfacet
facet normal -7.28867E-17 -1 2.89366E-16
 outer loop
  vertex -1.17832 -49.998 1041.13
  vertex -2.09933 -49.998 1036.5
  vertex 6.83872 -49.998 1037.75
 endloop
endfacet
facet normal -7.28867E-17 -1 2.89366E-16
 outer loop
  vertex 6.83872 -49.998 1037.75
  vertex -2.09933 -49.998 1036.5
  vertex 6.6 -49.998 1036.5
 endloop
endfacet
facet normal -7.28867E-17 -1 2.89366E-16
 outer loop
  vertex 6.6 -49.998 1036.5
  vertex -2.09933 -49.998 1036.5
  vertex 6.83872 -49.998 1035.25
 endloop
endfacet
facet normal -7.28867E-17 -1 2.89366E-16
 outer loop
  vertex 6.83872 -49.998 1035.25
  vertex -2.09933 -49.998 1036.5
  vertex 7.59584 -49.998 1034.1
 endloop
endfacet
facet normal -7.28867E-17 -1 2.89366E-16
 outer loop
  vertex 7.59584 -49.998 1034.1
  vertex -2.09933 -49.998 1036.5
  vertex 8.68599 -49.998 1017.84
 endloop
endfacet
facet normal -7.28867E-17 -1 2.89366E-16
 outer loop
  vertex 8.74848 -49.998 1033.34
  vertex 8.68599 -49.998 1017.84
  vertex 10 -49.998 1033.1
 endloop
endfacet
facet normal -7.28867E-17 -1 2.89366E-16
 outer loop
  vertex 8.74848 -49.998 1033.34
  vertex 7.59584 -49.998 1034.1
  vertex 8.68599 -49.998 1017.84
 endloop
endfacet
facet normal -7.28867E-17 -1 2.89366E-16
 outer loop
  vertex 7.59584 -49.998 1038.9
  vertex 8.74848 -49.998 1039.66
  vertex 5.36979 -49.998 1047.68
 endloop
endfacet
facet normal -7.28867E-17 -1 2.89366E-16
 outer loop
  vertex 12.4042 -49.998 1038.9
  vertex 13.1613 -49.998 1037.75
  vertex 21.1783 -49.998 1041.13
 endloop
endfacet
facet normal -7.28867E-17 -1 2.89366E-16
 outer loop
  vertex -2.09933 -49.998 1036.5
  vertex -2.09933 -49.998 1004.43
  vertex 8.68599 -49.998 1017.84
 endloop
endfacet
facet normal 0 -1 0
 outer loop
  vertex 240.88 -69.998 920.509
  vertex 239.369 -69.998 920.082
  vertex 240.788 -69.998 920.305
 endloop
endfacet
facet normal 0 -1 0
 outer loop
  vertex 240.788 -69.998 920.305
  vertex 239.369 -69.998 920.082
  vertex 240.025 -69.998 918.687
 endloop
endfacet
facet normal 0 -1 0
 outer loop
  vertex 240.025 -69.998 918.687
  vertex 239.369 -69.998 920.082
  vertex 239.745 -69.998 918.12
 endloop
endfacet
facet normal 0 -1 0
 outer loop
  vertex 239.745 -69.998 918.12
  vertex 239.369 -69.998 920.082
  vertex 238.645 -69.998 915.963
 endloop
endfacet
facet normal 0 -1 0
 outer loop
  vertex 238.645 -69.998 915.963
  vertex 239.369 -69.998 920.082
  vertex 224.964 -69.998 897.604
 endloop
endfacet
facet normal 0 -1 0
 outer loop
  vertex 223.013 -69.998 893.671
  vertex 224.964 -69.998 897.604
  vertex 203.809 -69.998 878.996
 endloop
endfacet
facet normal 0 -1 0
 outer loop
  vertex 201.93 -69.998 876.442
  vertex 203.809 -69.998 878.996
  vertex 177.724 -69.998 866.982
 endloop
endfacet
facet normal 0 -1 0
 outer loop
  vertex 176.972 -69.998 865.562
  vertex 177.724 -69.998 866.982
  vertex 150 -69.998 863
 endloop
endfacet
facet normal 0 -1 0
 outer loop
  vertex 150 -69.998 861.843
  vertex 150 -69.998 863
  vertex 126.551 -69.998 864.641
 endloop
endfacet
facet normal 0 -1 0
 outer loop
  vertex 150 -69.998 861.843
  vertex 176.972 -69.998 865.562
  vertex 150 -69.998 863
 endloop
endfacet
facet normal 0 -1 0
 outer loop
  vertex 150 -69.998 863
  vertex 126.824 -69.998 865.765
  vertex 126.551 -69.998 864.641
 endloop
endfacet
facet normal 0 -1 0
 outer loop
  vertex 126.551 -69.998 864.641
  vertex 126.824 -69.998 865.765
  vertex 46.5294 -69.998 885.204
 endloop
endfacet
facet normal 0 -1 0
 outer loop
  vertex 46.2571 -69.998 884.079
  vertex 46.5294 -69.998 885.204
  vertex 23.2142 -69.998 895.046
 endloop
endfacet
facet normal 0 -1 0
 outer loop
  vertex 21.9581 -69.998 894.473
  vertex 23.2142 -69.998 895.046
  vertex 3.30644 -69.998 912.96
 endloop
endfacet
facet normal 0 -1 0
 outer loop
  vertex 2.39697 -69.998 912.244
  vertex 3.30644 -69.998 912.96
  vertex -10.273 -69.998 935.438
 endloop
endfacet
facet normal 0 -1 0
 outer loop
  vertex 2.39697 -69.998 912.244
  vertex 21.9581 -69.998 894.473
  vertex 3.30644 -69.998 912.96
 endloop
endfacet
facet normal 0 -1 0
 outer loop
  vertex 3.30644 -69.998 912.96
  vertex -9.42065 -69.998 936.524
  vertex -10.273 -69.998 935.438
 endloop
endfacet
facet normal 0 -1 0
 outer loop
  vertex -10.273 -69.998 935.438
  vertex -9.42065 -69.998 936.524
  vertex -14.6572 -69.998 961.5
 endloop
endfacet
facet normal 0 -1 0
 outer loop
  vertex -14.6572 -69.998 961.5
  vertex -9.42065 -69.998 936.524
  vertex -13.5 -69.998 961.5
 endloop
endfacet
facet normal 0 -1 0
 outer loop
  vertex -9.42065 -69.998 986.476
  vertex -14.6572 -69.998 961.5
  vertex -13.5 -69.998 961.5
 endloop
endfacet
facet normal 0 -1 0
 outer loop
  vertex -9.42065 -69.998 986.476
  vertex -10.273 -69.998 987.562
  vertex -14.6572 -69.998 961.5
 endloop
endfacet
facet normal 0 -1 0
 outer loop
  vertex -9.42065 -69.998 986.476
  vertex 3.30644 -69.998 1010.04
  vertex -10.273 -69.998 987.562
 endloop
endfacet
facet normal 0 -1 0
 outer loop
  vertex -10.273 -69.998 987.562
  vertex 3.30644 -69.998 1010.04
  vertex 2.39697 -69.998 1010.76
 endloop
endfacet
facet normal 0 -1 0
 outer loop
  vertex 2.39697 -69.998 1010.76
  vertex 3.30644 -69.998 1010.04
  vertex 21.9581 -69.998 1028.53
 endloop
endfacet
facet normal 0 -1 0
 outer loop
  vertex 21.9581 -69.998 1028.53
  vertex 3.30644 -69.998 1010.04
  vertex 23.2142 -69.998 1027.95
 endloop
endfacet
facet normal 0 -1 0
 outer loop
  vertex 46.2571 -69.998 1038.92
  vertex 23.2142 -69.998 1027.95
  vertex 46.5294 -69.998 1037.8
 endloop
endfacet
facet normal 0 -1 0
 outer loop
  vertex 126.551 -69.998 1058.36
  vertex 46.5294 -69.998 1037.8
  vertex 126.824 -69.998 1057.23
 endloop
endfacet
facet normal 0 -1 0
 outer loop
  vertex 150 -69.998 1060
  vertex 126.551 -69.998 1058.36
  vertex 126.824 -69.998 1057.23
 endloop
endfacet
facet normal 0 -1 0
 outer loop
  vertex 150 -69.998 1060
  vertex 150 -69.998 1061.16
  vertex 126.551 -69.998 1058.36
 endloop
endfacet
facet normal 0 -1 0
 outer loop
  vertex 150 -69.998 1060
  vertex 170.101 -69.998 1059.11
  vertex 150 -69.998 1061.16
 endloop
endfacet
facet normal 0 -1 0
 outer loop
  vertex 150 -69.998 1060
  vertex 177.725 -69.998 1056.02
  vertex 170.101 -69.998 1059.11
 endloop
endfacet
facet normal 0 -1 0
 outer loop
  vertex 170.101 -69.998 1059.11
  vertex 177.725 -69.998 1056.02
  vertex 189.376 -69.998 1053.05
 endloop
endfacet
facet normal 0 -1 0
 outer loop
  vertex 189.376 -69.998 1053.05
  vertex 177.725 -69.998 1056.02
  vertex 203.809 -69.998 1044
 endloop
endfacet
facet normal 0 -1 0
 outer loop
  vertex 207.032 -69.998 1043.22
  vertex 203.809 -69.998 1044
  vertex 222.344 -69.998 1030.04
 endloop
endfacet
facet normal 0 -1 0
 outer loop
  vertex 207.032 -69.998 1043.22
  vertex 189.376 -69.998 1053.05
  vertex 203.809 -69.998 1044
 endloop
endfacet
facet normal 0 -1 0
 outer loop
  vertex 203.809 -69.998 1044
  vertex 224.964 -69.998 1025.4
  vertex 222.344 -69.998 1030.04
 endloop
endfacet
facet normal 0 -1 0
 outer loop
  vertex 222.344 -69.998 1030.04
  vertex 224.964 -69.998 1025.4
  vertex 226.896 -69.998 1024.95
 endloop
endfacet
facet normal 0 -1 0
 outer loop
  vertex 226.896 -69.998 1024.95
  vertex 224.964 -69.998 1025.4
  vertex 239.369 -69.998 1002.92
 endloop
endfacet
facet normal 0 -1 0
 outer loop
  vertex 240.88 -69.998 1002.49
  vertex 226.896 -69.998 1024.95
  vertex 239.369 -69.998 1002.92
 endloop
endfacet
facet normal 0 -1 0
 outer loop
  vertex 126.551 -69.998 1058.36
  vertex 46.2571 -69.998 1038.92
  vertex 46.5294 -69.998 1037.8
 endloop
endfacet
facet normal 0 -1 0
 outer loop
  vertex 46.2571 -69.998 1038.92
  vertex 21.9581 -69.998 1028.53
  vertex 23.2142 -69.998 1027.95
 endloop
endfacet
facet normal 0 -1 0
 outer loop
  vertex 21.9581 -69.998 894.473
  vertex 46.2571 -69.998 884.079
  vertex 23.2142 -69.998 895.046
 endloop
endfacet
facet normal 0 -1 0
 outer loop
  vertex 46.2571 -69.998 884.079
  vertex 126.551 -69.998 864.641
  vertex 46.5294 -69.998 885.204
 endloop
endfacet
facet normal 0 -1 0
 outer loop
  vertex 176.972 -69.998 865.562
  vertex 201.93 -69.998 876.442
  vertex 177.724 -69.998 866.982
 endloop
endfacet
facet normal 0 -1 0
 outer loop
  vertex 201.93 -69.998 876.442
  vertex 223.013 -69.998 893.671
  vertex 203.809 -69.998 878.996
 endloop
endfacet
facet normal 0 -1 0
 outer loop
  vertex 223.013 -69.998 893.671
  vertex 238.645 -69.998 915.963
  vertex 224.964 -69.998 897.604
 endloop
endfacet
facet normal 0.906683 0 -0.421812
 outer loop
  vertex 240.788 -69.998 920.305
  vertex 240.025 -69.998 918.687
  vertex 240.788 -64.998 920.305
 endloop
endfacet
facet normal 0.901459 0 -0.432864
 outer loop
  vertex 240.788 -64.998 920.305
  vertex 240.025 -69.998 918.687
  vertex 239.745 -69.998 918.12
 endloop
endfacet
facet normal 0.891306 1.01461E-14 -0.453402
 outer loop
  vertex 238.645 -64.998 915.963
  vertex 239.745 -69.998 918.12
  vertex 238.645 -69.998 915.963
 endloop
endfacet
facet normal 0.89853 1.01482E-14 -0.438912
 outer loop
  vertex 238.645 -64.998 915.963
  vertex 240.788 -64.998 920.305
  vertex 239.745 -69.998 918.12
 endloop
endfacet
facet normal 0 -0.699348 0.714782
 outer loop
  vertex 222.344 -49.6881 1030.04
  vertex 226.896 -54.8859 1024.95
  vertex 325 -44.0943 1035.51
 endloop
endfacet
facet normal 0 -0.699274 0.714854
 outer loop
  vertex 216.735 -44.0943 1035.51
  vertex 222.344 -49.6881 1030.04
  vertex 325 -44.0943 1035.51
 endloop
endfacet
facet normal 0 -0.699526 0.714607
 outer loop
  vertex 325 -64.998 1015.05
  vertex 325 -44.0943 1035.51
  vertex 234.091 -64.998 1015.05
 endloop
endfacet
facet normal 0 -0.699455 0.714677
 outer loop
  vertex 234.091 -64.998 1015.05
  vertex 325 -44.0943 1035.51
  vertex 226.896 -54.8859 1024.95
 endloop
endfacet
facet normal 0.75657 0 0.653912
 outer loop
  vertex 226.896 -69.998 1024.95
  vertex 226.896 -54.8859 1024.95
  vertex 222.344 -69.998 1030.04
 endloop
endfacet
facet normal 0.74144 0 0.671019
 outer loop
  vertex 222.344 -69.998 1030.04
  vertex 226.896 -54.8859 1024.95
  vertex 222.344 -49.6881 1030.04
 endloop
endfacet
facet normal 0.796691 0 0.604387
 outer loop
  vertex 226.896 -54.8859 1024.95
  vertex 226.896 -69.998 1024.95
  vertex 234.091 -64.998 1015.05
 endloop
endfacet
facet normal 0.847116 0 0.531407
 outer loop
  vertex 234.091 -64.998 1015.05
  vertex 226.896 -69.998 1024.95
  vertex 240.88 -69.998 1002.49
 endloop
endfacet
facet normal 0.949413 0 0.314029
 outer loop
  vertex 244.551 -64.998 993.117
  vertex 240.88 -69.998 1002.49
  vertex 247.468 -69.998 982.464
 endloop
endfacet
facet normal 0.995576 0 0.0939562
 outer loop
  vertex 249.449 -64.998 968.528
  vertex 247.468 -69.998 982.464
  vertex 249.697 -69.998 961.5
 endloop
endfacet
facet normal 0.9914 0 -0.130863
 outer loop
  vertex 248.058 -64.998 943.495
  vertex 249.697 -69.998 961.5
  vertex 247.468 -69.998 940.536
 endloop
endfacet
facet normal 0.938004 0 -0.346624
 outer loop
  vertex 240.788 -64.998 920.305
  vertex 247.468 -69.998 940.536
  vertex 240.88 -69.998 920.509
 endloop
endfacet
facet normal 0.910948 0 -0.412522
 outer loop
  vertex 240.788 -69.998 920.305
  vertex 240.788 -64.998 920.305
  vertex 240.88 -69.998 920.509
 endloop
endfacet
facet normal 0.962967 0 -0.269619
 outer loop
  vertex 240.788 -64.998 920.305
  vertex 248.058 -64.998 943.495
  vertex 247.468 -69.998 940.536
 endloop
endfacet
facet normal 0.999319 0 -0.0369072
 outer loop
  vertex 248.058 -64.998 943.495
  vertex 249.449 -64.998 968.528
  vertex 249.697 -69.998 961.5
 endloop
endfacet
facet normal 0.979721 0 0.200369
 outer loop
  vertex 249.449 -64.998 968.528
  vertex 244.551 -64.998 993.117
  vertex 247.468 -69.998 982.464
 endloop
endfacet
facet normal 0.905686 0 0.423949
 outer loop
  vertex 244.551 -64.998 993.117
  vertex 234.091 -64.998 1015.05
  vertex 240.88 -69.998 1002.49
 endloop
endfacet
facet normal 0.052336 0.952264 0.300758
 outer loop
  vertex 325 61.9578 1016.99
  vertex 344 61.0261 1016.63
  vertex 325 90.0553 928.025
 endloop
endfacet
facet normal 0.052336 0.952264 0.300758
 outer loop
  vertex 325 90.0553 928.025
  vertex 344 61.0261 1016.63
  vertex 344 89.1057 927.725
 endloop
endfacet
facet normal 0.0536983 0.833363 0.550112
 outer loop
  vertex 325 61.9578 1016.99
  vertex 325 53.1717 1028.23
  vertex 344 61.0261 1016.63
 endloop
endfacet
facet normal 0.0536926 0.73296 0.67815
 outer loop
  vertex 344 61.0261 1016.63
  vertex 325 53.1717 1028.23
  vertex 344 52.5565 1027.44
 endloop
endfacet
facet normal 0.053787 0.48084 0.875157
 outer loop
  vertex 344 52.5565 1027.44
  vertex 325 53.1717 1028.23
  vertex 344 39.9423 1033.07
 endloop
endfacet
facet normal 0.053787 0.32764 0.94327
 outer loop
  vertex 344 39.9423 1033.07
  vertex 325 53.1717 1028.23
  vertex 325 40.1115 1034.05
 endloop
endfacet
facet normal 0.0525055 0.113523 0.992147
 outer loop
  vertex 325 40.1115 1034.05
  vertex 325 0.002 1037.48
  vertex 344 39.9423 1033.07
 endloop
endfacet
facet normal 0.0525055 0.0567614 0.997006
 outer loop
  vertex 344 39.9423 1033.07
  vertex 325 0.002 1037.48
  vertex 344 0.002 1036.49
 endloop
endfacet
facet normal 0.0524396 -0.0888253 0.994666
 outer loop
  vertex 325 -43.5679 1034.56
  vertex 344 -43.1103 1033.62
  vertex 325 0.002 1037.48
 endloop
endfacet
facet normal 0.0524388 -0.0442454 0.997643
 outer loop
  vertex 325 0.002 1037.48
  vertex 344 -43.1103 1033.62
  vertex 344 0.002 1036.49
 endloop
endfacet
facet normal 0.052336 -0.695184 0.716924
 outer loop
  vertex 344 -43.1103 1033.62
  vertex 325 -43.5679 1034.56
  vertex 344 -62.7926 1014.53
 endloop
endfacet
facet normal 0.052336 -0.695251 0.716859
 outer loop
  vertex 344 -62.7926 1014.53
  vertex 325 -43.5679 1034.56
  vertex 325 -63.7884 1014.95
 endloop
endfacet
facet normal 0.052336 -0.99863 2.33253E-10
 outer loop
  vertex 344 -62.7926 1014.53
  vertex 325 -63.7884 1014.95
  vertex 344 -62.7926 1001.14
 endloop
endfacet
facet normal 0.052336 -0.99863 2.33253E-10
 outer loop
  vertex 344 -62.7926 1001.14
  vertex 325 -63.7884 1014.95
  vertex 325 -63.7884 913.204
 endloop
endfacet
facet normal 0.052336 -0.99863 2.33253E-10
 outer loop
  vertex 357.673 -62.0761 983.054
  vertex 325 -63.7884 913.204
  vertex 357.629 -62.0784 939.869
 endloop
endfacet
facet normal 0.052336 -0.99863 2.33253E-10
 outer loop
  vertex 362.251 -61.8361 950.252
  vertex 357.673 -62.0761 983.054
  vertex 357.629 -62.0784 939.869
 endloop
endfacet
facet normal 0.052336 -0.99863 2.33253E-10
 outer loop
  vertex 362.251 -61.8361 950.252
  vertex 362.276 -61.8348 972.668
  vertex 357.673 -62.0761 983.054
 endloop
endfacet
facet normal 0.052336 -0.99863 2.33253E-10
 outer loop
  vertex 362.251 -61.8361 950.252
  vertex 364.023 -61.7432 961.5
  vertex 362.276 -61.8348 972.668
 endloop
endfacet
facet normal 0.052336 -0.99863 2.33253E-10
 outer loop
  vertex 344 -62.7926 913.731
  vertex 344 -62.7926 921.865
  vertex 325 -63.7884 913.204
 endloop
endfacet
facet normal 0.052336 -0.99863 2.33253E-10
 outer loop
  vertex 325 -63.7884 913.204
  vertex 344 -62.7926 921.865
  vertex 357.629 -62.0784 939.869
 endloop
endfacet
facet normal 0.052336 -0.99863 2.33253E-10
 outer loop
  vertex 357.673 -62.0761 983.054
  vertex 344 -62.7926 1001.14
  vertex 325 -63.7884 913.204
 endloop
endfacet
facet normal 0.052336 -0.560985 -0.82617
 outer loop
  vertex 325 -63.7884 913.204
  vertex 325 6.27238 865.631
  vertex 344 -62.7926 913.731
 endloop
endfacet
facet normal 0.052336 -0.560985 -0.82617
 outer loop
  vertex 344 -62.7926 913.731
  vertex 325 6.27238 865.631
  vertex 344 6.83174 866.455
 endloop
endfacet
facet normal 0.0527383 -0.48678 -0.871931
 outer loop
  vertex 325 6.27238 865.631
  vertex 325 19.2145 859.135
  vertex 344 6.83174 866.455
 endloop
endfacet
facet normal 0.0527515 -0.405744 -0.912463
 outer loop
  vertex 344 6.83174 866.455
  vertex 325 19.2145 859.135
  vertex 344 19.9648 859.931
 endloop
endfacet
facet normal 0.052764 -0.237093 -0.970053
 outer loop
  vertex 344 19.9648 859.931
  vertex 325 19.2145 859.135
  vertex 325 34.0738 856.178
 endloop
endfacet
facet normal 0.0527797 0.0347745 -0.998001
 outer loop
  vertex 344 34.3647 857.16
  vertex 325 34.0738 856.178
  vertex 325 49.3394 857.402
 endloop
endfacet
facet normal 0.0527688 0.30283 -0.951583
 outer loop
  vertex 344 48.981 858.343
  vertex 325 49.3394 857.402
  vertex 325 63.349 862.586
 endloop
endfacet
facet normal 0.0527304 0.543079 -0.838024
 outer loop
  vertex 344 62.7476 863.394
  vertex 325 63.349 862.586
  vertex 325 74.9633 870.865
 endloop
endfacet
facet normal 0.0527423 0.744298 -0.665762
 outer loop
  vertex 344 74.6602 871.946
  vertex 325 74.9633 870.865
  vertex 325 84.3627 882.301
 endloop
endfacet
facet normal 0.0527663 0.895899 -0.441113
 outer loop
  vertex 344 83.8499 883.373
  vertex 325 84.3627 882.301
  vertex 325 90.5246 896.287
 endloop
endfacet
facet normal 0.052773 0.981991 -0.181408
 outer loop
  vertex 344 89.6463 896.843
  vertex 325 90.5246 896.287
  vertex 325 92.6224 911.373
 endloop
endfacet
facet normal 0.0528829 0.993449 0.1013
 outer loop
  vertex 344 91.6266 911.373
  vertex 325 92.6224 911.373
  vertex 344 89.1057 927.725
 endloop
endfacet
facet normal 0.0527642 0.99456 -0.0898101
 outer loop
  vertex 344 91.6266 911.373
  vertex 344 89.6463 896.843
  vertex 325 92.6224 911.373
 endloop
endfacet
facet normal 0.0528829 0.977832 0.202601
 outer loop
  vertex 325 92.6224 911.373
  vertex 325 90.0553 928.025
  vertex 344 89.1057 927.725
 endloop
endfacet
facet normal 0.0527557 0.933608 -0.35439
 outer loop
  vertex 344 89.6463 896.843
  vertex 344 83.8499 883.373
  vertex 325 90.5246 896.287
 endloop
endfacet
facet normal 0.0527462 0.803451 -0.593029
 outer loop
  vertex 344 83.8499 883.373
  vertex 344 74.6602 871.946
  vertex 325 84.3627 882.301
 endloop
endfacet
facet normal 0.0527497 0.616069 -0.785924
 outer loop
  vertex 344 74.6602 871.946
  vertex 344 62.7476 863.394
  vertex 325 74.9633 870.865
 endloop
endfacet
facet normal 0.0527686 0.38705 -0.920548
 outer loop
  vertex 344 62.7476 863.394
  vertex 344 48.981 858.343
  vertex 325 63.349 862.586
 endloop
endfacet
facet normal 0.0527685 0.126555 -0.990555
 outer loop
  vertex 344 48.981 858.343
  vertex 344 34.3647 857.16
  vertex 325 49.3394 857.402
 endloop
endfacet
facet normal 0.0527575 -0.145448 -0.987958
 outer loop
  vertex 344 34.3647 857.16
  vertex 344 19.9648 859.931
  vertex 325 34.0738 856.178
 endloop
endfacet
facet normal -0.126853 0 0.991922
 outer loop
  vertex 235 125.92 996
  vertex 236.31 125.903 996.255
  vertex 235 131.002 996
 endloop
endfacet
facet normal -0.251511 0 0.967854
 outer loop
  vertex 235 131.002 996
  vertex 236.31 125.903 996.255
  vertex 236.288 131.002 996.246
 endloop
endfacet
facet normal -0.492171 0 0.870499
 outer loop
  vertex 236.288 131.002 996.246
  vertex 236.31 125.903 996.255
  vertex 237.475 125.853 997.026
 endloop
endfacet
facet normal -0.792938 0 0.609303
 outer loop
  vertex 237.475 131.002 997.025
  vertex 237.475 125.853 997.026
  vertex 238.234 125.778 998.161
 endloop
endfacet
facet normal -0.967094 0 0.25442
 outer loop
  vertex 238.254 131.002 998.212
  vertex 238.234 125.778 998.161
  vertex 238.5 125.687 999.5
 endloop
endfacet
facet normal -0.991543 -0 -0.129777
 outer loop
  vertex 238.5 131.002 999.5
  vertex 238.5 125.687 999.5
  vertex 238.234 125.595 1000.84
 endloop
endfacet
facet normal -0.869058 -0 -0.49471
 outer loop
  vertex 238.254 131.002 1000.79
  vertex 238.234 125.595 1000.84
  vertex 237.475 125.516 1001.97
 endloop
endfacet
facet normal -0.606223 -0 -0.795294
 outer loop
  vertex 237.475 131.002 1001.97
  vertex 237.475 125.516 1001.97
  vertex 236.3 125.461 1002.75
 endloop
endfacet
facet normal -0.250457 -0 -0.968128
 outer loop
  vertex 236.288 131.002 1002.75
  vertex 236.3 125.461 1002.75
  vertex 235 125.443 1003
 endloop
endfacet
facet normal -0.124659 -0 -0.9922
 outer loop
  vertex 235 131.002 1003
  vertex 236.288 131.002 1002.75
  vertex 235 125.443 1003
 endloop
endfacet
facet normal -0.491169 -0 -0.871064
 outer loop
  vertex 236.288 131.002 1002.75
  vertex 237.475 131.002 1001.97
  vertex 236.3 125.461 1002.75
 endloop
endfacet
facet normal -0.796052 -0 -0.605228
 outer loop
  vertex 237.475 131.002 1001.97
  vertex 238.254 131.002 1000.79
  vertex 237.475 125.516 1001.97
 endloop
endfacet
facet normal -0.96709 -0 -0.254436
 outer loop
  vertex 238.254 131.002 1000.79
  vertex 238.5 131.002 999.5
  vertex 238.234 125.595 1000.84
 endloop
endfacet
facet normal -0.9922 0 0.124659
 outer loop
  vertex 238.5 131.002 999.5
  vertex 238.254 131.002 998.212
  vertex 238.5 125.687 999.5
 endloop
endfacet
facet normal -0.869041 0 0.49474
 outer loop
  vertex 238.254 131.002 998.212
  vertex 237.475 131.002 997.025
  vertex 238.234 125.778 998.161
 endloop
endfacet
facet normal -0.605318 0 0.795984
 outer loop
  vertex 237.475 131.002 997.025
  vertex 236.288 131.002 996.246
  vertex 237.475 125.853 997.026
 endloop
endfacet
facet normal -0.126853 0 0.991922
 outer loop
  vertex 175 125.92 996
  vertex 176.31 125.903 996.255
  vertex 175 131.002 996
 endloop
endfacet
facet normal -0.251511 0 0.967854
 outer loop
  vertex 175 131.002 996
  vertex 176.31 125.903 996.255
  vertex 176.288 131.002 996.246
 endloop
endfacet
facet normal -0.492171 0 0.870499
 outer loop
  vertex 176.288 131.002 996.246
  vertex 176.31 125.903 996.255
  vertex 177.475 125.853 997.026
 endloop
endfacet
facet normal -0.792938 0 0.609303
 outer loop
  vertex 177.475 131.002 997.025
  vertex 177.475 125.853 997.026
  vertex 178.234 125.778 998.161
 endloop
endfacet
facet normal -0.967094 0 0.25442
 outer loop
  vertex 178.254 131.002 998.212
  vertex 178.234 125.778 998.161
  vertex 178.5 125.687 999.5
 endloop
endfacet
facet normal -0.991543 -0 -0.129777
 outer loop
  vertex 178.5 131.002 999.5
  vertex 178.5 125.687 999.5
  vertex 178.234 125.595 1000.84
 endloop
endfacet
facet normal -0.869058 -0 -0.49471
 outer loop
  vertex 178.254 131.002 1000.79
  vertex 178.234 125.595 1000.84
  vertex 177.475 125.516 1001.97
 endloop
endfacet
facet normal -0.606223 -0 -0.795294
 outer loop
  vertex 177.475 131.002 1001.97
  vertex 177.475 125.516 1001.97
  vertex 176.3 125.461 1002.75
 endloop
endfacet
facet normal -0.250457 -0 -0.968128
 outer loop
  vertex 176.288 131.002 1002.75
  vertex 176.3 125.461 1002.75
  vertex 175 125.443 1003
 endloop
endfacet
facet normal -0.124659 -0 -0.9922
 outer loop
  vertex 175 131.002 1003
  vertex 176.288 131.002 1002.75
  vertex 175 125.443 1003
 endloop
endfacet
facet normal -0.491169 -0 -0.871064
 outer loop
  vertex 176.288 131.002 1002.75
  vertex 177.475 131.002 1001.97
  vertex 176.3 125.461 1002.75
 endloop
endfacet
facet normal -0.796052 -0 -0.605228
 outer loop
  vertex 177.475 131.002 1001.97
  vertex 178.254 131.002 1000.79
  vertex 177.475 125.516 1001.97
 endloop
endfacet
facet normal -0.96709 -0 -0.254436
 outer loop
  vertex 178.254 131.002 1000.79
  vertex 178.5 131.002 999.5
  vertex 178.234 125.595 1000.84
 endloop
endfacet
facet normal -0.9922 0 0.124659
 outer loop
  vertex 178.5 131.002 999.5
  vertex 178.254 131.002 998.212
  vertex 178.5 125.687 999.5
 endloop
endfacet
facet normal -0.869041 0 0.49474
 outer loop
  vertex 178.254 131.002 998.212
  vertex 177.475 131.002 997.025
  vertex 178.234 125.778 998.161
 endloop
endfacet
facet normal -0.605318 0 0.795984
 outer loop
  vertex 177.475 131.002 997.025
  vertex 176.288 131.002 996.246
  vertex 177.475 125.853 997.026
 endloop
endfacet
facet normal -0.12879 3.93306E-15 0.991672
 outer loop
  vertex 205 127.923 944.038
  vertex 206.33 127.92 944.301
  vertex 205 131.002 944.038
 endloop
endfacet
facet normal -0.253448 3.84698E-15 0.967349
 outer loop
  vertex 205 131.002 944.038
  vertex 206.33 127.92 944.301
  vertex 206.288 131.002 944.284
 endloop
endfacet
facet normal -0.493769 3.45897E-15 0.869593
 outer loop
  vertex 206.288 131.002 944.284
  vertex 206.33 127.92 944.301
  vertex 207.474 127.91 945.063
 endloop
endfacet
facet normal -0.786537 2.4635E-15 0.617543
 outer loop
  vertex 207.475 131.002 945.064
  vertex 207.474 127.91 945.063
  vertex 208.19 127.895 946.099
 endloop
endfacet
facet normal -0.96437 1.05799E-15 0.264559
 outer loop
  vertex 208.254 131.002 946.25
  vertex 208.19 127.895 946.099
  vertex 208.5 127.873 947.538
 endloop
endfacet
facet normal -0.99519 -3.88388E-16 -0.0979628
 outer loop
  vertex 208.5 131.002 947.538
  vertex 208.5 127.873 947.538
  vertex 208.348 127.857 948.557
 endloop
endfacet
facet normal -0.921468 -1.54021E-15 -0.388453
 outer loop
  vertex 208.254 131.002 948.827
  vertex 208.348 127.857 948.557
  vertex 208.029 127.844 949.292
 endloop
endfacet
facet normal -0.765585 -2.56639E-15 -0.643334
 outer loop
  vertex 207.475 131.002 950.013
  vertex 208.029 127.844 949.292
  vertex 207.474 127.831 950.014
 endloop
endfacet
facet normal -0.604916 -3.17306E-15 -0.796289
 outer loop
  vertex 206.285 127.816 950.794
  vertex 207.475 131.002 950.013
  vertex 207.474 127.831 950.014
 endloop
endfacet
facet normal -0.489852 -3.48288E-15 -0.871806
 outer loop
  vertex 206.285 127.816 950.794
  vertex 206.288 131.002 950.793
  vertex 207.475 131.002 950.013
 endloop
endfacet
facet normal -0.248996 -3.85059E-15 -0.968505
 outer loop
  vertex 206.285 127.816 950.794
  vertex 205 127.811 951.038
  vertex 206.288 131.002 950.793
 endloop
endfacet
facet normal -0.124659 -3.94451E-15 -0.9922
 outer loop
  vertex 206.288 131.002 950.793
  vertex 205 127.811 951.038
  vertex 205 131.002 951.038
 endloop
endfacet
facet normal -0.846139 -2.12886E-15 -0.532962
 outer loop
  vertex 207.475 131.002 950.013
  vertex 208.254 131.002 948.827
  vertex 208.029 127.844 949.292
 endloop
endfacet
facet normal -0.974905 -8.82676E-16 -0.222623
 outer loop
  vertex 208.254 131.002 948.827
  vertex 208.5 131.002 947.538
  vertex 208.348 127.857 948.557
 endloop
endfacet
facet normal -0.9922 5.03554E-16 0.124659
 outer loop
  vertex 208.5 131.002 947.538
  vertex 208.254 131.002 946.25
  vertex 208.5 127.873 947.538
 endloop
endfacet
facet normal -0.863777 2.02253E-15 0.503874
 outer loop
  vertex 208.254 131.002 946.25
  vertex 207.475 131.002 945.064
  vertex 208.19 127.895 946.099
 endloop
endfacet
facet normal -0.60518 3.1822E-15 0.796089
 outer loop
  vertex 207.475 131.002 945.064
  vertex 206.288 131.002 944.284
  vertex 207.474 127.91 945.063
 endloop
endfacet
facet normal 0.990796 -0.0531698 -0.124482
 outer loop
  vertex 7.01926 -41.998 1036.5
  vertex 7.22854 -41.998 1037.6
  vertex 6.6 -49.998 1036.5
 endloop
endfacet
facet normal 0.967052 -0.0531698 -0.248965
 outer loop
  vertex 6.6 -49.998 1036.5
  vertex 7.22854 -41.998 1037.6
  vertex 6.83872 -49.998 1037.75
 endloop
endfacet
facet normal 0.870403 -0.0533169 -0.489445
 outer loop
  vertex 6.83872 -49.998 1037.75
  vertex 7.22854 -41.998 1037.6
  vertex 7.8923 -41.998 1038.61
 endloop
endfacet
facet normal 0.604409 -0.0533169 -0.794888
 outer loop
  vertex 7.59584 -49.998 1038.9
  vertex 7.8923 -41.998 1038.61
  vertex 8.90281 -41.998 1039.27
 endloop
endfacet
facet normal 0.248965 -0.0531698 -0.967052
 outer loop
  vertex 8.74848 -49.998 1039.66
  vertex 8.90281 -41.998 1039.27
  vertex 10 -41.998 1039.48
 endloop
endfacet
facet normal -0.124482 -0.0531698 -0.990796
 outer loop
  vertex 10 -49.998 1039.9
  vertex 10 -41.998 1039.48
  vertex 11.0972 -41.998 1039.27
 endloop
endfacet
facet normal -0.489445 -0.0533169 -0.870403
 outer loop
  vertex 11.2515 -49.998 1039.66
  vertex 11.0972 -41.998 1039.27
  vertex 12.1077 -41.998 1038.61
 endloop
endfacet
facet normal -0.794888 -0.0533169 -0.604409
 outer loop
  vertex 12.4042 -49.998 1038.9
  vertex 12.1077 -41.998 1038.61
  vertex 12.7715 -41.998 1037.6
 endloop
endfacet
facet normal -0.967052 -0.0531698 -0.248965
 outer loop
  vertex 13.1613 -49.998 1037.75
  vertex 12.7715 -41.998 1037.6
  vertex 12.9807 -41.998 1036.5
 endloop
endfacet
facet normal -0.990796 -0.0531698 -0.124482
 outer loop
  vertex 13.4 -49.998 1036.5
  vertex 13.1613 -49.998 1037.75
  vertex 12.9807 -41.998 1036.5
 endloop
endfacet
facet normal -0.870403 -0.0533169 -0.489445
 outer loop
  vertex 13.1613 -49.998 1037.75
  vertex 12.4042 -49.998 1038.9
  vertex 12.7715 -41.998 1037.6
 endloop
endfacet
facet normal -0.604409 -0.0533169 -0.794888
 outer loop
  vertex 12.4042 -49.998 1038.9
  vertex 11.2515 -49.998 1039.66
  vertex 12.1077 -41.998 1038.61
 endloop
endfacet
facet normal -0.248965 -0.0531698 -0.967052
 outer loop
  vertex 11.2515 -49.998 1039.66
  vertex 10 -49.998 1039.9
  vertex 11.0972 -41.998 1039.27
 endloop
endfacet
facet normal 0.124482 -0.0531698 -0.990796
 outer loop
  vertex 10 -49.998 1039.9
  vertex 8.74848 -49.998 1039.66
  vertex 10 -41.998 1039.48
 endloop
endfacet
facet normal 0.489445 -0.0533169 -0.870403
 outer loop
  vertex 8.74848 -49.998 1039.66
  vertex 7.59584 -49.998 1038.9
  vertex 8.90281 -41.998 1039.27
 endloop
endfacet
facet normal 0.794888 -0.0533169 -0.604409
 outer loop
  vertex 7.59584 -49.998 1038.9
  vertex 6.83872 -49.998 1037.75
  vertex 7.8923 -41.998 1038.61
 endloop
endfacet
facet normal -0.0375871 -0.0524101 -0.997918
 outer loop
  vertex 150 -83.0309 863.683
  vertex 138.971 -83.0309 864.307
  vertex 150 -69.998 863
 endloop
endfacet
facet normal -0.116403 -0.0525824 -0.991809
 outer loop
  vertex 150 -69.998 863
  vertex 138.971 -83.0309 864.307
  vertex 126.824 -69.998 865.765
 endloop
endfacet
facet normal -0.190747 -0.0524184 -0.980239
 outer loop
  vertex 126.824 -69.998 865.765
  vertex 138.971 -83.0309 864.307
  vertex 128.082 -83.0309 866.17
 endloop
endfacet
facet normal -0.263945 -0.0524033 -0.963113
 outer loop
  vertex 126.981 -82.7904 866.417
  vertex 128.082 -83.0309 866.17
  vertex 117.472 -83.0309 869.25
 endloop
endfacet
facet normal -0.23124 -0.0523367 -0.971488
 outer loop
  vertex 126.981 -82.7904 866.417
  vertex 126.824 -69.998 865.765
  vertex 128.082 -83.0309 866.17
 endloop
endfacet
facet normal -0.234972 -0.052336 0.970592
 outer loop
  vertex 126.824 -69.998 1057.23
  vertex 46.5294 -69.998 1037.8
  vertex 126.981 -82.7904 1056.58
 endloop
endfacet
facet normal -0.234972 -0.052336 0.970592
 outer loop
  vertex 126.981 -82.7904 1056.58
  vertex 46.5294 -69.998 1037.8
  vertex 46.6872 -82.7904 1037.14
 endloop
endfacet
facet normal -0.44064 -0.052968 -0.89612
 outer loop
  vertex 46.5294 -69.998 885.204
  vertex 22.9456 -82.7904 896.01
  vertex 23.2142 -69.998 895.046
 endloop
endfacet
facet normal -0.340695 -0.0529862 -0.93868
 outer loop
  vertex 46.5294 -69.998 885.204
  vertex 46.6872 -82.7904 885.856
  vertex 22.9456 -82.7904 896.01
 endloop
endfacet
facet normal -0.709622 -0.0530243 -0.702585
 outer loop
  vertex 23.2142 -69.998 895.046
  vertex 3.83333 -82.7904 913.374
  vertex 3.30644 -69.998 912.96
 endloop
endfacet
facet normal -0.626582 -0.0530055 -0.777551
 outer loop
  vertex 23.2142 -69.998 895.046
  vertex 22.9456 -82.7904 896.01
  vertex 3.83333 -82.7904 913.374
 endloop
endfacet
facet normal -0.848184 -0.0529862 -0.527045
 outer loop
  vertex 3.83333 -82.7904 913.374
  vertex -8.54597 -82.7904 936.036
  vertex 3.30644 -69.998 912.96
 endloop
endfacet
facet normal -0.903152 -0.0530055 -0.426037
 outer loop
  vertex 3.30644 -69.998 912.96
  vertex -8.54597 -82.7904 936.036
  vertex -9.42065 -69.998 936.524
 endloop
endfacet
facet normal -0.974641 -0.052968 -0.217417
 outer loop
  vertex -9.42065 -69.998 936.524
  vertex -8.54597 -82.7904 936.036
  vertex -12.8296 -82.7904 961.5
 endloop
endfacet
facet normal -0.992489 -0.0529862 0.110264
 outer loop
  vertex -13.5 -69.998 961.5
  vertex -12.8296 -82.7904 961.5
  vertex -8.54597 -82.7904 986.964
 endloop
endfacet
facet normal -0.903152 -0.0530055 0.426037
 outer loop
  vertex -9.42065 -69.998 986.476
  vertex -8.54597 -82.7904 986.964
  vertex 3.83333 -82.7904 1009.63
 endloop
endfacet
facet normal -0.711821 -0.0529862 0.70036
 outer loop
  vertex 3.30644 -69.998 1010.04
  vertex 3.83333 -82.7904 1009.63
  vertex 22.9456 -82.7904 1026.99
 endloop
endfacet
facet normal -0.44064 -0.052968 0.89612
 outer loop
  vertex 23.2142 -69.998 1027.95
  vertex 22.9456 -82.7904 1026.99
  vertex 46.6872 -82.7904 1037.14
 endloop
endfacet
facet normal -0.337752 -0.0529493 0.939745
 outer loop
  vertex 46.5294 -69.998 1037.8
  vertex 23.2142 -69.998 1027.95
  vertex 46.6872 -82.7904 1037.14
 endloop
endfacet
facet normal -0.626582 -0.0530055 0.777551
 outer loop
  vertex 23.2142 -69.998 1027.95
  vertex 3.30644 -69.998 1010.04
  vertex 22.9456 -82.7904 1026.99
 endloop
endfacet
facet normal -0.849829 -0.0530243 0.524385
 outer loop
  vertex 3.30644 -69.998 1010.04
  vertex -9.42065 -69.998 986.476
  vertex 3.83333 -82.7904 1009.63
 endloop
endfacet
facet normal -0.974641 -0.052968 0.217417
 outer loop
  vertex -9.42065 -69.998 986.476
  vertex -13.5 -69.998 961.5
  vertex -8.54597 -82.7904 986.964
 endloop
endfacet
facet normal -0.992832 -0.0529493 -0.107152
 outer loop
  vertex -12.8296 -82.7904 961.5
  vertex -13.5 -69.998 961.5
  vertex -9.42065 -69.998 936.524
 endloop
endfacet
facet normal -0.234972 -0.052336 -0.970592
 outer loop
  vertex 46.5294 -69.998 885.204
  vertex 126.824 -69.998 865.765
  vertex 46.6872 -82.7904 885.856
 endloop
endfacet
facet normal -0.234972 -0.052336 -0.970592
 outer loop
  vertex 46.6872 -82.7904 885.856
  vertex 126.824 -69.998 865.765
  vertex 126.981 -82.7904 866.417
 endloop
endfacet
facet normal 0 1 0
 outer loop
  vertex 240.88 -69.998 920.509
  vertex 247.468 -69.998 940.536
  vertex 241.261 -69.998 920.618
 endloop
endfacet
facet normal 0 1 0
 outer loop
  vertex 241.261 -69.998 920.618
  vertex 247.468 -69.998 940.536
  vertex 247.791 -69.998 940.597
 endloop
endfacet
facet normal 0 1 0
 outer loop
  vertex 247.791 -69.998 940.597
  vertex 247.468 -69.998 940.536
  vertex 249.697 -69.998 961.5
 endloop
endfacet
facet normal 0 1 0
 outer loop
  vertex 250 -69.998 961.5
  vertex 249.697 -69.998 961.5
  vertex 247.791 -69.998 982.403
 endloop
endfacet
facet normal 0 1 0
 outer loop
  vertex 250 -69.998 961.5
  vertex 247.791 -69.998 940.597
  vertex 249.697 -69.998 961.5
 endloop
endfacet
facet normal 0 1 0
 outer loop
  vertex 249.697 -69.998 961.5
  vertex 247.468 -69.998 982.464
  vertex 247.791 -69.998 982.403
 endloop
endfacet
facet normal 0 1 0
 outer loop
  vertex 247.791 -69.998 982.403
  vertex 247.468 -69.998 982.464
  vertex 241.261 -69.998 1002.38
 endloop
endfacet
facet normal 0 1 0
 outer loop
  vertex 241.261 -69.998 1002.38
  vertex 247.468 -69.998 982.464
  vertex 240.88 -69.998 1002.49
 endloop
endfacet
facet normal 1 0 0
 outer loop
  vertex 344 74.6602 871.946
  vertex 344 83.8499 883.373
  vertex 344 58.63 900.095
 endloop
endfacet
facet normal 1 0 0
 outer loop
  vertex 344 51.6108 893.741
  vertex 344 74.6602 871.946
  vertex 344 58.63 900.095
 endloop
endfacet
facet normal 1 0 0
 outer loop
  vertex 344 51.6108 893.741
  vertex 344 62.7476 863.394
  vertex 344 74.6602 871.946
 endloop
endfacet
facet normal 1 0 0
 outer loop
  vertex 344 51.6108 893.741
  vertex 344 42.426 891.442
  vertex 344 62.7476 863.394
 endloop
endfacet
facet normal 1 0 0
 outer loop
  vertex 344 62.7476 863.394
  vertex 344 42.426 891.442
  vertex 344 48.981 858.343
 endloop
endfacet
facet normal 1 0 0
 outer loop
  vertex 344 48.981 858.343
  vertex 344 42.426 891.442
  vertex 344 34.3647 857.16
 endloop
endfacet
facet normal 1 0 0
 outer loop
  vertex 344 34.3647 857.16
  vertex 344 42.426 891.442
  vertex 344 38.7714 891.788
 endloop
endfacet
facet normal 1 0 0
 outer loop
  vertex 344 35.2463 892.812
  vertex 344 34.3647 857.16
  vertex 344 38.7714 891.788
 endloop
endfacet
facet normal 1 0 0
 outer loop
  vertex 344 35.2463 892.812
  vertex 344 19.9648 859.931
  vertex 344 34.3647 857.16
 endloop
endfacet
facet normal 1 0 0
 outer loop
  vertex 344 35.2463 892.812
  vertex 344 16.5299 889.105
  vertex 344 19.9648 859.931
 endloop
endfacet
facet normal 1 0 0
 outer loop
  vertex 344 35.2463 892.812
  vertex 344 31.9757 894.479
  vertex 344 16.5299 889.105
 endloop
endfacet
facet normal 1 0 0
 outer loop
  vertex 344 58.63 900.095
  vertex 344 89.6463 896.843
  vertex 344 61.8287 909.006
 endloop
endfacet
facet normal 1 0 0
 outer loop
  vertex 344 58.63 900.095
  vertex 344 83.8499 883.373
  vertex 344 89.6463 896.843
 endloop
endfacet
facet normal 1 0 0
 outer loop
  vertex 344 19.9648 859.931
  vertex 344 16.5299 889.105
  vertex 344 6.83174 866.455
 endloop
endfacet
facet normal 1 0 0
 outer loop
  vertex 344 6.83174 866.455
  vertex 344 16.5299 889.105
  vertex 344 0.00199999 887.243
 endloop
endfacet
facet normal 1 0 0
 outer loop
  vertex 344 -18.7083 889.638
  vertex 344 6.83174 866.455
  vertex 344 0.00199999 887.243
 endloop
endfacet
facet normal 1 0 0
 outer loop
  vertex 344 -18.7083 889.638
  vertex 344 -36.4385 896.799
  vertex 344 6.83174 866.455
 endloop
endfacet
facet normal 1 0 0
 outer loop
  vertex 344 6.83174 866.455
  vertex 344 -36.4385 896.799
  vertex 344 -62.7926 913.731
 endloop
endfacet
facet normal 1 0 0
 outer loop
  vertex 344 -62.7926 913.731
  vertex 344 -36.4385 896.799
  vertex 344 -51.4756 907.981
 endloop
endfacet
facet normal 1 0 0
 outer loop
  vertex 344 -62.7926 921.865
  vertex 344 -62.7926 913.731
  vertex 344 -51.4756 907.981
 endloop
endfacet
facet normal 1 0 0
 outer loop
  vertex 344 89.6463 896.843
  vertex 344 91.6266 911.373
  vertex 344 61.8287 909.006
 endloop
endfacet
facet normal 1 0 0
 outer loop
  vertex 344 61.8287 909.006
  vertex 344 91.6266 911.373
  vertex 344 60.4527 918.374
 endloop
endfacet
facet normal 1 0 0
 outer loop
  vertex 344 60.4527 918.374
  vertex 344 91.6266 911.373
  vertex 344 89.1057 927.725
 endloop
endfacet
facet normal 1 0 0
 outer loop
  vertex 344 70.898 939.412
  vertex 344 89.1057 927.725
  vertex 344 74.2591 961.5
 endloop
endfacet
facet normal 1 0 0
 outer loop
  vertex 344 70.898 939.412
  vertex 344 60.4527 918.374
  vertex 344 89.1057 927.725
 endloop
endfacet
facet normal 1 0 0
 outer loop
  vertex 344 52.0323 1014.48
  vertex 344 61.6893 1002.84
  vertex 344 61.0261 1016.63
 endloop
endfacet
facet normal 1 0 0
 outer loop
  vertex 344 52.5565 1027.44
  vertex 344 52.0323 1014.48
  vertex 344 61.0261 1016.63
 endloop
endfacet
facet normal 1 0 0
 outer loop
  vertex 344 52.5565 1027.44
  vertex 344 40.407 1023.8
  vertex 344 52.0323 1014.48
 endloop
endfacet
facet normal 1 0 0
 outer loop
  vertex 344 52.5565 1027.44
  vertex 344 39.9423 1033.07
  vertex 344 40.407 1023.8
 endloop
endfacet
facet normal 1 0 0
 outer loop
  vertex 344 40.407 1023.8
  vertex 344 39.9423 1033.07
  vertex 344 27.6555 1030.42
 endloop
endfacet
facet normal 1 0 0
 outer loop
  vertex 344 27.6555 1030.42
  vertex 344 39.9423 1033.07
  vertex 344 14.2636 1034.38
 endloop
endfacet
facet normal 1 0 0
 outer loop
  vertex 344 14.2636 1034.38
  vertex 344 39.9423 1033.07
  vertex 344 0.002 1036.49
 endloop
endfacet
facet normal 1 0 0
 outer loop
  vertex 344 0.00199999 1035.76
  vertex 344 0.002 1036.49
  vertex 344 -18.7086 1033.36
 endloop
endfacet
facet normal 1 0 0
 outer loop
  vertex 344 0.00199999 1035.76
  vertex 344 14.2636 1034.38
  vertex 344 0.002 1036.49
 endloop
endfacet
facet normal 1 0 0
 outer loop
  vertex 344 0.002 1036.49
  vertex 344 -43.1103 1033.62
  vertex 344 -18.7086 1033.36
 endloop
endfacet
facet normal 1 0 0
 outer loop
  vertex 344 -18.7086 1033.36
  vertex 344 -43.1103 1033.62
  vertex 344 -36.4385 1026.2
 endloop
endfacet
facet normal 1 0 0
 outer loop
  vertex 344 -36.4385 1026.2
  vertex 344 -43.1103 1033.62
  vertex 344 -51.4759 1015.02
 endloop
endfacet
facet normal 1 0 0
 outer loop
  vertex 344 -51.4759 1015.02
  vertex 344 -43.1103 1033.62
  vertex 344 -62.7926 1014.53
 endloop
endfacet
facet normal 1 0 0
 outer loop
  vertex 344 -62.7926 1001.14
  vertex 344 -51.4759 1015.02
  vertex 344 -62.7926 1014.53
 endloop
endfacet
facet normal 1 0 0
 outer loop
  vertex 344 61.6893 1002.84
  vertex 344 68.7501 989.569
  vertex 344 61.0261 1016.63
 endloop
endfacet
facet normal 1 0 0
 outer loop
  vertex 344 61.0261 1016.63
  vertex 344 68.7501 989.569
  vertex 344 89.1057 927.725
 endloop
endfacet
facet normal 1 0 0
 outer loop
  vertex 344 89.1057 927.725
  vertex 344 68.7501 989.569
  vertex 344 72.926 975.509
 endloop
endfacet
facet normal 1 0 0
 outer loop
  vertex 344 74.2591 961.5
  vertex 344 89.1057 927.725
  vertex 344 72.926 975.509
 endloop
endfacet
facet normal 0.531503 0.0544533 0.845304
 outer loop
  vertex 344 0.00199999 1035.76
  vertex 371.121 0.002 1018.81
  vertex 344 14.2636 1034.38
 endloop
endfacet
facet normal 0.535416 0.169941 0.827315
 outer loop
  vertex 344 14.2636 1034.38
  vertex 371.121 0.002 1018.81
  vertex 371.121 23.0947 1013.95
 endloop
endfacet
facet normal 0.531285 0.373951 0.760195
 outer loop
  vertex 344 27.6555 1030.42
  vertex 371.121 23.0947 1013.95
  vertex 344 40.407 1023.8
 endloop
endfacet
facet normal 0.531735 0.274404 0.801224
 outer loop
  vertex 344 27.6555 1030.42
  vertex 344 14.2636 1034.38
  vertex 371.121 23.0947 1013.95
 endloop
endfacet
facet normal 0.535501 0.481232 0.694013
 outer loop
  vertex 371.121 23.0947 1013.95
  vertex 371.121 42.272 1000.2
  vertex 344 40.407 1023.8
 endloop
endfacet
facet normal 0.532206 0.562799 0.632467
 outer loop
  vertex 344 40.407 1023.8
  vertex 371.121 42.272 1000.2
  vertex 344 52.0323 1014.48
 endloop
endfacet
facet normal 0.531345 0.643123 0.551422
 outer loop
  vertex 344 52.0323 1014.48
  vertex 371.121 42.272 1000.2
  vertex 344 61.6893 1002.84
 endloop
endfacet
facet normal 0.535544 0.718614 0.443607
 outer loop
  vertex 344 61.6893 1002.84
  vertex 371.121 42.272 1000.2
  vertex 371.121 54.2825 979.887
 endloop
endfacet
facet normal 0.531225 0.809044 0.251493
 outer loop
  vertex 344 68.7501 989.569
  vertex 371.121 54.2825 979.887
  vertex 344 72.926 975.509
 endloop
endfacet
facet normal 0.532347 0.76778 0.356539
 outer loop
  vertex 344 68.7501 989.569
  vertex 344 61.6893 1002.84
  vertex 371.121 54.2825 979.887
 endloop
endfacet
facet normal 0.53562 0.835828 0.120424
 outer loop
  vertex 371.121 54.2825 979.887
  vertex 371.121 57.0897 956.456
  vertex 344 72.926 975.509
 endloop
endfacet
facet normal 0.532487 0.845955 0.028587
 outer loop
  vertex 344 72.926 975.509
  vertex 371.121 57.0897 956.456
  vertex 344 74.2591 961.5
 endloop
endfacet
facet normal 0.532992 0.838992 -0.109596
 outer loop
  vertex 344 74.2591 961.5
  vertex 371.121 57.0897 956.456
  vertex 344 70.898 939.412
 endloop
endfacet
facet normal 0.535409 0.807442 -0.247737
 outer loop
  vertex 344 70.898 939.412
  vertex 371.121 57.0897 956.456
  vertex 371.121 50.2177 933.881
 endloop
endfacet
facet normal 0.532963 0.754232 -0.383516
 outer loop
  vertex 347.504 59.2371 920.452
  vertex 344 70.898 939.412
  vertex 371.121 50.2177 933.881
 endloop
endfacet
facet normal 0.53403 0.738041 -0.412441
 outer loop
  vertex 347.504 59.2371 920.452
  vertex 344 60.4527 918.374
  vertex 344 70.898 939.412
 endloop
endfacet
facet normal 0 0.997907 0.0646696
 outer loop
  vertex 235 125.92 996
  vertex 233.69 125.903 996.254
  vertex 236.31 125.903 996.255
 endloop
endfacet
facet normal 0 0.997885 0.0650115
 outer loop
  vertex 236.31 125.903 996.255
  vertex 233.69 125.903 996.254
  vertex 237.475 125.853 997.026
 endloop
endfacet
facet normal 0 0.997868 0.0652685
 outer loop
  vertex 237.475 125.853 997.026
  vertex 233.69 125.903 996.254
  vertex 232.525 125.853 997.026
 endloop
endfacet
facet normal 0 0.997801 0.0662824
 outer loop
  vertex 238.234 125.778 998.161
  vertex 232.525 125.853 997.026
  vertex 231.766 125.778 998.161
 endloop
endfacet
facet normal 0 0.997716 0.0675536
 outer loop
  vertex 238.5 125.687 999.5
  vertex 231.766 125.778 998.161
  vertex 231.5 125.687 999.5
 endloop
endfacet
facet normal 0 0.997655 0.0684464
 outer loop
  vertex 231.766 125.595 1000.84
  vertex 238.5 125.687 999.5
  vertex 231.5 125.687 999.5
 endloop
endfacet
facet normal 0 0.997624 0.0688929
 outer loop
  vertex 231.766 125.595 1000.84
  vertex 238.234 125.595 1000.84
  vertex 238.5 125.687 999.5
 endloop
endfacet
facet normal 0 0.997567 0.0697177
 outer loop
  vertex 231.766 125.595 1000.84
  vertex 232.525 125.516 1001.97
  vertex 238.234 125.595 1000.84
 endloop
endfacet
facet normal 0 0.99754 0.0700961
 outer loop
  vertex 238.234 125.595 1000.84
  vertex 232.525 125.516 1001.97
  vertex 237.475 125.516 1001.97
 endloop
endfacet
facet normal 0 0.997495 0.0707328
 outer loop
  vertex 237.475 125.516 1001.97
  vertex 232.525 125.516 1001.97
  vertex 233.7 125.461 1002.75
 endloop
endfacet
facet normal 0 0.997453 0.0713331
 outer loop
  vertex 236.3 125.461 1002.75
  vertex 233.7 125.461 1002.75
  vertex 235 125.443 1003
 endloop
endfacet
facet normal 0 0.997477 0.0709912
 outer loop
  vertex 236.3 125.461 1002.75
  vertex 237.475 125.516 1001.97
  vertex 233.7 125.461 1002.75
 endloop
endfacet
facet normal 0 0.997746 0.0671072
 outer loop
  vertex 238.5 125.687 999.5
  vertex 238.234 125.778 998.161
  vertex 231.766 125.778 998.161
 endloop
endfacet
facet normal 0 0.997826 0.065904
 outer loop
  vertex 238.234 125.778 998.161
  vertex 237.475 125.853 997.026
  vertex 232.525 125.853 997.026
 endloop
endfacet
facet normal 0 0.997907 0.0646696
 outer loop
  vertex 175 125.92 996
  vertex 173.69 125.903 996.254
  vertex 176.31 125.903 996.255
 endloop
endfacet
facet normal 0 0.997885 0.0650115
 outer loop
  vertex 176.31 125.903 996.255
  vertex 173.69 125.903 996.254
  vertex 177.475 125.853 997.026
 endloop
endfacet
facet normal 0 0.997868 0.0652685
 outer loop
  vertex 177.475 125.853 997.026
  vertex 173.69 125.903 996.254
  vertex 172.525 125.853 997.026
 endloop
endfacet
facet normal 0 0.997801 0.0662824
 outer loop
  vertex 178.234 125.778 998.161
  vertex 172.525 125.853 997.026
  vertex 171.766 125.778 998.161
 endloop
endfacet
facet normal 0 0.997716 0.0675536
 outer loop
  vertex 178.5 125.687 999.5
  vertex 171.766 125.778 998.161
  vertex 171.5 125.687 999.5
 endloop
endfacet
facet normal 0 0.997655 0.0684464
 outer loop
  vertex 171.766 125.595 1000.84
  vertex 178.5 125.687 999.5
  vertex 171.5 125.687 999.5
 endloop
endfacet
facet normal 0 0.997624 0.0688929
 outer loop
  vertex 171.766 125.595 1000.84
  vertex 178.234 125.595 1000.84
  vertex 178.5 125.687 999.5
 endloop
endfacet
facet normal 0 0.997567 0.0697177
 outer loop
  vertex 171.766 125.595 1000.84
  vertex 172.525 125.516 1001.97
  vertex 178.234 125.595 1000.84
 endloop
endfacet
facet normal 0 0.99754 0.0700961
 outer loop
  vertex 178.234 125.595 1000.84
  vertex 172.525 125.516 1001.97
  vertex 177.475 125.516 1001.97
 endloop
endfacet
facet normal 0 0.997495 0.0707328
 outer loop
  vertex 177.475 125.516 1001.97
  vertex 172.525 125.516 1001.97
  vertex 173.7 125.461 1002.75
 endloop
endfacet
facet normal 0 0.997453 0.0713331
 outer loop
  vertex 176.3 125.461 1002.75
  vertex 173.7 125.461 1002.75
  vertex 175 125.443 1003
 endloop
endfacet
facet normal 0 0.997477 0.0709912
 outer loop
  vertex 176.3 125.461 1002.75
  vertex 177.475 125.516 1001.97
  vertex 173.7 125.461 1002.75
 endloop
endfacet
facet normal 0 0.997746 0.0671072
 outer loop
  vertex 178.5 125.687 999.5
  vertex 178.234 125.778 998.161
  vertex 171.766 125.778 998.161
 endloop
endfacet
facet normal 0 0.997826 0.065904
 outer loop
  vertex 178.234 125.778 998.161
  vertex 177.475 125.853 997.026
  vertex 172.525 125.853 997.026
 endloop
endfacet
facet normal 0 0.999919 0.0127133
 outer loop
  vertex 205 127.923 944.038
  vertex 203.671 127.92 944.301
  vertex 206.33 127.92 944.301
 endloop
endfacet
facet normal 0 0.999915 0.0130547
 outer loop
  vertex 206.33 127.92 944.301
  vertex 203.671 127.92 944.301
  vertex 202.526 127.91 945.063
 endloop
endfacet
facet normal 0 0.999903 0.0139079
 outer loop
  vertex 207.474 127.91 945.063
  vertex 202.526 127.91 945.063
  vertex 201.81 127.895 946.098
 endloop
endfacet
facet normal 0 0.999886 0.0150785
 outer loop
  vertex 208.19 127.895 946.099
  vertex 201.81 127.895 946.098
  vertex 208.5 127.873 947.538
 endloop
endfacet
facet normal 0 0.999898 0.0142533
 outer loop
  vertex 208.19 127.895 946.099
  vertex 207.474 127.91 945.063
  vertex 201.81 127.895 946.098
 endloop
endfacet
facet normal 0 0.999879 0.0155584
 outer loop
  vertex 201.81 127.895 946.098
  vertex 201.5 127.873 947.538
  vertex 208.5 127.873 947.538
 endloop
endfacet
facet normal 0 0.999866 0.0163779
 outer loop
  vertex 208.5 127.873 947.538
  vertex 201.5 127.873 947.538
  vertex 201.651 127.857 948.557
 endloop
endfacet
facet normal 0 0.99985 0.0173019
 outer loop
  vertex 208.348 127.857 948.557
  vertex 201.651 127.857 948.557
  vertex 201.971 127.844 949.292
 endloop
endfacet
facet normal 0 0.999837 0.0180325
 outer loop
  vertex 208.029 127.844 949.292
  vertex 201.971 127.844 949.292
  vertex 202.526 127.831 950.014
 endloop
endfacet
facet normal 0 0.999824 0.0187741
 outer loop
  vertex 207.474 127.831 950.014
  vertex 202.526 127.831 950.014
  vertex 203.714 127.816 950.794
 endloop
endfacet
facet normal 0 0.999812 0.0193754
 outer loop
  vertex 206.285 127.816 950.794
  vertex 203.714 127.816 950.794
  vertex 205 127.811 951.038
 endloop
endfacet
facet normal 0 0.999819 0.019034
 outer loop
  vertex 206.285 127.816 950.794
  vertex 207.474 127.831 950.014
  vertex 203.714 127.816 950.794
 endloop
endfacet
facet normal 0 0.999833 0.0182734
 outer loop
  vertex 207.474 127.831 950.014
  vertex 208.029 127.844 949.292
  vertex 202.526 127.831 950.014
 endloop
endfacet
facet normal 0 0.999846 0.0175469
 outer loop
  vertex 208.029 127.844 949.292
  vertex 208.348 127.857 948.557
  vertex 201.971 127.844 949.292
 endloop
endfacet
facet normal 0 0.99986 0.0167175
 outer loop
  vertex 208.348 127.857 948.557
  vertex 208.5 127.873 947.538
  vertex 201.651 127.857 948.557
 endloop
endfacet
facet normal 0 0.999911 0.0133087
 outer loop
  vertex 207.474 127.91 945.063
  vertex 206.33 127.92 944.301
  vertex 202.526 127.91 945.063
 endloop
endfacet
facet normal 2.55973E-16 -1 0
 outer loop
  vertex 10 -41.998 1033.52
  vertex 11.0972 -41.998 1033.73
  vertex 8.90281 -41.998 1033.73
 endloop
endfacet
facet normal 2.55973E-16 -1 0
 outer loop
  vertex 8.90281 -41.998 1033.73
  vertex 11.0972 -41.998 1033.73
  vertex 7.8923 -41.998 1034.39
 endloop
endfacet
facet normal 2.55973E-16 -1 0
 outer loop
  vertex 7.8923 -41.998 1034.39
  vertex 11.0972 -41.998 1033.73
  vertex 12.1077 -41.998 1034.39
 endloop
endfacet
facet normal 2.55973E-16 -1 0
 outer loop
  vertex 7.22854 -41.998 1035.4
  vertex 12.1077 -41.998 1034.39
  vertex 12.7715 -41.998 1035.4
 endloop
endfacet
facet normal 2.55973E-16 -1 0
 outer loop
  vertex 7.01926 -41.998 1036.5
  vertex 12.7715 -41.998 1035.4
  vertex 12.9807 -41.998 1036.5
 endloop
endfacet
facet normal 2.55973E-16 -1 0
 outer loop
  vertex 7.22854 -41.998 1037.6
  vertex 12.9807 -41.998 1036.5
  vertex 12.7715 -41.998 1037.6
 endloop
endfacet
facet normal 2.55973E-16 -1 0
 outer loop
  vertex 7.8923 -41.998 1038.61
  vertex 12.7715 -41.998 1037.6
  vertex 12.1077 -41.998 1038.61
 endloop
endfacet
facet normal 2.55973E-16 -1 0
 outer loop
  vertex 8.90281 -41.998 1039.27
  vertex 12.1077 -41.998 1038.61
  vertex 11.0972 -41.998 1039.27
 endloop
endfacet
facet normal 2.55973E-16 -1 0
 outer loop
  vertex 10 -41.998 1039.48
  vertex 8.90281 -41.998 1039.27
  vertex 11.0972 -41.998 1039.27
 endloop
endfacet
facet normal 2.55973E-16 -1 0
 outer loop
  vertex 8.90281 -41.998 1039.27
  vertex 7.8923 -41.998 1038.61
  vertex 12.1077 -41.998 1038.61
 endloop
endfacet
facet normal 2.55973E-16 -1 0
 outer loop
  vertex 7.8923 -41.998 1038.61
  vertex 7.22854 -41.998 1037.6
  vertex 12.7715 -41.998 1037.6
 endloop
endfacet
facet normal 2.55973E-16 -1 0
 outer loop
  vertex 7.22854 -41.998 1037.6
  vertex 7.01926 -41.998 1036.5
  vertex 12.9807 -41.998 1036.5
 endloop
endfacet
facet normal 2.55973E-16 -1 0
 outer loop
  vertex 7.01926 -41.998 1036.5
  vertex 7.22854 -41.998 1035.4
  vertex 12.7715 -41.998 1035.4
 endloop
endfacet
facet normal 2.55973E-16 -1 0
 outer loop
  vertex 7.22854 -41.998 1035.4
  vertex 7.8923 -41.998 1034.39
  vertex 12.1077 -41.998 1034.39
 endloop
endfacet
facet normal -0.0994396 -0.906308 0.410753
 outer loop
  vertex 55.3699 -99.998 1001.28
  vertex 92.7483 -94.0219 1023.51
  vertex 46.6872 -82.7904 1037.14
 endloop
endfacet
facet normal -0.0994396 -0.906308 0.410753
 outer loop
  vertex 55.3699 -99.998 1001.28
  vertex 89.7352 -99.998 1009.6
  vertex 92.7483 -94.0219 1023.51
 endloop
endfacet
facet normal -0.0994396 -0.906308 0.410753
 outer loop
  vertex 92.7483 -94.0219 1023.51
  vertex 98.7157 -88.9107 1036.24
  vertex 46.6872 -82.7904 1037.14
 endloop
endfacet
facet normal -0.0994396 -0.906308 0.410753
 outer loop
  vertex 46.6872 -82.7904 1037.14
  vertex 98.7157 -88.9107 1036.24
  vertex 107.236 -85.1595 1046.58
 endloop
endfacet
facet normal -0.0994396 -0.906308 0.410753
 outer loop
  vertex 117.472 -83.0309 1053.75
  vertex 46.6872 -82.7904 1037.14
  vertex 107.236 -85.1595 1046.58
 endloop
endfacet
facet normal -0.0994396 -0.906308 0.410753
 outer loop
  vertex 117.472 -83.0309 1053.75
  vertex 126.981 -82.7904 1056.58
  vertex 46.6872 -82.7904 1037.14
 endloop
endfacet
facet normal -0.934332 0 0.356403
 outer loop
  vertex 241.566 -90.793 925.197
  vertex 244.616 -96.152 934.111
  vertex 239.369 -70.3062 920.082
 endloop
endfacet
facet normal -0.927441 0 0.373971
 outer loop
  vertex 239.369 -70.3062 920.082
  vertex 244.616 -96.152 934.111
  vertex 239.369 -69.998 920.082
 endloop
endfacet
facet normal -0.959158 0 0.282871
 outer loop
  vertex 239.369 -69.998 920.082
  vertex 244.616 -96.152 934.111
  vertex 247.471 -69.998 947.301
 endloop
endfacet
facet normal -0.989913 0 0.141674
 outer loop
  vertex 247.471 -69.998 947.301
  vertex 244.616 -96.152 934.111
  vertex 248.5 -96.152 961.5
 endloop
endfacet
facet normal -0.989913 0 -0.141674
 outer loop
  vertex 247.471 -69.998 975.699
  vertex 248.5 -96.152 961.5
  vertex 244.616 -96.152 988.889
 endloop
endfacet
facet normal -0.964304 0 -0.264797
 outer loop
  vertex 241.566 -90.793 997.803
  vertex 247.471 -69.998 975.699
  vertex 244.616 -96.152 988.889
 endloop
endfacet
facet normal -0.949582 -0 -0.313519
 outer loop
  vertex 241.566 -90.793 997.803
  vertex 239.369 -69.998 1002.92
  vertex 247.471 -69.998 975.699
 endloop
endfacet
facet normal -0.91506 -0 -0.403319
 outer loop
  vertex 241.566 -90.793 997.803
  vertex 239.369 -70.3061 1002.92
  vertex 239.369 -69.998 1002.92
 endloop
endfacet
facet normal -1 0 -5.50207E-08
 outer loop
  vertex 247.471 -69.998 975.699
  vertex 247.471 -69.998 947.301
  vertex 248.5 -96.152 961.5
 endloop
endfacet
facet normal -0.0994396 -0.906308 -0.410753
 outer loop
  vertex 89.7352 -99.998 913.402
  vertex 55.3699 -99.998 921.721
  vertex 92.7483 -94.0219 899.486
 endloop
endfacet
facet normal -0.0994396 -0.906308 -0.410753
 outer loop
  vertex 92.7483 -94.0219 899.486
  vertex 55.3699 -99.998 921.721
  vertex 46.6872 -82.7904 885.856
 endloop
endfacet
facet normal -0.0994396 -0.906308 -0.410753
 outer loop
  vertex 98.7157 -88.9107 886.764
  vertex 46.6872 -82.7904 885.856
  vertex 107.236 -85.1595 876.424
 endloop
endfacet
facet normal -0.0994396 -0.906308 -0.410753
 outer loop
  vertex 98.7157 -88.9107 886.764
  vertex 92.7483 -94.0219 899.486
  vertex 46.6872 -82.7904 885.856
 endloop
endfacet
facet normal -0.0994396 -0.906308 -0.410753
 outer loop
  vertex 126.981 -82.7904 866.417
  vertex 117.472 -83.0309 869.25
  vertex 46.6872 -82.7904 885.856
 endloop
endfacet
facet normal -0.0994396 -0.906308 -0.410753
 outer loop
  vertex 46.6872 -82.7904 885.856
  vertex 117.472 -83.0309 869.25
  vertex 107.236 -85.1595 876.424
 endloop
endfacet
facet normal -0.532648 -0.774497 -0.341235
 outer loop
  vertex 81.8725 -99.998 925.39
  vertex 89.7352 -99.998 913.402
  vertex 91.4934 -106.998 925.757
 endloop
endfacet
facet normal -0.482881 -0.776328 -0.405144
 outer loop
  vertex 91.4934 -106.998 925.757
  vertex 89.7352 -99.998 913.402
  vertex 105.924 -106.998 908.984
 endloop
endfacet
facet normal -0.444833 -0.774683 -0.449433
 outer loop
  vertex 105.924 -106.998 908.984
  vertex 89.7352 -99.998 913.402
  vertex 92.7483 -94.0219 899.486
 endloop
endfacet
facet normal -0.398897 -0.774123 -0.491544
 outer loop
  vertex 98.7157 -88.9107 886.764
  vertex 105.924 -106.998 908.984
  vertex 92.7483 -94.0219 899.486
 endloop
endfacet
facet normal -0.333741 -0.776427 -0.534582
 outer loop
  vertex 98.7157 -88.9107 886.764
  vertex 124.946 -106.998 897.681
  vertex 105.924 -106.998 908.984
 endloop
endfacet
facet normal -0.292092 -0.774918 -0.560522
 outer loop
  vertex 98.7157 -88.9107 886.764
  vertex 107.236 -85.1595 876.424
  vertex 124.946 -106.998 897.681
 endloop
endfacet
facet normal -0.242445 -0.774008 -0.584921
 outer loop
  vertex 124.946 -106.998 897.681
  vertex 107.236 -85.1595 876.424
  vertex 117.472 -83.0309 869.25
 endloop
endfacet
facet normal -0.194926 -0.774184 -0.602198
 outer loop
  vertex 128.082 -83.0309 866.17
  vertex 124.946 -106.998 897.681
  vertex 117.472 -83.0309 869.25
 endloop
endfacet
facet normal -0.135546 -0.776287 -0.615634
 outer loop
  vertex 128.082 -83.0309 866.17
  vertex 146.577 -106.998 893.025
  vertex 124.946 -106.998 897.681
 endloop
endfacet
facet normal -0.0817839 -0.774388 -0.627403
 outer loop
  vertex 128.082 -83.0309 866.17
  vertex 138.971 -83.0309 864.307
  vertex 146.577 -106.998 893.025
 endloop
endfacet
facet normal -0.0343783 -0.773896 -0.632379
 outer loop
  vertex 146.577 -106.998 893.025
  vertex 138.971 -83.0309 864.307
  vertex 150 -83.0309 863.683
 endloop
endfacet
facet normal 0.122956 -0.776588 -0.617894
 outer loop
  vertex 168.565 -106.998 895.5
  vertex 150 -83.0309 863.683
  vertex 180.227 -83.0309 868.471
 endloop
endfacet
facet normal 0.309667 -0.776672 -0.548531
 outer loop
  vertex 188.619 -106.998 904.851
  vertex 180.227 -83.0309 868.471
  vertex 207.495 -83.0309 882.364
 endloop
endfacet
facet normal 0.465358 -0.776763 -0.424359
 outer loop
  vertex 204.651 -106.998 920.101
  vertex 207.495 -83.0309 882.364
  vertex 229.136 -83.0309 904.005
 endloop
endfacet
facet normal 0.574473 -0.776861 -0.257814
 outer loop
  vertex 214.99 -106.998 939.663
  vertex 229.136 -83.0309 904.005
  vertex 243.029 -83.0309 931.273
 endloop
endfacet
facet normal 0.615159 -0.777077 -0.133158
 outer loop
  vertex 247.817 -83.0309 961.5
  vertex 214.99 -106.998 939.663
  vertex 243.029 -83.0309 931.273
 endloop
endfacet
facet normal 0.625632 -0.777185 -0.0675948
 outer loop
  vertex 247.817 -83.0309 961.5
  vertex 218.561 -106.998 961.5
  vertex 214.99 -106.998 939.663
 endloop
endfacet
facet normal 0.62612 -0.776965 0.0655636
 outer loop
  vertex 247.817 -83.0309 961.5
  vertex 243.029 -83.0309 991.727
  vertex 218.561 -106.998 961.5
 endloop
endfacet
facet normal 0.615159 -0.777077 0.133158
 outer loop
  vertex 218.561 -106.998 961.5
  vertex 243.029 -83.0309 991.727
  vertex 214.99 -106.998 983.337
 endloop
endfacet
facet normal 0.574473 -0.776861 0.257814
 outer loop
  vertex 214.99 -106.998 983.337
  vertex 243.029 -83.0309 991.727
  vertex 229.136 -83.0309 1019
 endloop
endfacet
facet normal 0.465358 -0.776763 0.424359
 outer loop
  vertex 204.651 -106.998 1002.9
  vertex 229.136 -83.0309 1019
  vertex 207.495 -83.0309 1040.64
 endloop
endfacet
facet normal 0.309667 -0.776672 0.548531
 outer loop
  vertex 188.619 -106.998 1018.15
  vertex 207.495 -83.0309 1040.64
  vertex 180.227 -83.0309 1054.53
 endloop
endfacet
facet normal 0.122956 -0.776588 0.617894
 outer loop
  vertex 168.565 -106.998 1027.5
  vertex 180.227 -83.0309 1054.53
  vertex 150 -83.0309 1059.32
 endloop
endfacet
facet normal -0.0343782 -0.773896 0.632379
 outer loop
  vertex 146.577 -106.998 1029.98
  vertex 150 -83.0309 1059.32
  vertex 138.971 -83.0309 1058.69
 endloop
endfacet
facet normal -0.0817838 -0.774388 0.627403
 outer loop
  vertex 128.082 -83.0309 1056.83
  vertex 146.577 -106.998 1029.98
  vertex 138.971 -83.0309 1058.69
 endloop
endfacet
facet normal -0.135546 -0.776287 0.615634
 outer loop
  vertex 128.082 -83.0309 1056.83
  vertex 124.946 -106.998 1025.32
  vertex 146.577 -106.998 1029.98
 endloop
endfacet
facet normal -0.194926 -0.774184 0.602198
 outer loop
  vertex 128.082 -83.0309 1056.83
  vertex 117.472 -83.0309 1053.75
  vertex 124.946 -106.998 1025.32
 endloop
endfacet
facet normal -0.242445 -0.774008 0.584921
 outer loop
  vertex 124.946 -106.998 1025.32
  vertex 117.472 -83.0309 1053.75
  vertex 107.236 -85.1595 1046.58
 endloop
endfacet
facet normal -0.292092 -0.774918 0.560522
 outer loop
  vertex 98.7157 -88.9107 1036.24
  vertex 124.946 -106.998 1025.32
  vertex 107.236 -85.1595 1046.58
 endloop
endfacet
facet normal -0.333741 -0.776427 0.534582
 outer loop
  vertex 98.7157 -88.9107 1036.24
  vertex 105.924 -106.998 1014.02
  vertex 124.946 -106.998 1025.32
 endloop
endfacet
facet normal -0.398897 -0.774123 0.491544
 outer loop
  vertex 98.7157 -88.9107 1036.24
  vertex 92.7483 -94.0219 1023.51
  vertex 105.924 -106.998 1014.02
 endloop
endfacet
facet normal -0.444833 -0.774683 0.449433
 outer loop
  vertex 105.924 -106.998 1014.02
  vertex 92.7483 -94.0219 1023.51
  vertex 89.7352 -99.998 1009.6
 endloop
endfacet
facet normal -0.532647 -0.774497 0.341235
 outer loop
  vertex 91.4934 -106.998 997.243
  vertex 89.7352 -99.998 1009.6
  vertex 81.8725 -99.998 997.61
 endloop
endfacet
facet normal -0.482881 -0.776328 0.405144
 outer loop
  vertex 91.4934 -106.998 997.243
  vertex 105.924 -106.998 1014.02
  vertex 89.7352 -99.998 1009.6
 endloop
endfacet
facet normal 0.0468452 -0.776713 0.62811
 outer loop
  vertex 146.577 -106.998 1029.98
  vertex 168.565 -106.998 1027.5
  vertex 150 -83.0309 1059.32
 endloop
endfacet
facet normal 0.242473 -0.776794 0.581204
 outer loop
  vertex 168.565 -106.998 1027.5
  vertex 188.619 -106.998 1018.15
  vertex 180.227 -83.0309 1054.53
 endloop
endfacet
facet normal 0.413298 -0.776881 0.475016
 outer loop
  vertex 188.619 -106.998 1018.15
  vertex 204.651 -106.998 1002.9
  vertex 207.495 -83.0309 1040.64
 endloop
endfacet
facet normal 0.541896 -0.776976 0.320402
 outer loop
  vertex 204.651 -106.998 1002.9
  vertex 214.99 -106.998 983.337
  vertex 229.136 -83.0309 1019
 endloop
endfacet
facet normal 0.541896 -0.776976 -0.320402
 outer loop
  vertex 214.99 -106.998 939.663
  vertex 204.651 -106.998 920.101
  vertex 229.136 -83.0309 904.005
 endloop
endfacet
facet normal 0.413298 -0.776881 -0.475016
 outer loop
  vertex 204.651 -106.998 920.101
  vertex 188.619 -106.998 904.851
  vertex 207.495 -83.0309 882.364
 endloop
endfacet
facet normal 0.242473 -0.776794 -0.581204
 outer loop
  vertex 188.619 -106.998 904.851
  vertex 168.565 -106.998 895.5
  vertex 180.227 -83.0309 868.471
 endloop
endfacet
facet normal 0.0468451 -0.776713 -0.62811
 outer loop
  vertex 168.565 -106.998 895.5
  vertex 146.577 -106.998 893.025
  vertex 150 -83.0309 863.683
 endloop
endfacet
facet normal -0.383831 -0.90733 0.171541
 outer loop
  vertex 29.7573 -99.998 982.31
  vertex 25 -98.2622 981.34
  vertex 25.5191 -99.998 972.286
 endloop
endfacet
facet normal -0.390074 -0.906906 0.159258
 outer loop
  vertex 25.5191 -99.998 972.286
  vertex 25 -98.2622 981.34
  vertex 20.5403 -96.2166 982.188
 endloop
endfacet
facet normal -0.388015 -0.906517 0.166347
 outer loop
  vertex -8.54597 -82.7904 986.964
  vertex 20.5403 -96.2166 982.188
  vertex 16.7237 -94.1286 984.591
 endloop
endfacet
facet normal -0.38505 -0.906638 0.172463
 outer loop
  vertex 14.0133 -92.2255 988.289
  vertex -8.54597 -82.7904 986.964
  vertex 16.7237 -94.1286 984.591
 endloop
endfacet
facet normal -0.378795 -0.906931 0.184367
 outer loop
  vertex 14.0133 -92.2255 988.289
  vertex 12.8565 -90.7062 992.873
  vertex -8.54597 -82.7904 986.964
 endloop
endfacet
facet normal -0.365153 -0.907831 0.206171
 outer loop
  vertex -8.54597 -82.7904 986.964
  vertex 12.8565 -90.7062 992.873
  vertex 3.83333 -82.7904 1009.63
 endloop
endfacet
facet normal -0.346685 -0.90652 0.240897
 outer loop
  vertex 3.83333 -82.7904 1009.63
  vertex 12.8565 -90.7062 992.873
  vertex 13.5891 -89.7626 997.701
 endloop
endfacet
facet normal -0.33442 -0.906394 0.258096
 outer loop
  vertex 16.2137 -89.5441 1001.91
  vertex 3.83333 -82.7904 1009.63
  vertex 13.5891 -89.7626 997.701
 endloop
endfacet
facet normal -0.32058 -0.906458 0.274884
 outer loop
  vertex 16.2137 -89.5441 1001.91
  vertex 20.2744 -90.0856 1004.7
  vertex 3.83333 -82.7904 1009.63
 endloop
endfacet
facet normal -0.288651 -0.907876 0.304044
 outer loop
  vertex 3.83333 -82.7904 1009.63
  vertex 20.2744 -90.0856 1004.7
  vertex 22.9456 -82.7904 1026.99
 endloop
endfacet
facet normal -0.272243 -0.907075 0.32109
 outer loop
  vertex 22.9456 -82.7904 1026.99
  vertex 20.2744 -90.0856 1004.7
  vertex 25 -91.2991 1005.66
 endloop
endfacet
facet normal -0.259412 -0.906688 0.332598
 outer loop
  vertex 30.2229 -93.3015 1004.48
  vertex 22.9456 -82.7904 1026.99
  vertex 25 -91.2991 1005.66
 endloop
endfacet
facet normal -0.250769 -0.906487 0.339701
 outer loop
  vertex 30.2229 -93.3015 1004.48
  vertex 34.3331 -95.6557 1001.29
  vertex 22.9456 -82.7904 1026.99
 endloop
endfacet
facet normal -0.229253 -0.906655 0.354146
 outer loop
  vertex 22.9456 -82.7904 1026.99
  vertex 34.3331 -95.6557 1001.29
  vertex 45.5182 -99.998 997.494
 endloop
endfacet
facet normal -0.133526 -0.907506 0.398251
 outer loop
  vertex 46.6872 -82.7904 1037.14
  vertex 45.5182 -99.998 997.494
  vertex 55.3699 -99.998 1001.28
 endloop
endfacet
facet normal -0.176641 -0.90795 0.380032
 outer loop
  vertex 46.6872 -82.7904 1037.14
  vertex 22.9456 -82.7904 1026.99
  vertex 45.5182 -99.998 997.494
 endloop
endfacet
facet normal -0.241399 -0.906835 0.345509
 outer loop
  vertex 34.3331 -95.6557 1001.29
  vertex 36.7318 -98.032 996.698
  vertex 45.5182 -99.998 997.494
 endloop
endfacet
facet normal -0.252038 -0.907254 0.336699
 outer loop
  vertex 45.5182 -99.998 997.494
  vertex 36.7318 -98.032 996.698
  vertex 36.9618 -99.998 991.315
 endloop
endfacet
facet normal -0.396905 -0.906697 0.142709
 outer loop
  vertex 20.5403 -96.2166 982.188
  vertex -8.54597 -82.7904 986.964
  vertex 25.5191 -99.998 972.286
 endloop
endfacet
facet normal -0.41064 -0.907978 0.0833697
 outer loop
  vertex 25.5191 -99.998 972.286
  vertex -8.54597 -82.7904 986.964
  vertex -12.8296 -82.7904 961.5
 endloop
endfacet
facet normal -0.418225 -0.907582 -0.0371777
 outer loop
  vertex 24.0722 -99.998 961.5
  vertex -12.8296 -82.7904 961.5
  vertex 25.5191 -99.998 950.714
 endloop
endfacet
facet normal -0.418225 -0.907582 0.0371777
 outer loop
  vertex 24.0722 -99.998 961.5
  vertex 25.5191 -99.998 972.286
  vertex -12.8296 -82.7904 961.5
 endloop
endfacet
facet normal -0.41064 -0.907978 -0.0833697
 outer loop
  vertex -12.8296 -82.7904 961.5
  vertex -8.54597 -82.7904 936.036
  vertex 25.5191 -99.998 950.714
 endloop
endfacet
facet normal -0.396905 -0.906698 -0.14271
 outer loop
  vertex 25.5191 -99.998 950.714
  vertex -8.54597 -82.7904 936.036
  vertex 20.5483 -96.2206 940.816
 endloop
endfacet
facet normal -0.390074 -0.906906 -0.15926
 outer loop
  vertex 25 -98.2622 941.66
  vertex 25.5191 -99.998 950.714
  vertex 20.5483 -96.2206 940.816
 endloop
endfacet
facet normal -0.383831 -0.90733 -0.171541
 outer loop
  vertex 25 -98.2622 941.66
  vertex 29.7573 -99.998 940.69
  vertex 25.5191 -99.998 950.714
 endloop
endfacet
facet normal -0.334376 -0.906394 -0.258153
 outer loop
  vertex 16.2257 -89.5447 921.081
  vertex 13.5944 -89.7607 925.284
  vertex 3.83333 -82.7904 913.374
 endloop
endfacet
facet normal -0.288631 -0.907875 -0.304064
 outer loop
  vertex 20.2867 -90.0881 918.291
  vertex 3.83333 -82.7904 913.374
  vertex 22.9456 -82.7904 896.01
 endloop
endfacet
facet normal -0.259418 -0.906688 -0.332594
 outer loop
  vertex 25 -91.2991 917.34
  vertex 22.9456 -82.7904 896.01
  vertex 30.2165 -93.2985 918.516
 endloop
endfacet
facet normal -0.272224 -0.907074 -0.32111
 outer loop
  vertex 25 -91.2991 917.34
  vertex 20.2867 -90.0881 918.291
  vertex 22.9456 -82.7904 896.01
 endloop
endfacet
facet normal -0.176641 -0.90795 -0.380032
 outer loop
  vertex 46.6872 -82.7904 885.856
  vertex 45.5182 -99.998 925.506
  vertex 22.9456 -82.7904 896.01
 endloop
endfacet
facet normal -0.133526 -0.907506 -0.398251
 outer loop
  vertex 46.6872 -82.7904 885.856
  vertex 55.3699 -99.998 921.721
  vertex 45.5182 -99.998 925.506
 endloop
endfacet
facet normal -0.252055 -0.907255 -0.336685
 outer loop
  vertex 36.9618 -99.998 931.685
  vertex 36.7364 -98.0396 926.32
  vertex 45.5182 -99.998 925.506
 endloop
endfacet
facet normal -0.241416 -0.906836 -0.345496
 outer loop
  vertex 45.5182 -99.998 925.506
  vertex 36.7364 -98.0396 926.32
  vertex 34.3352 -95.6572 921.708
 endloop
endfacet
facet normal -0.250775 -0.906487 -0.339697
 outer loop
  vertex 22.9456 -82.7904 896.01
  vertex 34.3352 -95.6572 921.708
  vertex 30.2165 -93.2985 918.516
 endloop
endfacet
facet normal -0.229253 -0.906655 -0.354146
 outer loop
  vertex 22.9456 -82.7904 896.01
  vertex 45.5182 -99.998 925.506
  vertex 34.3352 -95.6572 921.708
 endloop
endfacet
facet normal -0.320537 -0.906459 -0.274934
 outer loop
  vertex 20.2867 -90.0881 918.291
  vertex 16.2257 -89.5447 921.081
  vertex 3.83333 -82.7904 913.374
 endloop
endfacet
facet normal -0.346656 -0.90652 -0.240939
 outer loop
  vertex 13.5944 -89.7607 925.284
  vertex 12.856 -90.7039 930.118
  vertex 3.83333 -82.7904 913.374
 endloop
endfacet
facet normal -0.365144 -0.907831 -0.206186
 outer loop
  vertex 3.83333 -82.7904 913.374
  vertex 12.856 -90.7039 930.118
  vertex -8.54597 -82.7904 936.036
 endloop
endfacet
facet normal -0.378783 -0.906931 -0.184388
 outer loop
  vertex -8.54597 -82.7904 936.036
  vertex 12.856 -90.7039 930.118
  vertex 14.0111 -92.2235 934.706
 endloop
endfacet
facet normal -0.385048 -0.906638 -0.172466
 outer loop
  vertex 16.7273 -94.1308 938.412
  vertex -8.54597 -82.7904 936.036
  vertex 14.0111 -92.2235 934.706
 endloop
endfacet
facet normal -0.388016 -0.906517 -0.166344
 outer loop
  vertex 16.7273 -94.1308 938.412
  vertex 20.5483 -96.2206 940.816
  vertex -8.54597 -82.7904 936.036
 endloop
endfacet
facet normal 0.856955 0.514806 0.024547
 outer loop
  vertex 265 -94.998 961.5
  vertex 250 -69.998 961.5
  vertex 264.576 -94.998 971.37
 endloop
endfacet
facet normal 0.852463 0.515911 0.084511
 outer loop
  vertex 264.576 -94.998 971.37
  vertex 250 -69.998 961.5
  vertex 247.791 -69.998 982.403
 endloop
endfacet
facet normal 0.837902 0.514729 0.181586
 outer loop
  vertex 263.306 -94.998 981.167
  vertex 247.791 -69.998 982.403
  vertex 261.2 -94.998 990.82
 endloop
endfacet
facet normal 0.846757 0.515009 0.133295
 outer loop
  vertex 263.306 -94.998 981.167
  vertex 264.576 -94.998 971.37
  vertex 247.791 -69.998 982.403
 endloop
endfacet
facet normal 0.813039 0.515903 0.269836
 outer loop
  vertex 241.261 -69.998 1002.38
  vertex 256.303 -90.5793 997.858
  vertex 247.791 -69.998 982.403
 endloop
endfacet
facet normal 0.827079 0.514948 0.225317
 outer loop
  vertex 247.791 -69.998 982.403
  vertex 256.303 -90.5793 997.858
  vertex 261.2 -94.998 990.82
 endloop
endfacet
facet normal 0.817709 0.514709 0.257734
 outer loop
  vertex 261.2 -94.998 990.82
  vertex 256.303 -90.5793 997.858
  vertex 256.457 -90.793 997.803
 endloop
endfacet
facet normal 0.0355045 0.129693 0.990918
 outer loop
  vertex 464 0.002 1015.57
  vertex 464 20.6924 1011.45
  vertex 371.121 0.002 1018.81
 endloop
endfacet
facet normal 0.0355408 0.266525 0.963172
 outer loop
  vertex 371.121 0.002 1018.81
  vertex 464 20.6924 1011.45
  vertex 371.121 23.0947 1013.95
 endloop
endfacet
facet normal 0.0354721 0.505433 0.862136
 outer loop
  vertex 371.121 23.0947 1013.95
  vertex 464 20.6924 1011.45
  vertex 464 38.2329 999.731
 endloop
endfacet
facet normal 0.0354435 0.801337 0.597163
 outer loop
  vertex 371.121 42.272 1000.2
  vertex 464 38.2329 999.731
  vertex 464 49.9531 982.19
 endloop
endfacet
facet normal 0.0354189 0.970656 0.23785
 outer loop
  vertex 371.121 54.2825 979.887
  vertex 464 49.9531 982.19
  vertex 464 54.0687 961.5
 endloop
endfacet
facet normal 0.0351485 0.991672 -0.123902
 outer loop
  vertex 371.121 57.0897 956.456
  vertex 464 54.0687 961.5
  vertex 464 51.8856 946.292
 endloop
endfacet
facet normal 0.035159 0.898618 -0.437321
 outer loop
  vertex 371.121 50.2177 933.881
  vertex 464 51.8856 946.292
  vertex 464 45.5128 932.312
 endloop
endfacet
facet normal 0.035405 0.957073 -0.287676
 outer loop
  vertex 371.121 50.2177 933.881
  vertex 371.121 57.0897 956.456
  vertex 464 51.8856 946.292
 endloop
endfacet
facet normal 0.0354609 0.996259 0.0788074
 outer loop
  vertex 371.121 57.0897 956.456
  vertex 371.121 54.2825 979.887
  vertex 464 54.0687 961.5
 endloop
endfacet
facet normal 0.0354836 0.883543 0.467004
 outer loop
  vertex 371.121 54.2825 979.887
  vertex 371.121 42.272 1000.2
  vertex 464 49.9531 982.19
 endloop
endfacet
facet normal 0.0355103 0.626269 0.778798
 outer loop
  vertex 371.121 42.272 1000.2
  vertex 371.121 23.0947 1013.95
  vertex 464 38.2329 999.731
 endloop
endfacet
facet normal 3.01646E-16 -1 5.29359E-16
 outer loop
  vertex 55.5 -99.998 977.954
  vertex 65 -99.998 980.5
  vertex 66.8801 -99.998 984.692
 endloop
endfacet
facet normal 3.01646E-16 -1 5.29359E-16
 outer loop
  vertex 67.2485 -99.998 989.494
  vertex 55.5 -99.998 977.954
  vertex 66.8801 -99.998 984.692
 endloop
endfacet
facet normal 3.01646E-16 -1 5.29359E-16
 outer loop
  vertex 67.2485 -99.998 989.494
  vertex 55.3699 -99.998 1001.28
  vertex 55.5 -99.998 977.954
 endloop
endfacet
facet normal 3.01646E-16 -1 5.29359E-16
 outer loop
  vertex 67.2485 -99.998 989.494
  vertex 69.5721 -99.998 993.712
  vertex 55.3699 -99.998 1001.28
 endloop
endfacet
facet normal 3.01646E-16 -1 5.29359E-16
 outer loop
  vertex 55.3699 -99.998 1001.28
  vertex 69.5721 -99.998 993.712
  vertex 73.4339 -99.998 996.59
 endloop
endfacet
facet normal 3.01646E-16 -1 5.29359E-16
 outer loop
  vertex 89.7352 -99.998 1009.6
  vertex 73.4339 -99.998 996.59
  vertex 78.1406 -99.998 997.61
 endloop
endfacet
facet normal 3.01646E-16 -1 5.29359E-16
 outer loop
  vertex 81.8725 -99.998 997.61
  vertex 89.7352 -99.998 1009.6
  vertex 78.1406 -99.998 997.61
 endloop
endfacet
facet normal 3.01646E-16 -1 5.29359E-16
 outer loop
  vertex 65 -99.998 980.5
  vertex 66.1838 -99.998 980.463
  vertex 66.8801 -99.998 984.692
 endloop
endfacet
facet normal 3.01646E-16 -1 5.29359E-16
 outer loop
  vertex 66.8801 -99.998 984.692
  vertex 66.1838 -99.998 980.463
  vertex 67.363 -99.998 980.352
 endloop
endfacet
facet normal 3.01646E-16 -1 5.29359E-16
 outer loop
  vertex 68.533 -99.998 980.169
  vertex 66.8801 -99.998 984.692
  vertex 67.363 -99.998 980.352
 endloop
endfacet
facet normal 3.01646E-16 -1 5.29359E-16
 outer loop
  vertex 89.7352 -99.998 1009.6
  vertex 55.3699 -99.998 1001.28
  vertex 73.4339 -99.998 996.59
 endloop
endfacet
facet normal 3.01646E-16 -1 5.29359E-16
 outer loop
  vertex 55.3699 -99.998 1001.28
  vertex 45.5182 -99.998 997.494
  vertex 55.5 -99.998 977.954
 endloop
endfacet
facet normal 3.01646E-16 -1 5.29359E-16
 outer loop
  vertex 55.5 -99.998 977.954
  vertex 45.5182 -99.998 997.494
  vertex 36.9618 -99.998 991.315
 endloop
endfacet
facet normal 3.01646E-16 -1 5.29359E-16
 outer loop
  vertex 34.4952 -99.998 985.904
  vertex 55.5 -99.998 977.954
  vertex 36.9618 -99.998 991.315
 endloop
endfacet
facet normal 3.01646E-16 -1 5.29359E-16
 outer loop
  vertex 34.4952 -99.998 985.904
  vertex 48.5455 -99.998 971
  vertex 55.5 -99.998 977.954
 endloop
endfacet
facet normal 3.01646E-16 -1 5.29359E-16
 outer loop
  vertex 34.4952 -99.998 985.904
  vertex 29.7573 -99.998 982.31
  vertex 48.5455 -99.998 971
 endloop
endfacet
facet normal 3.01646E-16 -1 5.29359E-16
 outer loop
  vertex 48.5455 -99.998 971
  vertex 29.7573 -99.998 982.31
  vertex 25.5191 -99.998 972.286
 endloop
endfacet
facet normal 3.01646E-16 -1 5.29359E-16
 outer loop
  vertex 46 -99.998 961.5
  vertex 25.5191 -99.998 972.286
  vertex 24.0722 -99.998 961.5
 endloop
endfacet
facet normal 3.01646E-16 -1 5.29359E-16
 outer loop
  vertex 25.5191 -99.998 950.714
  vertex 46 -99.998 961.5
  vertex 24.0722 -99.998 961.5
 endloop
endfacet
facet normal 3.01646E-16 -1 5.29359E-16
 outer loop
  vertex 25.5191 -99.998 950.714
  vertex 48.5455 -99.998 952
  vertex 46 -99.998 961.5
 endloop
endfacet
facet normal 3.01646E-16 -1 5.29359E-16
 outer loop
  vertex 25.5191 -99.998 950.714
  vertex 29.7573 -99.998 940.69
  vertex 48.5455 -99.998 952
 endloop
endfacet
facet normal 3.01646E-16 -1 5.29359E-16
 outer loop
  vertex 48.5455 -99.998 952
  vertex 29.7573 -99.998 940.69
  vertex 34.4952 -99.998 937.096
 endloop
endfacet
facet normal 3.01646E-16 -1 5.29359E-16
 outer loop
  vertex 55.5 -99.998 945.046
  vertex 34.4952 -99.998 937.096
  vertex 36.9618 -99.998 931.685
 endloop
endfacet
facet normal 3.01646E-16 -1 5.29359E-16
 outer loop
  vertex 45.5182 -99.998 925.506
  vertex 55.5 -99.998 945.046
  vertex 36.9618 -99.998 931.685
 endloop
endfacet
facet normal 3.01646E-16 -1 5.29359E-16
 outer loop
  vertex 45.5182 -99.998 925.506
  vertex 55.3699 -99.998 921.721
  vertex 55.5 -99.998 945.046
 endloop
endfacet
facet normal 3.01646E-16 -1 5.29359E-16
 outer loop
  vertex 55.5 -99.998 945.046
  vertex 55.3699 -99.998 921.721
  vertex 67.2485 -99.998 933.506
 endloop
endfacet
facet normal 3.01646E-16 -1 5.29359E-16
 outer loop
  vertex 66.8801 -99.998 938.308
  vertex 55.5 -99.998 945.046
  vertex 67.2485 -99.998 933.506
 endloop
endfacet
facet normal 3.01646E-16 -1 5.29359E-16
 outer loop
  vertex 66.8801 -99.998 938.308
  vertex 65 -99.998 942.5
  vertex 55.5 -99.998 945.046
 endloop
endfacet
facet normal 3.01646E-16 -1 5.29359E-16
 outer loop
  vertex 66.8801 -99.998 938.308
  vertex 66.1838 -99.998 942.537
  vertex 65 -99.998 942.5
 endloop
endfacet
facet normal 3.01646E-16 -1 5.29359E-16
 outer loop
  vertex 66.8801 -99.998 938.308
  vertex 67.363 -99.998 942.648
  vertex 66.1838 -99.998 942.537
 endloop
endfacet
facet normal 3.01646E-16 -1 5.29359E-16
 outer loop
  vertex 66.8801 -99.998 938.308
  vertex 68.533 -99.998 942.831
  vertex 67.363 -99.998 942.648
 endloop
endfacet
facet normal 3.01646E-16 -1 5.29359E-16
 outer loop
  vertex 81.8725 -99.998 925.39
  vertex 78.1406 -99.998 925.39
  vertex 89.7352 -99.998 913.402
 endloop
endfacet
facet normal 3.01646E-16 -1 5.29359E-16
 outer loop
  vertex 89.7352 -99.998 913.402
  vertex 78.1406 -99.998 925.39
  vertex 73.4339 -99.998 926.41
 endloop
endfacet
facet normal 3.01646E-16 -1 5.29359E-16
 outer loop
  vertex 55.3699 -99.998 921.721
  vertex 73.4339 -99.998 926.41
  vertex 69.5721 -99.998 929.288
 endloop
endfacet
facet normal 3.01646E-16 -1 5.29359E-16
 outer loop
  vertex 67.2485 -99.998 933.506
  vertex 55.3699 -99.998 921.721
  vertex 69.5721 -99.998 929.288
 endloop
endfacet
facet normal 3.01646E-16 -1 5.29359E-16
 outer loop
  vertex 55.5 -99.998 945.046
  vertex 48.5455 -99.998 952
  vertex 34.4952 -99.998 937.096
 endloop
endfacet
facet normal 3.01646E-16 -1 5.29359E-16
 outer loop
  vertex 46 -99.998 961.5
  vertex 48.5455 -99.998 971
  vertex 25.5191 -99.998 972.286
 endloop
endfacet
facet normal 3.01646E-16 -1 5.29359E-16
 outer loop
  vertex 73.4339 -99.998 926.41
  vertex 55.3699 -99.998 921.721
  vertex 89.7352 -99.998 913.402
 endloop
endfacet
facet normal -6.27575E-15 -0.243676 -0.969857
 outer loop
  vertex 239.369 -70.3062 920.082
  vertex 256.303 -90.5794 925.142
  vertex 241.566 -90.793 925.197
 endloop
endfacet
facet normal 0 -0.247476 -0.968894
 outer loop
  vertex 241.566 -90.793 925.197
  vertex 256.303 -90.5794 925.142
  vertex 256.457 -90.793 925.197
 endloop
endfacet
facet normal -2.84135E-15 -0.856453 -0.516225
 outer loop
  vertex 241.566 -90.793 925.197
  vertex 256.457 -90.793 925.197
  vertex 244.616 -96.152 934.111
 endloop
endfacet
facet normal 0 -0.857361 -0.514716
 outer loop
  vertex 244.616 -96.152 934.111
  vertex 256.457 -90.793 925.197
  vertex 261.2 -94.998 932.18
 endloop
endfacet
facet normal 0 -0.858507 -0.512802
 outer loop
  vertex 261.691 -96.152 934.111
  vertex 244.616 -96.152 934.111
  vertex 261.2 -94.998 932.18
 endloop
endfacet
facet normal 0 1 1.9764E-16
 outer loop
  vertex 262.332 -96.152 927.801
  vertex 240.842 -96.152 934.135
  vertex 244.616 -96.152 934.111
 endloop
endfacet
facet normal 0 1 1.9764E-16
 outer loop
  vertex 261.691 -96.152 934.111
  vertex 262.332 -96.152 927.801
  vertex 244.616 -96.152 934.111
 endloop
endfacet
facet normal 0 1 1.9764E-16
 outer loop
  vertex 261.691 -96.152 934.111
  vertex 267.012 -96.152 953.379
  vertex 262.332 -96.152 927.801
 endloop
endfacet
facet normal 0 1 1.9764E-16
 outer loop
  vertex 261.691 -96.152 934.111
  vertex 265 -96.152 961.5
  vertex 267.012 -96.152 953.379
 endloop
endfacet
facet normal 0 1 1.9764E-16
 outer loop
  vertex 267.012 -96.152 953.379
  vertex 265 -96.152 961.5
  vertex 267.294 -96.152 961.524
 endloop
endfacet
facet normal 0 1 1.9764E-16
 outer loop
  vertex 267.294 -96.152 961.524
  vertex 265 -96.152 961.5
  vertex 261.691 -96.152 988.889
 endloop
endfacet
facet normal 0 1 1.9764E-16
 outer loop
  vertex 262.332 -96.152 995.199
  vertex 261.691 -96.152 988.889
  vertex 244.616 -96.152 988.889
 endloop
endfacet
facet normal 0 1 1.9764E-16
 outer loop
  vertex 240.842 -96.152 988.865
  vertex 244.616 -96.152 988.889
  vertex 244.155 -96.152 977.626
 endloop
endfacet
facet normal 0 1 1.9764E-16
 outer loop
  vertex 240.842 -96.152 988.865
  vertex 262.332 -96.152 995.199
  vertex 244.616 -96.152 988.889
 endloop
endfacet
facet normal 0 1 1.9764E-16
 outer loop
  vertex 244.155 -96.152 977.626
  vertex 248.5 -96.152 961.5
  vertex 244.155 -96.152 945.374
 endloop
endfacet
facet normal 0 1 1.9764E-16
 outer loop
  vertex 244.155 -96.152 977.626
  vertex 244.616 -96.152 988.889
  vertex 248.5 -96.152 961.5
 endloop
endfacet
facet normal 0 1 1.9764E-16
 outer loop
  vertex 262.332 -96.152 995.199
  vertex 267.294 -96.152 961.524
  vertex 261.691 -96.152 988.889
 endloop
endfacet
facet normal 0 1 1.9764E-16
 outer loop
  vertex 248.5 -96.152 961.5
  vertex 244.616 -96.152 934.111
  vertex 244.155 -96.152 945.374
 endloop
endfacet
facet normal 0 1 1.9764E-16
 outer loop
  vertex 244.155 -96.152 945.374
  vertex 244.616 -96.152 934.111
  vertex 240.842 -96.152 934.135
 endloop
endfacet
facet normal 0 -0.858507 0.512802
 outer loop
  vertex 261.691 -96.152 988.889
  vertex 261.2 -94.998 990.82
  vertex 244.616 -96.152 988.889
 endloop
endfacet
facet normal 0 -0.857361 0.514716
 outer loop
  vertex 244.616 -96.152 988.889
  vertex 261.2 -94.998 990.82
  vertex 256.457 -90.793 997.803
 endloop
endfacet
facet normal 0 -0.856453 0.516225
 outer loop
  vertex 241.566 -90.793 997.803
  vertex 244.616 -96.152 988.889
  vertex 256.457 -90.793 997.803
 endloop
endfacet
facet normal 0 -0.247476 0.968894
 outer loop
  vertex 256.457 -90.793 997.803
  vertex 256.303 -90.5793 997.858
  vertex 241.566 -90.793 997.803
 endloop
endfacet
facet normal 0 -0.243676 0.969857
 outer loop
  vertex 241.566 -90.793 997.803
  vertex 256.303 -90.5793 997.858
  vertex 239.369 -70.3061 1002.92
 endloop
endfacet
facet normal 3.01646E-16 -1 5.29359E-16
 outer loop
  vertex 80.0232 -106.998 949.868
  vertex 85.2973 -106.998 942.878
  vertex 83.6072 -106.998 957.657
 endloop
endfacet
facet normal 3.01646E-16 -1 5.29359E-16
 outer loop
  vertex 83.6072 -106.998 957.657
  vertex 85.2973 -106.998 942.878
  vertex 96.5 -106.998 961.5
 endloop
endfacet
facet normal 3.01646E-16 -1 5.29359E-16
 outer loop
  vertex 83.4023 -106.998 966.228
  vertex 96.5 -106.998 961.5
  vertex 100.256 -106.998 981.193
 endloop
endfacet
facet normal 3.01646E-16 -1 5.29359E-16
 outer loop
  vertex 79.4502 -106.998 973.837
  vertex 100.256 -106.998 981.193
  vertex 76.434 -106.998 991.326
 endloop
endfacet
facet normal 3.01646E-16 -1 5.29359E-16
 outer loop
  vertex 74.2409 -106.998 985.209
  vertex 79.4502 -106.998 973.837
  vertex 76.434 -106.998 991.326
 endloop
endfacet
facet normal 3.01646E-16 -1 5.29359E-16
 outer loop
  vertex 74.2409 -106.998 985.209
  vertex 72.5556 -106.998 978.933
  vertex 79.4502 -106.998 973.837
 endloop
endfacet
facet normal 3.01646E-16 -1 5.29359E-16
 outer loop
  vertex 96.5 -106.998 961.5
  vertex 85.2973 -106.998 942.878
  vertex 100.256 -106.998 941.807
 endloop
endfacet
facet normal 3.01646E-16 -1 5.29359E-16
 outer loop
  vertex 100.256 -106.998 941.807
  vertex 85.2973 -106.998 942.878
  vertex 87.8375 -106.998 934.499
 endloop
endfacet
facet normal 3.01646E-16 -1 5.29359E-16
 outer loop
  vertex 91.4934 -106.998 925.757
  vertex 87.8375 -106.998 934.499
  vertex 87.3324 -106.998 925.757
 endloop
endfacet
facet normal 3.01646E-16 -1 5.29359E-16
 outer loop
  vertex 91.4934 -106.998 925.757
  vertex 100.256 -106.998 941.807
  vertex 87.8375 -106.998 934.499
 endloop
endfacet
facet normal 3.01646E-16 -1 5.29359E-16
 outer loop
  vertex 91.4934 -106.998 925.757
  vertex 112.17 -106.998 923.67
  vertex 100.256 -106.998 941.807
 endloop
endfacet
facet normal 3.01646E-16 -1 5.29359E-16
 outer loop
  vertex 91.4934 -106.998 925.757
  vertex 105.924 -106.998 908.984
  vertex 112.17 -106.998 923.67
 endloop
endfacet
facet normal 3.01646E-16 -1 5.29359E-16
 outer loop
  vertex 112.17 -106.998 923.67
  vertex 105.924 -106.998 908.984
  vertex 130.307 -106.998 911.756
 endloop
endfacet
facet normal 3.01646E-16 -1 5.29359E-16
 outer loop
  vertex 130.307 -106.998 911.756
  vertex 105.924 -106.998 908.984
  vertex 124.946 -106.998 897.681
 endloop
endfacet
facet normal 3.01646E-16 -1 5.29359E-16
 outer loop
  vertex 146.577 -106.998 893.025
  vertex 130.307 -106.998 911.756
  vertex 124.946 -106.998 897.681
 endloop
endfacet
facet normal 3.01646E-16 -1 5.29359E-16
 outer loop
  vertex 146.577 -106.998 893.025
  vertex 150 -106.998 908
  vertex 130.307 -106.998 911.756
 endloop
endfacet
facet normal 3.01646E-16 -1 5.29359E-16
 outer loop
  vertex 146.577 -106.998 893.025
  vertex 168.565 -106.998 895.5
  vertex 150 -106.998 908
 endloop
endfacet
facet normal 3.01646E-16 -1 5.29359E-16
 outer loop
  vertex 150 -106.998 908
  vertex 168.565 -106.998 895.5
  vertex 169.693 -106.998 911.756
 endloop
endfacet
facet normal 3.01646E-16 -1 5.29359E-16
 outer loop
  vertex 169.693 -106.998 911.756
  vertex 168.565 -106.998 895.5
  vertex 188.619 -106.998 904.851
 endloop
endfacet
facet normal 3.01646E-16 -1 5.29359E-16
 outer loop
  vertex 187.83 -106.998 923.67
  vertex 188.619 -106.998 904.851
  vertex 204.651 -106.998 920.101
 endloop
endfacet
facet normal 3.01646E-16 -1 5.29359E-16
 outer loop
  vertex 199.744 -106.998 941.807
  vertex 204.651 -106.998 920.101
  vertex 214.99 -106.998 939.663
 endloop
endfacet
facet normal 3.01646E-16 -1 5.29359E-16
 outer loop
  vertex 203.5 -106.998 961.5
  vertex 214.99 -106.998 939.663
  vertex 218.561 -106.998 961.5
 endloop
endfacet
facet normal 3.01646E-16 -1 5.29359E-16
 outer loop
  vertex 214.99 -106.998 983.337
  vertex 203.5 -106.998 961.5
  vertex 218.561 -106.998 961.5
 endloop
endfacet
facet normal 3.01646E-16 -1 5.29359E-16
 outer loop
  vertex 214.99 -106.998 983.337
  vertex 199.744 -106.998 981.193
  vertex 203.5 -106.998 961.5
 endloop
endfacet
facet normal 3.01646E-16 -1 5.29359E-16
 outer loop
  vertex 214.99 -106.998 983.337
  vertex 204.651 -106.998 1002.9
  vertex 199.744 -106.998 981.193
 endloop
endfacet
facet normal 3.01646E-16 -1 5.29359E-16
 outer loop
  vertex 199.744 -106.998 981.193
  vertex 204.651 -106.998 1002.9
  vertex 187.83 -106.998 999.33
 endloop
endfacet
facet normal 3.01646E-16 -1 5.29359E-16
 outer loop
  vertex 187.83 -106.998 999.33
  vertex 204.651 -106.998 1002.9
  vertex 188.619 -106.998 1018.15
 endloop
endfacet
facet normal 3.01646E-16 -1 5.29359E-16
 outer loop
  vertex 169.693 -106.998 1011.24
  vertex 188.619 -106.998 1018.15
  vertex 168.565 -106.998 1027.5
 endloop
endfacet
facet normal 3.01646E-16 -1 5.29359E-16
 outer loop
  vertex 150 -106.998 1015
  vertex 168.565 -106.998 1027.5
  vertex 146.577 -106.998 1029.98
 endloop
endfacet
facet normal 3.01646E-16 -1 5.29359E-16
 outer loop
  vertex 130.307 -106.998 1011.24
  vertex 146.577 -106.998 1029.98
  vertex 124.946 -106.998 1025.32
 endloop
endfacet
facet normal 3.01646E-16 -1 5.29359E-16
 outer loop
  vertex 105.924 -106.998 1014.02
  vertex 130.307 -106.998 1011.24
  vertex 124.946 -106.998 1025.32
 endloop
endfacet
facet normal 3.01646E-16 -1 5.29359E-16
 outer loop
  vertex 105.924 -106.998 1014.02
  vertex 112.17 -106.998 999.33
  vertex 130.307 -106.998 1011.24
 endloop
endfacet
facet normal 3.01646E-16 -1 5.29359E-16
 outer loop
  vertex 105.924 -106.998 1014.02
  vertex 91.4934 -106.998 997.243
  vertex 112.17 -106.998 999.33
 endloop
endfacet
facet normal 3.01646E-16 -1 5.29359E-16
 outer loop
  vertex 112.17 -106.998 999.33
  vertex 91.4934 -106.998 997.243
  vertex 100.256 -106.998 981.193
 endloop
endfacet
facet normal 3.01646E-16 -1 5.29359E-16
 outer loop
  vertex 100.256 -106.998 981.193
  vertex 91.4934 -106.998 997.243
  vertex 76.434 -106.998 991.326
 endloop
endfacet
facet normal 3.01646E-16 -1 5.29359E-16
 outer loop
  vertex 76.434 -106.998 991.326
  vertex 91.4934 -106.998 997.243
  vertex 79.12 -106.998 997.243
 endloop
endfacet
facet normal 3.01646E-16 -1 5.29359E-16
 outer loop
  vertex 79.4502 -106.998 973.837
  vertex 83.4023 -106.998 966.228
  vertex 100.256 -106.998 981.193
 endloop
endfacet
facet normal 3.01646E-16 -1 5.29359E-16
 outer loop
  vertex 83.4023 -106.998 966.228
  vertex 83.6072 -106.998 957.657
  vertex 96.5 -106.998 961.5
 endloop
endfacet
facet normal 3.01646E-16 -1 5.29359E-16
 outer loop
  vertex 130.307 -106.998 1011.24
  vertex 150 -106.998 1015
  vertex 146.577 -106.998 1029.98
 endloop
endfacet
facet normal 3.01646E-16 -1 5.29359E-16
 outer loop
  vertex 150 -106.998 1015
  vertex 169.693 -106.998 1011.24
  vertex 168.565 -106.998 1027.5
 endloop
endfacet
facet normal 3.01646E-16 -1 5.29359E-16
 outer loop
  vertex 169.693 -106.998 1011.24
  vertex 187.83 -106.998 999.33
  vertex 188.619 -106.998 1018.15
 endloop
endfacet
facet normal 3.01646E-16 -1 5.29359E-16
 outer loop
  vertex 203.5 -106.998 961.5
  vertex 199.744 -106.998 941.807
  vertex 214.99 -106.998 939.663
 endloop
endfacet
facet normal 3.01646E-16 -1 5.29359E-16
 outer loop
  vertex 199.744 -106.998 941.807
  vertex 187.83 -106.998 923.67
  vertex 204.651 -106.998 920.101
 endloop
endfacet
facet normal 3.01646E-16 -1 5.29359E-16
 outer loop
  vertex 187.83 -106.998 923.67
  vertex 169.693 -106.998 911.756
  vertex 188.619 -106.998 904.851
 endloop
endfacet
facet normal -0.129775 0 0.991543
 outer loop
  vertex 25 -100.998 1005.66
  vertex 25 -91.2991 1005.66
  vertex 20.3467 -100.998 1004.73
 endloop
endfacet
facet normal -0.261643 0 0.965165
 outer loop
  vertex 20.3467 -100.998 1004.73
  vertex 25 -91.2991 1005.66
  vertex 20.2744 -90.0856 1004.7
 endloop
endfacet
facet normal -0.507473 0 0.861668
 outer loop
  vertex 16.2137 -89.5441 1001.91
  vertex 20.3467 -100.998 1004.73
  vertex 20.2744 -90.0856 1004.7
 endloop
endfacet
facet normal -0.615241 0 0.788339
 outer loop
  vertex 16.2137 -89.5441 1001.91
  vertex 16.4018 -100.998 1002.1
  vertex 20.3467 -100.998 1004.73
 endloop
endfacet
facet normal -0.797405 0 0.603444
 outer loop
  vertex 16.2137 -89.5441 1001.91
  vertex 13.7659 -100.998 998.153
  vertex 16.4018 -100.998 1002.1
 endloop
endfacet
facet normal -0.876531 0 0.481346
 outer loop
  vertex 16.2137 -89.5441 1001.91
  vertex 13.5891 -89.7626 997.701
  vertex 13.7659 -100.998 998.153
 endloop
endfacet
facet normal -0.969129 0 0.246553
 outer loop
  vertex 13.7659 -100.998 998.153
  vertex 13.5891 -89.7626 997.701
  vertex 12.8403 -100.998 993.5
 endloop
endfacet
facet normal -0.99503 0 0.0995799
 outer loop
  vertex 12.8403 -100.998 993.5
  vertex 13.5891 -89.7626 997.701
  vertex 12.8565 -90.7062 992.873
 endloop
endfacet
facet normal -0.956422 0 -0.291989
 outer loop
  vertex 13.7659 -100.998 988.847
  vertex 12.8565 -90.7062 992.873
  vertex 14.0133 -92.2255 988.289
 endloop
endfacet
facet normal -0.77502 0 -0.631937
 outer loop
  vertex 16.4018 -100.998 984.902
  vertex 14.0133 -92.2255 988.289
  vertex 16.7237 -94.1286 984.591
 endloop
endfacet
facet normal -0.594988 0 -0.803734
 outer loop
  vertex 20.5403 -96.2166 982.188
  vertex 16.4018 -100.998 984.902
  vertex 16.7237 -94.1286 984.591
 endloop
endfacet
facet normal -0.494333 0 -0.869273
 outer loop
  vertex 20.5403 -96.2166 982.188
  vertex 20.3467 -100.998 982.266
  vertex 16.4018 -100.998 984.902
 endloop
endfacet
facet normal -0.253966 0 -0.967213
 outer loop
  vertex 20.5403 -96.2166 982.188
  vertex 25 -98.2622 981.34
  vertex 20.3467 -100.998 982.266
 endloop
endfacet
facet normal -0.129775 0 -0.991543
 outer loop
  vertex 20.3467 -100.998 982.266
  vertex 25 -98.2622 981.34
  vertex 25 -100.998 981.34
 endloop
endfacet
facet normal -0.857849 0 -0.513901
 outer loop
  vertex 16.4018 -100.998 984.902
  vertex 13.7659 -100.998 988.847
  vertex 14.0133 -92.2255 988.289
 endloop
endfacet
facet normal -0.98914 0 -0.146974
 outer loop
  vertex 13.7659 -100.998 988.847
  vertex 12.8403 -100.998 993.5
  vertex 12.8565 -90.7062 992.873
 endloop
endfacet
facet normal -0.12396 0 0.992287
 outer loop
  vertex 25 -98.2622 941.66
  vertex 20.5483 -96.2206 940.816
  vertex 25 -100.998 941.66
 endloop
endfacet
facet normal -0.253736 0 0.967274
 outer loop
  vertex 25 -100.998 941.66
  vertex 20.5483 -96.2206 940.816
  vertex 20.3467 -100.998 940.734
 endloop
endfacet
facet normal -0.483495 0 0.875347
 outer loop
  vertex 20.3467 -100.998 940.734
  vertex 20.5483 -96.2206 940.816
  vertex 16.7273 -94.1308 938.412
 endloop
endfacet
facet normal -0.775021 0 0.631935
 outer loop
  vertex 16.4018 -100.998 938.098
  vertex 16.7273 -94.1308 938.412
  vertex 14.0111 -92.2235 934.706
 endloop
endfacet
facet normal -0.956534 0 0.29162
 outer loop
  vertex 13.7659 -100.998 934.153
  vertex 14.0111 -92.2235 934.706
  vertex 12.856 -90.7039 930.118
 endloop
endfacet
facet normal -0.994963 0 -0.100241
 outer loop
  vertex 12.8403 -100.998 929.5
  vertex 12.856 -90.7039 930.118
  vertex 13.5944 -89.7607 925.284
 endloop
endfacet
facet normal -0.876099 0 -0.482131
 outer loop
  vertex 13.7659 -100.998 924.847
  vertex 13.5944 -89.7607 925.284
  vertex 16.2257 -89.5447 921.081
 endloop
endfacet
facet normal -0.61624 0 -0.787559
 outer loop
  vertex 16.4018 -100.998 920.902
  vertex 16.2257 -89.5447 921.081
  vertex 20.2867 -90.0881 918.291
 endloop
endfacet
facet normal -0.261287 0 -0.965261
 outer loop
  vertex 20.3467 -100.998 918.266
  vertex 20.2867 -90.0881 918.291
  vertex 25 -91.2991 917.34
 endloop
endfacet
facet normal -0.129775 0 -0.991543
 outer loop
  vertex 25 -100.998 917.34
  vertex 20.3467 -100.998 918.266
  vertex 25 -91.2991 917.34
 endloop
endfacet
facet normal -0.500901 0 -0.865504
 outer loop
  vertex 20.3467 -100.998 918.266
  vertex 16.4018 -100.998 920.902
  vertex 20.2867 -90.0881 918.291
 endloop
endfacet
facet normal -0.797114 0 -0.603829
 outer loop
  vertex 16.4018 -100.998 920.902
  vertex 13.7659 -100.998 924.847
  vertex 16.2257 -89.5447 921.081
 endloop
endfacet
facet normal -0.969024 0 -0.246968
 outer loop
  vertex 13.7659 -100.998 924.847
  vertex 12.8403 -100.998 929.5
  vertex 13.5944 -89.7607 925.284
 endloop
endfacet
facet normal -0.989177 0 0.146727
 outer loop
  vertex 12.8403 -100.998 929.5
  vertex 13.7659 -100.998 934.153
  vertex 12.856 -90.7039 930.118
 endloop
endfacet
facet normal -0.857923 0 0.513778
 outer loop
  vertex 13.7659 -100.998 934.153
  vertex 16.4018 -100.998 938.098
  vertex 14.0111 -92.2235 934.706
 endloop
endfacet
facet normal -0.599395 0 0.800454
 outer loop
  vertex 16.4018 -100.998 938.098
  vertex 20.3467 -100.998 940.734
  vertex 16.7273 -94.1308 938.412
 endloop
endfacet
facet normal 0.271358 0 -0.962478
 outer loop
  vertex 239.369 -69.998 920.082
  vertex 240.88 -69.998 920.509
  vertex 239.369 -70.3062 920.082
 endloop
endfacet
facet normal 0.272618 0 -0.962122
 outer loop
  vertex 239.369 -70.3062 920.082
  vertex 240.88 -69.998 920.509
  vertex 241.261 -69.998 920.618
 endloop
endfacet
facet normal 0.281816 0 -0.959468
 outer loop
  vertex 256.303 -90.5794 925.142
  vertex 239.369 -70.3062 920.082
  vertex 241.261 -69.998 920.618
 endloop
endfacet
facet normal 0.975153 0 -0.221532
 outer loop
  vertex 261.2 -94.998 932.18
  vertex 263.306 -94.998 941.833
  vertex 261.691 -96.152 934.111
 endloop
endfacet
facet normal 0.986238 0 -0.165334
 outer loop
  vertex 261.691 -96.152 934.111
  vertex 263.306 -94.998 941.833
  vertex 264.576 -94.998 951.63
 endloop
endfacet
facet normal 0.99959 0 -0.0286327
 outer loop
  vertex 265 -96.152 961.5
  vertex 264.576 -94.998 951.63
  vertex 265 -94.998 961.5
 endloop
endfacet
facet normal 0.99959 0 0.0286327
 outer loop
  vertex 264.576 -94.998 971.37
  vertex 265 -96.152 961.5
  vertex 265 -94.998 961.5
 endloop
endfacet
facet normal 0.994093 0 0.108533
 outer loop
  vertex 264.576 -94.998 971.37
  vertex 261.691 -96.152 988.889
  vertex 265 -96.152 961.5
 endloop
endfacet
facet normal 0.986238 0 0.165334
 outer loop
  vertex 264.576 -94.998 971.37
  vertex 263.306 -94.998 981.167
  vertex 261.691 -96.152 988.889
 endloop
endfacet
facet normal 0.975153 0 0.221532
 outer loop
  vertex 261.691 -96.152 988.889
  vertex 263.306 -94.998 981.167
  vertex 261.2 -94.998 990.82
 endloop
endfacet
facet normal 0.994093 0 -0.108533
 outer loop
  vertex 265 -96.152 961.5
  vertex 261.691 -96.152 934.111
  vertex 264.576 -94.998 951.63
 endloop
endfacet
facet normal 0.281819 0 0.959468
 outer loop
  vertex 256.303 -90.5793 997.858
  vertex 241.261 -69.998 1002.38
  vertex 239.369 -70.3061 1002.92
 endloop
endfacet
facet normal 0.272622 0 0.962121
 outer loop
  vertex 239.369 -70.3061 1002.92
  vertex 241.261 -69.998 1002.38
  vertex 240.88 -69.998 1002.49
 endloop
endfacet
facet normal 0.271364 0 0.962477
 outer loop
  vertex 239.369 -69.998 1002.92
  vertex 239.369 -70.3061 1002.92
  vertex 240.88 -69.998 1002.49
 endloop
endfacet
facet normal -1 0 -1.72116E-15
 outer loop
  vertex 244.155 -112.498 977.626
  vertex 244.155 -112.498 945.374
  vertex 244.155 -119.998 977.626
 endloop
endfacet
facet normal -1 0 -1.72116E-15
 outer loop
  vertex 244.155 -119.998 977.626
  vertex 244.155 -112.498 945.374
  vertex 244.155 -119.998 945.374
 endloop
endfacet
facet normal -0.9592 0 0.282729
 outer loop
  vertex 244.155 -112.498 945.374
  vertex 240.842 -112.498 934.135
  vertex 244.155 -119.998 945.374
 endloop
endfacet
facet normal -0.9592 0 0.282729
 outer loop
  vertex 244.155 -119.998 945.374
  vertex 240.842 -112.498 934.135
  vertex 240.842 -119.998 934.135
 endloop
endfacet
facet normal -0.282729 0 -0.9592
 outer loop
  vertex 240.842 -101.495 934.135
  vertex 240.842 -96.152 934.135
  vertex 255.999 -101.495 929.667
 endloop
endfacet
facet normal -0.282729 0 -0.9592
 outer loop
  vertex 255.999 -101.495 929.667
  vertex 240.842 -96.152 934.135
  vertex 262.332 -96.152 927.801
 endloop
endfacet
facet normal -0.282729 0 -0.9592
 outer loop
  vertex 255.999 -112.498 929.667
  vertex 262.332 -96.152 927.801
  vertex 262.332 -119.998 927.801
 endloop
endfacet
facet normal -0.282729 0 -0.9592
 outer loop
  vertex 240.842 -119.998 934.135
  vertex 255.999 -112.498 929.667
  vertex 262.332 -119.998 927.801
 endloop
endfacet
facet normal -0.282729 0 -0.9592
 outer loop
  vertex 240.842 -119.998 934.135
  vertex 240.842 -112.498 934.135
  vertex 255.999 -112.498 929.667
 endloop
endfacet
facet normal -0.282729 0 -0.9592
 outer loop
  vertex 255.999 -112.498 929.667
  vertex 255.999 -101.495 929.667
  vertex 262.332 -96.152 927.801
 endloop
endfacet
facet normal 0.98099 0 0.194057
 outer loop
  vertex 262.332 -119.998 995.199
  vertex 267.294 -119.998 961.524
  vertex 262.332 -96.152 995.199
 endloop
endfacet
facet normal 0.995271 0 0.0971331
 outer loop
  vertex 262.332 -96.152 995.199
  vertex 267.294 -119.998 961.524
  vertex 267.294 -96.152 961.524
 endloop
endfacet
facet normal 0.999735 0 -0.0230284
 outer loop
  vertex 267.294 -96.152 961.524
  vertex 267.294 -119.998 961.524
  vertex 267.012 -96.152 953.379
 endloop
endfacet
facet normal 0.992766 0 -0.120067
 outer loop
  vertex 267.012 -96.152 953.379
  vertex 267.294 -119.998 961.524
  vertex 262.332 -119.998 927.801
 endloop
endfacet
facet normal 0.976295 0 -0.216446
 outer loop
  vertex 262.332 -96.152 927.801
  vertex 267.012 -96.152 953.379
  vertex 262.332 -119.998 927.801
 endloop
endfacet
facet normal -0.282729 0 0.9592
 outer loop
  vertex 240.842 -101.495 988.865
  vertex 255.999 -101.495 993.333
  vertex 240.842 -96.152 988.865
 endloop
endfacet
facet normal -0.282729 0 0.9592
 outer loop
  vertex 240.842 -96.152 988.865
  vertex 255.999 -101.495 993.333
  vertex 262.332 -96.152 995.199
 endloop
endfacet
facet normal -0.282729 0 0.9592
 outer loop
  vertex 262.332 -96.152 995.199
  vertex 255.999 -101.495 993.333
  vertex 255.999 -112.498 993.333
 endloop
endfacet
facet normal -0.282729 0 0.9592
 outer loop
  vertex 262.332 -119.998 995.199
  vertex 255.999 -112.498 993.333
  vertex 240.842 -119.998 988.865
 endloop
endfacet
facet normal -0.282729 0 0.9592
 outer loop
  vertex 262.332 -119.998 995.199
  vertex 262.332 -96.152 995.199
  vertex 255.999 -112.498 993.333
 endloop
endfacet
facet normal -0.282729 0 0.9592
 outer loop
  vertex 255.999 -112.498 993.333
  vertex 240.842 -112.498 988.865
  vertex 240.842 -119.998 988.865
 endloop
endfacet
facet normal -0.9592 0 -0.282729
 outer loop
  vertex 240.842 -112.498 988.865
  vertex 244.155 -112.498 977.626
  vertex 240.842 -119.998 988.865
 endloop
endfacet
facet normal -0.9592 0 -0.282729
 outer loop
  vertex 240.842 -119.998 988.865
  vertex 244.155 -112.498 977.626
  vertex 244.155 -119.998 977.626
 endloop
endfacet
facet normal -0.129775 0 -0.991543
 outer loop
  vertex 150 -115 908
  vertex 129.526 -115 912.072
  vertex 150 -106.998 908
 endloop
endfacet
facet normal -0.254434 0 -0.96709
 outer loop
  vertex 150 -106.998 908
  vertex 129.526 -115 912.072
  vertex 130.307 -106.998 911.756
 endloop
endfacet
facet normal -0.494753 0 -0.869034
 outer loop
  vertex 130.307 -106.998 911.756
  vertex 129.526 -115 912.072
  vertex 112.17 -115 923.67
 endloop
endfacet
facet normal -0.792892 0 -0.609362
 outer loop
  vertex 112.17 -106.998 923.67
  vertex 112.17 -115 923.67
  vertex 100.572 -115 941.026
 endloop
endfacet
facet normal -0.96709 0 -0.254434
 outer loop
  vertex 100.256 -106.998 941.807
  vertex 100.572 -115 941.026
  vertex 96.5 -115 961.5
 endloop
endfacet
facet normal -0.991543 0 0.129775
 outer loop
  vertex 96.5 -106.998 961.5
  vertex 96.5 -115 961.5
  vertex 100.572 -115 981.974
 endloop
endfacet
facet normal -0.869034 0 0.494753
 outer loop
  vertex 100.256 -106.998 981.193
  vertex 100.572 -115 981.974
  vertex 112.17 -115 999.33
 endloop
endfacet
facet normal -0.609362 0 0.792892
 outer loop
  vertex 112.17 -106.998 999.33
  vertex 112.17 -115 999.33
  vertex 129.526 -115 1010.93
 endloop
endfacet
facet normal -0.254434 0 0.96709
 outer loop
  vertex 130.307 -106.998 1011.24
  vertex 129.526 -115 1010.93
  vertex 150 -115 1015
 endloop
endfacet
facet normal -0.124659 0 0.9922
 outer loop
  vertex 150 -106.998 1015
  vertex 130.307 -106.998 1011.24
  vertex 150 -115 1015
 endloop
endfacet
facet normal -0.494753 0 0.869034
 outer loop
  vertex 130.307 -106.998 1011.24
  vertex 112.17 -106.998 999.33
  vertex 129.526 -115 1010.93
 endloop
endfacet
facet normal -0.79602 0 0.60527
 outer loop
  vertex 112.17 -106.998 999.33
  vertex 100.256 -106.998 981.193
  vertex 112.17 -115 999.33
 endloop
endfacet
facet normal -0.96709 0 0.254434
 outer loop
  vertex 100.256 -106.998 981.193
  vertex 96.5 -106.998 961.5
  vertex 100.572 -115 981.974
 endloop
endfacet
facet normal -0.9922 0 -0.124659
 outer loop
  vertex 96.5 -106.998 961.5
  vertex 100.256 -106.998 941.807
  vertex 96.5 -115 961.5
 endloop
endfacet
facet normal -0.869034 0 -0.494753
 outer loop
  vertex 100.256 -106.998 941.807
  vertex 112.17 -106.998 923.67
  vertex 100.572 -115 941.026
 endloop
endfacet
facet normal -0.60527 0 -0.79602
 outer loop
  vertex 112.17 -106.998 923.67
  vertex 130.307 -106.998 911.756
  vertex 112.17 -115 923.67
 endloop
endfacet
facet normal 0 -1 0
 outer loop
  vertex 13.7659 -100.998 998.153
  vertex 13.7659 -100.998 988.847
  vertex 16.4018 -100.998 1002.1
 endloop
endfacet
facet normal 0 -1 0
 outer loop
  vertex 13.7659 -100.998 998.153
  vertex 12.8403 -100.998 993.5
  vertex 13.7659 -100.998 988.847
 endloop
endfacet
facet normal 0 -1 0
 outer loop
  vertex 16.4018 -100.998 1002.1
  vertex 16.4018 -100.998 984.902
  vertex 20.3467 -100.998 1004.73
 endloop
endfacet
facet normal 0 -1 0
 outer loop
  vertex 16.4018 -100.998 1002.1
  vertex 13.7659 -100.998 988.847
  vertex 16.4018 -100.998 984.902
 endloop
endfacet
facet normal 0 -1 0
 outer loop
  vertex 16.4018 -100.998 984.902
  vertex 20.3467 -100.998 982.266
  vertex 20.3467 -100.998 1004.73
 endloop
endfacet
facet normal 0 -1 0
 outer loop
  vertex 20.3467 -100.998 1004.73
  vertex 20.3467 -100.998 982.266
  vertex 25 -100.998 1005.66
 endloop
endfacet
facet normal 0 -1 0
 outer loop
  vertex 25 -100.998 1005.66
  vertex 20.3467 -100.998 982.266
  vertex 25 -100.998 981.34
 endloop
endfacet
facet normal 0 -1 0
 outer loop
  vertex 29.6533 -100.998 1004.73
  vertex 25 -100.998 981.34
  vertex 29.6533 -100.998 982.266
 endloop
endfacet
facet normal 0 -1 0
 outer loop
  vertex 33.5982 -100.998 1002.1
  vertex 29.6533 -100.998 982.266
  vertex 33.5982 -100.998 984.902
 endloop
endfacet
facet normal 0 -1 0
 outer loop
  vertex 36.2341 -100.998 998.153
  vertex 33.5982 -100.998 984.902
  vertex 36.2341 -100.998 988.847
 endloop
endfacet
facet normal 0 -1 0
 outer loop
  vertex 37.1597 -100.998 993.5
  vertex 36.2341 -100.998 998.153
  vertex 36.2341 -100.998 988.847
 endloop
endfacet
facet normal 0 -1 0
 outer loop
  vertex 36.2341 -100.998 998.153
  vertex 33.5982 -100.998 1002.1
  vertex 33.5982 -100.998 984.902
 endloop
endfacet
facet normal 0 -1 0
 outer loop
  vertex 33.5982 -100.998 1002.1
  vertex 29.6533 -100.998 1004.73
  vertex 29.6533 -100.998 982.266
 endloop
endfacet
facet normal 0 -1 0
 outer loop
  vertex 29.6533 -100.998 1004.73
  vertex 25 -100.998 1005.66
  vertex 25 -100.998 981.34
 endloop
endfacet
facet normal 0 -1 0
 outer loop
  vertex 13.7659 -100.998 934.153
  vertex 13.7659 -100.998 924.847
  vertex 16.4018 -100.998 938.098
 endloop
endfacet
facet normal 0 -1 0
 outer loop
  vertex 13.7659 -100.998 934.153
  vertex 12.8403 -100.998 929.5
  vertex 13.7659 -100.998 924.847
 endloop
endfacet
facet normal 0 -1 0
 outer loop
  vertex 16.4018 -100.998 938.098
  vertex 16.4018 -100.998 920.902
  vertex 20.3467 -100.998 940.734
 endloop
endfacet
facet normal 0 -1 0
 outer loop
  vertex 16.4018 -100.998 938.098
  vertex 13.7659 -100.998 924.847
  vertex 16.4018 -100.998 920.902
 endloop
endfacet
facet normal 0 -1 0
 outer loop
  vertex 16.4018 -100.998 920.902
  vertex 20.3467 -100.998 918.266
  vertex 20.3467 -100.998 940.734
 endloop
endfacet
facet normal 0 -1 0
 outer loop
  vertex 20.3467 -100.998 940.734
  vertex 20.3467 -100.998 918.266
  vertex 25 -100.998 941.66
 endloop
endfacet
facet normal 0 -1 0
 outer loop
  vertex 25 -100.998 941.66
  vertex 20.3467 -100.998 918.266
  vertex 25 -100.998 917.34
 endloop
endfacet
facet normal 0 -1 0
 outer loop
  vertex 29.6533 -100.998 940.734
  vertex 25 -100.998 917.34
  vertex 29.6533 -100.998 918.266
 endloop
endfacet
facet normal 0 -1 0
 outer loop
  vertex 33.5982 -100.998 938.098
  vertex 29.6533 -100.998 918.266
  vertex 33.5982 -100.998 920.902
 endloop
endfacet
facet normal 0 -1 0
 outer loop
  vertex 36.2341 -100.998 934.153
  vertex 33.5982 -100.998 920.902
  vertex 36.2341 -100.998 924.847
 endloop
endfacet
facet normal 0 -1 0
 outer loop
  vertex 37.1597 -100.998 929.5
  vertex 36.2341 -100.998 934.153
  vertex 36.2341 -100.998 924.847
 endloop
endfacet
facet normal 0 -1 0
 outer loop
  vertex 36.2341 -100.998 934.153
  vertex 33.5982 -100.998 938.098
  vertex 33.5982 -100.998 920.902
 endloop
endfacet
facet normal 0 -1 0
 outer loop
  vertex 33.5982 -100.998 938.098
  vertex 29.6533 -100.998 940.734
  vertex 29.6533 -100.998 918.266
 endloop
endfacet
facet normal 0 -1 0
 outer loop
  vertex 29.6533 -100.998 940.734
  vertex 25 -100.998 941.66
  vertex 25 -100.998 917.34
 endloop
endfacet
facet normal 1.59679E-31 -1 5.29359E-16
 outer loop
  vertex 240.842 -119.998 934.135
  vertex 262.332 -119.998 927.801
  vertex 244.155 -119.998 945.374
 endloop
endfacet
facet normal 1.59679E-31 -1 5.29359E-16
 outer loop
  vertex 244.155 -119.998 945.374
  vertex 262.332 -119.998 927.801
  vertex 267.294 -119.998 961.524
 endloop
endfacet
facet normal 1.59679E-31 -1 5.29359E-16
 outer loop
  vertex 244.155 -119.998 977.626
  vertex 267.294 -119.998 961.524
  vertex 262.332 -119.998 995.199
 endloop
endfacet
facet normal 1.59679E-31 -1 5.29359E-16
 outer loop
  vertex 240.842 -119.998 988.865
  vertex 244.155 -119.998 977.626
  vertex 262.332 -119.998 995.199
 endloop
endfacet
facet normal 1.59679E-31 -1 5.29359E-16
 outer loop
  vertex 244.155 -119.998 977.626
  vertex 244.155 -119.998 945.374
  vertex 267.294 -119.998 961.524
 endloop
endfacet
facet normal -5.93465E-33 -1 4.45057E-17
 outer loop
  vertex 178.392 -115 972.74
  vertex 180.536 -115 961.5
  vertex 203.5 -115 961.5
 endloop
endfacet
facet normal -5.93465E-33 -1 4.45057E-17
 outer loop
  vertex 199.428 -115 981.974
  vertex 178.392 -115 972.74
  vertex 203.5 -115 961.5
 endloop
endfacet
facet normal -5.93465E-33 -1 4.45057E-17
 outer loop
  vertex 199.428 -115 981.974
  vertex 171.592 -115 983.092
  vertex 178.392 -115 972.74
 endloop
endfacet
facet normal -5.93465E-33 -1 4.45057E-17
 outer loop
  vertex 199.428 -115 981.974
  vertex 187.83 -115 999.33
  vertex 171.592 -115 983.092
 endloop
endfacet
facet normal -5.93465E-33 -1 4.45057E-17
 outer loop
  vertex 171.592 -115 983.092
  vertex 187.83 -115 999.33
  vertex 170.474 -115 1010.93
 endloop
endfacet
facet normal -5.93465E-33 -1 4.45057E-17
 outer loop
  vertex 161.24 -115 989.892
  vertex 170.474 -115 1010.93
  vertex 150 -115 1015
 endloop
endfacet
facet normal -5.93465E-33 -1 4.45057E-17
 outer loop
  vertex 150 -115 992.036
  vertex 150 -115 1015
  vertex 138.76 -115 989.892
 endloop
endfacet
facet normal -5.93465E-33 -1 4.45057E-17
 outer loop
  vertex 150 -115 992.036
  vertex 161.24 -115 989.892
  vertex 150 -115 1015
 endloop
endfacet
facet normal -5.93465E-33 -1 4.45057E-17
 outer loop
  vertex 170.474 -115 912.072
  vertex 187.83 -115 923.67
  vertex 171.592 -115 939.908
 endloop
endfacet
facet normal -5.93465E-33 -1 4.45057E-17
 outer loop
  vertex 161.24 -115 933.108
  vertex 170.474 -115 912.072
  vertex 171.592 -115 939.908
 endloop
endfacet
facet normal -5.93465E-33 -1 4.45057E-17
 outer loop
  vertex 161.24 -115 933.108
  vertex 150 -115 908
  vertex 170.474 -115 912.072
 endloop
endfacet
facet normal -5.93465E-33 -1 4.45057E-17
 outer loop
  vertex 161.24 -115 933.108
  vertex 150 -115 930.964
  vertex 150 -115 908
 endloop
endfacet
facet normal -5.93465E-33 -1 4.45057E-17
 outer loop
  vertex 150 -115 908
  vertex 150 -115 930.964
  vertex 138.76 -115 933.108
 endloop
endfacet
facet normal -5.93465E-33 -1 4.45057E-17
 outer loop
  vertex 129.526 -115 912.072
  vertex 138.76 -115 933.108
  vertex 128.408 -115 939.908
 endloop
endfacet
facet normal -5.93465E-33 -1 4.45057E-17
 outer loop
  vertex 112.17 -115 923.67
  vertex 128.408 -115 939.908
  vertex 100.572 -115 941.026
 endloop
endfacet
facet normal -5.93465E-33 -1 4.45057E-17
 outer loop
  vertex 112.17 -115 923.67
  vertex 129.526 -115 912.072
  vertex 128.408 -115 939.908
 endloop
endfacet
facet normal -5.93465E-33 -1 4.45057E-17
 outer loop
  vertex 128.408 -115 939.908
  vertex 121.608 -115 950.26
  vertex 100.572 -115 941.026
 endloop
endfacet
facet normal -5.93465E-33 -1 4.45057E-17
 outer loop
  vertex 100.572 -115 941.026
  vertex 121.608 -115 950.26
  vertex 96.5 -115 961.5
 endloop
endfacet
facet normal -5.93465E-33 -1 4.45057E-17
 outer loop
  vertex 96.5 -115 961.5
  vertex 121.608 -115 950.26
  vertex 119.464 -115 961.5
 endloop
endfacet
facet normal -5.93465E-33 -1 4.45057E-17
 outer loop
  vertex 121.608 -115 972.74
  vertex 96.5 -115 961.5
  vertex 119.464 -115 961.5
 endloop
endfacet
facet normal -5.93465E-33 -1 4.45057E-17
 outer loop
  vertex 121.608 -115 972.74
  vertex 100.572 -115 981.974
  vertex 96.5 -115 961.5
 endloop
endfacet
facet normal -5.93465E-33 -1 4.45057E-17
 outer loop
  vertex 121.608 -115 972.74
  vertex 128.408 -115 983.092
  vertex 100.572 -115 981.974
 endloop
endfacet
facet normal -5.93465E-33 -1 4.45057E-17
 outer loop
  vertex 100.572 -115 981.974
  vertex 128.408 -115 983.092
  vertex 112.17 -115 999.33
 endloop
endfacet
facet normal -5.93465E-33 -1 4.45057E-17
 outer loop
  vertex 112.17 -115 999.33
  vertex 128.408 -115 983.092
  vertex 129.526 -115 1010.93
 endloop
endfacet
facet normal -5.93465E-33 -1 4.45057E-17
 outer loop
  vertex 129.526 -115 1010.93
  vertex 128.408 -115 983.092
  vertex 138.76 -115 989.892
 endloop
endfacet
facet normal -5.93465E-33 -1 4.45057E-17
 outer loop
  vertex 150 -115 1015
  vertex 129.526 -115 1010.93
  vertex 138.76 -115 989.892
 endloop
endfacet
facet normal -5.93465E-33 -1 4.45057E-17
 outer loop
  vertex 161.24 -115 989.892
  vertex 171.592 -115 983.092
  vertex 170.474 -115 1010.93
 endloop
endfacet
facet normal -5.93465E-33 -1 4.45057E-17
 outer loop
  vertex 187.83 -115 923.67
  vertex 199.428 -115 941.026
  vertex 171.592 -115 939.908
 endloop
endfacet
facet normal -5.93465E-33 -1 4.45057E-17
 outer loop
  vertex 171.592 -115 939.908
  vertex 199.428 -115 941.026
  vertex 178.392 -115 950.26
 endloop
endfacet
facet normal -5.93465E-33 -1 4.45057E-17
 outer loop
  vertex 178.392 -115 950.26
  vertex 199.428 -115 941.026
  vertex 203.5 -115 961.5
 endloop
endfacet
facet normal -5.93465E-33 -1 4.45057E-17
 outer loop
  vertex 180.536 -115 961.5
  vertex 178.392 -115 950.26
  vertex 203.5 -115 961.5
 endloop
endfacet
facet normal -5.93465E-33 -1 4.45057E-17
 outer loop
  vertex 129.526 -115 912.072
  vertex 150 -115 908
  vertex 138.76 -115 933.108
 endloop
endfacet
facet normal -0.124659 2.25465E-16 0.9922
 outer loop
  vertex 150 -115 930.964
  vertex 161.24 -115 933.108
  vertex 150 -106.998 930.964
 endloop
endfacet
facet normal -0.254434 2.25621E-16 0.96709
 outer loop
  vertex 150 -106.998 930.964
  vertex 161.24 -115 933.108
  vertex 161.686 -106.998 933.289
 endloop
endfacet
facet normal -0.494753 2.03347E-16 0.869034
 outer loop
  vertex 161.686 -106.998 933.289
  vertex 161.24 -115 933.108
  vertex 171.592 -115 939.908
 endloop
endfacet
facet normal -0.79602 1.4085E-16 0.60527
 outer loop
  vertex 171.592 -106.998 939.908
  vertex 171.592 -115 939.908
  vertex 178.392 -115 950.26
 endloop
endfacet
facet normal -0.96709 6.68514E-17 0.254434
 outer loop
  vertex 178.211 -106.998 949.814
  vertex 178.392 -115 950.26
  vertex 180.536 -115 961.5
 endloop
endfacet
facet normal -0.9922 -2.83271E-17 -0.124659
 outer loop
  vertex 180.536 -106.998 961.5
  vertex 180.536 -115 961.5
  vertex 178.392 -115 972.74
 endloop
endfacet
facet normal -0.869034 -1.21473E-16 -0.494753
 outer loop
  vertex 178.211 -106.998 973.186
  vertex 178.392 -115 972.74
  vertex 171.592 -115 983.092
 endloop
endfacet
facet normal -0.60527 -1.84196E-16 -0.79602
 outer loop
  vertex 171.592 -106.998 983.092
  vertex 171.592 -115 983.092
  vertex 161.24 -115 989.892
 endloop
endfacet
facet normal -0.254434 -2.25621E-16 -0.96709
 outer loop
  vertex 161.686 -106.998 989.711
  vertex 161.24 -115 989.892
  vertex 150 -115 992.036
 endloop
endfacet
facet normal -0.129775 -2.31181E-16 -0.991543
 outer loop
  vertex 150 -106.998 992.036
  vertex 161.686 -106.998 989.711
  vertex 150 -115 992.036
 endloop
endfacet
facet normal -0.494753 -2.06655E-16 -0.869034
 outer loop
  vertex 161.686 -106.998 989.711
  vertex 171.592 -106.998 983.092
  vertex 161.24 -115 989.892
 endloop
endfacet
facet normal -0.792892 -1.50816E-16 -0.609362
 outer loop
  vertex 171.592 -106.998 983.092
  vertex 178.211 -106.998 973.186
  vertex 171.592 -115 983.092
 endloop
endfacet
facet normal -0.96709 -6.68514E-17 -0.254434
 outer loop
  vertex 178.211 -106.998 973.186
  vertex 180.536 -106.998 961.5
  vertex 178.392 -115 972.74
 endloop
endfacet
facet normal -0.991543 3.85303E-17 0.129775
 outer loop
  vertex 180.536 -106.998 961.5
  vertex 178.211 -106.998 949.814
  vertex 180.536 -115 961.5
 endloop
endfacet
facet normal -0.869034 1.24781E-16 0.494753
 outer loop
  vertex 178.211 -106.998 949.814
  vertex 171.592 -106.998 939.908
  vertex 178.392 -115 950.26
 endloop
endfacet
facet normal -0.609362 1.89346E-16 0.792892
 outer loop
  vertex 171.592 -106.998 939.908
  vertex 161.686 -106.998 933.289
  vertex 171.592 -115 939.908
 endloop
endfacet
facet normal 3.01646E-16 -1 5.29359E-16
 outer loop
  vertex 121.789 -106.998 973.186
  vertex 121.789 -106.998 949.814
  vertex 128.408 -106.998 983.092
 endloop
endfacet
facet normal 3.01646E-16 -1 5.29359E-16
 outer loop
  vertex 121.789 -106.998 973.186
  vertex 119.464 -106.998 961.5
  vertex 121.789 -106.998 949.814
 endloop
endfacet
facet normal 3.01646E-16 -1 5.29359E-16
 outer loop
  vertex 128.408 -106.998 983.092
  vertex 128.408 -106.998 939.908
  vertex 138.314 -106.998 989.711
 endloop
endfacet
facet normal 3.01646E-16 -1 5.29359E-16
 outer loop
  vertex 128.408 -106.998 983.092
  vertex 121.789 -106.998 949.814
  vertex 128.408 -106.998 939.908
 endloop
endfacet
facet normal 3.01646E-16 -1 5.29359E-16
 outer loop
  vertex 128.408 -106.998 939.908
  vertex 138.314 -106.998 933.289
  vertex 138.314 -106.998 989.711
 endloop
endfacet
facet normal 3.01646E-16 -1 5.29359E-16
 outer loop
  vertex 138.314 -106.998 989.711
  vertex 138.314 -106.998 933.289
  vertex 150 -106.998 992.036
 endloop
endfacet
facet normal 3.01646E-16 -1 5.29359E-16
 outer loop
  vertex 150 -106.998 992.036
  vertex 138.314 -106.998 933.289
  vertex 150 -106.998 930.964
 endloop
endfacet
facet normal 3.01646E-16 -1 5.29359E-16
 outer loop
  vertex 161.686 -106.998 989.711
  vertex 150 -106.998 930.964
  vertex 161.686 -106.998 933.289
 endloop
endfacet
facet normal 3.01646E-16 -1 5.29359E-16
 outer loop
  vertex 171.592 -106.998 983.092
  vertex 161.686 -106.998 933.289
  vertex 171.592 -106.998 939.908
 endloop
endfacet
facet normal 3.01646E-16 -1 5.29359E-16
 outer loop
  vertex 178.211 -106.998 973.186
  vertex 171.592 -106.998 939.908
  vertex 178.211 -106.998 949.814
 endloop
endfacet
facet normal 3.01646E-16 -1 5.29359E-16
 outer loop
  vertex 180.536 -106.998 961.5
  vertex 178.211 -106.998 973.186
  vertex 178.211 -106.998 949.814
 endloop
endfacet
facet normal 3.01646E-16 -1 5.29359E-16
 outer loop
  vertex 178.211 -106.998 973.186
  vertex 171.592 -106.998 983.092
  vertex 171.592 -106.998 939.908
 endloop
endfacet
facet normal 3.01646E-16 -1 5.29359E-16
 outer loop
  vertex 171.592 -106.998 983.092
  vertex 161.686 -106.998 989.711
  vertex 161.686 -106.998 933.289
 endloop
endfacet
facet normal 3.01646E-16 -1 5.29359E-16
 outer loop
  vertex 161.686 -106.998 989.711
  vertex 150 -106.998 992.036
  vertex 150 -106.998 930.964
 endloop
endfacet
facet normal 0.052336 -0.635207 -0.770567
 outer loop
  vertex 464 20.8441 911.612
  vertex 371.121 18.4818 907.251
  vertex 464 34.0234 900.748
 endloop
endfacet
facet normal 0.052336 -0.635207 -0.770567
 outer loop
  vertex 464 34.0234 900.748
  vertex 371.121 18.4818 907.251
  vertex 347.504 30.14 896.037
 endloop
endfacet
facet normal 0.0525427 -0.062636 -0.996652
 outer loop
  vertex 344 42.426 891.442
  vertex 464 42.426 897.731
  vertex 344 38.7714 891.788
 endloop
endfacet
facet normal 0.0525981 -0.138906 -0.988908
 outer loop
  vertex 344 38.7714 891.788
  vertex 464 42.426 897.731
  vertex 464 39.417 898.078
 endloop
endfacet
facet normal 0.0525725 -0.347618 -0.936161
 outer loop
  vertex 344 35.2463 892.812
  vertex 464 39.417 898.078
  vertex 464 36.5661 899.102
 endloop
endfacet
facet normal 0.0525669 -0.540172 -0.839911
 outer loop
  vertex 344 31.9757 894.479
  vertex 464 36.5661 899.102
  vertex 464 34.0234 900.748
 endloop
endfacet
facet normal 0.0524249 -0.602896 -0.796095
 outer loop
  vertex 347.504 30.14 896.037
  vertex 344 31.9757 894.479
  vertex 464 34.0234 900.748
 endloop
endfacet
facet normal 0.0524917 -0.449966 -0.891501
 outer loop
  vertex 344 31.9757 894.479
  vertex 344 35.2463 892.812
  vertex 464 36.5661 899.102
 endloop
endfacet
facet normal 0.0525073 -0.261635 -0.963738
 outer loop
  vertex 344 35.2463 892.812
  vertex 344 38.7714 891.788
  vertex 464 39.417 898.078
 endloop
endfacet
facet normal 0.052336 0.869163 0.491749
 outer loop
  vertex 464 45.5128 932.312
  vertex 464 53.9234 917.446
  vertex 371.121 50.2177 933.881
 endloop
endfacet
facet normal 0.052336 0.869163 0.491749
 outer loop
  vertex 371.121 50.2177 933.881
  vertex 464 53.9234 917.446
  vertex 347.504 59.2371 920.452
 endloop
endfacet
facet normal 0.866049 -0.00521591 -0.499932
 outer loop
  vertex 481.845 42.426 901.591
  vertex 483 42.426 903.591
  vertex 481.845 42.1334 901.596
 endloop
endfacet
facet normal 0.866096 -0.0156435 -0.499633
 outer loop
  vertex 481.845 42.1334 901.596
  vertex 483 42.426 903.591
  vertex 481.845 41.8411 901.609
 endloop
endfacet
facet normal 0.86619 -0.0260582 -0.499034
 outer loop
  vertex 481.845 41.8411 901.609
  vertex 483 42.426 903.591
  vertex 481.845 41.5493 901.632
 endloop
endfacet
facet normal 0.871594 -0.0995966 -0.480004
 outer loop
  vertex 481.845 41.5493 901.632
  vertex 483 42.426 903.591
  vertex 483 38.751 904.576
 endloop
endfacet
facet normal 0.871595 -0.365897 -0.326255
 outer loop
  vertex 481.845 34.8027 905.527
  vertex 483 38.751 904.576
  vertex 483 36.0607 907.266
 endloop
endfacet
facet normal 0.866096 -0.432907 -0.249939
 outer loop
  vertex 481.845 34.4789 906.015
  vertex 483 36.0607 907.266
  vertex 481.845 34.1863 906.522
 endloop
endfacet
facet normal 0.86619 -0.421965 -0.267693
 outer loop
  vertex 481.845 34.4789 906.015
  vertex 481.845 34.8027 905.527
  vertex 483 36.0607 907.266
 endloop
endfacet
facet normal 0.86619 -0.442812 -0.231586
 outer loop
  vertex 481.845 34.1863 906.522
  vertex 483 36.0607 907.266
  vertex 481.845 33.926 907.046
 endloop
endfacet
facet normal 0.871594 -0.465494 -0.153749
 outer loop
  vertex 481.845 33.926 907.046
  vertex 483 36.0607 907.266
  vertex 483 35.076 910.941
 endloop
endfacet
facet normal 0.871594 -0.465494 0.153749
 outer loop
  vertex 481.845 33.926 914.836
  vertex 483 35.076 910.941
  vertex 483 36.0607 914.616
 endloop
endfacet
facet normal 0.866096 -0.432907 0.249939
 outer loop
  vertex 481.845 34.1863 915.36
  vertex 483 36.0607 914.616
  vertex 481.845 34.4789 915.867
 endloop
endfacet
facet normal 0.86619 -0.442812 0.231586
 outer loop
  vertex 481.845 34.1863 915.36
  vertex 481.845 33.926 914.836
  vertex 483 36.0607 914.616
 endloop
endfacet
facet normal 0.86619 -0.421965 0.267693
 outer loop
  vertex 481.845 34.4789 915.867
  vertex 483 36.0607 914.616
  vertex 481.845 34.8027 916.355
 endloop
endfacet
facet normal 0.871595 -0.365897 0.326255
 outer loop
  vertex 481.845 34.8027 916.355
  vertex 483 36.0607 914.616
  vertex 483 38.751 917.306
 endloop
endfacet
facet normal 0.871594 -0.0995966 0.480004
 outer loop
  vertex 481.845 41.5493 920.25
  vertex 483 38.751 917.306
  vertex 483 42.426 918.291
 endloop
endfacet
facet normal 0.866096 -0.0156435 0.499633
 outer loop
  vertex 481.845 41.8411 920.273
  vertex 483 42.426 918.291
  vertex 481.845 42.1334 920.286
 endloop
endfacet
facet normal 0.86619 -0.0260582 0.499034
 outer loop
  vertex 481.845 41.8411 920.273
  vertex 481.845 41.5493 920.25
  vertex 483 42.426 918.291
 endloop
endfacet
facet normal 0.866049 -0.00521591 0.499932
 outer loop
  vertex 483 42.426 918.291
  vertex 481.845 42.426 920.291
  vertex 481.845 42.1334 920.286
 endloop
endfacet
facet normal 0.879037 -0.238377 0.412881
 outer loop
  vertex 481.845 41.5493 920.25
  vertex 481.845 34.8027 916.355
  vertex 483 38.751 917.306
 endloop
endfacet
facet normal 0.879037 -0.476754 1.03587E-17
 outer loop
  vertex 481.845 33.926 914.836
  vertex 481.845 33.926 907.046
  vertex 483 35.076 910.941
 endloop
endfacet
facet normal 0.879037 -0.238377 -0.412881
 outer loop
  vertex 481.845 34.8027 905.527
  vertex 481.845 41.5493 901.632
  vertex 483 38.751 904.576
 endloop
endfacet
facet normal 1 0 0
 outer loop
  vertex 483 36.0607 914.616
  vertex 483 36.0607 907.266
  vertex 483 38.751 917.306
 endloop
endfacet
facet normal 1 0 0
 outer loop
  vertex 483 36.0607 914.616
  vertex 483 35.076 910.941
  vertex 483 36.0607 907.266
 endloop
endfacet
facet normal 1 0 0
 outer loop
  vertex 483 36.0607 907.266
  vertex 483 38.751 904.576
  vertex 483 38.751 917.306
 endloop
endfacet
facet normal 1 0 0
 outer loop
  vertex 483 38.751 917.306
  vertex 483 38.751 904.576
  vertex 483 42.426 918.291
 endloop
endfacet
facet normal 1 0 0
 outer loop
  vertex 483 42.426 918.291
  vertex 483 38.751 904.576
  vertex 483 42.426 903.591
 endloop
endfacet
facet normal 1 0 0
 outer loop
  vertex 483 46.101 917.306
  vertex 483 42.426 903.591
  vertex 483 46.101 904.576
 endloop
endfacet
facet normal 1 0 0
 outer loop
  vertex 483 48.7913 914.616
  vertex 483 46.101 904.576
  vertex 483 48.7913 907.266
 endloop
endfacet
facet normal 1 0 0
 outer loop
  vertex 483 49.776 910.941
  vertex 483 48.7913 914.616
  vertex 483 48.7913 907.266
 endloop
endfacet
facet normal 1 0 0
 outer loop
  vertex 483 48.7913 914.616
  vertex 483 46.101 917.306
  vertex 483 46.101 904.576
 endloop
endfacet
facet normal 1 0 0
 outer loop
  vertex 483 46.101 917.306
  vertex 483 42.426 918.291
  vertex 483 42.426 903.591
 endloop
endfacet
facet normal -0.881117 -0.0527158 -0.469952
 outer loop
  vertex 68.8755 -104.777 980.101
  vertex 67.5335 -103.665 982.727
  vertex 68.533 -99.998 980.169
 endloop
endfacet
facet normal -0.941389 -0.0531432 -0.333111
 outer loop
  vertex 68.533 -99.998 980.169
  vertex 67.5335 -103.665 982.727
  vertex 66.8801 -99.998 984.692
 endloop
endfacet
facet normal -0.984523 -0.0526727 -0.167154
 outer loop
  vertex 66.8801 -99.998 984.692
  vertex 67.5335 -103.665 982.727
  vertex 66.9375 -102.878 985.707
 endloop
endfacet
facet normal -0.998486 -0.0529799 0.0147939
 outer loop
  vertex 67.201 -102.493 988.807
  vertex 66.8801 -99.998 984.692
  vertex 66.9375 -102.878 985.707
 endloop
endfacet
facet normal -0.990342 -0.0532781 0.128001
 outer loop
  vertex 67.201 -102.493 988.807
  vertex 67.2485 -99.998 989.494
  vertex 66.8801 -99.998 984.692
 endloop
endfacet
facet normal -0.940394 -0.0527146 0.335976
 outer loop
  vertex 67.201 -102.493 988.807
  vertex 68.3352 -102.555 991.723
  vertex 67.2485 -99.998 989.494
 endloop
endfacet
facet normal -0.873659 -0.053138 0.483628
 outer loop
  vertex 67.2485 -99.998 989.494
  vertex 68.3352 -102.555 991.723
  vertex 69.5721 -99.998 993.712
 endloop
endfacet
facet normal -0.782238 -0.0526964 0.620747
 outer loop
  vertex 69.5721 -99.998 993.712
  vertex 68.3352 -102.555 991.723
  vertex 70.216 -103.054 994.167
 endloop
endfacet
facet normal -0.543777 -0.0529473 0.837558
 outer loop
  vertex 73.4339 -99.998 996.59
  vertex 70.216 -103.054 994.167
  vertex 72.6328 -103.933 995.95
 endloop
endfacet
facet normal -0.309899 -0.0536853 0.949253
 outer loop
  vertex 78.1406 -106.485 997.27
  vertex 73.4339 -99.998 996.59
  vertex 72.6328 -103.933 995.95
 endloop
endfacet
facet normal -0.14066 -0.0534091 0.988616
 outer loop
  vertex 78.1406 -106.485 997.27
  vertex 78.1406 -99.998 997.61
  vertex 73.4339 -99.998 996.59
 endloop
endfacet
facet normal -0.635201 -0.0532628 0.770508
 outer loop
  vertex 73.4339 -99.998 996.59
  vertex 69.5721 -99.998 993.712
  vertex 70.216 -103.054 994.167
 endloop
endfacet
facet normal -1.24965E-14 -0.052336 0.99863
 outer loop
  vertex 78.1406 -99.998 997.61
  vertex 78.1406 -106.485 997.27
  vertex 81.8725 -99.998 997.61
 endloop
endfacet
facet normal -1.24965E-14 -0.052336 0.99863
 outer loop
  vertex 81.8725 -99.998 997.61
  vertex 78.1406 -106.485 997.27
  vertex 79.12 -106.998 997.243
 endloop
endfacet
facet normal -1.24965E-14 -0.052336 0.99863
 outer loop
  vertex 91.4934 -106.998 997.243
  vertex 81.8725 -99.998 997.61
  vertex 79.12 -106.998 997.243
 endloop
endfacet
facet normal -1.25376E-14 -0.052336 -0.99863
 outer loop
  vertex 87.3324 -106.998 925.757
  vertex 87.2944 -103.998 925.6
  vertex 91.4934 -106.998 925.757
 endloop
endfacet
facet normal -1.25376E-14 -0.052336 -0.99863
 outer loop
  vertex 91.4934 -106.998 925.757
  vertex 87.2944 -103.998 925.6
  vertex 81.8725 -99.998 925.39
 endloop
endfacet
facet normal -1.25376E-14 -0.052336 -0.99863
 outer loop
  vertex 81.8725 -99.998 925.39
  vertex 87.2944 -103.998 925.6
  vertex 78.1406 -103.998 925.6
 endloop
endfacet
facet normal -1.25376E-14 -0.052336 -0.99863
 outer loop
  vertex 78.1406 -99.998 925.39
  vertex 81.8725 -99.998 925.39
  vertex 78.1406 -103.998 925.6
 endloop
endfacet
facet normal -0.0207775 -5.3428E-16 -0.999784
 outer loop
  vertex 65 -99.998 980.5
  vertex 65 -98.998 980.5
  vertex 66.1838 -99.998 980.463
 endloop
endfacet
facet normal -0.0623054 -5.4617E-16 -0.998057
 outer loop
  vertex 66.1838 -99.998 980.463
  vertex 65 -98.998 980.5
  vertex 67.363 -99.998 980.352
 endloop
endfacet
facet normal -0.103753 -5.58562E-16 -0.994603
 outer loop
  vertex 67.363 -99.998 980.352
  vertex 65 -98.998 980.5
  vertex 68.533 -99.998 980.169
 endloop
endfacet
facet normal -0.234111 -5.87256E-16 -0.97221
 outer loop
  vertex 68.533 -99.998 980.169
  vertex 65 -98.998 980.5
  vertex 74.5 -98.998 977.954
 endloop
endfacet
facet normal -0.370411 -5.73243E-16 -0.928868
 outer loop
  vertex 68.8755 -104.777 980.101
  vertex 74.5 -98.998 977.954
  vertex 72.5556 -106.998 978.933
 endloop
endfacet
facet normal -0.300213 -5.86687E-16 -0.953872
 outer loop
  vertex 68.8755 -104.777 980.101
  vertex 68.533 -99.998 980.169
  vertex 74.5 -98.998 977.954
 endloop
endfacet
facet normal -0.563206 -6.1007E-16 -0.826317
 outer loop
  vertex 72.5556 -106.998 978.933
  vertex 74.5 -98.998 977.954
  vertex 79.4502 -106.998 973.837
 endloop
endfacet
facet normal -0.725836 -6.05596E-16 -0.687867
 outer loop
  vertex 79.4502 -106.998 973.837
  vertex 74.5 -98.998 977.954
  vertex 81.4545 -98.998 971
 endloop
endfacet
facet normal -0.96683 -4.06834E-16 -0.25542
 outer loop
  vertex 83.4023 -106.998 966.228
  vertex 81.4545 -98.998 971
  vertex 84 -98.998 961.5
 endloop
endfacet
facet normal -0.970865 -1.64055E-16 0.239626
 outer loop
  vertex 83.6072 -106.998 957.657
  vertex 84 -98.998 961.5
  vertex 81.4545 -98.998 952
 endloop
endfacet
facet normal -0.769705 1.07017E-16 0.6384
 outer loop
  vertex 80.0232 -103.998 949.868
  vertex 81.4545 -98.998 952
  vertex 76.8792 -103.998 946.672
 endloop
endfacet
facet normal -0.894906 -3.17707E-17 0.446255
 outer loop
  vertex 80.0232 -103.998 949.868
  vertex 83.6072 -106.998 957.657
  vertex 81.4545 -98.998 952
 endloop
endfacet
facet normal -0.873565 -1.95462E-18 0.486708
 outer loop
  vertex 80.0232 -103.998 949.868
  vertex 80.0232 -106.998 949.868
  vertex 83.6072 -106.998 957.657
 endloop
endfacet
facet normal -0.680101 1.84201E-16 0.733118
 outer loop
  vertex 81.4545 -98.998 952
  vertex 74.5 -98.998 945.046
  vertex 76.8792 -103.998 946.672
 endloop
endfacet
facet normal -0.519202 2.86511E-16 0.854652
 outer loop
  vertex 76.8792 -103.998 946.672
  vertex 74.5 -98.998 945.046
  vertex 73.0738 -103.998 944.301
 endloop
endfacet
facet normal -0.374107 3.68787E-16 0.927385
 outer loop
  vertex 73.0738 -103.998 944.301
  vertex 74.5 -98.998 945.046
  vertex 68.533 -99.998 942.831
 endloop
endfacet
facet normal -0.272432 4.17429E-16 0.962175
 outer loop
  vertex 68.8188 -103.998 942.888
  vertex 73.0738 -103.998 944.301
  vertex 68.533 -99.998 942.831
 endloop
endfacet
facet normal -0.234111 4.45354E-16 0.97221
 outer loop
  vertex 74.5 -98.998 945.046
  vertex 65 -98.998 942.5
  vertex 68.533 -99.998 942.831
 endloop
endfacet
facet normal -0.103753 4.9751E-16 0.994603
 outer loop
  vertex 68.533 -99.998 942.831
  vertex 65 -98.998 942.5
  vertex 67.363 -99.998 942.648
 endloop
endfacet
facet normal -0.0623054 5.08078E-16 0.998057
 outer loop
  vertex 67.363 -99.998 942.648
  vertex 65 -98.998 942.5
  vertex 66.1838 -99.998 942.537
 endloop
endfacet
facet normal -0.0207775 5.19057E-16 0.999784
 outer loop
  vertex 66.1838 -99.998 942.537
  vertex 65 -98.998 942.5
  vertex 65 -99.998 942.5
 endloop
endfacet
facet normal -0.999875 -2.88122E-16 -0.0157937
 outer loop
  vertex 83.6072 -106.998 957.657
  vertex 83.4023 -106.998 966.228
  vertex 84 -98.998 961.5
 endloop
endfacet
facet normal -0.880361 -5.19113E-16 -0.474303
 outer loop
  vertex 83.4023 -106.998 966.228
  vertex 79.4502 -106.998 973.837
  vertex 81.4545 -98.998 971
 endloop
endfacet
facet normal 3.01646E-16 -1 5.29359E-16
 outer loop
  vertex 81.4545 -98.998 952
  vertex 81.4545 -98.998 971
  vertex 74.5 -98.998 945.046
 endloop
endfacet
facet normal 3.01646E-16 -1 5.29359E-16
 outer loop
  vertex 81.4545 -98.998 952
  vertex 84 -98.998 961.5
  vertex 81.4545 -98.998 971
 endloop
endfacet
facet normal 3.01646E-16 -1 5.29359E-16
 outer loop
  vertex 81.4545 -98.998 971
  vertex 74.5 -98.998 977.954
  vertex 74.5 -98.998 945.046
 endloop
endfacet
facet normal 3.01646E-16 -1 5.29359E-16
 outer loop
  vertex 74.5 -98.998 945.046
  vertex 74.5 -98.998 977.954
  vertex 65 -98.998 942.5
 endloop
endfacet
facet normal 3.01646E-16 -1 5.29359E-16
 outer loop
  vertex 65 -98.998 942.5
  vertex 74.5 -98.998 977.954
  vertex 65 -98.998 980.5
 endloop
endfacet
facet normal 3.01646E-16 -1 5.29359E-16
 outer loop
  vertex 55.5 -98.998 945.046
  vertex 65 -98.998 980.5
  vertex 55.5 -98.998 977.954
 endloop
endfacet
facet normal 3.01646E-16 -1 5.29359E-16
 outer loop
  vertex 48.5455 -98.998 952
  vertex 55.5 -98.998 977.954
  vertex 48.5455 -98.998 971
 endloop
endfacet
facet normal 3.01646E-16 -1 5.29359E-16
 outer loop
  vertex 46 -98.998 961.5
  vertex 48.5455 -98.998 952
  vertex 48.5455 -98.998 971
 endloop
endfacet
facet normal 3.01646E-16 -1 5.29359E-16
 outer loop
  vertex 48.5455 -98.998 952
  vertex 55.5 -98.998 945.046
  vertex 55.5 -98.998 977.954
 endloop
endfacet
facet normal 3.01646E-16 -1 5.29359E-16
 outer loop
  vertex 55.5 -98.998 945.046
  vertex 65 -98.998 942.5
  vertex 65 -98.998 980.5
 endloop
endfacet
facet normal -0.452554 -0.866177 0.211973
 outer loop
  vertex 79.12 -106.998 997.243
  vertex 78.1406 -106.485 997.27
  vertex 76.434 -106.998 991.326
 endloop
endfacet
facet normal -0.455969 -0.866132 0.204712
 outer loop
  vertex 76.434 -106.998 991.326
  vertex 78.1406 -106.485 997.27
  vertex 72.6328 -103.933 995.95
 endloop
endfacet
facet normal -0.460962 -0.86605 0.193575
 outer loop
  vertex 70.216 -103.054 994.167
  vertex 76.434 -106.998 991.326
  vertex 72.6328 -103.933 995.95
 endloop
endfacet
facet normal -0.465013 -0.866051 0.183626
 outer loop
  vertex 70.216 -103.054 994.167
  vertex 68.3352 -102.555 991.723
  vertex 76.434 -106.998 991.326
 endloop
endfacet
facet normal -0.469887 -0.866149 0.170271
 outer loop
  vertex 76.434 -106.998 991.326
  vertex 68.3352 -102.555 991.723
  vertex 74.2409 -106.998 985.209
 endloop
endfacet
facet normal -0.473673 -0.866075 0.159836
 outer loop
  vertex 74.2409 -106.998 985.209
  vertex 68.3352 -102.555 991.723
  vertex 67.201 -102.493 988.807
 endloop
endfacet
facet normal -0.477363 -0.866048 0.148614
 outer loop
  vertex 66.9375 -102.878 985.707
  vertex 74.2409 -106.998 985.209
  vertex 67.201 -102.493 988.807
 endloop
endfacet
facet normal -0.480502 -0.866074 0.137963
 outer loop
  vertex 66.9375 -102.878 985.707
  vertex 67.5335 -103.665 982.727
  vertex 74.2409 -106.998 985.209
 endloop
endfacet
facet normal -0.483132 -0.866149 0.127944
 outer loop
  vertex 74.2409 -106.998 985.209
  vertex 67.5335 -103.665 982.727
  vertex 72.5556 -106.998 978.933
 endloop
endfacet
facet normal -0.486466 -0.866045 0.115398
 outer loop
  vertex 72.5556 -106.998 978.933
  vertex 67.5335 -103.665 982.727
  vertex 68.8755 -104.777 980.101
 endloop
endfacet
facet normal -0.974346 -0 -0.225055
 outer loop
  vertex 255.999 -112.498 993.333
  vertex 255.999 -101.495 993.333
  vertex 260.153 -112.498 972.246
 endloop
endfacet
facet normal -0.986909 -0 -0.161279
 outer loop
  vertex 260.153 -112.498 972.246
  vertex 255.999 -101.495 993.333
  vertex 260.153 -101.495 972.246
 endloop
endfacet
facet normal -0.999472 0 0.0325009
 outer loop
  vertex 260.153 -112.498 950.754
  vertex 260.153 -101.495 972.246
  vertex 260.153 -101.495 950.754
 endloop
endfacet
facet normal -0.974346 0 0.225055
 outer loop
  vertex 255.999 -112.498 929.667
  vertex 260.153 -101.495 950.754
  vertex 255.999 -101.495 929.667
 endloop
endfacet
facet normal -0.986909 0 0.161279
 outer loop
  vertex 255.999 -112.498 929.667
  vertex 260.153 -112.498 950.754
  vertex 260.153 -101.495 950.754
 endloop
endfacet
facet normal -0.999472 0 -0.0325009
 outer loop
  vertex 260.153 -112.498 950.754
  vertex 260.153 -112.498 972.246
  vertex 260.153 -101.495 972.246
 endloop
endfacet
facet normal -0 -1 -0
 outer loop
  vertex 240.842 -101.495 988.865
  vertex 244.155 -101.495 977.626
  vertex 255.999 -101.495 993.333
 endloop
endfacet
facet normal -0 -1 -0
 outer loop
  vertex 255.999 -101.495 993.333
  vertex 244.155 -101.495 977.626
  vertex 260.153 -101.495 972.246
 endloop
endfacet
facet normal -0 -1 -0
 outer loop
  vertex 260.153 -101.495 972.246
  vertex 244.155 -101.495 977.626
  vertex 260.153 -101.495 950.754
 endloop
endfacet
facet normal -0 -1 -0
 outer loop
  vertex 260.153 -101.495 950.754
  vertex 244.155 -101.495 977.626
  vertex 244.155 -101.495 945.374
 endloop
endfacet
facet normal -0 -1 -0
 outer loop
  vertex 255.999 -101.495 929.667
  vertex 244.155 -101.495 945.374
  vertex 240.842 -101.495 934.135
 endloop
endfacet
facet normal -0 -1 -0
 outer loop
  vertex 255.999 -101.495 929.667
  vertex 260.153 -101.495 950.754
  vertex 244.155 -101.495 945.374
 endloop
endfacet
facet normal 0 1 0
 outer loop
  vertex 240.842 -112.498 988.865
  vertex 255.999 -112.498 993.333
  vertex 244.155 -112.498 977.626
 endloop
endfacet
facet normal 0 1 0
 outer loop
  vertex 244.155 -112.498 977.626
  vertex 255.999 -112.498 993.333
  vertex 260.153 -112.498 972.246
 endloop
endfacet
facet normal 0 1 0
 outer loop
  vertex 260.153 -112.498 950.754
  vertex 244.155 -112.498 977.626
  vertex 260.153 -112.498 972.246
 endloop
endfacet
facet normal 0 1 0
 outer loop
  vertex 260.153 -112.498 950.754
  vertex 244.155 -112.498 945.374
  vertex 244.155 -112.498 977.626
 endloop
endfacet
facet normal 0 1 0
 outer loop
  vertex 260.153 -112.498 950.754
  vertex 255.999 -112.498 929.667
  vertex 244.155 -112.498 945.374
 endloop
endfacet
facet normal 0 1 0
 outer loop
  vertex 244.155 -112.498 945.374
  vertex 255.999 -112.498 929.667
  vertex 240.842 -112.498 934.135
 endloop
endfacet
facet normal -0.992914 -2.38264E-16 0.118838
 outer loop
  vertex 87.3324 -106.998 925.757
  vertex 87.8375 -106.998 934.499
  vertex 87.2944 -103.998 925.6
 endloop
endfacet
facet normal -0.999998 -3.01314E-16 0.00207811
 outer loop
  vertex 87.2944 -103.998 925.6
  vertex 87.8375 -106.998 934.499
  vertex 87.85 -103.998 934.391
 endloop
endfacet
facet normal -0.972823 -4.20716E-16 -0.23155
 outer loop
  vertex 87.85 -103.998 934.391
  vertex 87.8375 -106.998 934.499
  vertex 85.2973 -106.998 942.878
 endloop
endfacet
facet normal -0.832904 -5.46987E-16 -0.553417
 outer loop
  vertex 85.3216 -103.998 942.83
  vertex 85.2973 -106.998 942.878
  vertex 80.0232 -106.998 949.868
 endloop
endfacet
facet normal -0.761663 -5.71626E-16 -0.647973
 outer loop
  vertex 80.0232 -103.998 949.868
  vertex 85.3216 -103.998 942.83
  vertex 80.0232 -106.998 949.868
 endloop
endfacet
facet normal -0.938884 -4.69359E-16 -0.344233
 outer loop
  vertex 85.3216 -103.998 942.83
  vertex 87.85 -103.998 934.391
  vertex 85.2973 -106.998 942.878
 endloop
endfacet
facet normal -0.171862 -5.58999E-16 -0.985121
 outer loop
  vertex 78.1406 -105.498 930.757
  vertex 75.1406 -105.498 931.561
  vertex 78.1406 -103.998 930.757
 endloop
endfacet
facet normal -0.343724 -5.77632E-16 -0.939071
 outer loop
  vertex 78.1406 -103.998 930.757
  vertex 75.1406 -105.498 931.561
  vertex 75.1406 -103.998 931.561
 endloop
endfacet
facet normal -0.641397 -5.83844E-16 -0.767209
 outer loop
  vertex 75.1406 -103.998 931.561
  vertex 75.1406 -105.498 931.561
  vertex 72.9444 -105.498 933.757
 endloop
endfacet
facet normal -0.939071 -4.84466E-16 -0.343724
 outer loop
  vertex 72.9444 -103.998 933.757
  vertex 72.9444 -105.498 933.757
  vertex 72.1406 -105.498 936.757
 endloop
endfacet
facet normal -0.985121 -1.98755E-16 0.171862
 outer loop
  vertex 72.1406 -103.998 936.757
  vertex 72.1406 -105.498 936.757
  vertex 72.9444 -105.498 939.757
 endloop
endfacet
facet normal -0.767209 1.118E-16 0.641397
 outer loop
  vertex 72.9444 -103.998 939.757
  vertex 72.9444 -105.498 939.757
  vertex 75.1406 -105.498 941.953
 endloop
endfacet
facet normal -0.343724 3.85088E-16 0.939071
 outer loop
  vertex 75.1406 -103.998 941.953
  vertex 75.1406 -105.498 941.953
  vertex 78.1406 -105.498 942.757
 endloop
endfacet
facet normal -0.171862 4.5341E-16 0.985121
 outer loop
  vertex 78.1406 -103.998 942.757
  vertex 75.1406 -103.998 941.953
  vertex 78.1406 -105.498 942.757
 endloop
endfacet
facet normal -0.641397 2.04966E-16 0.767209
 outer loop
  vertex 75.1406 -103.998 941.953
  vertex 72.9444 -103.998 939.757
  vertex 75.1406 -105.498 941.953
 endloop
endfacet
facet normal -0.939071 -9.31665E-17 0.343724
 outer loop
  vertex 72.9444 -103.998 939.757
  vertex 72.1406 -103.998 936.757
  vertex 72.9444 -105.498 939.757
 endloop
endfacet
facet normal -0.985121 -4.03722E-16 -0.171862
 outer loop
  vertex 72.1406 -103.998 936.757
  vertex 72.9444 -103.998 933.757
  vertex 72.1406 -105.498 936.757
 endloop
endfacet
facet normal -0.767209 -5.77632E-16 -0.641397
 outer loop
  vertex 72.9444 -103.998 933.757
  vertex 75.1406 -103.998 931.561
  vertex 72.9444 -105.498 933.757
 endloop
endfacet
facet normal 3.01646E-16 -1 5.29359E-16
 outer loop
  vertex 73.3774 -105.998 939.507
  vertex 73.3774 -105.998 934.007
  vertex 75.3906 -105.998 941.52
 endloop
endfacet
facet normal 3.01646E-16 -1 5.29359E-16
 outer loop
  vertex 73.3774 -105.998 939.507
  vertex 72.6406 -105.998 936.757
  vertex 73.3774 -105.998 934.007
 endloop
endfacet
facet normal 3.01646E-16 -1 5.29359E-16
 outer loop
  vertex 73.3774 -105.998 934.007
  vertex 75.3906 -105.998 931.994
  vertex 75.3906 -105.998 941.52
 endloop
endfacet
facet normal 3.01646E-16 -1 5.29359E-16
 outer loop
  vertex 75.3906 -105.998 941.52
  vertex 75.3906 -105.998 931.994
  vertex 78.1406 -105.998 942.257
 endloop
endfacet
facet normal 3.01646E-16 -1 5.29359E-16
 outer loop
  vertex 78.1406 -105.998 942.257
  vertex 75.3906 -105.998 931.994
  vertex 78.1406 -105.998 931.257
 endloop
endfacet
facet normal 3.01646E-16 -1 5.29359E-16
 outer loop
  vertex 80.8906 -105.998 941.52
  vertex 78.1406 -105.998 931.257
  vertex 80.8906 -105.998 931.994
 endloop
endfacet
facet normal 3.01646E-16 -1 5.29359E-16
 outer loop
  vertex 82.9037 -105.998 939.507
  vertex 80.8906 -105.998 931.994
  vertex 82.9037 -105.998 934.007
 endloop
endfacet
facet normal 3.01646E-16 -1 5.29359E-16
 outer loop
  vertex 83.6406 -105.998 936.757
  vertex 82.9037 -105.998 939.507
  vertex 82.9037 -105.998 934.007
 endloop
endfacet
facet normal 3.01646E-16 -1 5.29359E-16
 outer loop
  vertex 82.9037 -105.998 939.507
  vertex 80.8906 -105.998 941.52
  vertex 80.8906 -105.998 931.994
 endloop
endfacet
facet normal 3.01646E-16 -1 5.29359E-16
 outer loop
  vertex 80.8906 -105.998 941.52
  vertex 78.1406 -105.998 942.257
  vertex 78.1406 -105.998 931.257
 endloop
endfacet
facet normal -0.119646 -0.717874 -0.685815
 outer loop
  vertex 78.1406 -105.998 931.257
  vertex 75.3906 -105.998 931.994
  vertex 78.1406 -105.498 930.757
 endloop
endfacet
facet normal -0.239291 -0.717874 -0.653756
 outer loop
  vertex 78.1406 -105.498 930.757
  vertex 75.3906 -105.998 931.994
  vertex 75.1406 -105.498 931.561
 endloop
endfacet
facet normal -0.446524 -0.717874 -0.53411
 outer loop
  vertex 75.1406 -105.498 931.561
  vertex 75.3906 -105.998 931.994
  vertex 73.3774 -105.998 934.007
 endloop
endfacet
facet normal -0.653756 -0.717874 -0.239291
 outer loop
  vertex 72.9444 -105.498 933.757
  vertex 73.3774 -105.998 934.007
  vertex 72.6406 -105.998 936.757
 endloop
endfacet
facet normal -0.685815 -0.717874 0.119646
 outer loop
  vertex 72.1406 -105.498 936.757
  vertex 72.6406 -105.998 936.757
  vertex 73.3774 -105.998 939.507
 endloop
endfacet
facet normal -0.53411 -0.717874 0.446524
 outer loop
  vertex 72.9444 -105.498 939.757
  vertex 73.3774 -105.998 939.507
  vertex 75.3906 -105.998 941.52
 endloop
endfacet
facet normal -0.239291 -0.717874 0.653756
 outer loop
  vertex 75.1406 -105.498 941.953
  vertex 75.3906 -105.998 941.52
  vertex 78.1406 -105.998 942.257
 endloop
endfacet
facet normal -0.119646 -0.717874 0.685815
 outer loop
  vertex 78.1406 -105.498 942.757
  vertex 75.1406 -105.498 941.953
  vertex 78.1406 -105.998 942.257
 endloop
endfacet
facet normal -0.446524 -0.717874 0.53411
 outer loop
  vertex 75.1406 -105.498 941.953
  vertex 72.9444 -105.498 939.757
  vertex 75.3906 -105.998 941.52
 endloop
endfacet
facet normal -0.653756 -0.717874 0.239291
 outer loop
  vertex 72.9444 -105.498 939.757
  vertex 72.1406 -105.498 936.757
  vertex 73.3774 -105.998 939.507
 endloop
endfacet
facet normal -0.685815 -0.717874 -0.119646
 outer loop
  vertex 72.1406 -105.498 936.757
  vertex 72.9444 -105.498 933.757
  vertex 72.6406 -105.998 936.757
 endloop
endfacet
facet normal -0.53411 -0.717874 -0.446524
 outer loop
  vertex 72.9444 -105.498 933.757
  vertex 75.1406 -105.498 931.561
  vertex 73.3774 -105.998 934.007
 endloop
endfacet
facet normal -0.68086 0.0524991 -0.730529
 outer loop
  vertex 40.5729 97.5459 831.548
  vertex 38.7156 0.002 826.442
  vertex 20.7645 90.2609 850.64
 endloop
endfacet
facet normal -0.729119 0.0525625 -0.682366
 outer loop
  vertex 20.7645 90.2609 850.64
  vertex 38.7156 0.002 826.442
  vertex 12.4496 0.002 853.311
 endloop
endfacet
facet normal -0.850163 0.0525401 -0.523892
 outer loop
  vertex 7.02271 160.272 875.982
  vertex 12.4496 0.002 853.311
  vertex -7.47509 0.002 885.168
 endloop
endfacet
facet normal -0.936189 0.0525449 -0.347546
 outer loop
  vertex -4.76212 160.993 899.922
  vertex -7.47509 0.002 885.168
  vertex -20.1399 0.002 920.544
 endloop
endfacet
facet normal -0.985512 0.0525609 -0.161253
 outer loop
  vertex -12.6216 160.502 925.362
  vertex -20.1399 0.002 920.544
  vertex -20.9898 74.9133 956.131
 endloop
endfacet
facet normal -0.993333 0.0525143 -0.102625
 outer loop
  vertex -16.3971 158.627 951.676
  vertex -12.6216 160.502 925.362
  vertex -20.9898 74.9133 956.131
 endloop
endfacet
facet normal -0.994006 0.0525931 -0.095843
 outer loop
  vertex -20.1399 0.002 920.544
  vertex -24.9611 0.002 957.808
  vertex -20.9898 74.9133 956.131
 endloop
endfacet
facet normal -0.998541 0.0524168 0.0129428
 outer loop
  vertex -20.9898 74.9133 956.131
  vertex -24.9611 0.002 957.808
  vertex -20.3472 75.1494 977.118
 endloop
endfacet
facet normal -0.994744 0.052538 0.0878912
 outer loop
  vertex -20.3472 75.1494 977.118
  vertex -24.9611 0.002 957.808
  vertex -21.7162 0.002 995.242
 endloop
endfacet
facet normal -0.968151 0.0524375 0.244816
 outer loop
  vertex -17.0987 76.343 997.815
  vertex -21.7162 0.002 995.242
  vertex -11.3846 78.4426 1017.7
 endloop
endfacet
facet normal -0.984815 0.0524113 0.165506
 outer loop
  vertex -17.0987 76.343 997.815
  vertex -20.3472 75.1494 977.118
  vertex -21.7162 0.002 995.242
 endloop
endfacet
facet normal -0.950161 0.0525444 0.307299
 outer loop
  vertex -21.7162 0.002 995.242
  vertex -10.5549 0.002 1031.12
  vertex -11.3846 78.4426 1017.7
 endloop
endfacet
facet normal -0.919731 0.0524009 0.389035
 outer loop
  vertex -11.3846 78.4426 1017.7
  vertex -10.5549 0.002 1031.12
  vertex -3.26985 81.4249 1036.72
 endloop
endfacet
facet normal -0.878048 0.0525592 0.475678
 outer loop
  vertex -3.26985 81.4249 1036.72
  vertex -10.5549 0.002 1031.12
  vertex 8.00819 0.002 1063.79
 endloop
endfacet
facet normal -0.843174 0.0524922 0.535072
 outer loop
  vertex 9.94648 65.6635 1060.58
  vertex -3.26985 81.4249 1036.72
  vertex 8.00819 0.002 1063.79
 endloop
endfacet
facet normal -0.960331 0.0524702 -0.273881
 outer loop
  vertex -12.6216 160.502 925.362
  vertex -4.76212 160.993 899.922
  vertex -20.1399 0.002 920.544
 endloop
endfacet
facet normal -0.89643 0.0524483 -0.440071
 outer loop
  vertex -4.76212 160.993 899.922
  vertex 7.02271 160.272 875.982
  vertex -7.47509 0.002 885.168
 endloop
endfacet
facet normal -0.795552 0.0524946 -0.603608
 outer loop
  vertex 22.4008 158.62 854.248
  vertex 20.7645 90.2609 850.64
  vertex 7.02271 160.272 875.982
 endloop
endfacet
facet normal -0.802057 0.0524723 -0.594938
 outer loop
  vertex 7.02271 160.272 875.982
  vertex 20.7645 90.2609 850.64
  vertex 12.4496 0.002 853.311
 endloop
endfacet
facet normal 0.0185719 0.0523362 0.998457
 outer loop
  vertex -2.55686 81.6877 955.48
  vertex 18.512 89.4331 954.645
  vertex -16.3971 158.627 951.676
 endloop
endfacet
facet normal 0.0147509 0.052336 0.998521
 outer loop
  vertex -15.7257 76.8477 955.953
  vertex -16.3971 158.627 951.676
  vertex -20.9898 74.9133 956.131
 endloop
endfacet
facet normal 0.0160866 0.052336 0.9985
 outer loop
  vertex -15.7257 76.8477 955.953
  vertex -2.55686 81.6877 955.48
  vertex -16.3971 158.627 951.676
 endloop
endfacet
facet normal 0.0222131 0.0523368 0.998382
 outer loop
  vertex 18.512 89.4331 954.645
  vertex 47.4735 100.084 953.338
  vertex -16.3971 158.627 951.676
 endloop
endfacet
facet normal 0.0276601 0.0523385 0.998246
 outer loop
  vertex -16.3971 158.627 951.676
  vertex 47.4735 100.084 953.338
  vertex 92.9616 158.909 948.706
 endloop
endfacet
facet normal 0.035056 0.0523365 0.998014
 outer loop
  vertex 92.9616 158.909 948.706
  vertex 47.4735 100.084 953.338
  vertex 85.1634 113.949 951.361
 endloop
endfacet
facet normal 0.0416975 0.0523362 0.997759
 outer loop
  vertex 115.171 138.813 948.838
  vertex 85.1634 113.949 951.361
  vertex 115.888 125.252 949.518
 endloop
endfacet
facet normal 0.0400192 0.0523362 0.997827
 outer loop
  vertex 115.171 138.813 948.838
  vertex 92.9616 158.909 948.706
  vertex 85.1634 113.949 951.361
 endloop
endfacet
facet normal -0.345047 0.938585 0
 outer loop
  vertex -3.26985 81.4249 1036.72
  vertex 48.4502 100.443 1041.2
  vertex -11.3846 78.4426 1017.7
 endloop
endfacet
facet normal -0.345091 0.938569 0
 outer loop
  vertex -11.3846 78.4426 1017.7
  vertex 48.4502 100.443 1041.2
  vertex 18.512 89.4331 954.645
 endloop
endfacet
facet normal -0.344995 0.938604 0
 outer loop
  vertex -17.0987 76.343 997.815
  vertex 18.512 89.4331 954.645
  vertex -2.55686 81.6877 955.48
 endloop
endfacet
facet normal -0.344911 0.938635 0
 outer loop
  vertex -20.3472 75.1494 977.118
  vertex -2.55686 81.6877 955.48
  vertex -15.7257 76.8477 955.953
 endloop
endfacet
facet normal -0.344864 0.938653 0
 outer loop
  vertex -20.9898 74.9133 956.131
  vertex -20.3472 75.1494 977.118
  vertex -15.7257 76.8477 955.953
 endloop
endfacet
facet normal -0.345233 0.938517 0
 outer loop
  vertex 100.325 119.528 1040.97
  vertex 117.937 126.006 994.652
  vertex 48.4502 100.443 1041.2
 endloop
endfacet
facet normal -0.345235 0.938516 0
 outer loop
  vertex 100.325 119.528 1040.97
  vertex 108.02 122.358 1037.59
  vertex 117.937 126.006 994.652
 endloop
endfacet
facet normal -0.345207 0.938527 0
 outer loop
  vertex 122.861 127.817 950.734
  vertex 115.888 125.252 949.518
  vertex 117.937 126.006 994.652
 endloop
endfacet
facet normal -0.345202 0.938528 0
 outer loop
  vertex 122.861 127.817 950.734
  vertex 122.515 127.69 906.522
  vertex 115.888 125.252 949.518
 endloop
endfacet
facet normal -0.345209 0.938526 0
 outer loop
  vertex 115.888 125.252 949.518
  vertex 122.515 127.69 906.522
  vertex 116.935 125.637 862.771
 endloop
endfacet
facet normal -0.345233 0.938517 0
 outer loop
  vertex 115.888 125.252 949.518
  vertex 85.1634 113.949 951.361
  vertex 117.937 126.006 994.652
 endloop
endfacet
facet normal -0.345238 0.938515 0
 outer loop
  vertex 117.937 126.006 994.652
  vertex 85.1634 113.949 951.361
  vertex 48.4502 100.443 1041.2
 endloop
endfacet
facet normal -0.345245 0.938513 0
 outer loop
  vertex 48.4502 100.443 1041.2
  vertex 85.1634 113.949 951.361
  vertex 47.4735 100.084 953.338
 endloop
endfacet
facet normal -0.345193 0.938532 0
 outer loop
  vertex 18.512 89.4331 954.645
  vertex 48.4502 100.443 1041.2
  vertex 47.4735 100.084 953.338
 endloop
endfacet
facet normal -0.344908 0.938637 0
 outer loop
  vertex -20.3472 75.1494 977.118
  vertex -17.0987 76.343 997.815
  vertex -2.55686 81.6877 955.48
 endloop
endfacet
facet normal -0.344974 0.938612 0
 outer loop
  vertex -17.0987 76.343 997.815
  vertex -11.3846 78.4426 1017.7
  vertex 18.512 89.4331 954.645
 endloop
endfacet
facet normal -0.670855 -0.0524463 -0.739732
 outer loop
  vertex 39.246 -28.0172 827.908
  vertex 22.658 -41.998 844.695
  vertex 38.7156 0.002 826.442
 endloop
endfacet
facet normal -0.721483 -0.0525437 -0.690435
 outer loop
  vertex 38.7156 0.002 826.442
  vertex 22.658 -41.998 844.695
  vertex 12.4496 0.002 853.311
 endloop
endfacet
facet normal -0.788721 -0.0524626 -0.612509
 outer loop
  vertex 12.4496 0.002 853.311
  vertex 22.658 -41.998 844.695
  vertex 4.71933 -41.998 867.943
 endloop
endfacet
facet normal -0.888009 -0.0524695 -0.456823
 outer loop
  vertex -7.47509 0.002 885.168
  vertex 4.71933 -41.998 867.943
  vertex -9.02403 -41.998 893.892
 endloop
endfacet
facet normal -0.956933 -0.0525 -0.285524
 outer loop
  vertex -20.1399 0.002 920.544
  vertex -9.02403 -41.998 893.892
  vertex -18.1752 -41.998 921.794
 endloop
endfacet
facet normal -0.983078 -0.0525087 -0.175501
 outer loop
  vertex -22.4699 -41.998 950.843
  vertex -20.1399 0.002 920.544
  vertex -18.1752 -41.998 921.794
 endloop
endfacet
facet normal -0.992985 -0.052564 -0.105917
 outer loop
  vertex -22.4699 -41.998 950.843
  vertex -24.9611 0.002 957.808
  vertex -20.1399 0.002 920.544
 endloop
endfacet
facet normal -0.998586 -0.0524736 0.00849108
 outer loop
  vertex -22.4699 -41.998 950.843
  vertex -21.7842 -41.998 980.199
  vertex -24.9611 0.002 957.808
 endloop
endfacet
facet normal -0.994228 -0.0525406 0.0935465
 outer loop
  vertex -24.9611 0.002 957.808
  vertex -21.7842 -41.998 980.199
  vertex -21.7162 0.002 995.242
 endloop
endfacet
facet normal -0.979953 -0.0524621 0.192199
 outer loop
  vertex -21.7162 0.002 995.242
  vertex -21.7842 -41.998 980.199
  vertex -16.1377 -41.998 1009.02
 endloop
endfacet
facet normal -0.927813 -0.0524741 0.369336
 outer loop
  vertex -10.5549 0.002 1031.12
  vertex -16.1377 -41.998 1009.02
  vertex -5.69368 -41.998 1036.46
 endloop
endfacet
facet normal -0.843955 -0.0525098 0.533838
 outer loop
  vertex 8.00819 0.002 1063.79
  vertex -5.69368 -41.998 1036.46
  vertex 9.24639 -41.998 1061.74
 endloop
endfacet
facet normal -0.879243 -0.0525648 0.473464
 outer loop
  vertex 8.00819 0.002 1063.79
  vertex -10.5549 0.002 1031.12
  vertex -5.69368 -41.998 1036.46
 endloop
endfacet
facet normal -0.955803 -0.0525409 0.289274
 outer loop
  vertex -10.5549 0.002 1031.12
  vertex -21.7162 0.002 995.242
  vertex -16.1377 -41.998 1009.02
 endloop
endfacet
facet normal -0.933451 -0.0525576 -0.354835
 outer loop
  vertex -20.1399 0.002 920.544
  vertex -7.47509 0.002 885.168
  vertex -9.02403 -41.998 893.892
 endloop
endfacet
facet normal -0.84431 -0.0525388 -0.533274
 outer loop
  vertex -7.47509 0.002 885.168
  vertex 12.4496 0.002 853.311
  vertex 4.71933 -41.998 867.943
 endloop
endfacet
facet normal 2.55973E-16 -1 0
 outer loop
  vertex 150 -41.998 861.843
  vertex 126.551 -41.998 864.641
  vertex 22.658 -41.998 844.695
 endloop
endfacet
facet normal 2.55973E-16 -1 0
 outer loop
  vertex 281.638 -41.998 843.857
  vertex 150 -41.998 861.843
  vertex 22.658 -41.998 844.695
 endloop
endfacet
facet normal 2.55973E-16 -1 0
 outer loop
  vertex 281.638 -41.998 843.857
  vertex 171.161 -41.998 864.115
  vertex 150 -41.998 861.843
 endloop
endfacet
facet normal 2.55973E-16 -1 0
 outer loop
  vertex 281.638 -41.998 843.857
  vertex 191.822 -41.998 871.043
  vertex 171.161 -41.998 864.115
 endloop
endfacet
facet normal 2.55973E-16 -1 0
 outer loop
  vertex 281.638 -41.998 843.857
  vertex 210.484 -41.998 882.296
  vertex 191.822 -41.998 871.043
 endloop
endfacet
facet normal 2.55973E-16 -1 0
 outer loop
  vertex 281.638 -41.998 843.857
  vertex 225.923 -41.998 896.945
  vertex 210.484 -41.998 882.296
 endloop
endfacet
facet normal 2.55973E-16 -1 0
 outer loop
  vertex 281.638 -41.998 843.857
  vertex 286.354 -41.998 896.945
  vertex 225.923 -41.998 896.945
 endloop
endfacet
facet normal 2.55973E-16 -1 0
 outer loop
  vertex 126.551 -41.998 864.641
  vertex 46.2571 -41.998 884.079
  vertex 22.658 -41.998 844.695
 endloop
endfacet
facet normal 2.55973E-16 -1 0
 outer loop
  vertex 22.658 -41.998 844.695
  vertex 46.2571 -41.998 884.079
  vertex 29.2197 -41.998 890.33
 endloop
endfacet
facet normal 2.55973E-16 -1 0
 outer loop
  vertex 4.71933 -41.998 867.943
  vertex 29.2197 -41.998 890.33
  vertex 13.3798 -41.998 900.832
 endloop
endfacet
facet normal 2.55973E-16 -1 0
 outer loop
  vertex -9.02403 -41.998 893.892
  vertex 13.3798 -41.998 900.832
  vertex 0.191831 -41.998 915.183
 endloop
endfacet
facet normal 2.55973E-16 -1 0
 outer loop
  vertex -18.1752 -41.998 921.794
  vertex 0.191831 -41.998 915.183
  vertex -9.07196 -41.998 932.197
 endloop
endfacet
facet normal 2.55973E-16 -1 0
 outer loop
  vertex -22.4699 -41.998 950.843
  vertex -9.07196 -41.998 932.197
  vertex -13.869 -41.998 950.321
 endloop
endfacet
facet normal 2.55973E-16 -1 0
 outer loop
  vertex -14.3727 -41.998 968.232
  vertex -22.4699 -41.998 950.843
  vertex -13.869 -41.998 950.321
 endloop
endfacet
facet normal 2.55973E-16 -1 0
 outer loop
  vertex -14.3727 -41.998 968.232
  vertex -21.7842 -41.998 980.199
  vertex -22.4699 -41.998 950.843
 endloop
endfacet
facet normal 2.55973E-16 -1 0
 outer loop
  vertex -14.3727 -41.998 968.232
  vertex -10.6998 -41.998 986.296
  vertex -21.7842 -41.998 980.199
 endloop
endfacet
facet normal 2.55973E-16 -1 0
 outer loop
  vertex -21.7842 -41.998 980.199
  vertex -10.6998 -41.998 986.296
  vertex -16.1377 -41.998 1009.02
 endloop
endfacet
facet normal 2.55973E-16 -1 0
 outer loop
  vertex -16.1377 -41.998 1009.02
  vertex -10.6998 -41.998 986.296
  vertex -2.51849 -41.998 1003.77
 endloop
endfacet
facet normal 2.55973E-16 -1 0
 outer loop
  vertex -5.69368 -41.998 1036.46
  vertex -2.51849 -41.998 1003.77
  vertex -2.51859 -41.998 1036.5
 endloop
endfacet
facet normal 2.55973E-16 -1 0
 outer loop
  vertex -1.63964 -41.998 1041.11
  vertex -5.69368 -41.998 1036.46
  vertex -2.51859 -41.998 1036.5
 endloop
endfacet
facet normal 2.55973E-16 -1 0
 outer loop
  vertex -1.63964 -41.998 1041.11
  vertex 1.14802 -41.998 1045.35
  vertex -5.69368 -41.998 1036.46
 endloop
endfacet
facet normal 2.55973E-16 -1 0
 outer loop
  vertex -5.69368 -41.998 1036.46
  vertex 1.14802 -41.998 1045.35
  vertex 9.24639 -41.998 1061.74
 endloop
endfacet
facet normal 2.55973E-16 -1 0
 outer loop
  vertex 9.24639 -41.998 1061.74
  vertex 1.14802 -41.998 1045.35
  vertex 5.39197 -41.998 1048.14
 endloop
endfacet
facet normal 2.55973E-16 -1 0
 outer loop
  vertex 10 -41.998 1049.02
  vertex 9.24639 -41.998 1061.74
  vertex 5.39197 -41.998 1048.14
 endloop
endfacet
facet normal 2.55973E-16 -1 0
 outer loop
  vertex 10 -41.998 1049.02
  vertex 14.608 -41.998 1048.14
  vertex 9.24639 -41.998 1061.74
 endloop
endfacet
facet normal 2.55973E-16 -1 0
 outer loop
  vertex 9.24639 -41.998 1061.74
  vertex 14.608 -41.998 1048.14
  vertex 18.852 -41.998 1045.35
 endloop
endfacet
facet normal 2.55973E-16 -1 0
 outer loop
  vertex 49.7147 -41.998 1065.88
  vertex 18.852 -41.998 1045.35
  vertex 46.2571 -41.998 1038.92
 endloop
endfacet
facet normal 2.55973E-16 -1 0
 outer loop
  vertex 90.3713 -41.998 1067.27
  vertex 46.2571 -41.998 1038.92
  vertex 126.551 -41.998 1058.36
 endloop
endfacet
facet normal 2.55973E-16 -1 0
 outer loop
  vertex 149.781 -41.998 1064.31
  vertex 126.551 -41.998 1058.36
  vertex 150 -41.998 1061.16
 endloop
endfacet
facet normal 2.55973E-16 -1 0
 outer loop
  vertex 168.228 -41.998 1059.48
  vertex 149.781 -41.998 1064.31
  vertex 150 -41.998 1061.16
 endloop
endfacet
facet normal 2.55973E-16 -1 0
 outer loop
  vertex 168.228 -41.998 1059.48
  vertex 213.93 -41.998 1056.5
  vertex 149.781 -41.998 1064.31
 endloop
endfacet
facet normal 2.55973E-16 -1 0
 outer loop
  vertex 168.228 -41.998 1059.48
  vertex 185.928 -41.998 1054.46
  vertex 213.93 -41.998 1056.5
 endloop
endfacet
facet normal 2.55973E-16 -1 0
 outer loop
  vertex 213.93 -41.998 1056.5
  vertex 185.928 -41.998 1054.46
  vertex 202.209 -41.998 1046.39
 endloop
endfacet
facet normal 2.55973E-16 -1 0
 outer loop
  vertex 216.425 -41.998 1035.79
  vertex 213.93 -41.998 1056.5
  vertex 202.209 -41.998 1046.39
 endloop
endfacet
facet normal 2.55973E-16 -1 0
 outer loop
  vertex 216.425 -41.998 1035.79
  vertex 277.682 -41.998 1045.93
  vertex 213.93 -41.998 1056.5
 endloop
endfacet
facet normal 2.55973E-16 -1 0
 outer loop
  vertex 216.425 -41.998 1035.79
  vertex 279.305 -41.998 1035.79
  vertex 277.682 -41.998 1045.93
 endloop
endfacet
facet normal 2.55973E-16 -1 0
 outer loop
  vertex 18.852 -41.998 1045.35
  vertex 21.6396 -41.998 1041.11
  vertex 46.2571 -41.998 1038.92
 endloop
endfacet
facet normal 2.55973E-16 -1 0
 outer loop
  vertex 46.2571 -41.998 1038.92
  vertex 21.6396 -41.998 1041.11
  vertex 22.5186 -41.998 1036.5
 endloop
endfacet
facet normal 2.55973E-16 -1 0
 outer loop
  vertex 22.5186 -41.998 1028.88
  vertex 46.2571 -41.998 1038.92
  vertex 22.5186 -41.998 1036.5
 endloop
endfacet
facet normal 2.55973E-16 -1 0
 outer loop
  vertex 149.781 -41.998 1064.31
  vertex 90.3713 -41.998 1067.27
  vertex 126.551 -41.998 1058.36
 endloop
endfacet
facet normal 2.55973E-16 -1 0
 outer loop
  vertex 90.3713 -41.998 1067.27
  vertex 49.7147 -41.998 1065.88
  vertex 46.2571 -41.998 1038.92
 endloop
endfacet
facet normal 2.55973E-16 -1 0
 outer loop
  vertex 49.7147 -41.998 1065.88
  vertex 9.24639 -41.998 1061.74
  vertex 18.852 -41.998 1045.35
 endloop
endfacet
facet normal 2.55973E-16 -1 0
 outer loop
  vertex -5.69368 -41.998 1036.46
  vertex -16.1377 -41.998 1009.02
  vertex -2.51849 -41.998 1003.77
 endloop
endfacet
facet normal 2.55973E-16 -1 0
 outer loop
  vertex -22.4699 -41.998 950.843
  vertex -18.1752 -41.998 921.794
  vertex -9.07196 -41.998 932.197
 endloop
endfacet
facet normal 2.55973E-16 -1 0
 outer loop
  vertex -18.1752 -41.998 921.794
  vertex -9.02403 -41.998 893.892
  vertex 0.191831 -41.998 915.183
 endloop
endfacet
facet normal 2.55973E-16 -1 0
 outer loop
  vertex -9.02403 -41.998 893.892
  vertex 4.71933 -41.998 867.943
  vertex 13.3798 -41.998 900.832
 endloop
endfacet
facet normal 2.55973E-16 -1 0
 outer loop
  vertex 4.71933 -41.998 867.943
  vertex 22.658 -41.998 844.695
  vertex 29.2197 -41.998 890.33
 endloop
endfacet
endsolid Link3
